av1_mv_mean,av1_mv_std,av1_mv_max,av1_mv_sparsity,av1_block_area_mean,av1_block_area_std,av1_fine_partition_frac,clip_path,true_label,car_predicted_label,car_correct,car_confidence,needs_sar
0.3282799262525296,1.0530098836439918,13.341664064126334,0.9097222222222222,637.8294573643411,886.7469345613601,0.1585917312661498,ApplyEyeMakeup/v_ApplyEyeMakeup_g01_c01.avi,0,0,1,1.0,0
0.6980379256853253,2.1946659685754923,31.378734837465963,0.8517441860465116,860.031007751938,1050.5965226013673,0.1589147286821705,ApplyEyeMakeup/v_ApplyEyeMakeup_g01_c02.avi,0,0,1,1.0,0
0.6480468248468941,3.6558300219691104,275.5358415887124,0.8361595607235142,1083.5968992248063,1518.0999830182454,0.2025193798449612,ApplyEyeMakeup/v_ApplyEyeMakeup_g01_c03.avi,0,0,1,1.0,0
0.5401100326750409,1.629055561320903,20.40833163195855,0.8489179586563308,687.3178294573644,815.5581907812142,0.1747416020671834,ApplyEyeMakeup/v_ApplyEyeMakeup_g01_c04.avi,0,0,1,0.9999269247055054,0
0.5009074367044642,1.2188189118314556,17.88854381999832,0.8345445736434108,1329.6744186046512,1581.9324614538405,0.1430878552971576,ApplyEyeMakeup/v_ApplyEyeMakeup_g01_c05.avi,0,0,1,1.0,0
0.6724507254894243,1.904355776358908,24.04163056034261,0.8372093023255814,1121.550387596899,1462.6998344160106,0.1585917312661498,ApplyEyeMakeup/v_ApplyEyeMakeup_g01_c06.avi,0,0,1,0.9999998807907104,0
2.2110651494880598,3.3650078486246158,31.78049716414141,0.4833656330749354,462.5736434108527,720.3940004570259,0.2018733850129199,ApplyEyeMakeup/v_ApplyEyeMakeup_g02_c01.avi,0,0,1,1.0,0
0.3207666037271134,0.6321676900728187,7.400380057807842,0.8893733850129198,602.7906976744187,888.6859009859114,0.1847545219638243,ApplyEyeMakeup/v_ApplyEyeMakeup_g02_c02.avi,0,0,1,1.0,0
0.5697877778798794,1.4117829050055988,13.795945962492024,0.8591731266149871,406.015503875969,441.2374773152626,0.2225452196382429,ApplyEyeMakeup/v_ApplyEyeMakeup_g02_c03.avi,0,0,1,1.0,0
0.3458805492634885,1.0549070552983282,13.152946437965904,0.8972060723514211,369.05426356589146,356.9974770300948,0.2897286821705426,ApplyEyeMakeup/v_ApplyEyeMakeup_g02_c04.avi,0,1,0,0.986753523349762,1
3.475502205365406,6.537008472947975,298.9916386790774,0.4383882428940568,547.1007751937984,883.724498836804,0.1763565891472868,ApplyEyeMakeup/v_ApplyEyeMakeup_g03_c01.avi,0,0,1,1.0,0
0.9590500183617104,2.359694867099817,224.89108474992955,0.666828165374677,513.0542635658915,762.1605388485723,0.1237080103359173,ApplyEyeMakeup/v_ApplyEyeMakeup_g03_c02.avi,0,0,1,1.0,0
1.2876518878502332,2.550282012497326,72.8118293960535,0.6780523255813954,519.8139534883721,769.7412206592838,0.1776485788113695,ApplyEyeMakeup/v_ApplyEyeMakeup_g03_c03.avi,0,0,1,1.0,0
1.150217590931027,2.1288323021081905,22.501736044136685,0.6987241602067183,444.6511627906977,670.7856859326504,0.1944444444444444,ApplyEyeMakeup/v_ApplyEyeMakeup_g03_c04.avi,0,0,1,1.0,0
1.5437697543042967,3.342769547657687,43.0,0.6298449612403101,474.5426356589147,767.6032466751503,0.2299741602067183,ApplyEyeMakeup/v_ApplyEyeMakeup_g03_c05.avi,0,0,1,1.0,0
3.7923929366805407,11.269637334175318,229.7520402520944,0.4206233850129199,612.031007751938,924.318612959474,0.2012273901808785,ApplyEyeMakeup/v_ApplyEyeMakeup_g03_c06.avi,0,0,1,0.9999995231628418,0
1.756610814486331,3.282051215894112,41.88227548737055,0.626453488372093,382.6976744186047,434.9577651180079,0.2548449612403101,ApplyEyeMakeup/v_ApplyEyeMakeup_g04_c01.avi,0,0,1,1.0,0
1.2686579733642915,2.0811242023216003,21.52106526173832,0.6487403100775194,526.9457364341085,775.7866756059384,0.2193152454780361,ApplyEyeMakeup/v_ApplyEyeMakeup_g04_c02.avi,0,0,1,1.0,0
0.1627612650164204,0.533936066670096,9.9443765515994,0.9517118863049095,769.1782945736434,801.0229743399045,0.1256459948320413,ApplyEyeMakeup/v_ApplyEyeMakeup_g04_c03.avi,0,0,1,0.8254068493843079,0
1.017682900472092,2.262159201002953,34.12934953965575,0.7089793281653747,586.2945736434109,856.6492901121347,0.2202842377260982,ApplyEyeMakeup/v_ApplyEyeMakeup_g04_c04.avi,0,0,1,1.0,0
0.8197581594647974,2.065040266727974,49.5,0.7895671834625323,497.48837209302326,643.0468308054848,0.2306201550387596,ApplyEyeMakeup/v_ApplyEyeMakeup_g04_c05.avi,0,0,1,0.9999998807907104,0
1.055529352498606,2.0553399143295867,16.050700919274522,0.7221414728682171,511.1937984496124,736.8214795150308,0.250968992248062,ApplyEyeMakeup/v_ApplyEyeMakeup_g04_c06.avi,0,0,1,1.0,0
1.7440024915678969,5.5913197370155805,89.0,0.752906976744186,390.4496124031008,563.1416438401457,0.2661498708010336,ApplyEyeMakeup/v_ApplyEyeMakeup_g04_c07.avi,0,0,1,1.0,0
0.5359054334606069,1.173601186700519,12.24808658525894,0.8302648578811369,848.4341085271318,1025.7793697602597,0.1831395348837209,ApplyEyeMakeup/v_ApplyEyeMakeup_g05_c01.avi,0,0,1,1.0,0
1.7592245694509363,6.527697748331208,115.03504900681357,0.7516149870801033,754.6666666666666,919.41974735951,0.2193152454780361,ApplyEyeMakeup/v_ApplyEyeMakeup_g05_c02.avi,0,0,1,1.0,0
0.6615869191374739,1.9781555528501276,61.032778078668514,0.787467700258398,1000.2480620155038,1178.5853300994806,0.1637596899224806,ApplyEyeMakeup/v_ApplyEyeMakeup_g05_c03.avi,0,0,1,1.0,0
0.8995009994219213,2.0779223988696893,56.1426753904728,0.7525839793281653,927.813953488372,1176.7774533398492,0.2167312661498708,ApplyEyeMakeup/v_ApplyEyeMakeup_g05_c04.avi,0,0,1,1.0,0
1.280816185102465,2.970476666734145,46.52855306153416,0.7088985788113695,1325.0232558139537,1486.3597093253295,0.171188630490956,ApplyEyeMakeup/v_ApplyEyeMakeup_g05_c05.avi,0,0,1,1.0,0
2.077872104368978,4.267291131849811,57.4543296888929,0.5928617571059431,836.7131782945736,1030.43405615784,0.2093023255813953,ApplyEyeMakeup/v_ApplyEyeMakeup_g05_c06.avi,0,0,1,1.0,0
1.09987827407503,3.3833959528633506,48.75080127546623,0.7613856589147286,1078.8217054263566,1304.744962750747,0.2196382428940568,ApplyEyeMakeup/v_ApplyEyeMakeup_g05_c07.avi,0,0,1,1.0,0
1.8314945112441852,5.711605412532489,249.79303933456592,0.6300064599483204,564.7131782945736,956.757113141712,0.2280361757105943,ApplyEyeMakeup/v_ApplyEyeMakeup_g06_c01.avi,0,0,1,1.0,0
1.7456634709145658,3.218014488536393,89.02246907382428,0.5674257105943152,577.6744186046511,1020.1483640600662,0.2367571059431524,ApplyEyeMakeup/v_ApplyEyeMakeup_g06_c02.avi,0,0,1,1.0,0
1.6701373113140665,3.279513677046164,32.035136959282696,0.6087693798449613,592.1860465116279,919.1105724865006,0.1572997416020672,ApplyEyeMakeup/v_ApplyEyeMakeup_g06_c03.avi,0,0,1,1.0,0
1.4954710465514935,2.843033672453076,31.304951684997057,0.648578811369509,675.4728682170543,1016.4976355419212,0.1821705426356589,ApplyEyeMakeup/v_ApplyEyeMakeup_g06_c04.avi,0,0,1,1.0,0
0.6225678982305966,0.8598104543949174,16.15549442140351,0.7850452196382429,599.6899224806201,807.0206071972879,0.0962532299741602,ApplyEyeMakeup/v_ApplyEyeMakeup_g06_c05.avi,0,0,1,1.0,0
1.960312179351128,3.398134477190721,24.03935575259869,0.5399709302325582,628.3410852713179,1014.5880478877384,0.1550387596899224,ApplyEyeMakeup/v_ApplyEyeMakeup_g06_c06.avi,0,0,1,1.0,0
0.732031932640782,1.5900953468157193,54.70831746635972,0.7866602067183462,534.6976744186046,637.7890419939928,0.1440568475452196,ApplyEyeMakeup/v_ApplyEyeMakeup_g06_c07.avi,0,0,1,1.0,0
0.9599682161037112,2.57986195124998,37.33630940518894,0.7941698966408268,355.0387596899225,492.1165237180023,0.2929586563307493,ApplyEyeMakeup/v_ApplyEyeMakeup_g07_c01.avi,0,0,1,0.9999884366989136,0
0.4800576770603185,1.290100678684856,22.0,0.8848514211886305,355.6589147286822,324.41375858864694,0.209625322997416,ApplyEyeMakeup/v_ApplyEyeMakeup_g07_c02.avi,0,0,1,0.999987006187439,0
2.3864367564036724,3.2953161810008864,32.0,0.4200581395348837,446.8837209302326,795.0125115090467,0.1854005167958656,ApplyEyeMakeup/v_ApplyEyeMakeup_g07_c03.avi,0,0,1,1.0,0
0.5966739152618477,1.9139161260752804,43.35031718453742,0.8359173126614987,417.5503875968992,710.5583017418544,0.2231912144702842,ApplyEyeMakeup/v_ApplyEyeMakeup_g07_c04.avi,0,0,1,1.0,0
1.6159890622560835,4.300244328432046,46.54852978344214,0.7068798449612403,428.031007751938,603.2273915035894,0.0949612403100775,ApplyEyeMakeup/v_ApplyEyeMakeup_g07_c05.avi,0,0,1,1.0,0
0.9879665373801888,2.2568393091594112,21.15013297830536,0.7531492248062015,489.9224806201551,764.7092127320407,0.1795865633074935,ApplyEyeMakeup/v_ApplyEyeMakeup_g07_c06.avi,0,0,1,1.0,0
0.6311308222145059,1.187318449502331,16.278820596099706,0.7847222222222222,385.6124031007752,607.3447140682367,0.229328165374677,ApplyEyeMakeup/v_ApplyEyeMakeup_g07_c07.avi,0,0,1,1.0,0
0.8792013359751544,1.8163404787921675,22.79151432002709,0.750484496124031,680.6201550387597,885.4826318888024,0.1553617571059431,ApplyLipstick/v_ApplyLipstick_g01_c01.avi,1,1,1,0.9999998807907104,0
0.5255822451689022,1.653959791003313,20.93442141545832,0.8811369509043928,940.341085271318,1025.099461962912,0.0985142118863049,ApplyLipstick/v_ApplyLipstick_g01_c02.avi,1,1,1,1.0,0
0.8496320406281875,2.0523536967913385,17.5,0.7949773901808785,842.6666666666666,1052.2750055657984,0.1382428940568475,ApplyLipstick/v_ApplyLipstick_g01_c03.avi,1,1,1,1.0,0
1.419136508104063,3.0798105010614285,23.443082668454675,0.7094638242894057,826.046511627907,1027.5579076872611,0.1550387596899224,ApplyLipstick/v_ApplyLipstick_g01_c04.avi,1,1,1,1.0,0
0.437781914925999,1.0221737338090078,13.56293202076896,0.8573158914728682,927.3178294573644,998.9372491135802,0.1004521963824289,ApplyLipstick/v_ApplyLipstick_g01_c05.avi,1,1,1,1.0,0
0.2759702172428507,0.7296525235692712,9.334077351297235,0.9180394056847544,1274.5426356589148,1280.1309950396758,0.0219638242894056,ApplyLipstick/v_ApplyLipstick_g02_c01.avi,1,1,1,1.0,0
0.5201517303669115,1.0436236239572094,10.671955069245747,0.846172480620155,941.3953488372092,957.8576419823293,0.0400516795865633,ApplyLipstick/v_ApplyLipstick_g02_c02.avi,1,1,1,1.0,0
0.4621742181654547,1.2009413686450183,16.492422502470642,0.8832364341085271,688.8062015503876,583.2407467278939,0.0662144702842377,ApplyLipstick/v_ApplyLipstick_g02_c03.avi,1,1,1,1.0,0
0.3271072499837272,0.7218757859234904,9.659839543180828,0.9041505167958656,1104.7441860465117,1075.0000560956885,0.026485788113695,ApplyLipstick/v_ApplyLipstick_g02_c04.avi,1,1,1,1.0,0
0.7106504813011407,1.874648038977302,24.65924015455464,0.8306686046511628,397.27131782945736,712.5892491572845,0.2900516795865633,ApplyLipstick/v_ApplyLipstick_g03_c01.avi,1,1,1,0.9999971389770508,0
0.952004883972004,3.021666224111152,101.41498903022176,0.8224321705426356,236.15503875968992,190.47221814601625,0.2816537467700258,ApplyLipstick/v_ApplyLipstick_g03_c02.avi,1,1,1,0.9931851029396056,0
1.0813932487845002,4.529589408682728,194.9410167204429,0.7764050387596899,356.8372093023256,555.7583936422732,0.3184754521963824,ApplyLipstick/v_ApplyLipstick_g03_c03.avi,1,1,1,0.9943874478340148,0
0.6541565131629599,2.2229805562996607,63.0317380372777,0.834625322997416,367.7519379844961,357.7569230421912,0.2965116279069767,ApplyLipstick/v_ApplyLipstick_g03_c04.avi,1,19,0,0.8561533093452454,1
1.09642973664329,1.7053507418401543,11.01135777277262,0.7092215762273901,521.6744186046511,773.962432864236,0.210594315245478,ApplyLipstick/v_ApplyLipstick_g04_c01.avi,1,1,1,0.981775403022766,0
1.4547086105608704,2.300361683078488,12.550522897473236,0.6047319121447028,505.7984496124031,773.5261392219476,0.2286821705426356,ApplyLipstick/v_ApplyLipstick_g04_c02.avi,1,1,1,1.0,0
1.7919282229045883,2.862485381623979,20.223748416156685,0.5185723514211886,507.968992248062,775.6285367013621,0.2432170542635658,ApplyLipstick/v_ApplyLipstick_g04_c03.avi,1,1,1,1.0,0
1.081295624214422,1.619347014594123,19.591531971747383,0.6555232558139535,467.72093023255815,686.5086027537809,0.2642118863049095,ApplyLipstick/v_ApplyLipstick_g04_c04.avi,1,1,1,1.0,0
0.9611574527389188,1.2744250198598157,16.31908392036759,0.6677971576227391,489.05426356589146,729.7159297567354,0.2280361757105943,ApplyLipstick/v_ApplyLipstick_g04_c05.avi,1,1,1,1.0,0
1.500304774458742,3.367189351167262,32.01562118716424,0.695171188630491,553.6124031007752,820.5163841084157,0.2470930232558139,ApplyLipstick/v_ApplyLipstick_g05_c01.avi,1,1,1,1.0,0
0.2643743142089229,0.6474458537715868,10.04987562112089,0.9312015503875968,554.9767441860465,645.8512136373528,0.1792635658914728,ApplyLipstick/v_ApplyLipstick_g05_c02.avi,1,1,1,0.8538017272949219,0
0.390861838188694,1.2139784171280248,14.0089257261219,0.9152939276485788,569.984496124031,815.3854083197191,0.1876614987080103,ApplyLipstick/v_ApplyLipstick_g05_c03.avi,1,1,1,1.0,0
1.5944074162940818,6.316268291368258,191.5880998392124,0.7276324289405685,469.3953488372093,586.9608813689687,0.2348191214470284,ApplyLipstick/v_ApplyLipstick_g05_c04.avi,1,1,1,0.9999920129776,0
1.1671039321157128,2.9394927580795613,30.99193443462347,0.750968992248062,466.85271317829455,533.3027573712426,0.2441860465116279,ApplyLipstick/v_ApplyLipstick_g05_c05.avi,1,1,1,0.9310404062271118,0
0.8404108635332072,2.6827899139388425,63.50049212407728,0.8269541343669251,503.6279069767442,539.8596296133994,0.2206072351421188,ApplyLipstick/v_ApplyLipstick_g06_c01.avi,1,1,1,1.0,0
0.7339613776561219,1.7208452185949397,19.849433241279208,0.8017603359173127,631.937984496124,695.8731033737678,0.1737726098191214,ApplyLipstick/v_ApplyLipstick_g06_c02.avi,1,1,1,1.0,0
0.4425120338671049,0.9847855341975278,10.5,0.8503714470284238,570.8527131782946,542.7228953133356,0.1624677002583979,ApplyLipstick/v_ApplyLipstick_g06_c03.avi,1,1,1,1.0,0
0.9470291617217036,2.4116002335592603,48.0,0.7657461240310077,474.4186046511628,468.9758377550521,0.2112403100775193,ApplyLipstick/v_ApplyLipstick_g06_c04.avi,1,1,1,1.0,0
0.6632469111166998,1.5683412372969228,25.0,0.7854489664082688,474.1705426356589,535.734518946818,0.2448320413436692,ApplyLipstick/v_ApplyLipstick_g06_c05.avi,1,1,1,1.0,0
0.4949788797548485,1.131808124345448,9.903440058888629,0.8431847545219638,782.8837209302326,1059.0141358676708,0.1033591731266149,ApplyLipstick/v_ApplyLipstick_g07_c01.avi,1,1,1,1.0,0
0.8192318667581538,4.637184042217664,218.76428524784387,0.7895671834625323,759.6279069767442,1088.0060923062974,0.0771963824289405,ApplyLipstick/v_ApplyLipstick_g07_c02.avi,1,1,1,1.0,0
0.6047908014168184,1.4191030654803447,16.75419723531987,0.8198481912144703,703.2558139534884,946.308275967125,0.1111111111111111,ApplyLipstick/v_ApplyLipstick_g07_c03.avi,1,1,1,1.0,0
0.7704761273996983,2.5687087911016944,25.59785147234041,0.8548934108527132,623.1937984496124,774.1711654730578,0.1379198966408268,ApplyLipstick/v_ApplyLipstick_g07_c04.avi,1,1,1,1.0,0
3.825349292819469,8.240924763039054,337.24916604789405,0.2843184754521964,280.1860465116279,205.3316382483841,0.1311369509043927,Archery/v_Archery_g01_c01.avi,2,2,1,1.0,0
1.5773451281311672,1.980025160753342,29.41008543000173,0.5335917312661499,236.093023255814,152.287337645449,0.2109173126614987,Archery/v_Archery_g01_c02.avi,2,2,1,0.9996843338012696,0
2.58175142439399,4.484071461595063,184.4129198293872,0.4585755813953488,247.13178294573643,172.40799725353853,0.1986434108527131,Archery/v_Archery_g01_c03.avi,2,2,1,1.0,0
1.3097324147498266,2.1219655537606195,42.7501827481474,0.6095768733850129,244.7751937984496,184.87293940903743,0.2328811369509044,Archery/v_Archery_g01_c04.avi,2,2,1,1.0,0
6.440245741316475,12.915172766299486,213.5210762430725,0.3791182170542636,265.3643410852713,169.10415752660515,0.1166020671834625,Archery/v_Archery_g01_c05.avi,2,2,1,0.8076176047325134,0
9.355181294816624,16.996677021337543,111.82156545139225,0.261062661498708,266.2325581395349,182.14086513992692,0.1379198966408268,Archery/v_Archery_g01_c06.avi,2,2,1,0.9685022830963136,0
1.0632321906538296,2.756928239054864,63.00793600809346,0.7218184754521964,241.6124031007752,216.44715093640912,0.3152454780361757,Archery/v_Archery_g01_c07.avi,2,2,1,1.0,0
0.83352810307556,4.356006854084773,182.693732787964,0.8693475452196382,216.9922480620155,192.78008904086835,0.3724160206718346,Archery/v_Archery_g02_c01.avi,2,2,1,1.0,0
0.6719133334045947,1.9041515701129308,26.50029480968089,0.8500484496124031,225.42635658914728,183.0632023360136,0.3142764857881137,Archery/v_Archery_g02_c02.avi,2,2,1,1.0,0
0.3767348654903184,1.198994372702359,20.248456731316587,0.9078649870801032,237.95348837209303,335.6835409982646,0.3575581395348837,Archery/v_Archery_g02_c03.avi,2,2,1,1.0,0
0.7048669525645919,1.91707462176772,21.762927192820364,0.8242086563307494,213.7674418604651,179.00874828684593,0.3594961240310077,Archery/v_Archery_g02_c04.avi,2,2,1,1.0,0
0.7221810033669891,3.479082646147963,133.8256795237745,0.8691860465116279,231.0077519379845,335.805787728101,0.3885658914728682,Archery/v_Archery_g02_c05.avi,2,2,1,1.0,0
0.711249115342775,2.4656515670587438,56.12764470383556,0.8478682170542635,281.73643410852713,573.3621434898579,0.3569121447028424,Archery/v_Archery_g02_c06.avi,2,2,1,1.0,0
0.4888756772345907,1.2895549351680609,16.81703005884214,0.8653100775193798,290.2325581395349,582.2255951013578,0.3798449612403101,Archery/v_Archery_g02_c07.avi,2,2,1,1.0,0
0.3810805482969153,0.6030381396028494,16.372614330032942,0.8425387596899225,498.3565891472868,772.3522692935779,0.2299741602067183,Archery/v_Archery_g03_c01.avi,2,2,1,0.9999997615814208,0
1.1323144539718666,1.2406881027407597,16.554833131143305,0.6231427648578811,588.7131782945736,957.5043076292964,0.2193152454780361,Archery/v_Archery_g03_c02.avi,2,2,1,1.0,0
5.859173751080934,7.623613538912547,48.25,0.2372416020671834,304.3720930232558,342.701512490186,0.1175710594315245,Archery/v_Archery_g03_c03.avi,2,2,1,0.9999998807907104,0
0.388915851678874,0.6667977037229186,11.180339887498947,0.8787952196382429,270.8837209302326,214.97833414927317,0.189922480620155,Archery/v_Archery_g03_c04.avi,2,2,1,1.0,0
7.637631623574485,14.41168785574479,318.875,0.3407622739018088,279.3178294573643,221.97988541097976,0.1731266149870801,Archery/v_Archery_g03_c05.avi,2,2,1,1.0,0
0.4216933400918001,1.5481002150820469,41.34043117820616,0.8930878552971576,398.5736434108527,505.420858865805,0.2406330749354005,Archery/v_Archery_g04_c01.avi,2,2,1,1.0,0
0.546575954720386,1.710091188813644,31.304951684997057,0.866359819121447,271.7519379844961,231.09459893955747,0.2254521963824289,Archery/v_Archery_g04_c02.avi,2,2,1,0.9999998807907104,0
0.7302268091572859,2.463483089601634,29.61418578992169,0.8501291989664083,368.5581395348837,421.2191222456264,0.2315891472868217,Archery/v_Archery_g04_c03.avi,2,2,1,0.9999961853027344,0
0.3998224905279316,1.5212814124782317,56.0,0.91109496124031,304.0,268.4529320834214,0.2034883720930232,Archery/v_Archery_g04_c04.avi,2,2,1,1.0,0
0.4621404277009756,1.4021849225565626,18.99012901483294,0.8768572351421189,305.7984496124031,451.8733337618388,0.2522609819121447,Archery/v_Archery_g04_c05.avi,2,2,1,0.9999996423721312,0
0.9670997774500726,2.7081234428259138,143.17821063276352,0.7818152454780362,401.3643410852713,662.8600462382572,0.2390180878552971,Archery/v_Archery_g05_c01.avi,2,2,1,0.9999961853027344,0
0.5014036344251038,1.5277498622715782,20.91948852147203,0.8717700258397932,496.62015503875966,597.4454039965201,0.2558139534883721,Archery/v_Archery_g05_c02.avi,2,2,1,0.9999985694885254,0
0.4568576226579262,1.431853755781496,34.46034859080796,0.8710432816537468,429.3953488372093,521.2527905021456,0.2532299741602067,Archery/v_Archery_g05_c03.avi,2,2,1,0.9999961853027344,0
2.4999188995298693,8.18443213530388,196.468827043885,0.7755975452196382,397.7674418604651,500.8326479629187,0.2177002583979328,Archery/v_Archery_g05_c04.avi,2,2,1,0.999128520488739,0
0.575691491189472,2.3196798874334488,109.07795377618706,0.8758882428940569,440.7441860465116,457.7097736391507,0.2212532299741602,Archery/v_Archery_g05_c05.avi,2,2,1,0.9995530247688292,0
0.7578995833677927,3.794934111949427,127.4244874425634,0.90859173126615,251.2248062015504,173.73887741143966,0.1837855297157622,Archery/v_Archery_g06_c01.avi,2,2,1,0.9999979734420776,0
0.7406155374627884,1.7097699873562475,21.23124172063424,0.8187984496124031,233.3023255813953,161.21335493235404,0.2383720930232558,Archery/v_Archery_g06_c02.avi,2,2,1,1.0,0
0.5650627568453439,2.921308667074246,119.3649864910142,0.9486434108527132,241.67441860465115,181.0773599206283,0.2386950904392764,Archery/v_Archery_g06_c03.avi,2,55,0,0.5409965515136719,1
2.446382497667119,2.7946414790324927,37.48770631820517,0.3672480620155038,258.2325581395349,165.6160925235173,0.1395348837209302,Archery/v_Archery_g06_c04.avi,2,2,1,0.7975578308105469,0
0.9147588954861816,1.5971794299056243,19.268254331931576,0.7854489664082688,251.72093023255812,177.54793988462438,0.188953488372093,Archery/v_Archery_g06_c05.avi,2,2,1,0.9770190119743348,0
1.0754328487967644,1.657604900098811,35.510781813415484,0.6730458656330749,236.27906976744185,149.03196560210728,0.2047803617571059,Archery/v_Archery_g06_c06.avi,2,2,1,0.9999696016311646,0
0.3371116068118626,1.1520342400638397,20.50609665440988,0.9160206718346252,533.7674418604652,531.2341417478476,0.1308139534883721,Archery/v_Archery_g07_c01.avi,2,2,1,1.0,0
0.4205026392816583,1.6655897359067164,36.964721356991184,0.9241763565891472,748.4651162790698,911.3303168761284,0.1314599483204134,Archery/v_Archery_g07_c02.avi,2,2,1,0.9999998807907104,0
0.1998708701491147,0.7914298695290448,23.01222501193659,0.9548611111111112,791.4418604651163,935.8058162298212,0.1065891472868217,Archery/v_Archery_g07_c03.avi,2,2,1,0.999994158744812,0
0.1926160274569522,0.7501999038031896,16.74533517132458,0.9526001291989664,727.5658914728682,977.9410410484064,0.1304909560723514,Archery/v_Archery_g07_c04.avi,2,2,1,1.0,0
0.1858619330530412,1.0137574965538734,34.0,0.9632590439276486,859.8449612403101,920.7471725766766,0.0927002583979328,Archery/v_Archery_g07_c05.avi,2,2,1,0.9999995231628418,0
0.5784664675573027,2.310993774422075,53.48831648126533,0.8943798449612403,498.3565891472868,466.27233281426425,0.1576227390180878,Archery/v_Archery_g07_c06.avi,2,2,1,0.9999996423721312,0
0.8782665511189965,2.132022144343504,43.5,0.7951388888888888,543.3178294573644,589.3841482244279,0.1430878552971576,BabyCrawling/v_BabyCrawling_g01_c01.avi,3,3,1,1.0,0
1.0207435822362807,1.8813070959980571,30.0,0.7176195090439277,493.1472868217055,527.3153168862736,0.1640826873385013,BabyCrawling/v_BabyCrawling_g01_c02.avi,3,3,1,0.9999964237213136,0
2.222732676153955,6.145981260263012,88.0,0.5712209302325582,394.7286821705426,354.0349860506384,0.2063953488372093,BabyCrawling/v_BabyCrawling_g01_c03.avi,3,3,1,1.0,0
2.080819271744447,12.086238782289673,332.0000941264927,0.6153100775193798,432.8062015503876,447.3032732454731,0.1876614987080103,BabyCrawling/v_BabyCrawling_g01_c04.avi,3,3,1,1.0,0
1.1284951459862531,1.7515261598921377,12.17579566188592,0.6316214470284238,687.8139534883721,948.501664335472,0.1243540051679586,BabyCrawling/v_BabyCrawling_g02_c01.avi,3,3,1,1.0,0
0.8094577371711653,0.8924374692531786,15.0,0.6737726098191215,505.86046511627904,722.2318632204941,0.1430878552971576,BabyCrawling/v_BabyCrawling_g02_c02.avi,3,3,1,1.0,0
1.1646978303733997,1.7159648208546048,22.14158982548453,0.6187015503875969,477.1472868217055,875.3136943849959,0.1931524547803617,BabyCrawling/v_BabyCrawling_g02_c03.avi,3,3,1,1.0,0
3.839042040498413,5.901255173673073,204.84460573810577,0.292312661498708,401.3643410852713,740.2533814890419,0.1666666666666666,BabyCrawling/v_BabyCrawling_g02_c04.avi,3,3,1,1.0,0
0.7139613553554215,1.0676907035981935,17.376798468072305,0.739906330749354,564.8992248062016,683.0656368629335,0.108204134366925,BabyCrawling/v_BabyCrawling_g02_c05.avi,3,3,1,1.0,0
0.6405098677869264,1.3260062066685498,39.76984567483258,0.8023255813953488,558.8837209302326,812.1231780011083,0.1679586563307493,BabyCrawling/v_BabyCrawling_g02_c06.avi,3,3,1,1.0,0
4.069753860094291,4.82818866588296,40.34615842927304,0.1395348837209302,243.968992248062,161.91757583443717,0.1931524547803617,BabyCrawling/v_BabyCrawling_g03_c01.avi,3,3,1,1.0,0
3.411459636184522,7.342830297861544,75.7099729229908,0.4135981912144703,219.1627906976744,121.51159007454623,0.2409560723514212,BabyCrawling/v_BabyCrawling_g03_c02.avi,3,3,1,0.9999983310699464,0
7.001814472841005,8.015197425002555,168.0029761641144,0.1802325581395348,257.6124031007752,150.16395742563856,0.1156330749354005,BabyCrawling/v_BabyCrawling_g03_c03.avi,3,3,1,0.999460756778717,0
1.8414868231213797,3.543779535966808,116.6032937999609,0.2874677002583979,281.92248062015506,315.9853203440253,0.1065891472868217,BabyCrawling/v_BabyCrawling_g03_c04.avi,3,3,1,0.9999986886978148,0
1.6093642747050052,2.7380384192446887,18.11249568667996,0.6622254521963824,544.062015503876,590.9179267496268,0.1521317829457364,BabyCrawling/v_BabyCrawling_g04_c01.avi,3,3,1,1.0,0
1.204509835659376,2.000287935911329,28.57118303465924,0.617328811369509,493.3953488372093,624.357013982064,0.1085271317829457,BabyCrawling/v_BabyCrawling_g04_c02.avi,3,3,1,1.0,0
1.0943057279544333,1.3888286438680588,12.300914600142544,0.6241925064599483,443.0387596899225,576.2266511854915,0.2196382428940568,BabyCrawling/v_BabyCrawling_g04_c03.avi,3,3,1,1.0,0
2.4465960785741485,4.918956060721045,42.76461738400099,0.6365471576227391,602.1085271317829,923.965042127988,0.2012273901808785,BabyCrawling/v_BabyCrawling_g04_c04.avi,3,3,1,1.0,0
1.0090808563751614,2.222308109641775,49.24428900898052,0.6821705426356589,340.71317829457365,321.69413933688145,0.2474160206718346,BabyCrawling/v_BabyCrawling_g05_c01.avi,3,3,1,1.0,0
2.313394502811064,3.854300296741852,44.0,0.448562661498708,335.0077519379845,309.4397161393533,0.2241602067183462,BabyCrawling/v_BabyCrawling_g05_c02.avi,3,3,1,1.0,0
0.9617643262302203,1.5708596763802596,15.811388300841896,0.7047803617571059,416.7441860465116,439.43918239539977,0.1873385012919896,BabyCrawling/v_BabyCrawling_g05_c03.avi,3,3,1,1.0,0
1.128156352536847,2.111076000041611,34.99464244709467,0.6577842377260982,355.6589147286822,340.179991029009,0.2664728682170542,BabyCrawling/v_BabyCrawling_g05_c04.avi,3,3,1,0.9999994039535522,0
2.116980324305666,3.598980487195853,63.63961030678928,0.5453003875968992,313.48837209302326,295.940941004225,0.2535529715762274,BabyCrawling/v_BabyCrawling_g05_c05.avi,3,3,1,1.0,0
0.5003745219880137,0.9097260335528604,18.702021949511234,0.8032138242894057,266.8527131782945,321.7645896844605,0.1863695090439276,BabyCrawling/v_BabyCrawling_g06_c01.avi,3,3,1,1.0,0
0.2873726036354971,0.7464045000212537,17.329526825623372,0.9198966408268734,435.5348837209302,868.0144503361844,0.2070413436692506,BabyCrawling/v_BabyCrawling_g06_c02.avi,3,3,1,1.0,0
2.900564105622773,5.189207911554586,135.36986370680884,0.6578649870801033,851.8449612403101,1398.8324170542169,0.1369509043927648,BabyCrawling/v_BabyCrawling_g06_c03.avi,3,3,1,1.0,0
1.080141542453381,1.6729163129912523,12.041594578792296,0.656734496124031,259.5968992248062,171.17838374091696,0.1440568475452196,BabyCrawling/v_BabyCrawling_g06_c04.avi,3,3,1,1.0,0
2.157681520857276,3.1463529727548747,17.16509903845591,0.5957687338501292,684.9612403100775,1230.722258500046,0.1521317829457364,BabyCrawling/v_BabyCrawling_g06_c05.avi,3,3,1,1.0,0
0.6438278401263671,1.5043859841090987,27.69137952504353,0.8044250645994832,406.7596899224806,829.7369039930464,0.2535529715762274,BabyCrawling/v_BabyCrawling_g06_c06.avi,3,3,1,1.0,0
3.010527271505438,5.215347286379678,77.65035817689446,0.5020187338501292,509.2093023255814,774.1486113606393,0.2290051679586563,BabyCrawling/v_BabyCrawling_g07_c01.avi,3,3,1,1.0,0
1.8183785970370951,2.172154230637091,20.223748416156685,0.464470284237726,530.6666666666666,775.0918258511647,0.2089793281653746,BabyCrawling/v_BabyCrawling_g07_c02.avi,3,3,1,1.0,0
0.6875003541654492,1.3712030311687853,31.25699921617557,0.8154877260981912,493.0232558139535,684.5843243411185,0.2060723514211886,BabyCrawling/v_BabyCrawling_g07_c03.avi,3,3,1,1.0,0
1.1516171561176938,2.2785178779875834,23.88677719994893,0.7285206718346253,434.3565891472868,676.471210917929,0.2583979328165374,BabyCrawling/v_BabyCrawling_g07_c04.avi,3,3,1,1.0,0
0.6773742969699363,2.7772417730960246,114.06138698087096,0.8210594315245479,439.50387596899225,631.1286324990895,0.2561369509043927,BabyCrawling/v_BabyCrawling_g07_c05.avi,3,3,1,0.998120129108429,0
0.675596145889789,3.14682310900648,160.0124995117569,0.7980458656330749,395.0387596899225,445.04584561507465,0.2693798449612403,BabyCrawling/v_BabyCrawling_g07_c06.avi,3,3,1,1.0,0
0.1255460262478151,0.2671313871730934,5.273755777432247,0.9877260981912144,427.968992248062,373.29739454616265,0.1999354005167958,BalanceBeam/v_BalanceBeam_g01_c01.avi,4,4,1,0.9991876482963562,0
0.0663670602972694,0.1728468614120749,5.167506652148597,0.9983042635658916,543.3798449612403,586.1022901145288,0.1220930232558139,BalanceBeam/v_BalanceBeam_g01_c02.avi,4,4,1,0.9999408721923828,0
0.1254621143985871,1.0108456703036794,85.09406559801923,0.991440568475452,895.2558139534884,1256.0169620581664,0.1744186046511628,BalanceBeam/v_BalanceBeam_g01_c03.avi,4,4,1,0.999991536140442,0
0.5539913850944782,1.931343274263982,189.8000592729096,0.8474644702842378,436.8372093023256,828.712897523892,0.1731266149870801,BalanceBeam/v_BalanceBeam_g01_c04.avi,4,4,1,1.0,0
5.185004970896906,15.631687749586714,190.0,0.4350775193798449,495.50387596899225,627.0359474881334,0.1233850129198966,BalanceBeam/v_BalanceBeam_g02_c01.avi,4,4,1,1.0,0
0.5683806744621562,1.5012242406891445,10.90011467829582,0.8982558139534884,380.9612403100775,435.5691705959633,0.2625968992248062,BalanceBeam/v_BalanceBeam_g02_c02.avi,4,4,1,1.0,0
7.591655030900503,15.3481594234826,135.02314616390777,0.4423449612403101,479.8759689922481,878.6673401770596,0.2202842377260982,BalanceBeam/v_BalanceBeam_g02_c03.avi,4,4,1,1.0,0
0.689379527093905,0.9726065102314424,17.5,0.7728520671834626,446.3255813953488,757.0126023014852,0.1973514211886305,BalanceBeam/v_BalanceBeam_g02_c04.avi,4,4,1,1.0,0
0.0960520272057831,0.263783230044547,3.627154532136727,0.9882913436692506,320.93023255813955,339.1292128960299,0.3762919896640826,BalanceBeam/v_BalanceBeam_g03_c01.avi,4,4,1,1.0,0
0.4073373602244101,1.1737416967758674,19.275956526201234,0.898578811369509,547.5968992248062,587.9981743284931,0.1298449612403101,BalanceBeam/v_BalanceBeam_g03_c02.avi,4,4,1,1.0,0
0.111938223972135,0.5685759753375256,16.0312195418814,0.9867571059431524,452.15503875968994,454.1970075852736,0.1799095607235142,BalanceBeam/v_BalanceBeam_g03_c03.avi,4,4,1,1.0,0
0.3873156493794761,1.3225370122274525,32.311955991552104,0.912467700258398,297.2403100775194,306.1595261123868,0.3459302325581395,BalanceBeam/v_BalanceBeam_g03_c04.avi,4,4,1,1.0,0
0.8759249642223463,1.972257034488217,23.0,0.7915051679586563,602.1705426356589,877.4003896645057,0.0768733850129198,BalanceBeam/v_BalanceBeam_g04_c01.avi,4,4,1,1.0,0
0.1939027545339121,0.5667463124157709,16.0,0.9756136950904392,353.05426356589146,314.4430368318792,0.1831395348837209,BalanceBeam/v_BalanceBeam_g04_c02.avi,4,4,1,0.9999536275863647,0
0.3123247015701775,0.5108624203952031,8.0,0.9079457364341084,377.4263565891473,342.3576437069209,0.2099483204134367,BalanceBeam/v_BalanceBeam_g04_c03.avi,4,4,1,0.9999996423721312,0
2.0313264405555174,7.332261967129243,191.21192431435855,0.5854328165374677,337.1782945736434,275.56730630477244,0.1094961240310077,BalanceBeam/v_BalanceBeam_g04_c04.avi,4,4,1,0.9999340772628784,0
7.213702545754941,13.27133564143642,113.6001760562016,0.3954295865633075,369.1162790697674,301.6387188537574,0.0917312661498708,BalanceBeam/v_BalanceBeam_g05_c01.avi,4,4,1,1.0,0
1.9144401871769596,5.376592636465147,39.45883931389772,0.6513242894056848,592.062015503876,850.9610413106442,0.1644056847545219,BalanceBeam/v_BalanceBeam_g05_c02.avi,4,4,1,1.0,0
0.0598202730106284,0.3079689981150423,11.50271707032734,0.9878875968992248,389.4573643410853,337.24977534892184,0.1576227390180878,BalanceBeam/v_BalanceBeam_g05_c03.avi,4,4,1,1.0,0
0.5110879269437162,1.1588232234120386,16.0,0.8666020671834626,354.9767441860465,332.4329964573098,0.2403100775193798,BalanceBeam/v_BalanceBeam_g05_c04.avi,4,4,1,1.0,0
0.0499089594892342,0.2306286202430962,12.50062498437578,0.9920058139534884,493.7674418604651,586.3877928394573,0.1892764857881137,BalanceBeam/v_BalanceBeam_g06_c01.avi,4,4,1,0.9982742071151732,0
0.4641392508120103,0.9357374161550968,13.45362404707371,0.8928456072351422,404.3410852713178,368.42713028155833,0.2377260981912144,BalanceBeam/v_BalanceBeam_g06_c02.avi,4,4,1,0.9999997615814208,0
0.1153877369375617,0.3570518837195205,10.04987562112089,0.9798934108527132,401.30232558139534,375.215134251453,0.2729328165374677,BalanceBeam/v_BalanceBeam_g06_c03.avi,4,4,1,1.0,0
0.1748710732222395,0.5155156235788096,12.837932076467768,0.9223191214470284,401.1162790697674,375.65181858305885,0.2751937984496124,BalanceBeam/v_BalanceBeam_g06_c04.avi,4,4,1,1.0,0
0.5258195054637562,1.267319707144062,101.01980003939822,0.8481104651162791,443.4728682170543,455.7636759699415,0.2057493540051679,BalanceBeam/v_BalanceBeam_g06_c05.avi,4,4,1,1.0,0
0.1369222596721885,0.4325389790728379,7.5,0.9230458656330748,467.6589147286822,367.20711043689136,0.0927002583979328,BalanceBeam/v_BalanceBeam_g06_c06.avi,4,4,1,1.0,0
0.085292441404033,0.2109189348193011,2.3048861143232218,0.9924903100775194,462.5736434108527,367.2171648044732,0.1023901808785529,BalanceBeam/v_BalanceBeam_g06_c07.avi,4,4,1,0.9999756813049316,0
5.831454765215939,12.8126019602461,115.35163631262454,0.4375,391.6279069767442,320.1509108730265,0.0907622739018087,BalanceBeam/v_BalanceBeam_g07_c01.avi,4,4,1,1.0,0
0.2103537541574895,0.6117813838531639,10.684392823179053,0.9506621447028424,645.7674418604652,854.8713717254669,0.1883074935400517,BalanceBeam/v_BalanceBeam_g07_c02.avi,4,4,1,1.0,0
0.6323149703644868,0.9735890635368792,15.340408240982375,0.7927971576227391,312.31007751937983,237.7118899248035,0.0891472868217054,BalanceBeam/v_BalanceBeam_g07_c03.avi,4,4,1,0.9999990463256836,0
5.326289294336038,11.02434617140398,172.0,0.3584463824289405,386.4806201550388,645.7983833597008,0.1576227390180878,BalanceBeam/v_BalanceBeam_g07_c04.avi,4,4,1,1.0,0
1.3566224857471458,7.0039269271346605,204.15680248279756,0.7805232558139535,238.2015503875969,296.8439513792803,0.5539405684754521,BandMarching/v_BandMarching_g01_c01.avi,5,5,1,1.0,0
2.7250032627187646,6.649620488698674,187.52333188166213,0.6118378552971576,301.27131782945736,253.9891883171098,0.1724806201550387,BandMarching/v_BandMarching_g01_c02.avi,5,5,1,1.0,0
0.7126322321499433,1.8598282202024965,24.28090813787656,0.8243701550387597,261.82945736434107,191.60101163458265,0.1750645994832041,BandMarching/v_BandMarching_g01_c03.avi,5,5,1,1.0,0
1.346988293378764,1.8172513600502735,33.0,0.6254037467700259,509.27131782945736,833.0920061600164,0.0813953488372093,BandMarching/v_BandMarching_g01_c04.avi,5,5,1,0.9999854564666748,0
1.2553455461254064,1.5349256468729688,11.036870027322058,0.6025516795865633,255.4418604651163,115.9425082721848,0.0752583979328165,BandMarching/v_BandMarching_g01_c05.avi,5,5,1,0.9999985694885254,0
1.019112770320152,1.5081197565879256,12.0,0.7392603359173127,282.04651162790697,182.68971706253583,0.0762273901808785,BandMarching/v_BandMarching_g01_c06.avi,5,5,1,1.0,0
1.2029439346060655,1.7668541384179048,16.930002953337013,0.6876614987080103,328.06201550387595,267.3278552650077,0.1156330749354005,BandMarching/v_BandMarching_g01_c07.avi,5,5,1,0.9999998807907104,0
2.3944754413814584,6.418593201860255,90.79647570252934,0.6489018087855297,622.6356589147287,1142.2568707293651,0.3268733850129199,BandMarching/v_BandMarching_g02_c01.avi,5,5,1,1.0,0
2.3944754413814584,6.418593201860255,90.79647570252934,0.6489018087855297,622.6356589147287,1142.2568707293651,0.3268733850129199,BandMarching/v_BandMarching_g02_c02.avi,5,5,1,1.0,0
0.9811189010772212,2.1999968519279647,24.520399670478454,0.7274709302325582,268.8992248062016,331.2986859341954,0.2118863049095607,BandMarching/v_BandMarching_g02_c03.avi,5,5,1,1.0,0
1.4747859454220182,2.5686608805695816,62.12889826803627,0.5631459948320413,298.9767441860465,568.5919568659546,0.2619509043927648,BandMarching/v_BandMarching_g02_c04.avi,5,5,1,1.0,0
6.030144782935763,10.90451770792528,169.57889019568444,0.4597868217054263,301.8914728682171,520.6150393809361,0.2984496124031007,BandMarching/v_BandMarching_g02_c05.avi,5,5,1,1.0,0
5.320641814004823,11.184706257421738,224.03138730990352,0.5432816537467701,450.7286821705426,950.6231962614612,0.3281653746770026,BandMarching/v_BandMarching_g02_c06.avi,5,5,1,1.0,0
2.8359601054886223,7.749267442082966,284.0422503783548,0.6749031007751938,250.1705426356589,352.762742236986,0.3688630490956072,BandMarching/v_BandMarching_g02_c07.avi,5,5,1,1.0,0
0.8231484372080077,1.830252620212368,44.27188724235731,0.7713985788113695,620.1550387596899,960.3157624239446,0.2364341085271318,BandMarching/v_BandMarching_g03_c01.avi,5,5,1,1.0,0
1.5319934204442336,3.327766079012239,115.2128465059344,0.6037629198966409,399.50387596899225,354.87165763953254,0.1970284237726098,BandMarching/v_BandMarching_g03_c02.avi,5,5,1,0.9999998807907104,0
1.7605610914193903,6.343711212560868,185.95597597280923,0.6011789405684754,347.5348837209302,322.60014481442624,0.2286821705426356,BandMarching/v_BandMarching_g03_c03.avi,5,5,1,0.9992401599884032,0
2.7062241286405198,3.9975765554372193,72.25010813140698,0.388485142118863,462.13953488372096,710.2572603492719,0.1240310077519379,BandMarching/v_BandMarching_g03_c04.avi,5,5,1,1.0,0
1.6573543018350756,2.501911209911564,48.0,0.4819928940568475,518.015503875969,718.6078054503746,0.0978682170542635,BandMarching/v_BandMarching_g03_c05.avi,5,5,1,1.0,0
2.395011416809582,16.08896123916311,383.0,0.7331233850129198,367.0077519379845,305.8272425168969,0.1117571059431524,BandMarching/v_BandMarching_g03_c06.avi,5,5,1,1.0,0
0.8612164630982349,1.6794760070170491,18.43908891458577,0.7567829457364341,384.31007751937983,314.9050256343354,0.0927002583979328,BandMarching/v_BandMarching_g03_c07.avi,5,5,1,1.0,0
0.4830865219368248,1.6460194122364675,52.009614495783374,0.8808139534883721,340.5891472868217,287.35979695405274,0.1343669250645995,BandMarching/v_BandMarching_g04_c01.avi,5,5,1,0.9999998807907104,0
0.5794635175235415,1.4430467155583226,23.194827009486403,0.8630490956072352,361.9224806201551,296.22832207091085,0.0956072351421188,BandMarching/v_BandMarching_g04_c02.avi,5,5,1,1.0,0
0.7078410252236936,1.9836961694605584,36.69213130904227,0.8358365633074936,378.4806201550388,311.80403060318287,0.0985142118863049,BandMarching/v_BandMarching_g04_c03.avi,5,5,1,1.0,0
0.7054540995304375,1.3209673650491225,17.11724276862369,0.7781007751937985,353.86046511627904,291.9360858209119,0.1065891472868217,BandMarching/v_BandMarching_g04_c04.avi,5,5,1,1.0,0
2.8277490005612678,8.753904729612472,247.8225171367606,0.4326550387596899,233.05426356589143,127.52384243269472,0.1866925064599483,BandMarching/v_BandMarching_g05_c01.avi,5,5,1,1.0,0
1.3931198926133983,1.9316877298461483,24.28090813787656,0.6125645994832042,290.5426356589147,211.10499271604743,0.104328165374677,BandMarching/v_BandMarching_g05_c02.avi,5,5,1,1.0,0
4.01187414829243,11.78895550559168,324.5015408283911,0.3525516795865633,240.31007751937983,141.11108376190407,0.1747416020671834,BandMarching/v_BandMarching_g05_c03.avi,5,5,1,1.0,0
1.5250807672958149,2.3851953515446,21.767593459085,0.5780846253229974,247.62790697674416,140.12835034366833,0.1417958656330749,BandMarching/v_BandMarching_g05_c04.avi,5,5,1,1.0,0
4.375638748851954,7.95747851702385,340.03529228596256,0.294735142118863,268.4651162790698,178.1668082832032,0.1211240310077519,BandMarching/v_BandMarching_g05_c05.avi,5,5,1,1.0,0
1.7866023402575115,4.310145291646474,159.65587994182988,0.6320251937984496,252.031007751938,159.72728395634135,0.1550387596899224,BandMarching/v_BandMarching_g05_c06.avi,5,5,1,1.0,0
3.03058057678996,11.026406561390246,326.2177187094533,0.495235788113695,241.4883720930233,153.40118735979988,0.1892764857881137,BandMarching/v_BandMarching_g05_c07.avi,5,5,1,1.0,0
6.021750050017777,10.298397101572528,258.889606058258,0.2733365633074935,239.4418604651163,124.60492026673028,0.1547157622739018,BandMarching/v_BandMarching_g06_c01.avi,5,5,1,1.0,0
1.2995724894549037,2.4626915737462323,77.92945527847606,0.6656976744186046,294.8837209302326,223.78781575228336,0.1178940568475452,BandMarching/v_BandMarching_g06_c02.avi,5,5,1,1.0,0
1.6300944546795495,2.5721804427213,25.26979422156025,0.6039244186046512,323.0387596899225,265.08434822897595,0.1262919896640827,BandMarching/v_BandMarching_g06_c03.avi,5,5,1,0.9999533891677856,0
1.4410214138134476,3.573320640332488,252.5,0.6455103359173127,301.4573643410853,222.9198419480388,0.0914082687338501,BandMarching/v_BandMarching_g06_c04.avi,5,5,1,0.9999533891677856,0
2.6873722548597194,6.527607071654527,179.97812367062838,0.4886950904392765,269.82945736434107,182.6217391149804,0.1243540051679586,BandMarching/v_BandMarching_g07_c01.avi,5,5,1,1.0,0
3.853821826712582,6.89446530889386,101.68310147217188,0.4184431524547803,245.7674418604651,125.18801436226856,0.1282299741602067,BandMarching/v_BandMarching_g07_c02.avi,5,5,1,1.0,0
6.095378048041221,10.481537391571491,274.18242102658587,0.2301356589147286,228.5891472868217,96.30326875107149,0.1686046511627907,BandMarching/v_BandMarching_g07_c03.avi,5,5,1,1.0,0
7.235784426778361,12.28618680021996,152.274833771047,0.3098352713178294,239.68992248062017,154.3431090939929,0.1986434108527131,BandMarching/v_BandMarching_g07_c04.avi,5,5,1,1.0,0
5.406121939349076,12.177414447737238,253.59662852648492,0.3807332041343669,226.2325581395349,107.22478826762644,0.1912144702842377,BandMarching/v_BandMarching_g07_c05.avi,5,5,1,1.0,0
6.731631846738545,14.72675678311913,216.152868359409,0.5041182170542635,244.52713178294573,183.045302035315,0.230297157622739,BandMarching/v_BandMarching_g07_c06.avi,5,5,1,1.0,0
6.731631846738545,14.72675678311913,216.152868359409,0.5041182170542635,244.52713178294573,183.045302035315,0.230297157622739,BandMarching/v_BandMarching_g07_c07.avi,5,5,1,1.0,0
1.2975022300657275,2.072927550679925,15.685383323336412,0.6443798449612403,434.04651162790697,746.7019564660031,0.1398578811369509,BaseballPitch/v_BaseballPitch_g01_c01.avi,6,83,0,0.9999969005584716,1
0.8655837154539112,1.4030186402229183,25.444179098567908,0.6439760981912145,444.9612403100775,786.5225633659426,0.1166020671834625,BaseballPitch/v_BaseballPitch_g01_c02.avi,6,83,0,0.9999947547912598,1
0.025393326494411,0.1535413245236386,3.259601202601325,0.99047157622739,301.8914728682171,436.246165489202,0.1912144702842377,BaseballPitch/v_BaseballPitch_g01_c03.avi,6,2,0,0.7847767472267151,1
1.7165511594796965,2.213607889169963,18.110770276274835,0.4964470284237726,343.50387596899225,532.1828694857851,0.2212532299741602,BaseballPitch/v_BaseballPitch_g01_c04.avi,6,83,0,0.8813384175300598,1
0.0170505263782616,0.1143661059115031,2.0615528128088303,0.9949935400516796,272.5581395348837,207.8990477651472,0.1669896640826873,BaseballPitch/v_BaseballPitch_g01_c05.avi,6,2,0,0.9998067021369934,1
0.0176610151908948,0.1424536858384662,4.7762432936357,0.9945897932816538,283.84496124031006,244.14122389160963,0.21156330749354,BaseballPitch/v_BaseballPitch_g01_c06.avi,6,2,0,0.999826729297638,1
3.4819791331442214,3.514465868276577,26.010815058356016,0.2879521963824289,335.50387596899225,499.8934479339597,0.0665374677002584,BaseballPitch/v_BaseballPitch_g02_c01.avi,6,6,1,1.0,0
1.451873063564578,2.183585921904354,62.00806399170998,0.4931363049095607,273.3643410852713,409.664486240364,0.1782945736434108,BaseballPitch/v_BaseballPitch_g02_c02.avi,6,6,1,0.9999998807907104,0
3.1934336355709747,3.921806616709129,188.0026595556563,0.4241763565891472,335.7519379844961,569.3029605981833,0.1375968992248062,BaseballPitch/v_BaseballPitch_g02_c03.avi,6,6,1,0.999996781349182,0
3.224730526983856,4.070921311502632,26.627053911388696,0.3682978036175711,439.3178294573643,822.8308291520442,0.1149870801033591,BaseballPitch/v_BaseballPitch_g02_c04.avi,6,6,1,0.9999998807907104,0
1.3823381758359083,1.606334482211284,22.32886304763411,0.428375322997416,275.4108527131783,273.3505462268709,0.3265503875968992,BaseballPitch/v_BaseballPitch_g03_c01.avi,6,6,1,1.0,0
0.8404889624997258,2.0557012968431216,21.213203435596427,0.7798772609819121,376.8062015503876,598.3301579780488,0.1950904392764857,BaseballPitch/v_BaseballPitch_g03_c02.avi,6,6,1,0.9987972974777222,0
0.8264862470792006,1.8289820083966952,18.06801386428514,0.7833494832041343,531.7829457364342,853.4024647497423,0.2380490956072351,BaseballPitch/v_BaseballPitch_g03_c03.avi,6,6,1,0.6073002219200134,0
0.2710050685475537,0.4643408707816425,12.0,0.9614825581395348,243.10077519379848,192.55812954848997,0.2558139534883721,BaseballPitch/v_BaseballPitch_g03_c04.avi,6,6,1,1.0,0
0.3637515433811086,0.6657700863092051,16.50189383070925,0.9141634366925064,283.72093023255815,440.66368157541615,0.2806847545219638,BaseballPitch/v_BaseballPitch_g03_c05.avi,6,6,1,1.0,0
0.3529127640395657,0.652264553838177,17.0898361607126,0.9010820413436692,268.8992248062016,221.9715689931022,0.2144702842377261,BaseballPitch/v_BaseballPitch_g03_c06.avi,6,6,1,1.0,0
0.2760330830753789,0.7772412135479982,16.25,0.9473514211886304,263.50387596899225,222.94157902777013,0.2386950904392764,BaseballPitch/v_BaseballPitch_g03_c07.avi,6,6,1,1.0,0
1.4942090492267823,3.7285311726213903,228.0350850198276,0.6494670542635659,251.5968992248062,170.77649927189478,0.1766795865633074,BaseballPitch/v_BaseballPitch_g04_c01.avi,6,67,0,0.9999995231628418,1
2.282821716010971,3.087731278539429,24.35159132377184,0.3185562015503876,252.89922480620157,172.15910456964156,0.1737726098191214,BaseballPitch/v_BaseballPitch_g04_c02.avi,6,67,0,0.9998557567596436,1
3.818527820717882,9.989804342368055,274.0656855573131,0.201954134366925,250.4806201550388,131.2354591886378,0.1166020671834625,BaseballPitch/v_BaseballPitch_g04_c03.avi,6,67,0,0.9452823996543884,1
1.0984851163570777,1.2549907807761749,16.155977995776052,0.5411821705426356,253.45736434108528,178.65088764142428,0.1837855297157622,BaseballPitch/v_BaseballPitch_g04_c04.avi,6,67,0,0.9129124283790588,1
0.7976289759413231,1.106577745443006,18.006943105369107,0.6749031007751938,281.30232558139534,250.2192094649996,0.2377260981912144,BaseballPitch/v_BaseballPitch_g04_c05.avi,6,6,1,0.7121570110321045,0
0.0617191867278518,0.2123815549593216,5.25,0.9920865633074936,463.37984496124034,871.8891117336342,0.1860465116279069,BaseballPitch/v_BaseballPitch_g05_c01.avi,6,6,1,1.0,0
0.3520149444982076,1.0102139349513792,26.25476147292144,0.9200581395348836,203.7829457364341,148.53856342859643,0.3520671834625323,BaseballPitch/v_BaseballPitch_g05_c02.avi,6,6,1,1.0,0
0.1547931598769295,0.4449351882697214,12.206555615733702,0.9678617571059432,196.093023255814,179.45340963713898,0.4437984496124031,BaseballPitch/v_BaseballPitch_g05_c03.avi,6,6,1,1.0,0
0.1632570866165467,0.6491115477318251,15.033296378372908,0.9583333333333334,246.13953488372093,234.81745323542225,0.3407622739018088,BaseballPitch/v_BaseballPitch_g05_c04.avi,6,6,1,1.0,0
0.3032630891479115,0.8746365330666999,17.0,0.9257913436692506,238.2635658914729,204.71335676989327,0.3029715762273902,BaseballPitch/v_BaseballPitch_g05_c05.avi,6,6,1,1.0,0
0.3296666054658067,1.893189649909956,71.0,0.9416989664082688,247.75193798449607,182.17616616753145,0.2147932816537467,BaseballPitch/v_BaseballPitch_g05_c06.avi,6,6,1,1.0,0
0.1386646047676422,0.4691219046220944,15.008331019803634,0.9761789405684754,214.51162790697677,198.3579536387904,0.395671834625323,BaseballPitch/v_BaseballPitch_g05_c07.avi,6,6,1,1.0,0
0.3395793159425758,0.7138186090054848,13.752272539475069,0.8886466408268734,318.8837209302326,309.6732868988102,0.2797157622739018,BaseballPitch/v_BaseballPitch_g06_c01.avi,6,6,1,1.0,0
0.4986432243651536,8.171297412407071,274.2504557881353,0.9263565891472868,367.8139534883721,348.95933366151166,0.2625968992248062,BaseballPitch/v_BaseballPitch_g06_c02.avi,6,6,1,1.0,0
0.1075169132720565,0.365797589111241,10.0,0.9709302325581396,351.8139534883721,347.19763528116806,0.3045865633074935,BaseballPitch/v_BaseballPitch_g06_c03.avi,6,6,1,1.0,0
0.1372692050142615,0.6427349147854114,39.37400792400997,0.9741602067183462,441.9224806201551,378.2971559195129,0.1892764857881137,BaseballPitch/v_BaseballPitch_g06_c04.avi,6,6,1,1.0,0
0.1486031477630809,0.4302410135791352,15.350081433008752,0.969153746770026,248.68217054263565,254.35524155581436,0.3817829457364341,BaseballPitch/v_BaseballPitch_g06_c05.avi,6,6,1,1.0,0
0.2232366494166989,0.6247882905810003,17.46424919657298,0.9555071059431524,279.93798449612405,278.3258853927508,0.3236434108527132,BaseballPitch/v_BaseballPitch_g06_c06.avi,6,6,1,1.0,0
0.1115231500812647,0.3555575830679028,16.22979513117772,0.9780361757105944,320.4961240310077,309.22599357307587,0.272609819121447,BaseballPitch/v_BaseballPitch_g06_c07.avi,6,6,1,1.0,0
0.285519338283083,3.294955147512164,170.53152201279386,0.9416989664082688,1268.7131782945737,1605.4108855778195,0.1130490956072351,BaseballPitch/v_BaseballPitch_g07_c01.avi,6,6,1,1.0,0
0.1243824626385678,0.3262596926252045,4.75,0.9828811369509044,368.7441860465116,590.3983713432842,0.167312661498708,BaseballPitch/v_BaseballPitch_g07_c02.avi,6,6,1,1.0,0
0.1585566322625728,0.4377543966371006,7.875,0.9736757105943152,1474.7286821705427,1753.0723407244184,0.1395348837209302,BaseballPitch/v_BaseballPitch_g07_c03.avi,6,6,1,1.0,0
0.1170539249903166,0.4694041835764675,16.25,0.975532945736434,953.0542635658916,1335.4201516944358,0.1459948320413436,BaseballPitch/v_BaseballPitch_g07_c04.avi,6,6,1,1.0,0
0.1755216158789699,0.7446645579808756,17.148250639642516,0.9568798449612403,1056.0,1480.6057842559217,0.1253229974160206,BaseballPitch/v_BaseballPitch_g07_c05.avi,6,6,1,1.0,0
0.1266246411692963,0.5761733494986727,20.248456731316587,0.969153746770026,1016.9302325581396,1292.136888769356,0.0988372093023255,BaseballPitch/v_BaseballPitch_g07_c06.avi,6,6,1,1.0,0
0.2187799064869602,0.583485398962511,17.629875212263983,0.9588985788113696,790.5116279069767,1196.4670545633464,0.1437338501291989,BaseballPitch/v_BaseballPitch_g07_c07.avi,6,6,1,1.0,0
0.0780292542764949,0.3888766589477195,13.502314616390777,0.978843669250646,382.13953488372096,470.9814385023439,0.1027131782945736,Basketball/v_Basketball_g01_c01.avi,7,7,1,0.9999998807907104,0
0.1576486827971504,0.9482779891305916,26.476404589747453,0.9709302325581396,222.13953488372093,143.51170139397334,0.2590439276485788,Basketball/v_Basketball_g01_c02.avi,7,7,1,0.9999998807907104,0
0.0792604092489949,0.3538314026142115,8.634958019585271,0.9787629198966408,336.9922480620155,279.1206706374803,0.1208010335917312,Basketball/v_Basketball_g01_c03.avi,7,7,1,1.0,0
0.072103921524282,0.3257301493594422,8.06225774829855,0.9853036175710594,352.3720930232558,299.7497423825581,0.1363049095607235,Basketball/v_Basketball_g01_c04.avi,7,7,1,1.0,0
0.0700023169464831,0.4179744503461305,17.507141400011598,0.9875645994832042,437.82945736434107,791.6311109831711,0.1757105943152454,Basketball/v_Basketball_g01_c05.avi,7,7,1,0.9999995231628418,0
0.0543049595647716,0.2479442251318414,5.771698190307598,0.9863533591731266,291.968992248062,231.25380995761924,0.1472868217054263,Basketball/v_Basketball_g01_c06.avi,7,7,1,0.9999971389770508,0
0.316494331021662,1.9471926129165509,51.500606792541774,0.9498546511627908,225.05426356589143,159.57425479036252,0.2722868217054263,Basketball/v_Basketball_g01_c07.avi,7,7,1,1.0,0
0.9581614998146738,5.762536714738256,308.7588055424493,0.7551679586563308,254.51162790697677,312.16098799006147,0.2041343669250646,Basketball/v_Basketball_g02_c01.avi,7,7,1,0.8320421576499939,0
0.8488972734636877,1.907020162486443,44.04543109109048,0.7883559431524548,271.06976744186045,321.8167465939552,0.1695736434108527,Basketball/v_Basketball_g02_c02.avi,7,96,0,0.8496043086051941,1
2.48749307556696,3.920435557711487,57.0087712549569,0.5442506459948321,582.6976744186046,1076.1833408011146,0.2093023255813953,Basketball/v_Basketball_g02_c03.avi,7,7,1,0.6345621347427368,0
7.436227357338052,14.581771512069665,298.0440403698755,0.5698481912144703,796.3410852713179,1339.4839252437555,0.1366279069767441,Basketball/v_Basketball_g02_c04.avi,7,7,1,0.7389550805091858,0
2.231249757146146,6.412367861975882,280.1446055165082,0.4961240310077519,793.4263565891473,1298.7328635166657,0.2099483204134367,Basketball/v_Basketball_g02_c05.avi,7,96,0,0.9999347925186156,1
1.4489467494954953,2.7842247817297627,23.251344047172843,0.6833817829457365,675.7209302325581,1071.7963691876296,0.1472868217054263,Basketball/v_Basketball_g02_c06.avi,7,96,0,0.8890077471733093,1
0.0944108946441467,0.5815260446960482,16.52460286966074,0.981750645994832,436.9612403100775,665.1054168716039,0.1698966408268734,Basketball/v_Basketball_g03_c01.avi,7,7,1,1.0,0
0.1054970182155626,0.4104243054383165,11.59539240388181,0.9766634366925064,346.1085271317829,480.9303844980992,0.2619509043927648,Basketball/v_Basketball_g03_c02.avi,7,7,1,1.0,0
0.3326167911200898,1.524356037898592,41.0,0.943717700258398,273.73643410852713,262.0580892873331,0.3003875968992248,Basketball/v_Basketball_g03_c03.avi,7,7,1,1.0,0
0.0904748900549537,0.4918000468006381,16.048753845704034,0.9813468992248062,342.3255813953488,306.35347580252767,0.189922480620155,Basketball/v_Basketball_g03_c04.avi,7,7,1,1.0,0
0.1857052441270427,0.8730482144764317,16.50236725442747,0.9665697674418604,441.7984496124031,716.9113703002718,0.2170542635658914,Basketball/v_Basketball_g03_c05.avi,7,7,1,1.0,0
0.111532039634395,0.5905174241412772,16.443558769317548,0.9821543927648578,415.50387596899225,661.6911399691393,0.1950904392764857,Basketball/v_Basketball_g03_c06.avi,7,7,1,1.0,0
0.6866844959050081,3.68710516289108,131.00005963739102,0.7556524547803618,357.7054263565892,422.21146109210656,0.268733850129199,Basketball/v_Basketball_g04_c01.avi,7,7,1,0.999929666519165,0
1.0205057981594576,5.5883881908767465,109.12636024352686,0.8210594315245479,533.0852713178294,419.8461887241168,0.2183462532299741,Basketball/v_Basketball_g04_c02.avi,7,7,1,0.9952290058135986,0
0.4690133180701955,0.7146704889299218,12.36931687685298,0.7896479328165374,251.5968992248062,220.12250005200488,0.2813307493540051,Basketball/v_Basketball_g04_c03.avi,7,7,1,0.9747403860092164,0
1.382466881987971,7.021936941160842,136.25366967535223,0.7961886304909561,345.30232558139534,541.3256568266256,0.268733850129199,Basketball/v_Basketball_g04_c04.avi,7,7,1,0.9999783039093018,0
0.6685687295968569,1.497084762239531,57.27128425310541,0.7579134366925064,347.968992248062,336.4450710892118,0.2768087855297158,Basketball/v_Basketball_g05_c01.avi,7,7,1,0.9999270439147948,0
1.0242261659459362,1.2622120657895146,16.507574019219177,0.647125322997416,236.031007751938,133.13022929916403,0.1815245478036175,Basketball/v_Basketball_g05_c02.avi,7,7,1,0.9707748293876648,0
0.316494331021662,1.9471926129165509,51.500606792541774,0.9498546511627908,225.05426356589143,159.57425479036252,0.2722868217054263,Basketball/v_Basketball_g05_c03.avi,7,7,1,1.0,0
0.5755716931640187,2.1891746842999367,33.0,0.8565891472868217,418.3565891472868,460.7385005265307,0.2874677002583979,Basketball/v_Basketball_g05_c04.avi,7,7,1,0.9995588660240172,0
1.1875002243880457,1.4885896906883678,23.86747263536716,0.555797803617571,217.1782945736434,120.49757626385528,0.2487080103359173,Basketball/v_Basketball_g06_c01.avi,7,7,1,0.8975606560707092,0
1.837024969874293,3.876259044089613,94.4540232070609,0.525032299741602,222.2635658914729,138.38837156977473,0.2506459948320413,Basketball/v_Basketball_g06_c02.avi,7,7,1,0.943918228149414,0
5.541067964932082,6.141645114711605,32.250242247152194,0.1960594315245478,262.38759689922483,146.94956736934978,0.0907622739018087,Basketball/v_Basketball_g06_c03.avi,7,67,0,0.7116700410842896,1
5.827611819201272,9.154827219063217,170.98830369355676,0.231266149870801,257.2403100775194,130.02449233762,0.08656330749354,Basketball/v_Basketball_g06_c04.avi,7,7,1,0.861980140209198,0
0.9268457695730784,1.386804831880629,15.002083188677496,0.7082525839793282,223.13178294573643,178.61132631798344,0.315891472868217,Basketball/v_Basketball_g07_c01.avi,7,7,1,1.0,0
0.8152937289004006,1.0838885389108728,14.317821063276352,0.721656976744186,242.1705426356589,221.6739740253029,0.3252583979328165,Basketball/v_Basketball_g07_c02.avi,7,7,1,1.0,0
0.7441445668359351,0.9954070143142324,16.1245154965971,0.6815245478036176,289.73643410852713,235.06019415057523,0.165374677002584,Basketball/v_Basketball_g07_c03.avi,7,7,1,1.0,0
1.4121211723951312,5.311460265945232,319.0,0.5675064599483204,248.12403100775197,154.38675927039387,0.1624677002583979,Basketball/v_Basketball_g07_c04.avi,7,7,1,1.0,0
1.8062222968643848,2.7628970314063936,31.76476034853718,0.5011304909560723,225.6124031007752,151.68921257131032,0.2564599483204134,BasketballDunk/v_BasketballDunk_g01_c01.avi,8,8,1,1.0,0
1.7028610668976436,4.561256925008701,127.00393694685216,0.7122093023255814,296.8062015503876,220.4679335617373,0.1027131782945736,BasketballDunk/v_BasketballDunk_g01_c02.avi,8,8,1,1.0,0
3.004321277635913,5.165856898124184,164.84234892769516,0.3647448320413436,231.68992248062017,120.64283878293978,0.1834625322997416,BasketballDunk/v_BasketballDunk_g01_c03.avi,8,8,1,1.0,0
4.350880282498369,7.39796174916282,88.3911760301898,0.3053133074935401,224.8062015503876,166.96571980334093,0.2864987080103359,BasketballDunk/v_BasketballDunk_g01_c04.avi,8,8,1,1.0,0
1.2340857841307555,3.215108404787957,87.62535663265514,0.7378875968992248,256.31007751937983,168.870107343655,0.1534237726098191,BasketballDunk/v_BasketballDunk_g01_c05.avi,8,8,1,1.0,0
8.555814921109182,16.608579897843885,133.1974568075532,0.4437177002583979,230.8217054263566,139.4317620668279,0.2138242894056847,BasketballDunk/v_BasketballDunk_g01_c06.avi,8,8,1,1.0,0
3.2148058012474325,4.467412324037221,29.87683048785463,0.2424903100775193,296.4961240310077,224.93548167243293,0.1146640826873385,BasketballDunk/v_BasketballDunk_g01_c07.avi,8,8,1,1.0,0
14.6175090486345,25.94044901065565,206.00970850908945,0.4299903100775193,218.66666666666663,151.39441447375177,0.2874677002583979,BasketballDunk/v_BasketballDunk_g02_c01.avi,8,8,1,1.0,0
10.234806904403758,17.547282626695207,206.196508214858,0.4167474160206718,223.4418604651163,178.501423657352,0.3142764857881137,BasketballDunk/v_BasketballDunk_g02_c02.avi,8,8,1,1.0,0
14.62099683468027,22.68401227386712,183.5551688185326,0.3677325581395348,202.04651162790697,147.4329100063739,0.3585271317829457,BasketballDunk/v_BasketballDunk_g02_c03.avi,8,8,1,1.0,0
8.684864033012623,14.533495805285028,237.2547417861232,0.359173126614987,212.65116279069767,150.4571149161131,0.3136304909560723,BasketballDunk/v_BasketballDunk_g02_c04.avi,8,8,1,1.0,0
1.7609471970063486,2.756225637105413,24.20743687382041,0.5718669250645995,290.6666666666667,236.56630692273023,0.1656976744186046,BasketballDunk/v_BasketballDunk_g03_c01.avi,8,8,1,1.0,0
9.040420301508709,15.572616980760358,126.01587201618692,0.3421350129198966,224.49612403100772,167.08574246121086,0.2881136950904392,BasketballDunk/v_BasketballDunk_g03_c02.avi,8,8,1,1.0,0
7.239722480521818,13.890761912342985,236.0,0.4650355297157623,185.5503875968992,137.99027947117122,0.4237726098191214,BasketballDunk/v_BasketballDunk_g03_c03.avi,8,8,1,1.0,0
0.5612853102773914,2.432208514048995,107.05606008068855,0.8969638242894057,234.4186046511628,192.3990804694629,0.29328165374677,BasketballDunk/v_BasketballDunk_g03_c04.avi,8,8,1,1.0,0
11.017571386839068,19.10220902570001,300.5746579470731,0.3200096899224806,218.91472868217053,326.67448252810306,0.4102067183462532,BasketballDunk/v_BasketballDunk_g03_c05.avi,8,8,1,1.0,0
11.944016761958904,18.52974028883084,173.38540884399703,0.3733850129198966,241.5503875968992,170.9887779644391,0.2199612403100775,BasketballDunk/v_BasketballDunk_g03_c06.avi,8,8,1,1.0,0
3.121687138672884,5.529010792732101,135.00370365289984,0.2665536175710594,247.62790697674416,136.68722116753628,0.1366279069767441,BasketballDunk/v_BasketballDunk_g04_c01.avi,8,8,1,1.0,0
4.733520434432779,9.262701744698752,140.66321702918643,0.3500484496124031,247.8759689922481,145.8060200026813,0.149547803617571,BasketballDunk/v_BasketballDunk_g04_c02.avi,8,8,1,1.0,0
1.6996784837160432,2.7619569544391718,48.68585523537612,0.551437338501292,282.3565891472868,215.40061102925625,0.145671834625323,BasketballDunk/v_BasketballDunk_g04_c03.avi,8,8,1,1.0,0
2.7206579654090874,6.694941448884369,284.0,0.3708010335917313,254.07751937984497,175.63393980791747,0.1753875968992248,BasketballDunk/v_BasketballDunk_g04_c04.avi,8,8,1,1.0,0
1.7937193960151718,8.758905566449485,298.0067113338221,0.5301195090439277,261.3953488372093,194.90989445154105,0.1837855297157622,BasketballDunk/v_BasketballDunk_g05_c01.avi,8,8,1,1.0,0
0.6268654224476571,1.598154305820069,42.08622102303793,0.8249354005167958,257.5503875968992,238.43953164646956,0.3020025839793281,BasketballDunk/v_BasketballDunk_g05_c02.avi,8,8,1,1.0,0
17.234213844193025,23.227184143194854,172.57987281256175,0.2472545219638243,367.9379844961241,326.31291758844765,0.1792635658914728,BasketballDunk/v_BasketballDunk_g05_c03.avi,8,8,1,1.0,0
10.379546213359692,16.581472195147356,143.50348427825716,0.2935239018087855,275.0387596899225,258.28187243681924,0.2845607235142119,BasketballDunk/v_BasketballDunk_g05_c04.avi,8,8,1,1.0,0
1.8631186424424744,2.9977296236058444,33.24154027718932,0.5304425064599483,347.5348837209302,376.4264867751958,0.1020671834625323,BasketballDunk/v_BasketballDunk_g05_c05.avi,8,8,1,1.0,0
1.86786453328946,2.7144574736286664,75.61952459517317,0.5094476744186046,293.7674418604651,204.46968697940517,0.0771963824289405,BasketballDunk/v_BasketballDunk_g05_c06.avi,8,8,1,1.0,0
0.3433009050768487,0.940866955497323,16.0,0.9205426356589148,216.31007751937983,164.3211923019331,0.3204134366925064,BasketballDunk/v_BasketballDunk_g06_c01.avi,8,8,1,1.0,0
5.711267202451332,9.993293462831668,66.22122016393234,0.4027777777777778,234.1705426356589,133.28526986607125,0.189922480620155,BasketballDunk/v_BasketballDunk_g06_c02.avi,8,8,1,1.0,0
3.976201526880296,7.552790155033312,156.11534197509224,0.4861918604651162,326.38759689922483,639.7106941807866,0.3000645994832041,BasketballDunk/v_BasketballDunk_g06_c03.avi,8,8,1,1.0,0
4.5885717871956775,8.238943419609877,63.75,0.3741117571059431,275.3488372093023,326.2014560674253,0.1679586563307493,BasketballDunk/v_BasketballDunk_g06_c04.avi,8,8,1,1.0,0
2.689540596127997,5.727278314180122,107.79726341609975,0.4713339793281654,393.48837209302326,331.2521959272908,0.125,BasketballDunk/v_BasketballDunk_g07_c01.avi,8,8,1,1.0,0
7.665902722650611,15.561179076683503,104.02433609497346,0.4806201550387597,368.86821705426354,344.202918784722,0.2416020671834625,BasketballDunk/v_BasketballDunk_g07_c02.avi,8,8,1,1.0,0
1.5411747702949734,2.6393012371147964,78.00640999302557,0.5890665374677002,357.0232558139535,290.631508749089,0.0927002583979328,BasketballDunk/v_BasketballDunk_g07_c03.avi,8,8,1,1.0,0
4.509608656848978,10.122357700045177,95.81753492967766,0.5207525839793282,355.2248062015504,298.6979818242713,0.1240310077519379,BasketballDunk/v_BasketballDunk_g07_c04.avi,8,8,1,1.0,0
3.943302637719856,7.841351517524633,94.0,0.505248708010336,390.7596899224806,323.3651732551334,0.104328165374677,BasketballDunk/v_BasketballDunk_g07_c05.avi,8,8,1,1.0,0
1.67512341536178,5.022962888528128,141.00354605470034,0.6997739018087855,347.2248062015504,290.1436490069548,0.1217700258397932,BasketballDunk/v_BasketballDunk_g07_c06.avi,8,8,1,1.0,0
0.8924197539869365,2.434910544714604,95.33624704172072,0.7531492248062015,226.4806201550388,174.68656763255527,0.29328165374677,BenchPress/v_BenchPress_g01_c01.avi,9,9,1,1.0,0
0.8760950595461646,3.306016985106387,141.79210133149166,0.7849644702842378,221.02325581395348,147.26048560954092,0.2700258397932816,BenchPress/v_BenchPress_g01_c02.avi,9,9,1,1.0,0
2.946687313526553,7.021147677440188,291.7807395973901,0.3915536175710594,247.93798449612405,189.14281351934903,0.2280361757105943,BenchPress/v_BenchPress_g01_c03.avi,9,9,1,1.0,0
1.3034816718547462,2.1453062260447404,85.61541917201598,0.6146640826873385,250.35658914728683,192.9997308288123,0.2257751937984496,BenchPress/v_BenchPress_g01_c04.avi,9,9,1,1.0,0
2.0018787886595923,3.9876570390748927,173.5396208362805,0.471656976744186,245.51937984496124,147.20060144674028,0.1618217054263566,BenchPress/v_BenchPress_g01_c05.avi,9,9,1,1.0,0
3.75920052390013,4.061373864130867,25.152658905173425,0.1174095607235142,266.6666666666667,159.56944653890935,0.0943152454780361,BenchPress/v_BenchPress_g01_c06.avi,9,9,1,1.0,0
1.7490711744541712,3.461954376542624,175.0114281982751,0.585109819121447,247.06976744186048,176.53373027045498,0.2067183462532299,BenchPress/v_BenchPress_g02_c01.avi,9,9,1,1.0,0
0.9232075377094966,2.712230220321823,31.75,0.8178294573643411,290.4186046511628,265.6217132268894,0.2458010335917312,BenchPress/v_BenchPress_g02_c02.avi,9,9,1,1.0,0
0.7966676932503459,2.2015443310884253,29.752363351505373,0.8090277777777778,253.8294573643411,172.3461508749499,0.170219638242894,BenchPress/v_BenchPress_g02_c03.avi,9,9,1,1.0,0
0.9724048991529884,1.6978872737429915,87.96590248499699,0.6555232558139535,273.48837209302326,197.9937011087607,0.1414728682170542,BenchPress/v_BenchPress_g02_c04.avi,9,9,1,1.0,0
0.8712926279848143,2.6879171556404007,34.75562004913738,0.8425387596899225,267.47286821705427,225.8513635361832,0.2296511627906976,BenchPress/v_BenchPress_g02_c05.avi,9,9,1,1.0,0
1.1177262692589836,2.9204494006438337,31.431721635952428,0.7988533591731266,250.72868217054264,177.3870533514578,0.1928294573643411,BenchPress/v_BenchPress_g02_c06.avi,9,9,1,1.0,0
0.98174950557174,2.676670635270829,35.684599269152514,0.8056363049095607,286.6356589147287,224.88005202376056,0.1518087855297157,BenchPress/v_BenchPress_g02_c07.avi,9,9,1,1.0,0
2.435416059833152,5.026645242642853,71.82976837634936,0.520671834625323,238.51162790697677,205.19943470761964,0.3029715762273902,BenchPress/v_BenchPress_g03_c01.avi,9,9,1,1.0,0
2.33709111122598,5.500852614989215,74.10802925459562,0.6153100775193798,237.45736434108528,197.92783148606017,0.2916666666666667,BenchPress/v_BenchPress_g03_c02.avi,9,9,1,1.0,0
2.022474696406923,5.287898801873967,82.01867165469092,0.6219315245478036,272.93023255813955,254.57574331815752,0.2826227390180879,BenchPress/v_BenchPress_g03_c03.avi,9,9,1,1.0,0
1.4441529543985483,3.1689341662258705,46.69047011971501,0.5768733850129198,243.34883720930236,191.2094776916485,0.251937984496124,BenchPress/v_BenchPress_g03_c04.avi,9,9,1,1.0,0
2.0624552253468207,4.64466517923791,89.1403387922662,0.5140503875968992,238.69767441860463,192.5529265668933,0.2748708010335917,BenchPress/v_BenchPress_g03_c05.avi,9,9,1,1.0,0
2.8606370800282144,6.669312210166149,182.4636950190366,0.5370639534883721,232.74418604651163,165.1119553970431,0.2477390180878552,BenchPress/v_BenchPress_g03_c06.avi,9,9,1,1.0,0
2.515476538207848,7.465865567335616,231.0432859877127,0.6532622739018088,228.89922480620157,170.98364965402826,0.2755167958656331,BenchPress/v_BenchPress_g03_c07.avi,9,9,1,1.0,0
1.9376798496679124,3.960194478805505,42.05948168962618,0.5990794573643411,234.91472868217053,167.01501724281056,0.2416020671834625,BenchPress/v_BenchPress_g04_c01.avi,9,9,1,1.0,0
1.8901856143627305,4.42554110650243,39.05124837953327,0.6444605943152455,221.8294573643411,132.43199946048122,0.2438630490956072,BenchPress/v_BenchPress_g04_c02.avi,9,9,1,1.0,0
1.3731469299056045,2.803648773188804,37.21558813185679,0.6052971576227391,222.07751937984497,109.68267212458473,0.2128552971576227,BenchPress/v_BenchPress_g04_c03.avi,9,9,1,0.9999901056289672,0
0.7042581729212367,0.8231400971835486,8.220591523728691,0.7627583979328165,209.11627906976744,116.06678296172817,0.2803617571059431,BenchPress/v_BenchPress_g04_c04.avi,9,9,1,1.0,0
0.8474845462155528,1.799090237644058,27.139684965010183,0.7689760981912145,208.1860465116279,128.13932385075265,0.3007105943152455,BenchPress/v_BenchPress_g04_c05.avi,9,9,1,1.0,0
2.303364430552004,4.402183994784561,39.61376023555452,0.5239825581395349,244.71317829457365,145.2268577568538,0.1621447028423772,BenchPress/v_BenchPress_g04_c06.avi,9,9,1,1.0,0
1.552731206830812,3.4232662998896752,64.32728814430156,0.6502745478036176,233.1782945736434,180.76454553983564,0.2751937984496124,BenchPress/v_BenchPress_g04_c07.avi,9,9,1,1.0,0
0.8478231471829207,1.130072482299859,11.40175425099138,0.6483365633074936,404.27906976744185,743.7926169328288,0.1876614987080103,BenchPress/v_BenchPress_g05_c01.avi,9,9,1,1.0,0
1.1257655369144486,1.607107268339203,16.965498076979642,0.5415051679586563,301.0232558139535,350.2664426611776,0.1582687338501292,BenchPress/v_BenchPress_g05_c02.avi,9,9,1,1.0,0
1.0096539469138246,1.3253931756387558,11.775238851080688,0.595203488372093,355.4108527131783,583.833277842508,0.1656976744186046,BenchPress/v_BenchPress_g05_c03.avi,9,9,1,1.0,0
0.9391816357593964,1.1494018787075584,11.52443057161611,0.602874677002584,378.5426356589147,641.141605466156,0.1472868217054263,BenchPress/v_BenchPress_g05_c04.avi,9,9,1,1.0,0
1.0974781934228504,1.3458113728702754,15.132745950421556,0.5424741602067183,382.6976744186047,640.2683861269909,0.1295219638242894,BenchPress/v_BenchPress_g05_c05.avi,9,9,1,1.0,0
1.8845315721878544,2.686236970208179,22.13594362117865,0.5468346253229974,321.7984496124031,447.1938930509812,0.1728036175710594,BenchPress/v_BenchPress_g05_c06.avi,9,9,1,0.9999991655349731,0
2.1290013198492,2.57381980718619,54.09164676731519,0.4851421188630491,248.3720930232558,178.5727684721422,0.2051033591731266,BenchPress/v_BenchPress_g05_c07.avi,9,9,1,1.0,0
0.2755134072125649,1.2463288043920688,59.75,0.9240148578811368,497.86046511627904,429.9792088751501,0.3126614987080103,BenchPress/v_BenchPress_g06_c01.avi,9,9,1,0.9994438290596008,0
0.4525585178909102,2.6109113563350923,96.55544068047124,0.898578811369509,536.9302325581396,433.76455918726543,0.2784237726098191,BenchPress/v_BenchPress_g06_c02.avi,9,9,1,0.8123945593833923,0
0.2697412414177336,2.1286703033549226,87.92619419149221,0.9479166666666666,517.5193798449612,428.2018487440619,0.2761627906976744,BenchPress/v_BenchPress_g06_c03.avi,9,20,0,0.8547506332397461,1
0.1309772709766335,1.1779166089580997,73.48522385486758,0.9647932816537468,540.4031007751938,496.7126275916386,0.2616279069767442,BenchPress/v_BenchPress_g06_c04.avi,9,9,1,0.9980352520942688,0
0.2975808320365251,1.3572917625200218,59.80097198206732,0.9164244186046512,546.6666666666666,560.6364784616785,0.2910206718346253,BenchPress/v_BenchPress_g06_c05.avi,9,9,1,0.99996018409729,0
0.2542549406571411,2.1477849736896357,96.44339337144872,0.9310400516795866,700.2170542635658,862.8310079246595,0.2819767441860465,BenchPress/v_BenchPress_g06_c06.avi,9,9,1,0.999250829219818,0
0.3467990808664479,2.6884226376233404,102.3417223081574,0.9238533591731266,513.4883720930233,431.8113483484034,0.2984496124031007,BenchPress/v_BenchPress_g06_c07.avi,9,9,1,0.999931812286377,0
0.8996001972888631,1.9731387979922976,57.0087712549569,0.8047480620155039,243.03875968992247,208.0398144326208,0.2897286821705426,BenchPress/v_BenchPress_g07_c01.avi,9,9,1,1.0,0
0.6602523600466321,2.1112619935526182,62.6530625747856,0.8243701550387597,273.4263565891473,232.33645661577103,0.2218992248062015,BenchPress/v_BenchPress_g07_c02.avi,9,9,1,1.0,0
0.9839545167129636,2.1934110782303136,68.11754546370561,0.7328811369509044,257.86046511627904,215.20845291120617,0.2435400516795865,BenchPress/v_BenchPress_g07_c03.avi,9,9,1,1.0,0
0.8858247966676868,1.7843278753280198,62.69681511049824,0.7097060723514211,249.92248062015503,152.5677692807491,0.1518087855297157,BenchPress/v_BenchPress_g07_c04.avi,9,9,1,1.0,0
0.6989225644324264,1.3475854581431586,17.665290826929514,0.8001453488372093,234.35658914728683,189.93176246896576,0.2884366925064599,BenchPress/v_BenchPress_g07_c05.avi,9,9,1,1.0,0
1.6659450045324866,2.2130367814694853,17.038559211388737,0.5088016795865633,260.27906976744185,184.84214831710733,0.1676356589147286,BenchPress/v_BenchPress_g07_c06.avi,9,9,1,1.0,0
0.7656236825575857,1.7464391153854475,64.0,0.7996608527131783,237.89147286821705,164.9272914883271,0.2248062015503876,BenchPress/v_BenchPress_g07_c07.avi,9,9,1,1.0,0
2.306118234297137,5.096625838040527,94.75296829123612,0.5251937984496124,251.03875968992247,147.9331717495707,0.1395348837209302,Biking/v_Biking_g01_c01.avi,10,10,1,1.0,0
5.254577606868624,11.815669164746843,250.3197954617253,0.4877260981912145,252.2170542635659,143.09995212542657,0.126937984496124,Biking/v_Biking_g01_c02.avi,10,83,0,0.9999891519546508,1
4.39259723040331,10.695624680892122,144.00347218036097,0.5940729974160207,190.07751937984497,193.91365505980423,0.5022609819121447,Biking/v_Biking_g01_c03.avi,10,10,1,1.0,0
2.983546457402583,8.426857217069086,149.56603892595405,0.6277454780361758,240.0,153.40840764079303,0.1957364341085271,Biking/v_Biking_g01_c04.avi,10,10,1,0.9998425245285034,0
1.7543547898659082,12.805787118951589,333.304665433894,0.8963178294573644,268.71317829457365,270.8578160086934,0.3459302325581395,Biking/v_Biking_g02_c01.avi,10,10,1,1.0,0
4.059496420580167,14.426547532767673,310.8649224341659,0.8261466408268734,490.7906976744186,956.6715690749138,0.3171834625322997,Biking/v_Biking_g02_c02.avi,10,10,1,1.0,0
2.428677084678431,9.794377946109648,320.14059411452337,0.8646640826873385,207.2558139534884,160.6110559812345,0.3559431524547803,Biking/v_Biking_g02_c03.avi,10,10,1,1.0,0
2.674526196199102,11.055883260137032,333.9480685675544,0.8792797157622739,311.5658914728682,524.2794072067912,0.2842377260981912,Biking/v_Biking_g02_c04.avi,10,10,1,1.0,0
3.51576529446415,11.588208184351728,382.02094183434497,0.7827842377260982,237.6434108527132,194.2105386154323,0.2829457364341085,Biking/v_Biking_g02_c05.avi,10,10,1,1.0,0
4.386271113332692,17.242537470658473,280.6439024814186,0.8907461240310077,794.5426356589147,1304.044697762924,0.2868217054263566,Biking/v_Biking_g02_c06.avi,10,10,1,1.0,0
1.0704767706549474,7.26715633267088,291.5681738461864,0.911498708010336,544.6201550387597,986.8491492192232,0.233204134366925,Biking/v_Biking_g02_c07.avi,10,10,1,1.0,0
1.2723490375119104,2.784421198865597,88.86506625215557,0.6982396640826873,343.7519379844961,530.3040524808758,0.209625322997416,Biking/v_Biking_g03_c01.avi,10,10,1,0.9998723268508912,0
4.5155763227801655,11.095345647573104,174.7512517837855,0.6258882428940569,808.4961240310078,1220.352574063634,0.1572997416020672,Biking/v_Biking_g03_c02.avi,10,10,1,0.999998927116394,0
6.550045415773687,12.766025138797993,88.0056816347672,0.6031976744186046,770.6046511627907,1326.959212137299,0.2461240310077519,Biking/v_Biking_g03_c03.avi,10,10,1,0.9998273253440856,0
1.9421967556752635,3.408302691227989,30.4138126514911,0.6314599483204134,565.7674418604652,947.6803709329404,0.1333979328165374,Biking/v_Biking_g03_c04.avi,10,10,1,0.9988211989402772,0
5.452311064528107,8.60245027787181,332.1404070570156,0.4429102067183462,250.66666666666663,157.51034583140137,0.1569767441860465,Biking/v_Biking_g04_c01.avi,10,10,1,1.0,0
3.8019623858514935,22.11728429488499,412.5075756880108,0.8193636950904393,247.06976744186048,321.80518412209096,0.268733850129199,Biking/v_Biking_g04_c02.avi,10,10,1,1.0,0
5.761638504989321,10.677988360021985,198.40614909825757,0.5708171834625323,322.1085271317829,515.603135049647,0.1983204134366925,Biking/v_Biking_g04_c03.avi,10,10,1,1.0,0
6.134178465680976,14.325495627259508,334.96566988275083,0.6393733850129198,256.6821705426357,320.5383549108158,0.2238372093023256,Biking/v_Biking_g04_c04.avi,10,10,1,0.9492883682250975,0
7.736356644437147,12.958084515981492,362.27061708065696,0.4872416020671835,335.37984496124034,518.6406680347297,0.1705426356589147,Biking/v_Biking_g04_c05.avi,10,10,1,0.9999997615814208,0
3.57867090989911,5.783952609259908,42.5440947723653,0.5736434108527132,668.8372093023256,1213.7710778038593,0.2516149870801034,Biking/v_Biking_g05_c01.avi,10,10,1,1.0,0
2.2769717394339213,8.372641533000916,154.45488823601536,0.774547803617571,229.33333333333331,337.2164518532819,0.4011627906976744,Biking/v_Biking_g05_c02.avi,10,10,1,1.0,0
1.6657898415152796,7.72515587314494,274.53289875714347,0.8335755813953488,304.0,461.5686096295423,0.3068475452196382,Biking/v_Biking_g05_c03.avi,10,10,1,1.0,0
3.363230160800047,8.786123532568721,150.7912464302885,0.6170865633074936,225.92248062015503,188.0215067857972,0.3220284237726098,Biking/v_Biking_g05_c04.avi,10,10,1,1.0,0
2.384394469223009,7.477354255603935,160.51479682571323,0.7906169250645995,245.3953488372093,241.09036610683856,0.3601421188630491,Biking/v_Biking_g05_c05.avi,10,10,1,1.0,0
4.104981439233624,6.546189971162913,222.02026934494063,0.6010174418604651,248.5581395348837,178.48057705878347,0.2041343669250646,Biking/v_Biking_g05_c06.avi,10,10,1,1.0,0
3.530659162212951,8.247883114875478,190.8952592391964,0.598998708010336,231.50387596899225,145.7711982287272,0.2206072351421188,Biking/v_Biking_g05_c07.avi,10,10,1,1.0,0
3.823822554201369,6.629540381826753,155.6641015134832,0.4227228682170542,248.49612403100772,142.1177655583652,0.1411498708010335,Biking/v_Biking_g06_c01.avi,10,10,1,1.0,0
4.018889469555195,22.14484202767705,327.2460847741345,0.7766472868217055,259.7829457364341,163.96203763881283,0.1301679586563307,Biking/v_Biking_g06_c02.avi,10,10,1,1.0,0
2.8372940599856133,12.00880533045028,305.09834480049216,0.7395025839793282,272.4341085271318,251.0288857328321,0.2748708010335917,Biking/v_Biking_g06_c03.avi,10,10,1,1.0,0
5.489682021820382,13.830738282207625,329.60961757812834,0.6402616279069767,243.72093023255812,164.23555482568963,0.1983204134366925,Biking/v_Biking_g06_c04.avi,10,10,1,1.0,0
2.6952074950922364,6.54954686792006,132.25023629468492,0.6103843669250646,275.72093023255815,199.70097711228095,0.1363049095607235,Biking/v_Biking_g06_c05.avi,10,10,1,1.0,0
1.6556660225152529,3.314805869166978,54.86303969887195,0.6757913436692506,1198.2015503875969,1617.0639648307629,0.1934754521963824,Biking/v_Biking_g07_c01.avi,10,10,1,1.0,0
1.3536212967858527,3.1936346957099384,37.20089044633206,0.7724483204134367,1403.2868217054263,1664.8946945947955,0.2002583979328165,Biking/v_Biking_g07_c02.avi,10,10,1,1.0,0
1.3779660841276629,3.5839875190299355,89.03738681026078,0.7675226098191215,1274.046511627907,1587.0021754280654,0.1614987080103359,Biking/v_Biking_g07_c03.avi,10,10,1,1.0,0
1.5919052347782692,5.763647538072032,136.7808466123821,0.7573481912144703,1229.0852713178294,1508.9423783749776,0.2057493540051679,Biking/v_Biking_g07_c04.avi,10,10,1,1.0,0
10.540868047702038,15.880947019098542,101.25030864150489,0.3310723514211886,270.51162790697674,165.06635340850806,0.088501291989664,Biking/v_Biking_g07_c05.avi,10,10,1,1.0,0
0.5296518674847435,1.841039065420298,40.50077159758811,0.880248708010336,356.2170542635659,351.9070737373169,0.3087855297157623,Biking/v_Biking_g07_c06.avi,10,10,1,1.0,0
0.1932467512076023,0.4888712745266056,14.2587692315992,0.9486434108527132,299.2248062015504,294.13790048365314,0.2994186046511627,Billiards/v_Billiards_g01_c01.avi,11,11,1,1.0,0
0.015009849464041,0.14008534898576,4.527692569068709,0.9968507751937984,341.7674418604651,340.8850885432367,0.312984496124031,Billiards/v_Billiards_g01_c02.avi,11,11,1,1.0,0
0.0208554338651439,0.1625594244051139,2.23606797749979,0.9924095607235142,254.13953488372093,272.35455528746013,0.4102067183462532,Billiards/v_Billiards_g01_c03.avi,11,11,1,1.0,0
0.1168247339533874,0.3517966545772333,8.628622427711159,0.9789244186046512,415.3178294573643,567.4118855132004,0.228359173126615,Billiards/v_Billiards_g01_c04.avi,11,11,1,1.0,0
0.0491717741069626,0.2566507242104783,5.25,0.9884528423772608,881.1782945736434,1210.847755104044,0.1934754521963824,Billiards/v_Billiards_g01_c05.avi,11,11,1,1.0,0
0.0283257418582194,0.1666215362055868,2.9261749776799064,0.9934593023255814,240.31007751937983,270.6577059209891,0.4641472868217054,Billiards/v_Billiards_g01_c06.avi,11,11,1,1.0,0
0.3175119194029091,0.693706556416319,11.0,0.9051195090439276,375.8139534883721,329.93637553068226,0.169250645994832,Billiards/v_Billiards_g02_c01.avi,11,11,1,1.0,0
1.326570734765155,2.4009994302288398,14.25493335656116,0.6816052971576227,354.8527131782945,286.327267105296,0.0859173126614987,Billiards/v_Billiards_g02_c02.avi,11,11,1,1.0,0
0.0122184334287713,0.0708425616481888,1.0,0.9999192506459949,292.031007751938,283.07875305975926,0.2916666666666667,Billiards/v_Billiards_g02_c03.avi,11,11,1,1.0,0
0.0071245556020424,0.0741756058551936,5.5,0.9997577519379846,251.47286821705427,267.98189449194933,0.4085917312661499,Billiards/v_Billiards_g02_c04.avi,11,11,1,1.0,0
0.0498432095997416,0.2938451815107852,17.0,0.9920865633074936,406.3875968992248,389.1067152018265,0.3175064599483204,Billiards/v_Billiards_g02_c05.avi,11,11,1,1.0,0
0.3190333994329206,0.6983727971757164,11.0,0.904877260981912,366.8837209302326,337.7301254581365,0.2235142118863049,Billiards/v_Billiards_g02_c06.avi,11,11,1,1.0,0
0.0125959404944648,0.0719082724545722,1.3975424859373686,0.9998385012919896,295.1937984496124,298.81476664941164,0.3294573643410852,Billiards/v_Billiards_g02_c07.avi,11,11,1,1.0,0
0.1008168401445378,1.9718779079959203,51.61395160225576,0.9971737726098192,272.5581395348837,296.6348708762921,0.4098837209302325,Billiards/v_Billiards_g03_c01.avi,11,11,1,1.0,0
0.0367275853646094,0.3509132264071437,16.0,0.99281330749354,294.015503875969,309.8987577737403,0.3704780361757105,Billiards/v_Billiards_g03_c02.avi,11,11,1,1.0,0
0.0504295012185424,0.1809609254077246,4.366062299143245,0.9945897932816538,263.0077519379845,236.6369179727867,0.2748708010335917,Billiards/v_Billiards_g03_c03.avi,11,11,1,1.0,0
0.0049668971742996,0.0487608779054856,1.5,0.9993540051679588,308.4651162790698,327.7721378709932,0.3791989664082687,Billiards/v_Billiards_g03_c04.avi,11,11,1,1.0,0
1.4967465996492757,2.314705182427043,16.662082702951633,0.5573320413436692,312.4961240310077,279.5012203113244,0.2057493540051679,Billiards/v_Billiards_g03_c05.avi,11,11,1,1.0,0
0.4531072164364779,2.8605912266490754,48.375,0.946624677002584,322.04651162790697,266.1398437688721,0.1327519379844961,Billiards/v_Billiards_g04_c01.avi,11,11,1,1.0,0
0.036659423970449,0.2841750673468675,7.2886898685566255,0.9882105943152456,347.3488372093023,461.2290397945589,0.4880490956072351,Billiards/v_Billiards_g04_c02.avi,11,11,1,1.0,0
1.206915548937704,1.686042899204673,16.867127793433,0.6602067183462532,296.1240310077519,212.08975019007627,0.085594315245478,Billiards/v_Billiards_g04_c03.avi,11,11,1,1.0,0
1.1512430685305524,2.900928476518308,36.2534481118693,0.7479005167958657,321.6124031007752,254.98515871319364,0.1027131782945736,Billiards/v_Billiards_g04_c04.avi,11,11,1,1.0,0
0.7746598966970673,1.4568759860621403,19.471132478620756,0.7944928940568475,351.37984496124034,288.2472881549072,0.1027131782945736,Billiards/v_Billiards_g04_c05.avi,11,11,1,1.0,0
0.0476677200009809,0.2270262636151836,4.5,0.9911983204134368,233.5503875968992,233.00627004373663,0.3908268733850129,Billiards/v_Billiards_g04_c06.avi,11,11,1,1.0,0
0.2729818548674843,2.2961647505062373,47.325006603274765,0.9572028423772608,278.5736434108527,273.7389911472651,0.3152454780361757,Billiards/v_Billiards_g04_c07.avi,11,11,1,1.0,0
0.7459178724362888,1.3543627276837271,23.345235059857504,0.7865794573643411,311.0077519379845,279.88304578833004,0.2122093023255813,Billiards/v_Billiards_g05_c01.avi,11,11,1,1.0,0
1.6100270411625837,2.5006556841152414,35.171899294749494,0.5835755813953488,257.3643410852713,203.4959549713019,0.2189922480620155,Billiards/v_Billiards_g05_c02.avi,11,11,1,1.0,0
0.2754401741121662,0.5946783244448354,11.606167541441058,0.9313630490956072,337.92248062015506,323.9818545115779,0.2645348837209302,Billiards/v_Billiards_g05_c03.avi,11,11,1,1.0,0
0.5930245850097599,1.3689111997289134,57.07889277132134,0.7852067183462532,248.6201550387597,280.6382314619936,0.4583333333333333,Billiards/v_Billiards_g05_c04.avi,11,11,1,1.0,0
0.784500827893561,1.1464689474773382,8.06225774829855,0.7402293281653747,263.13178294573646,197.04166245183364,0.1812015503875969,Billiards/v_Billiards_g05_c05.avi,11,11,1,1.0,0
1.0067625510362144,2.0138723471361675,14.680450435868783,0.7404715762273901,269.4573643410853,237.262913331742,0.2503229974160206,Billiards/v_Billiards_g05_c06.avi,11,11,1,1.0,0
0.383927585256336,0.57978505804018,5.221649643551356,0.8615148578811369,379.5348837209302,487.3401633660391,0.1950904392764857,Billiards/v_Billiards_g06_c01.avi,11,11,1,1.0,0
1.0563361422351174,1.558855247081016,16.0,0.6940406976744186,374.13953488372096,343.3843586119184,0.2231912144702842,Billiards/v_Billiards_g06_c02.avi,11,11,1,1.0,0
0.5861157554404216,1.432009986467976,16.0,0.8670058139534884,354.1085271317829,341.7645329372252,0.2771317829457364,Billiards/v_Billiards_g06_c03.avi,11,11,1,1.0,0
0.9185892476308086,1.6303983099819426,87.57603838950469,0.6955749354005168,319.3178294573643,331.3753810567142,0.3536821705426357,Billiards/v_Billiards_g06_c04.avi,11,11,1,1.0,0
0.2426769303366198,0.4597070521822181,9.0,0.9400032299741602,359.50387596899225,420.23279122670345,0.2541989664082687,Billiards/v_Billiards_g06_c05.avi,11,11,1,1.0,0
0.0354434886896234,0.3609091817685324,9.855994368910729,0.9917635658914729,242.9767441860465,245.839188161512,0.3830749354005168,Billiards/v_Billiards_g07_c01.avi,11,11,1,1.0,0
0.0136003651903501,0.1268207454694136,4.257346591481601,0.996124031007752,715.5968992248062,1074.637718073707,0.2044573643410852,Billiards/v_Billiards_g07_c02.avi,11,11,1,1.0,0
0.0393851485568918,0.216615777220226,8.097067370350823,0.99281330749354,189.02325581395348,199.5195960967468,0.5193798449612403,Billiards/v_Billiards_g07_c03.avi,11,11,1,1.0,0
0.0251129189950401,0.1274051705834932,4.0,0.9966085271317828,281.86046511627904,294.96153327410605,0.3678940568475452,Billiards/v_Billiards_g07_c04.avi,11,11,1,1.0,0
1.2849209266775314,2.933048702891422,27.24340516528725,0.6944444444444444,462.3255813953488,689.41996924716,0.296188630490956,BlowDryHair/v_BlowDryHair_g01_c01.avi,12,12,1,1.0,0
1.9087972498158787,6.339625354715288,166.94956199403458,0.6926679586563308,624.4341085271318,742.64062531718,0.2089793281653746,BlowDryHair/v_BlowDryHair_g01_c02.avi,12,12,1,1.0,0
2.276314699991582,5.1994063966920345,69.8065407035759,0.6011789405684754,417.5503875968992,630.8474054884254,0.3045865633074935,BlowDryHair/v_BlowDryHair_g01_c03.avi,12,12,1,1.0,0
1.9886119678878864,4.2137074396438,72.83543093852057,0.6516472868217055,411.2868217054264,633.1804204688362,0.3359173126614987,BlowDryHair/v_BlowDryHair_g01_c04.avi,12,12,1,1.0,0
1.5969509175648149,5.610706844779733,153.11433636338563,0.8185562015503876,678.6976744186046,1106.46025863927,0.2273901808785529,BlowDryHair/v_BlowDryHair_g02_c01.avi,12,12,1,0.9999991655349731,0
0.8734069529895276,4.868693013524381,152.46172675461864,0.906653746770026,1371.7209302325582,1543.6494108169163,0.1489018087855297,BlowDryHair/v_BlowDryHair_g02_c02.avi,12,12,1,0.9999998807907104,0
1.7220728184483023,8.629393159832285,246.60291969074493,0.8941375968992248,1430.015503875969,1631.658128353377,0.1618217054263566,BlowDryHair/v_BlowDryHair_g02_c03.avi,12,12,1,0.9999998807907104,0
0.7880587664532163,6.155972011034657,219.25783908448972,0.9064922480620154,1042.2325581395348,1380.8894477281465,0.1698966408268734,BlowDryHair/v_BlowDryHair_g02_c04.avi,12,12,1,1.0,0
0.9684052873375044,4.163422951923657,268.1678578800972,0.8518249354005168,1123.1627906976744,1464.40572803096,0.1941214470284237,BlowDryHair/v_BlowDryHair_g02_c05.avi,12,12,1,1.0,0
1.7273712036253193,6.617377350716487,255.440795488896,0.7014696382428941,221.89147286821705,164.487517035857,0.295219638242894,BlowDryHair/v_BlowDryHair_g03_c01.avi,12,12,1,1.0,0
1.676360484880558,7.39697413386511,185.44001725625455,0.6828165374677002,237.33333333333331,169.45939274089736,0.2354651162790697,BlowDryHair/v_BlowDryHair_g03_c02.avi,12,12,1,0.9999983310699464,0
0.6961525278892068,2.247260482526296,43.73785545725808,0.8488372093023255,197.89147286821705,172.3051754683518,0.4215116279069767,BlowDryHair/v_BlowDryHair_g03_c03.avi,12,12,1,1.0,0
1.3190682904962012,5.041199466521257,119.09981370682324,0.773094315245478,194.4186046511628,183.71289944178884,0.4602713178294573,BlowDryHair/v_BlowDryHair_g03_c04.avi,12,12,1,1.0,0
2.4692551232404667,9.288942407600848,223.9866067424568,0.5209140826873385,233.6124031007752,151.15679574675647,0.2199612403100775,BlowDryHair/v_BlowDryHair_g03_c05.avi,12,12,1,1.0,0
0.2296699124721139,0.7888502950952401,14.0356688476182,0.9295058139534884,1303.4418604651162,1579.2057070642966,0.2344961240310077,BlowDryHair/v_BlowDryHair_g04_c01.avi,12,12,1,0.9998668432235718,0
0.2203326865313492,0.7316534413333067,15.581439278834289,0.9337047803617572,1229.5193798449611,1335.836335312339,0.1828165374677002,BlowDryHair/v_BlowDryHair_g04_c02.avi,12,12,1,0.9710258841514589,0
0.2695996427318908,0.7916956975602922,13.048587088263618,0.9282138242894056,938.3565891472869,1094.095058427369,0.2238372093023256,BlowDryHair/v_BlowDryHair_g04_c03.avi,12,12,1,0.9912511706352234,0
0.3147023738215168,2.0634431410596,91.0,0.937015503875969,1008.8682170542636,1300.563976531666,0.1847545219638243,BlowDryHair/v_BlowDryHair_g04_c04.avi,12,12,1,0.9998923540115356,0
0.1112189684331504,0.6954945978817944,15.811388300841896,0.9748062015503876,1488.6821705426355,1522.8596620001551,0.1443798449612403,BlowDryHair/v_BlowDryHair_g04_c05.avi,12,12,1,0.9749093055725098,0
1.386203533032407,1.6405373173902733,18.084869366406824,0.5233365633074936,299.16279069767444,262.5110345616554,0.2041343669250646,BlowDryHair/v_BlowDryHair_g05_c01.avi,12,12,1,1.0,0
1.2620682772899283,1.9089568216449568,17.240939649566666,0.5872093023255814,316.7751937984496,246.1788988466833,0.0956072351421188,BlowDryHair/v_BlowDryHair_g05_c02.avi,12,33,0,0.6340388655662537,1
1.5595073972582747,4.125264412078744,88.25,0.5740471576227391,360.3720930232558,349.5579283433753,0.2871447028423772,BlowDryHair/v_BlowDryHair_g05_c03.avi,12,12,1,1.0,0
1.496458426474711,5.723631923689259,129.58250267686606,0.6585109819121447,333.3333333333333,308.8424332549065,0.2277131782945736,BlowDryHair/v_BlowDryHair_g05_c04.avi,12,12,1,1.0,0
1.8695460569046347,3.5422416769782057,38.60051813123757,0.5928617571059431,352.5581395348837,311.3237529934618,0.1740956072351421,BlowDryHair/v_BlowDryHair_g05_c05.avi,12,12,1,1.0,0
2.6322054954910072,5.619387206786665,69.93948276903397,0.5892280361757106,307.968992248062,507.7870508008253,0.2047803617571059,BlowDryHair/v_BlowDryHair_g06_c01.avi,12,33,0,0.9755584001541138,1
5.327080297027177,9.52082631498038,181.3394606807906,0.4895025839793281,273.6124031007752,218.5094080275508,0.1873385012919896,BlowDryHair/v_BlowDryHair_g06_c02.avi,12,33,0,0.9305732846260072,1
1.0845740151009835,6.0276122764881634,135.0,0.8436692506459949,347.4108527131783,610.3282839143084,0.3624031007751938,BlowDryHair/v_BlowDryHair_g06_c03.avi,12,12,1,0.9739117622375488,0
1.1219760264372154,4.022842422206039,200.06889438390965,0.6796673126614987,284.4651162790698,255.2768992579507,0.2393410852713178,BlowDryHair/v_BlowDryHair_g06_c04.avi,12,33,0,0.8077778816223145,1
1.0411676815535102,4.704471688563728,214.75567512873783,0.7837532299741602,294.8837209302326,231.63134395507387,0.1372739018087855,BlowDryHair/v_BlowDryHair_g06_c05.avi,12,33,0,0.5316023230552673,1
0.9585679226634588,2.967946560751922,95.00526301210895,0.7899709302325582,260.52713178294573,172.02370836780187,0.1417958656330749,BlowDryHair/v_BlowDryHair_g06_c06.avi,12,12,1,0.9980900883674622,0
2.0893866349188888,4.901044889119533,78.12749996000127,0.6700581395348837,303.93798449612405,375.69309080639033,0.2477390180878552,BlowDryHair/v_BlowDryHair_g06_c07.avi,12,33,0,0.9906336069107056,1
1.6520353715834706,3.049051668287249,53.9351462406472,0.6283914728682171,426.4806201550388,364.0411234282498,0.166343669250646,BlowDryHair/v_BlowDryHair_g07_c01.avi,12,12,1,0.9998825788497924,0
2.371592138457856,4.037583144483936,34.3861345603137,0.5385981912144703,415.2558139534884,368.783045379287,0.2118863049095607,BlowDryHair/v_BlowDryHair_g07_c02.avi,12,12,1,0.9986745119094848,0
2.950497658043738,7.614246217971415,216.08331726442927,0.5239018087855297,393.86046511627904,385.4983836358204,0.3349483204134367,BlowDryHair/v_BlowDryHair_g07_c03.avi,12,12,1,0.8249325752258301,0
0.9022272721117204,2.455102433567541,102.0003063720889,0.7375645994832042,417.30232558139534,380.4151670174538,0.2541989664082687,BlowDryHair/v_BlowDryHair_g07_c04.avi,12,12,1,0.9999995231628418,0
2.4003760545416792,5.58641972835986,124.5,0.58656330749354,402.9767441860465,379.5047867683586,0.2861757105943152,BlowDryHair/v_BlowDryHair_g07_c05.avi,12,12,1,0.9999991655349731,0
1.479463882941251,5.548312669190183,246.95976392926843,0.7147932816537468,409.05426356589146,378.38711792151935,0.2661498708010336,BlowDryHair/v_BlowDryHair_g07_c06.avi,12,12,1,1.0,0
2.948905190506472,6.395302057757878,128.8757274470255,0.4978197674418604,401.48837209302326,382.0152421221292,0.3003875968992248,BlowDryHair/v_BlowDryHair_g07_c07.avi,12,12,1,0.999902844429016,0
3.488965048618712,5.942875128791872,184.04347312523743,0.3666020671834625,306.7906976744186,384.3153113240713,0.2729328165374677,BlowingCandles/v_BlowingCandles_g01_c01.avi,13,13,1,0.9999974966049194,0
1.7584391315192696,2.930944958977736,58.0,0.5087209302325582,320.62015503875966,246.11861997348024,0.0820413436692506,BlowingCandles/v_BlowingCandles_g01_c02.avi,13,13,1,1.0,0
0.8521881730750678,2.579277560812404,116.87560160272972,0.7806847545219638,335.50387596899225,447.61639383683047,0.1285529715762274,BlowingCandles/v_BlowingCandles_g01_c03.avi,13,13,1,1.0,0
0.952177222134642,2.95152201846284,63.7122437212817,0.7604166666666666,249.92248062015503,188.2074400824092,0.2177002583979328,BlowingCandles/v_BlowingCandles_g01_c04.avi,13,13,1,1.0,0
5.3282817519631065,10.95608531769841,293.9442974442607,0.5654877260981912,1277.1472868217054,1564.784489214549,0.1337209302325581,BlowingCandles/v_BlowingCandles_g02_c01.avi,13,13,1,0.999996781349182,0
1.4389740016202104,2.676183125647229,19.76186352548767,0.6287144702842378,402.6666666666667,620.6220102337359,0.2722868217054263,BlowingCandles/v_BlowingCandles_g02_c02.avi,13,13,1,0.99999737739563,0
0.455375453512893,0.9678144500419592,16.62077013859466,0.8446382428940569,345.1782945736434,318.3976950953835,0.2215762273901808,BlowingCandles/v_BlowingCandles_g02_c03.avi,13,13,1,0.9999010562896729,0
1.19935353874995,2.4963658875902546,22.67708094089713,0.7153585271317829,361.73643410852713,433.4108014125662,0.3084625322997416,BlowingCandles/v_BlowingCandles_g02_c04.avi,13,13,1,1.0,0
0.912742157957098,3.877558441685773,198.4968513604183,0.7443475452196382,519.7519379844962,890.2715205630817,0.2709948320413436,BlowingCandles/v_BlowingCandles_g03_c01.avi,13,13,1,1.0,0
3.830471249274983,6.190449067133729,182.4719156473127,0.437984496124031,503.50387596899225,848.9175974111263,0.234173126614987,BlowingCandles/v_BlowingCandles_g03_c02.avi,13,13,1,1.0,0
0.6276462328197934,3.555600542429968,100.75286906584844,0.8766957364341085,1706.7286821705427,1782.7947390054176,0.1262919896640827,BlowingCandles/v_BlowingCandles_g03_c03.avi,13,13,1,1.0,0
2.5145845042684773,5.669822891418485,116.84177335182824,0.5889857881136951,444.6511627906977,844.3100632846705,0.2978036175710594,BlowingCandles/v_BlowingCandles_g03_c04.avi,13,13,1,1.0,0
1.696240660410448,6.648399098471129,313.37569804469524,0.6539890180878553,256.4961240310077,160.07363247716418,0.1369509043927648,BlowingCandles/v_BlowingCandles_g04_c01.avi,13,13,1,1.0,0
4.709864180666122,5.884078981619469,40.049968789001575,0.1650516795865633,284.5891472868217,325.7228957925109,0.1301679586563307,BlowingCandles/v_BlowingCandles_g04_c02.avi,13,13,1,1.0,0
0.8609755882759733,1.275405524938385,28.0178514522438,0.7170542635658915,265.7984496124031,228.73238077084795,0.2435400516795865,BlowingCandles/v_BlowingCandles_g04_c03.avi,13,13,1,1.0,0
2.1391859437307863,1.629137364078134,10.502975768800002,0.2829457364341085,284.09302325581393,188.39145464665637,0.0797803617571059,BlowingCandles/v_BlowingCandles_g04_c04.avi,13,13,1,1.0,0
1.194129321636448,2.2816618246406883,25.0,0.6427648578811369,296.9922480620155,419.4756508372493,0.1314599483204134,BlowingCandles/v_BlowingCandles_g04_c05.avi,13,13,1,1.0,0
3.004895901766009,6.115971743724324,217.5132179891604,0.3145187338501292,265.984496124031,176.30848513379172,0.1275839793281653,BlowingCandles/v_BlowingCandles_g05_c01.avi,13,13,1,1.0,0
1.3235443941027434,1.7685969434607367,19.253652250936703,0.5818798449612403,250.91472868217053,153.53751307938006,0.1492248062015503,BlowingCandles/v_BlowingCandles_g05_c02.avi,13,13,1,1.0,0
1.571780172649505,2.57256494415947,112.65274353072807,0.3540051679586563,304.86821705426354,230.2241368229901,0.0968992248062015,BlowingCandles/v_BlowingCandles_g05_c03.avi,13,13,1,1.0,0
1.946325240718811,3.080556031967945,43.73213921133976,0.489906330749354,282.2325581395349,202.3624238041108,0.1166020671834625,BlowingCandles/v_BlowingCandles_g05_c04.avi,13,13,1,1.0,0
1.091534318941426,2.7649958289761027,53.60037313302959,0.6809593023255814,314.6046511627907,244.15760631721625,0.0978682170542635,BlowingCandles/v_BlowingCandles_g05_c05.avi,13,13,1,1.0,0
3.380282870008388,5.47774513060081,316.0063290505429,0.2444282945736434,242.9767441860465,121.3017548852319,0.1350129198966408,BlowingCandles/v_BlowingCandles_g06_c01.avi,13,13,1,1.0,0
0.7443460595571845,1.3642376838348504,25.55386467836128,0.7662306201550387,305.3643410852713,424.85521360446006,0.1253229974160206,BlowingCandles/v_BlowingCandles_g06_c02.avi,13,13,1,1.0,0
1.914245252381073,1.9442335120378,49.678969393496885,0.3145187338501292,304.6821705426357,226.16787290942543,0.087532299741602,BlowingCandles/v_BlowingCandles_g06_c03.avi,13,13,1,1.0,0
1.2315242720938528,3.1153460374679858,82.3286098510111,0.741844315245478,299.4108527131783,223.1407110692313,0.0994832041343669,BlowingCandles/v_BlowingCandles_g06_c04.avi,13,13,1,1.0,0
2.399384427276856,5.765200153337702,248.67649667791284,0.3176679586563307,332.8992248062016,266.021501869235,0.0956072351421188,BlowingCandles/v_BlowingCandles_g06_c05.avi,13,13,1,1.0,0
0.7373240902478593,2.459937083298224,72.80109889280519,0.8011143410852714,339.28682170542635,297.52569282054964,0.1708656330749354,BlowingCandles/v_BlowingCandles_g06_c06.avi,13,13,1,1.0,0
2.253334634045619,2.8861706215800216,53.53503525729669,0.1971899224806201,375.8139534883721,308.2951814009872,0.0943152454780361,BlowingCandles/v_BlowingCandles_g06_c07.avi,13,13,1,1.0,0
4.66591223504237,9.957274224948245,182.0988742414406,0.4708494832041344,377.3643410852713,485.1318679195148,0.1895994832041343,BlowingCandles/v_BlowingCandles_g07_c01.avi,13,13,1,1.0,0
5.720893269283217,9.834306411213356,309.438200615244,0.5015342377260982,200.8062015503876,123.17190845037764,0.3288113695090439,BlowingCandles/v_BlowingCandles_g07_c02.avi,13,13,1,1.0,0
5.802410168920734,11.2081778718297,262.788531903506,0.3655523255813953,210.9767441860465,134.34310263876213,0.2965116279069767,BlowingCandles/v_BlowingCandles_g07_c03.avi,13,13,1,1.0,0
2.9067058627218225,8.905242824714055,225.0199991111901,0.5102551679586563,238.015503875969,166.3068045751644,0.2267441860465116,BlowingCandles/v_BlowingCandles_g07_c04.avi,13,13,1,1.0,0
0.3121579638113099,0.7203879934703818,46.52956049652737,0.9106912144702842,738.1085271317829,804.5683636508169,0.1182170542635659,BodyWeightSquats/v_BodyWeightSquats_g01_c01.avi,14,14,1,0.9999823570251464,0
0.7645606788130539,3.1449918291795407,80.62257748298549,0.8175872093023255,687.8139534883721,688.5492418193134,0.1308139534883721,BodyWeightSquats/v_BodyWeightSquats_g01_c02.avi,14,14,1,0.999997615814209,0
0.7976775384202092,3.33009969286732,92.6120942425988,0.8176679586563308,616.4341085271318,480.0912678890078,0.1227390180878553,BodyWeightSquats/v_BodyWeightSquats_g01_c03.avi,14,14,1,0.9999994039535522,0
1.1597392922980931,4.359669850155627,97.12363255150623,0.8287306201550387,601.4883720930233,482.8990154961152,0.1424418604651162,BodyWeightSquats/v_BodyWeightSquats_g01_c04.avi,14,14,1,0.9999849796295166,0
0.895853238019653,2.3764205869741493,104.9952379872535,0.7403100775193798,248.9922480620155,316.4242196191892,0.2419250645994832,BodyWeightSquats/v_BodyWeightSquats_g02_c01.avi,14,16,0,0.8392931818962097,1
0.7814351849003598,3.0276479870443143,160.312195418814,0.7338501291989664,233.7984496124031,173.10441263010856,0.2577519379844961,BodyWeightSquats/v_BodyWeightSquats_g02_c02.avi,14,16,0,0.5472595691680908,1
1.2421761644604683,3.760915212543671,161.27616066858735,0.6723191214470284,239.50387596899225,161.22862211663298,0.2112403100775193,BodyWeightSquats/v_BodyWeightSquats_g02_c03.avi,14,14,1,0.8747453689575195,0
0.7962483423203363,2.1224750121018663,61.0,0.7801195090439277,207.1937984496124,158.3898672234438,0.3523901808785529,BodyWeightSquats/v_BodyWeightSquats_g02_c04.avi,14,85,0,0.99998939037323,1
0.0629814302120496,0.1974830778348668,5.55090082779363,0.9921673126614988,964.9612403100776,1309.4985394624448,0.1459948320413436,BodyWeightSquats/v_BodyWeightSquats_g03_c01.avi,14,14,1,0.9550981521606444,0
0.5096277597025333,2.974721529325313,94.35736590219123,0.9324935400516796,443.968992248062,846.089187832584,0.3155684754521964,BodyWeightSquats/v_BodyWeightSquats_g03_c02.avi,14,46,0,0.8091945052146912,1
0.4794497746094934,2.203315526239547,57.706152185014034,0.9285368217054264,551.0697674418604,991.0621362574608,0.2719638242894057,BodyWeightSquats/v_BodyWeightSquats_g03_c03.avi,14,14,1,0.847393810749054,0
0.2089838317922584,0.6892081529724633,17.46424919657298,0.944202196382429,321.92248062015506,548.7727479334835,0.3905038759689923,BodyWeightSquats/v_BodyWeightSquats_g03_c04.avi,14,46,0,0.997692346572876,1
0.8752454440340507,3.473016092925885,95.77055915050305,0.9011627906976744,309.0232558139535,464.3511846813584,0.3026485788113695,BodyWeightSquats/v_BodyWeightSquats_g03_c05.avi,14,46,0,0.9799547791481018,1
4.723752999753804,10.163414291594863,144.25,0.405281007751938,350.3255813953488,402.5853496641388,0.2038113695090439,BodyWeightSquats/v_BodyWeightSquats_g04_c01.avi,14,14,1,0.9372521042823792,0
1.178419000070223,1.9083679724570888,29.068883707497267,0.6549580103359173,368.4341085271318,420.9977783542854,0.2309431524547803,BodyWeightSquats/v_BodyWeightSquats_g04_c02.avi,14,69,0,0.6783270835876465,1
1.2239054884284264,1.533318022157948,17.001838135919304,0.5971414728682171,331.968992248062,312.66575605190855,0.2451550387596899,BodyWeightSquats/v_BodyWeightSquats_g04_c03.avi,14,69,0,0.9979029893875122,1
1.1692831961683472,2.1069652623312534,59.25,0.6795058139534884,371.90697674418607,487.54037704958415,0.2180232558139535,BodyWeightSquats/v_BodyWeightSquats_g04_c04.avi,14,69,0,0.9346535205841064,1
3.4877806754865435,9.417254238052683,232.5510696599781,0.3915536175710594,608.8682170542636,1107.9355715452368,0.2422480620155038,BodyWeightSquats/v_BodyWeightSquats_g05_c01.avi,14,14,1,1.0,0
1.6068673704112744,1.5871205995996982,12.041594578792296,0.4463824289405684,601.6744186046511,1077.413002389374,0.2138242894056847,BodyWeightSquats/v_BodyWeightSquats_g05_c02.avi,14,14,1,1.0,0
3.881017864554034,4.72406159888408,114.56984769126647,0.314922480620155,507.4728682170543,874.2744507048913,0.1346899224806201,BodyWeightSquats/v_BodyWeightSquats_g05_c03.avi,14,14,1,1.0,0
8.645911473861581,13.02298102841643,202.95415892511292,0.1570574935400517,266.04651162790697,331.8642166636601,0.2254521963824289,BodyWeightSquats/v_BodyWeightSquats_g05_c04.avi,14,14,1,1.0,0
0.2240028118231529,0.512670663178441,10.077822185373186,0.9441214470284238,360.06201550387595,536.7122386920473,0.1957364341085271,BodyWeightSquats/v_BodyWeightSquats_g06_c01.avi,14,14,1,1.0,0
0.3219263928011462,1.629191277052509,50.75985126061738,0.9418604651162792,324.09302325581393,396.9385058081233,0.2655038759689923,BodyWeightSquats/v_BodyWeightSquats_g06_c02.avi,14,14,1,1.0,0
0.3291021776856024,1.244085493532569,40.11234224026316,0.92546834625323,360.1240310077519,535.8009437122856,0.1902454780361757,BodyWeightSquats/v_BodyWeightSquats_g06_c03.avi,14,14,1,0.9545001983642578,0
0.616216118208163,2.5336835764405947,38.29694831184334,0.8867894056847545,371.5348837209302,542.4870954991704,0.1954134366925064,BodyWeightSquats/v_BodyWeightSquats_g06_c04.avi,14,14,1,0.9205625653266908,0
0.2907161934362428,1.4859913263996267,45.880278987817846,0.9354812661498708,304.2480620155039,275.7604856428503,0.2241602067183462,BodyWeightSquats/v_BodyWeightSquats_g06_c05.avi,14,69,0,0.99992835521698,1
0.1324357900038997,0.4137446300831998,8.519279605694368,0.962936046511628,247.56589147286823,222.82818649594915,0.3049095607235142,BodyWeightSquats/v_BodyWeightSquats_g07_c01.avi,14,14,1,0.997775137424469,0
0.1793356531238223,0.5494141451980615,11.94060823408925,0.9613210594315246,253.27131782945736,253.179219297931,0.359173126614987,BodyWeightSquats/v_BodyWeightSquats_g07_c02.avi,14,14,1,0.9999799728393556,0
0.224123563964162,0.9624255793611058,40.311288741492746,0.945171188630491,308.8992248062016,528.8842115474854,0.3200904392764858,BodyWeightSquats/v_BodyWeightSquats_g07_c03.avi,14,14,1,0.999974250793457,0
0.4281467980531475,2.2716208215033684,79.92066378603221,0.9249031007751938,262.13953488372096,359.89181716857627,0.3465762273901809,BodyWeightSquats/v_BodyWeightSquats_g07_c04.avi,14,14,1,0.997873067855835,0
2.047031789523277,6.377568693397365,205.47749268472205,0.5825258397932817,333.4573643410853,278.3526013221733,0.1301679586563307,Bowling/v_Bowling_g01_c01.avi,15,15,1,1.0,0
2.671059566668938,6.185988171145168,291.7681014093213,0.4546188630490956,407.6279069767442,608.7643995051958,0.1805555555555555,Bowling/v_Bowling_g01_c02.avi,15,15,1,1.0,0
1.3242604932978217,2.5802028546321907,45.75,0.6386466408268734,406.015503875969,544.4043467707488,0.1127260981912144,Bowling/v_Bowling_g01_c03.avi,15,15,1,1.0,0
0.865650550851531,3.83421458709084,237.01898658124412,0.7319121447028424,356.15503875968994,462.7286520417202,0.1372739018087855,Bowling/v_Bowling_g01_c04.avi,15,15,1,1.0,0
1.2475990675575708,2.2820451139233744,15.433830535547552,0.6522125322997416,373.6434108527132,390.10127483401766,0.0797803617571059,Bowling/v_Bowling_g01_c05.avi,15,15,1,1.0,0
1.3099328809201876,1.8849721690101409,25.45829923620193,0.5726744186046512,392.5581395348837,544.6327246496757,0.1492248062015503,Bowling/v_Bowling_g01_c06.avi,15,15,1,1.0,0
1.3968123981192364,2.29265828002408,25.059928172283332,0.6183785529715762,363.2868217054264,385.2275114302802,0.0897932816537467,Bowling/v_Bowling_g01_c07.avi,15,15,1,1.0,0
5.932076450987123,10.313499852550947,105.30432089900204,0.3436692506459948,345.984496124031,290.9402555813983,0.1282299741602067,Bowling/v_Bowling_g02_c01.avi,15,15,1,1.0,0
1.014599605327268,2.418369496132977,45.39823785126467,0.809593023255814,373.8914728682171,363.4133026348089,0.3007105943152455,Bowling/v_Bowling_g02_c02.avi,15,15,1,0.9999433755874634,0
5.440023832975993,9.406620968147086,80.02499609497022,0.3349483204134367,348.15503875968994,330.9882418954796,0.2564599483204134,Bowling/v_Bowling_g02_c03.avi,15,15,1,1.0,0
3.720311023004132,5.262272675975903,38.01315561749642,0.3709625322997416,359.1937984496124,330.2841172401054,0.2196382428940568,Bowling/v_Bowling_g02_c04.avi,15,15,1,0.999975085258484,0
0.835723874427733,1.3201210224749216,12.539936203984452,0.7759205426356589,436.6511627906977,796.8397721616611,0.2231912144702842,Bowling/v_Bowling_g03_c01.avi,15,15,1,1.0,0
1.180097424189126,4.063814284419619,177.0706073858674,0.7331233850129198,329.92248062015506,446.5766705426027,0.1421188630490956,Bowling/v_Bowling_g03_c02.avi,15,15,1,1.0,0
1.8047867295083924,3.8555992242174577,206.0728026693479,0.5755813953488372,383.8139534883721,530.1772961818485,0.0888242894056847,Bowling/v_Bowling_g03_c03.avi,15,15,1,1.0,0
2.174118473561475,13.277060480144304,225.0,0.7382913436692506,275.7829457364341,356.7398670353622,0.2793927648578811,Bowling/v_Bowling_g03_c04.avi,15,15,1,1.0,0
3.0961876663052403,3.736186069341506,16.492422502470642,0.3309108527131782,324.71317829457365,361.5033038072292,0.1175710594315245,Bowling/v_Bowling_g03_c05.avi,15,15,1,1.0,0
1.448015384676832,6.144446041552058,171.25,0.596656976744186,292.2170542635659,331.43907413609344,0.1214470284237726,Bowling/v_Bowling_g03_c06.avi,15,15,1,1.0,0
3.388550360805864,8.128807337601051,338.0,0.460594315245478,520.8062015503876,977.3369137929436,0.1595607235142118,Bowling/v_Bowling_g03_c07.avi,15,15,1,1.0,0
1.0950302702455603,1.660858117824365,25.07052552301208,0.657703488372093,491.90697674418607,672.673797511321,0.1201550387596899,Bowling/v_Bowling_g04_c01.avi,15,15,1,0.9999998807907104,0
0.3916513224667237,0.8054333342686728,14.089002803605371,0.8906653746770026,398.2015503875969,433.03549776337934,0.2038113695090439,Bowling/v_Bowling_g04_c02.avi,15,15,1,1.0,0
1.2710128912217786,3.14514466814772,21.02379604162864,0.7802002583979328,379.7829457364341,365.46219989776415,0.2919896640826873,Bowling/v_Bowling_g04_c03.avi,15,15,1,1.0,0
1.3110458071369435,2.8082762817312643,36.91967632577512,0.719234496124031,375.68992248062017,347.2468415525345,0.233204134366925,Bowling/v_Bowling_g04_c04.avi,15,15,1,0.9999998807907104,0
0.1746384414286458,1.196245333760911,24.502869729890826,0.9728682170542636,453.7674418604651,525.2042277061682,0.2231912144702842,Bowling/v_Bowling_g05_c01.avi,15,15,1,1.0,0
0.1235800193883049,0.6037715922625307,10.162738312088925,0.9657622739018088,522.8527131782946,639.5946766504669,0.1708656330749354,Bowling/v_Bowling_g05_c02.avi,15,15,1,1.0,0
0.2221367694306269,0.977455608993692,18.756665481902694,0.9434754521963824,414.26356589147287,449.1733927277653,0.2403100775193798,Bowling/v_Bowling_g05_c03.avi,15,15,1,1.0,0
0.2597155191681632,1.2423147976529751,16.1245154965971,0.9426679586563308,385.48837209302326,344.43998174948047,0.1950904392764857,Bowling/v_Bowling_g05_c04.avi,15,15,1,1.0,0
0.2291172357733688,1.995067561971848,53.0,0.9508236434108528,470.6356589147287,581.6157118302615,0.1986434108527131,Bowling/v_Bowling_g05_c05.avi,15,15,1,1.0,0
0.1261222116810415,0.6775589436736903,11.236102527122116,0.9587370801033592,618.7286821705426,544.7327451107907,0.1508397932816537,Bowling/v_Bowling_g05_c06.avi,15,15,1,1.0,0
0.1179343252808018,0.7398890253216106,21.137200618814216,0.9703649870801032,491.84496124031006,466.3555294396669,0.16828165374677,Bowling/v_Bowling_g05_c07.avi,15,15,1,1.0,0
0.1921905846185369,0.3762268054323687,8.00390529679106,0.9287790697674418,215.06976744186048,161.0866292069216,0.3204134366925064,Bowling/v_Bowling_g06_c01.avi,15,15,1,1.0,0
1.081790156536446,1.6698700175808758,27.51363298439521,0.7039728682170543,221.6434108527132,179.13044912973433,0.3236434108527132,Bowling/v_Bowling_g06_c02.avi,15,15,1,1.0,0
1.8479572872635648,6.263377826965433,195.4405280385826,0.8649870801033591,240.1860465116279,322.8523498525296,0.3020025839793281,Bowling/v_Bowling_g06_c03.avi,15,43,0,0.936298370361328,1
0.4269048119649223,1.1242953714716335,14.625,0.8818636950904393,198.75968992248065,151.50781058965669,0.3808139534883721,Bowling/v_Bowling_g06_c04.avi,15,29,0,0.9363898038864136,1
2.385876139149146,3.992912294493416,32.01562118716424,0.4735949612403101,303.7519379844961,432.068829411423,0.1647286821705426,Bowling/v_Bowling_g06_c05.avi,15,15,1,1.0,0
9.222637834905942,15.012476878755546,242.3040445390873,0.2344153746770025,273.73643410852713,320.5127074692983,0.1543927648578811,Bowling/v_Bowling_g06_c06.avi,15,15,1,0.9952902793884276,0
0.3869982425767002,1.1526974432571246,18.001736027394692,0.8812984496124031,213.8294573643411,146.01773939331824,0.3010335917312661,Bowling/v_Bowling_g06_c07.avi,15,15,1,1.0,0
0.6821310170073008,1.2946879265189446,14.221462653327892,0.8138727390180879,429.5193798449613,657.0140005443135,0.1285529715762274,Bowling/v_Bowling_g07_c01.avi,15,15,1,1.0,0
1.3043715086981418,4.32670080129958,318.50245289479324,0.7550872093023255,441.73643410852713,608.9950741183894,0.1023901808785529,Bowling/v_Bowling_g07_c02.avi,15,15,1,1.0,0
0.7002258225351348,1.85413779586622,35.88958762649691,0.823078165374677,346.1085271317829,390.4738770865189,0.1650516795865633,Bowling/v_Bowling_g07_c03.avi,15,15,1,1.0,0
0.757588757784312,4.090142328380228,216.5005773664357,0.8172642118863049,497.1782945736434,756.6752905591856,0.1017441860465116,Bowling/v_Bowling_g07_c04.avi,15,15,1,1.0,0
0.4363596832328394,1.3171285739889094,21.302875392772684,0.8804909560723514,343.68992248062017,334.91208607979434,0.2848837209302325,Bowling/v_Bowling_g07_c05.avi,15,15,1,1.0,0
1.7769768520665004,3.612149034649357,135.12523126714714,0.6409076227390181,635.9069767441861,946.085787298419,0.0872093023255814,Bowling/v_Bowling_g07_c06.avi,15,15,1,1.0,0
1.56196508952003,5.942967469362838,176.25,0.6513242894056848,541.0232558139535,836.1773898917285,0.0697674418604651,Bowling/v_Bowling_g07_c07.avi,15,15,1,1.0,0
0.1811041241937515,0.9188041708766336,22.682936868933,0.9585755813953488,227.2248062015504,186.28582025079857,0.3126614987080103,BoxingPunchingBag/v_BoxingPunchingBag_g01_c01.avi,16,16,1,1.0,0
0.3703747457961365,1.5472856022774035,37.75331111306662,0.9180394056847544,192.8682170542636,121.66999336080364,0.3649870801033592,BoxingPunchingBag/v_BoxingPunchingBag_g01_c02.avi,16,16,1,1.0,0
0.3560835179965174,1.3864808526429282,30.543258257756325,0.9177971576227392,221.02325581395348,323.3546176591464,0.3888888888888889,BoxingPunchingBag/v_BoxingPunchingBag_g01_c03.avi,16,16,1,1.0,0
0.2379601451034521,0.9779116873193116,20.09975124224178,0.9362080103359172,228.8372093023256,175.1364823578375,0.2835917312661499,BoxingPunchingBag/v_BoxingPunchingBag_g01_c04.avi,16,16,1,1.0,0
0.1668304182481198,0.7355751375475086,16.0,0.9554263565891472,196.96124031007756,143.9076148036011,0.3772609819121447,BoxingPunchingBag/v_BoxingPunchingBag_g01_c05.avi,16,16,1,1.0,0
0.2079719744919402,0.7665750542730149,17.88854381999832,0.9453326873385012,260.6511627906977,236.64465399854225,0.2845607235142119,BoxingPunchingBag/v_BoxingPunchingBag_g01_c06.avi,16,16,1,1.0,0
0.1355010644919633,0.7324476966097722,17.62898891031474,0.9693152454780362,184.68217054263565,134.65649576850385,0.4231266149870801,BoxingPunchingBag/v_BoxingPunchingBag_g01_c07.avi,16,16,1,1.0,0
0.8009471239967452,3.2809834356751995,112.80514172678478,0.8557009043927648,372.8372093023256,498.01283864241606,0.2713178294573643,BoxingPunchingBag/v_BoxingPunchingBag_g02_c01.avi,16,17,0,0.9472435712814332,1
1.1922085692150293,4.68615804543162,195.54910668422903,0.8140342377260982,355.1007751937984,493.05885688829096,0.2978036175710594,BoxingPunchingBag/v_BoxingPunchingBag_g02_c02.avi,16,16,1,0.9979244470596312,0
0.8314431965639001,4.231950851641587,229.7548965745888,0.8450419896640827,393.86046511627904,623.9936486481829,0.3181524547803617,BoxingPunchingBag/v_BoxingPunchingBag_g02_c03.avi,16,16,1,0.9919191598892212,0
1.5018904607347114,4.3711716947711565,85.9731971314316,0.7994186046511628,467.0387596899225,640.1540076703778,0.2625968992248062,BoxingPunchingBag/v_BoxingPunchingBag_g02_c04.avi,16,16,1,0.9996280670166016,0
0.687833181810342,4.301715812242202,230.0149791317948,0.8646640826873385,295.06976744186045,388.8959563944396,0.3352713178294573,BoxingPunchingBag/v_BoxingPunchingBag_g02_c05.avi,16,17,0,0.9584664702415466,1
0.6073412712191636,1.865294955583932,50.00999900019995,0.8529554263565892,381.1472868217055,510.0270110004008,0.3133074935400516,BoxingPunchingBag/v_BoxingPunchingBag_g02_c06.avi,16,17,0,0.5781603455543518,1
0.9896082711793198,2.600535715075923,41.97618372363071,0.7891634366925064,500.3410852713178,737.5507812880868,0.272609819121447,BoxingPunchingBag/v_BoxingPunchingBag_g02_c07.avi,16,17,0,0.8585576415061951,1
0.6621974344692927,2.3523947244898085,53.60037313302959,0.8710432816537468,356.031007751938,649.8464450462852,0.2748708010335917,BoxingPunchingBag/v_BoxingPunchingBag_g03_c01.avi,16,16,1,1.0,0
0.4562545615841691,1.4920046341781117,41.82179455738359,0.8885658914728682,244.15503875968992,196.99598428254347,0.2606589147286822,BoxingPunchingBag/v_BoxingPunchingBag_g03_c02.avi,16,16,1,1.0,0
0.4754235122479384,1.492044021573277,33.13608305156178,0.8800064599483204,279.8139534883721,352.04011768044694,0.2454780361757106,BoxingPunchingBag/v_BoxingPunchingBag_g03_c03.avi,16,16,1,1.0,0
0.6538648938261882,2.439157803392332,118.9621788637044,0.8665213178294574,247.4418604651163,331.9059338809354,0.3029715762273902,BoxingPunchingBag/v_BoxingPunchingBag_g03_c04.avi,16,16,1,1.0,0
0.3845577453322823,1.3237228820247,34.132096331752024,0.907622739018088,257.86046511627904,229.6615894012216,0.2784237726098191,BoxingPunchingBag/v_BoxingPunchingBag_g03_c05.avi,16,16,1,1.0,0
0.5185791589551906,1.2805880875986329,20.615528128088304,0.8546511627906976,258.8527131782945,333.721024948442,0.2616279069767442,BoxingPunchingBag/v_BoxingPunchingBag_g03_c06.avi,16,16,1,1.0,0
0.4835058220902339,3.919469115677736,205.66112904484405,0.8924418604651163,381.3333333333333,658.7010630318404,0.2632428940568475,BoxingPunchingBag/v_BoxingPunchingBag_g03_c07.avi,16,16,1,1.0,0
2.640424208306567,4.038809399121261,76.69419795525604,0.4234496124031007,236.8372093023256,146.32377769109638,0.1979974160206718,BoxingPunchingBag/v_BoxingPunchingBag_g04_c01.avi,16,16,1,1.0,0
1.8117114104128773,2.656919468948088,70.45565981523414,0.5448966408268734,224.93023255813952,155.08458237569457,0.2651808785529715,BoxingPunchingBag/v_BoxingPunchingBag_g04_c02.avi,16,16,1,1.0,0
1.5553333895411108,2.35371175209064,30.38425784843197,0.5383559431524548,214.69767441860463,132.87160000396972,0.2771317829457364,BoxingPunchingBag/v_BoxingPunchingBag_g04_c03.avi,16,16,1,1.0,0
2.51702461648419,4.449784728799945,151.00703625990414,0.4146479328165374,226.72868217054264,127.2555721774151,0.2144702842377261,BoxingPunchingBag/v_BoxingPunchingBag_g04_c04.avi,16,16,1,1.0,0
2.831048300851648,4.492048071197136,197.3068675946177,0.3732235142118863,251.90697674418604,162.7518890618032,0.1608527131782945,BoxingPunchingBag/v_BoxingPunchingBag_g04_c05.avi,16,16,1,1.0,0
1.1869474280853658,2.670227488970128,80.4791316118657,0.727874677002584,219.28682170542635,119.47424838802269,0.2377260981912144,BoxingPunchingBag/v_BoxingPunchingBag_g04_c06.avi,16,16,1,1.0,0
1.710680134206821,2.7846621921621417,56.08754318028202,0.5720284237726099,204.2170542635659,113.9131289600201,0.3007105943152455,BoxingPunchingBag/v_BoxingPunchingBag_g04_c07.avi,16,16,1,1.0,0
0.98965132341671,2.6088103811038152,32.01562118716424,0.77406330749354,319.93798449612405,332.8698735891017,0.3569121447028424,BoxingPunchingBag/v_BoxingPunchingBag_g05_c01.avi,16,16,1,1.0,0
0.8709563998361252,2.772427191970073,53.225933528685054,0.8431040051679587,376.31007751937983,569.9774753940574,0.3475452196382429,BoxingPunchingBag/v_BoxingPunchingBag_g05_c02.avi,16,16,1,1.0,0
1.038028238220697,3.398376595098768,71.19691004531025,0.8078972868217055,340.4031007751938,422.0625163910237,0.3226744186046512,BoxingPunchingBag/v_BoxingPunchingBag_g05_c03.avi,16,16,1,1.0,0
1.039394960022329,3.547455396620836,47.01063709417264,0.8099160206718347,350.69767441860466,342.29074645814006,0.2897286821705426,BoxingPunchingBag/v_BoxingPunchingBag_g05_c04.avi,16,16,1,1.0,0
1.0193416801295805,3.5703225042319207,225.00888871331284,0.8005490956072352,348.2170542635659,437.2776415884799,0.3685400516795866,BoxingPunchingBag/v_BoxingPunchingBag_g05_c05.avi,16,16,1,1.0,0
1.319025904781748,3.681936247795612,75.01218650992651,0.7899709302325582,333.51937984496124,331.7887415272956,0.3068475452196382,BoxingPunchingBag/v_BoxingPunchingBag_g05_c06.avi,16,16,1,1.0,0
1.0034824073007924,3.4816555721541205,128.41339493993607,0.8140342377260982,352.86821705426354,347.9844819636628,0.3042635658914728,BoxingPunchingBag/v_BoxingPunchingBag_g05_c07.avi,16,16,1,1.0,0
2.3846901959006632,6.927874378158817,132.54433220624713,0.6949289405684754,258.2325581395349,194.0842345548917,0.1950904392764857,BoxingPunchingBag/v_BoxingPunchingBag_g06_c01.avi,16,16,1,0.9995761513710022,0
5.195226527494621,12.483762954095086,168.1071087134628,0.2383720930232558,267.28682170542635,204.9377744016953,0.1815245478036175,BoxingPunchingBag/v_BoxingPunchingBag_g06_c02.avi,16,16,1,0.999945878982544,0
1.0148116815929769,3.5093667117289766,137.01459776242822,0.7792312661498708,248.0,222.1216930235044,0.3013565891472868,BoxingPunchingBag/v_BoxingPunchingBag_g06_c03.avi,16,17,0,0.998995840549469,1
5.540952067726807,19.1493154942423,195.55178342321503,0.5658107235142119,290.9767441860465,353.47270467115163,0.2080103359173126,BoxingPunchingBag/v_BoxingPunchingBag_g06_c04.avi,16,16,1,0.9945462942123412,0
1.9316929316032627,4.524432427915183,50.79939099044397,0.5916505167958657,295.68992248062017,282.6100334094933,0.276485788113695,BoxingPunchingBag/v_BoxingPunchingBag_g06_c05.avi,16,16,1,0.9999605417251588,0
3.5992425587906607,10.42810987002938,228.0,0.5368217054263565,285.95348837209303,235.09146695843404,0.1799095607235142,BoxingPunchingBag/v_BoxingPunchingBag_g06_c06.avi,16,16,1,0.999232292175293,0
4.479275690363,17.1595123132378,297.1250262936463,0.5111434108527132,253.95348837209303,241.8569588296828,0.3259043927648579,BoxingPunchingBag/v_BoxingPunchingBag_g06_c07.avi,16,16,1,0.9999969005584716,0
0.4708276746613357,1.5451437451625205,31.622776601683796,0.8891311369509044,223.56589147286823,198.0639566645876,0.3536821705426357,BoxingPunchingBag/v_BoxingPunchingBag_g07_c01.avi,16,16,1,1.0,0
0.4875813911205519,1.4076509578854377,31.583470756077457,0.8674903100775194,497.1162790697674,959.0655628897528,0.3320413436692506,BoxingPunchingBag/v_BoxingPunchingBag_g07_c02.avi,16,16,1,1.0,0
0.8765180779862972,3.741916619463285,123.1665539016173,0.9035045219638242,320.86821705426354,457.5279612727877,0.2267441860465116,BoxingPunchingBag/v_BoxingPunchingBag_g07_c03.avi,16,16,1,1.0,0
0.4283702594820008,1.4256124870897535,41.01219330881976,0.9034237726098192,365.6434108527132,707.1924817031876,0.3372093023255814,BoxingPunchingBag/v_BoxingPunchingBag_g07_c04.avi,16,16,1,1.0,0
0.4297967901394329,1.362064761766221,23.8183227789028,0.8937338501291989,207.4418604651163,167.0974235150736,0.3666020671834625,BoxingPunchingBag/v_BoxingPunchingBag_g07_c05.avi,16,16,1,1.0,0
0.8808514994653555,2.807146333301477,47.5113473288224,0.8546511627906976,289.2403100775194,357.4579668506776,0.2299741602067183,BoxingPunchingBag/v_BoxingPunchingBag_g07_c06.avi,16,16,1,1.0,0
0.6455684978961721,2.03412669860021,41.57523301197481,0.8787952196382429,384.9922480620155,708.5399825815421,0.2919896640826873,BoxingPunchingBag/v_BoxingPunchingBag_g07_c07.avi,16,16,1,1.0,0
1.1463492427351532,4.334625140029069,89.37561188601732,0.7555717054263565,856.1860465116279,1212.8864525511217,0.1582687338501292,BoxingSpeedBag/v_BoxingSpeedBag_g01_c01.avi,17,17,1,1.0,0
2.8684479607716,7.090172084716039,61.91122676865643,0.7233527131782945,825.0542635658915,1242.6549740987498,0.1563307493540051,BoxingSpeedBag/v_BoxingSpeedBag_g01_c02.avi,17,17,1,0.9998517036437988,0
3.249244932608408,12.977213587294225,232.6220109963801,0.8380975452196382,1075.4728682170542,1479.7912595175328,0.2021963824289405,BoxingSpeedBag/v_BoxingSpeedBag_g01_c03.avi,17,17,1,0.9986373782157898,0
1.8261919052016675,4.984229936182615,70.25667228100119,0.7302164082687338,884.0930232558139,1282.138181682485,0.1731266149870801,BoxingSpeedBag/v_BoxingSpeedBag_g01_c04.avi,17,16,0,0.9258862137794496,1
0.955750214248524,1.84379302181894,41.03656905736639,0.7177002583979328,655.2558139534884,1101.478500946611,0.1608527131782945,BoxingSpeedBag/v_BoxingSpeedBag_g02_c01.avi,17,17,1,1.0,0
0.672320569505469,4.771496666138995,159.74745694376483,0.8512596899224806,572.031007751938,1017.8888011180888,0.2157622739018088,BoxingSpeedBag/v_BoxingSpeedBag_g02_c02.avi,17,17,1,1.0,0
0.7894780140841955,2.2821385592610097,37.01351104664349,0.8295381136950905,437.5813953488372,845.3940386494924,0.3229974160206718,BoxingSpeedBag/v_BoxingSpeedBag_g02_c03.avi,17,17,1,1.0,0
0.6596973605870561,1.301835462481738,26.49764140447221,0.8133074935400517,324.3410852713178,461.2234571867386,0.233204134366925,BoxingSpeedBag/v_BoxingSpeedBag_g02_c04.avi,17,17,1,1.0,0
2.7938756109759737,4.707039389692199,119.76467811921844,0.450500645994832,275.0387596899225,207.11246254413876,0.1553617571059431,BoxingSpeedBag/v_BoxingSpeedBag_g03_c01.avi,17,17,1,1.0,0
1.6473986558617526,3.188023896422214,49.02167887781894,0.6575419896640827,257.1782945736434,162.61613379592734,0.1385658914728682,BoxingSpeedBag/v_BoxingSpeedBag_g03_c02.avi,17,17,1,1.0,0
1.5177418726591778,6.16813288803557,204.6723753954109,0.7384528423772609,244.71317829457365,148.47019348496968,0.167312661498708,BoxingSpeedBag/v_BoxingSpeedBag_g03_c03.avi,17,17,1,1.0,0
1.408022373873213,7.515029611616371,178.89941307897016,0.8667635658914729,247.0077519379845,147.1372557611794,0.1553617571059431,BoxingSpeedBag/v_BoxingSpeedBag_g03_c04.avi,17,17,1,1.0,0
1.64034277592592,6.844223639418092,263.3476789341421,0.7567829457364341,327.93798449612405,511.6437676658307,0.1563307493540051,BoxingSpeedBag/v_BoxingSpeedBag_g03_c05.avi,17,17,1,1.0,0
0.5886697425543255,1.5007585162857662,41.0,0.8179102067183462,365.953488372093,418.2500617044046,0.2257751937984496,BoxingSpeedBag/v_BoxingSpeedBag_g04_c01.avi,17,17,1,1.0,0
0.6171314552279891,1.6311654171625654,20.900059808526866,0.8326065891472868,401.05426356589146,450.6223140543336,0.2806847545219638,BoxingSpeedBag/v_BoxingSpeedBag_g04_c02.avi,17,17,1,1.0,0
0.7396637458843361,2.4668638646297616,48.23461542295118,0.8266311369509044,396.2170542635659,504.878356079793,0.2438630490956072,BoxingSpeedBag/v_BoxingSpeedBag_g04_c03.avi,17,17,1,1.0,0
0.6818892454056122,2.3753295101365657,69.1158447825099,0.8628875968992248,391.3178294573643,443.2461297547623,0.270671834625323,BoxingSpeedBag/v_BoxingSpeedBag_g04_c04.avi,17,17,1,1.0,0
0.4367417472232633,1.2394995593130644,21.368785646358106,0.8770994832041343,387.4108527131783,438.52694952946047,0.2587209302325581,BoxingSpeedBag/v_BoxingSpeedBag_g04_c05.avi,17,17,1,0.9999639987945556,0
0.6932593107485623,2.6119576431502134,61.774792593743285,0.8627260981912145,457.30232558139534,590.5625042194438,0.2810077519379845,BoxingSpeedBag/v_BoxingSpeedBag_g04_c06.avi,17,17,1,0.9999994039535522,0
0.7115693269154075,1.928286758594546,67.67569726275453,0.8016795865633075,366.015503875969,359.75396382571245,0.3094315245478036,BoxingSpeedBag/v_BoxingSpeedBag_g04_c07.avi,17,17,1,1.0,0
0.2655793479932069,1.0122354617110303,26.0768096208106,0.9343507751937984,483.6589147286822,532.2977615176036,0.2083333333333333,BoxingSpeedBag/v_BoxingSpeedBag_g05_c01.avi,17,17,1,1.0,0
0.519907274131636,3.074888277212984,174.50071633090795,0.9151324289405685,513.8604651162791,597.6470756572344,0.2319121447028423,BoxingSpeedBag/v_BoxingSpeedBag_g05_c02.avi,17,17,1,1.0,0
0.6060791966272101,7.21750531082089,191.9426997830342,0.9286983204134368,544.8682170542636,601.5811644008957,0.2202842377260982,BoxingSpeedBag/v_BoxingSpeedBag_g05_c03.avi,17,17,1,1.0,0
0.2442834559097577,0.8926131797045247,36.01735692690401,0.944282945736434,506.85271317829455,593.7734161946461,0.2167312661498708,BoxingSpeedBag/v_BoxingSpeedBag_g05_c04.avi,17,17,1,1.0,0
0.4101151516257584,1.7122112250356982,25.81454289736698,0.914890180878553,585.1782945736434,741.6213376927085,0.2157622739018088,BoxingSpeedBag/v_BoxingSpeedBag_g05_c05.avi,17,17,1,1.0,0
4.169595945841276,13.620714466014142,177.0769606696478,0.7316698966408268,463.50387596899225,842.5365920241716,0.2435400516795865,BoxingSpeedBag/v_BoxingSpeedBag_g06_c01.avi,17,17,1,1.0,0
3.061973763248249,13.955814513149145,370.4375790872195,0.8050710594315246,436.8372093023256,801.5429576972606,0.2635658914728682,BoxingSpeedBag/v_BoxingSpeedBag_g06_c02.avi,17,17,1,1.0,0
3.3656797608357065,14.219298214856943,310.5987161918092,0.7658268733850129,390.015503875969,605.8874199478832,0.2076873385012919,BoxingSpeedBag/v_BoxingSpeedBag_g06_c03.avi,17,17,1,1.0,0
4.797240323494789,17.08112687068538,184.13310403075272,0.7935239018087855,378.6046511627907,701.598909453121,0.2567829457364341,BoxingSpeedBag/v_BoxingSpeedBag_g06_c04.avi,17,17,1,1.0,0
3.2408946505195693,10.389446248730993,169.09760495051373,0.770187338501292,413.5813953488372,756.5779208723588,0.2684108527131782,BoxingSpeedBag/v_BoxingSpeedBag_g06_c05.avi,17,17,1,1.0,0
2.184487671496888,3.1617074793192885,25.50122546074992,0.4945897932816537,434.4806201550388,554.3276827445836,0.1040051679586563,BoxingSpeedBag/v_BoxingSpeedBag_g07_c01.avi,17,17,1,0.7576714754104614,0
0.734037968217195,1.1436387476389698,24.0,0.7377260981912145,408.7441860465116,612.0168751672243,0.1992894056847545,BoxingSpeedBag/v_BoxingSpeedBag_g07_c02.avi,17,17,1,0.9973471164703368,0
0.6167269849907276,1.0670910104027251,13.656500283747665,0.8451227390180879,391.37984496124034,502.6324376179002,0.2445090439276485,BoxingSpeedBag/v_BoxingSpeedBag_g07_c03.avi,17,17,1,0.5678890943527222,0
1.2716135865432996,1.5184524300323243,16.1245154965971,0.5152616279069767,310.2015503875969,270.3703856267415,0.1866925064599483,BoxingSpeedBag/v_BoxingSpeedBag_g07_c04.avi,17,34,0,0.9495158791542052,1
0.6236631191408238,1.0072312394150815,10.887205793958335,0.7679263565891473,401.7984496124031,557.2955651845261,0.2005813953488372,BoxingSpeedBag/v_BoxingSpeedBag_g07_c05.avi,17,17,1,0.6405696272850037,0
0.548069826068519,1.0208213430275077,13.736925602186249,0.844718992248062,350.5736434108527,315.5755361165575,0.1947674418604651,BoxingSpeedBag/v_BoxingSpeedBag_g07_c06.avi,17,17,1,0.9937706589698792,0
1.3598037404627754,1.6473020725088798,16.0312195418814,0.5167958656330749,362.6666666666667,389.242423282313,0.1085271317829457,BoxingSpeedBag/v_BoxingSpeedBag_g07_c07.avi,17,17,1,0.8332034349441528,0
7.030792231131766,19.56031951507748,326.62653080391374,0.4010820413436692,415.4418604651163,381.66692543188975,0.2638888888888889,BreastStroke/v_BreastStroke_g01_c01.avi,18,18,1,1.0,0
5.268895675055709,21.79546597370216,328.9623838678216,0.5275355297157622,398.3875968992248,386.73878591154215,0.3281653746770026,BreastStroke/v_BreastStroke_g01_c02.avi,18,18,1,1.0,0
4.556044857145766,23.29743050993598,338.0,0.6272609819121447,415.8759689922481,382.9339005797324,0.2680878552971576,BreastStroke/v_BreastStroke_g01_c03.avi,18,18,1,1.0,0
4.016526020076685,15.931224164501442,302.75,0.5347222222222222,436.4031007751938,358.2316066756156,0.1211240310077519,BreastStroke/v_BreastStroke_g01_c04.avi,18,18,1,1.0,0
4.716137629273851,16.607578607910686,337.0779768836878,0.7828649870801033,397.4573643410853,474.1153329701481,0.4079457364341085,BreastStroke/v_BreastStroke_g02_c01.avi,18,18,1,1.0,0
3.0632227248647523,13.002458793870083,319.0,0.8293766149870802,434.2945736434109,349.099670428139,0.0907622739018087,BreastStroke/v_BreastStroke_g02_c02.avi,18,18,1,1.0,0
4.350613844611309,17.446132350853127,325.613267542955,0.8032945736434108,408.8062015503876,386.6418745898417,0.3010335917312661,BreastStroke/v_BreastStroke_g02_c03.avi,18,18,1,1.0,0
2.3382787330846027,14.3791314527892,307.17584540455,0.8485142118863049,407.4418604651163,387.2090537047879,0.3068475452196382,BreastStroke/v_BreastStroke_g02_c04.avi,18,18,1,1.0,0
3.25186032823443,18.41677283219784,309.5,0.6695736434108527,1400.4341085271317,1587.707917629948,0.1375968992248062,BreastStroke/v_BreastStroke_g03_c01.avi,18,18,1,1.0,0
1.964427805982936,4.573613250389446,124.01064722434118,0.676921834625323,903.813953488372,1227.2326830760137,0.1414728682170542,BreastStroke/v_BreastStroke_g03_c02.avi,18,18,1,1.0,0
4.108434149183414,8.504764026141698,130.0,0.6305717054263565,583.5038759689922,814.754636809163,0.1728036175710594,BreastStroke/v_BreastStroke_g03_c03.avi,18,18,1,1.0,0
3.2566801651706445,7.831939246506792,165.77394246382633,0.685077519379845,1309.953488372093,1510.318832095017,0.1191860465116279,BreastStroke/v_BreastStroke_g03_c04.avi,18,18,1,0.999936819076538,0
5.097467695030904,20.718941855186543,338.50020771780925,0.7810077519379846,461.4573643410853,455.4567518803112,0.1676356589147286,BreastStroke/v_BreastStroke_g04_c01.avi,18,18,1,1.0,0
2.766171699726772,16.245733955037352,272.50561920811833,0.7953811369509044,432.8062015503876,460.9376032285367,0.2548449612403101,BreastStroke/v_BreastStroke_g04_c02.avi,18,18,1,1.0,0
3.077247093849468,14.260091311470498,264.1251183151652,0.8040213178294574,418.91472868217056,368.4923406692507,0.2018733850129199,BreastStroke/v_BreastStroke_g04_c03.avi,18,18,1,1.0,0
3.890151965783911,15.841105900360851,175.5,0.7369186046511628,598.3255813953489,860.0228152985037,0.2454780361757106,BreastStroke/v_BreastStroke_g04_c04.avi,18,18,1,0.9999997615814208,0
1.7955441648228567,5.188608572696748,136.875,0.6560077519379846,444.8372093023256,363.87839332268095,0.125,BreastStroke/v_BreastStroke_g05_c01.avi,18,18,1,1.0,0
1.7019960122968911,7.0380430714679045,143.0,0.7598514211886305,408.2480620155039,377.3420719194062,0.2638888888888889,BreastStroke/v_BreastStroke_g05_c02.avi,18,18,1,1.0,0
1.2391164509081312,7.105188441119272,222.1251406865058,0.7231912144702842,446.4496124031008,379.3014583392732,0.1837855297157622,BreastStroke/v_BreastStroke_g05_c03.avi,18,18,1,1.0,0
3.290706682249548,7.969744047144127,168.0,0.5483688630490956,438.07751937984494,354.59057321212134,0.1033591731266149,BreastStroke/v_BreastStroke_g05_c04.avi,18,18,1,1.0,0
1.9477441409771932,6.5038551907775135,120.50006483400746,0.8074127906976745,1288.6201550387598,1392.6952241968634,0.0985142118863049,BreastStroke/v_BreastStroke_g06_c01.avi,18,18,1,0.999982476234436,0
2.796410705590863,18.180918144794937,209.5,0.9424257105943152,1536.9302325581396,1531.967292676374,0.0907622739018087,BreastStroke/v_BreastStroke_g06_c02.avi,18,18,1,1.0,0
1.9762735602396757,14.025256985479253,195.50003996163275,0.9268410852713178,1380.7131782945737,1518.934138708229,0.1408268733850129,BreastStroke/v_BreastStroke_g06_c03.avi,18,18,1,1.0,0
1.8434747214520124,11.586686223273954,248.0,0.8880006459948321,966.2015503875969,1262.1425820254767,0.1511627906976744,BreastStroke/v_BreastStroke_g06_c04.avi,18,18,1,1.0,0
1.7023006560127951,5.104978930579236,189.6521898766265,0.6568959948320413,464.62015503875966,475.3987342147634,0.2622739018087855,BreastStroke/v_BreastStroke_g07_c01.avi,18,18,1,0.9999997615814208,0
1.032494011218945,5.49410537330591,197.2878607517452,0.8313145994832042,444.3410852713178,386.7787159781494,0.2193152454780361,BreastStroke/v_BreastStroke_g07_c02.avi,18,18,1,0.9999805688858032,0
2.41810582665914,12.618783579896077,161.0,0.7567829457364341,407.4418604651163,386.28542901112144,0.3029715762273902,BreastStroke/v_BreastStroke_g07_c03.avi,18,18,1,1.0,0
1.611819106959989,12.02060675339366,287.75,0.7613856589147286,438.3255813953488,359.7314063220355,0.1227390180878553,BreastStroke/v_BreastStroke_g07_c04.avi,18,18,1,1.0,0
3.271654573164413,5.344220489182647,48.0,0.3695897932816537,409.1782945736434,613.7832666695982,0.2099483204134367,BrushingTeeth/v_BrushingTeeth_g01_c01.avi,19,19,1,0.6611890196800232,0
1.528431939010639,2.5913180815066776,171.23667831396403,0.600452196382429,354.4806201550388,297.9867095724002,0.1240310077519379,BrushingTeeth/v_BrushingTeeth_g01_c02.avi,19,19,1,0.9731146097183228,0
2.474407756772973,5.775148991227287,56.56854249492381,0.5137273901808785,361.86046511627904,321.3336729432904,0.1799095607235142,BrushingTeeth/v_BrushingTeeth_g01_c03.avi,19,19,1,0.9091848731040956,0
3.0930405187939143,7.655044345419099,320.0,0.4881298449612403,400.4341085271318,342.9706034131798,0.149547803617571,BrushingTeeth/v_BrushingTeeth_g01_c04.avi,19,19,1,0.9874396324157716,0
0.2528209854968001,1.2107569179618822,24.186773244895647,0.939922480620155,809.7364341085271,862.51981232726,0.0849483204134367,BrushingTeeth/v_BrushingTeeth_g02_c01.avi,19,77,0,0.9999818801879884,1
0.0652741810558695,0.2282897482987627,3.010398644698074,0.9779554263565892,741.6434108527131,673.7282340152417,0.064922480620155,BrushingTeeth/v_BrushingTeeth_g02_c02.avi,19,77,0,0.9999496936798096,1
0.1278398721210198,0.5668435874007463,7.810249675906654,0.971172480620155,805.6434108527131,825.5972496203061,0.0700904392764857,BrushingTeeth/v_BrushingTeeth_g02_c03.avi,19,77,0,0.9999604225158693,1
0.0574097659463005,0.2416748205816856,3.9941363271676154,0.9859496124031008,987.658914728682,1065.0330161648994,0.0562015503875969,BrushingTeeth/v_BrushingTeeth_g02_c04.avi,19,77,0,0.9988394379615784,1
0.2411815210791713,1.633968331730042,62.00806399170998,0.9457364341085271,708.6511627906976,725.7296211150294,0.0985142118863049,BrushingTeeth/v_BrushingTeeth_g02_c05.avi,19,77,0,0.9941723942756652,1
0.0810514723384814,0.2891561603061651,5.0990195135927845,0.9825581395348836,760.9922480620155,715.8706792412103,0.0752583979328165,BrushingTeeth/v_BrushingTeeth_g02_c06.avi,19,77,0,0.9979732632637024,1
0.1335242285993856,0.6069465258206445,9.604686356149273,0.9655200258397932,863.3178294573644,917.5782245722936,0.0694444444444444,BrushingTeeth/v_BrushingTeeth_g02_c07.avi,19,77,0,0.9999980926513672,1
0.4449256620847882,1.4879072240833413,133.47518495960213,0.8741117571059431,243.47286821705427,216.83752634117056,0.3081395348837209,BrushingTeeth/v_BrushingTeeth_g03_c01.avi,19,19,1,1.0,0
1.39103706645671,3.486724362854237,51.03920062069938,0.6901647286821705,280.5581395348837,349.7492325789464,0.2338501291989664,BrushingTeeth/v_BrushingTeeth_g03_c02.avi,19,19,1,0.9999998807907104,0
1.6749660048816732,3.986553009697111,50.15974481593781,0.7501614987080103,344.86821705426354,463.7719196824754,0.1779715762273901,BrushingTeeth/v_BrushingTeeth_g03_c03.avi,19,19,1,0.9999966621398926,0
2.1614306571068824,4.540722485151523,112.14722466472364,0.6224160206718347,324.2170542635659,459.9751419174957,0.2273901808785529,BrushingTeeth/v_BrushingTeeth_g03_c04.avi,19,19,1,0.9999994039535522,0
0.7949794461807038,1.8550201412168328,19.767792618297065,0.7907784237726099,306.04651162790697,378.98505545109975,0.2535529715762274,BrushingTeeth/v_BrushingTeeth_g03_c05.avi,19,19,1,0.9988049268722534,0
0.6992322016694514,1.6334057924421308,23.31878266548235,0.8255813953488372,405.8914728682171,450.65109211729737,0.2684108527131782,BrushingTeeth/v_BrushingTeeth_g04_c01.avi,19,19,1,0.9999805688858032,0
0.3109844984734061,0.6569695230444439,12.41974234837422,0.9135981912144704,329.3643410852713,329.9832257419723,0.3142764857881137,BrushingTeeth/v_BrushingTeeth_g04_c02.avi,19,19,1,0.9997422099113464,0
0.4040684286850487,0.9023895391727136,11.95041840271712,0.8859819121447028,495.4418604651163,587.461915730499,0.1934754521963824,BrushingTeeth/v_BrushingTeeth_g04_c03.avi,19,0,0,0.8359748721122742,1
0.3539293358961736,0.7714110705763345,16.25,0.8834786821705426,561.1162790697674,477.405644363235,0.1395348837209302,BrushingTeeth/v_BrushingTeeth_g04_c04.avi,19,19,1,0.7959054112434387,0
2.5783649122206564,7.037683139474605,173.8657887567304,0.6870962532299741,576.7441860465116,991.7716375612124,0.2583979328165374,BrushingTeeth/v_BrushingTeeth_g05_c01.avi,19,77,0,0.9999816417694092,1
0.3801621081471577,1.7267473669077296,79.39812655220524,0.903827519379845,356.8992248062016,355.5672800182184,0.3207364341085271,BrushingTeeth/v_BrushingTeeth_g05_c02.avi,19,77,0,0.9999964237213136,1
1.0676239505813403,4.285721342905673,80.02499609497022,0.841812015503876,374.9457364341085,343.5741078691773,0.2215762273901808,BrushingTeeth/v_BrushingTeeth_g05_c03.avi,19,77,0,0.9999935626983644,1
1.1113450391883617,2.8029403135031865,24.020824298928627,0.7770510335917312,437.953488372093,675.0012559329703,0.2396640826873385,BrushingTeeth/v_BrushingTeeth_g05_c04.avi,19,77,0,0.9937347769737244,1
0.8474956511728193,1.8816819382202448,16.76305461424021,0.7762435400516796,381.5813953488372,444.7256919149329,0.3045865633074935,BrushingTeeth/v_BrushingTeeth_g05_c05.avi,19,77,0,0.9528102278709412,1
1.3190234853989102,1.7532903562240865,23.521266972678152,0.5542635658914729,282.6666666666667,282.6643264492858,0.3262273901808785,BrushingTeeth/v_BrushingTeeth_g06_c01.avi,19,19,1,0.9882014393806458,0
4.105010301638728,6.984920125044565,82.13746100288223,0.3718507751937984,311.37984496124034,285.1627902762131,0.2270671834625323,BrushingTeeth/v_BrushingTeeth_g06_c02.avi,19,19,1,0.88960862159729,0
2.575842400755055,4.513566010834423,48.76474136094644,0.4078649870801034,306.2325581395349,263.20288727557704,0.1802325581395348,BrushingTeeth/v_BrushingTeeth_g06_c03.avi,19,19,1,0.9902907013893129,0
0.7711596821680288,1.307673153566708,21.892493005594407,0.774547803617571,306.5426356589147,295.0346453904189,0.2755167958656331,BrushingTeeth/v_BrushingTeeth_g06_c04.avi,19,1,0,0.5382525324821472,1
2.633300693168349,3.652267302979705,29.701115298924385,0.3745962532299741,286.2015503875969,236.4738174813133,0.1824935400516796,BrushingTeeth/v_BrushingTeeth_g06_c05.avi,19,1,0,0.9416347742080688,1
1.747379100652761,2.979507355624335,24.23324163210527,0.5789728682170543,339.4108527131783,318.7078955296155,0.2412790697674418,BrushingTeeth/v_BrushingTeeth_g07_c01.avi,19,19,1,0.9999985694885254,0
2.463541040592372,3.8443634401426654,27.300412084801945,0.4517118863049095,370.7286821705426,347.8921634564184,0.25,BrushingTeeth/v_BrushingTeeth_g07_c02.avi,19,19,1,0.9999645948410034,0
2.4320845492542325,3.767004609318356,63.38769596696192,0.5028262273901809,306.4806201550388,301.0576472849721,0.295219638242894,BrushingTeeth/v_BrushingTeeth_g07_c03.avi,19,19,1,0.9999997615814208,0
4.274612847223581,5.512681572231088,46.52418725781247,0.2976421188630491,307.47286821705427,301.3640842558553,0.2926356589147287,BrushingTeeth/v_BrushingTeeth_g07_c04.avi,19,19,1,1.0,0
2.306521624406336,5.387997535055503,163.5762914514203,0.5536175710594315,401.86046511627904,370.703265109136,0.2532299741602067,BrushingTeeth/v_BrushingTeeth_g07_c05.avi,19,0,0,0.806370198726654,1
3.3882569651063235,4.4787323495532725,51.440803356868365,0.3267118863049095,356.4651162790698,322.0829987525756,0.1989664082687338,BrushingTeeth/v_BrushingTeeth_g07_c06.avi,19,19,1,0.9999980926513672,0
0.8822037772296403,1.6677549790853892,39.51977353173978,0.7309431524547804,371.4728682170543,334.1638199539141,0.1970284237726098,CleanAndJerk/v_CleanAndJerk_g01_c01.avi,20,20,1,0.9999914169311525,0
0.5270490934255856,1.241050024115464,24.0,0.8444767441860465,360.2480620155039,337.8515804361747,0.2438630490956072,CleanAndJerk/v_CleanAndJerk_g01_c02.avi,20,20,1,0.9999525547027588,0
2.155266091871358,4.460588728345841,35.64692307899799,0.5654877260981912,321.7984496124031,285.7044436911738,0.1921834625322997,CleanAndJerk/v_CleanAndJerk_g01_c03.avi,20,20,1,0.9959656000137328,0
0.5655001300182555,1.3531445560594748,24.596747752497688,0.8579618863049095,389.0232558139535,433.3124705493552,0.2296511627906976,CleanAndJerk/v_CleanAndJerk_g01_c04.avi,20,20,1,0.9933464527130128,0
0.5665853284045271,3.852800685202948,322.0,0.8929263565891473,334.69767441860466,297.4542790650801,0.1857235142118863,CleanAndJerk/v_CleanAndJerk_g01_c05.avi,20,20,1,0.9972009658813475,0
1.5050504438837216,4.235551766056944,96.56345064256972,0.6590762273901809,300.7751937984496,262.10457822649346,0.1970284237726098,CleanAndJerk/v_CleanAndJerk_g02_c01.avi,20,20,1,0.9970054030418396,0
0.8844818660694491,4.434282979314932,192.0,0.7928779069767442,221.3953488372093,178.54999163609727,0.3236434108527132,CleanAndJerk/v_CleanAndJerk_g02_c02.avi,20,20,1,1.0,0
1.5032846883818236,6.425447887350519,192.09372712298543,0.6469638242894057,201.11627906976744,136.81377757737664,0.3465762273901809,CleanAndJerk/v_CleanAndJerk_g02_c03.avi,20,20,1,1.0,0
1.745994445760989,7.9035307650725315,251.5279557027409,0.7357073643410853,284.8992248062016,261.97354280763176,0.2564599483204134,CleanAndJerk/v_CleanAndJerk_g02_c04.avi,20,20,1,1.0,0
1.6190708697297953,6.150210697424668,148.22280526288793,0.7798772609819121,243.968992248062,224.20837269682087,0.3236434108527132,CleanAndJerk/v_CleanAndJerk_g03_c01.avi,20,20,1,1.0,0
0.0775845175686589,0.4249334386408197,15.231546211727816,0.9703649870801032,655.5038759689922,913.6977272636078,0.0923772609819121,CleanAndJerk/v_CleanAndJerk_g03_c02.avi,20,20,1,1.0,0
0.4915774738768105,2.552559446659472,83.09632964216891,0.8983365633074936,303.1937984496124,293.04004217534833,0.2813307493540051,CleanAndJerk/v_CleanAndJerk_g03_c03.avi,20,20,1,1.0,0
0.0344599410189955,0.1610723297487926,2.5,0.9931363049095608,888.9922480620155,1247.6002173234378,0.0429586563307493,CleanAndJerk/v_CleanAndJerk_g03_c04.avi,20,20,1,1.0,0
5.082789180871511,14.581007327113545,382.1884351991829,0.4645510335917313,233.24031007751935,185.2935979597382,0.2839147286821705,CleanAndJerk/v_CleanAndJerk_g03_c05.avi,20,20,1,1.0,0
0.3688055143524387,2.1819751856629206,42.42640687119285,0.9210271317829456,319.5658914728682,392.4595440555997,0.2619509043927648,CleanAndJerk/v_CleanAndJerk_g03_c06.avi,20,20,1,1.0,0
0.1152378717553652,0.5632585048461417,12.0,0.9643087855297158,514.046511627907,537.9764823029785,0.1947674418604651,CleanAndJerk/v_CleanAndJerk_g04_c01.avi,20,20,1,1.0,0
0.0522218886948383,0.312539454982249,15.502015997927495,0.9839308785529716,840.4961240310078,928.236939512994,0.1237080103359173,CleanAndJerk/v_CleanAndJerk_g04_c02.avi,20,20,1,1.0,0
0.1215925642766526,0.5678066249170647,16.326741867255695,0.9678617571059432,510.8837209302326,533.6124021998585,0.1737726098191214,CleanAndJerk/v_CleanAndJerk_g04_c03.avi,20,20,1,1.0,0
0.1273206715374839,0.6805450642230765,17.0004595526121,0.9572835917312662,660.2170542635658,887.5594004468405,0.1686046511627907,CleanAndJerk/v_CleanAndJerk_g04_c04.avi,20,20,1,1.0,0
0.153343815907492,0.630494170928745,13.021616643105418,0.9550226098191216,697.3643410852713,775.4570938903556,0.1650516795865633,CleanAndJerk/v_CleanAndJerk_g04_c05.avi,20,20,1,1.0,0
1.0588862412538698,2.761032508813923,50.0006249960938,0.6413113695090439,248.0,178.75642775888167,0.2070413436692506,CleanAndJerk/v_CleanAndJerk_g05_c01.avi,20,20,1,1.0,0
1.0077975169015625,2.987100433090949,42.88155926502673,0.7828649870801033,250.35658914728683,185.44870363900995,0.2102713178294573,CleanAndJerk/v_CleanAndJerk_g05_c02.avi,20,20,1,1.0,0
1.086449314629164,2.647271264705408,60.5,0.6343669250645995,232.6201550387597,193.0850796044776,0.3026485788113695,CleanAndJerk/v_CleanAndJerk_g05_c03.avi,20,20,1,1.0,0
0.6237730534421463,1.3933342088705398,23.938723859053137,0.8229974160206718,247.2558139534884,203.98496217069368,0.2625968992248062,CleanAndJerk/v_CleanAndJerk_g05_c04.avi,20,20,1,1.0,0
1.0586584700917672,1.4686753910902757,22.080817466751544,0.5272932816537468,236.7751937984496,161.8115106104869,0.2241602067183462,CleanAndJerk/v_CleanAndJerk_g06_c01.avi,20,20,1,1.0,0
0.5945866836150258,0.8576882318146067,25.254950009849555,0.7943313953488372,364.09302325581393,694.9071818211941,0.2483850129198966,CleanAndJerk/v_CleanAndJerk_g06_c02.avi,20,20,1,1.0,0
0.7668793160845847,1.1715845219741805,26.287176056016364,0.7077680878552972,233.11627906976744,192.89775690430625,0.3000645994832041,CleanAndJerk/v_CleanAndJerk_g06_c03.avi,20,20,1,1.0,0
0.7616803891797207,1.1746269224984378,25.96150997149434,0.6815245478036176,754.3565891472869,1304.0790970830074,0.2286821705426356,CleanAndJerk/v_CleanAndJerk_g06_c04.avi,20,20,1,1.0,0
0.2157882166305065,3.089727668418645,159.53056133543816,0.9736757105943152,340.3410852713178,463.24344389532433,0.189922480620155,CleanAndJerk/v_CleanAndJerk_g07_c01.avi,20,20,1,1.0,0
1.4890944436837663,4.765907175509311,69.31810730249349,0.7659883720930233,288.93023255813955,265.45173391688513,0.250968992248062,CleanAndJerk/v_CleanAndJerk_g07_c02.avi,20,20,1,1.0,0
0.2032965104403024,0.9313734821445266,24.245167044176043,0.9481589147286822,321.6124031007752,400.6387208600345,0.2900516795865633,CleanAndJerk/v_CleanAndJerk_g07_c03.avi,20,20,1,1.0,0
0.6615931643583596,2.901698448515599,227.01541797860335,0.8879198966408268,259.47286821705427,250.8075044782872,0.3268733850129199,CleanAndJerk/v_CleanAndJerk_g07_c04.avi,20,20,1,1.0,0
0.2791028329189027,1.5408212692698309,40.887230586088855,0.935562015503876,457.9224806201551,629.1142242622085,0.2041343669250646,CleanAndJerk/v_CleanAndJerk_g07_c05.avi,20,20,1,1.0,0
2.7395099787986585,12.977950778611415,184.5,0.7964308785529716,1285.3953488372092,1442.1340475632485,0.1747416020671834,CliffDiving/v_CliffDiving_g01_c01.avi,21,21,1,1.0,0
0.3491684922039822,1.950751049263632,80.02499609497022,0.9040697674418604,1533.4573643410852,1534.228139689893,0.0946382428940568,CliffDiving/v_CliffDiving_g01_c02.avi,21,21,1,1.0,0
1.5403826420832472,6.198597322093348,109.01834707974616,0.8127422480620154,1309.8294573643411,1383.437355521255,0.1107881136950904,CliffDiving/v_CliffDiving_g01_c03.avi,21,21,1,1.0,0
0.4329891176168292,3.10832643842797,71.41264331335174,0.973998708010336,1739.968992248062,1597.183140261205,0.0901162790697674,CliffDiving/v_CliffDiving_g01_c04.avi,21,21,1,1.0,0
0.5860514867313434,2.672008692044596,79.86903342347395,0.896640826873385,1433.7364341085272,1404.4495267430152,0.0894702842377261,CliffDiving/v_CliffDiving_g01_c05.avi,21,21,1,1.0,0
0.3890085625443766,2.338260509066665,95.4829827770373,0.9138404392764858,1475.0387596899225,1486.8955453692,0.0939922480620155,CliffDiving/v_CliffDiving_g01_c06.avi,21,21,1,1.0,0
1.817351274532887,6.986022824796967,181.49746038168135,0.8396317829457365,1444.093023255814,1547.386450941062,0.1531007751937984,CliffDiving/v_CliffDiving_g02_c01.avi,21,21,1,1.0,0
0.986405681516166,4.524827488199041,128.92227551901183,0.7856912144702842,1496.9302325581396,1538.0056762732652,0.1414728682170542,CliffDiving/v_CliffDiving_g02_c02.avi,21,21,1,1.0,0
4.384414034541527,12.495331161982747,91.37320449672322,0.7399870801033591,1691.906976744186,1650.5668626538156,0.1388888888888889,CliffDiving/v_CliffDiving_g02_c03.avi,21,21,1,1.0,0
1.0179318995705726,4.921875622708701,140.73606725001235,0.8622416020671835,1687.7519379844962,1615.8186828925504,0.1372739018087855,CliffDiving/v_CliffDiving_g02_c04.avi,21,21,1,1.0,0
3.4056022637161383,5.14374990560049,173.25004509378925,0.3940568475452196,418.4806201550388,402.4530036750344,0.3449612403100775,CliffDiving/v_CliffDiving_g03_c01.avi,21,21,1,1.0,0
12.697810890353145,20.48183880113694,160.11246047700348,0.1604489664082687,256.74418604651163,217.90931472275832,0.2545219638242894,CliffDiving/v_CliffDiving_g03_c02.avi,21,21,1,1.0,0
1.6503225271099773,3.8359947004817134,41.05027405511442,0.5880975452196382,319.2558139534884,256.46361481116946,0.1149870801033591,CliffDiving/v_CliffDiving_g03_c03.avi,21,21,1,1.0,0
1.0482592609511332,1.0243958642714812,7.251077506136588,0.6405038759689923,313.6744186046512,250.51423586065528,0.1182170542635659,CliffDiving/v_CliffDiving_g03_c04.avi,21,21,1,1.0,0
3.6970202525548914,7.920343754072406,65.25191568069094,0.3737887596899225,249.3023255813953,135.5991930557935,0.127906976744186,CliffDiving/v_CliffDiving_g03_c05.avi,21,21,1,1.0,0
1.2042535982686888,1.3916750710176775,8.430784364458624,0.6529392764857881,337.5503875968992,259.7507738493836,0.0623385012919896,CliffDiving/v_CliffDiving_g04_c01.avi,21,21,1,0.9999996423721312,0
0.6920743610542636,0.537182018082371,5.062114182829147,0.7272286821705426,309.08527131782944,244.6636048751587,0.1188630490956072,CliffDiving/v_CliffDiving_g04_c02.avi,21,21,1,1.0,0
0.4150717120152651,0.5006939873405774,7.071067811865476,0.8888081395348837,257.30232558139534,176.5861717154073,0.1637596899224806,CliffDiving/v_CliffDiving_g04_c03.avi,21,21,1,1.0,0
0.6360287723184577,1.167311133816202,8.94427190999916,0.8385820413436692,245.33333333333331,220.47578338545827,0.3087855297157623,CliffDiving/v_CliffDiving_g04_c04.avi,21,21,1,1.0,0
1.273338271816549,5.069419269190688,159.0125781188394,0.8299418604651163,1574.077519379845,1571.3057307275062,0.1298449612403101,CliffDiving/v_CliffDiving_g05_c01.avi,21,21,1,1.0,0
0.1723367445058513,1.0956744844919222,96.48639800510745,0.9430717054263564,713.7364341085271,982.9345520602052,0.1715116279069767,CliffDiving/v_CliffDiving_g05_c02.avi,21,21,1,1.0,0
1.4628782194743468,6.306405209128675,179.9987847181197,0.806766795865633,632.3100775193799,551.013974392631,0.1860465116279069,CliffDiving/v_CliffDiving_g05_c03.avi,21,21,1,1.0,0
2.0389570922507065,3.6275203340694255,89.02843646835544,0.3909076227390181,274.72868217054264,304.13786530998993,0.4257105943152455,CliffDiving/v_CliffDiving_g05_c04.avi,21,21,1,0.8521569967269897,0
0.1152975382315453,0.4640848730837511,20.248456731316587,0.9727874677002584,575.4418604651163,601.235058406447,0.1915374677002584,CliffDiving/v_CliffDiving_g05_c05.avi,21,21,1,1.0,0
3.5657384546526494,11.424245885120085,50.0,0.8277616279069767,2398.139534883721,1778.8544730651718,0.0626614987080103,CliffDiving/v_CliffDiving_g05_c06.avi,21,21,1,1.0,0
1.970416068063808,5.218150315533478,23.194827009486403,0.8565891472868217,2460.651162790697,1784.439393221312,0.0613695090439276,CliffDiving/v_CliffDiving_g05_c07.avi,21,21,1,1.0,0
1.5021939518038128,4.084802403114692,99.25007871533404,0.6762758397932817,592.6821705426356,705.5792934139391,0.2593669250645994,CliffDiving/v_CliffDiving_g06_c01.avi,21,21,1,1.0,0
3.046231906927976,7.035355458540502,93.1668530111434,0.6746608527131783,607.6899224806201,704.9914815962317,0.2483850129198966,CliffDiving/v_CliffDiving_g06_c02.avi,21,21,1,1.0,0
0.530752974297212,1.0173539593688747,22.5,0.8130652454780362,537.1782945736434,485.6240043875525,0.2060723514211886,CliffDiving/v_CliffDiving_g06_c03.avi,21,21,1,1.0,0
0.7034228849001497,2.8900494222064625,83.1468016522584,0.8116117571059431,576.5581395348837,414.9535867755984,0.1560077519379845,CliffDiving/v_CliffDiving_g06_c04.avi,21,21,1,1.0,0
0.9085077355239464,2.844430436776031,67.22397265856875,0.7751130490956072,580.0930232558139,543.5466567746139,0.1608527131782945,CliffDiving/v_CliffDiving_g06_c05.avi,21,21,1,1.0,0
0.7603991598646533,3.516172904842265,85.75546629807339,0.8503714470284238,657.4883720930233,486.3862171056795,0.1543927648578811,CliffDiving/v_CliffDiving_g06_c06.avi,21,21,1,1.0,0
1.0813567644064177,1.9861077040794188,71.8648905933906,0.6856427648578811,572.031007751938,547.5127117986897,0.189922480620155,CliffDiving/v_CliffDiving_g06_c07.avi,21,21,1,1.0,0
12.42806252184677,16.538827993772887,165.0,0.265423126614987,255.4418604651163,181.5767250638439,0.1812015503875969,CliffDiving/v_CliffDiving_g07_c01.avi,21,21,1,1.0,0
11.08091359813906,15.53763743593048,81.49846624323675,0.1020671834625323,272.6821705426357,165.0415960956521,0.0797803617571059,CliffDiving/v_CliffDiving_g07_c02.avi,21,21,1,1.0,0
7.477099843548239,8.731718720622952,146.66969693839283,0.1103843669250646,299.1007751937984,229.64279119925945,0.1166020671834625,CliffDiving/v_CliffDiving_g07_c03.avi,21,21,1,1.0,0
8.069064638229706,11.79653902320531,231.86472349195336,0.2505652454780361,321.05426356589146,352.83745318955994,0.0965762273901808,CliffDiving/v_CliffDiving_g07_c04.avi,21,21,1,1.0,0
1.6896056444997072,4.941889179166464,103.1746092796091,0.657703488372093,365.4573643410853,354.40683073351266,0.2903746770025839,CliffDiving/v_CliffDiving_g07_c05.avi,21,21,1,1.0,0
8.218628331276348,10.277620061352572,119.1007976463634,0.1603682170542635,335.5658914728682,501.77365793537695,0.0765503875968992,CliffDiving/v_CliffDiving_g07_c06.avi,21,21,1,1.0,0
0.3234258088045875,1.9167829089483,89.8443097808648,0.9209463824289406,308.6511627906977,390.6735319229593,0.2929586563307493,CricketBowling/v_CricketBowling_g01_c01.avi,22,22,1,1.0,0
0.181335213140927,0.5955049286899292,13.890756818834602,0.9450904392764858,375.37984496124034,496.4390279087491,0.2554909560723514,CricketBowling/v_CricketBowling_g01_c02.avi,22,22,1,1.0,0
0.1039435810053643,0.5684981975670916,17.0,0.9660045219638242,362.1085271317829,426.8693542364019,0.2768087855297158,CricketBowling/v_CricketBowling_g01_c03.avi,22,22,1,1.0,0
0.1065946809299274,0.8772252857187963,23.325147373596597,0.97593669250646,427.0387596899225,671.9920219522355,0.2422480620155038,CricketBowling/v_CricketBowling_g01_c04.avi,22,22,1,1.0,0
0.0926799337436938,0.9777676593856218,76.41222497087753,0.9781169250645996,632.8682170542636,888.5988568356868,0.1766795865633074,CricketBowling/v_CricketBowling_g01_c05.avi,22,22,1,1.0,0
0.0530709402770482,0.7306529789754551,63.20848439885266,0.988937338501292,325.14728682170545,473.42399667969255,0.292312661498708,CricketBowling/v_CricketBowling_g01_c06.avi,22,22,1,1.0,0
0.0830549001902195,0.3402057685427181,6.550286253286951,0.97593669250646,385.6124031007752,500.9875566710079,0.2512919896640826,CricketBowling/v_CricketBowling_g01_c07.avi,22,22,1,1.0,0
0.8116962768190988,1.1352003074417494,19.730211605555574,0.6947674418604651,343.68992248062017,322.2285240033683,0.2396640826873385,CricketBowling/v_CricketBowling_g02_c01.avi,22,22,1,1.0,0
0.3124318733918561,0.7163663495218263,20.396078054371134,0.9228843669250646,354.4186046511628,344.71115192073216,0.2871447028423772,CricketBowling/v_CricketBowling_g02_c02.avi,22,22,1,1.0,0
0.4463906907602549,0.6552683743205933,4.5,0.8690245478036176,453.0232558139535,462.4755173091111,0.2193152454780361,CricketBowling/v_CricketBowling_g02_c03.avi,22,22,1,1.0,0
0.2329129539270365,0.5346625569803637,14.0356688476182,0.9582525839793282,315.968992248062,324.6356081952298,0.3414082687338501,CricketBowling/v_CricketBowling_g02_c04.avi,22,22,1,1.0,0
0.2812623164081219,1.266838155594278,80.57159083696934,0.9226421188630493,316.4651162790698,342.9526612418884,0.4060077519379845,CricketBowling/v_CricketBowling_g02_c05.avi,22,22,1,1.0,0
0.8257152941982911,2.1368983350565838,178.8700645720239,0.7466085271317829,368.5581395348837,368.4442024794592,0.3362403100775193,CricketBowling/v_CricketBowling_g02_c06.avi,22,22,1,1.0,0
1.1317866151993894,2.9495421805793214,69.25406125275254,0.7104328165374677,284.71317829457365,323.842223853474,0.4538113695090439,CricketBowling/v_CricketBowling_g02_c07.avi,22,22,1,1.0,0
0.2876676106898133,0.3929368479954482,2.0,0.9282945736434108,652.0930232558139,809.8130652496287,0.1127260981912144,CricketBowling/v_CricketBowling_g03_c01.avi,22,28,0,0.5441864132881165,1
1.1903348676239869,1.7778834544649398,8.631338250816034,0.6946059431524548,374.3875968992248,344.2686959918975,0.2257751937984496,CricketBowling/v_CricketBowling_g03_c02.avi,22,30,0,0.6958475708961487,1
1.9566335542558064,3.7843292772275694,145.00344823486094,0.5393249354005168,361.2403100775194,325.03625975888195,0.1947674418604651,CricketBowling/v_CricketBowling_g03_c03.avi,22,30,0,0.9988330006599426,1
0.1982253133610902,0.3265921680259571,4.0,0.9805394056847544,352.3720930232558,339.253148483672,0.2732558139534883,CricketBowling/v_CricketBowling_g03_c04.avi,22,37,0,0.9004682302474976,1
2.905611246135029,5.877529886478942,169.04733065032408,0.3838016795865633,311.06976744186045,358.88907370596735,0.1550387596899224,CricketBowling/v_CricketBowling_g04_c01.avi,22,29,0,0.9957024455070496,1
0.8082084952629643,0.9376369856870592,16.278820596099706,0.6652131782945736,358.3255813953488,584.8889268805256,0.1634366925064599,CricketBowling/v_CricketBowling_g04_c02.avi,22,29,0,0.9996662139892578,1
1.5731470944136174,3.0923905081166674,19.9142693815264,0.6228197674418605,342.7596899224806,584.2594302071216,0.2083333333333333,CricketBowling/v_CricketBowling_g04_c03.avi,22,29,0,0.9989086389541626,1
3.022663059782951,7.740247183396817,302.5241984122923,0.4016472868217054,385.7984496124031,641.2273040829377,0.1275839793281653,CricketBowling/v_CricketBowling_g04_c04.avi,22,29,0,0.9958534240722656,1
1.3808569966422302,2.5912832951098603,25.004999500099974,0.6568152454780362,335.4418604651163,456.0730919758867,0.170219638242894,CricketBowling/v_CricketBowling_g04_c05.avi,22,29,0,0.999979853630066,1
0.1729042514432786,0.517388368167482,17.125456198303155,0.9653585271317828,438.7596899224806,367.2603954485429,0.1514857881136951,CricketBowling/v_CricketBowling_g05_c01.avi,22,22,1,1.0,0
0.1381409181039792,0.4168972547274276,13.375,0.9797319121447028,471.1937984496124,578.6483860603284,0.1789405684754522,CricketBowling/v_CricketBowling_g05_c02.avi,22,22,1,1.0,0
0.8879603932483002,1.6543713980278925,18.77706380135084,0.7799580103359173,427.84496124031006,504.4192677410423,0.1631136950904392,CricketBowling/v_CricketBowling_g05_c03.avi,22,22,1,1.0,0
1.4426694961063635,3.809977124015021,42.51837837923737,0.7588824289405685,433.6124031007752,519.0516144381156,0.231266149870801,CricketBowling/v_CricketBowling_g05_c04.avi,22,22,1,0.9999594688415528,0
2.066399800484126,14.224330594458248,216.11339616044165,0.7790697674418605,346.8527131782945,312.50334821834696,0.1960594315245478,CricketBowling/v_CricketBowling_g06_c01.avi,22,22,1,1.0,0
1.988161172426402,14.856925914666324,280.0111604918633,0.8626453488372093,383.5658914728682,335.19846822468367,0.166343669250646,CricketBowling/v_CricketBowling_g06_c02.avi,22,22,1,1.0,0
1.213275112205212,8.832625215053758,275.0,0.7867409560723514,360.62015503875966,325.05329780742085,0.1967054263565891,CricketBowling/v_CricketBowling_g06_c03.avi,22,22,1,1.0,0
0.2285816626358655,0.6207982548038259,16.50189383070925,0.9622900516795866,411.90697674418607,359.0099962301684,0.1815245478036175,CricketBowling/v_CricketBowling_g06_c04.avi,22,22,1,0.999992847442627,0
0.117221033959894,0.3055972013905902,4.651948516482099,0.9864341085271318,878.8217054263566,1067.1316509499222,0.064922480620155,CricketBowling/v_CricketBowling_g06_c05.avi,22,7,0,0.9929372668266296,1
1.915952558021154,10.348264099668336,339.0014749230451,0.755248708010336,391.68992248062017,453.41183426199984,0.3191214470284237,CricketBowling/v_CricketBowling_g07_c01.avi,22,22,1,1.0,0
1.941960166815002,8.696773313117042,315.1352884080106,0.6875807493540051,396.71317829457365,456.322597601901,0.3200904392764858,CricketBowling/v_CricketBowling_g07_c02.avi,22,22,1,0.9999998807907104,0
3.449603917206947,5.795166020268262,49.97515007481218,0.373546511627907,359.8139534883721,336.34307345493846,0.2396640826873385,CricketBowling/v_CricketBowling_g07_c03.avi,22,23,0,0.9996585845947266,1
4.394635667863121,7.477811006713339,44.00710169961207,0.2917474160206718,456.9302325581396,519.3117715426222,0.1834625322997416,CricketBowling/v_CricketBowling_g07_c04.avi,22,22,1,0.7871296405792236,0
0.4649584490681677,2.652333352767481,89.53787606370837,0.9016472868217056,405.0232558139535,720.6147726920104,0.3323643410852713,CricketShot/v_CricketShot_g01_c01.avi,23,22,0,1.0,1
0.1202117740821857,1.0384091426662796,82.0,0.9723837209302324,225.86046511627907,240.3026755549206,0.4437984496124031,CricketShot/v_CricketShot_g01_c02.avi,23,22,0,1.0,1
0.2158589438784709,2.2330784993063006,110.34491379306978,0.9577680878552972,221.3953488372093,234.4773643594864,0.4489664082687338,CricketShot/v_CricketShot_g01_c03.avi,23,22,0,1.0,1
0.1632174199897017,2.513653977171124,126.1269202034205,0.973029715762274,273.1782945736434,285.3462591149392,0.3717700258397933,CricketShot/v_CricketShot_g01_c04.avi,23,22,0,1.0,1
0.1710760496128398,1.6431951101201092,82.47319640343764,0.9697997416020672,204.4031007751938,201.45446017715497,0.4496124031007752,CricketShot/v_CricketShot_g01_c05.avi,23,22,0,0.9999990463256836,1
0.1762017602854765,1.1493075441605778,87.36596877503277,0.9597868217054264,197.02325581395348,198.19106219399936,0.4777131782945736,CricketShot/v_CricketShot_g01_c06.avi,23,22,0,1.0,1
0.233418896131328,2.3508521772513387,77.4601712172133,0.967377260981912,235.34883720930236,245.389001451841,0.4150516795865633,CricketShot/v_CricketShot_g01_c07.avi,23,22,0,1.0,1
0.0318700421489234,0.1922609018659125,8.25,0.9953165374677002,633.6124031007752,690.7813833160861,0.1353359173126615,CricketShot/v_CricketShot_g02_c01.avi,23,23,1,1.0,0
0.1299805358244411,1.311036792573916,101.1574422620501,0.9704457364341084,497.6124031007752,589.6600559234018,0.2041343669250646,CricketShot/v_CricketShot_g02_c02.avi,23,23,1,1.0,0
0.1422148045093123,0.8527623274610435,43.8837242038549,0.9609173126614988,495.13178294573646,539.4660492488567,0.231266149870801,CricketShot/v_CricketShot_g02_c03.avi,23,23,1,1.0,0
0.1590436498222437,1.7556663104583996,121.2981863013623,0.973998708010336,397.5813953488372,370.5795732619152,0.2638888888888889,CricketShot/v_CricketShot_g02_c04.avi,23,23,1,1.0,0
0.0942398575974528,0.2453901461020089,5.0,0.9760981912144704,512.8682170542636,476.0970420890771,0.1866925064599483,CricketShot/v_CricketShot_g02_c05.avi,23,23,1,1.0,0
0.118230374084253,0.5898217654078283,34.925143163629265,0.9676195090439276,389.953488372093,367.0203057235562,0.2700258397932816,CricketShot/v_CricketShot_g02_c06.avi,23,23,1,1.0,0
0.1552026564788844,1.825576180351524,84.75848040166836,0.9714147286821704,430.2015503875969,385.5224860944145,0.2451550387596899,CricketShot/v_CricketShot_g02_c07.avi,23,23,1,1.0,0
0.8325444878229704,1.6543713368990294,72.09065473416094,0.7185077519379846,252.89922480620157,271.0284702846279,0.4114987080103359,CricketShot/v_CricketShot_g03_c01.avi,23,22,0,0.5243633985519409,1
3.7779080467924393,6.084822658684409,30.026030373660785,0.2419250645994832,272.93023255813955,198.3125786566104,0.1443798449612403,CricketShot/v_CricketShot_g03_c02.avi,23,23,1,0.97651344537735,0
1.2572713945695175,2.049832469612728,90.62456896449218,0.5468346253229974,276.031007751938,215.5841510183489,0.1708656330749354,CricketShot/v_CricketShot_g03_c03.avi,23,23,1,0.8752593398094177,0
7.667074802916177,9.781141184912824,65.73859216624585,0.2551679586563307,314.7906976744186,350.5716632534031,0.1098191214470284,CricketShot/v_CricketShot_g03_c04.avi,23,23,1,0.9999929666519164,0
0.6409769354216615,0.7935943480165655,13.038404810405298,0.8079780361757106,245.51937984496124,154.30901749488123,0.1734496124031007,CricketShot/v_CricketShot_g03_c05.avi,23,22,0,0.964813768863678,1
3.7565503091527495,4.604244473071721,63.07138812488592,0.1651324289405684,193.11627906976744,173.28632164679243,0.4463824289405684,CricketShot/v_CricketShot_g03_c06.avi,23,22,0,0.9949700236320496,1
3.621064622873568,5.433020056921814,33.212384738226795,0.2759205426356589,301.3953488372093,425.0735717187267,0.1408268733850129,CricketShot/v_CricketShot_g03_c07.avi,23,22,0,0.9969570636749268,1
0.239905125105341,1.641121421580385,68.6804193347711,0.9484819121447028,223.62790697674416,238.918203698274,0.4502583979328165,CricketShot/v_CricketShot_g04_c01.avi,23,22,0,0.9992986917495728,1
0.1883633872512436,2.7849021447509994,232.0,0.963501291989664,210.4806201550388,219.32620923758776,0.4618863049095607,CricketShot/v_CricketShot_g04_c02.avi,23,22,0,0.9999635219573976,1
0.3183934330310926,4.0870341430275525,222.800359066138,0.9404877260981912,267.72093023255815,255.8944482236627,0.3071705426356589,CricketShot/v_CricketShot_g04_c03.avi,23,22,0,0.9868037104606628,1
0.1645141000192354,1.4006447011420733,68.41052550594829,0.9614825581395348,228.46511627906975,236.57275284313107,0.4224806201550387,CricketShot/v_CricketShot_g04_c04.avi,23,22,0,0.6359272599220276,1
0.2321951352312413,1.4863232222011915,79.42921376924235,0.9459786821705426,253.7054263565892,268.0991487051873,0.3995478036175711,CricketShot/v_CricketShot_g04_c05.avi,23,22,0,0.8688772320747375,1
0.2689379688440887,1.7891790293229253,98.33433085652231,0.9391149870801032,204.2170542635659,221.2131793472171,0.4958010335917313,CricketShot/v_CricketShot_g04_c06.avi,23,22,0,0.9997735619544984,1
0.2740268841671036,2.0996997901162286,78.90035250238112,0.9541343669250646,226.35658914728683,243.61189742110352,0.4502583979328165,CricketShot/v_CricketShot_g04_c07.avi,23,22,0,0.9649354815483092,1
0.1958389502516102,1.4422206573069174,49.0,0.96390503875969,418.6666666666667,381.054378372019,0.2535529715762274,CricketShot/v_CricketShot_g05_c01.avi,23,23,1,1.0,0
0.2036240837950285,0.8842506897486632,21.0,0.9537306201550388,381.4573643410853,368.02626734177335,0.2974806201550387,CricketShot/v_CricketShot_g05_c02.avi,23,23,1,1.0,0
0.1999715979222414,2.0380365050086664,104.0,0.965439276485788,360.49612403100775,365.8003039748295,0.3498062015503876,CricketShot/v_CricketShot_g05_c03.avi,23,23,1,1.0,0
0.216245209164289,0.8961301567844405,20.325860990373812,0.9532461240310076,396.2170542635659,373.0500509105258,0.2774547803617571,CricketShot/v_CricketShot_g05_c04.avi,23,23,1,1.0,0
0.2398239665449204,0.8353676774978361,14.470336036181054,0.9366925064599484,376.86821705426354,369.4621982917718,0.3162144702842377,CricketShot/v_CricketShot_g05_c05.avi,23,23,1,0.9999997615814208,0
0.30695206173715,3.6433516663717898,125.5,0.9656007751937984,376.062015503876,366.0514589134729,0.3049095607235142,CricketShot/v_CricketShot_g05_c06.avi,23,23,1,1.0,0
0.155625518549886,0.7483085490975201,18.001736027394692,0.9642280361757106,397.3333333333333,383.68053032960273,0.3181524547803617,CricketShot/v_CricketShot_g05_c07.avi,23,23,1,1.0,0
4.0497447632187775,3.6883029057549703,20.39952511702172,0.2576711886304909,292.4031007751938,205.35578954697797,0.0843023255813953,CricketShot/v_CricketShot_g06_c01.avi,23,37,0,0.7870284914970398,1
6.351646209820205,10.484763354653586,249.6261266874924,0.1472060723514212,316.8992248062016,246.58322006576952,0.0962532299741602,CricketShot/v_CricketShot_g06_c02.avi,23,23,1,0.9887114763259888,0
1.9691499350078163,2.1930444249937526,19.625,0.4980620155038759,287.68992248062017,221.61275669385853,0.1398578811369509,CricketShot/v_CricketShot_g06_c03.avi,23,23,1,0.7931106686592102,0
1.0447164018983537,0.9673331839051192,19.375,0.4643087855297158,323.2248062015504,242.4423927518804,0.0633074935400516,CricketShot/v_CricketShot_g06_c04.avi,23,23,1,0.8006937503814697,0
0.8520038450608368,1.3034027802867278,17.750440135388192,0.7776970284237726,274.29457364341084,220.32577722565637,0.188953488372093,CricketShot/v_CricketShot_g06_c05.avi,23,37,0,0.9575634002685548,1
1.3935951889074123,1.7289992615107987,20.25,0.5320574935400517,282.8527131782945,204.3309028059042,0.1185400516795865,CricketShot/v_CricketShot_g06_c06.avi,23,37,0,0.7785270810127258,1
1.9769250284420712,2.82248659088189,48.25,0.3763727390180879,285.95348837209303,220.45428292488285,0.1437338501291989,CricketShot/v_CricketShot_g06_c07.avi,23,23,1,0.6834086179733276,0
1.8196537388144187,1.5240108131642982,16.55294535724685,0.3576388888888889,255.68992248062017,110.47422783039794,0.0675064599483204,CricketShot/v_CricketShot_g07_c01.avi,23,23,1,0.999953031539917,0
2.7278852810236254,3.0863926847679104,13.243512562760682,0.311531007751938,348.15503875968994,290.3625760585997,0.1195090439276485,CricketShot/v_CricketShot_g07_c02.avi,23,23,1,0.9996718168258668,0
6.27335647758406,10.741554756454184,224.0022321317357,0.1563307493540051,314.7906976744186,242.08018642105512,0.0917312661498708,CricketShot/v_CricketShot_g07_c03.avi,23,23,1,0.9999810457229614,0
3.48687934167359,6.540609001439448,225.30548706145615,0.3787952196382429,251.2248062015504,119.28892944015362,0.0972222222222222,CricketShot/v_CricketShot_g07_c04.avi,23,35,0,0.590502917766571,1
3.175543904060962,4.636714136344801,132.2800060477773,0.2783430232558139,282.4806201550388,218.077402544121,0.1514857881136951,CricketShot/v_CricketShot_g07_c05.avi,23,35,0,0.8367191553115845,1
9.537528108158863,12.574964875253425,181.3394606807906,0.2358688630490956,289.984496124031,206.8951719174002,0.0968992248062015,CricketShot/v_CricketShot_g07_c06.avi,23,92,0,0.9999773502349854,1
7.282810751668231,6.475192214161958,30.859560917161478,0.0968992248062015,284.52713178294573,175.66661860402883,0.0529715762273901,CricketShot/v_CricketShot_g07_c07.avi,23,83,0,0.9982061386108398,1
0.800729663565884,1.525375602014024,71.11258679024411,0.7697028423772609,424.7441860465116,369.5188633522986,0.1921834625322997,CuttingInKitchen/v_CuttingInKitchen_g01_c01.avi,24,24,1,1.0,0
1.9122862639028544,5.631055450611659,109.5673308974897,0.7833494832041343,383.9379844961241,360.9572061632917,0.2625968992248062,CuttingInKitchen/v_CuttingInKitchen_g01_c02.avi,24,24,1,1.0,0
1.2078656680343267,6.054156324539906,275.2816739269071,0.8465762273901809,401.48837209302326,370.30323037064,0.2525839793281654,CuttingInKitchen/v_CuttingInKitchen_g01_c03.avi,24,24,1,1.0,0
1.655001491435889,7.930524483259328,148.48916206242123,0.8268733850129198,466.2325581395349,528.7276890541347,0.2189922480620155,CuttingInKitchen/v_CuttingInKitchen_g01_c04.avi,24,24,1,1.0,0
6.840437576769473,17.520378634982897,284.9356286953248,0.7139857881136951,331.7829457364341,339.0720799005232,0.3391472868217054,CuttingInKitchen/v_CuttingInKitchen_g01_c05.avi,24,24,1,1.0,0
0.9209343097754098,3.367790923804737,258.72379094316005,0.8092700258397932,331.1007751937984,330.16988450653395,0.3091085271317829,CuttingInKitchen/v_CuttingInKitchen_g02_c01.avi,24,24,1,1.0,0
1.0477062377768092,4.108720517328645,211.8740781690861,0.8434270025839793,363.6589147286822,428.91694315561136,0.2816537467700258,CuttingInKitchen/v_CuttingInKitchen_g02_c02.avi,24,24,1,1.0,0
0.5421469931845349,1.5691739722305904,24.288950677211236,0.8907461240310077,359.5658914728682,356.0894375276792,0.3145994832041344,CuttingInKitchen/v_CuttingInKitchen_g02_c03.avi,24,24,1,1.0,0
0.7359156963864683,1.7564840210820427,25.942243542145693,0.8347060723514211,327.8139534883721,332.21114438932204,0.3275193798449612,CuttingInKitchen/v_CuttingInKitchen_g02_c04.avi,24,24,1,1.0,0
0.4431545052057924,2.263737947271069,92.03599839193356,0.8882428940568475,445.7674418604651,374.7662116020762,0.1666666666666666,CuttingInKitchen/v_CuttingInKitchen_g03_c01.avi,24,24,1,1.0,0
0.6600116758978406,1.0258714511275775,12.0,0.7696220930232558,392.5581395348837,374.7069119666842,0.2939276485788114,CuttingInKitchen/v_CuttingInKitchen_g03_c02.avi,24,24,1,1.0,0
0.5815197859936498,1.6302469647466695,39.51601732209358,0.8420542635658915,498.85271317829455,532.6846893863125,0.1860465116279069,CuttingInKitchen/v_CuttingInKitchen_g03_c03.avi,24,24,1,1.0,0
0.7729485725115018,2.968567642905525,108.29589096544709,0.8264696382428941,399.6279069767442,378.1805292576189,0.2894056847545219,CuttingInKitchen/v_CuttingInKitchen_g03_c04.avi,24,24,1,1.0,0
4.66502881280059,8.837980223943802,174.1831381764607,0.3690245478036176,236.52713178294573,181.35297192672928,0.2616279069767442,CuttingInKitchen/v_CuttingInKitchen_g04_c01.avi,24,24,1,1.0,0
3.266012261511368,13.241260891004396,227.0594635772753,0.591327519379845,239.8139534883721,176.5908759809486,0.2380490956072351,CuttingInKitchen/v_CuttingInKitchen_g04_c02.avi,24,24,1,0.9999977350234984,0
3.0531948493503878,5.166526308445883,63.12685640834652,0.3494024547803617,223.75193798449607,152.48047433813863,0.2661498708010336,CuttingInKitchen/v_CuttingInKitchen_g04_c03.avi,24,24,1,1.0,0
8.755731382175151,17.30466857440431,303.4616944525289,0.4779554263565891,255.1937984496124,211.9537055464568,0.2470930232558139,CuttingInKitchen/v_CuttingInKitchen_g04_c04.avi,24,24,1,0.9997630715370178,0
5.744393222949088,13.7741991873796,215.71049029891893,0.6160368217054264,246.51162790697677,236.70139879259935,0.3439922480620155,CuttingInKitchen/v_CuttingInKitchen_g04_c05.avi,24,24,1,1.0,0
0.8288140341563861,2.3337976749937197,75.32595834106593,0.806282299741602,279.50387596899225,345.6613955485538,0.2225452196382429,CuttingInKitchen/v_CuttingInKitchen_g05_c01.avi,24,53,0,0.6740125417709351,1
0.2643130632453866,0.8764461899516627,19.42453345643081,0.9589793281653748,241.7984496124031,168.0597614197075,0.213501291989664,CuttingInKitchen/v_CuttingInKitchen_g05_c02.avi,24,24,1,0.9983186721801758,0
0.325759470020924,0.623446109495373,7.2886898685566255,0.9228036175710594,268.52713178294573,207.75141964530965,0.1828165374677002,CuttingInKitchen/v_CuttingInKitchen_g05_c03.avi,24,24,1,0.9947595000267028,0
0.3777607853362368,0.8125425940805961,13.038404810405298,0.9084302325581396,289.6744186046512,436.2275766706156,0.2367571059431524,CuttingInKitchen/v_CuttingInKitchen_g05_c04.avi,24,24,1,0.9979203343391418,0
1.107283109663585,4.269400236878372,112.0580206857144,0.8156492248062015,262.3255813953488,334.8132225536426,0.2512919896640826,CuttingInKitchen/v_CuttingInKitchen_g05_c05.avi,24,24,1,0.9973817467689514,0
0.648950355078639,2.3693480628658925,71.01463317514215,0.8920381136950905,240.93023255813952,174.041614289793,0.228359173126615,CuttingInKitchen/v_CuttingInKitchen_g05_c06.avi,24,24,1,0.6700195074081421,0
0.3127692149636834,1.1372196410907172,24.515301344262525,0.9578488372093024,407.37984496124034,360.4966254462245,0.1986434108527131,CuttingInKitchen/v_CuttingInKitchen_g06_c01.avi,24,24,1,1.0,0
1.3862566919369268,5.613864595373435,208.6552180032889,0.7588824289405685,392.062015503876,357.7909777383668,0.2280361757105943,CuttingInKitchen/v_CuttingInKitchen_g06_c02.avi,24,24,1,1.0,0
1.61911918818251,5.07588120127236,124.4437623989246,0.758155684754522,407.4418604651163,366.6766716107195,0.2228682170542635,CuttingInKitchen/v_CuttingInKitchen_g06_c03.avi,24,24,1,1.0,0
1.554346785519422,7.583271539461782,264.25,0.7855297157622739,376.8062015503876,355.37193263421415,0.2609819121447028,CuttingInKitchen/v_CuttingInKitchen_g06_c04.avi,24,24,1,1.0,0
1.3733886718174064,2.7211762632166585,46.38156961552724,0.655281007751938,371.968992248062,345.7631025276224,0.2383720930232558,CuttingInKitchen/v_CuttingInKitchen_g06_c05.avi,24,24,1,1.0,0
1.4583992642464847,4.784542250742788,84.90583018850944,0.739906330749354,512.6821705426356,740.9469949814446,0.2819767441860465,CuttingInKitchen/v_CuttingInKitchen_g07_c01.avi,24,24,1,1.0,0
0.6840303227671319,1.1153074000059184,16.904603662907924,0.7781007751937985,370.4186046511628,500.7069528947274,0.2929586563307493,CuttingInKitchen/v_CuttingInKitchen_g07_c02.avi,24,24,1,0.9992938041687012,0
4.811431012193151,7.901408336994693,128.0,0.4303940568475452,471.50387596899225,732.1932235767027,0.2781007751937984,CuttingInKitchen/v_CuttingInKitchen_g07_c03.avi,24,24,1,1.0,0
2.415785252907064,3.494231561228773,32.250968977691194,0.4198966408268734,318.69767441860466,305.9006933314114,0.2677648578811369,CuttingInKitchen/v_CuttingInKitchen_g07_c04.avi,24,24,1,1.0,0
3.180803476385636,10.421869388435232,393.4922172038477,0.2595284237726098,269.5813953488372,161.31584396559464,0.085594315245478,Diving/v_Diving_g01_c01.avi,25,25,1,1.0,0
1.7508349512274457,1.448113274827706,12.083045973594572,0.3400355297157623,275.968992248062,173.376139823866,0.0820413436692506,Diving/v_Diving_g01_c02.avi,25,25,1,1.0,0
5.065035095603093,7.173020413769829,51.66236541235796,0.2512919896640826,266.04651162790697,153.912985608733,0.0872093023255814,Diving/v_Diving_g01_c03.avi,25,25,1,1.0,0
6.407511720126097,9.848219046860605,74.62573282722254,0.1959786821705426,251.47286821705427,123.0328674508104,0.1010981912144702,Diving/v_Diving_g01_c04.avi,25,25,1,1.0,0
3.3941708853203107,5.400277739430157,63.38769596696192,0.2201227390180878,269.3333333333333,163.68116735838495,0.0907622739018087,Diving/v_Diving_g01_c05.avi,25,25,1,1.0,0
6.009475931267866,8.911820323560663,63.07138812488592,0.2280361757105943,249.5503875968992,116.53318795604368,0.1007751937984496,Diving/v_Diving_g01_c06.avi,25,25,1,1.0,0
4.852116305649561,7.505838039201628,71.58910531638176,0.281734496124031,278.8837209302326,187.32352430553857,0.0978682170542635,Diving/v_Diving_g01_c07.avi,25,25,1,1.0,0
0.213259818396534,0.7681301806474152,12.75,0.9450096899224806,232.3720930232558,203.38679192164224,0.3259043927648579,Diving/v_Diving_g02_c01.avi,25,25,1,1.0,0
0.153096427294363,0.6212238504518677,15.033296378372908,0.9651162790697676,374.7596899224806,350.2110277482606,0.2470930232558139,Diving/v_Diving_g02_c02.avi,25,25,1,1.0,0
0.1624091967258014,0.5568272661434764,13.0,0.96156330749354,221.6434108527132,174.41542667216768,0.3145994832041344,Diving/v_Diving_g02_c03.avi,25,25,1,1.0,0
0.52101724610025,1.339989486918086,39.0,0.8483527131782945,256.62015503875966,187.417173180786,0.187984496124031,Diving/v_Diving_g02_c04.avi,25,25,1,1.0,0
0.2799271012954852,0.8194561236279783,28.5,0.9349160206718348,237.02325581395348,325.45592266649874,0.3249354005167958,Diving/v_Diving_g02_c05.avi,25,25,1,1.0,0
0.3616124049421745,0.7989886716667237,15.0,0.9281330749354004,227.53488372093025,147.65190819094866,0.2412790697674418,Diving/v_Diving_g02_c06.avi,25,25,1,1.0,0
0.4498144491946248,0.9671934710740364,20.0,0.8784722222222222,189.95348837209303,129.96850306961622,0.3905038759689923,Diving/v_Diving_g02_c07.avi,25,25,1,1.0,0
0.6846704428053036,3.2199798762166814,140.45995870709916,0.8040213178294574,1236.15503875969,1599.5939332082942,0.1262919896640827,Diving/v_Diving_g03_c01.avi,25,25,1,1.0,0
1.4903398153050682,2.487415924172965,17.066048165876012,0.5497416020671835,1313.7984496124031,1664.7358958069876,0.1611757105943152,Diving/v_Diving_g03_c02.avi,25,25,1,1.0,0
1.1126590236479157,3.5110475520045648,118.10588469674153,0.7360303617571059,1335.5038759689924,1727.681639331796,0.1579457364341085,Diving/v_Diving_g03_c03.avi,25,25,1,1.0,0
1.24844909518366,2.3690157118464645,128.03515142334936,0.619266795865633,1336.6821705426355,1690.4334657374754,0.1375968992248062,Diving/v_Diving_g03_c04.avi,25,25,1,1.0,0
3.082347852133549,5.048281957738384,176.751591223389,0.4429909560723514,298.2325581395349,247.6115522354171,0.166343669250646,Diving/v_Diving_g03_c05.avi,25,25,1,1.0,0
0.5451949627522412,1.1069904186089,60.876925020897694,0.7763242894056848,549.2713178294574,803.843169477304,0.104328165374677,Diving/v_Diving_g03_c06.avi,25,25,1,1.0,0
0.5462333730664196,3.27323591185021,69.86460119402386,0.9037467700258398,584.3720930232558,947.8242655107372,0.1217700258397932,Diving/v_Diving_g03_c07.avi,25,25,1,1.0,0
6.893154227137743,8.775209787002218,130.32747216147484,0.2491117571059431,260.7751937984496,165.52632710855306,0.128875968992248,Diving/v_Diving_g04_c01.avi,25,25,1,1.0,0
1.5302930071822776,2.625501546968652,70.42105509007942,0.5991602067183462,236.2170542635659,146.64775924148122,0.2012273901808785,Diving/v_Diving_g04_c02.avi,25,25,1,1.0,0
1.5092114202052953,3.07909588819281,29.61418578992169,0.6391311369509044,208.49612403100772,142.1264926305349,0.3197674418604651,Diving/v_Diving_g04_c03.avi,25,25,1,1.0,0
3.894449389245601,3.759754118916279,29.42787793912432,0.2407138242894057,244.71317829457365,152.42734671929094,0.1737726098191214,Diving/v_Diving_g04_c04.avi,25,25,1,1.0,0
1.044393406890354,1.6717177251799369,21.273516399504807,0.6854005167958657,228.093023255814,122.70892273492952,0.2021963824289405,Diving/v_Diving_g04_c05.avi,25,25,1,1.0,0
3.803051531682004,5.426567083479417,166.3640586184408,0.2929586563307493,245.7674418604651,144.6067381120583,0.1566537467700258,Diving/v_Diving_g04_c06.avi,25,25,1,1.0,0
1.5446384759808818,1.6174481351684902,16.51703665915893,0.4188468992248062,263.13178294573646,164.06840036276424,0.1166020671834625,Diving/v_Diving_g04_c07.avi,25,25,1,1.0,0
0.1992184771111809,0.725918709651573,14.625534178278754,0.9531653746770026,1011.84496124031,1318.8142574792043,0.1253229974160206,Diving/v_Diving_g05_c01.avi,25,25,1,1.0,0
0.1981606999848426,0.8627231675471585,14.409740629171644,0.954780361757106,932.9612403100776,1318.111383249809,0.1614987080103359,Diving/v_Diving_g05_c02.avi,25,25,1,1.0,0
0.1700039319500134,0.7318045567816011,17.665290826929514,0.9515503875968992,1089.984496124031,1195.0326257068532,0.1085271317829457,Diving/v_Diving_g05_c03.avi,25,25,1,1.0,0
0.2084948333843441,0.8427786883000071,32.07047902666875,0.9520348837209304,950.8837209302326,1238.4032707069948,0.1069121447028423,Diving/v_Diving_g05_c04.avi,25,25,1,1.0,0
0.2524128841768336,0.6902063727608747,22.0,0.9478359173126616,424.6821705426357,828.0862216323277,0.1950904392764857,Diving/v_Diving_g05_c05.avi,25,25,1,0.9999998807907104,0
0.3112877490610707,0.6757004884856818,10.471688020562874,0.9272448320413436,272.0,421.2124250028057,0.2357881136950904,Diving/v_Diving_g05_c06.avi,25,25,1,1.0,0
1.9464898413425635,3.528367940225837,31.064449134018133,0.5959302325581395,237.14728682170545,116.20798654158637,0.1537467700258397,Diving/v_Diving_g06_c01.avi,25,25,1,1.0,0
0.7905046568204652,0.8482927447399056,10.25,0.6049741602067183,272.4961240310077,205.6293091358198,0.1621447028423772,Diving/v_Diving_g06_c02.avi,25,25,1,1.0,0
1.5178214960219851,1.5707190979875123,16.00781059358212,0.4958817829457364,271.8759689922481,158.9858853738031,0.0723514211886304,Diving/v_Diving_g06_c03.avi,25,25,1,1.0,0
0.8684494780466739,1.2715393386963785,17.125456198303155,0.7359496124031008,246.13953488372093,162.9800360716711,0.1857235142118863,Diving/v_Diving_g06_c04.avi,25,25,1,1.0,0
2.0227591621709795,2.063542442888145,47.875,0.3118540051679586,295.2558139534884,217.62567532168904,0.1017441860465116,Diving/v_Diving_g06_c05.avi,25,25,1,1.0,0
1.438806547745663,1.539543272620421,16.194134740701646,0.4720607235142119,308.52713178294573,225.7810587121264,0.0726744186046511,Diving/v_Diving_g06_c06.avi,25,25,1,1.0,0
0.8313457170277129,1.5969180172047306,19.026297590440446,0.7692183462532299,225.6124031007752,116.1207811511589,0.2047803617571059,Diving/v_Diving_g06_c07.avi,25,25,1,1.0,0
1.3982555331081667,2.499516711632976,30.640047323723245,0.6237887596899225,302.8837209302326,233.50964417136692,0.1124031007751938,Diving/v_Diving_g07_c01.avi,25,25,1,1.0,0
0.3116370478251767,0.5926576908608405,17.392527130926087,0.9416989664082688,285.3333333333333,345.3190263714993,0.1986434108527131,Diving/v_Diving_g07_c02.avi,25,25,1,1.0,0
0.5064367930881635,1.15665886537061,16.31908392036759,0.8838824289405685,232.31007751937983,195.04154987467,0.3081395348837209,Diving/v_Diving_g07_c03.avi,25,25,1,1.0,0
4.331191109911218,10.305162918658835,333.0000234609601,0.4390342377260982,237.02325581395348,136.10418177402346,0.1815245478036175,Diving/v_Diving_g07_c04.avi,25,25,1,1.0,0
0.1389949634261762,0.5685447495989641,14.866068747318506,0.9685077519379846,248.1860465116279,198.8505639470111,0.2474160206718346,Drumming/v_Drumming_g01_c01.avi,26,26,1,1.0,0
0.247676259561909,0.365296559292687,7.081004519134273,0.9729489664082688,274.72868217054264,192.38848584936315,0.1246770025839793,Drumming/v_Drumming_g01_c02.avi,26,26,1,1.0,0
1.2157509281624457,1.0113008536641133,15.524174696260024,0.483204134366925,269.2093023255814,163.76394783694352,0.0914082687338501,Drumming/v_Drumming_g01_c03.avi,26,26,1,1.0,0
1.481473289731429,2.114270188048064,112.53888216967503,0.5570897932816538,242.4806201550388,152.86996555441377,0.1841085271317829,Drumming/v_Drumming_g01_c04.avi,26,26,1,1.0,0
0.9284710169537226,2.2479725520612965,91.74727516389792,0.6585917312661499,289.1162790697674,338.3377430019345,0.1582687338501292,Drumming/v_Drumming_g01_c05.avi,26,26,1,1.0,0
0.3997244870939458,1.6816405352786572,142.56226709757388,0.9102067183462532,286.26356589147287,509.8919405110627,0.2971576227390181,Drumming/v_Drumming_g01_c06.avi,26,26,1,1.0,0
0.4608370852132487,0.9559295519199564,16.55294535724685,0.8938145994832042,232.8682170542636,157.67847669577534,0.234173126614987,Drumming/v_Drumming_g01_c07.avi,26,26,1,1.0,0
0.2330999870857072,0.5623787556181716,14.802871343087462,0.9223191214470284,347.4108527131783,406.5946615450667,0.2306201550387596,Drumming/v_Drumming_g02_c01.avi,26,26,1,1.0,0
0.3869524544137042,0.921217376934022,17.08800749063506,0.8748385012919897,287.50387596899225,289.70340684649403,0.3294573643410852,Drumming/v_Drumming_g02_c02.avi,26,26,1,1.0,0
0.5170523496868258,1.3015954752536498,20.09975124224178,0.8581233850129198,297.92248062015506,278.97802454098826,0.2571059431524548,Drumming/v_Drumming_g02_c03.avi,26,26,1,1.0,0
0.5996690645823075,1.412183909053435,17.46424919657298,0.838501291989664,244.2170542635659,240.020831177368,0.3624031007751938,Drumming/v_Drumming_g02_c04.avi,26,26,1,1.0,0
0.7778291307739058,2.52286512827784,164.37804179695047,0.8314760981912145,228.71317829457365,188.92003122598084,0.3113695090439276,Drumming/v_Drumming_g02_c05.avi,26,26,1,1.0,0
1.1666090436945058,3.5919879264258108,102.78352555249307,0.7880329457364341,245.45736434108528,173.24405905009868,0.2073643410852713,Drumming/v_Drumming_g02_c06.avi,26,26,1,1.0,0
0.6589009580480952,1.92055046920419,80.05623023850174,0.8429425064599483,217.984496124031,199.7692461256595,0.3827519379844961,Drumming/v_Drumming_g02_c07.avi,26,26,1,1.0,0
0.9798315029694236,2.077850931562653,40.60788100849391,0.7331233850129198,294.94573643410854,248.4614458597576,0.1808785529715762,Drumming/v_Drumming_g03_c01.avi,26,26,1,1.0,0
0.5131136319656274,6.252770012862285,261.0432196016591,0.9404877260981912,276.8372093023256,239.7526758812339,0.2273901808785529,Drumming/v_Drumming_g03_c02.avi,26,26,1,1.0,0
1.0063926149758842,2.935394037393319,97.90620511489556,0.7592054263565892,318.015503875969,259.5338093760469,0.127906976744186,Drumming/v_Drumming_g03_c03.avi,26,26,1,0.999987006187439,0
1.1560704832469622,2.095360450328917,17.324116139070416,0.6802325581395349,335.8759689922481,275.1049132576146,0.1124031007751938,Drumming/v_Drumming_g03_c04.avi,26,26,1,1.0,0
0.4636130864749637,5.610313606601219,309.0,0.9277293281653748,277.3953488372093,252.07585970920368,0.2580749354005168,Drumming/v_Drumming_g03_c05.avi,26,26,1,0.9999991655349731,0
3.3818457810874367,8.374621983107856,320.5635662392094,0.6293604651162791,624.4341085271318,1099.3371071312374,0.1353359173126615,Drumming/v_Drumming_g04_c01.avi,26,26,1,1.0,0
0.775290545494047,1.6544527478906563,49.51593809067945,0.6797480620155039,642.1705426356589,1070.9726661009445,0.1308139534883721,Drumming/v_Drumming_g04_c02.avi,26,26,1,1.0,0
2.174199990036872,3.744792399739664,16.0,0.724483204134367,615.0697674418604,1074.8192145517835,0.1789405684754522,Drumming/v_Drumming_g04_c03.avi,26,26,1,1.0,0
0.8226848218335675,1.5159936912231589,50.38911092686593,0.6986434108527132,562.8527131782946,1038.0899805719907,0.1175710594315245,Drumming/v_Drumming_g04_c04.avi,26,26,1,1.0,0
0.4939816980019054,1.265405539446298,66.99451936539286,0.8259043927648578,487.37984496124034,908.98733324336,0.1708656330749354,Drumming/v_Drumming_g04_c05.avi,26,26,1,1.0,0
0.3568548346163993,0.8712118025588721,14.763235587092687,0.8584463824289406,709.5193798449612,1205.324537986547,0.1624677002583979,Drumming/v_Drumming_g04_c06.avi,26,26,1,1.0,0
0.7078024451587134,10.39433543006806,288.1058833137567,0.8868701550387597,1113.1162790697674,1503.3111548643692,0.1069121447028423,Drumming/v_Drumming_g04_c07.avi,26,26,1,1.0,0
0.2417819644574724,0.9210730984948844,18.559448402363685,0.9441214470284238,519.3798449612403,487.83793206952186,0.2393410852713178,Drumming/v_Drumming_g05_c01.avi,26,26,1,1.0,0
0.5088034871200249,1.875337482297177,61.98386886924694,0.9041505167958656,429.27131782945736,393.2004982359407,0.2797157622739018,Drumming/v_Drumming_g05_c02.avi,26,26,1,1.0,0
0.3992883266722078,1.8653909957222583,117.30835434869932,0.9140826873385012,428.8372093023256,388.932045851054,0.2625968992248062,Drumming/v_Drumming_g05_c03.avi,26,26,1,1.0,0
0.3588279740862004,1.4338836218989823,35.84428127330774,0.9096414728682172,447.8139534883721,389.4343695379148,0.2231912144702842,Drumming/v_Drumming_g05_c04.avi,26,26,1,1.0,0
0.3601850140221327,1.1300403347352943,16.326741867255695,0.9035852713178296,495.6279069767442,416.564745421618,0.2545219638242894,Drumming/v_Drumming_g05_c05.avi,26,26,1,1.0,0
0.2624612213362144,0.9542490001518612,16.01025062264798,0.9367732558139537,441.30232558139534,402.828807477974,0.2945736434108527,Drumming/v_Drumming_g05_c06.avi,26,26,1,1.0,0
0.1381346683866915,0.6955160079844079,16.278820596099706,0.960190568475452,1431.937984496124,1492.9066376408864,0.1414728682170542,Drumming/v_Drumming_g06_c01.avi,26,60,0,0.9895473718643188,1
0.0811781488591056,0.3923355793495149,10.991473968490304,0.97827842377261,577.3023255813954,850.9110721957314,0.1728036175710594,Drumming/v_Drumming_g06_c02.avi,26,26,1,0.9994320273399352,0
0.0985565702230451,0.4070278564764113,13.875,0.9743217054263564,862.8837209302326,1076.2589212401192,0.1311369509043927,Drumming/v_Drumming_g06_c03.avi,26,26,1,0.999847650527954,0
0.0827768927098884,0.514236637754329,17.009647997533634,0.9790051679586564,1086.449612403101,1222.2773823478346,0.1178940568475452,Drumming/v_Drumming_g06_c04.avi,26,26,1,0.9999334812164308,0
0.1185743924544265,0.4533003472109668,8.459462157844316,0.9554263565891472,944.186046511628,1291.6124275730372,0.1534237726098191,Drumming/v_Drumming_g06_c05.avi,26,26,1,0.9999006986618042,0
0.06422823580055,0.3746000992684649,10.329720470564537,0.9822351421188632,795.5968992248062,1030.1542107737469,0.1275839793281653,Drumming/v_Drumming_g06_c06.avi,26,26,1,0.9998937845230104,0
0.7662450237277204,2.4176322590103725,47.38143096192854,0.8640180878552972,299.7829457364341,278.90563993620106,0.25,Drumming/v_Drumming_g07_c01.avi,26,26,1,1.0,0
0.4201020412395833,1.3241605359298532,47.09564735726647,0.8863856589147286,212.89922480620157,187.0679454127549,0.3795219638242894,Drumming/v_Drumming_g07_c02.avi,26,26,1,1.0,0
0.9052188040224024,2.6955189624788893,42.04759208325728,0.8544089147286822,234.7906976744186,203.6824430035278,0.315891472868217,Drumming/v_Drumming_g07_c03.avi,26,26,1,1.0,0
0.5564867269533211,2.3696073283603,172.29045243425418,0.8822674418604651,287.2558139534884,281.8982245027908,0.3062015503875969,Drumming/v_Drumming_g07_c04.avi,26,26,1,1.0,0
0.7528504269304271,2.4565871389096565,33.669580113211985,0.882671188630491,277.3953488372093,259.0643396366816,0.2774547803617571,Drumming/v_Drumming_g07_c05.avi,26,26,1,1.0,0
1.0394394516583758,5.239860447898259,223.46588106464927,0.8609496124031008,237.33333333333331,342.8447641422304,0.3866279069767442,Drumming/v_Drumming_g07_c06.avi,26,26,1,1.0,0
0.6251516849845864,2.276587408965622,56.61271941887264,0.9077842377260982,341.6434108527132,336.02643395579497,0.2955426356589147,Drumming/v_Drumming_g07_c07.avi,26,26,1,1.0,0
3.63816612664634,5.07698012194405,56.00892785976178,0.2097868217054263,252.65116279069767,152.49596010217823,0.1401808785529715,Fencing/v_Fencing_g01_c01.avi,27,27,1,1.0,0
1.4679254667514718,3.3146966697011235,78.40918313565064,0.6677164082687338,225.67441860465115,111.90771133938948,0.1992894056847545,Fencing/v_Fencing_g01_c02.avi,27,27,1,1.0,0
1.3283555473532398,2.5987434060293677,26.262199546115703,0.6911337209302325,214.51162790697677,128.39190949172504,0.271640826873385,Fencing/v_Fencing_g01_c03.avi,27,27,1,1.0,0
2.5738139902925696,4.206667647158352,91.08786966440702,0.4393572351421189,209.42635658914728,107.4049625110352,0.2684108527131782,Fencing/v_Fencing_g01_c04.avi,27,27,1,1.0,0
2.323229860777356,2.942005984480077,24.08318915758459,0.3810562015503876,208.3720930232558,112.21180621377944,0.2790697674418604,Fencing/v_Fencing_g01_c05.avi,27,27,1,1.0,0
2.145547390212986,2.742977208766676,26.51061108311161,0.4407299741602067,237.27131782945736,106.4982987044652,0.1414728682170542,Fencing/v_Fencing_g01_c06.avi,27,27,1,1.0,0
3.0153100271206226,5.0276480997891575,108.86301598798372,0.5188953488372093,398.07751937984494,433.3785357295119,0.2057493540051679,Fencing/v_Fencing_g02_c01.avi,27,27,1,0.9999998807907104,0
6.283768512927641,17.947525656194692,304.9070555103637,0.7085755813953488,440.8062015503876,722.098471645134,0.2596899224806202,Fencing/v_Fencing_g02_c02.avi,27,27,1,0.9999994039535522,0
9.129139388703893,16.041192316790458,157.10988391886744,0.4694767441860465,463.13178294573646,756.1313140113984,0.1563307493540051,Fencing/v_Fencing_g02_c03.avi,27,27,1,1.0,0
1.6910905257697462,2.385211785520288,30.602287496198716,0.5586240310077519,578.4186046511628,930.9752384127024,0.2845607235142119,Fencing/v_Fencing_g02_c04.avi,27,27,1,0.9999991655349731,0
1.4661770977452773,2.696100355476492,59.86495218406175,0.6451065891472868,511.13178294573646,820.2045441602737,0.2939276485788114,Fencing/v_Fencing_g02_c05.avi,27,27,1,1.0,0
3.255800455269156,3.861585391058472,45.17742799230607,0.1832202842377261,283.4108527131783,235.4267644780564,0.1905684754521963,Fencing/v_Fencing_g03_c01.avi,27,27,1,1.0,0
4.506573422349099,5.8249454464686,38.01315561749642,0.1514050387596899,261.7054263565892,149.8259663847118,0.0981912144702842,Fencing/v_Fencing_g03_c02.avi,27,5,0,0.8699959516525269,1
3.6323156323297385,7.285208732810043,285.17538463198395,0.3980135658914728,235.90697674418604,136.72988376399556,0.1873385012919896,Fencing/v_Fencing_g03_c03.avi,27,27,1,1.0,0
0.6583169725030685,1.2891329987523188,15.598477489806497,0.8342215762273901,238.2015503875969,166.2194020263561,0.2257751937984496,Fencing/v_Fencing_g03_c04.avi,27,27,1,1.0,0
1.9411067662046515,2.466941541977105,30.188211689333304,0.4597868217054263,249.984496124031,136.89819589278596,0.126937984496124,Fencing/v_Fencing_g03_c05.avi,27,27,1,1.0,0
3.246556064360869,4.60813887290335,45.59879384369722,0.4597060723514212,267.7829457364341,164.70622008278343,0.0988372093023255,Fencing/v_Fencing_g04_c01.avi,27,27,1,1.0,0
5.2016108395683,6.900319235121378,123.56476034857188,0.2609819121447028,264.4341085271318,169.68022112567962,0.1214470284237726,Fencing/v_Fencing_g04_c02.avi,27,27,1,1.0,0
1.3473949364354727,2.300144143123915,25.019992006393608,0.682251291989664,250.7906976744186,163.37722908420923,0.1666666666666666,Fencing/v_Fencing_g04_c03.avi,27,27,1,1.0,0
2.309351420700556,2.373308648799953,29.057324808041088,0.2943313953488372,252.093023255814,130.109044419276,0.108204134366925,Fencing/v_Fencing_g04_c04.avi,27,27,1,1.0,0
1.8854401874915248,3.0487747513500314,33.78169807750937,0.5467538759689923,242.91472868217053,146.2611040511445,0.1715116279069767,Fencing/v_Fencing_g04_c05.avi,27,27,1,1.0,0
1.9101319620194772,5.95808980415836,86.5057801536984,0.6649709302325582,206.2635658914729,128.84589192657322,0.3107235142118863,Fencing/v_Fencing_g05_c01.avi,27,27,1,1.0,0
5.707902155711806,7.660003792580543,153.0294089382822,0.1998546511627907,256.93023255813955,144.1416285671576,0.1088501291989664,Fencing/v_Fencing_g05_c02.avi,27,27,1,1.0,0
1.6693040724547208,3.662106310550167,60.0,0.6701388888888888,230.2015503875969,148.0204982580894,0.2299741602067183,Fencing/v_Fencing_g05_c03.avi,27,27,1,1.0,0
1.594907691093639,3.5247052419866858,42.56337187065893,0.6640826873385013,265.4263565891473,225.76151151275545,0.2377260981912144,Fencing/v_Fencing_g05_c04.avi,27,27,1,1.0,0
2.2662434860774177,5.547205890822631,81.09870529176159,0.5257590439276486,223.4418604651163,130.75973036417122,0.234173126614987,Fencing/v_Fencing_g05_c05.avi,27,27,1,1.0,0
7.809446758566083,11.594781682352217,248.0503981049013,0.1923449612403101,273.48837209302326,188.1256843724581,0.1208010335917312,Fencing/v_Fencing_g06_c01.avi,27,27,1,1.0,0
2.4024542822448214,2.838275843852482,24.29120211105247,0.3670058139534883,274.04651162790697,176.00501492437348,0.0946382428940568,Fencing/v_Fencing_g06_c02.avi,27,27,1,1.0,0
1.8173771893518924,2.6704293968525583,26.7946473199406,0.5475613695090439,234.10852713178292,75.02694506260772,0.1243540051679586,Fencing/v_Fencing_g06_c03.avi,27,27,1,1.0,0
3.0747619347310806,3.487143716286942,56.794586009583696,0.2972383720930232,262.26356589147287,156.4520145559086,0.1069121447028423,Fencing/v_Fencing_g06_c04.avi,27,27,1,1.0,0
2.605728145194644,3.260101706560633,39.50019778431496,0.3418120155038759,217.984496124031,116.07869453746156,0.2393410852713178,Fencing/v_Fencing_g07_c01.avi,27,27,1,1.0,0
2.511374659317928,4.899406611369705,130.38674443746189,0.4111757105943152,236.031007751938,143.46195444037645,0.1970284237726098,Fencing/v_Fencing_g07_c02.avi,27,27,1,1.0,0
3.0492138245435783,7.076372067701931,336.56769378536615,0.3368055555555556,240.93023255813952,114.64919098261954,0.1353359173126615,Fencing/v_Fencing_g07_c03.avi,27,27,1,1.0,0
5.776887541124867,7.6785189533692755,117.54919183048432,0.2255329457364341,220.093023255814,136.7570947870013,0.2580749354005168,Fencing/v_Fencing_g07_c04.avi,27,27,1,1.0,0
1.1666496028968325,3.1754619537443034,76.0,0.7154392764857881,424.5581395348837,674.2098666544514,0.2642118863049095,FieldHockeyPenalty/v_FieldHockeyPenalty_g01_c01.avi,28,28,1,1.0,0
2.1900225145169703,11.37262097769822,251.1493579525936,0.6955749354005168,702.077519379845,1048.085102263955,0.2193152454780361,FieldHockeyPenalty/v_FieldHockeyPenalty_g01_c02.avi,28,28,1,0.9999998807907104,0
1.0415914694484243,2.192260808069572,34.0147027033899,0.6911337209302325,392.1240310077519,503.7095109664047,0.2483850129198966,FieldHockeyPenalty/v_FieldHockeyPenalty_g01_c03.avi,28,28,1,1.0,0
1.823941244126288,6.059078065914045,166.0,0.6342861757105943,308.7751937984496,304.2659291864965,0.2974806201550387,FieldHockeyPenalty/v_FieldHockeyPenalty_g01_c04.avi,28,28,1,1.0,0
2.079556524096881,12.579131705007566,383.01174916704576,0.6775678294573644,373.6434108527132,420.9318897279184,0.2154392764857881,FieldHockeyPenalty/v_FieldHockeyPenalty_g01_c05.avi,28,28,1,1.0,0
0.0093808239848973,0.0801478540990797,2.25,0.9974967700258398,427.3488372093023,532.2415470057867,0.3207364341085271,FieldHockeyPenalty/v_FieldHockeyPenalty_g02_c01.avi,28,21,0,0.4340503513813019,1
0.0398341022331326,0.1877903904181171,2.8284271247461903,0.984657622739018,380.8992248062016,380.4464909550609,0.3494832041343669,FieldHockeyPenalty/v_FieldHockeyPenalty_g02_c02.avi,28,21,0,0.8147573471069336,1
0.0209363749553364,0.1451594894481796,3.0413812651491097,0.9905523255813954,365.1472868217055,370.3541799638148,0.3540051679586563,FieldHockeyPenalty/v_FieldHockeyPenalty_g02_c03.avi,28,84,0,0.4649670422077179,1
0.082771317981288,0.7103557021092487,68.15607089614248,0.9780361757105944,371.3488372093023,371.04596867604016,0.3385012919896641,FieldHockeyPenalty/v_FieldHockeyPenalty_g02_c04.avi,28,84,0,0.9807562232017516,1
0.1079624989428582,0.2447821633173955,4.422951503238533,0.9882105943152456,349.51937984496124,369.0336658404575,0.396640826873385,FieldHockeyPenalty/v_FieldHockeyPenalty_g02_c05.avi,28,21,0,0.5035414099693298,1
0.0117896290819202,0.0987051510433633,3.3541019662496847,0.9949127906976744,347.968992248062,356.7148979484376,0.3530361757105943,FieldHockeyPenalty/v_FieldHockeyPenalty_g02_c06.avi,28,21,0,0.7418140769004822,1
1.0747172272185723,1.0838096608511931,16.48104972384951,0.5792958656330749,226.7906976744186,137.99773475382727,0.2296511627906976,FieldHockeyPenalty/v_FieldHockeyPenalty_g03_c01.avi,28,84,0,0.9504717588424684,1
7.381783723340321,8.864591477244534,63.0317380372777,0.1717538759689922,259.4108527131783,139.0582730119691,0.0907622739018087,FieldHockeyPenalty/v_FieldHockeyPenalty_g03_c02.avi,28,28,1,1.0,0
1.778545144592532,2.4965757751971736,23.021728866442675,0.4517926356589147,334.07751937984494,319.4231625625221,0.2613049095607235,FieldHockeyPenalty/v_FieldHockeyPenalty_g03_c03.avi,28,28,1,1.0,0
0.8652606407760373,3.2157717519846374,79.37982268813656,0.7717215762273901,636.0930232558139,954.0136953322829,0.1689276485788113,FieldHockeyPenalty/v_FieldHockeyPenalty_g03_c04.avi,28,28,1,0.9999992847442628,0
0.2201195745731091,0.4293926425713471,7.376059245965965,0.966327519379845,675.2868217054264,1095.5167213354423,0.0952842377260981,FieldHockeyPenalty/v_FieldHockeyPenalty_g04_c01.avi,28,28,1,0.9999618530273438,0
0.3193181554813015,0.4930830528497892,13.892443989449804,0.9621285529715762,341.7054263565892,401.24234211052254,0.2254521963824289,FieldHockeyPenalty/v_FieldHockeyPenalty_g04_c02.avi,28,28,1,0.999913454055786,0
0.2849303925151165,0.5864896537259985,15.0,0.9259528423772608,515.968992248062,954.6019417828426,0.2583979328165374,FieldHockeyPenalty/v_FieldHockeyPenalty_g04_c03.avi,28,28,1,0.9996563196182252,0
0.1675114321010752,0.3280303060370403,9.410765112359355,0.978359173126615,289.6744186046512,218.2863194352064,0.1243540051679586,FieldHockeyPenalty/v_FieldHockeyPenalty_g04_c04.avi,28,28,1,0.9999691247940063,0
0.171246584862316,0.4133687274080643,6.504805915628844,0.9761789405684754,293.7054263565892,271.9802889318524,0.251937984496124,FieldHockeyPenalty/v_FieldHockeyPenalty_g04_c05.avi,28,28,1,0.994795024394989,0
0.3206967395196335,0.660789345243487,20.336236131595246,0.9489664082687338,600.9302325581396,1039.131242586109,0.105297157622739,FieldHockeyPenalty/v_FieldHockeyPenalty_g04_c06.avi,28,28,1,0.9999988079071044,0
0.2697244308810364,0.5084465648988861,26.0,0.9681847545219638,326.015503875969,443.771328510182,0.1417958656330749,FieldHockeyPenalty/v_FieldHockeyPenalty_g04_c07.avi,28,28,1,0.999642252922058,0
0.6446268442600045,0.8726254739871214,10.606601717798211,0.7633236434108527,279.68992248062017,231.24153614344127,0.1944444444444444,FieldHockeyPenalty/v_FieldHockeyPenalty_g05_c01.avi,28,28,1,1.0,0
0.6949317788129075,1.6075479424371495,82.67500377986082,0.8025678294573644,240.93023255813952,265.58626639934886,0.4467054263565891,FieldHockeyPenalty/v_FieldHockeyPenalty_g05_c02.avi,28,28,1,1.0,0
2.15125471695276,18.59861084964689,383.0,0.7730135658914729,201.92248062015503,194.78286907161265,0.4470284237726098,FieldHockeyPenalty/v_FieldHockeyPenalty_g05_c03.avi,28,28,1,1.0,0
0.7197870494488974,1.578863607045796,48.5,0.8129037467700259,234.35658914728683,257.5224171306261,0.4525193798449612,FieldHockeyPenalty/v_FieldHockeyPenalty_g05_c04.avi,28,28,1,1.0,0
0.8432768937147185,1.4121849302810985,24.33105012119288,0.7853682170542635,300.8992248062016,268.32410822298965,0.2144702842377261,FieldHockeyPenalty/v_FieldHockeyPenalty_g05_c05.avi,28,28,1,1.0,0
0.8396115102273434,1.5292359317343174,20.5,0.7828649870801033,294.7596899224806,253.3074479388618,0.1947674418604651,FieldHockeyPenalty/v_FieldHockeyPenalty_g05_c06.avi,28,28,1,1.0,0
1.0171404103341084,1.7587778591921388,19.75,0.7124515503875969,295.8139534883721,269.61188779031664,0.2370801033591731,FieldHockeyPenalty/v_FieldHockeyPenalty_g05_c07.avi,28,28,1,1.0,0
0.0248590422908119,0.135529405948852,9.14637906496336,0.9988695090439276,386.1085271317829,364.20765097408815,0.2693798449612403,FieldHockeyPenalty/v_FieldHockeyPenalty_g06_c01.avi,28,28,1,0.9999990463256836,0
0.0440031880525086,0.1490946858071017,2.0,0.9968507751937984,374.3255813953488,440.497167370996,0.3049095607235142,FieldHockeyPenalty/v_FieldHockeyPenalty_g06_c02.avi,28,28,1,0.9999542236328124,0
0.0359226762188909,0.1346937194455588,2.0155644370746373,0.9973352713178296,382.26356589147287,349.608452512099,0.2235142118863049,FieldHockeyPenalty/v_FieldHockeyPenalty_g06_c03.avi,28,28,1,0.99955815076828,0
0.0292380257492171,0.124592848583366,2.5,0.999596253229974,435.72093023255815,528.8544146431102,0.2822997416020671,FieldHockeyPenalty/v_FieldHockeyPenalty_g06_c04.avi,28,28,1,0.9999768733978271,0
0.0239382224108093,0.0937286221589531,1.0307764064044151,0.9999192506459949,449.1162790697674,581.0414550836193,0.2370801033591731,FieldHockeyPenalty/v_FieldHockeyPenalty_g06_c05.avi,28,28,1,0.9999796152114868,0
0.0193499128902581,0.0900447009415382,3.25,0.999515503875969,463.7519379844961,635.3801771168096,0.2357881136950904,FieldHockeyPenalty/v_FieldHockeyPenalty_g06_c06.avi,28,28,1,0.9999992847442628,0
0.0321771605640555,0.1094493267594034,1.0,0.999596253229974,523.2868217054264,730.6089123803434,0.1854005167958656,FieldHockeyPenalty/v_FieldHockeyPenalty_g06_c07.avi,28,28,1,0.9999850988388062,0
0.4375961143091442,1.920121294545576,46.52956049652737,0.9211078811369507,287.3178294573643,348.71409369206003,0.2038113695090439,FieldHockeyPenalty/v_FieldHockeyPenalty_g07_c01.avi,28,28,1,0.999963879585266,0
2.256285335993436,6.433416889922866,136.0,0.684593023255814,346.8527131782945,692.7281545715098,0.2852067183462532,FieldHockeyPenalty/v_FieldHockeyPenalty_g07_c02.avi,28,22,0,0.9169707298278807,1
0.419112779335147,0.5369674584531473,4.132568813704135,0.8737080103359173,346.9767441860465,317.7198918728968,0.213501291989664,FieldHockeyPenalty/v_FieldHockeyPenalty_g07_c03.avi,28,28,1,0.9999500513076782,0
0.7873981013841439,1.920649166235788,69.50719387228922,0.7051033591731266,190.32558139534885,229.3257783185444,0.5823643410852714,FieldHockeyPenalty/v_FieldHockeyPenalty_g07_c04.avi,28,28,1,1.0,0
1.8385791154133453,3.997128796736056,216.0,0.524547803617571,290.6666666666667,210.46325180837889,0.1023901808785529,FloorGymnastics/v_FloorGymnastics_g01_c01.avi,29,29,1,1.0,0
1.3944340313656791,2.2519720429296983,17.135489488193794,0.5996447028423773,326.94573643410854,255.7506146628521,0.08656330749354,FloorGymnastics/v_FloorGymnastics_g01_c02.avi,29,29,1,1.0,0
6.2361883588907805,10.228794499395583,199.3238570768688,0.3868701550387597,300.09302325581393,220.0236577082679,0.0894702842377261,FloorGymnastics/v_FloorGymnastics_g01_c03.avi,29,29,1,1.0,0
2.7084780414597467,4.326101017042238,25.0,0.4121447028423772,369.3643410852713,297.0901760104669,0.0762273901808785,FloorGymnastics/v_FloorGymnastics_g01_c04.avi,29,29,1,1.0,0
2.5114892763007743,5.270109502191659,161.07762104029226,0.4744024547803617,348.5891472868217,286.77824435024047,0.1069121447028423,FloorGymnastics/v_FloorGymnastics_g01_c05.avi,29,29,1,1.0,0
4.144410627568611,9.330649164584296,160.46183346827368,0.4312822997416021,332.8992248062016,482.1453967869132,0.3113695090439276,FloorGymnastics/v_FloorGymnastics_g02_c01.avi,29,29,1,1.0,0
6.134787823021424,11.25529162601444,123.0,0.2478197674418604,283.3488372093023,518.0133285400672,0.3536821705426357,FloorGymnastics/v_FloorGymnastics_g02_c02.avi,29,29,1,1.0,0
2.464948801086953,9.84020234581334,219.184853491294,0.8042635658914729,511.0697674418605,892.531007743522,0.3045865633074935,FloorGymnastics/v_FloorGymnastics_g02_c03.avi,29,29,1,1.0,0
1.8079508872107373,2.198852337055304,17.41272882118136,0.4781976744186046,271.13178294573646,283.6418579185515,0.3746770025839793,FloorGymnastics/v_FloorGymnastics_g02_c04.avi,29,29,1,1.0,0
2.118995546084959,5.994773631225931,97.73944955850732,0.6212855297157622,438.26356589147287,571.5074249163971,0.2005813953488372,FloorGymnastics/v_FloorGymnastics_g03_c01.avi,29,29,1,0.9999593496322632,0
1.1210264455294652,4.293657917377646,292.16476515829214,0.760578165374677,550.015503875969,648.6757169851062,0.2038113695090439,FloorGymnastics/v_FloorGymnastics_g03_c02.avi,29,29,1,0.9724342823028564,0
1.488599988745945,3.265874506470407,126.50691680694776,0.5358527131782945,480.2480620155039,388.8784914351724,0.1589147286821705,FloorGymnastics/v_FloorGymnastics_g03_c03.avi,29,29,1,1.0,0
1.294356105469228,3.331109904037567,54.12947441089743,0.7210109819121447,529.3643410852713,691.3020625415334,0.2054263565891473,FloorGymnastics/v_FloorGymnastics_g03_c04.avi,29,29,1,0.9999945163726808,0
4.476645959303789,9.674167467916662,136.8941196691808,0.2495962532299741,290.3565891472868,208.38224412335484,0.0988372093023255,FloorGymnastics/v_FloorGymnastics_g04_c01.avi,29,29,1,1.0,0
4.707384507599856,7.587739252374893,88.95504482602435,0.3872739018087855,271.2558139534884,189.45455281538372,0.1324289405684754,FloorGymnastics/v_FloorGymnastics_g04_c02.avi,29,29,1,1.0,0
2.9639637777287486,3.46133485293427,30.677760674469056,0.4383074935400516,321.48837209302326,241.6393980749023,0.0671834625322997,FloorGymnastics/v_FloorGymnastics_g04_c03.avi,29,29,1,1.0,0
4.398659765538164,6.689145811541476,42.547032799009614,0.1883074935400517,275.16279069767444,162.58964328591142,0.0655684754521963,FloorGymnastics/v_FloorGymnastics_g04_c04.avi,29,29,1,1.0,0
2.4889687422899938,3.4151894286542874,22.70049558930377,0.4214308785529715,371.4728682170543,300.3879165789747,0.0807493540051679,FloorGymnastics/v_FloorGymnastics_g04_c05.avi,29,29,1,1.0,0
0.8147671215660047,1.6614991576312916,27.56186223751944,0.7856912144702842,293.0232558139535,296.19113002532464,0.3291343669250646,FloorGymnastics/v_FloorGymnastics_g05_c01.avi,29,29,1,1.0,0
0.8141898571484859,1.4926080703946452,12.41219158730641,0.8160529715762274,339.84496124031006,301.168536854184,0.1808785529715762,FloorGymnastics/v_FloorGymnastics_g05_c02.avi,29,29,1,1.0,0
1.0582587914812325,2.668448366255117,30.5,0.7479812661498708,335.4418604651163,324.23199434151803,0.273578811369509,FloorGymnastics/v_FloorGymnastics_g05_c03.avi,29,29,1,1.0,0
3.683961511185586,6.517689002329215,114.0,0.388000645994832,393.73643410852713,542.1550669130858,0.1314599483204134,FloorGymnastics/v_FloorGymnastics_g05_c04.avi,29,29,1,1.0,0
3.8904288459023513,9.214800181775251,180.5,0.244751291989664,247.3798449612403,129.69846925506772,0.1275839793281653,FloorGymnastics/v_FloorGymnastics_g06_c01.avi,29,29,1,1.0,0
4.117091124438269,7.656645628655541,69.66213103257752,0.2144702842377261,240.93023255813952,122.6766207230984,0.145671834625323,FloorGymnastics/v_FloorGymnastics_g06_c02.avi,29,29,1,1.0,0
3.347968180173249,4.7071478109787535,170.07351351694948,0.2579941860465116,274.6666666666667,325.7115605437342,0.1689276485788113,FloorGymnastics/v_FloorGymnastics_g06_c03.avi,29,29,1,1.0,0
0.1811904008076409,0.335043156991214,13.532368602724356,0.9862726098191216,254.9457364341085,207.5245127980176,0.2380490956072351,FloorGymnastics/v_FloorGymnastics_g06_c04.avi,29,29,1,0.9996297359466552,0
0.2362329183026807,0.3984598801323125,7.754031209635412,0.9802971576227392,284.031007751938,247.91921471119468,0.2209302325581395,FloorGymnastics/v_FloorGymnastics_g06_c05.avi,29,29,1,0.9999994039535522,0
0.2574177631460597,0.35180008194358,7.211102550927978,0.9786821705426356,268.4031007751938,265.65693093090096,0.3320413436692506,FloorGymnastics/v_FloorGymnastics_g06_c06.avi,29,29,1,0.9999985694885254,0
0.1097626958085453,0.3527605532436021,12.595882263660611,0.9849806201550388,288.62015503875966,279.57995053483575,0.2939276485788114,FloorGymnastics/v_FloorGymnastics_g06_c07.avi,29,29,1,0.9999943971633912,0
1.6599752955582343,5.36277740873691,40.37674144851216,0.7118055555555556,243.65891472868216,191.0740144804492,0.2503229974160206,FloorGymnastics/v_FloorGymnastics_g07_c01.avi,29,29,1,0.9999825954437256,0
2.21338549485018,7.2127300424539635,216.0,0.6828972868217055,206.75968992248065,170.11281141541278,0.3753229974160206,FloorGymnastics/v_FloorGymnastics_g07_c02.avi,29,29,1,1.0,0
3.058165083424095,6.199241060233179,56.5,0.4407299741602067,257.92248062015506,351.0293526100724,0.3297803617571059,FloorGymnastics/v_FloorGymnastics_g07_c03.avi,29,29,1,1.0,0
9.12406257864133,14.98651816303007,276.7540650107962,0.3358365633074935,204.15503875968992,146.81520576954398,0.3475452196382429,FloorGymnastics/v_FloorGymnastics_g07_c04.avi,29,29,1,0.9999992847442628,0
5.519252341721299,12.145006724364173,232.6753371116071,0.2781007751937984,262.015503875969,208.75600476889687,0.21156330749354,FloorGymnastics/v_FloorGymnastics_g07_c05.avi,29,29,1,0.9877943992614746,0
14.108233042541324,20.619166897691603,291.9794513317675,0.3152454780361757,209.24031007751935,134.98922008030252,0.3055555555555556,FloorGymnastics/v_FloorGymnastics_g07_c06.avi,29,29,1,0.9936624765396118,0
2.0779158476618607,6.069033685065425,260.0,0.7598514211886305,207.0077519379845,152.31467306149446,0.3430232558139535,FloorGymnastics/v_FloorGymnastics_g07_c07.avi,29,29,1,1.0,0
6.065491410150506,14.95825676621425,383.0469945058961,0.5036337209302325,384.8062015503876,356.0964523445768,0.2412790697674418,FrisbeeCatch/v_FrisbeeCatch_g01_c01.avi,30,30,1,1.0,0
2.2283834091831034,3.908694359138362,98.04590761474952,0.5375484496124031,353.73643410852713,315.1586660661368,0.1834625322997416,FrisbeeCatch/v_FrisbeeCatch_g01_c02.avi,30,30,1,1.0,0
9.198348113733088,15.229568198008808,82.76472678623425,0.1736918604651162,374.3255813953488,318.4359831930177,0.1330749354005168,FrisbeeCatch/v_FrisbeeCatch_g01_c03.avi,30,30,1,0.9999946355819702,0
4.14006764286937,12.10152945493494,250.39169315294788,0.6837047803617571,261.3953488372093,286.43617248629624,0.4228036175710594,FrisbeeCatch/v_FrisbeeCatch_g01_c04.avi,30,30,1,0.9999991655349731,0
0.7227983309487934,2.4415061290762807,64.0,0.8371285529715762,406.6976744186047,347.8612082816217,0.1518087855297157,FrisbeeCatch/v_FrisbeeCatch_g01_c05.avi,30,30,1,1.0,0
2.9794322119998067,7.039277638563498,120.01666550941998,0.572109173126615,384.1860465116279,316.50175471161725,0.0985142118863049,FrisbeeCatch/v_FrisbeeCatch_g01_c06.avi,30,30,1,1.0,0
1.4206028285989607,2.102683138572038,28.284271247461906,0.5974644702842378,322.17054263565893,300.52894258925227,0.2380490956072351,FrisbeeCatch/v_FrisbeeCatch_g02_c01.avi,30,30,1,1.0,0
6.700391493602611,13.220366385530488,120.75006469977562,0.3523094315245478,345.4263565891473,295.7584593584339,0.1453488372093023,FrisbeeCatch/v_FrisbeeCatch_g02_c02.avi,30,30,1,1.0,0
9.073796075125722,17.80360301632161,115.71253443339664,0.3940568475452196,337.4263565891473,285.59538721205405,0.1392118863049095,FrisbeeCatch/v_FrisbeeCatch_g02_c03.avi,30,30,1,1.0,0
3.948570118828743,11.252948104971937,111.07204868912793,0.4854651162790697,375.6279069767442,342.79921733756504,0.2167312661498708,FrisbeeCatch/v_FrisbeeCatch_g02_c04.avi,30,30,1,1.0,0
0.7557715471027532,2.215975780374604,44.15261175740344,0.7973998708010336,340.15503875968994,314.90297385024354,0.2257751937984496,FrisbeeCatch/v_FrisbeeCatch_g02_c05.avi,30,30,1,1.0,0
3.0297215531223958,7.727569388508581,255.04901489713697,0.2957848837209302,362.3565891472868,301.51230703537203,0.1114341085271317,FrisbeeCatch/v_FrisbeeCatch_g03_c01.avi,30,28,0,0.9990617632865906,1
0.7354171305446299,3.4957789316242804,132.0,0.7507267441860465,343.06976744186045,283.27498312194217,0.1136950904392764,FrisbeeCatch/v_FrisbeeCatch_g03_c02.avi,30,28,0,0.9999685287475586,1
3.801370601888068,10.498986927907804,180.01111076819674,0.3280846253229974,349.3333333333333,272.2166639732088,0.0604005167958656,FrisbeeCatch/v_FrisbeeCatch_g03_c03.avi,30,30,1,0.9999979734420776,0
0.3494922409735905,4.2754801870185,202.50061728300977,0.9135981912144704,441.1162790697674,352.1863413554215,0.087532299741602,FrisbeeCatch/v_FrisbeeCatch_g03_c04.avi,30,30,1,1.0,0
0.3952019497537806,0.661430054043079,16.1245154965971,0.9206233850129198,358.26356589147287,327.22458729903053,0.21156330749354,FrisbeeCatch/v_FrisbeeCatch_g03_c05.avi,30,30,1,1.0,0
8.494063781958918,10.958660054653851,141.0319112825179,0.2594476744186046,328.4961240310077,301.8006972120675,0.2206072351421188,FrisbeeCatch/v_FrisbeeCatch_g04_c01.avi,30,30,1,1.0,0
3.761420912139125,7.759816556167363,181.46625030566975,0.5137273901808785,328.4341085271318,263.5030513322656,0.1033591731266149,FrisbeeCatch/v_FrisbeeCatch_g04_c02.avi,30,30,1,1.0,0
5.448184039912315,8.107877456586913,152.04625118693326,0.378391472868217,342.94573643410854,321.1720857785938,0.2383720930232558,FrisbeeCatch/v_FrisbeeCatch_g04_c03.avi,30,30,1,1.0,0
11.00072913306043,16.126202859351245,193.0,0.2541182170542636,368.86821705426354,418.7970846807929,0.2196382428940568,FrisbeeCatch/v_FrisbeeCatch_g04_c04.avi,30,30,1,1.0,0
2.665521868760976,7.74615743794702,170.01176429882727,0.4940245478036176,335.4418604651163,360.40657289037495,0.4079457364341085,FrisbeeCatch/v_FrisbeeCatch_g04_c05.avi,30,30,1,1.0,0
4.294448467764548,6.532218382414498,145.6193668438371,0.26921834625323,259.7829457364341,220.88998844667856,0.2490310077519379,FrisbeeCatch/v_FrisbeeCatch_g05_c01.avi,30,30,1,0.9999991655349731,0
7.047819884585901,8.900744527508747,174.39323381370048,0.1616602067183462,322.3565891472868,456.74130208491823,0.2177002583979328,FrisbeeCatch/v_FrisbeeCatch_g05_c02.avi,30,30,1,0.9999985694885254,0
1.0743574754752332,2.616333477040283,100.00499987500623,0.7564599483204134,213.51937984496124,143.6664472799199,0.2987726098191214,FrisbeeCatch/v_FrisbeeCatch_g05_c03.avi,30,30,1,0.970311164855957,0
7.191370345852959,13.240856084336308,244.00204917172317,0.4156169250645994,226.1705426356589,190.45177313943185,0.3259043927648579,FrisbeeCatch/v_FrisbeeCatch_g05_c04.avi,30,30,1,0.8121010661125183,0
4.629092949840027,10.397451145653148,93.0,0.2986918604651162,283.4108527131783,512.4521019387504,0.3223514211886304,FrisbeeCatch/v_FrisbeeCatch_g05_c05.avi,30,30,1,0.9999998807907104,0
0.39420178181757,1.1022473634670178,42.14558102577303,0.9337855297157622,212.15503875968992,155.30028175560594,0.3239664082687338,FrisbeeCatch/v_FrisbeeCatch_g06_c01.avi,30,30,1,1.0,0
1.6898966436836451,4.249089180293881,58.25,0.7079295865633075,268.15503875968994,299.86101301398566,0.107235142118863,FrisbeeCatch/v_FrisbeeCatch_g06_c02.avi,30,30,1,1.0,0
0.3574092209507896,0.9313762035117604,37.250838916727766,0.9223191214470284,233.92248062015503,193.82280777156015,0.2984496124031007,FrisbeeCatch/v_FrisbeeCatch_g06_c03.avi,30,30,1,1.0,0
1.0168601487332634,2.711108400551856,60.76851569686395,0.6931524547803618,216.93023255813952,116.59937279915026,0.2448320413436692,FrisbeeCatch/v_FrisbeeCatch_g06_c04.avi,30,30,1,1.0,0
1.406241316530192,1.6890194809757533,28.040149785619903,0.6000484496124031,226.1705426356589,138.29617268863842,0.2328811369509044,FrisbeeCatch/v_FrisbeeCatch_g06_c05.avi,30,30,1,1.0,0
2.45088815268114,3.4268638460920107,63.63961030678928,0.419250645994832,339.968992248062,289.810200867553,0.1440568475452196,FrisbeeCatch/v_FrisbeeCatch_g07_c01.avi,30,30,1,0.9999972581863404,0
4.227950747997649,9.769561589727768,315.3784433026455,0.3234011627906977,377.5503875968992,342.9738833648889,0.2118863049095607,FrisbeeCatch/v_FrisbeeCatch_g07_c02.avi,30,30,1,0.9999959468841552,0
4.7112766296629065,11.104710351717252,125.94368781324454,0.276485788113695,555.9069767441861,827.3652160013736,0.3062015503875969,FrisbeeCatch/v_FrisbeeCatch_g07_c03.avi,30,30,1,1.0,0
2.6701671192140566,3.549016367780285,50.1422975141746,0.419250645994832,370.1705426356589,383.3835516286471,0.3924418604651162,FrisbeeCatch/v_FrisbeeCatch_g07_c04.avi,30,30,1,1.0,0
10.263717387201789,15.041725609248443,118.83976870139053,0.2664728682170542,329.2403100775194,281.782938485653,0.1547157622739018,FrisbeeCatch/v_FrisbeeCatch_g07_c05.avi,30,30,1,1.0,0
8.519176790062177,17.678493242560474,165.7869491244712,0.4160206718346253,347.6589147286822,301.93506402146124,0.1582687338501292,FrisbeeCatch/v_FrisbeeCatch_g07_c06.avi,30,30,1,1.0,0
0.5728097226468629,1.694006886085106,58.0,0.8209786821705426,328.5581395348837,285.9638375515973,0.1698966408268734,FrontCrawl/v_FrontCrawl_g01_c01.avi,31,18,0,0.9811062812805176,1
0.8725206660032127,4.735491032940114,163.5,0.8390665374677002,342.51162790697674,409.6900911604091,0.2600129198966408,FrontCrawl/v_FrontCrawl_g01_c02.avi,31,18,0,0.9896275997161864,1
1.655596133640941,3.347391421850947,88.0,0.6340439276485789,311.1937984496124,263.566183310372,0.1634366925064599,FrontCrawl/v_FrontCrawl_g01_c03.avi,31,18,0,0.8877663612365723,1
0.8768548704363711,3.883385693289525,173.0,0.7559754521963824,334.6356589147287,316.1192969295492,0.2480620155038759,FrontCrawl/v_FrontCrawl_g01_c04.avi,31,31,1,0.9976588487625122,0
1.280647359977286,7.031192547459344,180.0,0.7746285529715762,259.72093023255815,182.55325130472303,0.165374677002584,FrontCrawl/v_FrontCrawl_g02_c01.avi,31,31,1,0.9999998807907104,0
1.0590751888310996,5.161075434308311,182.43903091169935,0.7775355297157622,268.6511627906977,176.71089037667622,0.1175710594315245,FrontCrawl/v_FrontCrawl_g02_c02.avi,31,31,1,1.0,0
0.9946821236135304,3.522708147462428,73.68174807915459,0.779312015503876,262.2015503875969,158.0069363527463,0.1098191214470284,FrontCrawl/v_FrontCrawl_g02_c03.avi,31,31,1,0.9999996423721312,0
0.899541679065452,4.865223683409026,288.0,0.7802002583979328,267.5348837209302,164.1444838361122,0.0988372093023255,FrontCrawl/v_FrontCrawl_g02_c04.avi,31,31,1,1.0,0
2.58998181210059,8.304222986821918,254.0019684963091,0.5482073643410853,272.5581395348837,193.66637608125384,0.1359819121447028,FrontCrawl/v_FrontCrawl_g03_c01.avi,31,31,1,1.0,0
2.023496435625788,4.863677748198088,112.0,0.6005329457364341,263.0077519379845,167.02265065367726,0.1224160206718346,FrontCrawl/v_FrontCrawl_g03_c02.avi,31,31,1,1.0,0
3.1195791135815893,17.50129953373822,336.04501186597014,0.6350129198966409,265.5503875968992,165.4275626032192,0.109173126614987,FrontCrawl/v_FrontCrawl_g03_c03.avi,31,31,1,1.0,0
1.5848996242160232,3.757336462671996,108.0,0.5935885012919897,290.91472868217056,206.3078166464434,0.0920542635658914,FrontCrawl/v_FrontCrawl_g03_c04.avi,31,31,1,1.0,0
1.9530758013733984,5.436084360413967,112.00111606586783,0.6457525839793282,278.2015503875969,201.81438166978856,0.1311369509043927,FrontCrawl/v_FrontCrawl_g03_c05.avi,31,31,1,0.9998799562454224,0
1.8485995376418944,8.140358606861229,301.2507261402037,0.6688468992248062,280.8062015503876,198.4744170544573,0.1136950904392764,FrontCrawl/v_FrontCrawl_g03_c06.avi,31,31,1,1.0,0
4.316582306599845,7.431275901741282,96.625,0.505733204134367,376.9922480620155,347.12123959600507,0.2290051679586563,FrontCrawl/v_FrontCrawl_g04_c01.avi,31,31,1,0.9566373229026794,0
2.6522561510251235,4.219569630773075,30.399938322305854,0.4981427648578811,379.4728682170543,346.5903481329293,0.2199612403100775,FrontCrawl/v_FrontCrawl_g04_c02.avi,31,31,1,0.9997410178184508,0
2.14323619760818,3.3671497224737887,30.463092423455635,0.4924903100775193,372.71317829457365,328.3373004237995,0.1724806201550387,FrontCrawl/v_FrontCrawl_g04_c03.avi,31,31,1,0.9981786012649536,0
1.132202273424092,2.1503921330787104,24.73863375370596,0.6282299741602068,358.8217054263566,345.3079167327789,0.2758397932816537,FrontCrawl/v_FrontCrawl_g04_c04.avi,31,31,1,0.9833595752716064,0
1.612208186304643,4.981481344202052,159.9501875585021,0.5756621447028424,379.1007751937984,327.76290932331136,0.1521317829457364,FrontCrawl/v_FrontCrawl_g04_c05.avi,31,31,1,0.9911230802536012,0
2.043323127490325,3.876271745852805,66.40030120413611,0.560562015503876,369.1782945736434,332.03806752925846,0.1960594315245478,FrontCrawl/v_FrontCrawl_g04_c06.avi,31,31,1,0.7318663597106934,0
1.654081946801139,3.2518542407587376,31.016124838541646,0.6438953488372093,380.8372093023256,342.9562946073692,0.2025193798449612,FrontCrawl/v_FrontCrawl_g04_c07.avi,31,31,1,0.8228232860565186,0
2.53474080560576,11.529452244529857,266.1522120892479,0.6450258397932817,243.53488372093025,183.50025015345844,0.2354651162790697,FrontCrawl/v_FrontCrawl_g05_c01.avi,31,31,1,1.0,0
2.4755266449309907,9.977115518775356,272.8279276851987,0.5469961240310077,231.3798449612403,175.47804888442894,0.2729328165374677,FrontCrawl/v_FrontCrawl_g05_c02.avi,31,31,1,1.0,0
1.5180702574349272,3.975336581013996,130.00384609695206,0.6300064599483204,230.69767441860463,164.5576925598988,0.2558139534883721,FrontCrawl/v_FrontCrawl_g05_c03.avi,31,31,1,1.0,0
1.9362846967358087,6.619330770126468,137.35355838128112,0.5845445736434108,237.5813953488372,155.4136614506423,0.209625322997416,FrontCrawl/v_FrontCrawl_g05_c04.avi,31,31,1,1.0,0
1.4344599909084417,5.47091732273034,208.00961516237655,0.6059431524547804,302.07751937984494,228.33518176368665,0.1023901808785529,FrontCrawl/v_FrontCrawl_g06_c01.avi,31,31,1,1.0,0
2.422791893341304,5.617572755374392,69.28924880528002,0.5106589147286822,262.8837209302326,158.3174922099357,0.1075581395348837,FrontCrawl/v_FrontCrawl_g06_c02.avi,31,31,1,1.0,0
1.261327845406963,2.514816210488945,107.07474025184464,0.6155523255813954,246.63565891472868,195.9177148103352,0.2477390180878552,FrontCrawl/v_FrontCrawl_g06_c03.avi,31,31,1,1.0,0
7.384663660237235,14.222358284163835,115.8631331571868,0.4010820413436692,268.71317829457365,161.16509873771912,0.0888242894056847,FrontCrawl/v_FrontCrawl_g06_c04.avi,31,25,0,0.7066950798034668,1
0.6921753096813404,1.5625288920023075,16.492422502470642,0.8544896640826873,292.5891472868217,257.24267227728404,0.2138242894056847,FrontCrawl/v_FrontCrawl_g06_c05.avi,31,31,1,1.0,0
1.918718067200961,3.134915044912617,42.0,0.5186531007751938,313.3643410852713,235.0151549784121,0.0784883720930232,FrontCrawl/v_FrontCrawl_g07_c01.avi,31,31,1,0.6221853494644165,0
2.3319256514088926,9.017635777948849,296.4877737782791,0.6175710594315246,267.84496124031006,307.80902288210166,0.1346899224806201,FrontCrawl/v_FrontCrawl_g07_c02.avi,31,31,1,0.9999998807907104,0
0.8984883092985225,4.160047774321416,136.13228860193308,0.8371285529715762,257.86046511627904,224.94708229346253,0.2667958656330749,FrontCrawl/v_FrontCrawl_g07_c03.avi,31,31,1,0.9927379488945008,0
2.9431461532229406,7.944207395701244,213.5474186217197,0.4831233850129199,262.4496124031008,153.2533475861503,0.1007751937984496,FrontCrawl/v_FrontCrawl_g07_c04.avi,31,31,1,0.8587578535079956,0
1.6668111498621885,3.2756302755914697,68.4470598345904,0.5847868217054264,214.51162790697677,113.63269511753867,0.2522609819121447,FrontCrawl/v_FrontCrawl_g07_c05.avi,31,73,0,0.6198559403419495,1
2.627304360246634,4.5751572286828655,92.80086206496144,0.3976905684754522,266.6046511627907,147.99845057876627,0.0752583979328165,FrontCrawl/v_FrontCrawl_g07_c06.avi,31,18,0,0.9989437460899352,1
2.338802792482616,6.942316687966509,127.00393694685216,0.6503552971576227,274.5426356589147,358.1388368730404,0.2897286821705426,FrontCrawl/v_FrontCrawl_g07_c07.avi,31,31,1,0.9998750686645508,0
0.0375281508648494,0.1635556531724133,2.5,0.9989502583979328,403.84496124031006,471.3674392495609,0.0465116279069767,GolfSwing/v_GolfSwing_g01_c01.avi,32,32,1,1.0,0
0.0276239342057369,0.1276527292798271,3.1349840509961133,0.99765826873385,276.09302325581393,254.5562316416632,0.2700258397932816,GolfSwing/v_GolfSwing_g01_c02.avi,32,32,1,1.0,0
0.0221304970864701,0.1067380589294593,1.75,0.9993540051679588,462.13953488372096,833.9384167044935,0.1679586563307493,GolfSwing/v_GolfSwing_g01_c03.avi,32,32,1,1.0,0
0.0247309033612407,0.1172944257238504,2.0,0.9974160206718348,395.2248062015504,686.7318540628885,0.0991602067183462,GolfSwing/v_GolfSwing_g01_c04.avi,32,32,1,1.0,0
0.0513317238883902,0.1987297314382772,3.25,0.9899870801033592,300.8372093023256,267.46779247381664,0.2122093023255813,GolfSwing/v_GolfSwing_g01_c05.avi,32,32,1,1.0,0
0.0477600458593604,0.1628263838130535,2.375,0.9931363049095608,281.92248062015506,340.6467540503055,0.1944444444444444,GolfSwing/v_GolfSwing_g01_c06.avi,32,32,1,1.0,0
0.101230990766446,0.3077581702201504,4.00195264839553,0.9751291989664084,486.6356589147287,711.3161939114628,0.0881782945736434,GolfSwing/v_GolfSwing_g02_c01.avi,32,32,1,0.997186243534088,0
0.0150679824932063,0.1128136457975374,5.830951894845301,0.9984657622739018,525.2093023255813,636.3836987278116,0.145671834625323,GolfSwing/v_GolfSwing_g02_c02.avi,32,32,1,0.7941605448722839,0
0.081921210655514,0.3808722025046324,12.745710062605378,0.9803779069767442,352.86821705426354,318.69383085816656,0.1983204134366925,GolfSwing/v_GolfSwing_g02_c03.avi,32,32,1,0.9820227026939392,0
0.0362726338817451,0.2142162505287197,4.75,0.99281330749354,469.2093023255814,680.4362676489778,0.2164082687338501,GolfSwing/v_GolfSwing_g02_c04.avi,32,32,1,0.9996154308319092,0
0.115397692203635,0.4338184325136461,19.235384061671343,0.9719799741602068,1733.8294573643411,1656.4185523374254,0.0704134366925064,GolfSwing/v_GolfSwing_g03_c01.avi,32,32,1,0.9999933242797852,0
0.0712929562844613,0.2537484082914595,2.549509756796392,0.9796511627906976,1993.7364341085272,1626.8227535961908,0.0177648578811369,GolfSwing/v_GolfSwing_g03_c02.avi,32,32,1,0.9999816417694092,0
0.1604317663644582,0.391004176749094,7.160001745809843,0.947593669250646,1576.8062015503876,1583.2004387028285,0.0303617571059431,GolfSwing/v_GolfSwing_g03_c03.avi,32,32,1,1.0,0
0.0613427574850141,0.2290856889406027,2.23606797749979,0.9763404392764858,1522.9147286821706,1537.727529170598,0.0513565891472868,GolfSwing/v_GolfSwing_g03_c04.avi,32,32,1,1.0,0
0.0685355373674447,0.2100888232653922,1.7365554986812255,0.9859496124031008,1239.0077519379845,1343.2491471271203,0.0209948320413436,GolfSwing/v_GolfSwing_g03_c05.avi,32,32,1,0.9999964237213136,0
0.2052817529751666,0.7243894355595083,12.693502274786104,0.9478359173126616,1501.7674418604652,1607.7711979589878,0.0542635658914728,GolfSwing/v_GolfSwing_g03_c06.avi,32,32,1,1.0,0
0.1691514926461026,0.6021612785227334,13.482048249431536,0.939437984496124,1285.6434108527133,1496.482582894367,0.0507105943152454,GolfSwing/v_GolfSwing_g03_c07.avi,32,32,1,1.0,0
0.8018600040257098,0.5410361131119665,10.003124511871276,0.5459463824289406,217.1782945736434,131.82314024505814,0.2642118863049095,GolfSwing/v_GolfSwing_g04_c01.avi,32,32,1,0.9996992349624634,0
0.4382446441527058,0.5850709805251029,4.25,0.8250161498708011,333.0232558139535,575.749359565916,0.1866925064599483,GolfSwing/v_GolfSwing_g04_c02.avi,32,32,1,0.9999994039535522,0
0.078580319753446,0.2587347549115228,3.259601202601325,0.9756136950904392,1241.7984496124031,1365.201994764593,0.0310077519379844,GolfSwing/v_GolfSwing_g04_c03.avi,32,32,1,1.0,0
0.1403309688441338,0.4585520951997473,33.13608305156178,0.9574450904392764,346.9767441860465,310.9009779074654,0.1902454780361757,GolfSwing/v_GolfSwing_g04_c04.avi,32,32,1,1.0,0
0.1264773080567921,0.4063083069795757,20.0,0.9698804909560724,399.8759689922481,357.62938262114807,0.2067183462532299,GolfSwing/v_GolfSwing_g04_c05.avi,32,32,1,1.0,0
0.0819445024019185,0.3006114952683471,3.8017265814363874,0.9772286821705426,238.75968992248065,212.5173143951648,0.3184754521963824,GolfSwing/v_GolfSwing_g04_c06.avi,32,32,1,1.0,0
0.6796929154636104,0.9138308617034404,9.055385138137416,0.6933947028423773,749.2093023255813,1254.0501929448817,0.1895994832041343,GolfSwing/v_GolfSwing_g05_c01.avi,32,32,1,0.999984860420227,0
2.366679091850968,3.266777821270321,24.839484696748443,0.5581395348837209,292.6511627906977,351.15642070304443,0.1928294573643411,GolfSwing/v_GolfSwing_g05_c02.avi,32,32,1,0.9999997615814208,0
1.0788068746082342,1.3547902248554589,16.0,0.6277454780361758,224.68217054263565,152.08820291217916,0.2613049095607235,GolfSwing/v_GolfSwing_g05_c03.avi,32,32,1,1.0,0
0.9067175745522336,1.1564917510081616,8.73212459828649,0.6572997416020672,296.3720930232558,250.54925925698507,0.1812015503875969,GolfSwing/v_GolfSwing_g05_c04.avi,32,32,1,1.0,0
0.7121685618564471,0.6411207136927725,5.385164807134504,0.6376776485788114,263.06976744186045,181.3414350410204,0.1492248062015503,GolfSwing/v_GolfSwing_g05_c05.avi,32,32,1,1.0,0
0.5402895100962266,1.117045519787531,19.5,0.806766795865633,331.3488372093023,401.05064829600747,0.2587209302325581,GolfSwing/v_GolfSwing_g05_c06.avi,32,32,1,1.0,0
0.4914272988841703,0.806721611838319,15.79952530932496,0.8285691214470284,260.52713178294573,332.505034700342,0.2503229974160206,GolfSwing/v_GolfSwing_g05_c07.avi,32,32,1,1.0,0
1.0240571506318918,1.230645983466718,7.875,0.6497900516795866,358.07751937984494,322.2044613610716,0.1944444444444444,GolfSwing/v_GolfSwing_g06_c01.avi,32,32,1,0.9999992847442628,0
0.9862980405125154,1.0582008321225305,15.0,0.5460271317829457,267.5348837209302,198.9090418323433,0.167312661498708,GolfSwing/v_GolfSwing_g06_c02.avi,32,32,1,0.9996069073677064,0
0.5522800541965195,0.9466931977746474,15.297058540778355,0.7912629198966409,317.8914728682171,295.2330636383272,0.2357881136950904,GolfSwing/v_GolfSwing_g06_c03.avi,32,32,1,1.0,0
0.5570927729781638,1.0073515566111313,6.504805915628844,0.7997416020671835,320.4341085271318,451.39336125883193,0.1979974160206718,GolfSwing/v_GolfSwing_g06_c04.avi,32,32,1,1.0,0
0.3450977342979675,1.068872076457334,23.0,0.9197351421188632,269.2093023255814,263.9767923326043,0.3239664082687338,GolfSwing/v_GolfSwing_g07_c01.avi,32,32,1,1.0,0
0.6647377129461787,0.7513777883352831,5.375,0.6291182170542635,608.4961240310078,1105.2888788904602,0.210594315245478,GolfSwing/v_GolfSwing_g07_c02.avi,32,32,1,1.0,0
1.157260421389831,1.529848711080049,9.38416218956173,0.5671834625322998,435.4108527131783,794.1268288802079,0.2025193798449612,GolfSwing/v_GolfSwing_g07_c03.avi,32,32,1,1.0,0
0.2930396180536216,0.5578406893456394,9.75,0.9178779069767442,470.8217054263566,878.8000844140172,0.2377260981912144,GolfSwing/v_GolfSwing_g07_c04.avi,32,32,1,1.0,0
0.7834036426843054,0.8883332696978583,15.5,0.6702196382428941,288.4961240310077,233.711414309989,0.1666666666666666,GolfSwing/v_GolfSwing_g07_c05.avi,32,32,1,0.9999974966049194,0
0.6901224670011035,3.247465812669668,133.77593206552515,0.8569928940568475,415.3178294573643,373.23347192585953,0.2296511627906976,Haircut/v_Haircut_g01_c01.avi,33,33,1,0.987005352973938,0
2.025299628900309,7.936386373998443,134.00373129133382,0.8328488372093024,386.2945736434109,345.9819505777627,0.1986434108527131,Haircut/v_Haircut_g01_c02.avi,33,33,1,0.9999996423721312,0
1.2601409042481495,1.6549833885898928,14.813950350936109,0.5679909560723514,355.0387596899225,340.53592971655576,0.269702842377261,Haircut/v_Haircut_g01_c03.avi,33,33,1,1.0,0
0.353773925656122,0.4537884211821444,3.5200319600821808,0.9255490956072352,352.9922480620155,348.59951247089583,0.3062015503875969,Haircut/v_Haircut_g01_c04.avi,33,33,1,1.0,0
1.0907588243625002,2.5907836567595117,123.03657992645928,0.7008236434108527,248.8062015503876,318.7259053673524,0.2506459948320413,Haircut/v_Haircut_g02_c01.avi,33,33,1,0.8324331045150757,0
0.6823178150097903,1.5407351292902525,23.58296525036663,0.8179102067183462,204.89922480620157,159.05553829705198,0.3643410852713178,Haircut/v_Haircut_g02_c02.avi,33,12,0,0.9969459176063538,1
1.630768363398338,2.811112577247279,28.58157186020391,0.602390180878553,221.2093023255814,167.60870240762878,0.3039405684754522,Haircut/v_Haircut_g02_c03.avi,33,12,0,0.9999773502349854,1
0.6496546765297164,1.3814477437123818,21.0,0.8300226098191215,185.1782945736434,144.79402368991728,0.436046511627907,Haircut/v_Haircut_g02_c04.avi,33,12,0,0.991689145565033,1
0.7442127893027319,2.023001059308436,47.70744176750625,0.8176679586563308,314.3565891472868,312.71697084093785,0.3058785529715762,Haircut/v_Haircut_g03_c01.avi,33,12,0,1.0,1
0.1049244413914079,0.4118735043612602,11.31370849898476,0.9729489664082688,395.7829457364341,523.6011998203768,0.3494832041343669,Haircut/v_Haircut_g03_c02.avi,33,33,1,0.9725879430770874,0
0.5869467405024136,2.1547557465077487,41.30375285612676,0.8657138242894057,366.26356589147287,355.6163231527917,0.2926356589147287,Haircut/v_Haircut_g03_c03.avi,33,33,1,0.9991683959960938,0
1.0673271617089368,3.795279949991304,96.0,0.8267926356589147,326.015503875969,312.8369311575344,0.2658268733850129,Haircut/v_Haircut_g03_c04.avi,33,33,1,0.9997928738594056,0
0.5171343930478433,1.7426927894774444,37.25754957052329,0.8851744186046512,361.984496124031,347.6025973020091,0.2748708010335917,Haircut/v_Haircut_g03_c05.avi,33,33,1,0.9993109703063964,0
0.1794329799804465,0.4189211492901709,5.0,0.9607558139534884,334.4496124031008,335.2306844579943,0.3162144702842377,Haircut/v_Haircut_g03_c06.avi,33,33,1,0.9999163150787354,0
2.5794219564164647,4.660045010221563,126.3750618199651,0.427890826873385,320.2480620155039,274.6969586387725,0.1640826873385013,Haircut/v_Haircut_g04_c01.avi,33,33,1,0.9999988079071044,0
0.9039852327016168,3.885306642373946,139.17614738165446,0.7628391472868217,319.8139534883721,298.6156630585623,0.2399870801033591,Haircut/v_Haircut_g04_c02.avi,33,33,1,0.9941658973693848,0
2.7353378959345624,3.7507860780143374,36.25797326106356,0.3796027131782946,292.15503875968994,262.50381908221914,0.230297157622739,Haircut/v_Haircut_g04_c03.avi,33,33,1,0.9999737739562988,0
2.870153936546216,6.116393880892786,107.96758772891056,0.4532461240310077,293.4573643410853,319.59351624221205,0.4056847545219638,Haircut/v_Haircut_g04_c04.avi,33,12,0,0.996476948261261,1
0.9941963513916384,2.7822825311940025,128.00390619039715,0.7017926356589147,279.2558139534884,316.249246199911,0.4486434108527132,Haircut/v_Haircut_g04_c05.avi,33,33,1,0.9991220831871032,0
2.626781491743102,9.461113751973148,289.6477386412675,0.7400678294573644,249.5503875968992,227.33743527319464,0.3074935400516795,Haircut/v_Haircut_g05_c01.avi,33,33,1,0.9999099969863892,0
0.991614633272908,3.058909359036633,75.71657678474378,0.8186369509043928,216.06201550387595,180.9549068818525,0.3527131782945736,Haircut/v_Haircut_g05_c02.avi,33,33,1,1.0,0
1.1730710432250808,3.589328288294998,82.86132994346639,0.7806040051679587,230.69767441860463,322.85669186647465,0.3436692506459948,Haircut/v_Haircut_g05_c03.avi,33,33,1,0.9996670484542848,0
1.467474683030463,4.282350863188672,58.30951894845301,0.7424903100775194,266.17054263565893,254.67827779136437,0.3100775193798449,Haircut/v_Haircut_g05_c04.avi,33,33,1,0.9999200105667114,0
2.830848335354198,3.665771355736153,24.0,0.4396802325581395,304.9922480620155,503.9414340299432,0.1944444444444444,Haircut/v_Haircut_g06_c01.avi,33,33,1,1.0,0
2.302579744434926,9.841370126592953,244.24577785501228,0.6372739018087855,326.4496124031008,637.6437848033174,0.2855297157622739,Haircut/v_Haircut_g06_c02.avi,33,33,1,1.0,0
1.3664919813845606,3.9375901321564215,114.99762225802758,0.6486595607235142,409.86046511627904,750.3938061117951,0.2270671834625323,Haircut/v_Haircut_g06_c03.avi,33,33,1,1.0,0
0.7695346105092989,2.35082978854507,76.84399781375251,0.7862564599483204,400.1240310077519,387.8182065871781,0.3281653746770026,Haircut/v_Haircut_g06_c04.avi,33,33,1,0.99992835521698,0
2.4358928187187106,4.725990068220973,126.0,0.4213501291989664,252.093023255814,212.76035366312945,0.2619509043927648,Haircut/v_Haircut_g07_c01.avi,33,12,0,0.9871917963027954,1
2.4900095898404917,8.120788504496751,256.8746046225668,0.5320574935400517,249.3643410852713,226.36103213224817,0.3058785529715762,Haircut/v_Haircut_g07_c02.avi,33,33,1,0.9976813793182372,0
1.286518800247478,3.647986315957444,134.0,0.7399870801033591,292.15503875968994,255.1431411474957,0.209625322997416,Haircut/v_Haircut_g07_c03.avi,33,33,1,1.0,0
1.3606695054745124,9.69288062931961,252.0,0.7052648578811369,267.7829457364341,209.8476731124329,0.1905684754521963,Haircut/v_Haircut_g07_c04.avi,33,33,1,1.0,0
1.616073986614353,4.187500168801912,109.93463967285288,0.5857558139534884,264.74418604651163,220.74926247850203,0.228359173126615,Haircut/v_Haircut_g07_c05.avi,33,33,1,1.0,0
1.7421474492138744,4.332537980520095,117.0,0.624031007751938,298.91472868217056,256.2168422414542,0.1873385012919896,Haircut/v_Haircut_g07_c06.avi,33,33,1,0.9956035614013672,0
7.873194952758433,17.080296762892292,348.1292863290878,0.4810239018087855,236.2170542635659,146.64775924148125,0.2012273901808785,Hammering/v_Hammering_g01_c01.avi,34,19,0,0.9994220733642578,1
8.512958608313127,16.170628244846718,274.2735860413831,0.405281007751938,229.02325581395348,137.76175733761715,0.2193152454780361,Hammering/v_Hammering_g01_c02.avi,34,19,0,0.9735807180404664,1
7.994799354852604,10.342709236541143,149.9587443265647,0.2572674418604651,267.968992248062,313.8946630696922,0.1547157622739018,Hammering/v_Hammering_g01_c03.avi,34,19,0,0.9310894012451172,1
4.534832405310078,8.371398227205319,50.20738242529678,0.4675387596899225,288.93023255813955,371.61303925785154,0.2871447028423772,Hammering/v_Hammering_g01_c04.avi,34,54,0,0.7960439324378967,1
0.4829822781745982,1.0132804418027357,11.075028216668343,0.8302648578811369,351.37984496124034,526.6956992360716,0.1647286821705426,Hammering/v_Hammering_g02_c01.avi,34,13,0,0.5345795750617981,1
0.9742482218130112,1.9677566870325636,41.19465984809196,0.7381298449612403,266.6666666666667,331.30620823879985,0.2209302325581395,Hammering/v_Hammering_g02_c02.avi,34,13,0,0.9981325268745422,1
1.845543796681378,2.7409834678923044,37.20215047547655,0.5255975452196382,216.49612403100772,124.6987143671571,0.2574289405684754,Hammering/v_Hammering_g02_c03.avi,34,13,0,0.9919609427452089,1
1.1258625937594555,2.8671361841555245,63.00793600809346,0.6618217054263565,229.08527131782947,122.15303852882911,0.1970284237726098,Hammering/v_Hammering_g02_c04.avi,34,13,0,0.9986647367477416,1
1.726432148588113,1.847991772151328,16.1245154965971,0.3760497416020671,241.42635658914728,165.38518700453196,0.2102713178294573,Hammering/v_Hammering_g03_c01.avi,34,34,1,0.9914286732673644,0
1.105015984855397,1.2989389797823094,16.40550593550836,0.6261304909560723,234.10852713178292,154.03781073681344,0.2225452196382429,Hammering/v_Hammering_g03_c02.avi,34,34,1,0.9984082579612732,0
1.219454256618543,1.439917398262322,17.344397510435467,0.5812338501291989,241.24031007751935,167.6214253938519,0.2151162790697674,Hammering/v_Hammering_g03_c03.avi,34,34,1,0.9994531273841858,0
1.7081032363273243,2.2707163882278354,20.04759960693549,0.5065406976744186,257.1782945736434,181.31126388781087,0.1734496124031007,Hammering/v_Hammering_g03_c04.avi,34,54,0,0.8084959387779236,1
1.5222623472162689,2.9859580461016213,111.31936040060596,0.5774386304909561,233.5503875968992,313.2245142039483,0.2978036175710594,Hammering/v_Hammering_g03_c05.avi,34,34,1,0.9999747276306152,0
2.4182784092374985,3.35702873181282,89.09545442950498,0.3760497416020671,247.62790697674416,186.75354026790492,0.2244832041343669,Hammering/v_Hammering_g04_c01.avi,34,38,0,0.9999662637710572,1
5.377965233142494,6.9704576283465824,138.3708784390704,0.2635658914728682,242.35658914728683,178.78113588856738,0.231266149870801,Hammering/v_Hammering_g04_c02.avi,34,38,0,0.999975085258484,1
7.563149781039062,11.27744056398482,192.01517680902205,0.2204457364341085,231.93798449612405,175.24997658662372,0.2700258397932816,Hammering/v_Hammering_g04_c03.avi,34,38,0,1.0,1
5.416508397842881,8.177468908650981,113.09599075564084,0.2709140826873385,247.68992248062017,331.84048186187226,0.3016795865633075,Hammering/v_Hammering_g04_c04.avi,34,38,0,0.9855247139930724,1
5.098544168137449,9.089841481373124,187.00601594601176,0.3742732558139535,225.5503875968992,194.37695979680765,0.3368863049095607,Hammering/v_Hammering_g04_c05.avi,34,38,0,0.997702419757843,1
10.562581862111044,17.083989213412465,322.89471968429586,0.2099483204134367,289.1782945736434,329.75909575673694,0.126937984496124,Hammering/v_Hammering_g05_c01.avi,34,34,1,0.999961256980896,0
3.831924826539398,4.20784972397332,70.09279563550022,0.2431363049095607,238.3875968992248,150.3290607727919,0.1976744186046511,Hammering/v_Hammering_g05_c02.avi,34,38,0,0.9726027250289916,1
13.01101367896356,17.685472206191307,290.25850547399983,0.1862887596899224,253.95348837209303,158.60407829126575,0.1450258397932816,Hammering/v_Hammering_g05_c03.avi,34,38,0,0.7691338658332825,1
11.103097965317057,13.00087667130348,208.02794283461057,0.2818959948320413,241.5503875968992,146.2140811912774,0.1773255813953488,Hammering/v_Hammering_g05_c04.avi,34,38,0,0.9986385703086852,1
0.0318095011792675,0.2834375085475655,10.198039027185567,0.9920058139534884,594.7906976744187,642.2040738516116,0.1256459948320413,Hammering/v_Hammering_g06_c01.avi,34,34,1,1.0,0
0.0100873786211865,0.0827434248926539,1.7677669529663689,0.9972545219638242,715.6589147286821,913.4985690184864,0.1201550387596899,Hammering/v_Hammering_g06_c02.avi,34,34,1,1.0,0
0.0639920654809956,0.4249946170846802,11.250694423012296,0.979812661498708,520.0,468.9535108609778,0.1405038759689922,Hammering/v_Hammering_g06_c03.avi,34,34,1,1.0,0
0.0394227626492904,0.3235143386461341,8.625905749543058,0.9882105943152456,504.9922480620155,460.3508014601731,0.1178940568475452,Hammering/v_Hammering_g06_c04.avi,34,34,1,1.0,0
0.0725458124513381,0.6043762540440883,14.265890263141658,0.981750645994832,573.1472868217054,589.02735621413,0.1143410852713178,Hammering/v_Hammering_g06_c05.avi,34,34,1,1.0,0
0.0487738448051152,0.3515807587750409,9.86550176118782,0.9845768733850128,602.9767441860465,641.0584811102285,0.1140180878552971,Hammering/v_Hammering_g06_c06.avi,34,34,1,1.0,0
2.6343753296330514,3.203281347316,18.033389171201293,0.336078811369509,360.5581395348837,286.1303412803155,0.067829457364341,Hammering/v_Hammering_g07_c01.avi,34,34,1,1.0,0
0.6649199274605153,1.2552435039775307,11.51629280628102,0.8064437984496124,389.5813953488372,408.6853701160469,0.1156330749354005,Hammering/v_Hammering_g07_c02.avi,34,34,1,1.0,0
1.462894586990655,2.429297736673381,19.313207915827967,0.6233850129198967,312.06201550387595,228.68304296246677,0.0671834625322997,Hammering/v_Hammering_g07_c03.avi,34,34,1,1.0,0
1.2111516205804282,1.6228527370790973,8.54400374531753,0.6560077519379846,437.6434108527132,489.7003323256366,0.0616925064599483,Hammering/v_Hammering_g07_c04.avi,34,34,1,1.0,0
0.2916037588933671,0.6372310176156939,9.18728741250648,0.8820251937984496,305.6744186046512,277.1660337700577,0.2231912144702842,Hammering/v_Hammering_g07_c05.avi,34,34,1,1.0,0
0.413088263144138,1.543236107898197,41.43669871020132,0.9037467700258398,324.9612403100775,301.3860591288544,0.231266149870801,HammerThrow/v_HammerThrow_g01_c01.avi,35,35,1,1.0,0
2.5023214021196147,17.35159336418076,280.04463929880893,0.7244024547803618,286.94573643410854,236.0751526010742,0.1786175710594315,HammerThrow/v_HammerThrow_g01_c02.avi,35,92,0,0.5747141242027283,1
0.1092733927732041,0.7186315942029982,20.12655273513077,0.9784399224806202,564.8372093023256,778.5747542258184,0.2041343669250646,HammerThrow/v_HammerThrow_g01_c03.avi,35,92,0,0.98476243019104,1
4.879438411720762,6.391967050089362,34.0147027033899,0.3425387596899225,323.4108527131783,284.36687768185783,0.1824935400516796,HammerThrow/v_HammerThrow_g01_c04.avi,35,35,1,1.0,0
0.307644788171355,1.1625853232527306,45.87517029941142,0.9323320413436692,384.9302325581396,360.00913395058865,0.2561369509043927,HammerThrow/v_HammerThrow_g01_c05.avi,35,35,1,1.0,0
2.366475592115221,3.248186817238895,140.0,0.3691052971576227,417.30232558139534,331.2237728017273,0.0642764857881137,HammerThrow/v_HammerThrow_g01_c06.avi,35,35,1,1.0,0
0.045714804713938,0.2863991753157969,9.3883238653127,0.9875645994832042,482.1085271317829,420.0772398579431,0.2926356589147287,HammerThrow/v_HammerThrow_g02_c01.avi,35,35,1,1.0,0
0.0805386523039911,0.5317733969508959,25.0711487570873,0.9762596899224806,522.7286821705426,420.1297649654107,0.232235142118863,HammerThrow/v_HammerThrow_g02_c02.avi,35,35,1,1.0,0
0.1232342743305755,0.7032523004771051,28.70158967722868,0.9606750645994832,498.7286821705426,415.7691621008913,0.2461240310077519,HammerThrow/v_HammerThrow_g02_c03.avi,35,35,1,1.0,0
0.0436841133651647,0.2577418978377364,5.5,0.9895025839793282,489.5503875968992,420.8236471905227,0.2835917312661499,HammerThrow/v_HammerThrow_g02_c04.avi,35,35,1,1.0,0
0.0404514814648917,0.294193036071347,12.798925736170204,0.9929748062015504,489.05426356589146,419.5121624217902,0.2784237726098191,HammerThrow/v_HammerThrow_g02_c05.avi,35,35,1,1.0,0
0.1167312722000008,1.8375730056152575,83.90191445968321,0.9791666666666666,480.7441860465116,411.1046996740671,0.2545219638242894,HammerThrow/v_HammerThrow_g02_c06.avi,35,35,1,1.0,0
0.0344835145401856,0.6965391373177792,75.70089167242351,0.9959625322997416,473.1782945736434,418.3227945726924,0.3003875968992248,HammerThrow/v_HammerThrow_g02_c07.avi,35,35,1,1.0,0
0.1448275445928702,0.7924318520604076,14.735162028291375,0.9664890180878551,230.57364341085272,219.21002548771,0.3701550387596899,HammerThrow/v_HammerThrow_g03_c01.avi,35,35,1,1.0,0
0.2934076588809798,0.7782181758381224,9.91526600752597,0.9498546511627908,234.91472868217053,176.71437257050823,0.2596899224806202,HammerThrow/v_HammerThrow_g03_c02.avi,35,35,1,0.9999979734420776,0
0.6889862057888809,1.1341261257539457,16.00781059358212,0.8897771317829457,518.2635658914729,379.1691757861577,0.0604005167958656,HammerThrow/v_HammerThrow_g03_c03.avi,35,92,0,0.943224549293518,1
1.1993154385323024,1.5648977683315128,23.40939982143925,0.5793766149870802,307.90697674418607,432.8703449449042,0.1534237726098191,HammerThrow/v_HammerThrow_g03_c04.avi,35,35,1,0.5219705700874329,0
2.33912852350471,2.023486886388566,17.257244855422318,0.1777293281653746,447.5658914728682,347.6258312130024,0.0565245478036175,HammerThrow/v_HammerThrow_g03_c05.avi,35,35,1,1.0,0
0.7179738392814393,0.7724829668034933,9.5,0.7188307493540051,364.4031007751938,303.6782650644523,0.1124031007751938,HammerThrow/v_HammerThrow_g03_c06.avi,35,35,1,0.9971476197242736,0
0.7111432415465955,1.7240374581690254,62.375,0.7619509043927648,441.6124031007752,343.570497828242,0.0539405684754522,HammerThrow/v_HammerThrow_g03_c07.avi,35,35,1,1.0,0
0.4150062522720716,1.3870870280781542,28.506852246433663,0.9247416020671836,216.06201550387595,167.27787548550913,0.3268733850129199,HammerThrow/v_HammerThrow_g04_c01.avi,35,35,1,1.0,0
0.3339387656600902,1.1400000216527306,22.736603198367167,0.9386304909560724,229.27131782945736,330.4525380066062,0.376937984496124,HammerThrow/v_HammerThrow_g04_c02.avi,35,35,1,1.0,0
0.2930623213590747,1.2743466310636398,112.8937553631732,0.93984173126615,213.33333333333331,173.73977392620162,0.3514211886304909,HammerThrow/v_HammerThrow_g04_c03.avi,35,35,1,1.0,0
0.5977009224183597,0.8768301469114462,14.0,0.7958656330749354,215.68992248062017,172.9988035290262,0.3391472868217054,HammerThrow/v_HammerThrow_g04_c04.avi,35,35,1,1.0,0
2.4858219928323004,5.833939183814159,218.9671779057309,0.5864825581395349,508.71317829457365,954.1616328533014,0.2638888888888889,HammerThrow/v_HammerThrow_g04_c05.avi,35,35,1,1.0,0
0.3236291734444113,1.1620021155983833,18.99012901483294,0.9377422480620154,230.4496124031008,186.3725102512952,0.2984496124031007,HammerThrow/v_HammerThrow_g04_c06.avi,35,35,1,1.0,0
0.2955423949315901,1.724336193703441,135.74896408444522,0.9408914728682172,309.5813953488372,375.3900441344473,0.2260981912144702,HammerThrow/v_HammerThrow_g04_c07.avi,35,35,1,1.0,0
0.6490114307244997,1.0588209816216674,18.0,0.7134205426356589,385.05426356589146,326.6333864571849,0.1314599483204134,HammerThrow/v_HammerThrow_g05_c01.avi,35,92,0,0.9443249702453612,1
0.527108974106909,0.9232693466553816,15.0,0.7458817829457365,384.6821705426357,324.6965902633135,0.1256459948320413,HammerThrow/v_HammerThrow_g05_c02.avi,35,35,1,0.6187849044799805,0
0.7624857457581433,4.747408884364384,115.00679327761468,0.8736272609819121,373.5813953488372,355.3143536172232,0.2700258397932816,HammerThrow/v_HammerThrow_g05_c03.avi,35,92,0,0.9312683939933776,1
0.7542001503579913,1.139872073717175,16.0,0.708171834625323,333.7674418604651,314.7112990196971,0.2461240310077519,HammerThrow/v_HammerThrow_g05_c04.avi,35,92,0,0.9890149235725404,1
0.5022364160728381,0.5823077507849154,9.340770846134705,0.7300549095607235,379.4728682170543,348.98688537406554,0.2290051679586563,HammerThrow/v_HammerThrow_g05_c05.avi,35,92,0,0.9998921155929564,1
0.51718950128073,1.0371065546190772,83.6145359671391,0.7579941860465116,382.3875968992248,531.001457100696,0.4282945736434108,HammerThrow/v_HammerThrow_g05_c06.avi,35,92,0,0.9969436526298524,1
0.2334213371463996,1.040258910663861,21.54065922853801,0.9412144702842378,277.8914728682171,239.23603343712645,0.2218992248062015,HammerThrow/v_HammerThrow_g06_c01.avi,35,35,1,0.999975323677063,0
0.396947776906455,2.352660911216928,162.36378906640482,0.9119024547803618,230.88372093023256,331.5500740392875,0.3737080103359173,HammerThrow/v_HammerThrow_g06_c02.avi,35,35,1,1.0,0
0.2165096024995184,0.7423213695680335,16.401219466856727,0.9453326873385012,213.7674418604651,188.09063095113336,0.3775839793281654,HammerThrow/v_HammerThrow_g06_c03.avi,35,35,1,1.0,0
0.1746453454726877,0.6179436960538638,16.32482771731451,0.9577680878552972,238.63565891472868,335.52439433453725,0.3540051679586563,HammerThrow/v_HammerThrow_g06_c04.avi,35,35,1,1.0,0
0.2532669108253454,0.8608729922675825,29.516944286290883,0.9387112403100776,219.5968992248062,205.76126451516893,0.3885658914728682,HammerThrow/v_HammerThrow_g06_c05.avi,35,35,1,1.0,0
0.4654044818382145,1.3678626783897363,25.179356624028344,0.886062661498708,246.015503875969,225.0243047853408,0.3168604651162791,HammerThrow/v_HammerThrow_g06_c06.avi,35,35,1,1.0,0
0.4099026569027671,1.0662312122192654,19.90602923739438,0.90140503875969,217.3023255813953,158.06203299230793,0.3049095607235142,HammerThrow/v_HammerThrow_g06_c07.avi,35,35,1,1.0,0
0.172476771786239,0.5869550127970259,19.00657780874821,0.9560723514211886,394.6666666666667,381.5910659358617,0.3165374677002584,HammerThrow/v_HammerThrow_g07_c01.avi,35,35,1,1.0,0
0.1754489203131066,0.8544832063343766,41.0,0.976501937984496,396.6511627906977,379.73692752556326,0.3036175710594315,HammerThrow/v_HammerThrow_g07_c02.avi,35,35,1,0.999998927116394,0
0.3485040828990376,1.003186167653237,17.32637079714041,0.9342700258397932,526.077519379845,688.3938120744358,0.1876614987080103,HammerThrow/v_HammerThrow_g07_c03.avi,35,35,1,1.0,0
1.4051440817393002,6.038752122025822,136.0,0.718265503875969,471.5658914728682,445.40590050082346,0.0994832041343669,HammerThrow/v_HammerThrow_g07_c04.avi,35,35,1,0.9999922513961792,0
2.148835900463145,7.623891080700243,166.35504200354134,0.6229005167958657,444.031007751938,373.54252039412495,0.165374677002584,HammerThrow/v_HammerThrow_g07_c05.avi,35,35,1,0.9999994039535522,0
1.6809928099703977,2.0279508241481343,14.285044627161652,0.4942667958656331,474.1705426356589,839.4690101351121,0.1957364341085271,HandstandPushups/v_HandStandPushups_g01_c01.avi,36,36,1,1.0,0
1.5101265285332186,2.345651573983538,33.5,0.5689599483204134,363.3488372093023,541.006077587877,0.2109173126614987,HandstandPushups/v_HandStandPushups_g01_c02.avi,36,36,1,1.0,0
1.5968549850954112,2.402016405123871,17.88854381999832,0.5194605943152455,453.3333333333333,795.3547824550755,0.1750645994832041,HandstandPushups/v_HandStandPushups_g01_c03.avi,36,36,1,1.0,0
2.8711305460532226,4.328149041365977,22.33306125456159,0.4431524547803617,449.48837209302326,833.2856896421937,0.1873385012919896,HandstandPushups/v_HandStandPushups_g01_c04.avi,36,36,1,1.0,0
2.094770927220253,4.126346490787796,175.04570831642803,0.4925710594315245,319.68992248062017,248.16679182580063,0.0907622739018087,HandstandPushups/v_HandStandPushups_g02_c01.avi,36,36,1,0.999991774559021,0
0.7279430593743519,2.598173119233776,132.0,0.848998708010336,360.06201550387595,304.6073022059354,0.1285529715762274,HandstandPushups/v_HandStandPushups_g02_c02.avi,36,36,1,0.9922925233840942,0
2.307784060698303,4.563085315347821,106.23088063270492,0.5358527131782945,344.1240310077519,280.90040740425246,0.1030361757105943,HandstandPushups/v_HandStandPushups_g02_c03.avi,36,36,1,0.7633715867996216,0
0.5428738946764461,1.17963985957027,16.278820596099706,0.8715277777777778,336.5581395348837,281.9408895929174,0.1308139534883721,HandstandPushups/v_HandStandPushups_g02_c04.avi,36,20,0,0.5179373621940613,1
0.1378707186073698,0.4086104184418387,10.688779163215974,0.9686692506459949,631.5658914728682,582.5163782501154,0.0490956072351421,HandstandPushups/v_HandStandPushups_g03_c01.avi,36,36,1,0.9999971389770508,0
0.1511995880328051,0.7224747168970374,10.5,0.9605135658914729,692.5271317829457,637.7381309616596,0.0985142118863049,HandstandPushups/v_HandStandPushups_g03_c02.avi,36,36,1,0.9999998807907104,0
0.2145112222722238,0.9841667370835492,15.033296378372908,0.9436369509043928,643.968992248062,537.7111402568751,0.107235142118863,HandstandPushups/v_HandStandPushups_g03_c03.avi,36,36,1,0.9999998807907104,0
0.2179689496906806,0.9344375227906708,14.75,0.943717700258398,751.8139534883721,676.5295591890001,0.0972222222222222,HandstandPushups/v_HandStandPushups_g03_c04.avi,36,36,1,0.999997854232788,0
2.226141751200577,2.498793892163284,16.7751676593708,0.3355135658914728,352.8062015503876,586.73150730719,0.1921834625322997,HandstandPushups/v_HandStandPushups_g04_c01.avi,36,16,0,0.9055777192115784,1
2.548815489395603,4.085394455821522,28.684708469845045,0.4543766149870801,317.51937984496124,391.46465383967546,0.2648578811369509,HandstandPushups/v_HandStandPushups_g04_c02.avi,36,16,0,0.9363058805465698,1
1.2000247489070317,1.209121156742019,17.902950175878836,0.5574127906976745,416.9302325581396,625.0336324103944,0.2664728682170542,HandstandPushups/v_HandStandPushups_g04_c03.avi,36,36,1,0.6409958600997925,0
6.834477153365001,15.609400208928884,353.9562119810867,0.3652293281653747,428.8992248062016,706.5101901311043,0.165374677002584,HandstandPushups/v_HandStandPushups_g04_c04.avi,36,16,0,0.9999997615814208,1
0.3347366238053753,0.9685519895155956,8.704345179276842,0.9089954780361758,423.0697674418605,346.12952242664124,0.105297157622739,HandstandPushups/v_HandStandPushups_g05_c01.avi,36,36,1,1.0,0
0.5075661641289084,1.594546158958578,14.67353059082919,0.8791989664082688,523.3488372093024,676.4167864639935,0.1023901808785529,HandstandPushups/v_HandStandPushups_g05_c02.avi,36,36,1,1.0,0
0.5100917102790469,1.4437724045473286,13.0862523283024,0.8500484496124031,491.2248062015504,519.2060910332694,0.1211240310077519,HandstandPushups/v_HandStandPushups_g05_c03.avi,36,36,1,1.0,0
0.152266692071135,0.4654492016303987,4.640177798317646,0.9538921188630493,730.8527131782946,971.5017951586678,0.0655684754521963,HandstandPushups/v_HandStandPushups_g05_c04.avi,36,36,1,1.0,0
0.3110847405644945,1.0011900139691976,10.0,0.9218346253229974,737.7984496124031,1034.01917259784,0.0914082687338501,HandstandPushups/v_HandStandPushups_g06_c01.avi,36,36,1,1.0,0
0.6753516755018794,2.662942382767256,61.15004599344141,0.8672480620155039,536.8682170542636,883.9705998464796,0.1895994832041343,HandstandPushups/v_HandStandPushups_g06_c02.avi,36,36,1,1.0,0
0.1911631669341514,0.566996825803638,17.731504448297667,0.9454134366925064,524.0930232558139,847.2078302434082,0.1902454780361757,HandstandPushups/v_HandStandPushups_g06_c03.avi,36,36,1,1.0,0
0.3300467601164977,1.1662756579994964,18.2242969686076,0.9421834625322998,504.9922480620155,772.0375186300635,0.2173772609819121,HandstandPushups/v_HandStandPushups_g06_c04.avi,36,36,1,1.0,0
1.6346289994235674,4.967928655857413,94.36630754670864,0.7479812661498708,607.2558139534884,1073.001703395411,0.1602067183462532,HandstandPushups/v_HandStandPushups_g07_c01.avi,36,36,1,0.9969620108604432,0
2.472226637769571,4.505095839290132,25.004999500099974,0.601421188630491,503.0077519379845,939.5203171281058,0.1217700258397932,HandstandPushups/v_HandStandPushups_g07_c02.avi,36,36,1,0.999984622001648,0
1.4803217378190414,2.5325582606768564,30.01666203960727,0.60093669250646,858.7286821705426,1372.781523926203,0.0920542635658914,HandstandPushups/v_HandStandPushups_g07_c03.avi,36,36,1,0.999987244606018,0
3.3761547060643444,6.508786559014669,44.49789320855539,0.6553617571059431,1291.7209302325582,1690.7033121047364,0.1443798449612403,HandstandPushups/v_HandStandPushups_g07_c04.avi,36,3,0,0.8104944825172424,1
2.09916573433164,2.855836807284374,25.0,0.4426679586563307,261.3333333333333,207.94592817347416,0.212532299741602,HandstandWalking/v_HandstandWalking_g01_c01.avi,37,36,0,0.9999780654907228,1
5.520858698836261,8.234672213306816,69.2314957226839,0.3372093023255814,233.3643410852713,181.3468960664558,0.2755167958656331,HandstandWalking/v_HandstandWalking_g01_c02.avi,37,37,1,0.9999384880065918,0
7.012193681761137,11.824284343698848,182.6925354249593,0.3215439276485788,269.7054263565892,312.9117170764511,0.1443798449612403,HandstandWalking/v_HandstandWalking_g01_c03.avi,37,37,1,0.9999996423721312,0
4.285391431731047,5.965438977632285,60.5,0.2691375968992248,244.46511627906975,188.2051514058108,0.2409560723514212,HandstandWalking/v_HandstandWalking_g01_c04.avi,37,36,0,0.8212773203849792,1
0.0775550278310353,0.233001812430959,3.881043674065006,0.9843346253229974,662.3255813953489,1042.4280181703302,0.1369509043927648,HandstandWalking/v_HandstandWalking_g02_c01.avi,37,56,0,0.5009603500366211,1
0.0746050483437293,0.3191290407892496,6.216158379578178,0.9792474160206718,444.9612403100775,753.5874347104657,0.172157622739018,HandstandWalking/v_HandstandWalking_g02_c02.avi,37,56,0,0.9934265613555908,1
0.104469089722774,0.5662668958552942,24.800768637282196,0.9795704134366924,694.3255813953489,1156.0246983949264,0.1821705426356589,HandstandWalking/v_HandstandWalking_g02_c03.avi,37,61,0,0.9944882988929749,1
0.0699917600981813,0.3189287302491058,12.083045973594572,0.9896640826873384,958.4496124031008,1307.48232508391,0.0946382428940568,HandstandWalking/v_HandstandWalking_g02_c04.avi,37,61,0,0.999269425868988,1
5.229344023699445,11.399198615197363,219.0091322296858,0.4582525839793281,255.2558139534884,447.4142814108464,0.4276485788113695,HandstandWalking/v_HandstandWalking_g03_c01.avi,37,36,0,0.8166957497596741,1
2.465431203645462,3.6531316868632255,77.07788269017254,0.4343507751937984,246.63565891472868,155.99204600993053,0.1715116279069767,HandstandWalking/v_HandstandWalking_g03_c02.avi,37,37,1,0.9900728464126588,0
5.323485020514847,10.826391469930092,187.61829601614016,0.5222868217054264,327.2558139534884,545.2088182425646,0.3510981912144703,HandstandWalking/v_HandstandWalking_g03_c03.avi,37,37,1,0.7729498744010925,0
4.213020251360448,8.166937095656941,137.6735268670052,0.4815083979328165,219.4108527131783,226.73584030225007,0.4386304909560723,HandstandWalking/v_HandstandWalking_g03_c04.avi,37,37,1,0.899496853351593,0
3.448025216243788,9.40566419455604,283.6688209867274,0.6767603359173127,349.51937984496124,640.7203685771921,0.231266149870801,HandstandWalking/v_HandstandWalking_g04_c01.avi,37,37,1,1.0,0
1.4038896720232177,1.960277774168813,17.077031357938065,0.6201550387596899,444.7751937984496,829.327562110488,0.1614987080103359,HandstandWalking/v_HandstandWalking_g04_c02.avi,37,37,1,1.0,0
2.18353100060104,3.817070371046974,35.4400902933387,0.6454295865633075,251.47286821705427,318.7189006569258,0.2393410852713178,HandstandWalking/v_HandstandWalking_g04_c03.avi,37,37,1,1.0,0
3.171229430289057,4.606628228937965,62.50612469990441,0.5130006459948321,750.015503875969,1303.2196384785718,0.2112403100775193,HandstandWalking/v_HandstandWalking_g04_c04.avi,37,37,1,1.0,0
3.09011657950897,5.430133716332989,88.05112151472007,0.6338016795865633,1160.124031007752,1631.4264030741065,0.2238372093023256,HandstandWalking/v_HandstandWalking_g04_c05.avi,37,37,1,0.9998112320899964,0
1.2985891448514946,4.243641624448256,57.0,0.7424903100775194,345.73643410852713,312.0253795923739,0.1979974160206718,HandstandWalking/v_HandstandWalking_g05_c01.avi,37,37,1,1.0,0
0.4803666190898149,1.952751557489034,176.70455568547175,0.8873546511627907,364.71317829457365,343.9316498213172,0.252906976744186,HandstandWalking/v_HandstandWalking_g05_c02.avi,37,37,1,1.0,0
2.657683218094204,5.868662022229239,84.76622263614205,0.5674257105943152,530.6046511627907,865.5485191762124,0.3527131782945736,HandstandWalking/v_HandstandWalking_g05_c03.avi,37,37,1,0.9999991655349731,0
1.3585917949529758,5.245256076367142,97.49559284911292,0.7099483204134367,416.5581395348837,410.6993073264175,0.3859819121447028,HandstandWalking/v_HandstandWalking_g05_c04.avi,37,37,1,0.9999984502792358,0
1.3549867383695684,2.787441785142376,91.28526715741155,0.6845122739018088,510.07751937984494,831.3224881248333,0.3950258397932816,HandstandWalking/v_HandstandWalking_g05_c05.avi,37,37,1,0.999980092048645,0
1.499353588655722,2.1978981992434345,26.68332812825267,0.4911983204134367,474.3565891472868,460.8219451070469,0.170219638242894,HandstandWalking/v_HandstandWalking_g05_c06.avi,37,37,1,0.9994944334030152,0
1.7251490745975488,3.4621102667281325,104.0768946500615,0.5571705426356589,369.1782945736434,354.2459717782583,0.2787467700258398,HandstandWalking/v_HandstandWalking_g05_c07.avi,37,37,1,1.0,0
5.718807186940848,12.050504618070198,309.64748101672006,0.1929909560723514,273.1782945736434,171.77912849423473,0.0901162790697674,HandstandWalking/v_HandstandWalking_g06_c01.avi,37,36,0,0.9713639616966248,1
1.2663698386252138,1.251639529127283,16.251922963145006,0.4731104651162791,237.3953488372093,128.69255585252418,0.169250645994832,HandstandWalking/v_HandstandWalking_g06_c02.avi,37,54,0,0.9016621112823486,1
2.0987045975906264,2.029366943705297,17.4928556845359,0.2960271317829457,272.93023255813955,195.89619882452905,0.1392118863049095,HandstandWalking/v_HandstandWalking_g06_c03.avi,37,3,0,0.9992000460624696,1
1.2817880469096083,1.2864222948462751,14.97706580075016,0.509609173126615,249.984496124031,169.5375371527376,0.1812015503875969,HandstandWalking/v_HandstandWalking_g06_c04.avi,37,3,0,0.9048703908920288,1
5.063789648212834,11.884770555452825,234.00854685246009,0.3283268733850129,377.2403100775194,326.45573260679896,0.1527777777777778,HandstandWalking/v_HandstandWalking_g07_c01.avi,37,37,1,1.0,0
0.5542681122225473,0.9013536912772186,20.615528128088304,0.818233204134367,350.07751937984494,317.3788388095197,0.2025193798449612,HandstandWalking/v_HandstandWalking_g07_c02.avi,37,37,1,0.9999994039535522,0
2.04316874079403,2.958802432365279,17.46424919657298,0.5406976744186046,397.7674418604651,318.62180228831784,0.0691214470284237,HandstandWalking/v_HandstandWalking_g07_c03.avi,37,37,1,0.9971041083335876,0
8.367101747977626,13.112534694218262,85.12123706807837,0.3219476744186046,381.2093023255814,409.5143214203265,0.1424418604651162,HandstandWalking/v_HandstandWalking_g07_c04.avi,37,37,1,1.0,0
1.1013442739495445,1.8974457406865848,21.255881538999976,0.690406976744186,363.4728682170543,326.93773148968035,0.1947674418604651,HandstandWalking/v_HandstandWalking_g07_c05.avi,37,37,1,0.9999977350234984,0
1.6190640533519538,2.042980783079574,17.029386365926403,0.5232558139534884,361.30232558139534,302.6109279512587,0.1182170542635659,HandstandWalking/v_HandstandWalking_g07_c06.avi,37,16,0,0.9998865127563475,1
1.5203046818971608,4.16490306456833,125.39936203984452,0.7038113695090439,524.0930232558139,1085.7252171524003,0.3762919896640826,HeadMassage/v_HeadMassage_g01_c01.avi,38,38,1,1.0,0
2.6979981283431758,3.5638108051969284,29.87578450852797,0.4190891472868217,453.27131782945736,908.449499024634,0.228359173126615,HeadMassage/v_HeadMassage_g01_c02.avi,38,38,1,1.0,0
0.8840451837941777,1.918759328511352,31.04834939252005,0.7632428940568475,581.4573643410853,1132.402638885257,0.2222222222222222,HeadMassage/v_HeadMassage_g01_c03.avi,38,38,1,1.0,0
1.155779650256892,1.6434919413137283,15.03849227815076,0.6308139534883721,356.27906976744185,631.1807438621607,0.1443798449612403,HeadMassage/v_HeadMassage_g01_c04.avi,38,38,1,1.0,0
1.0583689917552843,1.6472877191164526,17.11724276862369,0.6086886304909561,269.08527131782944,335.16831432931235,0.2251291989664082,HeadMassage/v_HeadMassage_g01_c05.avi,38,38,1,1.0,0
2.8496367457277643,3.6024669242633784,24.73863375370596,0.3276808785529715,298.29457364341084,245.645626241309,0.1608527131782945,HeadMassage/v_HeadMassage_g02_c01.avi,38,38,1,0.9078304171562196,0
1.021164581456089,1.4117172715406945,13.601470508735444,0.6811208010335917,320.5581395348837,292.1657145513987,0.2167312661498708,HeadMassage/v_HeadMassage_g02_c02.avi,38,38,1,0.999619722366333,0
0.4086989528753874,0.7432363511824146,12.022115038544593,0.8866279069767442,300.3410852713178,302.0032469696601,0.3207364341085271,HeadMassage/v_HeadMassage_g02_c03.avi,38,38,1,0.9999607801437378,0
0.315894140294197,0.8260106656944378,16.278820596099706,0.9270025839793282,296.5581395348837,283.0341669181484,0.2745478036175711,HeadMassage/v_HeadMassage_g02_c04.avi,38,38,1,0.9650417566299438,0
1.1144973052444869,1.265086799378584,12.91559135308949,0.6188630490956072,302.94573643410854,288.2460272913815,0.2671188630490956,HeadMassage/v_HeadMassage_g02_c05.avi,38,38,1,0.7750114798545837,0
0.5525565494350447,0.8607101400811149,9.92550376555266,0.8254198966408268,310.8837209302326,310.2135205622783,0.3097545219638243,HeadMassage/v_HeadMassage_g02_c06.avi,38,38,1,0.9963313937187196,0
0.7165950803098607,1.508332931763746,18.35755975068582,0.7989341085271318,346.6666666666667,302.5495111851055,0.1634366925064599,HeadMassage/v_HeadMassage_g02_c07.avi,38,12,0,0.5103941559791565,1
0.9534651268349308,4.023459161678965,210.2974084481309,0.8963178294573644,502.5116279069768,876.0940899903128,0.1592377260981912,HeadMassage/v_HeadMassage_g03_c01.avi,38,38,1,1.0,0
1.9160716639862565,5.135282698953563,80.05623023850174,0.7565406976744186,315.7829457364341,379.81972388870025,0.2222222222222222,HeadMassage/v_HeadMassage_g03_c02.avi,38,38,1,1.0,0
1.9972285532464948,4.224810557442521,60.481014583090456,0.5390826873385013,280.74418604651163,238.30916923319705,0.2083333333333333,HeadMassage/v_HeadMassage_g03_c03.avi,38,38,1,1.0,0
0.910733809778138,1.4087760274465229,22.47220505424423,0.6929909560723514,251.28682170542635,201.6234572377507,0.2403100775193798,HeadMassage/v_HeadMassage_g03_c04.avi,38,38,1,1.0,0
1.425188191309643,2.8164024743371328,57.14017850864661,0.6057816537467701,274.4186046511628,237.93239537764927,0.232235142118863,HeadMassage/v_HeadMassage_g03_c05.avi,38,38,1,1.0,0
1.0850748603889475,2.101220139078412,54.589376255824725,0.6942829457364341,277.0232558139535,271.7893753910299,0.3155684754521964,HeadMassage/v_HeadMassage_g03_c06.avi,38,38,1,1.0,0
1.7647075838529798,2.2473880037837723,19.99570266332244,0.4751291989664082,242.4806201550388,232.5709061095297,0.3507751937984496,HeadMassage/v_HeadMassage_g03_c07.avi,38,38,1,1.0,0
4.410899102442759,2.8054653041630977,22.20360331117452,0.1412306201550387,262.51162790697674,146.86307055450925,0.0901162790697674,HeadMassage/v_HeadMassage_g04_c01.avi,38,38,1,1.0,0
4.312356452586966,2.7695624392202864,25.446328320604525,0.1329134366925064,248.24806201550388,125.36607054355274,0.1178940568475452,HeadMassage/v_HeadMassage_g04_c02.avi,38,38,1,1.0,0
4.214152911510441,2.7970554703362684,20.513714924410937,0.1179748062015503,267.968992248062,158.69115526534412,0.087532299741602,HeadMassage/v_HeadMassage_g04_c03.avi,38,38,1,1.0,0
5.392305763723017,5.476260554430884,54.81788029466298,0.2248062015503876,241.3023255813953,140.54173176208087,0.1695736434108527,HeadMassage/v_HeadMassage_g04_c04.avi,38,38,1,1.0,0
5.772432273354202,8.054909542641655,94.82920502144896,0.218265503875969,236.27906976744185,173.4045311472295,0.2474160206718346,HeadMassage/v_HeadMassage_g05_c01.avi,38,38,1,1.0,0
3.419903309775506,6.953323036799011,229.36869882353173,0.3732235142118863,234.4806201550388,172.81199628072736,0.2541989664082687,HeadMassage/v_HeadMassage_g05_c02.avi,38,38,1,1.0,0
3.3741846855694164,8.335177266473174,261.2661478263114,0.5832525839793282,239.31782945736435,180.1498938544063,0.2470930232558139,HeadMassage/v_HeadMassage_g05_c03.avi,38,38,1,1.0,0
4.482570670960188,8.80788246431036,264.592138961081,0.2334463824289405,254.3875968992248,178.1611634342362,0.1789405684754522,HeadMassage/v_HeadMassage_g05_c04.avi,38,38,1,1.0,0
1.3431485223553694,2.321727633055791,15.0,0.7035691214470284,232.1860465116279,166.07524993962667,0.251937984496124,HeadMassage/v_HeadMassage_g05_c05.avi,38,38,1,1.0,0
4.215157198539887,5.006890253806058,166.01204775557707,0.1388081395348837,260.09302325581393,148.521991786901,0.1027131782945736,HeadMassage/v_HeadMassage_g05_c06.avi,38,38,1,1.0,0
5.705030867873414,10.215341349792672,125.0062498437578,0.6726421188630491,514.9767441860465,842.4902590941152,0.1589147286821705,HeadMassage/v_HeadMassage_g06_c01.avi,38,38,1,1.0,0
1.2442622059522608,2.287787138933903,21.982947936980608,0.7055071059431525,361.05426356589146,541.6432120395202,0.2215762273901808,HeadMassage/v_HeadMassage_g06_c02.avi,38,38,1,1.0,0
3.347346819316499,4.507275346650538,92.4543806425634,0.5637919896640827,314.4806201550388,378.782773049812,0.2225452196382429,HeadMassage/v_HeadMassage_g06_c03.avi,38,38,1,1.0,0
0.7484246056685748,1.538175472004317,19.849433241279208,0.7419250645994832,453.8914728682171,762.8984432632495,0.230297157622739,HeadMassage/v_HeadMassage_g06_c04.avi,38,38,1,1.0,0
0.910548249996882,2.2415567101276546,35.25354592094248,0.715843023255814,408.1240310077519,657.6492669042672,0.1844315245478036,HeadMassage/v_HeadMassage_g06_c05.avi,38,38,1,1.0,0
2.3590003773592096,5.91962754329642,191.0026177831079,0.7119670542635659,330.72868217054264,386.5034623216659,0.1986434108527131,HeadMassage/v_HeadMassage_g06_c06.avi,38,38,1,1.0,0
2.524018733613381,4.043227617188265,26.91102237002526,0.5755006459948321,418.1085271317829,751.8848794481719,0.2189922480620155,HeadMassage/v_HeadMassage_g06_c07.avi,38,38,1,1.0,0
4.693302909894383,6.446115146982745,181.75004298486425,0.2152777777777778,234.29457364341084,109.68682714015404,0.1582687338501292,HeadMassage/v_HeadMassage_g07_c01.avi,38,38,1,0.9999998807907104,0
1.2518901253160335,1.7505370444746566,18.77914401670108,0.6381621447028424,244.89922480620157,119.96406729208351,0.125,HeadMassage/v_HeadMassage_g07_c02.avi,38,38,1,0.9999947547912598,0
1.589489909070903,4.649536194082088,240.55976388415417,0.6494670542635659,262.38759689922483,191.92473937092427,0.1734496124031007,HeadMassage/v_HeadMassage_g07_c03.avi,38,38,1,0.9999464750289916,0
1.963274960319348,4.652288693202393,130.3534857608342,0.5803456072351422,210.10852713178292,107.08840369693532,0.2648578811369509,HeadMassage/v_HeadMassage_g07_c04.avi,38,38,1,1.0,0
2.2223138751765794,4.883872360394298,93.87533288889048,0.6237887596899225,228.7751937984496,153.41817202888117,0.2451550387596899,HeadMassage/v_HeadMassage_g07_c05.avi,38,38,1,0.9941662549972534,0
0.8162006003331789,1.2039262018800203,9.848857801796104,0.7806847545219638,331.1007751937984,387.5697255590814,0.2018733850129199,HighJump/v_HighJump_g01_c01.avi,39,96,0,0.9761448502540588,1
2.0912063854396976,2.7752253581453528,26.476404589747453,0.4966085271317829,311.50387596899225,238.22652642380868,0.0933462532299741,HighJump/v_HighJump_g01_c02.avi,39,96,0,0.5683507323265076,1
3.1546342720246305,8.83691031286006,64.07027391856539,0.5745316537467701,304.2480620155039,244.15613351911503,0.1350129198966408,HighJump/v_HighJump_g01_c03.avi,39,96,0,0.7713786363601685,1
0.6775185500565434,1.2247478282493507,16.55294535724685,0.7922319121447028,222.69767441860463,145.74069596275416,0.2600129198966408,HighJump/v_HighJump_g01_c04.avi,39,67,0,0.9619690775871276,1
8.252997677679947,12.490908694088033,69.08441394410175,0.3495639534883721,243.4108527131783,145.9787396861548,0.1689276485788113,HighJump/v_HighJump_g01_c05.avi,39,29,0,0.9999992847442628,1
0.38216876930386,1.8140989403538064,60.5,0.9024547803617572,399.3178294573643,348.9075305520202,0.1747416020671834,HighJump/v_HighJump_g02_c01.avi,39,39,1,0.9993990659713744,0
0.7049616612698564,1.1715407884745377,16.109488663517535,0.7878714470284238,351.8139534883721,324.1405993969179,0.2206072351421188,HighJump/v_HighJump_g02_c02.avi,39,39,1,0.9252264499664308,0
1.2547389900677834,4.219970809794942,155.0290295396317,0.7138242894056848,382.2015503875969,318.27245360897706,0.1101421188630491,HighJump/v_HighJump_g02_c03.avi,39,44,0,0.917612612247467,1
5.638271514059543,16.55574253677215,214.0001460279876,0.520671834625323,312.4961240310077,288.72132225203137,0.234173126614987,HighJump/v_HighJump_g02_c04.avi,39,39,1,0.9611231684684752,0
0.7237183316262938,1.2180509430848805,14.142135623730953,0.7831072351421189,396.4031007751938,351.2281336266363,0.1912144702842377,HighJump/v_HighJump_g02_c05.avi,39,44,0,0.8088045120239258,1
5.30898137702198,14.927401309421969,339.7399740978385,0.5699289405684754,320.86821705426354,267.74462493884505,0.1414728682170542,HighJump/v_HighJump_g02_c06.avi,39,44,0,0.9864094257354736,1
0.7875904715434484,1.6488690209687138,26.77364609088572,0.7917474160206718,352.06201550387595,310.8649536533368,0.1740956072351421,HighJump/v_HighJump_g02_c07.avi,39,44,0,0.9992896318435668,1
6.747882812025909,12.362526190664076,239.43683927081895,0.4166666666666667,227.03875968992247,152.63252739887082,0.2516149870801034,HighJump/v_HighJump_g03_c01.avi,39,39,1,0.9994833469390868,0
1.0271221796117738,2.9753424936477733,127.03542812932147,0.7865794573643411,260.4031007751938,199.64237481016536,0.1979974160206718,HighJump/v_HighJump_g03_c02.avi,39,39,1,0.5175886154174805,0
5.684427258110504,15.774353896798116,279.37838364841326,0.7676033591731266,230.13953488372093,324.44970093528053,0.3517441860465116,HighJump/v_HighJump_g03_c03.avi,39,67,0,0.9913923740386964,1
3.264718098254165,6.273370633637652,92.0,0.3603843669250646,244.4031007751938,222.97987253623737,0.3187984496124031,HighJump/v_HighJump_g03_c04.avi,39,44,0,0.9781226515769958,1
11.608193019898014,19.970649602271557,341.39172881017487,0.3533591731266149,498.91472868217056,870.5439449968409,0.1120801033591731,HighJump/v_HighJump_g04_c01.avi,39,50,0,0.9953989386558532,1
8.103450932129139,14.97024872571412,96.33308102619785,0.405765503875969,584.5581395348837,981.0762315952772,0.1388888888888889,HighJump/v_HighJump_g04_c02.avi,39,39,1,0.9566597938537598,0
1.3520934940051987,4.72364480038285,43.76785350002899,0.8358365633074936,738.2945736434109,1127.193155297884,0.1921834625322997,HighJump/v_HighJump_g04_c03.avi,39,39,1,0.9110056161880492,0
1.856170425916438,3.388695024319428,48.06571023089121,0.5439276485788114,446.3255813953488,753.2282065921703,0.166343669250646,HighJump/v_HighJump_g04_c04.avi,39,44,0,0.7452901601791382,1
1.384098064634936,8.101176499827433,193.50145348291315,0.7441860465116279,589.5813953488372,980.8314041540458,0.1333979328165374,HighJump/v_HighJump_g04_c05.avi,39,39,1,0.9999896287918092,0
1.4686512432267935,4.260380672391267,204.08821622033935,0.5796188630490956,656.3100775193799,1072.4062185806183,0.1489018087855297,HighJump/v_HighJump_g04_c06.avi,39,39,1,0.9762386679649352,0
4.7076047535725705,10.88813178272522,188.65858713559797,0.6172480620155039,334.8217054263566,346.22263862703534,0.3556201550387597,HighJump/v_HighJump_g05_c01.avi,39,39,1,1.0,0
7.32268226251463,23.579846664402844,252.0714184512001,0.7046188630490956,492.7751937984496,591.8001082010909,0.2254521963824289,HighJump/v_HighJump_g05_c02.avi,39,39,1,1.0,0
8.772792743451506,16.680023985004585,222.4342599511145,0.4286175710594315,250.91472868217053,159.62106440464106,0.1595607235142118,HighJump/v_HighJump_g05_c03.avi,39,39,1,1.0,0
5.040021922757195,11.13247600858665,346.77081768799405,0.3594153746770026,233.86046511627907,130.7533771888715,0.1876614987080103,HighJump/v_HighJump_g05_c04.avi,39,39,1,0.9882810711860656,0
14.182496544272936,23.37862757203715,196.6823660753551,0.4779554263565891,251.1627906976744,196.2941468914443,0.229328165374677,HighJump/v_HighJump_g05_c05.avi,39,67,0,0.9999998807907104,1
4.4357290206748,13.718846189852767,216.5202069091936,0.7370801033591732,212.46511627906975,167.73225464484253,0.3443152454780361,HighJump/v_HighJump_g06_c01.avi,39,39,1,0.9999998807907104,0
11.346780852996677,19.597300918600364,264.6828290615015,0.3989018087855297,231.31782945736435,191.09354762962653,0.3042635658914728,HighJump/v_HighJump_g06_c02.avi,39,39,1,0.9999938011169434,0
0.6447642561130537,2.913345665094764,113.26765866742367,0.8455264857881137,286.69767441860466,275.7467269732356,0.2897286821705426,HighJump/v_HighJump_g06_c03.avi,39,39,1,0.9522913694381714,0
13.94297162825595,20.99277993125361,277.6970021444236,0.3256621447028424,260.52713178294573,197.17910158299145,0.1921834625322997,HighJump/v_HighJump_g06_c04.avi,39,39,1,1.0,0
6.655041883665413,18.005954521142996,314.0,0.7003391472868217,329.92248062015506,454.24307279753214,0.1795865633074935,HighJump/v_HighJump_g07_c01.avi,39,39,1,1.0,0
1.6752612637653947,4.387943606809969,123.39120967475765,0.6687661498708011,309.27131782945736,265.557998218173,0.1760335917312661,HighJump/v_HighJump_g07_c02.avi,39,39,1,0.9999992847442628,0
4.414393067670179,14.423342239531046,319.1269339933563,0.6040859173126615,301.6434108527132,280.0990355988482,0.2467700258397933,HighJump/v_HighJump_g07_c03.avi,39,39,1,1.0,0
2.7843614876681664,11.280469751882023,215.3720617907532,0.6308947028423773,323.5348837209302,449.4852533389416,0.1779715762273901,HighJump/v_HighJump_g07_c04.avi,39,39,1,1.0,0
2.578624721850673,13.486914790168466,337.06759336963853,0.8003875968992248,432.0,633.6475434358802,0.2900516795865633,HighJump/v_HighJump_g07_c05.avi,39,39,1,1.0,0
7.289325604488215,20.53395067285457,337.77997646396983,0.7239179586563308,418.7286821705426,661.1576381701011,0.1834625322997416,HighJump/v_HighJump_g07_c06.avi,39,39,1,1.0,0
3.2394821837905887,12.891120542813432,306.85117015419706,0.6660206718346253,335.8759689922481,522.3621810412777,0.189922480620155,HorseRace/v_HorseRace_g01_c01.avi,40,40,1,1.0,0
10.342565256742486,22.33425836593725,334.0538878684096,0.4237726098191214,266.29457364341084,164.22693710162,0.1040051679586563,HorseRace/v_HorseRace_g01_c02.avi,40,40,1,1.0,0
1.801406818090114,7.665150833429201,165.00743354467397,0.7357073643410853,301.4573643410853,249.6290273244996,0.1598837209302325,HorseRace/v_HorseRace_g01_c03.avi,40,40,1,1.0,0
5.280595969001989,13.473099689528585,224.4147945212169,0.491844315245478,231.62790697674416,103.69836025162148,0.1631136950904392,HorseRace/v_HorseRace_g01_c04.avi,40,40,1,1.0,0
2.729939393195452,7.709438150884221,126.25,0.5934270025839793,286.4496124031008,227.61551156391107,0.1592377260981912,HorseRace/v_HorseRace_g02_c01.avi,40,40,1,1.0,0
5.979094256410376,15.548440719795703,185.52038297718124,0.6099806201550387,338.29457364341084,295.7152517635731,0.16828165374677,HorseRace/v_HorseRace_g02_c02.avi,40,40,1,1.0,0
5.205770520131963,8.974271147045751,126.17844506887856,0.4320090439276486,268.4651162790698,195.98805716310332,0.1572997416020672,HorseRace/v_HorseRace_g02_c03.avi,40,40,1,1.0,0
3.1169090376952178,8.345425797101257,140.01322482180032,0.6473675710594315,282.9767441860465,217.2506309967118,0.147609819121447,HorseRace/v_HorseRace_g02_c04.avi,40,40,1,1.0,0
1.94476448654776,6.972490646830661,110.72488428533129,0.7915051679586563,323.2248062015504,489.1708098866054,0.3811369509043927,HorseRace/v_HorseRace_g03_c01.avi,40,40,1,1.0,0
1.976140160929841,6.952421105470876,107.95166742575124,0.7828649870801033,320.1860465116279,260.49534708284483,0.1230620155038759,HorseRace/v_HorseRace_g03_c02.avi,40,40,1,1.0,0
5.850857831207906,12.475964227170312,121.0,0.6022286821705426,317.95348837209303,573.0430380155262,0.2212532299741602,HorseRace/v_HorseRace_g03_c03.avi,40,40,1,1.0,0
3.96578519664807,11.159477009448896,120.03749414245534,0.6440568475452196,311.5658914728682,349.6018520555052,0.1175710594315245,HorseRace/v_HorseRace_g03_c04.avi,40,40,1,1.0,0
2.4538975243021754,7.389432485722905,93.59971287349124,0.749515503875969,391.8759689922481,413.7679949060309,0.1321059431524547,HorseRace/v_HorseRace_g03_c05.avi,40,40,1,1.0,0
0.6868461717575741,1.8308621132852367,32.0,0.8062015503875969,531.3488372093024,771.2223726526892,0.1757105943152454,HorseRace/v_HorseRace_g04_c01.avi,40,40,1,1.0,0
2.744261810288404,12.057148940168137,119.0,0.8627260981912145,331.1007751937984,295.53587762002667,0.1915374677002584,HorseRace/v_HorseRace_g04_c02.avi,40,40,1,1.0,0
3.634195179128676,18.343881883340547,160.01220656562424,0.8436692506459949,286.2015503875969,254.42293360639317,0.230297157622739,HorseRace/v_HorseRace_g04_c03.avi,40,40,1,1.0,0
5.6952693644137256,18.62773427078969,178.8391822979517,0.7792312661498708,309.2093023255814,382.4499090557123,0.2564599483204134,HorseRace/v_HorseRace_g04_c04.avi,40,40,1,1.0,0
1.4337219352535515,3.739956909238915,41.0,0.7330426356589147,956.5891472868216,1190.1554951004837,0.1521317829457364,HorseRace/v_HorseRace_g04_c05.avi,40,40,1,1.0,0
0.5671183523830008,3.390033961889244,108.00462953040486,0.9232073643410852,1098.108527131783,1315.0718507815402,0.1295219638242894,HorseRace/v_HorseRace_g04_c06.avi,40,40,1,1.0,0
3.5400097335292555,9.621164951158288,303.08084729985825,0.6320251937984496,256.06201550387595,146.35794244545795,0.1159560723514211,HorseRace/v_HorseRace_g05_c01.avi,40,40,1,1.0,0
2.534320473630541,4.591566846825667,103.40696301506972,0.4433947028423772,261.2093023255814,148.56719693960034,0.0981912144702842,HorseRace/v_HorseRace_g05_c02.avi,40,40,1,1.0,0
4.820977254953911,13.966406533495448,319.1269339933563,0.646640826873385,287.6279069767442,223.78696506460903,0.1453488372093023,HorseRace/v_HorseRace_g05_c03.avi,40,40,1,1.0,0
1.1704620641103454,3.085765818503813,63.52952069707436,0.755248708010336,231.56589147286823,144.09750386302363,0.2177002583979328,HorseRace/v_HorseRace_g05_c04.avi,40,40,1,1.0,0
1.5987141371496476,4.431142318236604,125.93649193144932,0.6761950904392765,218.91472868217053,189.0783862308304,0.3559431524547803,HorseRace/v_HorseRace_g06_c01.avi,40,40,1,1.0,0
1.671573567859228,5.940465021546837,153.0130713370593,0.738937338501292,384.3720930232558,357.704114653166,0.2487080103359173,HorseRace/v_HorseRace_g06_c02.avi,40,40,1,1.0,0
2.149039701036916,9.244896206809036,179.00279327429502,0.7141472868217055,329.86046511627904,334.0333907132812,0.3271963824289405,HorseRace/v_HorseRace_g06_c03.avi,40,40,1,1.0,0
1.4625536732474544,3.231026714824228,72.0,0.6438145994832042,351.5658914728682,297.4768271858792,0.1314599483204134,HorseRace/v_HorseRace_g06_c04.avi,40,40,1,1.0,0
3.34203419035215,10.272507562274976,191.875,0.5460271317829457,343.8139534883721,289.8621369029617,0.1317829457364341,HorseRace/v_HorseRace_g06_c05.avi,40,40,1,1.0,0
1.1841719267536222,4.367297789361696,142.0,0.7312661498708011,321.4263565891473,274.00618946197136,0.1579457364341085,HorseRace/v_HorseRace_g06_c06.avi,40,40,1,1.0,0
2.056401520436179,8.567626104497297,209.86081697163004,0.7360303617571059,388.5271317829457,525.6771502720372,0.3808139534883721,HorseRace/v_HorseRace_g07_c01.avi,40,40,1,1.0,0
0.6027213339376002,1.4611055347911588,25.019992006393608,0.8224321705426356,407.0077519379845,552.2102803627954,0.1566537467700258,HorseRace/v_HorseRace_g07_c02.avi,40,40,1,1.0,0
1.8768492058397133,5.4330943768043465,65.125,0.7141472868217055,359.50387596899225,295.45435051931594,0.1004521963824289,HorseRace/v_HorseRace_g07_c03.avi,40,40,1,1.0,0
3.5898628369558523,9.00241548292467,179.50069637747927,0.6207202842377261,434.6046511627907,872.1403273992329,0.2480620155038759,HorseRace/v_HorseRace_g07_c04.avi,40,40,1,1.0,0
0.9247445673681288,2.3750575439405286,27.213278009089606,0.7444282945736435,272.4341085271318,248.1666058577684,0.2671188630490956,HorseRace/v_HorseRace_g07_c05.avi,40,40,1,1.0,0
1.4948100765030856,5.026720590434023,110.47624178980746,0.7757590439276486,381.3953488372093,349.478158450826,0.2254521963824289,HorseRace/v_HorseRace_g07_c06.avi,40,40,1,1.0,0
3.1757120147912827,6.242437859830778,178.0,0.5192183462532299,231.0077519379845,138.4799258462687,0.21156330749354,HorseRiding/v_HorseRiding_g01_c01.avi,41,41,1,1.0,0
3.643689991009924,4.191105527891862,32.0,0.2689760981912145,225.86046511627907,159.24320749930712,0.2680878552971576,HorseRiding/v_HorseRiding_g01_c02.avi,41,41,1,1.0,0
5.176933027204602,12.177713776605444,322.89471968429586,0.532703488372093,244.27906976744185,154.98992098984047,0.1799095607235142,HorseRiding/v_HorseRiding_g01_c03.avi,41,41,1,1.0,0
6.145415174142903,9.972158267905195,295.9594566828369,0.2894864341085271,241.92248062015503,134.10360523297717,0.1572997416020672,HorseRiding/v_HorseRiding_g01_c04.avi,41,41,1,1.0,0
4.428949921229635,6.066646171976496,108.0185169311262,0.2556524547803617,265.05426356589146,195.41505460709348,0.1698966408268734,HorseRiding/v_HorseRiding_g01_c05.avi,41,41,1,1.0,0
3.969249345045518,7.544978479880226,190.09471323527123,0.299499354005168,248.3720930232558,163.97348385408893,0.1779715762273901,HorseRiding/v_HorseRiding_g01_c06.avi,41,41,1,1.0,0
9.284565089484945,12.58693505742102,137.23337786413333,0.2056686046511628,244.2170542635659,137.9543212368202,0.1531007751937984,HorseRiding/v_HorseRiding_g01_c07.avi,41,41,1,1.0,0
5.90302994204032,8.110945216255523,205.75972030501987,0.2032461240310077,261.51937984496124,199.67427354542815,0.1934754521963824,HorseRiding/v_HorseRiding_g02_c01.avi,41,41,1,1.0,0
4.933452717863393,7.171318118497349,79.73863555391452,0.3286498708010336,277.0232558139535,177.4278088861604,0.085594315245478,HorseRiding/v_HorseRiding_g02_c02.avi,41,41,1,1.0,0
6.177025172306434,8.362192224009428,180.9865326481504,0.1879037467700258,267.16279069767444,178.2865384101069,0.1266149870801033,HorseRiding/v_HorseRiding_g02_c03.avi,41,41,1,1.0,0
2.719460493858034,7.353809001767313,208.8888759604015,0.7044573643410853,362.91472868217056,557.2129431793844,0.3087855297157623,HorseRiding/v_HorseRiding_g02_c04.avi,41,41,1,1.0,0
3.2162226679299915,6.617985558317537,144.80676779764127,0.4767441860465116,663.5038759689922,1101.630645653225,0.1644056847545219,HorseRiding/v_HorseRiding_g02_c05.avi,41,41,1,1.0,0
3.6723933907978537,8.161280819670807,58.75851002195341,0.441375968992248,571.2248062015503,984.8066369866062,0.1876614987080103,HorseRiding/v_HorseRiding_g02_c06.avi,41,41,1,1.0,0
7.855864040017437,11.212755364495584,77.02596964660685,0.3067667958656331,361.30232558139534,379.1120307442864,0.0704134366925064,HorseRiding/v_HorseRiding_g02_c07.avi,41,41,1,1.0,0
3.866217793041626,10.092350805523886,264.39364591457183,0.5574127906976745,241.6124031007752,156.41052672188948,0.1937984496124031,HorseRiding/v_HorseRiding_g03_c01.avi,41,41,1,1.0,0
4.0580564612317565,7.248280941629927,112.04017136723776,0.4701227390180879,246.2015503875969,147.61102140764137,0.1595607235142118,HorseRiding/v_HorseRiding_g03_c02.avi,41,41,1,1.0,0
4.62217103288411,7.669304671306892,152.31674440126403,0.3934916020671835,240.43410852713177,150.8312802958264,0.1895994832041343,HorseRiding/v_HorseRiding_g03_c03.avi,41,41,1,1.0,0
3.9172196596900735,7.3154261036182,94.26027795418386,0.5118701550387597,276.71317829457365,188.05141939895177,0.1078811369509044,HorseRiding/v_HorseRiding_g03_c04.avi,41,41,1,1.0,0
4.041726902864595,7.404361270665205,83.21808697632986,0.5144541343669251,185.67441860465115,184.4932369000861,0.5045219638242894,HorseRiding/v_HorseRiding_g03_c05.avi,41,41,1,1.0,0
8.624381012403942,12.181406323734944,242.82413903893493,0.2596091731266149,238.32558139534885,128.12851849829903,0.1644056847545219,HorseRiding/v_HorseRiding_g03_c06.avi,41,41,1,1.0,0
7.10466819092483,9.625351308577134,72.0850192481073,0.3109657622739018,307.6589147286822,228.44430040935544,0.0823643410852713,HorseRiding/v_HorseRiding_g03_c07.avi,41,41,1,1.0,0
7.018751642128497,10.170039020072194,117.625,0.2491117571059431,246.8217054263566,122.5308345697006,0.1201550387596899,HorseRiding/v_HorseRiding_g04_c01.avi,41,41,1,1.0,0
3.753543642508785,6.650287657875159,147.25,0.3733042635658914,261.14728682170545,157.17600369028833,0.1127260981912144,HorseRiding/v_HorseRiding_g04_c02.avi,41,41,1,1.0,0
4.466689388846165,6.026343870215714,128.03515142334936,0.2676033591731266,268.3410852713178,178.24225723853718,0.1217700258397932,HorseRiding/v_HorseRiding_g04_c03.avi,41,41,1,0.999996542930603,0
4.162720045927301,6.127479687233448,95.0175148327928,0.3344638242894057,244.34108527131784,151.85144189313365,0.1744186046511628,HorseRiding/v_HorseRiding_g04_c04.avi,41,41,1,0.9983275532722472,0
12.276480883442984,15.110686888560195,98.08159868191385,0.1621447028423772,255.62790697674416,127.53349277480083,0.0897932816537467,HorseRiding/v_HorseRiding_g04_c05.avi,41,41,1,1.0,0
9.407969408753887,11.864584008321332,77.62540257544562,0.1824935400516796,251.34883720930236,130.6326081520284,0.1120801033591731,HorseRiding/v_HorseRiding_g04_c06.avi,41,41,1,1.0,0
8.80008606417079,13.140730257751487,128.01562404644207,0.3573158914728682,251.28682170542635,170.2444750915599,0.1770025839793281,HorseRiding/v_HorseRiding_g04_c07.avi,41,41,1,1.0,0
5.798575136746417,11.22017279521006,383.0469945058961,0.3465762273901809,251.2248062015504,137.81378517641974,0.1230620155038759,HorseRiding/v_HorseRiding_g05_c01.avi,41,41,1,1.0,0
5.646154213783534,8.631095022232403,71.75043553874778,0.2878714470284237,239.68992248062017,125.3995659432427,0.1547157622739018,HorseRiding/v_HorseRiding_g05_c02.avi,41,41,1,1.0,0
6.923444623989973,12.580894888437236,296.50094856509315,0.3758074935400516,260.3410852713178,163.62106420961132,0.1272609819121447,HorseRiding/v_HorseRiding_g05_c03.avi,41,41,1,1.0,0
4.038343626626697,8.463842818309026,253.26101284050807,0.4089147286821705,254.3875968992248,152.21161880890256,0.1324289405684754,HorseRiding/v_HorseRiding_g05_c04.avi,41,41,1,1.0,0
4.139077062997017,5.508666331478859,67.11929677819934,0.221172480620155,255.3798449612403,148.41671868247218,0.1220930232558139,HorseRiding/v_HorseRiding_g05_c05.avi,41,41,1,1.0,0
5.775542244013654,8.467682832147775,50.46347689170853,0.2843992248062015,263.7519379844961,139.31193213156118,0.0733204134366925,HorseRiding/v_HorseRiding_g05_c06.avi,41,41,1,1.0,0
9.070212301702332,15.958606423409083,324.375,0.2934431524547803,245.2093023255814,130.22352128114986,0.1375968992248062,HorseRiding/v_HorseRiding_g05_c07.avi,41,41,1,1.0,0
7.762067659726788,13.47194115341076,195.62783544270997,0.3791182170542636,234.85271317829455,137.30987423490745,0.1928294573643411,HorseRiding/v_HorseRiding_g06_c01.avi,41,41,1,1.0,0
6.770686224537064,13.141975843838445,322.5387573610341,0.4363695090439276,231.4418604651163,161.30994322293088,0.2467700258397933,HorseRiding/v_HorseRiding_g06_c02.avi,41,41,1,1.0,0
5.487084357771914,14.233469097973003,317.45550869373807,0.5668604651162791,198.32558139534885,133.22541152432132,0.3546511627906977,HorseRiding/v_HorseRiding_g06_c03.avi,41,41,1,1.0,0
4.969232688242872,13.836413447000592,297.2689491437005,0.5844638242894057,204.031007751938,143.57257506166405,0.3430232558139535,HorseRiding/v_HorseRiding_g06_c04.avi,41,41,1,1.0,0
7.226339902314354,11.468904758653728,180.44987184811188,0.385093669250646,245.02325581395348,96.79551411191726,0.0972222222222222,HorseRiding/v_HorseRiding_g06_c05.avi,41,41,1,1.0,0
10.06618217637853,16.065095095058634,306.32009401931174,0.3232396640826873,248.68217054263565,146.1341628712446,0.146640826873385,HorseRiding/v_HorseRiding_g06_c06.avi,41,41,1,1.0,0
3.241760730697828,7.188549647555296,230.5391777984818,0.4754521963824289,247.13178294573643,176.5031295084551,0.2063953488372093,HorseRiding/v_HorseRiding_g06_c07.avi,41,41,1,1.0,0
3.745822970098192,15.02457732853472,321.90837205639747,0.7013888888888888,249.92248062015503,221.8876596965894,0.2926356589147287,HorseRiding/v_HorseRiding_g07_c01.avi,41,41,1,1.0,0
6.999489934334812,11.975602273206505,319.22562553780045,0.3722545219638243,266.5426356589147,179.32305989500506,0.1311369509043927,HorseRiding/v_HorseRiding_g07_c02.avi,41,41,1,1.0,0
8.942659995597698,12.54133385849486,192.15098230297968,0.3334948320413436,239.8759689922481,163.247612741876,0.2131782945736434,HorseRiding/v_HorseRiding_g07_c03.avi,41,41,1,1.0,0
6.373210011678515,17.12180258364804,327.6779096918192,0.5796996124031008,255.2558139534884,156.3091886812735,0.1356589147286821,HorseRiding/v_HorseRiding_g07_c04.avi,41,41,1,1.0,0
7.75409599084833,13.045767683545863,183.09833423600557,0.4149709302325581,251.10077519379848,160.2596655025711,0.1598837209302325,HorseRiding/v_HorseRiding_g07_c05.avi,41,41,1,1.0,0
9.41117047085178,15.75208728605314,344.0886513676381,0.3086240310077519,284.8372093023256,225.35562905261625,0.1598837209302325,HorseRiding/v_HorseRiding_g07_c06.avi,41,41,1,1.0,0
2.573859731390623,4.023529641731652,138.0,0.3830749354005168,302.6356589147287,229.54839174953585,0.1033591731266149,HorseRiding/v_HorseRiding_g07_c07.avi,41,41,1,1.0,0
0.8423568250012895,1.798742251851366,20.2746763229404,0.8044250645994832,400.7441860465116,756.3649941176966,0.2990956072351421,HulaHoop/v_HulaHoop_g01_c01.avi,42,42,1,1.0,0
1.584384817699104,2.447011182887501,59.38486760109851,0.5890665374677002,382.26356589147287,737.3825647600373,0.1950904392764857,HulaHoop/v_HulaHoop_g01_c02.avi,42,42,1,0.9999358654022216,0
3.2606287423639277,3.895406931201713,24.41471124138068,0.4287790697674418,579.7829457364342,1045.3499021876482,0.187015503875969,HulaHoop/v_HulaHoop_g01_c03.avi,42,42,1,1.0,0
3.751002244872348,7.430939235795262,241.0995644956664,0.4033430232558139,378.91472868217056,700.6530290717417,0.2487080103359173,HulaHoop/v_HulaHoop_g01_c04.avi,42,42,1,1.0,0
1.694462194694315,3.8491995250597326,191.5880998392124,0.6416343669250646,406.26356589147287,785.662822124036,0.1992894056847545,HulaHoop/v_HulaHoop_g01_c05.avi,42,42,1,1.0,0
1.2418796477583904,2.022420972944996,35.75087411518773,0.5799418604651163,330.5426356589147,458.707030309182,0.1996124031007752,HulaHoop/v_HulaHoop_g01_c06.avi,42,42,1,1.0,0
1.012049968096342,2.032521058526888,74.95331880577403,0.6759528423772609,442.7906976744186,834.8696196256825,0.2157622739018088,HulaHoop/v_HulaHoop_g01_c07.avi,42,42,1,1.0,0
0.8277354297855631,4.031323827095857,81.74589056949591,0.9052002583979328,733.7674418604652,641.7240165044255,0.1589147286821705,HulaHoop/v_HulaHoop_g02_c01.avi,42,42,1,1.0,0
0.9701333348063722,5.373977767642218,154.74172029546526,0.8983365633074936,704.2480620155038,600.6243267435054,0.1873385012919896,HulaHoop/v_HulaHoop_g02_c02.avi,42,42,1,1.0,0
0.969559964901386,6.881434977064429,197.4645537811787,0.9009205426356588,836.031007751938,864.3970514783186,0.1547157622739018,HulaHoop/v_HulaHoop_g02_c03.avi,42,42,1,1.0,0
1.037129126251731,5.947141832669425,116.0010775812018,0.8795219638242894,806.8837209302326,798.8085665627663,0.1669896640826873,HulaHoop/v_HulaHoop_g02_c04.avi,42,42,1,1.0,0
0.8682689866895548,1.012722298277988,12.85496013218244,0.681282299741602,221.27131782945736,145.53018557593887,0.2661498708010336,HulaHoop/v_HulaHoop_g03_c01.avi,42,42,1,1.0,0
0.6389663152804684,0.8503788244057024,16.625,0.7513727390180879,256.06201550387595,205.85656750911645,0.2296511627906976,HulaHoop/v_HulaHoop_g03_c02.avi,42,42,1,0.9999922513961792,0
1.0966746359307438,1.3888824004220215,19.03943276465977,0.6296834625322998,237.95348837209303,302.8649214210291,0.2438630490956072,HulaHoop/v_HulaHoop_g03_c03.avi,42,42,1,1.0,0
0.7882819411107795,0.93849702896327,16.0,0.7109173126614987,224.9922480620155,130.90883839876972,0.2273901808785529,HulaHoop/v_HulaHoop_g03_c04.avi,42,42,1,1.0,0
0.6832660451129455,0.9630239168818918,16.52460286966074,0.6886304909560723,242.29457364341084,178.80969066141418,0.2315891472868217,HulaHoop/v_HulaHoop_g03_c05.avi,42,42,1,1.0,0
0.7645493682819844,1.0229711612082488,14.0356688476182,0.7116440568475452,336.1860465116279,567.4927007342874,0.125,HulaHoop/v_HulaHoop_g04_c01.avi,42,42,1,1.0,0
0.7634166375384172,1.1391042801375115,16.56804152578089,0.7435400516795866,356.3410852713178,584.1329424998652,0.1647286821705426,HulaHoop/v_HulaHoop_g04_c02.avi,42,42,1,1.0,0
0.9533467203383672,1.431262392374836,20.759410516678937,0.7029231266149871,359.4418604651163,637.7014429501666,0.1795865633074935,HulaHoop/v_HulaHoop_g04_c03.avi,42,42,1,1.0,0
0.6493921867413551,1.1647192740445806,18.50380028534679,0.7765665374677002,375.3178294573643,697.5120569044464,0.2351421188630491,HulaHoop/v_HulaHoop_g04_c04.avi,42,42,1,1.0,0
0.5204840119360983,0.8785445686919227,16.405029716522918,0.8377745478036176,401.6744186046512,777.344427595023,0.1405038759689922,HulaHoop/v_HulaHoop_g04_c05.avi,42,42,1,1.0,0
0.4098457303947546,0.9720013588478802,24.0,0.8493217054263565,988.8992248062016,1300.9930842814792,0.1130490956072351,HulaHoop/v_HulaHoop_g05_c01.avi,42,42,1,0.9999767541885376,0
1.3207014784864584,4.3683426896985695,123.0,0.7114018087855297,867.4108527131783,1261.5681739631184,0.1773255813953488,HulaHoop/v_HulaHoop_g05_c02.avi,42,42,1,0.9999985694885254,0
1.4749591146356529,5.411239388499583,82.0,0.7166505167958657,820.4031007751938,1116.3566260740934,0.1844315245478036,HulaHoop/v_HulaHoop_g05_c03.avi,42,44,0,0.7843929529190063,1
0.7360879904237017,3.2272615443641848,66.97947446792935,0.8552971576227391,1185.922480620155,1301.9468404608904,0.0907622739018087,HulaHoop/v_HulaHoop_g05_c04.avi,42,42,1,1.0,0
0.7398043829038865,3.0565618048599905,139.0,0.8061208010335917,423.50387596899225,441.3945504985116,0.1805555555555555,HulaHoop/v_HulaHoop_g06_c01.avi,42,42,1,0.9999637603759766,0
0.4969164071674893,1.1051731630976047,22.5,0.8576388888888888,572.2170542635658,769.4492640465064,0.1217700258397932,HulaHoop/v_HulaHoop_g06_c02.avi,42,42,1,0.98625910282135,0
0.6639170043467553,1.1462576088437209,15.033296378372908,0.7906169250645995,672.3100775193799,845.171766391096,0.104328165374677,HulaHoop/v_HulaHoop_g06_c03.avi,42,42,1,0.9762656092643738,0
0.2970615606022237,0.8541029105705004,22.860992979308666,0.919250645994832,919.3178294573644,1117.3479258299667,0.1124031007751938,HulaHoop/v_HulaHoop_g06_c04.avi,42,42,1,0.999821960926056,0
0.8061473926696766,4.438332403238209,106.50821564555478,0.8720122739018088,693.4573643410853,547.0556992708158,0.1776485788113695,HulaHoop/v_HulaHoop_g07_c01.avi,42,42,1,1.0,0
0.4463141717709755,2.633871945202164,79.94187341437527,0.9212693798449612,747.4108527131783,685.4126761494892,0.1576227390180878,HulaHoop/v_HulaHoop_g07_c02.avi,42,42,1,1.0,0
0.5100423763396169,2.821224607214172,92.69843580125828,0.90859173126615,818.1085271317829,668.925799065913,0.1459948320413436,HulaHoop/v_HulaHoop_g07_c03.avi,42,42,1,1.0,0
0.4049508773224203,2.6025535836905163,87.81238878996517,0.9378229974160208,886.8217054263566,731.2411711477873,0.1162790697674418,HulaHoop/v_HulaHoop_g07_c04.avi,42,42,1,1.0,0
0.4280341050661677,2.5866939555934008,104.5541127837638,0.9104489664082688,750.8217054263566,532.9833897903765,0.1463178294573643,HulaHoop/v_HulaHoop_g07_c05.avi,42,42,1,1.0,0
3.898488086755022,8.873019217392283,137.23337786413333,0.4488049095607235,246.9457364341085,215.4684929962385,0.2900516795865633,IceDancing/v_IceDancing_g01_c01.avi,43,43,1,1.0,0
5.661013840120496,13.125393856101534,146.75,0.5138888888888888,207.62790697674416,171.96173496149686,0.3746770025839793,IceDancing/v_IceDancing_g01_c02.avi,43,43,1,1.0,0
6.318543316796577,19.89190890761312,253.08904065565545,0.592296511627907,245.89147286821705,213.67341740874784,0.2903746770025839,IceDancing/v_IceDancing_g01_c03.avi,43,43,1,1.0,0
8.166599004646253,18.11914235533208,200.7514009913754,0.5821220930232558,214.9457364341085,167.647854913255,0.332687338501292,IceDancing/v_IceDancing_g01_c04.avi,43,43,1,1.0,0
2.7286570703234854,11.13987432743125,240.5,0.5654877260981912,267.2248062015504,344.5195562750687,0.2671188630490956,IceDancing/v_IceDancing_g01_c05.avi,43,43,1,1.0,0
4.349486085728026,9.821155912683947,209.0,0.4240148578811369,212.5891472868217,164.82876303160407,0.3385012919896641,IceDancing/v_IceDancing_g01_c06.avi,43,43,1,1.0,0
5.863150175614349,15.450136122376405,195.0,0.4868378552971576,264.4341085271318,226.22222198610223,0.2428940568475452,IceDancing/v_IceDancing_g01_c07.avi,43,43,1,1.0,0
5.371668065682729,12.52230436584722,190.1934048541116,0.4795704134366925,404.2170542635659,710.0711282336528,0.2525839793281654,IceDancing/v_IceDancing_g02_c01.avi,43,43,1,1.0,0
10.324269299697296,18.253762991189067,254.159398803192,0.4532461240310077,386.1705426356589,696.2955814930052,0.1954134366925064,IceDancing/v_IceDancing_g02_c02.avi,43,43,1,1.0,0
9.981243020028865,18.33562910233129,272.0606550017845,0.4337855297157623,366.4496124031008,649.5516517077638,0.2412790697674418,IceDancing/v_IceDancing_g02_c03.avi,43,43,1,1.0,0
16.72514947343553,35.37619469277506,319.0015673942685,0.4178779069767442,256.4341085271318,222.9072127663774,0.2677648578811369,IceDancing/v_IceDancing_g02_c04.avi,43,43,1,1.0,0
10.376762237589658,17.99894640261786,176.06328762692124,0.4837693798449612,359.7519379844961,648.5287826119123,0.2541989664082687,IceDancing/v_IceDancing_g02_c05.avi,43,43,1,0.9999972581863404,0
8.513748626260323,14.486748398968729,184.69434208984316,0.3456072351421189,258.29457364341084,348.20034336261284,0.3175064599483204,IceDancing/v_IceDancing_g02_c06.avi,43,43,1,1.0,0
5.828809861224181,20.42669781625584,227.05505940189929,0.6109496124031008,248.9922480620155,220.10908134796583,0.292312661498708,IceDancing/v_IceDancing_g02_c07.avi,43,43,1,1.0,0
6.359372384780934,16.513768514721676,220.2535470769994,0.5599967700258398,263.37984496124034,360.1992384455027,0.3427002583979328,IceDancing/v_IceDancing_g03_c01.avi,43,43,1,1.0,0
9.913790271174292,21.386116694373747,274.0,0.5139696382428941,228.7751937984496,217.0551760778161,0.3730620155038759,IceDancing/v_IceDancing_g03_c02.avi,43,43,1,1.0,0
11.02303129636126,26.335911558870755,258.0,0.4857881136950904,204.8372093023256,178.8075398015599,0.4008397932816537,IceDancing/v_IceDancing_g03_c03.avi,43,43,1,1.0,0
3.220748039748861,7.447080306681917,83.0,0.4482396640826873,264.93023255813955,236.7985499787508,0.2674418604651162,IceDancing/v_IceDancing_g03_c04.avi,43,43,1,1.0,0
10.13240392591094,18.58171876368784,182.5,0.3903423772609819,235.65891472868216,213.08281667373575,0.3333333333333333,IceDancing/v_IceDancing_g03_c05.avi,43,43,1,1.0,0
5.100459539164119,11.25428792858806,209.0598000573042,0.4053617571059431,218.4806201550388,172.0754792370318,0.3246124031007752,IceDancing/v_IceDancing_g03_c06.avi,43,43,1,1.0,0
0.2496579345811354,0.4948936090444419,16.0,0.9677002583979328,243.2248062015504,202.74707351466483,0.2771317829457364,IceDancing/v_IceDancing_g04_c01.avi,43,43,1,1.0,0
7.867560728014942,12.648540230789688,141.0434330268517,0.3086240310077519,237.08527131782947,132.52257558197346,0.1760335917312661,IceDancing/v_IceDancing_g04_c02.avi,43,43,1,1.0,0
9.374359365994597,14.669166056631768,184.0,0.3380975452196382,238.2635658914729,145.56585762160674,0.1905684754521963,IceDancing/v_IceDancing_g04_c03.avi,43,43,1,1.0,0
8.400759407796713,15.302217288912802,140.375222617811,0.3539244186046512,216.5581395348837,149.03243010984434,0.29328165374677,IceDancing/v_IceDancing_g04_c04.avi,43,43,1,1.0,0
1.8543074208249135,3.3669645257931697,109.16501271011695,0.5707364341085271,286.8217054263566,498.4153252339853,0.232235142118863,IceDancing/v_IceDancing_g04_c05.avi,43,82,0,0.9879974126815796,1
8.361094875424923,16.75065683990583,255.53962510734024,0.4310400516795866,234.1705426356589,167.3468349365217,0.2454780361757106,IceDancing/v_IceDancing_g04_c06.avi,43,43,1,1.0,0
6.902085582306336,8.833771685345303,131.42345681041874,0.3470607235142119,247.1937984496124,179.1510591010967,0.2112403100775193,IceDancing/v_IceDancing_g04_c07.avi,43,43,1,1.0,0
8.795884149151192,20.30704460278909,328.0000238185967,0.5107396640826873,227.28682170542635,191.93051043042763,0.3239664082687338,IceDancing/v_IceDancing_g05_c01.avi,43,43,1,1.0,0
1.884653505618099,4.25373529858083,135.00370365289984,0.5556363049095607,216.5581395348837,142.4975401379823,0.2829457364341085,IceDancing/v_IceDancing_g05_c02.avi,43,43,1,1.0,0
4.396303750817446,9.396497271358545,216.12163820404476,0.3660368217054263,256.1860465116279,209.24129342715224,0.2367571059431524,IceDancing/v_IceDancing_g05_c03.avi,43,43,1,1.0,0
11.131797192010556,23.75282579767345,238.5,0.4280523255813953,239.56589147286823,163.3989669566483,0.2147932816537467,IceDancing/v_IceDancing_g05_c04.avi,43,43,1,1.0,0
2.0718322733295484,4.571940018919793,70.0,0.5253552971576227,287.8139534883721,354.96421410287576,0.2257751937984496,IceDancing/v_IceDancing_g05_c05.avi,43,43,1,1.0,0
3.208089315800473,9.734812595397456,275.6726432745912,0.48078165374677,240.49612403100772,206.7457759579376,0.2978036175710594,IceDancing/v_IceDancing_g05_c06.avi,43,43,1,1.0,0
2.2681257342045886,3.745550174442368,43.75017857106414,0.4851421188630491,523.0387596899225,891.6111747111403,0.2797157622739018,IceDancing/v_IceDancing_g06_c01.avi,43,43,1,1.0,0
3.6554479149991033,16.16426418747527,221.5000352708776,0.6765180878552972,459.4728682170543,812.9331911632554,0.3162144702842377,IceDancing/v_IceDancing_g06_c02.avi,43,43,1,1.0,0
4.514744764959307,13.915596117798914,176.65945346909686,0.6423611111111112,242.35658914728683,213.950432513847,0.3062015503875969,IceDancing/v_IceDancing_g06_c03.avi,43,43,1,1.0,0
4.098469674190613,13.209571231691095,193.7525806279751,0.6068313953488372,255.75193798449607,213.3827957802688,0.2480620155038759,IceDancing/v_IceDancing_g06_c04.avi,43,43,1,1.0,0
6.488622677056205,14.887038721348697,201.0006218895852,0.5053294573643411,284.71317829457365,446.02567440611904,0.3026485788113695,IceDancing/v_IceDancing_g06_c05.avi,43,43,1,1.0,0
1.0482407041401778,3.775829016298875,106.88779163215976,0.8108042635658915,545.922480620155,733.5018440542982,0.1824935400516796,IceDancing/v_IceDancing_g06_c06.avi,43,43,1,1.0,0
0.5121673054695857,0.9854105144915124,16.65270248338089,0.8517441860465116,203.28682170542635,169.63139216011143,0.3908268733850129,IceDancing/v_IceDancing_g07_c01.avi,43,43,1,1.0,0
1.2953227282683062,2.5897921258752112,63.6258595226815,0.6816860465116279,280.86821705426354,357.72197813526515,0.2632428940568475,IceDancing/v_IceDancing_g07_c02.avi,43,43,1,1.0,0
2.18612674677743,3.096703748854214,36.76955262170047,0.4795704134366925,224.06201550387595,132.26985288997128,0.2335271317829457,IceDancing/v_IceDancing_g07_c03.avi,43,43,1,1.0,0
9.076712143283306,20.54184485764456,236.019067026374,0.4619670542635659,195.84496124031008,148.2611591477019,0.3895348837209302,IceDancing/v_IceDancing_g07_c04.avi,43,43,1,1.0,0
8.116077752413268,15.67749972664826,128.7767569284147,0.4169896640826873,204.2170542635659,153.1480998391619,0.3575581395348837,IceDancing/v_IceDancing_g07_c05.avi,43,43,1,1.0,0
9.629333783240863,17.668742157921155,143.73108571217293,0.4029392764857881,232.5581395348837,170.86283119774984,0.2590439276485788,IceDancing/v_IceDancing_g07_c06.avi,43,43,1,1.0,0
3.047151882262612,5.77524798917713,136.1800279042415,0.4143249354005168,224.93023255813952,166.91752528953668,0.2858527131782946,IceDancing/v_IceDancing_g07_c07.avi,43,43,1,1.0,0
14.795734586130031,22.190866430103945,178.0028089666003,0.2999031007751938,246.07751937984497,171.55420922823214,0.2015503875968992,JavelinThrow/v_JavelinThrow_g01_c01.avi,44,44,1,0.9999998807907104,0
9.683212092871182,21.18919659794307,304.2963193993644,0.6372739018087855,240.1860465116279,182.39533549395208,0.2477390180878552,JavelinThrow/v_JavelinThrow_g01_c02.avi,44,44,1,1.0,0
10.194536280584549,16.582591535623447,243.47689828811275,0.196624677002584,257.73643410852713,181.66762048166552,0.1718346253229974,JavelinThrow/v_JavelinThrow_g01_c03.avi,44,44,1,0.9999955892562866,0
11.026413846382834,15.323980127203994,192.06509313251067,0.1654554263565891,263.8759689922481,157.66823217761572,0.1023901808785529,JavelinThrow/v_JavelinThrow_g01_c04.avi,44,44,1,1.0,0
1.5782832302660903,5.190323714539523,73.83300413771609,0.7233527131782945,551.3798449612403,536.4557704995832,0.1424418604651162,JavelinThrow/v_JavelinThrow_g02_c01.avi,44,44,1,0.9855152368545532,0
0.6458214447277305,1.1306958895820622,6.932712311931024,0.7594476744186046,582.1395348837209,532.6513577398533,0.0959302325581395,JavelinThrow/v_JavelinThrow_g02_c02.avi,44,30,0,0.9803167581558228,1
3.828656678193965,10.024020828985066,71.11258679024411,0.584625322997416,432.1240310077519,370.27940440900494,0.1782945736434108,JavelinThrow/v_JavelinThrow_g02_c03.avi,44,44,1,1.0,0
1.290140098405496,1.924419311179216,42.375,0.564922480620155,388.9612403100775,436.0842746783212,0.2428940568475452,JavelinThrow/v_JavelinThrow_g02_c04.avi,44,44,1,1.0,0
5.2978084492699775,15.858751417392396,248.81610302590948,0.5844638242894057,411.1007751937984,349.1580980605484,0.145671834625323,JavelinThrow/v_JavelinThrow_g03_c01.avi,44,44,1,1.0,0
1.919129807764432,7.837706241085517,220.10906387516167,0.5985142118863049,294.015503875969,265.1757347538901,0.2309431524547803,JavelinThrow/v_JavelinThrow_g03_c02.avi,44,44,1,0.954218327999115,0
9.08105965739156,19.48313745722463,291.62475889402805,0.395187338501292,257.2403100775194,188.36467908975405,0.1873385012919896,JavelinThrow/v_JavelinThrow_g03_c03.avi,44,44,1,0.9998140931129456,0
8.635282966462336,17.094731627617865,319.8065821711617,0.4521156330749354,241.24031007751935,153.53270364412904,0.1905684754521963,JavelinThrow/v_JavelinThrow_g03_c04.avi,44,44,1,1.0,0
0.9778574311773358,1.3108680130548749,10.165044269455986,0.5825258397932817,300.15503875968994,316.71351223337484,0.3708010335917313,JavelinThrow/v_JavelinThrow_g04_c01.avi,44,44,1,0.9999995231628418,0
0.697277539309015,1.2236785540150248,16.25,0.7450742894056848,236.71317829457365,240.05603976870344,0.3950258397932816,JavelinThrow/v_JavelinThrow_g04_c02.avi,44,44,1,0.9999991655349731,0
0.9094782948434428,1.89401531908576,34.55792239125495,0.747093023255814,251.72093023255812,263.4149900893756,0.3943798449612403,JavelinThrow/v_JavelinThrow_g04_c03.avi,44,44,1,1.0,0
1.814589030495735,2.95519322645774,71.84792968485591,0.5164728682170543,287.50387596899225,285.5637732444857,0.3165374677002584,JavelinThrow/v_JavelinThrow_g04_c04.avi,44,44,1,0.9999998807907104,0
2.389864408560717,5.5087402870045485,40.01249804748511,0.5165536175710594,270.2015503875969,217.52944663340423,0.1986434108527131,JavelinThrow/v_JavelinThrow_g05_c01.avi,44,44,1,1.0,0
4.568838098461898,10.123669006798362,254.6369965264278,0.3732235142118863,262.015503875969,140.58846339120288,0.0823643410852713,JavelinThrow/v_JavelinThrow_g05_c02.avi,44,44,1,1.0,0
1.0345974116958117,1.1465599271568017,11.0,0.6072351421188631,276.6511627906977,218.54304921253623,0.1753875968992248,JavelinThrow/v_JavelinThrow_g05_c03.avi,44,44,1,1.0,0
0.7821631790050034,0.9578516509090002,9.762812094883316,0.758155684754522,271.4418604651163,196.14058820326997,0.145671834625323,JavelinThrow/v_JavelinThrow_g05_c04.avi,44,44,1,1.0,0
4.706592588936323,7.903046786396447,175.60182231400674,0.3560239018087855,260.8372093023256,197.02070841843096,0.1905684754521963,JavelinThrow/v_JavelinThrow_g05_c05.avi,44,44,1,1.0,0
8.723579424622715,15.603090592092476,131.7459676802292,0.2760820413436692,380.5271317829457,542.198425841312,0.1679586563307493,JavelinThrow/v_JavelinThrow_g05_c06.avi,44,44,1,1.0,0
1.570995108946936,4.386941113945148,208.25015005996997,0.5650032299741602,309.7054263565892,292.22260823086964,0.2551679586563307,JavelinThrow/v_JavelinThrow_g06_c01.avi,44,44,1,1.0,0
1.2209065104553256,4.293801849546659,139.05754204644924,0.7154392764857881,301.0232558139535,294.0907539386276,0.2926356589147287,JavelinThrow/v_JavelinThrow_g06_c02.avi,44,44,1,1.0,0
2.9041958137617225,5.293687595175898,106.1178590059185,0.4667312661498708,277.08527131782944,267.79038519562454,0.3036175710594315,JavelinThrow/v_JavelinThrow_g06_c03.avi,44,44,1,1.0,0
6.693189297033437,12.714030336023928,321.4498405661449,0.3900193798449612,244.031007751938,189.03032601886497,0.2445090439276485,JavelinThrow/v_JavelinThrow_g06_c04.avi,44,44,1,1.0,0
1.8408742932517297,3.459937317600704,145.7997342247235,0.5485303617571059,223.75193798449607,173.65581351055212,0.3036175710594315,JavelinThrow/v_JavelinThrow_g07_c01.avi,44,50,0,1.0,1
5.161908838706014,7.455131354877171,52.172789842982326,0.2739825581395348,271.1937984496124,421.9906696040311,0.2425710594315245,JavelinThrow/v_JavelinThrow_g07_c02.avi,44,50,0,0.9998456239700316,1
2.72101434778106,5.48256623029373,39.45883931389772,0.4443636950904392,221.3953488372093,179.21562166321922,0.3249354005167958,JavelinThrow/v_JavelinThrow_g07_c03.avi,44,50,0,0.9999940395355223,1
1.8005582259889317,2.967934051974773,20.59732992404598,0.5742086563307494,239.93798449612405,163.21725436690056,0.2128552971576227,JavelinThrow/v_JavelinThrow_g07_c04.avi,44,50,0,0.9902721047401428,1
1.5798863520545363,2.5522551010081598,25.70992026436488,0.532703488372093,228.093023255814,184.68525255001973,0.3055555555555556,JavelinThrow/v_JavelinThrow_g07_c05.avi,44,50,0,0.999873161315918,1
0.18796572710542,0.926880126549902,24.234853517197088,0.9463824289405685,405.7674418604651,369.73836363652975,0.2393410852713178,JugglingBalls/v_JugglingBalls_g01_c01.avi,45,83,0,0.852218747138977,1
0.0492122978589186,0.2453374040171178,8.2177399569468,0.9907138242894056,318.26356589147287,385.33741419836576,0.2364341085271318,JugglingBalls/v_JugglingBalls_g01_c02.avi,45,32,0,0.8594366312026978,1
0.0662560008176379,0.3708720232770069,10.527493766324442,0.9845768733850128,375.68992248062017,346.2166234650784,0.229328165374677,JugglingBalls/v_JugglingBalls_g01_c03.avi,45,83,0,0.8279359936714172,1
0.0830521737445616,0.420613389875435,8.980012527830905,0.9833656330749354,328.0,385.23251812802073,0.2025193798449612,JugglingBalls/v_JugglingBalls_g01_c04.avi,45,83,0,0.986099660396576,1
0.7717645143096059,4.592559962088975,195.5006393851437,0.8431040051679587,443.6589147286822,445.3398405524912,0.1543927648578811,JugglingBalls/v_JugglingBalls_g02_c01.avi,45,45,1,1.0,0
0.7240346342434864,3.2687181736532747,158.54144765644094,0.843265503875969,471.2558139534884,627.7675504117101,0.1695736434108527,JugglingBalls/v_JugglingBalls_g02_c02.avi,45,45,1,1.0,0
0.3992410962438493,1.1408761109525571,34.1558926102071,0.8987403100775194,438.07751937984494,376.1006300356679,0.1886304909560723,JugglingBalls/v_JugglingBalls_g02_c03.avi,45,45,1,1.0,0
0.5638957237730186,2.162176628837237,80.90706474097303,0.8758074935400517,444.8372093023256,374.2030868971751,0.166343669250646,JugglingBalls/v_JugglingBalls_g02_c04.avi,45,45,1,1.0,0
0.5264938674923609,4.394866569364257,225.75,0.8969638242894057,436.9612403100775,366.3504570932253,0.1518087855297157,JugglingBalls/v_JugglingBalls_g02_c05.avi,45,45,1,1.0,0
0.4582445049142747,1.5069194552295104,28.442925306655784,0.9014857881136952,469.953488372093,389.258923423183,0.1789405684754522,JugglingBalls/v_JugglingBalls_g02_c06.avi,45,45,1,1.0,0
0.2030767620491402,0.949024124937664,42.05948168962618,0.9531653746770026,243.10077519379848,208.01505032614773,0.2894056847545219,JugglingBalls/v_JugglingBalls_g03_c01.avi,45,45,1,1.0,0
0.2582458603279895,0.9434835255552998,35.510561809129406,0.9262758397932817,231.06976744186048,186.136908271509,0.295219638242894,JugglingBalls/v_JugglingBalls_g03_c02.avi,45,45,1,1.0,0
0.2379344421015406,0.9541665968664916,20.53807439854087,0.9430717054263564,250.29457364341084,216.2999784286376,0.2777777777777778,JugglingBalls/v_JugglingBalls_g03_c03.avi,45,45,1,1.0,0
0.2118728162314491,1.0961745182914926,31.059670394258852,0.9509851421188632,244.46511627906975,195.04028788792607,0.2551679586563307,JugglingBalls/v_JugglingBalls_g03_c04.avi,45,45,1,1.0,0
0.2049405465353205,0.6601062855865084,20.12461179749811,0.9478359173126616,290.2325581395349,294.2086616916405,0.3333333333333333,JugglingBalls/v_JugglingBalls_g03_c05.avi,45,45,1,1.0,0
0.3207320543137341,1.843343970567779,54.258207904426776,0.93984173126615,290.04651162790697,365.07877158851,0.2567829457364341,JugglingBalls/v_JugglingBalls_g03_c06.avi,45,45,1,1.0,0
0.2984399508480358,1.1874910248748682,34.192698416474826,0.9177971576227392,282.04651162790697,273.95246179773704,0.3023255813953488,JugglingBalls/v_JugglingBalls_g03_c07.avi,45,45,1,1.0,0
0.157129502407615,0.5773180910403857,14.000558024593165,0.9590600775193798,645.953488372093,811.7538277744281,0.1291989664082687,JugglingBalls/v_JugglingBalls_g04_c01.avi,45,45,1,0.999571979045868,0
0.129338448387231,0.4475326297128205,10.875,0.967781007751938,669.2713178294574,919.9201831903129,0.1576227390180878,JugglingBalls/v_JugglingBalls_g04_c02.avi,45,45,1,0.9999998807907104,0
0.4235103108798332,1.8403666419277944,27.69137952504353,0.9175549095607236,705.7364341085271,851.4162348414701,0.1795865633074935,JugglingBalls/v_JugglingBalls_g04_c03.avi,45,45,1,0.9993245601654052,0
0.1494540575275138,0.5612971343777337,15.524174696260024,0.9577680878552972,997.1472868217054,1094.98410381563,0.1127260981912144,JugglingBalls/v_JugglingBalls_g04_c04.avi,45,45,1,0.9999974966049194,0
0.2116864067630911,0.8343144433615419,20.26234191795213,0.9530846253229974,724.6511627906976,1041.7141259352618,0.1650516795865633,JugglingBalls/v_JugglingBalls_g04_c05.avi,45,45,1,0.9999597072601318,0
0.5338785925776331,1.603541243646886,56.71860364994893,0.8683785529715762,296.06201550387595,506.1903884235376,0.2396640826873385,JugglingBalls/v_JugglingBalls_g05_c01.avi,45,45,1,1.0,0
0.535825755311145,2.085700903663201,50.80354318352215,0.8892926356589147,211.03875968992247,151.01169948519677,0.3220284237726098,JugglingBalls/v_JugglingBalls_g05_c02.avi,45,45,1,1.0,0
0.509071679361979,1.760202636568643,63.12685640834652,0.8629683462532299,434.9767441860465,763.0831430323285,0.2719638242894057,JugglingBalls/v_JugglingBalls_g05_c03.avi,45,45,1,1.0,0
0.5176990378334022,1.9202114960156087,56.32051136131489,0.8550549095607235,238.4496124031008,209.8133892624664,0.3136304909560723,JugglingBalls/v_JugglingBalls_g05_c04.avi,45,45,1,1.0,0
0.3991725854223637,1.2164863612956844,23.021728866442675,0.8913921188630491,248.12403100775197,329.5647824883891,0.2916666666666667,JugglingBalls/v_JugglingBalls_g05_c05.avi,45,45,1,1.0,0
0.3345527870358115,0.8959688704206181,27.16874353001993,0.905281007751938,522.3565891472869,919.108379860314,0.2199612403100775,JugglingBalls/v_JugglingBalls_g06_c01.avi,45,45,1,0.9089064002037048,0
0.4565554185562918,1.2808379148541686,28.85524215805509,0.8632913436692506,466.2945736434109,761.9208325586286,0.1979974160206718,JugglingBalls/v_JugglingBalls_g06_c02.avi,45,45,1,0.9997194409370422,0
0.2923628522567331,0.7845840873813252,18.0,0.9175549095607236,477.4573643410853,843.4710033270369,0.2264211886304909,JugglingBalls/v_JugglingBalls_g06_c03.avi,45,45,1,0.9987263083457948,0
0.3259115841313483,0.9113042343244102,16.278820596099706,0.9111757105943152,361.3643410852713,540.4275071750027,0.213501291989664,JugglingBalls/v_JugglingBalls_g06_c04.avi,45,45,1,0.9985230565071106,0
0.485355804914807,1.7573154776442923,56.36169466046953,0.8642603359173127,432.49612403100775,794.0827688493351,0.208656330749354,JugglingBalls/v_JugglingBalls_g06_c05.avi,45,45,1,0.9999855756759644,0
0.3520855652925438,0.9556437089029208,30.105024497581795,0.8852551679586563,451.2248062015504,760.013721217529,0.2118863049095607,JugglingBalls/v_JugglingBalls_g06_c06.avi,45,45,1,0.9939894676208496,0
3.075090088884252,8.787282751508108,323.54675087226576,0.6571382428940569,443.0387596899225,451.30914485984056,0.1847545219638243,JugglingBalls/v_JugglingBalls_g07_c01.avi,45,45,1,1.0,0
1.719682008067497,6.582946767115329,97.62171889492625,0.7893249354005168,538.046511627907,421.3611362465624,0.2196382428940568,JugglingBalls/v_JugglingBalls_g07_c02.avi,45,45,1,1.0,0
2.7872688826169654,11.25815389706947,128.0,0.7119670542635659,520.1860465116279,411.4581702333929,0.1963824289405684,JugglingBalls/v_JugglingBalls_g07_c03.avi,45,45,1,1.0,0
1.1298836857726555,5.610563907057054,180.5103875127412,0.8137919896640827,451.1627906976744,399.05614981915903,0.2574289405684754,JugglingBalls/v_JugglingBalls_g07_c04.avi,45,45,1,0.999995231628418,0
2.195503502505824,5.876190494856171,81.9551134768295,0.6712693798449613,531.2868217054264,414.0264604845581,0.1941214470284237,JugglingBalls/v_JugglingBalls_g07_c05.avi,45,45,1,1.0,0
1.8446639702601424,6.832347573563175,162.14624957118187,0.6993701550387597,473.5503875968992,409.9912829710565,0.2622739018087855,JugglingBalls/v_JugglingBalls_g07_c06.avi,45,45,1,1.0,0
1.2993597731679238,5.306401532348326,91.86105336321808,0.7858527131782945,564.2790697674419,424.1275765495947,0.2070413436692506,JugglingBalls/v_JugglingBalls_g07_c07.avi,45,45,1,1.0,0
0.4296664296507854,1.8588118664715048,33.65728004459065,0.9090762273901808,471.68992248062017,387.5628040817977,0.1686046511627907,JumpingJack/v_JumpingJack_g01_c01.avi,46,46,1,1.0,0
0.476745230298449,2.1360477654125885,37.875,0.9154554263565892,509.0232558139535,403.346091125982,0.1757105943152454,JumpingJack/v_JumpingJack_g01_c02.avi,46,46,1,1.0,0
0.2907945930490223,1.027632929853716,18.9641932335652,0.9245801033591732,454.5736434108527,457.3427255436079,0.1905684754521963,JumpingJack/v_JumpingJack_g01_c03.avi,46,46,1,1.0,0
0.3671570269191798,1.5518635715745923,26.0,0.9262758397932817,503.1937984496124,398.8769909571485,0.1647286821705426,JumpingJack/v_JumpingJack_g01_c04.avi,46,46,1,1.0,0
0.4622165389813926,2.035414816606796,42.2965719651132,0.9097222222222222,481.3643410852713,399.1508804889556,0.2009043927648579,JumpingJack/v_JumpingJack_g01_c05.avi,46,46,1,1.0,0
0.3913662950442076,1.7677980194323826,37.88819902027543,0.9295865633074936,516.8992248062016,405.8924867185804,0.1760335917312661,JumpingJack/v_JumpingJack_g01_c06.avi,46,46,1,1.0,0
0.5430791745309885,2.474058317419854,88.06549409388447,0.90140503875969,434.5426356589147,372.34707089684,0.1812015503875969,JumpingJack/v_JumpingJack_g01_c07.avi,46,46,1,1.0,0
0.8959547339445789,2.9367462273828213,64.34198182368958,0.8598191214470284,245.5813953488372,187.70018554563805,0.2351421188630491,JumpingJack/v_JumpingJack_g02_c01.avi,46,46,1,1.0,0
0.9008808250324652,3.049622284678072,75.4811648691248,0.8575581395348837,315.90697674418607,270.6635957131071,0.167312661498708,JumpingJack/v_JumpingJack_g02_c02.avi,46,46,1,1.0,0
0.6558562112889366,3.0631831041708355,136.79546776117988,0.8626453488372093,304.74418604651163,378.5418838319416,0.2564599483204134,JumpingJack/v_JumpingJack_g02_c03.avi,46,46,1,1.0,0
0.8297932024139745,2.768537272501168,30.4120144844106,0.8634528423772609,301.3953488372093,280.2243403214632,0.2480620155038759,JumpingJack/v_JumpingJack_g02_c04.avi,46,46,1,1.0,0
2.3481647890658253,7.140374816455157,60.821973825254965,0.8095122739018088,277.51937984496124,260.383590046506,0.2806847545219638,JumpingJack/v_JumpingJack_g03_c01.avi,46,46,1,1.0,0
1.2945423574059154,4.265919592374295,137.41906709041507,0.8204134366925064,311.2558139534884,287.72241896170465,0.2354651162790697,JumpingJack/v_JumpingJack_g03_c02.avi,46,46,1,1.0,0
2.031500889978888,6.232545386741346,57.47513049136992,0.8099967700258398,276.3410852713178,250.19584564939836,0.2571059431524548,JumpingJack/v_JumpingJack_g03_c03.avi,46,46,1,1.0,0
2.3419952114212967,7.027656269193328,85.8330501613452,0.8016795865633075,328.3720930232558,284.403661970325,0.1656976744186046,JumpingJack/v_JumpingJack_g03_c04.avi,46,46,1,1.0,0
0.8301904843719146,1.4480150217447254,18.43908891458577,0.758640180878553,256.1860465116279,334.85514089930814,0.2768087855297158,JumpingJack/v_JumpingJack_g04_c01.avi,46,46,1,0.9999035596847534,0
1.2667342234030423,2.2813747687111423,205.84703058339215,0.5287467700258398,290.72868217054264,436.4587543125842,0.2338501291989664,JumpingJack/v_JumpingJack_g04_c02.avi,46,46,1,0.9999953508377076,0
0.9076415169511834,1.2322885694468528,16.1245154965971,0.7145510335917312,245.45736434108528,200.6327590304088,0.2629198966408269,JumpingJack/v_JumpingJack_g04_c03.avi,46,46,1,0.9999995231628418,0
0.932795036628254,1.6283090651741328,29.42787793912432,0.7098675710594315,238.2015503875969,171.1603527519894,0.2348191214470284,JumpingJack/v_JumpingJack_g04_c04.avi,46,46,1,0.9995853304862976,0
0.4191672871449123,1.8696266520594595,33.54567781398969,0.937096253229974,243.90697674418604,193.44319687298727,0.2541989664082687,JumpingJack/v_JumpingJack_g05_c01.avi,46,46,1,0.9979783892631532,0
0.3655130443460377,1.7576056407635643,22.902647226903703,0.9376614987080104,240.31007751937983,184.9343398438548,0.2522609819121447,JumpingJack/v_JumpingJack_g05_c02.avi,46,46,1,0.9880014061927797,0
0.1179711694853169,0.6069363179756913,18.256848030259768,0.9758559431524548,262.8217054263566,338.9038062879663,0.2642118863049095,JumpingJack/v_JumpingJack_g05_c03.avi,46,46,1,0.9749193787574768,0
0.3864505359240151,1.8477518229611527,38.79533638209624,0.9378229974160208,275.0387596899225,347.8582176447147,0.2483850129198966,JumpingJack/v_JumpingJack_g05_c04.avi,46,46,1,0.9963034391403198,0
0.4093140922234867,1.8771017980806268,26.99102860211148,0.931282299741602,258.9767441860465,337.2337184424416,0.2739018087855297,JumpingJack/v_JumpingJack_g05_c05.avi,46,46,1,0.9732403755187988,0
0.4105470690065605,1.8138340279916485,25.37992563030869,0.933624031007752,241.7984496124031,327.5765696594376,0.3116925064599483,JumpingJack/v_JumpingJack_g05_c06.avi,46,46,1,0.9985178112983704,0
0.2519682037441328,1.1854869730228983,17.564168070250297,0.9491279069767442,245.5813953488372,220.91924574884607,0.3087855297157623,JumpingJack/v_JumpingJack_g06_c01.avi,46,46,1,1.0,0
0.3175918483198087,1.802986339827612,138.26243162913056,0.9347545219638242,244.34108527131784,186.99154298847256,0.2390180878552971,JumpingJack/v_JumpingJack_g06_c02.avi,46,46,1,1.0,0
1.9627434868107727,4.013522113157178,239.75,0.5475613695090439,266.9767441860465,170.89878527363595,0.1133720930232558,JumpingJack/v_JumpingJack_g06_c03.avi,46,46,1,1.0,0
0.1515911408340392,0.7305321028080606,24.005207768315607,0.9650355297157622,287.7519379844961,380.87610207507527,0.3294573643410852,JumpingJack/v_JumpingJack_g06_c04.avi,46,46,1,1.0,0
0.1823011070090743,1.487508707693075,134.06388402548987,0.962532299741602,344.1240310077519,313.7395109646538,0.2089793281653746,JumpingJack/v_JumpingJack_g06_c05.avi,46,46,1,1.0,0
0.2933222244400344,1.1834531951077156,17.625443256837542,0.944282945736434,269.7674418604651,217.74882449252053,0.2009043927648579,JumpingJack/v_JumpingJack_g06_c06.avi,46,46,1,1.0,0
0.1258677343920807,0.6998073167479871,14.426538046253508,0.9697997416020672,262.2015503875969,239.4852159941545,0.2855297157622739,JumpingJack/v_JumpingJack_g06_c07.avi,46,46,1,1.0,0
0.4375039322817361,1.9223377014302363,34.268471296513944,0.9184431524547804,369.984496124031,420.226627386082,0.2228682170542635,JumpingJack/v_JumpingJack_g07_c01.avi,46,46,1,1.0,0
0.401243773298775,1.8350141862309064,27.018512172212592,0.9230458656330748,335.2558139534884,296.7247642547078,0.1815245478036175,JumpingJack/v_JumpingJack_g07_c02.avi,46,46,1,1.0,0
0.3874867478902382,1.779771425213713,27.64309362209664,0.9242571059431524,438.26356589147287,511.4769239284559,0.1786175710594315,JumpingJack/v_JumpingJack_g07_c03.avi,46,46,1,1.0,0
0.4460649445555114,2.0094308125638305,26.2797450520358,0.9275678294573644,355.72093023255815,312.79016858259047,0.169250645994832,JumpingJack/v_JumpingJack_g07_c04.avi,46,46,1,1.0,0
0.3710474549502383,1.779180884199465,33.514922049737784,0.9366925064599484,377.86046511627904,488.8222952607314,0.2076873385012919,JumpingJack/v_JumpingJack_g07_c05.avi,46,46,1,1.0,0
0.6917774449542943,1.6761723886930542,56.500138274167085,0.8133882428940569,377.984496124031,581.7520980929926,0.085594315245478,JumpRope/v_JumpRope_g01_c01.avi,47,47,1,0.9999943971633912,0
1.0831418722532362,4.374059278058505,190.0421005987884,0.7946543927648578,323.47286821705427,279.2607649585987,0.1666666666666666,JumpRope/v_JumpRope_g01_c02.avi,47,47,1,0.9997658133506776,0
0.521242069784003,1.924958699006743,179.0111728356641,0.8568313953488372,317.08527131782944,279.94141222618345,0.190891472868217,JumpRope/v_JumpRope_g01_c03.avi,47,47,1,0.9954907298088074,0
1.1177883469709495,2.4805374045681856,39.00500769132087,0.7674418604651163,282.04651162790697,249.38006424195103,0.2325581395348837,JumpRope/v_JumpRope_g01_c04.avi,47,47,1,0.9999312162399292,0
0.3106160621343821,1.2192102953917423,16.974245196767956,0.9392764857881136,235.90697674418604,204.43726665614724,0.3126614987080103,JumpRope/v_JumpRope_g02_c01.avi,47,47,1,1.0,0
0.3337477654251898,1.1371859684381929,17.78561567672033,0.9213501291989664,245.2093023255814,211.14533274826067,0.2874677002583979,JumpRope/v_JumpRope_g02_c02.avi,47,47,1,0.9997082352638244,0
0.2373395516784817,0.8053495050036992,16.15549442140351,0.937015503875969,266.17054263565893,238.751796909704,0.2674418604651162,JumpRope/v_JumpRope_g02_c03.avi,47,47,1,1.0,0
0.3785113261205111,1.2592494231819291,13.202745926510891,0.9092377260981912,262.4496124031008,216.93870678108544,0.2286821705426356,JumpRope/v_JumpRope_g02_c04.avi,47,47,1,1.0,0
0.459391382926523,2.049300638716036,150.63200191194434,0.8989825581395349,251.968992248062,193.47142640960945,0.2199612403100775,JumpRope/v_JumpRope_g02_c05.avi,47,47,1,1.0,0
0.2320846316116356,0.8208636291365334,13.0,0.9386304909560724,240.3720930232558,208.5142372313636,0.3023255813953488,JumpRope/v_JumpRope_g02_c06.avi,47,47,1,1.0,0
0.3309615805646191,1.0527275745760898,18.110770276274835,0.9175549095607236,259.4108527131783,227.4295056435233,0.2664728682170542,JumpRope/v_JumpRope_g02_c07.avi,47,47,1,1.0,0
0.3492052374268445,0.9407504993227548,15.116216457830976,0.9022932816537468,306.3565891472868,376.659033985566,0.2428940568475452,JumpRope/v_JumpRope_g03_c01.avi,47,47,1,1.0,0
0.3907465904234279,1.1602006236360096,17.26267650163207,0.9001130490956072,317.95348837209303,290.7291517841539,0.2212532299741602,JumpRope/v_JumpRope_g03_c02.avi,47,47,1,1.0,0
0.3209281296986145,0.9645443415477016,19.53562451010973,0.9162629198966408,323.0387596899225,301.64192548593894,0.2386950904392764,JumpRope/v_JumpRope_g03_c03.avi,47,47,1,1.0,0
0.4106871508573448,1.306510406336725,18.027756377319943,0.8972868217054264,306.3565891472868,279.8013081974176,0.2286821705426356,JumpRope/v_JumpRope_g03_c04.avi,47,47,1,1.0,0
0.1355841721625653,0.6969569772292082,22.64191356754106,0.970122739018088,507.0387596899225,883.1184738231694,0.2196382428940568,JumpRope/v_JumpRope_g04_c01.avi,47,7,0,0.9641700387001038,1
0.2103265043149483,1.066932932732387,21.213203435596427,0.9698804909560724,211.84496124031008,313.00747816839703,0.3953488372093023,JumpRope/v_JumpRope_g04_c02.avi,47,7,0,0.9996384382247924,1
0.1178448558957731,0.689059238051095,17.88854381999832,0.9809431524547804,652.3410852713179,1133.033579803866,0.2122093023255813,JumpRope/v_JumpRope_g04_c03.avi,47,7,0,0.999599039554596,1
0.1787422244506141,1.0796521067339522,22.7256050524513,0.97109173126615,357.4573643410853,541.2075932901475,0.2299741602067183,JumpRope/v_JumpRope_g04_c04.avi,47,7,0,0.9989995360374452,1
0.1184578297142179,0.9032282565545492,27.17075633838705,0.9766634366925064,577.984496124031,917.7752843849344,0.1524547803617571,JumpRope/v_JumpRope_g04_c05.avi,47,7,0,0.9999966621398926,1
0.3731262655102788,1.2423188504674083,20.615528128088304,0.9004360465116279,388.3410852713178,747.4067258818293,0.2590439276485788,JumpRope/v_JumpRope_g04_c06.avi,47,7,0,0.9557893872261048,1
0.1843488298803284,1.131062692835063,25.0,0.9760981912144704,534.6976744186046,950.6692755053888,0.1944444444444444,JumpRope/v_JumpRope_g04_c07.avi,47,7,0,0.9999194145202636,1
0.6858059341739241,2.4241053654325784,117.478721477551,0.8288113695090439,771.5968992248062,1034.9621385381397,0.1440568475452196,JumpRope/v_JumpRope_g05_c01.avi,47,47,1,1.0,0
0.7386102051771728,1.9899520927221968,24.511795629859517,0.8291343669250646,963.84496124031,1236.7872762365632,0.1298449612403101,JumpRope/v_JumpRope_g05_c02.avi,47,47,1,1.0,0
0.6596146310889723,1.7244140250616522,22.265794955491707,0.8510174418604651,1028.7751937984497,1241.778577176096,0.1172480620155038,JumpRope/v_JumpRope_g05_c03.avi,47,47,1,1.0,0
0.7218736641404813,1.9132024130182,23.48303909207665,0.8330910852713178,923.1007751937984,1295.662243317713,0.1430878552971576,JumpRope/v_JumpRope_g05_c04.avi,47,47,1,1.0,0
0.5442028685110473,1.5969139986668657,17.72004514666935,0.8871931524547804,1096.5581395348838,1337.6231836745042,0.1156330749354005,JumpRope/v_JumpRope_g05_c05.avi,47,47,1,1.0,0
1.4090960035646782,2.283210232435124,24.08318915758459,0.6459948320413437,537.984496124031,983.3741154425512,0.2031653746770025,JumpRope/v_JumpRope_g06_c01.avi,47,47,1,1.0,0
1.2688778255348474,2.2008478852651097,20.591260281974,0.6610142118863049,571.1007751937984,1047.8860510050088,0.2218992248062015,JumpRope/v_JumpRope_g06_c02.avi,47,47,1,0.9999184608459472,0
2.503753874018029,4.505626601978176,241.13274352522097,0.5528100775193798,244.2170542635659,321.0835569783437,0.2784237726098191,JumpRope/v_JumpRope_g06_c03.avi,47,47,1,0.9984065890312196,0
2.4037144383305185,3.962705763235944,26.201145013147805,0.6195897932816538,775.8759689922481,1275.7065530217014,0.1915374677002584,JumpRope/v_JumpRope_g06_c04.avi,47,54,0,0.6918832659721375,1
4.720599272768744,13.101601188012124,274.0124312873414,0.6026324289405685,279.06976744186045,336.03193337655154,0.1886304909560723,JumpRope/v_JumpRope_g06_c05.avi,47,46,0,0.6928913593292236,1
1.7265080874638488,8.794563804949929,175.13708916160505,0.7047803617571059,917.7674418604652,1430.788964940596,0.1411498708010335,JumpRope/v_JumpRope_g07_c01.avi,47,42,0,0.9702182412147522,1
1.579315968080435,8.540050696202137,197.14976857708965,0.7621931524547804,778.6046511627907,1321.2675756598264,0.1760335917312661,JumpRope/v_JumpRope_g07_c02.avi,47,47,1,0.8421732187271118,0
1.2929889431303798,6.776063523798537,196.38936134628068,0.6832202842377261,795.3488372093024,1339.4215843557931,0.1340439276485788,JumpRope/v_JumpRope_g07_c03.avi,47,42,0,0.7316848039627075,1
1.3048721975853066,3.897903327417283,117.13667231059624,0.7439437984496124,728.4341085271318,1280.823886041193,0.2047803617571059,JumpRope/v_JumpRope_g07_c04.avi,47,47,1,0.9445379972457886,0
1.2536333823687598,2.6808633652212377,61.22257038870551,0.6290374677002584,795.7209302325581,1315.9258890134652,0.126937984496124,JumpRope/v_JumpRope_g07_c05.avi,47,42,0,0.9947922825813292,1
1.1211133369083803,4.274002519607931,184.39088914585776,0.8075742894056848,652.031007751938,1184.944154887187,0.2034883720930232,JumpRope/v_JumpRope_g07_c06.avi,47,42,0,0.6363981366157532,1
1.6545571407323416,3.281470164364092,63.00793600809346,0.5591085271317829,334.94573643410854,258.3052790991779,0.066860465116279,Kayaking/v_Kayaking_g01_c01.avi,48,48,1,1.0,0
2.224307792604559,4.276333173245551,114.33722053644648,0.5500645994832042,366.26356589147287,296.45297205720163,0.0833333333333333,Kayaking/v_Kayaking_g01_c02.avi,48,75,0,0.9999958276748656,1
2.9110613379349064,8.876781606150523,176.00284088616297,0.5577357881136951,300.4031007751938,243.95899767896395,0.148578811369509,Kayaking/v_Kayaking_g01_c03.avi,48,48,1,0.9904307723045348,0
2.59800706839165,6.078458497185951,162.0,0.5485303617571059,343.5658914728682,270.475087189369,0.0736434108527131,Kayaking/v_Kayaking_g01_c04.avi,48,48,1,0.5307828187942505,0
0.7200164824256426,2.9161554762605983,99.1505326511159,0.814922480620155,350.4496124031008,280.4975911195687,0.0817183462532299,Kayaking/v_Kayaking_g01_c05.avi,48,48,1,0.9999946355819702,0
0.7946470381008272,1.5983377406411938,32.78195006402151,0.7373223514211886,349.2093023255814,308.3912162157803,0.1747416020671834,Kayaking/v_Kayaking_g01_c06.avi,48,48,1,0.702356219291687,0
1.3145251695950466,2.688916111361074,92.65527507918802,0.6334786821705426,254.75968992248065,158.12372622001516,0.1408268733850129,Kayaking/v_Kayaking_g02_c01.avi,48,48,1,1.0,0
1.4408592500079365,1.8968338336596724,21.914607000811127,0.6061854005167958,249.73643410852716,161.02758776493218,0.1669896640826873,Kayaking/v_Kayaking_g02_c02.avi,48,48,1,1.0,0
1.1533618669005072,1.6486649895384378,20.024984394500787,0.6590762273901809,238.88372093023256,124.00247733878014,0.1563307493540051,Kayaking/v_Kayaking_g02_c03.avi,48,48,1,1.0,0
1.9039118850293653,3.3966414873906032,217.52471123989568,0.5473191214470284,250.9767441860465,151.15577801264823,0.1450258397932816,Kayaking/v_Kayaking_g02_c04.avi,48,48,1,1.0,0
2.833924682916741,4.643994765129974,190.7590102721232,0.4322512919896641,260.4031007751938,160.64509099783604,0.1217700258397932,Kayaking/v_Kayaking_g03_c01.avi,48,48,1,0.9999752044677734,0
1.6495935895467952,6.107121468396485,302.2796718272666,0.5949612403100775,251.5968992248062,136.69847537072155,0.1198320413436692,Kayaking/v_Kayaking_g03_c02.avi,48,48,1,1.0,0
1.610043443879168,3.402996224219903,118.06777714516352,0.6278262273901809,278.015503875969,203.0991656247245,0.1346899224806201,Kayaking/v_Kayaking_g03_c03.avi,48,48,1,1.0,0
5.494471844095768,12.394330851303764,185.28356645962967,0.555797803617571,199.1937984496124,231.60478491527175,0.5452196382428941,Kayaking/v_Kayaking_g03_c04.avi,48,48,1,0.9980632662773132,0
1.3596004131753554,3.4676967768319797,201.2212712413874,0.634609173126615,240.74418604651163,140.8631354589064,0.1724806201550387,Kayaking/v_Kayaking_g04_c01.avi,48,48,1,1.0,0
6.893359889289444,9.02462320394786,152.0,0.2684916020671835,239.4418604651163,123.64564941717312,0.1534237726098191,Kayaking/v_Kayaking_g04_c02.avi,48,48,1,1.0,0
3.322332124456417,9.644834316041456,208.16579930430456,0.568233204134367,243.10077519379848,137.76802460676512,0.1576227390180878,Kayaking/v_Kayaking_g04_c03.avi,48,48,1,1.0,0
2.0310649760973747,4.967930468700567,149.27156460625713,0.6073158914728682,270.13953488372096,434.2228332343997,0.3036175710594315,Kayaking/v_Kayaking_g04_c04.avi,48,48,1,1.0,0
2.039634050604393,4.420217542350706,128.39003076563228,0.4614018087855297,241.1782945736434,126.34040701059637,0.149547803617571,Kayaking/v_Kayaking_g04_c05.avi,48,48,1,1.0,0
3.198163466629712,7.39027701649106,300.5877575684013,0.6032784237726099,190.3875968992248,165.3594773376715,0.4450904392764858,Kayaking/v_Kayaking_g04_c06.avi,48,48,1,1.0,0
3.3755292051935677,9.172197241317132,127.00393694685216,0.6199935400516796,304.06201550387595,362.4166892117326,0.1941214470284237,Kayaking/v_Kayaking_g04_c07.avi,48,48,1,1.0,0
4.833395305802931,7.677818932704845,64.53681120105021,0.347625968992248,234.6046511627907,136.57575451943416,0.1928294573643411,Kayaking/v_Kayaking_g05_c01.avi,48,48,1,1.0,0
1.525327645057344,8.158946870283179,238.10291892372928,0.801437338501292,280.0,351.29951442780174,0.2419250645994832,Kayaking/v_Kayaking_g05_c02.avi,48,48,1,1.0,0
3.822356147529772,5.736106113011357,45.17742799230607,0.4411337209302325,283.16279069767444,270.38722708174697,0.2874677002583979,Kayaking/v_Kayaking_g05_c03.avi,48,48,1,1.0,0
10.390734793046216,20.089657993477168,320.9143187830671,0.615390826873385,267.2248062015504,262.9842227209766,0.3291343669250646,Kayaking/v_Kayaking_g05_c04.avi,48,48,1,0.9999710321426392,0
3.866933744289734,14.61066285729305,312.0156496475778,0.5369024547803618,303.5658914728682,281.6664651610097,0.2445090439276485,Kayaking/v_Kayaking_g06_c01.avi,48,48,1,0.9999996423721312,0
5.7575205627770725,23.958008035972544,339.0,0.6074773901808785,295.06976744186045,307.8977023826324,0.3598191214470284,Kayaking/v_Kayaking_g06_c02.avi,48,48,1,0.9999986886978148,0
2.5443373919879297,9.363639231485008,179.00279327429502,0.7607396640826873,260.031007751938,265.3554567337259,0.3653100775193798,Kayaking/v_Kayaking_g06_c03.avi,48,48,1,0.9999997615814208,0
4.698322536414299,14.572880277167764,339.002304564438,0.5181686046511628,310.13953488372096,289.1313036711424,0.2438630490956072,Kayaking/v_Kayaking_g06_c04.avi,48,48,1,1.0,0
3.651460978097628,7.198063960937699,80.05623023850174,0.471172480620155,333.27131782945736,277.61195805449825,0.1285529715762274,Kayaking/v_Kayaking_g06_c05.avi,48,48,1,1.0,0
4.566702182840662,12.44669182160924,255.0019607767752,0.5218023255813954,316.7751937984496,275.39967405558724,0.1782945736434108,Kayaking/v_Kayaking_g06_c06.avi,48,48,1,1.0,0
5.70338850569762,14.130684774875698,319.0767932645682,0.481750645994832,321.3643410852713,277.49689398316207,0.1686046511627907,Kayaking/v_Kayaking_g06_c07.avi,48,48,1,1.0,0
0.8309777996352024,2.438035466799573,175.72990639046048,0.7865794573643411,233.5503875968992,329.52653282123293,0.3546511627906977,Kayaking/v_Kayaking_g07_c01.avi,48,48,1,1.0,0
2.101245921057471,9.886873887082215,342.81190177705327,0.6496285529715762,196.2170542635659,150.56220024714247,0.3914728682170542,Kayaking/v_Kayaking_g07_c02.avi,48,48,1,1.0,0
13.157410993628613,23.52963881316553,260.00192306981114,0.4447674418604651,234.1705426356589,146.884974457604,0.210594315245478,Kayaking/v_Kayaking_g07_c03.avi,48,48,1,1.0,0
9.552471797236144,13.928569082329496,97.18538984847466,0.1513242894056847,256.74418604651163,144.2665641649699,0.1098191214470284,Kayaking/v_Kayaking_g07_c04.avi,48,48,1,1.0,0
6.473344071567749,15.554635647875918,222.524155992108,0.6289567183462532,188.65116279069767,184.05445146287303,0.4890180878552971,Knitting/v_Knitting_g01_c01.avi,49,49,1,1.0,0
5.955745153578791,14.930707937584463,192.13638547916943,0.7374031007751938,287.93798449612405,294.4059253263351,0.3427002583979328,Knitting/v_Knitting_g01_c02.avi,49,49,1,1.0,0
1.2729470749951528,2.394275435716324,78.45589923645002,0.6073158914728682,386.6046511627907,350.22691245951506,0.2138242894056847,Knitting/v_Knitting_g01_c03.avi,49,49,1,1.0,0
3.106688606280848,8.729880702906916,197.2232237846243,0.6535852713178295,339.84496124031006,338.0507381213334,0.3087855297157623,Knitting/v_Knitting_g01_c04.avi,49,49,1,1.0,0
7.734984507550876,18.97590775640246,191.68985366993212,0.5820413436692506,306.6046511627907,390.5325010763782,0.2997416020671835,Knitting/v_Knitting_g02_c01.avi,49,49,1,1.0,0
4.383693610517449,15.268717959748326,320.14059411452337,0.6835432816537468,276.4651162790698,278.0894409272295,0.3365633074935401,Knitting/v_Knitting_g02_c02.avi,49,49,1,1.0,0
3.5430985244141198,8.9433825187801,286.6810073932349,0.5608850129198967,248.8062015503876,245.73982830903643,0.3578811369509044,Knitting/v_Knitting_g02_c03.avi,49,49,1,1.0,0
2.505978530493614,5.5909661016958685,216.53637107885595,0.4811854005167958,263.50387596899225,260.38731211516097,0.3368863049095607,Knitting/v_Knitting_g02_c04.avi,49,49,1,1.0,0
4.494854048137795,19.12003874797805,359.25800269444244,0.5149386304909561,309.3333333333333,398.8614286647505,0.3255813953488372,Knitting/v_Knitting_g02_c05.avi,49,49,1,1.0,0
2.552431342729128,5.417540791694334,139.68407434278254,0.5595122739018088,246.9457364341085,211.0013156238612,0.2797157622739018,Knitting/v_Knitting_g03_c01.avi,49,49,1,1.0,0
1.784496554765844,3.439464369641588,147.82760229402356,0.5522448320413437,235.53488372093025,203.99217367992551,0.3133074935400516,Knitting/v_Knitting_g03_c02.avi,49,49,1,1.0,0
2.066512315330129,4.250453370546678,188.4515852944729,0.5354489664082688,257.5503875968992,331.5999495338585,0.2593669250645994,Knitting/v_Knitting_g03_c03.avi,49,49,1,1.0,0
2.0010984344214755,4.79455600880653,163.322390152116,0.5522448320413437,231.93798449612405,180.60362834860743,0.2803617571059431,Knitting/v_Knitting_g03_c04.avi,49,49,1,1.0,0
1.757479416889841,2.7753307707078347,92.63039795337166,0.5373869509043928,221.89147286821705,118.14596413765771,0.2241602067183462,Knitting/v_Knitting_g03_c05.avi,49,49,1,1.0,0
3.1595097336620834,4.144196418694321,29.5,0.2924741602067183,313.3643410852713,259.1121375268112,0.1430878552971576,Knitting/v_Knitting_g04_c01.avi,49,49,1,0.9999960660934448,0
1.0440904078559388,3.035444869759913,43.5,0.7543604651162791,264.93023255813955,250.9573664662324,0.3049095607235142,Knitting/v_Knitting_g04_c02.avi,49,49,1,1.0,0
1.1619964165156855,3.7833950240527776,154.9889108936507,0.7405523255813954,280.5581395348837,277.20006227771887,0.3178294573643411,Knitting/v_Knitting_g04_c03.avi,49,49,1,1.0,0
0.9248641051349742,2.491855628011124,92.12533921240129,0.7601744186046512,287.37984496124034,282.6858774863161,0.3081395348837209,Knitting/v_Knitting_g04_c04.avi,49,49,1,1.0,0
1.0098637686084542,3.4668344591742035,87.75035612463348,0.8130652454780362,314.4806201550388,300.6181512820468,0.2651808785529715,Knitting/v_Knitting_g04_c05.avi,49,49,1,1.0,0
1.1539807041414023,3.2020287199837,98.66048157697185,0.7111595607235142,279.0077519379845,270.48645515169073,0.3039405684754522,Knitting/v_Knitting_g04_c06.avi,49,49,1,0.9999960660934448,0
1.7150287403322235,4.351589196078838,55.90798802496831,0.7396640826873385,389.5193798449613,747.2050983008261,0.2541989664082687,Knitting/v_Knitting_g05_c01.avi,49,49,1,1.0,0
1.2438212496501322,2.6474817196619087,28.30415163893806,0.7525032299741602,514.1085271317829,979.9050202376646,0.1957364341085271,Knitting/v_Knitting_g05_c02.avi,49,49,1,1.0,0
1.8140737871490475,7.025318468518253,161.37224048763778,0.7805232558139535,662.2015503875969,1182.4835209028915,0.1737726098191214,Knitting/v_Knitting_g05_c03.avi,49,49,1,1.0,0
1.050593423263833,3.065011877722086,41.04875150354759,0.7981266149870802,329.05426356589146,457.9594835008154,0.2009043927648579,Knitting/v_Knitting_g05_c04.avi,49,49,1,1.0,0
2.1851193835466023,10.896909752234826,218.14921069075635,0.8493217054263565,685.8914728682171,1181.65009603612,0.1718346253229974,Knitting/v_Knitting_g05_c05.avi,49,49,1,1.0,0
0.4264532530597957,1.0746464314245785,23.717082451262844,0.8780684754521964,346.1085271317829,559.8679971818118,0.376937984496124,Knitting/v_Knitting_g06_c01.avi,49,49,1,0.99883633852005,0
2.0019068807918545,7.943421799370131,186.5904606350496,0.7051841085271318,228.8372093023256,220.84245992073156,0.3817829457364341,Knitting/v_Knitting_g06_c02.avi,49,49,1,0.9985758066177368,0
1.6971631953085144,5.663680805552915,96.0,0.7872254521963824,286.6356589147287,299.3758866694836,0.3636950904392765,Knitting/v_Knitting_g06_c03.avi,49,49,1,0.9732445478439332,0
1.5936327852030978,5.209419958482831,149.96666296213968,0.77406330749354,541.1472868217054,704.9238465744955,0.295219638242894,Knitting/v_Knitting_g06_c04.avi,49,49,1,0.99998676776886,0
2.2598295974238054,3.15385184387655,41.0,0.4280523255813953,268.52713178294573,348.2390268285593,0.2758397932816537,Knitting/v_Knitting_g07_c01.avi,49,49,1,1.0,0
2.817809427025347,4.674132932418375,62.86058482865077,0.5044412144702842,257.7984496124031,362.7406312766625,0.3756459948320413,Knitting/v_Knitting_g07_c02.avi,49,49,1,1.0,0
1.4828026401192675,3.499219859948636,150.14014286658983,0.5429586563307494,286.69767441860466,374.9294218782256,0.3091085271317829,Knitting/v_Knitting_g07_c03.avi,49,49,1,1.0,0
3.650152891833521,8.885965585748698,191.47862152209052,0.4880490956072351,220.46511627906975,197.22957333290435,0.3659560723514212,Knitting/v_Knitting_g07_c04.avi,49,49,1,1.0,0
4.404160060157728,8.715915271708639,222.04563860837257,0.4082687338501292,202.6046511627907,147.27259009170774,0.3556201550387597,Knitting/v_Knitting_g07_c05.avi,49,49,1,1.0,0
6.764362034814062,25.369085140467234,300.4663042672173,0.7876291989664083,376.3720930232558,377.7178116897749,0.3510981912144703,LongJump/v_LongJump_g01_c01.avi,50,50,1,1.0,0
6.890097461176698,21.42228062535572,228.2108742479201,0.7151970284237726,323.90697674418607,363.8384393536849,0.4602713178294573,LongJump/v_LongJump_g01_c02.avi,50,50,1,1.0,0
6.631151225794217,19.421308434039048,293.8656155456096,0.6819282945736435,342.5736434108527,344.9706149758311,0.3255813953488372,LongJump/v_LongJump_g01_c03.avi,50,50,1,1.0,0
6.123129262362025,21.292867867997405,240.68109735706287,0.7493540051679587,495.0697674418605,597.5197338513652,0.2587209302325581,LongJump/v_LongJump_g01_c04.avi,50,50,1,1.0,0
7.112660117811461,24.811064916077832,292.2346018184705,0.7347383720930233,305.1162790697674,341.6908169473606,0.4418604651162791,LongJump/v_LongJump_g01_c05.avi,50,50,1,1.0,0
7.395093718931322,25.28789713488454,269.7869529832753,0.6598837209302325,381.0232558139535,337.2337184424415,0.1808785529715762,LongJump/v_LongJump_g01_c06.avi,50,50,1,1.0,0
7.652915528612951,22.76880198827684,252.37577389678276,0.7399870801033591,325.14728682170545,356.6615902147289,0.4279715762273902,LongJump/v_LongJump_g01_c07.avi,50,50,1,1.0,0
2.859885064153303,8.974677731019813,43.83206588788623,0.7563791989664083,464.2480620155039,357.9343846804248,0.0626614987080103,LongJump/v_LongJump_g02_c01.avi,50,50,1,0.9996682405471802,0
3.920609573357212,8.235991712626411,127.0,0.6213662790697675,395.0387596899225,324.3322156286447,0.0962532299741602,LongJump/v_LongJump_g02_c02.avi,50,50,1,0.9999891519546508,0
0.4896843384958322,0.5924657646958849,5.0990195135927845,0.8012758397932817,369.05426356589146,315.193168532527,0.1372739018087855,LongJump/v_LongJump_g02_c03.avi,50,50,1,0.999995231628418,0
4.53405864437224,7.000088953650654,35.0142828000232,0.268733850129199,419.72093023255815,331.1335236610119,0.0581395348837209,LongJump/v_LongJump_g02_c04.avi,50,50,1,0.9999868869781494,0
8.025268088228627,13.354061503491344,67.25789916433608,0.281734496124031,369.1782945736434,290.7407926678376,0.0565245478036175,LongJump/v_LongJump_g02_c05.avi,50,50,1,1.0,0
2.047829589071616,2.863279634281937,13.594576124322524,0.5030684754521964,302.8837209302326,348.14626766415324,0.1434108527131783,LongJump/v_LongJump_g03_c01.avi,50,50,1,0.9999977350234984,0
0.4147950546358718,0.5374544896793565,8.54400374531753,0.8698320413436692,269.7054263565892,329.5906882081173,0.2025193798449612,LongJump/v_LongJump_g03_c02.avi,50,50,1,0.9999037981033324,0
0.5221807629480635,4.801690402873548,303.05775027212223,0.8928456072351422,253.5813953488372,195.76186679503303,0.2180232558139535,LongJump/v_LongJump_g03_c03.avi,50,50,1,0.99853253364563,0
2.122590879728479,3.248245634288152,20.900059808526866,0.5500645994832042,366.9457364341085,540.0815371986968,0.1947674418604651,LongJump/v_LongJump_g03_c04.avi,50,50,1,0.9999806880950928,0
0.8480631447101323,1.4348365539881496,21.54065922853801,0.801921834625323,395.84496124031006,783.8560860004101,0.2109173126614987,LongJump/v_LongJump_g03_c05.avi,50,50,1,0.9999752044677734,0
2.1860290808078138,2.2066740325830563,23.32414253515014,0.3518249354005168,422.8837209302326,748.9578871416844,0.1837855297157622,LongJump/v_LongJump_g03_c06.avi,50,50,1,0.9999717473983764,0
10.878167982303443,27.03443543719709,196.0,0.5886627906976745,451.5348837209302,514.7825618573615,0.1689276485788113,LongJump/v_LongJump_g04_c01.avi,50,50,1,1.0,0
1.9619907924924327,7.213331267060539,117.38824472663352,0.7208494832041343,320.0,308.712555398165,0.272609819121447,LongJump/v_LongJump_g04_c02.avi,50,50,1,1.0,0
2.0430306336582467,8.536873333652892,205.25,0.6795058139534884,311.2558139534884,307.7192992279827,0.3000645994832041,LongJump/v_LongJump_g04_c03.avi,50,50,1,1.0,0
12.146824874697485,28.639235588041707,249.25,0.5884205426356589,491.84496124031006,628.790674546857,0.1411498708010335,LongJump/v_LongJump_g04_c04.avi,50,50,1,1.0,0
10.51521441635184,27.046969856519198,229.7395264206837,0.5440083979328165,495.0077519379845,581.5998317408566,0.1569767441860465,LongJump/v_LongJump_g04_c05.avi,50,50,1,1.0,0
4.252905915933538,20.6331072767219,232.0,0.7041343669250646,346.91472868217056,309.7873246717044,0.1866925064599483,LongJump/v_LongJump_g04_c06.avi,50,50,1,1.0,0
2.8680017177477524,11.185257150127851,201.40009930484143,0.6459948320413437,349.95348837209303,346.16127129366333,0.3065245478036176,LongJump/v_LongJump_g04_c07.avi,50,50,1,1.0,0
4.194628414647228,6.791477692341784,39.0,0.2588824289405684,398.9457364341085,322.9428708466239,0.0810723514211886,LongJump/v_LongJump_g05_c01.avi,50,50,1,0.9948602318763732,0
6.659902085590224,9.867554367942178,63.71445087262386,0.2220607235142118,399.13178294573646,478.0292777489609,0.0930232558139534,LongJump/v_LongJump_g05_c02.avi,50,50,1,0.9463552832603456,0
3.965686217722456,10.622973712581429,168.0,0.3950258397932816,446.5736434108527,704.9535118566143,0.1146640826873385,LongJump/v_LongJump_g05_c03.avi,50,50,1,0.7360705733299255,0
6.540581802798282,10.868498348512002,245.506109903603,0.3359173126614987,335.1937984496124,273.3706368244765,0.1094961240310077,LongJump/v_LongJump_g05_c04.avi,50,50,1,0.8958238959312439,0
5.722032455042821,10.178163766592837,181.0690476033936,0.229328165374677,342.26356589147287,283.37450278314475,0.1166020671834625,LongJump/v_LongJump_g05_c05.avi,50,50,1,0.999991774559021,0
9.61441613380408,17.171196394258097,178.02527910383964,0.311046511627907,383.13178294573646,323.195272526754,0.1246770025839793,LongJump/v_LongJump_g06_c01.avi,50,50,1,0.8657442331314087,0
7.04986830641158,14.252343577847467,85.0,0.3353520671834625,364.031007751938,295.1836621281004,0.0859173126614987,LongJump/v_LongJump_g06_c02.avi,50,50,1,0.9969547986984252,0
1.1199413072418944,1.407590636548891,16.988967008032006,0.6438953488372093,358.5736434108527,306.3579700562042,0.1388888888888889,LongJump/v_LongJump_g06_c03.avi,50,50,1,0.9999932050704956,0
6.952610588535871,11.569347645931408,56.5311031645412,0.1987241602067183,343.5658914728682,273.97424891614634,0.0839793281653746,LongJump/v_LongJump_g06_c04.avi,50,50,1,0.9997785687446594,0
1.6715714963529045,3.41913178972624,72.3671196055225,0.5887435400516796,350.13953488372096,322.1824978569834,0.2189922480620155,LongJump/v_LongJump_g07_c01.avi,50,50,1,1.0,0
7.003715043200368,11.236395023706438,298.5,0.3136304909560723,325.3333333333333,256.33182628764354,0.0936692506459948,LongJump/v_LongJump_g07_c02.avi,50,50,1,1.0,0
3.423813599990249,7.560860575611935,203.00246303924493,0.3770187338501292,357.6434108527132,313.4838941858855,0.1656976744186046,LongJump/v_LongJump_g07_c03.avi,50,50,1,0.9999998807907104,0
3.19929492066962,8.933181045068924,194.18032856085088,0.4727067183462532,331.5968992248062,272.16494996671634,0.1178940568475452,LongJump/v_LongJump_g07_c04.avi,50,50,1,1.0,0
3.8100009224171214,6.752340386776563,63.00793600809346,0.3365633074935401,336.31007751937983,276.9846999510456,0.1166020671834625,LongJump/v_LongJump_g07_c05.avi,50,50,1,1.0,0
0.8840748210492563,1.8305339467353283,27.322438123271503,0.7332041343669251,857.7364341085271,1421.262576154731,0.1631136950904392,Lunges/v_Lunges_g01_c01.avi,51,51,1,1.0,0
5.359007943857329,8.729922480476862,184.0543398021356,0.3234819121447028,258.17054263565893,303.2765801929058,0.1592377260981912,Lunges/v_Lunges_g01_c02.avi,51,51,1,1.0,0
3.441867005012346,7.878534094029961,281.37519435799595,0.4968507751937984,513.1162790697674,1015.581061981722,0.2525839793281654,Lunges/v_Lunges_g01_c03.avi,51,51,1,1.0,0
2.2976691964115474,3.5672534992613927,55.014202711663465,0.4170704134366925,511.5658914728682,972.5300166345576,0.1211240310077519,Lunges/v_Lunges_g01_c04.avi,51,51,1,1.0,0
5.5143838263668,7.765665333075243,295.00508470194205,0.3384205426356589,772.6511627906976,1317.5478082976006,0.1140180878552971,Lunges/v_Lunges_g01_c05.avi,51,51,1,1.0,0
1.8050536017836396,3.847038015443236,67.11929677819934,0.5699289405684754,531.3488372093024,1009.5288996570796,0.1627906976744186,Lunges/v_Lunges_g01_c06.avi,51,51,1,1.0,0
2.4880688208502737,3.6023088953698923,28.21790211904493,0.4301518087855297,439.50387596899225,820.4488856814813,0.0933462532299741,Lunges/v_Lunges_g01_c07.avi,51,51,1,1.0,0
1.569685827747849,1.5043110423862045,16.677080080157918,0.3036175710594315,261.95348837209303,143.98028829691864,0.0878552971576227,Lunges/v_Lunges_g02_c01.avi,51,51,1,1.0,0
1.1062475218030936,1.7226166665956004,16.828640022295325,0.6949289405684754,278.8217054263566,181.5532659196297,0.08656330749354,Lunges/v_Lunges_g02_c02.avi,51,51,1,1.0,0
0.6389676246219244,0.8334002272133437,15.033296378372908,0.7838339793281653,253.95348837209303,177.05050566885907,0.1786175710594315,Lunges/v_Lunges_g02_c03.avi,51,51,1,1.0,0
1.0295867018729152,1.4304548126329335,16.0,0.6460755813953488,262.8837209302326,167.81013763516023,0.1243540051679586,Lunges/v_Lunges_g02_c04.avi,51,51,1,1.0,0
4.740954196881493,7.302397045397306,145.71547618561317,0.4823966408268734,328.5581395348837,629.3802526563318,0.2215762273901808,Lunges/v_Lunges_g03_c01.avi,51,51,1,1.0,0
4.78801632981075,11.793087254995523,288.0277764383151,0.7231912144702842,807.3178294573644,1363.0841567431855,0.171188630490956,Lunges/v_Lunges_g03_c02.avi,51,51,1,0.9999997615814208,0
2.627902352986744,6.8930642665373725,200.60159520801423,0.6996931524547804,1378.3565891472867,1671.6539542057208,0.1195090439276485,Lunges/v_Lunges_g03_c03.avi,51,51,1,1.0,0
4.551071103389514,10.263289866230464,263.00760445279906,0.6327519379844961,703.5038759689922,1228.8637224829242,0.1382428940568475,Lunges/v_Lunges_g03_c04.avi,51,51,1,0.9999291896820068,0
2.100436291400431,7.476707120014447,162.01234520862909,0.6194282945736435,274.04651162790697,229.9708731292536,0.213501291989664,Lunges/v_Lunges_g04_c01.avi,51,51,1,0.9999957084655762,0
2.609624070403864,5.304545961604875,59.481089431852205,0.5247900516795866,239.93798449612405,178.54674987383945,0.2412790697674418,Lunges/v_Lunges_g04_c02.avi,51,51,1,0.9999762773513794,0
3.03371854737117,7.34233939836779,179.42912946341795,0.6518087855297158,297.48837209302326,303.7049035979547,0.3368863049095607,Lunges/v_Lunges_g04_c03.avi,51,51,1,0.6791604161262512,0
2.2860213461431043,3.9997136068061567,94.58494859120027,0.4960432816537468,221.6434108527132,220.2710732538367,0.4127906976744186,Lunges/v_Lunges_g04_c04.avi,51,51,1,0.9999606609344482,0
11.51772812678558,16.270913222435485,259.8557292037257,0.3221091731266149,256.9922480620155,153.6959898769273,0.1240310077519379,Lunges/v_Lunges_g05_c01.avi,51,51,1,0.4719499349594116,0
6.509475230663766,10.6300377979401,174.4849563716024,0.4328165374677002,262.38759689922483,154.84046854384118,0.1036821705426356,Lunges/v_Lunges_g05_c02.avi,51,51,1,0.9999862909317015,0
10.652452197480184,12.658835918207789,129.9730741346068,0.3000645994832041,265.6124031007752,171.05057550633032,0.1191860465116279,Lunges/v_Lunges_g05_c03.avi,51,51,1,0.9903077483177184,0
6.102204401194777,21.079992010931576,339.7680274834582,0.4182009043927648,327.50387596899225,256.7803067876684,0.087532299741602,Lunges/v_Lunges_g05_c04.avi,51,51,1,0.8657901883125305,0
0.6076689499788476,1.9205509292208207,37.989513355661714,0.8563468992248062,1095.1317829457364,1531.1398367515355,0.1437338501291989,Lunges/v_Lunges_g06_c01.avi,51,14,0,0.999998927116394,1
1.0376628056699366,5.6823677122396665,198.1716427746412,0.7579941860465116,539.0387596899225,1076.6241554698172,0.251937984496124,Lunges/v_Lunges_g06_c02.avi,51,51,1,0.592041552066803,0
2.3459834347185,9.514552716100903,176.63804799646084,0.7725290697674418,494.07751937984494,943.616411459255,0.1773255813953488,Lunges/v_Lunges_g06_c03.avi,51,14,0,0.9998708963394164,1
1.787518061978466,5.321087244535036,65.06919393998976,0.8473029715762274,2188.3410852713178,1905.958606382162,0.1631136950904392,Lunges/v_Lunges_g06_c04.avi,51,46,0,0.9502776265144348,1
1.8065938096744865,5.094184486938546,99.04039579888602,0.7378068475452196,619.5348837209302,1158.0966612032446,0.1944444444444444,Lunges/v_Lunges_g06_c05.avi,51,14,0,0.5141993165016174,1
4.919028106001115,11.21653593988968,196.15543103620655,0.6989664082687338,1348.7751937984497,1705.5018368074675,0.1766795865633074,Lunges/v_Lunges_g06_c06.avi,51,54,0,0.7343876957893372,1
1.8210831985532288,6.107104904431191,236.504756823198,0.8390665374677002,1080.8682170542636,1560.652533868595,0.2386950904392764,Lunges/v_Lunges_g06_c07.avi,51,14,0,0.7454991340637207,1
2.2448915803143867,3.5480942952272487,41.0,0.4744024547803617,311.2558139534884,273.2900404096867,0.1915374677002584,Lunges/v_Lunges_g07_c01.avi,51,51,1,0.9999979734420776,0
4.23491976668737,5.354320157486952,40.5,0.2424095607235142,301.2093023255814,215.47487396171175,0.0746124031007751,Lunges/v_Lunges_g07_c02.avi,51,51,1,0.9997658133506776,0
3.94402215475774,5.418738542018447,59.55302259331595,0.3226744186046512,282.6046511627907,189.99120414583743,0.0888242894056847,Lunges/v_Lunges_g07_c03.avi,51,51,1,0.9977638721466064,0
4.492872114315224,6.2559405565378015,65.75,0.2820574935400516,276.8372093023256,175.52697138968486,0.082687338501292,Lunges/v_Lunges_g07_c04.avi,51,51,1,0.9000177383422852,0
0.9543093598700534,1.2201674659065924,11.25,0.7100290697674418,277.14728682170545,224.72815966952743,0.1883074935400517,Lunges/v_Lunges_g07_c05.avi,51,51,1,0.9774312376976012,0
2.8058397369492183,3.668855690231063,25.96150997149434,0.3579618863049095,247.56589147286823,122.00011722965776,0.1162790697674418,Lunges/v_Lunges_g07_c06.avi,51,51,1,1.0,0
3.4638993999148138,5.936761772963194,177.73013250431114,0.373546511627907,249.24031007751935,193.51841348976012,0.2315891472868217,Lunges/v_Lunges_g07_c07.avi,51,51,1,0.9999995231628418,0
1.496435517302789,6.854874993976363,295.5,0.6893572351421189,791.1317829457364,1243.8654391433463,0.1107881136950904,MilitaryParade/v_MilitaryParade_g01_c01.avi,52,52,1,0.9999991655349731,0
2.3144473283360463,4.942181210597145,50.80354318352215,0.5750968992248062,654.9457364341085,1102.9141406776089,0.1779715762273901,MilitaryParade/v_MilitaryParade_g01_c02.avi,52,52,1,0.9999997615814208,0
1.2656525563230996,3.5147373117894167,129.38701635017324,0.6944444444444444,366.26356589147287,326.64566107230314,0.1854005167958656,MilitaryParade/v_MilitaryParade_g01_c03.avi,52,52,1,1.0,0
3.543520197229675,10.74534695041038,282.0,0.5801033591731266,544.0,950.8400202905044,0.1860465116279069,MilitaryParade/v_MilitaryParade_g01_c04.avi,52,52,1,0.999354898929596,0
1.182628295652196,9.325444604014669,318.5,0.7093830749354005,412.5891472868217,486.4764884716497,0.1030361757105943,MilitaryParade/v_MilitaryParade_g01_c05.avi,52,52,1,0.9999876022338868,0
0.9594279983090688,2.1245306342006245,68.0,0.7991763565891473,721.6124031007752,1150.5966386890072,0.1343669250645995,MilitaryParade/v_MilitaryParade_g01_c06.avi,52,52,1,0.941956639289856,0
1.4317585620115223,2.877809414827289,32.0,0.6968669250645995,534.8837209302326,803.8680097981584,0.1198320413436692,MilitaryParade/v_MilitaryParade_g01_c07.avi,52,5,0,0.9948455095291138,1
4.224428346445809,16.37654084160035,304.8212591011329,0.5510335917312662,235.72093023255812,133.30683710050027,0.1831395348837209,MilitaryParade/v_MilitaryParade_g02_c01.avi,52,52,1,1.0,0
4.111855567055408,7.282437425444225,163.7988476760444,0.2210109819121447,242.04651162790697,125.77831245163097,0.1450258397932816,MilitaryParade/v_MilitaryParade_g02_c02.avi,52,52,1,1.0,0
3.323330193339014,9.271579079230449,216.00014467587744,0.6151485788113695,238.32558139534885,162.53854225286148,0.2186692506459948,MilitaryParade/v_MilitaryParade_g02_c03.avi,52,52,1,1.0,0
1.8425356324655076,6.190137247237646,243.9760490294078,0.4791666666666667,248.8062015503876,158.56674321737214,0.1666666666666666,MilitaryParade/v_MilitaryParade_g02_c04.avi,52,52,1,1.0,0
2.3945486400993325,8.109004707407633,242.5963726027246,0.3194444444444444,269.3953488372093,169.3607872485141,0.1007751937984496,MilitaryParade/v_MilitaryParade_g03_c01.avi,52,52,1,1.0,0
2.723338731471089,11.66186557492343,296.52150006365474,0.2818959948320413,250.4186046511628,131.2781943242279,0.1169250645994832,MilitaryParade/v_MilitaryParade_g03_c02.avi,52,52,1,1.0,0
6.463700920135492,13.240873027849627,254.8761034797103,0.5583817829457365,247.93798449612405,315.58897201083005,0.2435400516795865,MilitaryParade/v_MilitaryParade_g03_c03.avi,52,52,1,1.0,0
2.346002061873328,4.654129591932591,109.41663493271945,0.619751291989664,214.07751937984497,176.2331794119072,0.3527131782945736,MilitaryParade/v_MilitaryParade_g03_c04.avi,52,52,1,1.0,0
1.890319932110594,3.9767199212775126,115.0,0.536498708010336,264.5581395348837,187.6039001832865,0.1556847545219638,MilitaryParade/v_MilitaryParade_g04_c01.avi,52,52,1,1.0,0
1.8929158174241136,5.362829091259004,152.00005139801763,0.5499838501291989,246.07751937984497,191.24600061291653,0.2403100775193798,MilitaryParade/v_MilitaryParade_g04_c02.avi,52,52,1,1.0,0
2.9212377516394104,6.076426864160629,129.77865772152214,0.509124677002584,240.49612403100772,209.60561431142136,0.3042635658914728,MilitaryParade/v_MilitaryParade_g04_c03.avi,52,52,1,1.0,0
2.836769213847394,10.361424570089316,192.78226059469267,0.568233204134367,246.57364341085272,211.71740618221264,0.2829457364341085,MilitaryParade/v_MilitaryParade_g04_c04.avi,52,52,1,1.0,0
2.50852276387566,5.50810701122066,232.10046316196787,0.4136789405684754,262.38759689922483,206.27761492659965,0.2044573643410852,MilitaryParade/v_MilitaryParade_g05_c01.avi,52,52,1,1.0,0
0.2051720532688415,2.3491357318109323,250.0,0.9563953488372092,397.1472868217055,358.4494407338449,0.2170542635658914,MilitaryParade/v_MilitaryParade_g05_c02.avi,52,52,1,0.9999998807907104,0
0.3173109955081246,1.3667994353077846,27.018512172212592,0.9102874677002584,268.8992248062016,278.585681779273,0.3682170542635659,MilitaryParade/v_MilitaryParade_g05_c03.avi,52,52,1,0.9848902821540833,0
2.2039582354327947,11.33044881446726,246.0731598529185,0.5518410852713178,227.1627906976744,154.1308610771965,0.2535529715762274,MilitaryParade/v_MilitaryParade_g05_c04.avi,52,52,1,0.9999984502792358,0
2.038360699161279,5.530827488205055,195.7804893241408,0.4991117571059431,242.54263565891472,121.59757033934991,0.1372739018087855,MilitaryParade/v_MilitaryParade_g06_c01.avi,52,52,1,1.0,0
3.510020722674976,8.385323989231422,302.0198668962027,0.4128714470284237,246.2635658914729,133.153843492769,0.1372739018087855,MilitaryParade/v_MilitaryParade_g06_c02.avi,52,52,1,0.9999997615814208,0
3.3178347147911493,6.4456710624907485,77.34056180297632,0.4666505167958656,242.1705426356589,133.05988184091967,0.1547157622739018,MilitaryParade/v_MilitaryParade_g06_c03.avi,52,52,1,0.9999992847442628,0
3.7185949525010944,7.0546675207628775,144.63164418618769,0.4137596899224806,233.3023255813953,119.66999874338946,0.1750645994832041,MilitaryParade/v_MilitaryParade_g06_c04.avi,52,52,1,0.9999417066574096,0
2.021380221359901,3.54878195096315,181.3339460773961,0.4513888888888889,219.7829457364341,132.472548640315,0.2532299741602067,MilitaryParade/v_MilitaryParade_g07_c01.avi,52,52,1,1.0,0
1.6622365816682445,3.283940037840081,50.00999900019995,0.584625322997416,238.51162790697677,128.01460165498622,0.1634366925064599,MilitaryParade/v_MilitaryParade_g07_c02.avi,52,52,1,1.0,0
1.624623668783595,3.523176244452733,136.23509092741122,0.563468992248062,235.34883720930236,181.84569023429577,0.2677648578811369,MilitaryParade/v_MilitaryParade_g07_c03.avi,52,52,1,1.0,0
1.7894536386599356,3.122301050984281,101.51354589413178,0.4895833333333333,225.92248062015503,131.3525118253883,0.2238372093023256,MilitaryParade/v_MilitaryParade_g07_c04.avi,52,52,1,1.0,0
2.096928702896821,4.051657221575684,76.4198926981712,0.488452842377261,250.2325581395349,123.9453812960318,0.1075581395348837,MilitaryParade/v_MilitaryParade_g07_c05.avi,52,52,1,1.0,0
1.8550523504186565,7.604940098289567,250.75012462609067,0.5466731266149871,252.34108527131784,137.0683355924263,0.1172480620155038,MilitaryParade/v_MilitaryParade_g07_c06.avi,52,52,1,1.0,0
0.8640734418898364,1.91394919150014,27.0,0.7301356589147286,609.8604651162791,477.3596752971324,0.1104651162790697,Mixing/v_Mixing_g01_c01.avi,53,53,1,0.9999520778656006,0
0.6082759119773414,3.2036554810706352,107.375,0.9204618863049095,614.5116279069767,492.6632121058626,0.1895994832041343,Mixing/v_Mixing_g01_c02.avi,53,53,1,1.0,0
0.6891008863994365,2.716113307461144,44.40720662234904,0.9030200258397932,592.5581395348837,410.9022009101652,0.1282299741602067,Mixing/v_Mixing_g01_c03.avi,53,53,1,1.0,0
0.4608580790597528,2.050634144206276,55.75014013435303,0.9195736434108528,614.077519379845,541.8459635858808,0.1350129198966408,Mixing/v_Mixing_g01_c04.avi,53,53,1,1.0,0
0.3400286741561301,1.519468731697881,27.62754513162543,0.9231266149870802,559.0697674418604,411.1767229040154,0.1527777777777778,Mixing/v_Mixing_g01_c05.avi,53,53,1,1.0,0
0.477595671894118,2.219913536526394,99.75,0.8778262273901809,648.0,477.807395272137,0.108204134366925,Mixing/v_Mixing_g01_c06.avi,53,53,1,1.0,0
0.5875167611801948,1.6059663273231384,29.379255010976703,0.8389050387596899,694.5116279069767,591.8585772346188,0.1243540051679586,Mixing/v_Mixing_g01_c07.avi,53,53,1,0.9999998807907104,0
1.0488625677723378,2.85775129776297,51.62363799656123,0.7337693798449613,1288.124031007752,1559.640263669212,0.1230620155038759,Mixing/v_Mixing_g02_c01.avi,53,53,1,0.99999737739563,0
0.7482974010912977,2.033184225237473,35.96113353330231,0.7826227390180879,1784.7441860465117,1804.2391953657657,0.1566537467700258,Mixing/v_Mixing_g02_c02.avi,53,53,1,1.0,0
2.5894648623041614,6.133613909521179,91.75,0.7724483204134367,1353.0542635658917,1649.8014929220165,0.187984496124031,Mixing/v_Mixing_g02_c03.avi,53,53,1,0.9999992847442628,0
0.5654385786617198,3.1891806433201726,59.09314681077663,0.9106104651162792,2193.6124031007757,1885.04600856844,0.1524547803617571,Mixing/v_Mixing_g02_c04.avi,53,53,1,0.9997091889381408,0
1.305875657611164,4.9346676251515085,52.4316519384999,0.8135497416020672,1626.9147286821706,1761.7012040251564,0.1543927648578811,Mixing/v_Mixing_g02_c05.avi,53,53,1,0.9999110698699952,0
0.4919443651836899,1.6643338772034026,42.42640687119285,0.8553779069767442,1749.7054263565892,1756.6878471419266,0.1324289405684754,Mixing/v_Mixing_g02_c06.avi,53,53,1,0.9999966621398926,0
0.6631735920065271,1.7454735155500378,27.3610124081694,0.8168604651162791,276.15503875968994,276.5019155382406,0.3330103359173126,Mixing/v_Mixing_g03_c01.avi,53,53,1,0.9999996423721312,0
1.74707906720538,5.760940340261893,279.00716836669267,0.7541182170542635,200.24806201550388,134.44044420813208,0.3472222222222222,Mixing/v_Mixing_g03_c02.avi,53,53,1,1.0,0
1.6953936364308335,4.2184154121883495,64.93843238021688,0.654312015503876,220.34108527131784,133.1167521664697,0.2516149870801034,Mixing/v_Mixing_g03_c03.avi,53,53,1,1.0,0
1.7501502427249978,4.755212805021673,71.94235974028096,0.6773255813953488,233.73643410852716,157.2743378772464,0.2296511627906976,Mixing/v_Mixing_g03_c04.avi,53,53,1,1.0,0
1.1612171333980277,7.582230202852241,206.25,0.7573481912144703,227.2248062015504,130.6907848515628,0.2170542635658914,Mixing/v_Mixing_g03_c05.avi,53,53,1,1.0,0
0.3425360835212638,1.077650224016644,17.793959649274246,0.9026970284237726,391.8139534883721,362.5788290112381,0.2474160206718346,Mixing/v_Mixing_g03_c06.avi,53,53,1,1.0,0
0.6994846916598657,1.787905528559437,27.277509050497997,0.8125,378.04651162790697,364.219583237108,0.2919896640826873,Mixing/v_Mixing_g03_c07.avi,53,53,1,1.0,0
1.469750959268237,2.085599778723867,29.267089025046545,0.5296350129198967,287.2558139534884,208.5846092365973,0.1111111111111111,Mixing/v_Mixing_g04_c01.avi,53,53,1,1.0,0
1.3778726567265969,2.341266519850824,21.0535032714273,0.6236272609819121,201.92248062015503,109.4676060825458,0.3062015503875969,Mixing/v_Mixing_g04_c02.avi,53,53,1,0.9999818801879884,0
1.7244555341579344,2.981919819674981,27.018512172212592,0.6229005167958657,222.13953488372093,125.82852514163294,0.233204134366925,Mixing/v_Mixing_g04_c03.avi,53,53,1,0.9999997615814208,0
3.6440728865998846,5.776111459182119,46.73010940496502,0.4140826873385013,230.13953488372093,129.14991854526576,0.2018733850129199,Mixing/v_Mixing_g04_c04.avi,53,53,1,0.99189692735672,0
1.883014385404614,2.8625001359391065,24.596747752497688,0.5447351421188631,259.7829457364341,144.67225516517826,0.0978682170542635,Mixing/v_Mixing_g04_c05.avi,53,53,1,1.0,0
1.95194420049102,3.386724022724,34.08537076224931,0.4865956072351421,254.57364341085272,135.53756166893243,0.1056201550387596,Mixing/v_Mixing_g04_c06.avi,53,53,1,0.9993497729301452,0
0.7818787742661344,1.5941972303253518,20.223748416156685,0.784156976744186,264.1240310077519,161.2401073343985,0.1075581395348837,Mixing/v_Mixing_g04_c07.avi,53,53,1,0.9985452890396118,0
4.528099040818465,9.64414049531628,225.30423875284723,0.4334625322997416,260.4651162790698,186.02567325159023,0.169250645994832,Mixing/v_Mixing_g05_c01.avi,53,53,1,1.0,0
7.161119527397718,13.79564866340366,149.2904572469386,0.4786014211886304,273.3643410852713,217.5462861908209,0.1860465116279069,Mixing/v_Mixing_g05_c02.avi,53,53,1,1.0,0
4.797842332080642,9.845132151304524,128.85068878356842,0.5465116279069767,227.03875968992247,164.64179596416758,0.2722868217054263,Mixing/v_Mixing_g05_c03.avi,53,53,1,0.99999737739563,0
4.465592027852276,9.174022417231928,155.29231508674215,0.5061369509043928,257.92248062015506,215.18024218409244,0.2432170542635658,Mixing/v_Mixing_g05_c04.avi,53,53,1,1.0,0
5.557601504688791,14.230738843050924,180.413414135424,0.6076388888888888,295.3178294573643,252.0667434837102,0.1892764857881137,Mixing/v_Mixing_g05_c05.avi,53,53,1,0.9999841451644896,0
4.450329402588008,8.992623908967529,186.7450216873264,0.5233365633074936,246.69767441860463,192.2086481228052,0.2396640826873385,Mixing/v_Mixing_g05_c06.avi,53,53,1,0.9996664524078368,0
3.77448591853222,10.718009556273186,148.43180252223578,0.6086886304909561,248.49612403100772,199.9075803531504,0.2483850129198966,Mixing/v_Mixing_g05_c07.avi,53,53,1,0.9917199611663818,0
0.4456069351841655,1.5720905274144323,31.38470965295043,0.8812984496124031,233.984496124031,213.6699615594296,0.3420542635658914,Mixing/v_Mixing_g06_c01.avi,53,53,1,0.8526226282119751,0
1.263662061180804,5.516880247660947,173.87517972672237,0.7675226098191215,245.02325581395348,206.66133270622083,0.2781007751937984,Mixing/v_Mixing_g06_c02.avi,53,53,1,1.0,0
0.1415814230996977,0.5546968279606455,8.5,0.9734334625322998,204.15503875968992,207.3336991053032,0.4638242894056847,Mixing/v_Mixing_g06_c03.avi,53,53,1,0.95867919921875,0
0.3061825165666174,0.8454886536101821,12.020815280171307,0.9177164082687338,253.02325581395348,246.11752613024015,0.3410852713178294,Mixing/v_Mixing_g06_c04.avi,53,53,1,0.9104057550430298,0
0.1539139021880089,0.7017138611400678,16.492422502470642,0.965439276485788,295.7519379844961,299.7556635746545,0.3304263565891472,Mixing/v_Mixing_g06_c05.avi,53,53,1,0.9999990463256836,0
0.3601095505683956,1.2113095412576764,16.76305461424021,0.9075419896640828,307.84496124031006,303.151980448429,0.2971576227390181,Mixing/v_Mixing_g06_c06.avi,53,53,1,0.9996799230575562,0
1.86291902413481,7.125578053099625,247.8911051248108,0.5444121447028424,232.74418604651163,145.97420814288438,0.2154392764857881,Mixing/v_Mixing_g07_c01.avi,53,53,1,1.0,0
7.4040393238035795,10.8159253850528,187.7541610723981,0.2266634366925064,264.6821705426357,174.37454051490676,0.1291989664082687,Mixing/v_Mixing_g07_c02.avi,53,53,1,0.999990463256836,0
3.979005381504736,4.924896636038998,173.0028901492689,0.2612241602067183,242.35658914728683,156.0199648549099,0.189922480620155,Mixing/v_Mixing_g07_c03.avi,53,53,1,0.9999998807907104,0
5.618729958613254,9.036275845379937,254.84468309148613,0.2168120155038759,236.89922480620157,125.24282429807612,0.1666666666666666,Mixing/v_Mixing_g07_c04.avi,53,53,1,0.999995231628418,0
9.781894820486222,10.825308390911168,155.2707313050338,0.2632428940568475,249.11627906976744,145.86983833195913,0.1443798449612403,Mixing/v_Mixing_g07_c05.avi,53,53,1,0.9999772310256958,0
2.157134930180047,10.75385155315149,288.3400769924292,0.5705749354005168,276.8372093023256,312.2319449586751,0.1136950904392764,MoppingFloor/v_MoppingFloor_g01_c01.avi,54,54,1,1.0,0
1.3439113682758632,2.022866213446599,28.64000698323937,0.6099806201550387,233.1782945736434,111.50766995640716,0.165374677002584,MoppingFloor/v_MoppingFloor_g01_c02.avi,54,54,1,0.9999994039535522,0
1.217707236293586,1.5095328949978837,18.936159193458423,0.5707364341085271,223.75193798449607,135.968762429866,0.2403100775193798,MoppingFloor/v_MoppingFloor_g01_c03.avi,54,54,1,0.999968647956848,0
0.728194174914347,1.229358240852026,14.212670403551895,0.8359980620155039,222.07751937984497,135.86778870008013,0.2477390180878552,MoppingFloor/v_MoppingFloor_g01_c04.avi,54,54,1,0.9937210083007812,0
2.011776049102656,5.360976203381676,101.23803941700965,0.7272286821705426,1197.7054263565892,1369.4202496688565,0.1469638242894057,MoppingFloor/v_MoppingFloor_g02_c01.avi,54,54,1,0.9996554851531982,0
1.8602953804044453,7.063844036823739,96.00919552313728,0.8648255813953488,1020.7131782945736,1169.235881095122,0.126937984496124,MoppingFloor/v_MoppingFloor_g02_c02.avi,54,54,1,1.0,0
0.0385349853158804,0.1823697512639766,5.70087712549569,0.9919250645994832,1310.5736434108528,1358.9328963085966,0.0823643410852713,MoppingFloor/v_MoppingFloor_g02_c03.avi,54,54,1,0.9999990463256836,0
0.2573691526798459,1.4205083271575891,71.0,0.9348352713178296,722.6046511627907,729.1485362293087,0.1369509043927648,MoppingFloor/v_MoppingFloor_g02_c04.avi,54,54,1,1.0,0
0.8451385739789685,2.52547064416879,80.5,0.7658268733850129,570.4186046511628,654.599832759844,0.2280361757105943,MoppingFloor/v_MoppingFloor_g02_c05.avi,54,54,1,0.9999914169311525,0
3.1821544004463305,6.683362571525367,115.0,0.6917797157622739,719.0697674418604,989.70433441059,0.2483850129198966,MoppingFloor/v_MoppingFloor_g02_c06.avi,54,54,1,0.7195318937301636,0
1.5585875391441906,4.365785338396095,141.7391971192161,0.6638404392764858,468.2170542635659,581.46936252404,0.2021963824289405,MoppingFloor/v_MoppingFloor_g03_c01.avi,54,54,1,1.0,0
1.666367226070064,4.088255360635855,87.2331645648603,0.5429586563307494,421.0232558139535,510.0880675613471,0.2102713178294573,MoppingFloor/v_MoppingFloor_g03_c02.avi,54,54,1,1.0,0
1.3174386738760488,4.108785026573797,99.32270636667126,0.6589954780361758,346.5426356589147,326.1091035328618,0.2441860465116279,MoppingFloor/v_MoppingFloor_g03_c03.avi,54,54,1,1.0,0
1.745008791431552,4.360374766064275,345.028984289726,0.5209948320413437,348.3410852713178,411.11805385250767,0.2477390180878552,MoppingFloor/v_MoppingFloor_g03_c04.avi,54,54,1,1.0,0
1.82583108397874,3.5119143616998936,213.38184669741707,0.5742894056847545,272.62015503875966,334.35345902617286,0.2080103359173126,MoppingFloor/v_MoppingFloor_g04_c01.avi,54,54,1,1.0,0
1.3231026898195912,2.430745969435843,38.07886552931954,0.5905200258397932,235.4108527131783,153.4044465564929,0.2157622739018088,MoppingFloor/v_MoppingFloor_g04_c02.avi,54,54,1,1.0,0
0.986523834098014,1.8687037082879023,21.783738200777204,0.684593023255814,258.7906976744186,316.5271257077591,0.2012273901808785,MoppingFloor/v_MoppingFloor_g04_c03.avi,54,54,1,1.0,0
0.9566134904420512,1.5664747876408616,20.40412029468558,0.6843507751937985,218.35658914728683,121.90082374076134,0.2451550387596899,MoppingFloor/v_MoppingFloor_g04_c04.avi,54,54,1,1.0,0
1.7510766133601263,2.8701172187462114,51.534120978241205,0.6025516795865633,231.0077519379845,146.01351196496017,0.2231912144702842,MoppingFloor/v_MoppingFloor_g04_c05.avi,54,54,1,1.0,0
1.1218562913007175,1.869745385983537,21.34391013849149,0.7175387596899225,243.03875968992247,191.3443425147844,0.2535529715762274,MoppingFloor/v_MoppingFloor_g04_c06.avi,54,54,1,1.0,0
5.705016501643077,10.3034546064028,202.6055280588365,0.2063953488372093,297.1162790697674,323.6079460678426,0.0752583979328165,MoppingFloor/v_MoppingFloor_g05_c01.avi,54,54,1,0.8148826956748962,0
2.418973230641176,4.392763092275896,39.92492955535426,0.4366925064599483,301.5813953488372,210.75834641622032,0.0623385012919896,MoppingFloor/v_MoppingFloor_g05_c02.avi,54,54,1,0.9963749051094056,0
0.9711405535860478,2.143852834747285,58.33630944789017,0.7719638242894057,265.86046511627904,246.73548414175733,0.2897286821705426,MoppingFloor/v_MoppingFloor_g05_c03.avi,54,2,0,0.9998177886009216,1
1.167507987508552,1.9448134024852253,25.019992006393608,0.6800710594315246,291.5348837209302,240.08558055915887,0.1715116279069767,MoppingFloor/v_MoppingFloor_g05_c04.avi,54,2,0,0.9999948740005492,1
9.33791580671256,12.317967238962446,180.8535318980528,0.2001776485788113,327.50387596899225,247.3324387465071,0.0616925064599483,MoppingFloor/v_MoppingFloor_g05_c05.avi,54,3,0,1.0,1
4.890856606983173,6.878339821773047,77.98717843338096,0.2590439276485788,239.93798449612405,119.40107331643227,0.145671834625323,MoppingFloor/v_MoppingFloor_g06_c01.avi,54,54,1,1.0,0
3.2132311146079027,3.416893833299016,26.14532702033004,0.2960271317829457,244.27906976744185,112.21041811711775,0.1178940568475452,MoppingFloor/v_MoppingFloor_g06_c02.avi,54,54,1,1.0,0
2.851354283924464,3.8092128057089103,109.12378292562992,0.2837532299741602,256.0,163.31450611313358,0.1447028423772609,MoppingFloor/v_MoppingFloor_g06_c03.avi,54,54,1,1.0,0
1.6741889444112268,2.0756839025280787,43.56604182158393,0.4027777777777778,305.05426356589146,238.24241156408007,0.1166020671834625,MoppingFloor/v_MoppingFloor_g06_c04.avi,54,54,1,1.0,0
0.1729942874023637,0.7706291627417229,23.0,0.9554263565891472,466.91472868217056,417.2710908647255,0.3071705426356589,MoppingFloor/v_MoppingFloor_g07_c01.avi,54,54,1,0.9456209540367126,0
0.1299895851156191,0.7285647880241527,16.81703005884214,0.9714147286821704,521.6744186046511,546.5563959892473,0.2351421188630491,MoppingFloor/v_MoppingFloor_g07_c02.avi,54,54,1,0.9996479749679564,0
0.0949475448100621,0.2664961362575938,4.609772228646444,0.9839308785529716,485.5193798449613,405.5763838203523,0.2218992248062015,MoppingFloor/v_MoppingFloor_g07_c03.avi,54,54,1,0.9744739532470704,0
0.2603305939691438,0.6385329576686495,20.28122592448494,0.9294250645994832,509.5813953488372,413.9413638151216,0.2218992248062015,MoppingFloor/v_MoppingFloor_g07_c04.avi,54,54,1,0.999985694885254,0
0.1129657771112019,0.6900788912349217,51.03920062069938,0.968346253229974,716.4651162790698,682.9142528093133,0.108204134366925,MoppingFloor/v_MoppingFloor_g07_c05.avi,54,54,1,0.9999531507492064,0
0.1487976871195054,0.5461919779381221,19.0,0.9731104651162792,243.10077519379848,233.8823611061945,0.3514211886304909,Nunchucks/v_Nunchucks_g01_c01.avi,55,32,0,0.6324455738067627,1
0.0754914419777481,0.4209717979148611,10.71360116860806,0.9732719638242894,336.9922480620155,290.81997138068243,0.1569767441860465,Nunchucks/v_Nunchucks_g01_c02.avi,55,55,1,0.7172812223434448,0
0.2967358993604816,1.366163939160727,36.28102120944227,0.9242571059431524,373.953488372093,323.5067990003597,0.1518087855297157,Nunchucks/v_Nunchucks_g01_c03.avi,55,55,1,0.99762624502182,0
0.1586903788674853,1.0012343543225508,23.60250251562321,0.9579295865633076,355.90697674418607,313.05425742330976,0.1695736434108527,Nunchucks/v_Nunchucks_g01_c04.avi,55,55,1,0.6521879434585571,0
2.20632559888798,2.3746761751110226,20.756023222187817,0.2955426356589147,299.0387596899225,267.5183802451792,0.2189922480620155,Nunchucks/v_Nunchucks_g02_c01.avi,55,76,0,0.8826872706413269,1
1.5184494184264032,1.830595855902369,16.0,0.5173611111111112,315.3488372093023,270.98432836527314,0.170219638242894,Nunchucks/v_Nunchucks_g02_c02.avi,55,46,0,0.923680305480957,1
0.796359731338539,1.837139682634156,73.75,0.786498708010336,298.2325581395349,271.46774507183386,0.2335271317829457,Nunchucks/v_Nunchucks_g02_c03.avi,55,46,0,0.6563493609428406,1
0.5771717086884401,0.8245688809077752,18.027756377319943,0.8433462532299741,301.95348837209303,249.82430602961773,0.1585917312661498,Nunchucks/v_Nunchucks_g02_c04.avi,55,76,0,0.5449879169464111,1
0.4813887049674638,0.8868336338107128,24.748737341529164,0.864906330749354,274.91472868217056,257.8757597322488,0.2839147286821705,Nunchucks/v_Nunchucks_g02_c05.avi,55,76,0,0.9982357025146484,1
0.6831170728578381,0.9319476877710012,9.5818839483684,0.8074127906976745,287.1937984496124,253.92833260799327,0.2251291989664082,Nunchucks/v_Nunchucks_g02_c06.avi,55,76,0,0.992319643497467,1
0.1379400738499587,0.4969757344013503,14.2587692315992,0.9672157622739018,288.9922480620155,278.981994810202,0.2906976744186046,Nunchucks/v_Nunchucks_g03_c01.avi,55,32,0,0.9994296431541444,1
0.1740832189289407,0.9257752306685352,34.20526275297414,0.965439276485788,266.4806201550388,242.57287247676916,0.2761627906976744,Nunchucks/v_Nunchucks_g03_c02.avi,55,90,0,0.5013336539268494,1
0.1525464195756536,0.5342830174176192,10.0,0.966327519379845,239.4418604651163,200.13684880026835,0.2877906976744186,Nunchucks/v_Nunchucks_g03_c03.avi,55,90,0,0.9383025765419006,1
0.1880402794531811,0.5710628801541834,16.841633679664216,0.9594638242894056,231.68992248062017,188.44355552624725,0.2971576227390181,Nunchucks/v_Nunchucks_g03_c04.avi,55,32,0,0.6247330904006958,1
0.2059678134547793,0.5904318688186234,14.0356688476182,0.9563145994832042,312.9922480620155,365.9674339754907,0.1760335917312661,Nunchucks/v_Nunchucks_g03_c05.avi,55,32,0,0.9739325046539308,1
0.1574784617627869,0.4514750412369395,16.278820596099706,0.9656815245478036,300.031007751938,285.94985026744934,0.270671834625323,Nunchucks/v_Nunchucks_g03_c06.avi,55,90,0,0.9928411245346068,1
0.0852963073831192,0.4494683734074895,14.188463623662711,0.982719638242894,295.68992248062017,373.3675330082212,0.268733850129199,Nunchucks/v_Nunchucks_g03_c07.avi,55,90,0,0.999990463256836,1
0.7367493377128008,1.440362030368868,24.95245478905833,0.7625161498708011,564.5891472868217,807.9706957269776,0.1266149870801033,Nunchucks/v_Nunchucks_g04_c01.avi,55,55,1,1.0,0
0.3211544138022646,1.8607109851323904,78.95647535193045,0.909156976744186,722.7286821705426,878.3863972197794,0.1156330749354005,Nunchucks/v_Nunchucks_g04_c02.avi,55,55,1,1.0,0
0.873396847120269,2.9357046141539938,89.05054744357274,0.7826227390180879,726.2015503875969,979.218097978407,0.1427648578811369,Nunchucks/v_Nunchucks_g04_c03.avi,55,55,1,1.0,0
0.4682840407611713,1.0278910176274982,19.756328100130347,0.8464147286821705,688.1860465116279,880.1792432626529,0.108204134366925,Nunchucks/v_Nunchucks_g04_c04.avi,55,55,1,1.0,0
1.0036068281993116,2.862664376255273,93.52581528647583,0.7391795865633075,839.1317829457364,1188.2399424896594,0.1295219638242894,Nunchucks/v_Nunchucks_g04_c05.avi,55,55,1,0.9999985694885254,0
0.6015721232356912,2.265071645791433,70.02856560004639,0.8465762273901809,536.9922480620155,588.4127710095987,0.1437338501291989,Nunchucks/v_Nunchucks_g04_c06.avi,55,55,1,1.0,0
0.2463257296417167,1.173985432382443,73.49245284381247,0.931686046511628,1266.7906976744189,1404.436700091759,0.1256459948320413,Nunchucks/v_Nunchucks_g05_c01.avi,55,55,1,0.9999932050704956,0
0.7424573526424988,7.600218001124502,179.4017837146554,0.9257105943152456,772.2170542635658,1094.4369899544104,0.1705426356589147,Nunchucks/v_Nunchucks_g05_c02.avi,55,55,1,0.9999921321868896,0
0.3299496900033719,2.802300084905018,236.12920192132103,0.9421027131782944,868.3410852713179,1130.7133269962303,0.1350129198966408,Nunchucks/v_Nunchucks_g05_c03.avi,55,55,1,0.9999685287475586,0
0.4456163163165761,2.8458702314884703,116.51716611727218,0.9179586563307494,1050.6666666666667,1309.9304279610392,0.1634366925064599,Nunchucks/v_Nunchucks_g05_c04.avi,55,55,1,0.997503101825714,0
4.899914647286774,11.002375723778869,152.0,0.6584302325581395,448.5581395348837,519.2162833977532,0.1999354005167958,Nunchucks/v_Nunchucks_g06_c01.avi,55,55,1,0.9855341911315918,0
6.889458632380152,15.635892008375697,200.02249873451737,0.6715923772609819,273.86046511627904,231.09583045913573,0.2170542635658914,Nunchucks/v_Nunchucks_g06_c02.avi,55,76,0,0.9999934434890748,1
5.83446118263773,18.56729924507106,299.015049788468,0.7332848837209303,463.5658914728682,576.5232851945289,0.1799095607235142,Nunchucks/v_Nunchucks_g06_c03.avi,55,76,0,0.9875091910362244,1
2.264008948252322,4.453368623160256,74.26725388756473,0.5855135658914729,310.2015503875969,289.0990919370668,0.2435400516795865,Nunchucks/v_Nunchucks_g06_c04.avi,55,76,0,0.9999328851699828,1
0.5439727718001494,1.8982079761144817,141.91904602624697,0.843265503875969,322.04651162790697,584.0537548328432,0.2761627906976744,Nunchucks/v_Nunchucks_g07_c01.avi,55,55,1,0.9999847412109376,0
0.3726858282739235,3.401352136823692,374.1243108914469,0.9441214470284238,322.2325581395349,455.21867156342296,0.210594315245478,Nunchucks/v_Nunchucks_g07_c02.avi,55,55,1,0.9984413981437684,0
0.6595432786731245,2.4299279643690816,105.23307464861035,0.8175064599483204,645.5193798449612,1131.352124437561,0.190891472868217,Nunchucks/v_Nunchucks_g07_c03.avi,55,55,1,0.9997052550315856,0
0.3824278692410743,0.7867954894924997,17.278056893065262,0.8941375968992248,277.8914728682171,430.80284237346376,0.2567829457364341,Nunchucks/v_Nunchucks_g07_c04.avi,55,55,1,0.9994636178016664,0
1.2915362462385227,1.647760614767738,15.628499608087784,0.5877745478036176,329.984496124031,253.2713709769208,0.0694444444444444,ParallelBars/v_ParallelBars_g01_c01.avi,56,56,1,1.0,0
0.1021015752484912,0.3323147285526822,9.055385138137416,0.9909560723514212,476.09302325581393,414.40435336861503,0.2774547803617571,ParallelBars/v_ParallelBars_g01_c02.avi,56,56,1,1.0,0
0.8628593775722929,1.952604523325119,35.0,0.7680071059431525,440.2480620155039,567.1879230163704,0.1695736434108527,ParallelBars/v_ParallelBars_g01_c03.avi,56,56,1,1.0,0
0.6705374327802353,1.0699736811435945,13.46291201783626,0.725452196382429,334.7596899224806,257.5080573795851,0.0652454780361757,ParallelBars/v_ParallelBars_g01_c04.avi,56,56,1,1.0,0
1.5320433209927289,3.3838189248711346,95.13148795220224,0.5780038759689923,260.52713178294573,282.137304456876,0.4131136950904392,ParallelBars/v_ParallelBars_g02_c01.avi,56,56,1,1.0,0
0.417644034526943,0.955153628461992,33.514922049737784,0.8842861757105943,183.68992248062017,220.59517092023412,0.5936692506459949,ParallelBars/v_ParallelBars_g02_c02.avi,56,56,1,1.0,0
0.5368643270562371,1.227020551480817,22.02271554554524,0.8453649870801033,494.5736434108527,405.54782119291735,0.2070413436692506,ParallelBars/v_ParallelBars_g02_c03.avi,56,56,1,1.0,0
0.1106619014146468,0.4422186781140858,7.5,0.9857073643410852,294.4496124031008,309.71066670925813,0.3682170542635659,ParallelBars/v_ParallelBars_g02_c04.avi,56,56,1,0.9999723434448242,0
0.8165132052791437,2.9312941026242294,31.37001952501783,0.8909076227390181,292.8992248062016,309.9952448987955,0.375,ParallelBars/v_ParallelBars_g03_c01.avi,56,56,1,1.0,0
0.4732207625724359,0.8670927982375215,27.75112610327732,0.8108042635658915,396.5891472868217,446.6294375160039,0.2729328165374677,ParallelBars/v_ParallelBars_g03_c02.avi,56,56,1,0.8495684266090393,0
0.7960870395090957,1.4306693747600872,16.0,0.7805232558139535,345.6744186046512,290.72897319878547,0.1285529715762274,ParallelBars/v_ParallelBars_g03_c03.avi,56,56,1,1.0,0
0.7328083221191265,1.066568460656021,18.0,0.7410368217054264,363.6589147286822,291.3823907073419,0.0749354005167958,ParallelBars/v_ParallelBars_g03_c04.avi,56,56,1,1.0,0
0.084193924534839,0.4478486804323107,15.042647705773076,0.9837693798449612,396.9612403100775,565.0875819214864,0.2606589147286822,ParallelBars/v_ParallelBars_g04_c01.avi,56,56,1,1.0,0
0.0653655350545661,0.2510540743831272,8.101890211549401,0.9844961240310076,377.48837209302326,438.401343790008,0.2858527131782946,ParallelBars/v_ParallelBars_g04_c02.avi,56,56,1,1.0,0
0.6369400931076004,1.194180597912632,17.88854381999832,0.7757590439276486,313.6124031007752,304.2102575134436,0.2800387596899225,ParallelBars/v_ParallelBars_g04_c03.avi,56,56,1,1.0,0
0.0525511008944748,0.1984139499589652,4.430011286667337,0.988937338501292,319.13178294573646,312.9886784946276,0.2900516795865633,ParallelBars/v_ParallelBars_g04_c04.avi,56,56,1,1.0,0
0.0392047602845339,0.1774633981561125,2.625,0.996124031007752,364.6511627906977,419.7407219480123,0.2364341085271318,ParallelBars/v_ParallelBars_g04_c05.avi,56,56,1,1.0,0
0.0544403778498266,0.3041935432394747,13.25943060617612,0.9903100775193798,306.4186046511628,301.0878132402139,0.2955426356589147,ParallelBars/v_ParallelBars_g04_c06.avi,56,56,1,1.0,0
0.0843006919016543,0.3264364045166218,9.637978263100615,0.9882105943152456,280.9922480620155,302.48911816224745,0.395671834625323,ParallelBars/v_ParallelBars_g04_c07.avi,56,56,1,1.0,0
0.7542825193387935,0.9893844985290012,13.0,0.7554102067183462,305.2403100775194,252.21317349957272,0.1531007751937984,ParallelBars/v_ParallelBars_g05_c01.avi,56,56,1,1.0,0
0.647834008340121,0.7426261993273451,9.513148795220223,0.7276324289405685,288.4961240310077,256.5415820453094,0.2273901808785529,ParallelBars/v_ParallelBars_g05_c02.avi,56,56,1,1.0,0
0.8200898472701648,1.2967424891374433,19.6468827043885,0.7673611111111112,265.30232558139534,252.69335538366812,0.3081395348837209,ParallelBars/v_ParallelBars_g05_c03.avi,56,56,1,1.0,0
0.8846579087535519,1.193704400903986,10.75,0.7231912144702842,302.3255813953488,253.39992482976737,0.1669896640826873,ParallelBars/v_ParallelBars_g05_c04.avi,56,56,1,1.0,0
0.8115548110673764,1.272741904401404,16.56804152578089,0.7555717054263565,265.984496124031,250.03819815144973,0.2981266149870801,ParallelBars/v_ParallelBars_g05_c05.avi,56,56,1,1.0,0
3.080699063669025,2.796520431467977,18.11767093199344,0.1786175710594315,285.51937984496124,193.07656435191967,0.0839793281653746,ParallelBars/v_ParallelBars_g06_c01.avi,56,56,1,1.0,0
0.7790463462043608,1.1014621492034031,10.519327449984624,0.7428940568475452,373.1472868217055,394.9213070621898,0.1017441860465116,ParallelBars/v_ParallelBars_g06_c02.avi,56,56,1,1.0,0
0.7563450582848121,1.2722441811262355,15.488907321047538,0.7764857881136951,350.51162790697674,283.8316215640454,0.0917312661498708,ParallelBars/v_ParallelBars_g06_c03.avi,56,56,1,1.0,0
0.343400835093284,0.6434878266974069,9.5,0.902374031007752,338.2325581395349,297.7588252424015,0.1750645994832041,ParallelBars/v_ParallelBars_g06_c04.avi,56,56,1,1.0,0
2.374150719667583,3.396474142455633,19.00657780874821,0.4763404392764858,349.51937984496124,377.3293977821277,0.0994832041343669,ParallelBars/v_ParallelBars_g06_c05.avi,56,56,1,1.0,0
1.1410668586915618,1.4782312577489194,16.0,0.6543927648578811,347.28682170542635,269.2420366927434,0.0581395348837209,ParallelBars/v_ParallelBars_g06_c06.avi,56,56,1,1.0,0
0.691878599894936,1.2606108713298667,15.75,0.8472222222222222,305.86046511627904,274.0434171504665,0.2131782945736434,ParallelBars/v_ParallelBars_g06_c07.avi,56,56,1,1.0,0
1.3595820334704485,2.0956883969752176,18.027756377319943,0.712532299741602,359.13178294573646,283.7878719689516,0.064922480620155,ParallelBars/v_ParallelBars_g07_c01.avi,56,56,1,1.0,0
0.4203941961463221,0.6905516355901672,16.386923140113886,0.8895348837209303,338.6046511627907,328.7171781854131,0.2790697674418604,ParallelBars/v_ParallelBars_g07_c02.avi,56,56,1,1.0,0
0.3478382049423738,0.6301368629235672,16.0,0.8980135658914729,318.015503875969,305.08501762080044,0.2674418604651162,ParallelBars/v_ParallelBars_g07_c03.avi,56,56,1,1.0,0
1.621500557064908,2.279346455441204,53.75872022286245,0.5825258397932817,338.4806201550388,265.4679384946658,0.0755813953488372,ParallelBars/v_ParallelBars_g07_c04.avi,56,56,1,1.0,0
0.6952744410923309,1.560198794550836,17.1117649586476,0.8404392764857881,298.9767441860465,282.2765828520123,0.2632428940568475,ParallelBars/v_ParallelBars_g07_c05.avi,56,56,1,1.0,0
0.6355546614672846,1.235330075334614,15.383127932901033,0.8166989664082688,321.73643410852713,304.695998436562,0.2532299741602067,ParallelBars/v_ParallelBars_g07_c06.avi,56,56,1,1.0,0
2.0066714198404805,3.770400891588264,75.23961722390672,0.5430394056847545,198.88372093023256,160.63206684153255,0.395671834625323,PizzaTossing/v_PizzaTossing_g01_c01.avi,57,57,1,0.9975045323371888,0
7.22982926052828,17.411177179529393,258.15692901799093,0.7250484496124031,231.1937984496124,156.17075119058703,0.2390180878552971,PizzaTossing/v_PizzaTossing_g01_c02.avi,57,57,1,0.9999783039093018,0
2.800299358596411,6.849657953121269,260.65398519876885,0.5455426356589147,192.31007751937983,145.84146635746748,0.4027777777777778,PizzaTossing/v_PizzaTossing_g01_c03.avi,57,74,0,0.5905159115791321,1
2.800299358596411,6.849657953121269,260.65398519876885,0.5455426356589147,192.31007751937983,145.84146635746748,0.4027777777777778,PizzaTossing/v_PizzaTossing_g01_c04.avi,57,74,0,0.4617694914340973,1
0.4402271821590692,0.8086902531480185,15.167811312117513,0.8629683462532299,212.27906976744185,147.39005765929087,0.3104005167958656,PizzaTossing/v_PizzaTossing_g02_c01.avi,57,46,0,0.9999984502792358,1
0.3624940808024216,0.4975766446688388,10.04987562112089,0.9094799741602068,241.6124031007752,332.3140456893782,0.3294573643410852,PizzaTossing/v_PizzaTossing_g02_c02.avi,57,46,0,0.996697187423706,1
0.6445463479689021,0.8837815719027008,16.988967008032006,0.7860142118863049,260.15503875968994,316.47453452330524,0.1954134366925064,PizzaTossing/v_PizzaTossing_g02_c03.avi,57,54,0,0.488700121641159,1
0.3572446424038593,0.8384596526471322,28.5,0.8947028423772609,358.2015503875969,643.6618036802993,0.2248062015503876,PizzaTossing/v_PizzaTossing_g02_c04.avi,57,57,1,0.9746156930923462,0
7.161525832528638,12.831460800372822,204.5152806026973,0.3755652454780361,218.2325581395349,141.82151199852916,0.2742248062015504,PizzaTossing/v_PizzaTossing_g02_c05.avi,57,57,1,0.9688109159469604,0
0.3402003028648767,1.002751300511778,19.68025660401815,0.9054425064599484,1035.906976744186,1076.3595797107237,0.0516795865633074,PizzaTossing/v_PizzaTossing_g03_c01.avi,57,55,0,0.9922630786895752,1
0.5004111487456331,1.9747553856648592,26.16892240807787,0.8923611111111112,1095.6899224806202,1165.708446791778,0.0917312661498708,PizzaTossing/v_PizzaTossing_g03_c02.avi,57,17,0,0.9520668983459472,1
0.213761698405855,1.4427339054788166,35.43678350245688,0.9650355297157622,1803.968992248062,1568.945016294325,0.0604005167958656,PizzaTossing/v_PizzaTossing_g03_c03.avi,57,57,1,0.8785592913627625,0
0.2773756087746235,3.4931933844741416,178.5736892714041,0.9660852713178296,2063.3798449612405,1716.297326989859,0.0439276485788113,PizzaTossing/v_PizzaTossing_g03_c04.avi,57,55,0,0.9802889227867126,1
3.321012587779557,4.818828179421339,172.0,0.4022932816537468,237.95348837209303,158.26588659570413,0.2128552971576227,PizzaTossing/v_PizzaTossing_g04_c01.avi,57,55,0,0.698859691619873,1
1.489301704277099,1.69849763721009,15.652475842498529,0.4710109819121447,233.67441860465115,111.18049873552728,0.1627906976744186,PizzaTossing/v_PizzaTossing_g04_c02.avi,57,57,1,0.8542287349700928,0
1.356911830476486,1.670260315530278,17.365554986812256,0.5351259689922481,256.9922480620155,312.9248986385863,0.1963824289405684,PizzaTossing/v_PizzaTossing_g04_c03.avi,57,57,1,0.996807873249054,0
0.5915533987170672,1.3917346711428111,23.335193378243087,0.8721737726098191,207.50387596899225,134.72913533255337,0.3133074935400516,PizzaTossing/v_PizzaTossing_g04_c04.avi,57,57,1,0.9997467398643494,0
0.7770823447424141,1.098893439786489,15.734118977559564,0.7448320413436692,280.1240310077519,406.5638008372029,0.1379198966408268,PizzaTossing/v_PizzaTossing_g04_c05.avi,57,55,0,0.6425264477729797,1
0.6861014660904847,1.087848930240019,18.788294228055936,0.750484496124031,345.05426356589146,685.7850626065174,0.2390180878552971,PizzaTossing/v_PizzaTossing_g04_c06.avi,57,57,1,0.9999732971191406,0
0.5705307549346643,0.9900124514570314,18.77706380135084,0.8205749354005168,208.74418604651163,107.71627093590588,0.2719638242894057,PizzaTossing/v_PizzaTossing_g04_c07.avi,57,57,1,0.981084942817688,0
0.2384258820611603,1.0925193279384318,64.20779255666714,0.9412952196382428,603.6589147286821,555.1479793799801,0.2177002583979328,PizzaTossing/v_PizzaTossing_g05_c01.avi,57,57,1,0.965356171131134,0
0.3061251866388988,1.0760299872500032,17.640950229508615,0.9177164082687338,470.015503875969,464.7793839324439,0.1979974160206718,PizzaTossing/v_PizzaTossing_g05_c02.avi,57,57,1,0.9999997615814208,0
0.2044091391358443,1.038878730869048,70.67708256570867,0.9598675710594315,637.8294573643411,989.5519941922116,0.2128552971576227,PizzaTossing/v_PizzaTossing_g05_c03.avi,57,57,1,0.9999910593032836,0
0.2992079791645144,1.0938620656198936,24.26578094766373,0.935077519379845,375.7519379844961,352.65258462399026,0.2535529715762274,PizzaTossing/v_PizzaTossing_g05_c04.avi,57,57,1,0.9999547004699708,0
0.9337389010641542,2.4406262774713303,38.268786236304905,0.7672803617571059,454.3875968992248,532.0669117750633,0.2613049095607235,PizzaTossing/v_PizzaTossing_g06_c01.avi,57,54,0,0.801162600517273,1
5.723519770853155,10.655049382215436,195.69212107287305,0.4107719638242894,342.51162790697674,301.93549073016607,0.1747416020671834,PizzaTossing/v_PizzaTossing_g06_c02.avi,57,57,1,0.999858856201172,0
1.6339914273378162,3.824077920849789,142.00352108310554,0.5353682170542635,315.3488372093023,314.88343237938074,0.3097545219638243,PizzaTossing/v_PizzaTossing_g06_c03.avi,57,57,1,0.9999558925628662,0
4.599932490715807,10.16985845982969,227.1409254185604,0.4198966408268734,372.71317829457365,334.8012760989649,0.1957364341085271,PizzaTossing/v_PizzaTossing_g06_c04.avi,57,57,1,1.0,0
1.3059425601502284,4.578476680453287,129.0,0.7688145994832042,395.1007751937984,368.94494127081015,0.2638888888888889,PizzaTossing/v_PizzaTossing_g06_c05.avi,57,54,0,0.8278743028640747,1
2.995996934353081,6.6672435613221,94.67881560835032,0.5074289405684754,249.6124031007752,160.35582092187184,0.166343669250646,PizzaTossing/v_PizzaTossing_g07_c01.avi,57,27,0,0.5134943127632141,1
4.30486238676607,5.180866071570407,28.90069203323685,0.160125968992248,254.2015503875969,158.4568696285523,0.1437338501291989,PizzaTossing/v_PizzaTossing_g07_c02.avi,57,27,0,0.4633704721927643,1
2.401766295763043,5.0550662413288,182.7151129490935,0.5126776485788114,233.4883720930233,147.2274576408777,0.2141472868217054,PizzaTossing/v_PizzaTossing_g07_c03.avi,57,57,1,0.9837539792060852,0
1.3538463132426903,1.6291833236553024,18.43908891458577,0.6073158914728682,234.4186046511628,106.29363291398504,0.1537467700258397,PizzaTossing/v_PizzaTossing_g07_c04.avi,57,57,1,0.9999994039535522,0
0.1017179928925593,0.3200330990675537,6.797288062161262,0.9832848837209304,224.5581395348837,193.48184246585137,0.339470284237726,PlayingCello/v_PlayingCello_g01_c01.avi,58,58,1,1.0,0
0.1101203774341843,0.3259826261196942,8.531192765375778,0.9833656330749354,243.65891472868216,231.63619216629945,0.3433462532299741,PlayingCello/v_PlayingCello_g01_c02.avi,58,58,1,1.0,0
0.0640475617514681,0.2712564286709529,17.170104833692776,0.9917635658914729,247.31782945736435,233.36360770917275,0.3320413436692506,PlayingCello/v_PlayingCello_g01_c03.avi,58,58,1,1.0,0
0.1428852477102679,0.4066855251755245,8.403868156985805,0.969234496124031,222.015503875969,196.14146075689064,0.3565891472868217,PlayingCello/v_PlayingCello_g01_c04.avi,58,58,1,1.0,0
0.1078587859771617,0.3483468498927017,6.504805915628844,0.9743217054263564,237.14728682170545,209.7287691309082,0.3191214470284237,PlayingCello/v_PlayingCello_g01_c05.avi,58,58,1,1.0,0
0.1025880264519873,0.2987564267045831,6.174544517614234,0.9771479328165374,238.2015503875969,337.74774725050366,0.3640180878552971,PlayingCello/v_PlayingCello_g01_c06.avi,58,58,1,0.9999995231628418,0
0.0906064104045532,0.231596444941675,3.3000946956110213,0.9892603359173128,222.07751937984497,218.52052259901652,0.4066537467700258,PlayingCello/v_PlayingCello_g01_c07.avi,58,58,1,1.0,0
0.5385059488043165,1.175638042102419,26.26904071335685,0.8629683462532299,300.27906976744185,311.7320200951822,0.3533591731266149,PlayingCello/v_PlayingCello_g02_c01.avi,58,66,0,0.9961049556732178,1
0.6019423366955937,1.9687773362005645,102.3132444994293,0.806766795865633,308.4031007751938,309.105173124619,0.314922480620155,PlayingCello/v_PlayingCello_g02_c02.avi,58,66,0,0.9784038066864014,1
0.5995952416515243,1.11083547245627,27.29468812791236,0.8179102067183462,315.1007751937984,278.4921705706761,0.1934754521963824,PlayingCello/v_PlayingCello_g02_c03.avi,58,13,0,0.6162160634994507,1
1.2093638036479986,2.6595741767618843,95.37532765343455,0.6802325581395349,363.7829457364341,326.74454761950443,0.1931524547803617,PlayingCello/v_PlayingCello_g02_c04.avi,58,42,0,0.5772193670272827,1
0.6711252953266958,1.7271182047202254,54.376293088072856,0.806766795865633,298.9767441860465,291.8172005364567,0.2929586563307493,PlayingCello/v_PlayingCello_g02_c05.avi,58,66,0,0.9805710911750792,1
0.5669554369718892,0.9752225692317872,13.75,0.8158914728682171,303.50387596899225,282.96328203006294,0.2487080103359173,PlayingCello/v_PlayingCello_g02_c06.avi,58,66,0,0.7231179475784302,1
1.0577687329056833,1.8292204032384392,32.0624390837628,0.7318313953488372,317.3333333333333,282.3438261689293,0.1973514211886305,PlayingCello/v_PlayingCello_g02_c07.avi,58,66,0,0.9937769174575806,1
0.1392718129964421,0.5683748913021179,15.641491297187748,0.96390503875969,862.3875968992248,1018.850121803436,0.1388888888888889,PlayingCello/v_PlayingCello_g03_c01.avi,58,58,1,0.9998226761817932,0
0.1263182483276673,1.0528316495038148,76.75040716504375,0.9781169250645996,945.2403100775192,1109.9564959363147,0.105297157622739,PlayingCello/v_PlayingCello_g03_c02.avi,58,58,1,0.9854742288589478,0
0.267263604620944,0.9790818939613808,18.736661922551733,0.9412952196382428,897.0542635658915,1041.3276581504542,0.149547803617571,PlayingCello/v_PlayingCello_g03_c03.avi,58,58,1,0.9999949932098388,0
0.2041901945137252,0.6368720873128041,16.1245154965971,0.94953165374677,858.7286821705426,852.6035616647281,0.0959302325581395,PlayingCello/v_PlayingCello_g03_c04.avi,58,58,1,0.9999916553497314,0
0.2147078853221352,1.0014528504176796,43.28972164382672,0.9545381136950905,685.2093023255813,741.5872530369944,0.2102713178294573,PlayingCello/v_PlayingCello_g04_c01.avi,58,58,1,1.0,0
0.3312085794837253,1.4870541440691287,65.70863717959763,0.9226421188630493,450.3565891472868,542.4605697591345,0.3301033591731266,PlayingCello/v_PlayingCello_g04_c02.avi,58,58,1,1.0,0
0.3885306500910617,2.3941214089873286,70.44501401802685,0.9252260981912144,398.4496124031008,456.4622463521064,0.3162144702842377,PlayingCello/v_PlayingCello_g04_c03.avi,58,58,1,1.0,0
0.2068169861818192,0.4757948437493057,8.5,0.9323320413436692,506.1705426356589,421.0613412387227,0.2590439276485788,PlayingCello/v_PlayingCello_g04_c04.avi,58,58,1,0.9998637437820436,0
0.5704765368669638,1.1417437751442563,65.93521915486443,0.8078972868217055,474.2945736434109,416.3423681177962,0.2894056847545219,PlayingCello/v_PlayingCello_g04_c05.avi,58,58,1,0.9999834299087524,0
0.1231540244394263,0.6076857924878892,40.311288741492746,0.9733527131782944,577.6124031007752,492.2119715757044,0.2047803617571059,PlayingCello/v_PlayingCello_g04_c06.avi,58,58,1,0.9999244213104248,0
0.1692241836239451,0.9614282817194362,84.7352494538135,0.9463016795865632,587.8449612403101,656.7170222255644,0.2315891472868217,PlayingCello/v_PlayingCello_g04_c07.avi,58,58,1,0.9998369216918944,0
1.391188195440628,1.642505869222967,17.029386365926403,0.5918927648578811,266.4186046511628,233.59856567715715,0.2532299741602067,PlayingCello/v_PlayingCello_g05_c01.avi,58,58,1,1.0,0
1.7812969774534797,2.493494076927902,18.867962264113206,0.4829618863049095,402.4806201550388,651.2132398323523,0.1531007751937984,PlayingCello/v_PlayingCello_g05_c02.avi,58,58,1,1.0,0
1.1027620399883673,1.612187173501157,17.161912772182475,0.6467215762273901,327.37984496124034,470.87250687772087,0.271640826873385,PlayingCello/v_PlayingCello_g05_c03.avi,58,58,1,0.9999998807907104,0
1.0042393042672315,1.409780512196308,18.006943105369107,0.6547157622739018,275.4108527131783,264.9450319589669,0.3020025839793281,PlayingCello/v_PlayingCello_g05_c04.avi,58,58,1,1.0,0
0.9062270434535026,1.0861696166142287,12.75,0.6526970284237726,288.86821705426354,257.2821387355231,0.2280361757105943,PlayingCello/v_PlayingCello_g05_c05.avi,58,58,1,1.0,0
1.1049933247287185,1.262991466994008,14.78385944197252,0.5949612403100775,305.86046511627904,278.35443203287025,0.2260981912144702,PlayingCello/v_PlayingCello_g05_c06.avi,58,58,1,1.0,0
0.6734250845184532,0.88084183375727,13.430957709709311,0.7705103359173127,297.4263565891473,289.6874759528532,0.2919896640826873,PlayingCello/v_PlayingCello_g05_c07.avi,58,58,1,1.0,0
0.248427241456428,0.6549936302145237,18.43908891458577,0.9445251937984496,637.0232558139535,690.8475915916653,0.1356589147286821,PlayingCello/v_PlayingCello_g06_c01.avi,58,58,1,1.0,0
0.1705239604859829,1.4969693175498635,82.78935997457644,0.969234496124031,1002.2945736434108,1227.0461942562602,0.1427648578811369,PlayingCello/v_PlayingCello_g06_c02.avi,58,58,1,1.0,0
0.1705929547302568,0.8828661737930921,19.90131905176137,0.9569605943152456,716.3410852713179,880.5548681989668,0.1308139534883721,PlayingCello/v_PlayingCello_g06_c03.avi,58,58,1,1.0,0
0.3377595837296462,1.5429872991211862,68.77863040218233,0.9024547803617572,718.077519379845,915.9312930158184,0.1463178294573643,PlayingCello/v_PlayingCello_g06_c04.avi,58,58,1,1.0,0
0.2159931637151862,2.341433479119796,235.51220775153035,0.9408914728682172,806.7596899224807,968.1729358559528,0.1366279069767441,PlayingCello/v_PlayingCello_g06_c05.avi,58,58,1,1.0,0
0.2648430927053082,1.956720766973624,69.35416353759881,0.9465439276485788,778.4186046511628,942.5697243362224,0.1550387596899224,PlayingCello/v_PlayingCello_g06_c06.avi,58,58,1,1.0,0
0.2244212162719862,1.6972540717996876,68.35202996254024,0.9502583979328164,910.6976744186046,1121.4600851357711,0.1366279069767441,PlayingCello/v_PlayingCello_g06_c07.avi,58,58,1,1.0,0
0.5891562800276389,2.239817628640262,149.44151238862648,0.8292151162790697,368.9302325581396,345.20161923606577,0.2451550387596899,PlayingCello/v_PlayingCello_g07_c01.avi,58,58,1,1.0,0
0.7056068397903622,2.197955259184804,65.62202374203343,0.8267118863049095,321.4263565891473,312.5742274683298,0.2806847545219638,PlayingCello/v_PlayingCello_g07_c02.avi,58,58,1,1.0,0
1.396812930890733,3.410218995332339,80.62257748298549,0.6196705426356589,308.031007751938,297.5098705413436,0.2781007751937984,PlayingCello/v_PlayingCello_g07_c03.avi,58,58,1,1.0,0
0.8124065227380146,7.28240781086566,193.25889371514057,0.8702357881136951,336.8062015503876,321.2739678874728,0.2587209302325581,PlayingCello/v_PlayingCello_g07_c04.avi,58,58,1,1.0,0
0.7945052903518925,1.9274428714294425,70.71067811865476,0.7555717054263565,346.29457364341084,328.7956978136837,0.2545219638242894,PlayingCello/v_PlayingCello_g07_c05.avi,58,58,1,1.0,0
0.708047448477258,1.8960885189395715,27.083493589269462,0.8259043927648578,293.3333333333333,364.5450670948003,0.2422480620155038,PlayingDaf/v_PlayingDaf_g01_c01.avi,59,59,1,1.0,0
0.5196522330551216,1.1028300714525094,13.3281891118036,0.8435885012919897,312.74418604651163,387.25102086872846,0.2638888888888889,PlayingDaf/v_PlayingDaf_g01_c02.avi,59,59,1,1.0,0
0.5074792417205034,1.1975325874420717,19.469527472437537,0.8615956072351422,306.4186046511628,381.3475636542468,0.2619509043927648,PlayingDaf/v_PlayingDaf_g01_c03.avi,59,59,1,1.0,0
0.7339148369784453,1.2937451072941406,18.867962264113206,0.7231912144702842,257.92248062015506,241.75949393038204,0.3091085271317829,PlayingDaf/v_PlayingDaf_g01_c04.avi,59,59,1,1.0,0
0.5600759390220761,1.7588265546505104,75.87623557478322,0.8304263565891473,360.1240310077519,427.52489401660114,0.2858527131782946,PlayingDaf/v_PlayingDaf_g02_c01.avi,59,59,1,1.0,0
1.4118403410233449,2.701404488765835,25.57831112485733,0.6661014211886305,431.0697674418605,575.9889128191996,0.2445090439276485,PlayingDaf/v_PlayingDaf_g02_c02.avi,59,59,1,1.0,0
1.425578297893303,3.9055165350805416,94.6958948423848,0.7533914728682171,400.31007751937983,513.71795414417,0.2819767441860465,PlayingDaf/v_PlayingDaf_g02_c03.avi,59,59,1,1.0,0
1.7089072019430744,5.438603082206851,116.53681017172214,0.7369186046511628,408.31007751937983,456.4218400777882,0.2906976744186046,PlayingDaf/v_PlayingDaf_g02_c04.avi,59,59,1,1.0,0
1.2596288851863948,3.834894372986802,89.88395296158264,0.7565406976744186,457.9224806201551,687.1881095207591,0.2881136950904392,PlayingDaf/v_PlayingDaf_g02_c05.avi,59,59,1,1.0,0
1.089403371692886,3.5178948558118943,91.81775427443212,0.7871447028423773,378.3565891472868,505.842727626129,0.2981266149870801,PlayingDaf/v_PlayingDaf_g02_c06.avi,59,59,1,1.0,0
1.0038559535051972,2.255422162573432,71.56814934033156,0.7251291989664083,581.4573643410853,822.7910055900436,0.2454780361757106,PlayingDaf/v_PlayingDaf_g02_c07.avi,59,59,1,1.0,0
1.4675396948554864,3.0423318763276304,62.40242383113015,0.6498708010335917,223.3798449612403,152.63551324594133,0.2680878552971576,PlayingDaf/v_PlayingDaf_g03_c01.avi,59,59,1,1.0,0
1.7359770705735864,2.5613837851682284,26.89708394975188,0.4846576227390181,248.24806201550388,207.0375777975468,0.2651808785529715,PlayingDaf/v_PlayingDaf_g03_c02.avi,59,59,1,1.0,0
1.4370015644670957,3.467250823656793,134.18271125595876,0.594718992248062,285.7054263565892,289.2559930328814,0.3349483204134367,PlayingDaf/v_PlayingDaf_g03_c03.avi,59,59,1,1.0,0
1.817533121476671,4.218259541978756,100.05623418858018,0.6134528423772609,272.31007751937983,284.4360065751664,0.3724160206718346,PlayingDaf/v_PlayingDaf_g03_c04.avi,59,59,1,1.0,0
0.5388877256686515,0.8274402097412631,14.560219778561036,0.8288113695090439,283.6589147286822,242.7685437435837,0.208656330749354,PlayingDaf/v_PlayingDaf_g04_c01.avi,59,59,1,1.0,0
0.6258048053650278,0.956631576631394,16.329134239144462,0.7906169250645995,280.8062015503876,261.16465677046904,0.2700258397932816,PlayingDaf/v_PlayingDaf_g04_c02.avi,59,59,1,1.0,0
0.6153580487584025,0.8068361824137685,10.854146673046206,0.7814114987080103,284.6511627906977,265.25274333639817,0.2667958656330749,PlayingDaf/v_PlayingDaf_g04_c03.avi,59,59,1,1.0,0
1.1891853977087496,1.8633186164893727,20.591260281974,0.5894702842377261,238.32558139534885,208.72188248794887,0.3116925064599483,PlayingDaf/v_PlayingDaf_g04_c04.avi,59,59,1,1.0,0
1.1661426972350617,4.857409391944255,166.83225107874077,0.7286014211886305,290.2325581395349,293.3981212356662,0.330749354005168,PlayingDaf/v_PlayingDaf_g04_c05.avi,59,59,1,1.0,0
0.4093882331495338,0.5095300505631832,6.217415057722944,0.8661983204134367,278.2015503875969,267.2995410560203,0.2978036175710594,PlayingDaf/v_PlayingDaf_g04_c06.avi,59,59,1,1.0,0
0.7709326547673974,1.703987145071744,17.10263137648707,0.776001291989664,231.3798449612403,234.1893222662849,0.4034237726098191,PlayingDaf/v_PlayingDaf_g04_c07.avi,59,59,1,1.0,0
0.1827281934218426,0.6243387270064463,12.7720397744448,0.9511466408268734,361.6124031007752,335.2681284967272,0.230297157622739,PlayingDaf/v_PlayingDaf_g05_c01.avi,59,59,1,1.0,0
0.1619344526799429,0.6642554052254033,11.858541225631422,0.9689922480620154,359.3178294573643,325.8534883711709,0.2034883720930232,PlayingDaf/v_PlayingDaf_g05_c02.avi,59,59,1,0.9999995231628418,0
0.1665232255658417,0.6043993467381131,11.180339887498947,0.959625322997416,559.7519379844962,735.3458083412738,0.1841085271317829,PlayingDaf/v_PlayingDaf_g05_c03.avi,59,59,1,0.989241063594818,0
0.2117747584293836,0.8472740171125038,15.971165423975798,0.9458979328165374,578.5426356589147,736.7097922178328,0.1805555555555555,PlayingDaf/v_PlayingDaf_g05_c04.avi,59,59,1,0.9999990463256836,0
0.2586487442301545,1.0910070355296606,16.489106252310947,0.9396802325581396,463.5658914728682,526.8842428354033,0.213501291989664,PlayingDaf/v_PlayingDaf_g05_c05.avi,59,59,1,0.9999992847442628,0
0.2881260542715275,1.193984750850698,20.155644370746373,0.938468992248062,530.2325581395348,785.2184657405654,0.295219638242894,PlayingDaf/v_PlayingDaf_g05_c06.avi,59,59,1,0.9935985803604126,0
0.2645962679494124,1.1233551079452455,18.0,0.9402454780361758,558.4496124031008,652.7152228880312,0.2244832041343669,PlayingDaf/v_PlayingDaf_g05_c07.avi,59,59,1,0.7495245337486267,0
1.823677652688904,6.665001532811108,255.00784301664132,0.7951388888888888,381.5813953488372,428.3603260762982,0.2270671834625323,PlayingDaf/v_PlayingDaf_g06_c01.avi,59,59,1,1.0,0
1.353403992874476,4.50837775048844,144.01388821915754,0.7543604651162791,341.6434108527132,411.2355706278415,0.269702842377261,PlayingDaf/v_PlayingDaf_g06_c02.avi,59,59,1,1.0,0
1.7280790574793574,3.99203466044088,54.39238227913905,0.7242409560723514,363.968992248062,425.98351203643017,0.2671188630490956,PlayingDaf/v_PlayingDaf_g06_c03.avi,59,59,1,1.0,0
2.022519102553635,4.89590441920942,131.0,0.7227067183462532,378.7906976744186,501.8733537151387,0.2751937984496124,PlayingDaf/v_PlayingDaf_g06_c04.avi,59,59,1,1.0,0
1.2983988727080171,2.582652889869909,43.08131845707603,0.7328811369509044,352.3720930232558,337.84632692475657,0.2680878552971576,PlayingDaf/v_PlayingDaf_g06_c05.avi,59,59,1,1.0,0
0.8927847457500719,2.228811395670013,28.286480869843107,0.7868217054263565,447.6279069767442,635.5752941784615,0.2693798449612403,PlayingDaf/v_PlayingDaf_g06_c06.avi,59,59,1,1.0,0
1.552588351480387,3.911605551544023,67.99597874139323,0.7333656330749354,334.8837209302326,320.84345304665146,0.2635658914728682,PlayingDaf/v_PlayingDaf_g06_c07.avi,59,59,1,1.0,0
0.2528519112914922,0.6321272552794192,16.0,0.9174741602067183,242.85271317829455,207.54105228631644,0.2894056847545219,PlayingDaf/v_PlayingDaf_g07_c01.avi,59,59,1,1.0,0
0.5245693326395361,1.4098747858923284,17.99522506110996,0.8565083979328165,276.6511627906977,261.6853146319005,0.2877906976744186,PlayingDaf/v_PlayingDaf_g07_c02.avi,59,59,1,1.0,0
0.3399441830577209,0.8380945129254738,11.932754292283068,0.880733204134367,405.4573643410853,615.0872000668495,0.2280361757105943,PlayingDaf/v_PlayingDaf_g07_c03.avi,59,59,1,1.0,0
0.4206796716228396,1.2514399040145892,21.054245415117588,0.8955910852713178,223.31782945736435,178.54545746051585,0.314922480620155,PlayingDaf/v_PlayingDaf_g07_c04.avi,59,59,1,1.0,0
0.9839934750210584,3.016058256125489,64.5,0.8005490956072352,275.72093023255815,352.39448861813514,0.2629198966408269,PlayingDaf/v_PlayingDaf_g07_c05.avi,59,59,1,1.0,0
1.6691584297828748,2.2478585735779784,35.84689665786984,0.4795704134366925,312.8062015503876,253.40515335029497,0.1291989664082687,PlayingDhol/v_PlayingDhol_g01_c01.avi,60,60,1,1.0,0
0.6213093537489142,1.2866726616055255,12.020815280171307,0.8590923772609819,342.38759689922483,281.185318076846,0.1094961240310077,PlayingDhol/v_PlayingDhol_g01_c02.avi,60,60,1,1.0,0
0.7123236720614333,1.0635373388161729,11.75066487480602,0.7587209302325582,302.3255813953488,280.1783253514715,0.2445090439276485,PlayingDhol/v_PlayingDhol_g01_c03.avi,60,60,1,1.0,0
2.5214482538714686,4.227590647350946,26.92582403567252,0.427890826873385,437.3953488372093,660.6127578183153,0.1366279069767441,PlayingDhol/v_PlayingDhol_g01_c04.avi,60,60,1,1.0,0
0.8728862428379198,2.0363845290138123,41.75,0.8136304909560723,346.91472868217056,311.70319889547267,0.1931524547803617,PlayingDhol/v_PlayingDhol_g01_c05.avi,60,60,1,1.0,0
2.5923549438675795,3.512217828233429,26.90376367722553,0.4095607235142119,309.14728682170545,260.65020371023894,0.1624677002583979,PlayingDhol/v_PlayingDhol_g01_c06.avi,60,60,1,1.0,0
0.5697436236167288,1.0765329164763118,21.33219397999184,0.8401970284237726,348.71317829457365,323.7564208766997,0.2290051679586563,PlayingDhol/v_PlayingDhol_g01_c07.avi,60,60,1,1.0,0
1.871610842665828,3.064221622543859,25.793652319902275,0.6221737726098191,1070.3255813953488,1437.2967475467212,0.1669896640826873,PlayingDhol/v_PlayingDhol_g02_c01.avi,60,60,1,1.0,0
0.732319715629076,1.3430041291989367,40.39840652798078,0.7188307493540051,523.4728682170543,734.4178106375796,0.2154392764857881,PlayingDhol/v_PlayingDhol_g02_c02.avi,60,60,1,1.0,0
0.828187639562599,1.1574929100399085,13.400093283257396,0.7190729974160207,414.3255813953488,564.4924339176242,0.2128552971576227,PlayingDhol/v_PlayingDhol_g02_c03.avi,60,60,1,1.0,0
1.6015499301665956,2.476662647848506,18.68321439153338,0.6152293281653747,727.3178294573644,1098.8226114994975,0.169250645994832,PlayingDhol/v_PlayingDhol_g02_c04.avi,60,60,1,1.0,0
3.707697497927427,6.897740891274138,81.42673086892289,0.6520510335917312,196.27906976744185,164.16757258212343,0.4144056847545219,PlayingDhol/v_PlayingDhol_g02_c05.avi,60,60,1,1.0,0
0.5322063071656641,2.2540002541930853,87.80802924562195,0.8552971576227391,232.06201550387595,231.93582886698815,0.394702842377261,PlayingDhol/v_PlayingDhol_g02_c06.avi,60,60,1,1.0,0
0.9470927370590856,1.5716614058500682,16.278820596099706,0.6585917312661499,264.06201550387595,197.1568356905325,0.1776485788113695,PlayingDhol/v_PlayingDhol_g02_c07.avi,60,60,1,1.0,0
0.1184597892395884,0.31349567155744,5.367727638395972,0.9681040051679588,518.4496124031008,536.1643413632262,0.1782945736434108,PlayingDhol/v_PlayingDhol_g03_c01.avi,60,60,1,0.9999895095825196,0
0.1123553920876335,0.3316917154509715,5.006246098625197,0.9666505167958656,509.1472868217055,469.7951904205184,0.1595607235142118,PlayingDhol/v_PlayingDhol_g03_c02.avi,60,60,1,0.9999994039535522,0
0.1835270374322485,0.5840275640377686,9.340770846134705,0.939922480620155,620.3410852713179,541.8347311763059,0.1333979328165374,PlayingDhol/v_PlayingDhol_g03_c03.avi,60,60,1,0.9999988079071044,0
0.1522737988059014,0.4819383086051834,9.368330961275866,0.963016795865633,479.5658914728682,393.393895842603,0.1792635658914728,PlayingDhol/v_PlayingDhol_g03_c04.avi,60,60,1,0.9999996423721312,0
0.2341633405566698,0.623115801034943,6.75,0.914890180878553,524.0930232558139,539.4581180352334,0.1902454780361757,PlayingDhol/v_PlayingDhol_g03_c05.avi,60,60,1,1.0,0
0.1524119636863465,0.3982625914020606,6.726812023536855,0.9650355297157622,654.5116279069767,778.3206839562303,0.1724806201550387,PlayingDhol/v_PlayingDhol_g03_c06.avi,60,60,1,0.999996542930603,0
0.1462543475266833,0.4513185088711731,9.53447691276244,0.9525193798449612,639.2558139534884,691.1982212584528,0.1382428940568475,PlayingDhol/v_PlayingDhol_g03_c07.avi,60,60,1,0.9999885559082032,0
0.2666505042016098,0.7779434806964597,11.6518507113677,0.915374677002584,871.3798449612403,1257.441965888792,0.1308139534883721,PlayingDhol/v_PlayingDhol_g04_c01.avi,60,60,1,1.0,0
0.2538832333830454,0.517733227205956,8.0,0.9196543927648578,779.3488372093024,1089.761546004359,0.1256459948320413,PlayingDhol/v_PlayingDhol_g04_c02.avi,60,60,1,1.0,0
0.2583708031824543,0.6449322991012036,15.742061491431166,0.896640826873385,649.922480620155,917.3517801609092,0.127906976744186,PlayingDhol/v_PlayingDhol_g04_c03.avi,60,60,1,1.0,0
0.3163125684274479,0.7691946866476496,6.578848683470383,0.8868701550387597,652.9612403100775,981.8589898845285,0.1314599483204134,PlayingDhol/v_PlayingDhol_g04_c04.avi,60,60,1,1.0,0
0.2994993575572663,0.7179306640335168,9.905806378079475,0.9006782945736435,691.968992248062,980.9022261841864,0.1350129198966408,PlayingDhol/v_PlayingDhol_g04_c05.avi,60,60,1,1.0,0
0.2779558227614047,0.6487454881263902,11.814318643070363,0.9042312661498708,625.8604651162791,885.3265218536368,0.1459948320413436,PlayingDhol/v_PlayingDhol_g04_c06.avi,60,60,1,1.0,0
0.1554529337791435,0.3776802396414629,5.3967582862307255,0.9607558139534884,840.9922480620155,1189.5793569373736,0.1508397932816537,PlayingDhol/v_PlayingDhol_g04_c07.avi,60,60,1,1.0,0
1.278136711655693,1.7994370819067556,22.07374005464412,0.6037629198966409,252.65116279069767,118.18449977480134,0.0897932816537467,PlayingDhol/v_PlayingDhol_g05_c01.avi,60,60,1,1.0,0
1.8974557634413003,2.216160304894069,20.248456731316587,0.4341085271317829,247.8139534883721,105.02519206405128,0.0943152454780361,PlayingDhol/v_PlayingDhol_g05_c02.avi,60,60,1,1.0,0
2.414305225702848,2.7443064957352608,25.739075352467506,0.3405200258397933,254.9457364341085,151.86409214103907,0.1295219638242894,PlayingDhol/v_PlayingDhol_g05_c03.avi,60,60,1,1.0,0
2.1583571262151446,2.684735813801576,26.0,0.4233688630490956,254.32558139534885,132.15419481067306,0.1017441860465116,PlayingDhol/v_PlayingDhol_g05_c04.avi,60,60,1,1.0,0
1.4693759580760108,1.791402687979822,16.1245154965971,0.5358527131782945,217.05426356589143,98.84858910016531,0.2235142118863049,PlayingDhol/v_PlayingDhol_g05_c05.avi,60,60,1,1.0,0
1.4186398602965653,2.777759448274571,126.50691680694776,0.5448966408268734,242.2325581395349,178.83821936993618,0.2319121447028423,PlayingDhol/v_PlayingDhol_g05_c06.avi,60,60,1,1.0,0
1.7480139154177448,1.8907900965468707,21.005951537600005,0.4089147286821705,241.3023255813953,129.05876341107688,0.1527777777777778,PlayingDhol/v_PlayingDhol_g05_c07.avi,60,60,1,1.0,0
0.8090965161594083,1.128321123579903,17.307873930670976,0.7196382428940569,351.68992248062017,409.8579409489448,0.2315891472868217,PlayingDhol/v_PlayingDhol_g06_c01.avi,60,60,1,1.0,0
0.8231222658137243,0.993555733806914,8.94427190999916,0.6416343669250646,325.8914728682171,402.7477953651318,0.2845607235142119,PlayingDhol/v_PlayingDhol_g06_c02.avi,60,60,1,1.0,0
0.6898690161719714,1.2236950880747384,14.7611186906684,0.7793927648578811,352.8062015503876,491.78639841598624,0.2981266149870801,PlayingDhol/v_PlayingDhol_g06_c03.avi,60,60,1,0.9634100794792176,0
0.6521063427677131,0.9392055275534616,22.522211259110417,0.7579134366925064,310.5736434108527,306.50368373404507,0.2984496124031007,PlayingDhol/v_PlayingDhol_g06_c04.avi,60,60,1,0.9897478818893432,0
0.6051734888342608,0.9428163798220456,14.383693023698749,0.7999031007751938,314.4186046511628,314.58457158151094,0.312015503875969,PlayingDhol/v_PlayingDhol_g06_c05.avi,60,60,1,1.0,0
0.5696355441842456,0.8186657724786206,9.684071974123285,0.8024870801033591,320.4961240310077,303.7873624970003,0.2545219638242894,PlayingDhol/v_PlayingDhol_g06_c06.avi,60,60,1,1.0,0
0.6738578211211999,1.1737367488630015,18.8455896697344,0.7692183462532299,333.5813953488372,422.10206153434194,0.3452842377260982,PlayingDhol/v_PlayingDhol_g06_c07.avi,60,60,1,1.0,0
1.3169127942033367,2.5236940649220405,42.04759208325728,0.592296511627907,407.0077519379845,364.6908958999533,0.2160852713178294,PlayingDhol/v_PlayingDhol_g07_c01.avi,60,60,1,1.0,0
0.5791280812230376,0.9378999354536364,11.95041840271712,0.8450419896640827,405.4573643410853,368.9774474264414,0.2370801033591731,PlayingDhol/v_PlayingDhol_g07_c02.avi,60,60,1,1.0,0
0.7140788499889341,0.987407516113953,16.52885734102633,0.7424903100775194,406.8217054263566,368.7126241652121,0.2325581395348837,PlayingDhol/v_PlayingDhol_g07_c03.avi,60,60,1,1.0,0
1.35281837036469,1.7991658586880426,22.0,0.5868863049095607,435.3488372093023,444.672802820698,0.169250645994832,PlayingDhol/v_PlayingDhol_g07_c04.avi,60,60,1,1.0,0
0.9089500219608544,1.158138713407309,9.055385138137416,0.653827519379845,403.5968992248062,363.7188947648855,0.2209302325581395,PlayingDhol/v_PlayingDhol_g07_c05.avi,60,60,1,1.0,0
0.5795919390179202,1.0135731161396189,13.752272539475069,0.8255813953488372,403.4728682170543,362.4903971466779,0.2164082687338501,PlayingDhol/v_PlayingDhol_g07_c06.avi,60,60,1,1.0,0
0.8594165373763126,1.5546885305712088,30.03747659175118,0.7103520671834626,422.9457364341085,370.8007741493119,0.2015503875968992,PlayingDhol/v_PlayingDhol_g07_c07.avi,60,60,1,1.0,0
0.5578548641412675,2.227466241704781,69.47841391396324,0.854812661498708,739.0387596899225,528.9206854727296,0.1094961240310077,PlayingFlute/v_PlayingFlute_g01_c01.avi,61,61,1,1.0,0
0.1199448362892009,0.4620325036779567,33.66470703867776,0.95922157622739,742.2635658914729,465.7826874502419,0.1030361757105943,PlayingFlute/v_PlayingFlute_g01_c02.avi,61,61,1,1.0,0
0.2484647847552449,1.3235247790548008,87.19814003176903,0.9213501291989664,770.5426356589147,581.1838093712039,0.1327519379844961,PlayingFlute/v_PlayingFlute_g01_c03.avi,61,61,1,1.0,0
0.1959350986054253,0.2952963203049524,4.266512041469003,0.95922157622739,828.8372093023256,656.205616181766,0.0759043927648578,PlayingFlute/v_PlayingFlute_g01_c04.avi,61,61,1,1.0,0
0.2203224158245116,1.1891800991092776,97.75127876401412,0.93265503875969,736.9922480620155,467.7368984177513,0.107235142118863,PlayingFlute/v_PlayingFlute_g01_c05.avi,61,61,1,1.0,0
0.3752729936801396,2.0474463805787044,90.86150174854036,0.9012435400516796,709.2093023255813,533.9227606424654,0.1111111111111111,PlayingFlute/v_PlayingFlute_g01_c06.avi,61,61,1,1.0,0
0.3740651286113936,1.8289721628508449,83.6301381082203,0.9186854005167958,740.0930232558139,527.9897732428153,0.105297157622739,PlayingFlute/v_PlayingFlute_g01_c07.avi,61,61,1,1.0,0
0.3405033005872156,0.8185436308330338,37.01351104664349,0.8927648578811369,513.5503875968992,656.8582606566449,0.3045865633074935,PlayingFlute/v_PlayingFlute_g02_c01.avi,61,61,1,1.0,0
0.5084528483396724,3.009376422380643,119.05021262055772,0.8712047803617571,390.8217054263566,383.9290642170502,0.3365633074935401,PlayingFlute/v_PlayingFlute_g02_c02.avi,61,61,1,1.0,0
0.5092556244615052,2.4933736363276005,100.17804462555657,0.8477874677002584,490.5426356589147,697.1506016353247,0.3042635658914728,PlayingFlute/v_PlayingFlute_g02_c03.avi,61,61,1,1.0,0
0.1350002872149967,0.4042234800478856,16.0,0.974483204134367,384.86821705426354,378.7434013004108,0.3313953488372093,PlayingFlute/v_PlayingFlute_g02_c04.avi,61,61,1,0.9999991655349731,0
0.3432109533563123,1.371536488793212,65.62202374203343,0.91109496124031,423.13178294573646,397.0355143907391,0.3104005167958656,PlayingFlute/v_PlayingFlute_g02_c05.avi,61,61,1,0.9999992847442628,0
0.4641105520946162,2.837743410530061,104.3681135452778,0.8999515503875969,418.6666666666667,397.5700871044082,0.3233204134366925,PlayingFlute/v_PlayingFlute_g02_c06.avi,61,61,1,0.9999998807907104,0
0.3006831214388599,0.9018460715878144,45.70369924852911,0.9060077519379846,459.2248062015504,478.0664097150423,0.2864987080103359,PlayingFlute/v_PlayingFlute_g02_c07.avi,61,61,1,0.9999997615814208,0
0.6257221817131497,1.6152498103870954,40.51311516040207,0.78843669250646,492.8992248062016,403.1015384608158,0.1989664082687338,PlayingFlute/v_PlayingFlute_g03_c01.avi,61,61,1,1.0,0
0.7002184780682584,2.456838407777054,85.37564055396598,0.8242086563307494,503.1937984496124,412.66864680341786,0.2254521963824289,PlayingFlute/v_PlayingFlute_g03_c02.avi,61,61,1,1.0,0
0.5641448492933638,2.735896985309519,79.79700808927613,0.8714470284237726,471.5658914728682,397.0699632757849,0.2093023255813953,PlayingFlute/v_PlayingFlute_g03_c03.avi,61,61,1,1.0,0
0.461301917671667,2.058407163661105,102.86588659511958,0.8633720930232558,417.6744186046512,377.964420678826,0.2432170542635658,PlayingFlute/v_PlayingFlute_g03_c04.avi,61,61,1,1.0,0
0.9876960451482496,3.2612467545290538,86.3264154242489,0.776001291989664,507.4728682170543,478.3095244732754,0.2057493540051679,PlayingFlute/v_PlayingFlute_g03_c05.avi,61,61,1,1.0,0
0.6095537326889485,2.3283803294064263,84.43340571124678,0.8595768733850129,505.9224806201551,475.4416895816943,0.1931524547803617,PlayingFlute/v_PlayingFlute_g03_c06.avi,61,61,1,1.0,0
1.0138315536394344,3.200598076001436,82.96987405076617,0.7364341085271318,554.6666666666666,544.4205700613663,0.1860465116279069,PlayingFlute/v_PlayingFlute_g03_c07.avi,61,61,1,1.0,0
1.631455139756347,5.627997734320918,132.85330255586422,0.7611434108527132,478.07751937984494,528.715770602475,0.1973514211886305,PlayingFlute/v_PlayingFlute_g04_c01.avi,61,61,1,1.0,0
1.8659793349335585,5.427981851179735,122.9186723000212,0.7628391472868217,490.2325581395349,470.5450989041946,0.1921834625322997,PlayingFlute/v_PlayingFlute_g04_c02.avi,61,61,1,1.0,0
1.510866002632442,3.5994940651604974,78.69918995771177,0.6863695090439277,455.9379844961241,458.28341239516607,0.1925064599483204,PlayingFlute/v_PlayingFlute_g04_c03.avi,61,61,1,1.0,0
0.9315293450808966,2.8805791541285903,92.9469774925468,0.759609173126615,372.8372093023256,350.364655899878,0.2532299741602067,PlayingFlute/v_PlayingFlute_g04_c04.avi,61,61,1,1.0,0
1.3496873558119544,3.681144442883849,82.00609733428362,0.6867732558139535,394.7286821705426,359.37585325953,0.2270671834625323,PlayingFlute/v_PlayingFlute_g04_c05.avi,61,61,1,1.0,0
1.7420629198479711,7.894738719452543,195.8009193032556,0.7743863049095607,444.031007751938,381.4282408454941,0.1976744186046511,PlayingFlute/v_PlayingFlute_g04_c06.avi,61,61,1,1.0,0
1.5252292419012865,4.281911450982483,85.07055894961546,0.7185885012919897,478.5116279069768,529.1298856720375,0.1989664082687338,PlayingFlute/v_PlayingFlute_g04_c07.avi,61,61,1,1.0,0
1.3171573652077644,4.201343124041956,93.5,0.7537144702842378,234.7906976744186,220.5237484589743,0.3546511627906977,PlayingFlute/v_PlayingFlute_g05_c01.avi,61,61,1,1.0,0
2.128571208615623,8.16651668634239,175.87504442074777,0.5995639534883721,225.73643410852716,194.31411951952632,0.3359173126614987,PlayingFlute/v_PlayingFlute_g05_c02.avi,61,61,1,1.0,0
0.588710835763641,1.22199927474787,20.76354979284612,0.8492409560723514,279.50387596899225,278.93974576586,0.3271963824289405,PlayingFlute/v_PlayingFlute_g05_c03.avi,61,61,1,1.0,0
2.850546519148561,8.517106710850673,133.2502345213696,0.6245962532299741,231.13178294573643,162.91527164152046,0.250968992248062,PlayingFlute/v_PlayingFlute_g05_c04.avi,61,61,1,1.0,0
1.1546898400373862,2.963376278128116,122.5002551017752,0.7269864341085271,218.04651162790697,149.25893740345336,0.2868217054263566,PlayingFlute/v_PlayingFlute_g05_c05.avi,61,61,1,1.0,0
1.378709446727584,6.420959534080303,299.25,0.6459140826873385,232.5581395348837,193.7240067875972,0.3042635658914728,PlayingFlute/v_PlayingFlute_g05_c06.avi,61,61,1,1.0,0
0.9320236981426624,1.6645450603537353,19.631368393466616,0.7611434108527132,238.32558139534885,198.18756924036924,0.2884366925064599,PlayingFlute/v_PlayingFlute_g05_c07.avi,61,61,1,1.0,0
2.829982485526818,6.392264371100564,65.92656899915238,0.6679586563307494,627.7829457364342,740.8572968411632,0.1941214470284237,PlayingFlute/v_PlayingFlute_g06_c01.avi,61,61,1,0.5492281317710876,0
1.2510677224469726,2.844345900734948,31.0,0.7262596899224806,459.4728682170543,631.4022057198545,0.2167312661498708,PlayingFlute/v_PlayingFlute_g06_c02.avi,61,61,1,1.0,0
0.8993632119315202,1.7140897973717146,23.04886114323222,0.7197997416020672,521.922480620155,774.6154195820734,0.2157622739018088,PlayingFlute/v_PlayingFlute_g06_c03.avi,61,61,1,1.0,0
1.4307942357426653,3.53019214827668,52.3450093132096,0.6838662790697675,1563.5348837209303,1674.0175230229154,0.1782945736434108,PlayingFlute/v_PlayingFlute_g06_c04.avi,61,61,1,1.0,0
0.6039607189107002,1.2297081164225752,11.853269591129695,0.8245316537467701,909.7054263565892,975.3189611696606,0.125,PlayingFlute/v_PlayingFlute_g06_c05.avi,61,61,1,1.0,0
1.6572606593890566,5.380582866426958,129.06163740631837,0.7189922480620154,1026.1705426356589,1343.293742798775,0.2070413436692506,PlayingFlute/v_PlayingFlute_g06_c06.avi,61,61,1,1.0,0
0.2346256140245646,0.8294957225258528,16.700018712564365,0.9375,414.13953488372096,440.13980767190105,0.1970284237726098,PlayingFlute/v_PlayingFlute_g07_c01.avi,61,61,1,1.0,0
0.5165969647349008,1.740930161481838,21.755746367339366,0.8791182170542635,364.15503875968994,426.4531645378873,0.268733850129199,PlayingFlute/v_PlayingFlute_g07_c02.avi,61,61,1,1.0,0
0.6523321343815024,1.871413457655117,29.955174845091456,0.8282461240310077,297.6124031007752,283.7846194453815,0.2729328165374677,PlayingFlute/v_PlayingFlute_g07_c03.avi,61,61,1,1.0,0
0.4674526021650354,1.710709730877111,28.560516889580278,0.8886466408268734,443.0387596899225,520.1895361658538,0.2170542635658914,PlayingFlute/v_PlayingFlute_g07_c04.avi,61,61,1,1.0,0
0.6524438425894052,1.965083351446652,27.0,0.8269541343669251,414.3255813953488,458.3231175091069,0.2852067183462532,PlayingFlute/v_PlayingFlute_g07_c05.avi,61,61,1,1.0,0
0.6220366039584431,2.2723726801608213,44.53439681863896,0.8521479328165374,309.6434108527132,306.5707753293527,0.3020025839793281,PlayingFlute/v_PlayingFlute_g07_c06.avi,61,61,1,1.0,0
0.9207562196070976,3.013591961225698,58.02639485613423,0.8168604651162791,562.6046511627907,782.3232585757625,0.2377260981912144,PlayingFlute/v_PlayingFlute_g07_c07.avi,61,61,1,1.0,0
0.514938121785002,1.0182825508227338,17.278961195627474,0.8309108527131783,377.6744186046512,359.50791438907555,0.2745478036175711,PlayingGuitar/v_PlayingGuitar_g01_c01.avi,62,62,1,1.0,0
1.827824092687209,2.833727719194512,17.82948751366679,0.563953488372093,268.2170542635659,236.8277744436066,0.2541989664082687,PlayingGuitar/v_PlayingGuitar_g01_c02.avi,62,62,1,1.0,0
1.3622188374422668,2.284257077407058,36.49657518178932,0.6214470284237726,254.015503875969,240.8461178279777,0.3229974160206718,PlayingGuitar/v_PlayingGuitar_g01_c03.avi,62,62,1,1.0,0
0.989151849833002,1.5866180828440937,14.7648230602334,0.7227067183462532,284.15503875968994,282.8569213904565,0.3210594315245478,PlayingGuitar/v_PlayingGuitar_g01_c04.avi,62,62,1,1.0,0
0.6965061531207699,1.5549871384334115,24.803288592442737,0.8080587855297158,373.1472868217055,368.7263454670359,0.3239664082687338,PlayingGuitar/v_PlayingGuitar_g01_c05.avi,62,62,1,1.0,0
0.5326366221955844,1.0265925930776243,18.88534484726186,0.8400355297157622,293.3953488372093,287.45281833557374,0.3000645994832041,PlayingGuitar/v_PlayingGuitar_g01_c06.avi,62,62,1,1.0,0
0.23928216545269,0.9807890961086514,79.63088675256606,0.930797803617571,405.3953488372093,391.25784869368846,0.3291343669250646,PlayingGuitar/v_PlayingGuitar_g02_c01.avi,62,62,1,1.0,0
0.8798276479297059,1.6319986863202476,19.1637678967368,0.744266795865633,452.4651162790698,384.40793187114593,0.1925064599483204,PlayingGuitar/v_PlayingGuitar_g02_c02.avi,62,62,1,1.0,0
1.1779142106738143,2.07752009789485,23.089499778037634,0.6545542635658915,745.922480620155,1071.8235537740595,0.2015503875968992,PlayingGuitar/v_PlayingGuitar_g02_c03.avi,62,62,1,1.0,0
1.416216779855472,3.8080901763345856,96.60745312862772,0.6459948320413437,417.05426356589146,408.9357014350528,0.376937984496124,PlayingGuitar/v_PlayingGuitar_g02_c04.avi,62,62,1,1.0,0
0.9071480250866728,2.842910062327649,94.51454914456292,0.8106427648578811,1039.1937984496124,1380.9305371700173,0.1572997416020672,PlayingGuitar/v_PlayingGuitar_g03_c01.avi,62,62,1,1.0,0
0.5864656135685397,1.3971081204008686,17.50044642287733,0.8171027131782945,1158.449612403101,1449.3950460102567,0.148578811369509,PlayingGuitar/v_PlayingGuitar_g03_c02.avi,62,62,1,1.0,0
0.7041807664011449,1.626192518276797,18.68697741744234,0.790859173126615,1234.8527131782946,1506.0259481832195,0.1950904392764857,PlayingGuitar/v_PlayingGuitar_g03_c03.avi,62,62,1,1.0,0
1.218881884322045,3.201301849739242,77.0,0.771640826873385,777.7984496124031,1152.8434639623442,0.229328165374677,PlayingGuitar/v_PlayingGuitar_g03_c04.avi,62,62,1,1.0,0
0.723846171145785,1.6639020666379083,22.610838109190027,0.7928779069767442,1105.0542635658917,1449.458301969563,0.1954134366925064,PlayingGuitar/v_PlayingGuitar_g03_c05.avi,62,62,1,1.0,0
0.7809124328438105,1.7844130454271387,18.66815470259447,0.7809270025839793,1014.8217054263566,1342.5858565337762,0.1498708010335917,PlayingGuitar/v_PlayingGuitar_g03_c06.avi,62,62,1,1.0,0
0.5881396342136749,1.3585087285681845,13.583077707206124,0.8081395348837209,1022.7596899224808,1364.3808873686842,0.1718346253229974,PlayingGuitar/v_PlayingGuitar_g03_c07.avi,62,62,1,1.0,0
0.1320353275172039,0.3741760618465603,8.602325267042627,0.9641472868217056,287.93798449612405,273.4371447390964,0.2781007751937984,PlayingGuitar/v_PlayingGuitar_g04_c01.avi,62,62,1,1.0,0
0.1367482756885545,0.4117958959482847,8.06225774829855,0.9561531007751938,263.68992248062017,263.94719340465724,0.3462532299741602,PlayingGuitar/v_PlayingGuitar_g04_c02.avi,62,62,1,0.9999958276748656,0
0.1191275965740289,0.3834314204276794,10.8195425041912,0.964470284237726,258.4186046511628,246.43790033928303,0.3194444444444444,PlayingGuitar/v_PlayingGuitar_g04_c03.avi,62,62,1,0.9999955892562866,0
0.3375795264057176,0.7411929487016524,10.82315226724636,0.8880006459948321,413.27131782945736,382.7997989505192,0.2739018087855297,PlayingGuitar/v_PlayingGuitar_g04_c04.avi,62,62,1,1.0,0
0.2307811821999131,0.6359520065976995,15.512595688665389,0.9352390180878551,206.13953488372093,155.67013147146054,0.3527131782945736,PlayingGuitar/v_PlayingGuitar_g04_c05.avi,62,62,1,0.9594149589538574,0
0.1281306131170658,0.3578628942113225,6.946221994724902,0.9626130490956072,278.69767441860466,267.9697600852997,0.2978036175710594,PlayingGuitar/v_PlayingGuitar_g04_c06.avi,62,62,1,0.995378851890564,0
1.2011971519072302,1.928710691598139,22.045762064396868,0.651001291989664,260.4651162790698,159.86321898149683,0.1201550387596899,PlayingGuitar/v_PlayingGuitar_g04_c07.avi,62,62,1,0.9999914169311525,0
0.5472539236262641,1.2333352488543474,17.92344832893492,0.8456072351421189,406.13953488372096,381.85188784520426,0.2877906976744186,PlayingGuitar/v_PlayingGuitar_g05_c01.avi,62,62,1,0.9999990463256836,0
1.0068840793426486,2.224193371669306,63.12685640834652,0.727390180878553,234.4186046511628,187.3827363617713,0.2829457364341085,PlayingGuitar/v_PlayingGuitar_g05_c02.avi,62,62,1,1.0,0
0.5624017684406744,1.2070768432949963,14.375543467987567,0.8248546511627907,415.7519379844961,390.4064276818633,0.2997416020671835,PlayingGuitar/v_PlayingGuitar_g05_c03.avi,62,62,1,1.0,0
0.3927648630097174,0.7420876127942081,8.806957476904268,0.8640988372093024,382.6356589147287,367.638682117248,0.2926356589147287,PlayingGuitar/v_PlayingGuitar_g05_c04.avi,62,62,1,0.9999998807907104,0
0.4940442855216855,1.1959455910830408,15.020818885799802,0.8615148578811369,241.11627906976744,220.9869205118653,0.3281653746770026,PlayingGuitar/v_PlayingGuitar_g05_c05.avi,62,62,1,1.0,0
0.3599828465813462,1.0772389903894366,15.934435979977453,0.8915536175710594,679.4418604651163,988.0753502555284,0.2054263565891473,PlayingGuitar/v_PlayingGuitar_g06_c01.avi,62,62,1,1.0,0
0.3268133338819433,0.8004388995478496,14.396180048887969,0.8876776485788114,329.48837209302326,420.3768172359686,0.3510981912144703,PlayingGuitar/v_PlayingGuitar_g06_c02.avi,62,62,1,1.0,0
0.3663084050026605,0.8290897645390545,13.764197215965776,0.8657138242894057,467.2868217054264,681.1318349982167,0.2251291989664082,PlayingGuitar/v_PlayingGuitar_g06_c03.avi,62,62,1,1.0,0
0.4594719302595166,1.223014361549437,17.0,0.8654715762273901,366.5736434108527,420.783410658233,0.2354651162790697,PlayingGuitar/v_PlayingGuitar_g06_c04.avi,62,62,1,1.0,0
0.350337690058595,0.8766559563453926,14.807092894960848,0.8699127906976745,446.26356589147287,685.0363145399281,0.2958656330749354,PlayingGuitar/v_PlayingGuitar_g06_c05.avi,62,62,1,1.0,0
0.5192063582647252,1.1308872236686516,11.180339887498947,0.8116925064599483,461.4573643410853,682.5117201793684,0.2464470284237726,PlayingGuitar/v_PlayingGuitar_g06_c06.avi,62,62,1,1.0,0
0.2638910969314598,0.6498969466039541,9.4505290857179,0.8970445736434108,463.13178294573646,588.4015843739039,0.2558139534883721,PlayingGuitar/v_PlayingGuitar_g06_c07.avi,62,62,1,1.0,0
0.3704054336039145,1.4981708480458245,30.0,0.9174741602067183,460.7751937984496,461.87540251313214,0.2009043927648579,PlayingGuitar/v_PlayingGuitar_g07_c01.avi,62,62,1,1.0,0
0.4730716117056188,0.9531617781253072,16.125,0.8635335917312662,524.7751937984497,480.1111182802168,0.191860465116279,PlayingGuitar/v_PlayingGuitar_g07_c02.avi,62,62,1,1.0,0
0.7098693200035969,1.335366524770718,18.50042229247754,0.7781007751937985,460.5271317829457,467.417348785897,0.229328165374677,PlayingGuitar/v_PlayingGuitar_g07_c03.avi,62,62,1,1.0,0
0.2729078381008885,0.7339311561654189,11.057378758096332,0.9385497416020672,503.3178294573643,475.3261138295602,0.1963824289405684,PlayingGuitar/v_PlayingGuitar_g07_c04.avi,62,62,1,1.0,0
0.6896279991119999,2.2299151708581224,91.01184675634266,0.8011950904392765,459.84496124031006,404.8188502829116,0.2651808785529715,PlayingGuitar/v_PlayingGuitar_g07_c05.avi,62,62,1,1.0,0
0.3303303941895484,0.9410117781795504,21.291136653546705,0.9138404392764858,424.6821705426357,383.1670954237117,0.2480620155038759,PlayingGuitar/v_PlayingGuitar_g07_c06.avi,62,62,1,1.0,0
0.3982055695123733,0.8869095556337425,16.1245154965971,0.8957525839793282,514.046511627907,482.1860083763089,0.2167312661498708,PlayingGuitar/v_PlayingGuitar_g07_c07.avi,62,62,1,1.0,0
0.709116862467452,1.158030437019932,16.0,0.7739018087855297,270.2015503875969,232.8628494720937,0.2361111111111111,PlayingPiano/v_PlayingPiano_g01_c01.avi,63,63,1,1.0,0
0.6268378683824877,1.6896062100520888,33.75,0.8526324289405685,393.984496124031,662.2725496290692,0.2541989664082687,PlayingPiano/v_PlayingPiano_g01_c02.avi,63,63,1,1.0,0
0.4987860142329572,1.7118169010166873,51.4189289075531,0.8773417312661499,407.7519379844961,570.7560066135015,0.2677648578811369,PlayingPiano/v_PlayingPiano_g01_c03.avi,63,63,1,1.0,0
0.3942627644597252,1.0195177385180467,13.840610535666409,0.8894541343669251,402.4186046511628,613.386263696112,0.2244832041343669,PlayingPiano/v_PlayingPiano_g01_c04.avi,63,63,1,1.0,0
0.3360360831002241,0.6017834668474521,10.238560689862611,0.9055232558139537,579.5968992248062,409.8519588917923,0.1311369509043927,PlayingPiano/v_PlayingPiano_g02_c01.avi,63,63,1,0.9511657953262328,0
0.1953342379869584,0.4822806195899538,9.055385138137416,0.9458171834625324,528.4961240310078,396.29634444520906,0.1195090439276485,PlayingPiano/v_PlayingPiano_g02_c02.avi,63,63,1,1.0,0
0.2113621941867547,0.4845624818215945,8.0,0.952842377260982,748.2790697674419,627.4996646188818,0.0768733850129198,PlayingPiano/v_PlayingPiano_g02_c03.avi,63,63,1,0.9941399097442628,0
0.3293077462067899,1.0554144941876789,24.020824298928627,0.9055232558139537,870.7596899224807,810.6221629639027,0.0771963824289405,PlayingPiano/v_PlayingPiano_g02_c04.avi,63,63,1,1.0,0
0.2919543100771603,0.7740633165553523,8.77852493303972,0.9172319121447028,728.1860465116279,580.2927591456988,0.0768733850129198,PlayingPiano/v_PlayingPiano_g03_c01.avi,63,63,1,1.0,0
0.2998118541878338,0.8851349043364117,39.81205847478876,0.914809431524548,668.5891472868217,473.007753716593,0.087532299741602,PlayingPiano/v_PlayingPiano_g03_c02.avi,63,63,1,1.0,0
0.3418016922939473,0.7963270749303246,11.30956453626752,0.9191698966408268,680.7441860465116,588.2276134770415,0.0939922480620155,PlayingPiano/v_PlayingPiano_g03_c03.avi,63,63,1,1.0,0
0.1624130189810548,0.358339458496353,3.605551275463989,0.9481589147286822,391.37984496124034,323.29023593056127,0.1023901808785529,PlayingPiano/v_PlayingPiano_g03_c04.avi,63,63,1,1.0,0
0.3425258869726916,0.8894124573316933,18.68154169226941,0.905281007751938,455.6279069767442,528.9081787482418,0.2406330749354005,PlayingPiano/v_PlayingPiano_g04_c01.avi,63,63,1,0.9999830722808838,0
0.2966778856453908,1.158772972421011,25.21470305198933,0.9210271317829456,521.8604651162791,551.4222448885456,0.2638888888888889,PlayingPiano/v_PlayingPiano_g04_c02.avi,63,63,1,0.9999929666519164,0
0.3790840109261966,1.2303599360631343,19.42051106433608,0.8918766149870802,444.7751937984496,588.6682017807257,0.2945736434108527,PlayingPiano/v_PlayingPiano_g04_c03.avi,63,63,1,0.999995231628418,0
0.3114106303790017,0.9587530214928698,24.73863375370596,0.9049580103359172,397.27131782945736,373.6572186969093,0.2771317829457364,PlayingPiano/v_PlayingPiano_g04_c04.avi,63,63,1,0.9999841451644896,0
0.3004342822195497,0.9064417521346644,15.275081832841355,0.905765503875969,1660.9612403100775,1512.0256570723177,0.0597545219638242,PlayingPiano/v_PlayingPiano_g05_c01.avi,63,63,1,1.0,0
0.3455276256977161,1.0005240233889472,13.038404810405298,0.8914728682170543,1884.7751937984497,1543.9219225564952,0.0322997416020671,PlayingPiano/v_PlayingPiano_g05_c02.avi,63,63,1,1.0,0
0.679035909457336,1.500012750503993,26.627053911388696,0.8001453488372093,977.4883720930231,1182.76397559184,0.1311369509043927,PlayingPiano/v_PlayingPiano_g05_c03.avi,63,63,1,1.0,0
0.6425745330042363,2.1140885644242715,25.310570914145732,0.8632105943152455,772.031007751938,719.3172466749985,0.1172480620155038,PlayingPiano/v_PlayingPiano_g05_c04.avi,63,63,1,1.0,0
0.3244565056463102,1.4642498856546045,33.50489703013576,0.9346737726098192,781.953488372093,1254.6638937216458,0.2425710594315245,PlayingPiano/v_PlayingPiano_g06_c01.avi,63,63,1,1.0,0
0.0611712365175061,0.196901222163113,2.2534695471649933,0.993782299741602,799.8759689922481,895.7563259441835,0.0536175710594315,PlayingPiano/v_PlayingPiano_g06_c02.avi,63,63,1,1.0,0
0.5153153651287659,1.4473730323795224,20.150992531386635,0.8677325581395349,836.5891472868217,989.4895842815116,0.0910852713178294,PlayingPiano/v_PlayingPiano_g06_c03.avi,63,63,1,1.0,0
0.3323567393086787,0.8872794904391358,15.25051228647746,0.9042312661498708,702.8837209302326,766.338476717555,0.0923772609819121,PlayingPiano/v_PlayingPiano_g06_c04.avi,63,63,1,1.0,0
0.1278252752623567,0.6425172176974672,61.39218191268331,0.9853036175710594,1077.891472868217,1292.9350376092664,0.0487726098191214,PlayingPiano/v_PlayingPiano_g07_c01.avi,63,63,1,1.0,0
0.0340665713288758,0.160579514543887,4.0,0.9978197674418604,1200.0,1446.7912210161155,0.0200258397932816,PlayingPiano/v_PlayingPiano_g07_c02.avi,63,63,1,1.0,0
0.2733255231758423,1.070759637367935,15.305227865013968,0.9440406976744186,775.1317829457364,714.6708829981449,0.085594315245478,PlayingPiano/v_PlayingPiano_g07_c03.avi,63,63,1,1.0,0
0.3321593497589051,1.0956800648960603,15.959421198777855,0.8997093023255814,900.2790697674419,973.3610512412922,0.0771963824289405,PlayingPiano/v_PlayingPiano_g07_c04.avi,63,63,1,1.0,0
0.7850721320458783,1.1459467951524671,10.0,0.7789890180878553,341.4573643410853,327.87819178365135,0.2667958656330749,PlayingSitar/v_PlayingSitar_g01_c01.avi,64,64,1,0.9669215083122252,0
0.9553669086258416,1.40367997157002,15.598477489806497,0.6589954780361758,265.984496124031,228.12488027380948,0.2412790697674418,PlayingSitar/v_PlayingSitar_g01_c02.avi,64,64,1,1.0,0
0.9970946750086048,2.0609415272569787,31.894356867634123,0.7424903100775194,268.031007751938,228.72995953166367,0.2344961240310077,PlayingSitar/v_PlayingSitar_g01_c03.avi,64,64,1,1.0,0
0.7932300860857011,1.4726607544714376,61.29437168288782,0.7699450904392765,285.14728682170545,250.2291384260532,0.2228682170542635,PlayingSitar/v_PlayingSitar_g01_c04.avi,64,64,1,1.0,0
0.1984381219786433,1.0429620030848026,61.25165814082097,0.9436369509043928,278.13953488372096,290.7943876330034,0.3691860465116279,PlayingSitar/v_PlayingSitar_g02_c01.avi,64,64,1,1.0,0
0.0937857368146416,0.327189643304564,5.269309727089498,0.9718184754521964,285.6434108527132,288.8710395580402,0.3339793281653747,PlayingSitar/v_PlayingSitar_g02_c02.avi,64,64,1,1.0,0
0.0566098713391079,0.2401252757382383,7.57566003725088,0.9848191214470284,293.2093023255814,281.6820373151702,0.2829457364341085,PlayingSitar/v_PlayingSitar_g02_c03.avi,64,64,1,1.0,0
0.1446860667144007,0.8032262508919711,17.0,0.9815083979328164,250.35658914728683,245.1740023918344,0.3498062015503876,PlayingSitar/v_PlayingSitar_g02_c04.avi,64,64,1,1.0,0
0.0821529917544576,0.2428701441936082,2.9154759474226504,0.9766634366925064,281.48837209302326,276.793632479273,0.312984496124031,PlayingSitar/v_PlayingSitar_g02_c05.avi,64,64,1,1.0,0
0.0647188810141068,0.2684522568569684,3.605551275463989,0.9790051679586564,282.4186046511628,279.38289409756646,0.3171834625322997,PlayingSitar/v_PlayingSitar_g02_c06.avi,64,64,1,1.0,0
0.1354029146524076,0.3259073805750994,5.5901699437494745,0.9780361757105944,225.24031007751935,186.3522036399201,0.3217054263565891,PlayingSitar/v_PlayingSitar_g03_c01.avi,64,64,1,1.0,0
0.2566068905795959,0.4961129235426524,7.525996611745184,0.9290213178294574,214.2635658914729,182.80966165245744,0.3646640826873385,PlayingSitar/v_PlayingSitar_g03_c02.avi,64,64,1,0.9998716115951538,0
0.1381530648094119,0.3101040275396285,5.647178499038259,0.9714954780361758,225.73643410852716,207.35729264265248,0.3643410852713178,PlayingSitar/v_PlayingSitar_g03_c03.avi,64,64,1,0.9999972581863404,0
0.2566412817155369,0.5743740074375957,12.041594578792296,0.9318475452196382,205.08527131782947,169.86469905373608,0.3827519379844961,PlayingSitar/v_PlayingSitar_g03_c04.avi,64,64,1,1.0,0
0.1735890340867005,0.4777534697402536,8.853848033482391,0.9626937984496124,320.1240310077519,379.895354986528,0.2073643410852713,PlayingSitar/v_PlayingSitar_g03_c05.avi,64,64,1,0.9999459981918336,0
0.1424025355295978,0.364006260057675,10.186541365939668,0.9746447028423773,214.07751937984497,180.2414234712204,0.3604651162790697,PlayingSitar/v_PlayingSitar_g03_c06.avi,64,64,1,0.9999896287918092,0
0.3592713094600903,0.9813499802521124,27.073972741361768,0.9087532299741602,220.89922480620157,330.660130084209,0.4153746770025839,PlayingSitar/v_PlayingSitar_g03_c07.avi,64,64,1,1.0,0
0.4495110336209074,0.5288934939168618,8.48528137423857,0.8685400516795866,343.5658914728682,279.9925758971809,0.1020671834625323,PlayingSitar/v_PlayingSitar_g04_c01.avi,64,64,1,1.0,0
0.380408041068642,0.5568382371378315,16.0,0.9119024547803618,390.7596899224806,312.885167909216,0.0681524547803617,PlayingSitar/v_PlayingSitar_g04_c02.avi,64,64,1,1.0,0
0.196999904042568,0.3389038163998707,10.63014581273465,0.9762596899224806,346.91472868217056,296.02922627051834,0.1414728682170542,PlayingSitar/v_PlayingSitar_g04_c03.avi,64,64,1,1.0,0
0.2835229686823077,0.3583889637756527,7.810249675906654,0.9441214470284238,324.7751937984496,297.9121466751404,0.2206072351421188,PlayingSitar/v_PlayingSitar_g04_c04.avi,64,64,1,1.0,0
0.3484744246633681,0.4654857670975477,8.097067370350823,0.897125322997416,401.30232558139534,320.07176047732924,0.064922480620155,PlayingSitar/v_PlayingSitar_g04_c05.avi,64,64,1,1.0,0
0.2233292435593241,0.5462575166569023,17.4772173128333,0.9832041343669252,366.8217054263566,292.42186923414914,0.0687984496124031,PlayingSitar/v_PlayingSitar_g04_c06.avi,64,64,1,1.0,0
0.3598678286610589,0.551426542681422,15.11673327805978,0.9492894056847544,362.3565891472868,289.0109785326452,0.0713824289405684,PlayingSitar/v_PlayingSitar_g04_c07.avi,64,64,1,1.0,0
0.893887465539145,1.1538835829769662,14.422205101855956,0.6701388888888888,250.9767441860465,160.33010835527318,0.1605297157622739,PlayingSitar/v_PlayingSitar_g05_c01.avi,64,64,1,1.0,0
0.7183376759699595,1.0828380310401144,14.560219778561036,0.7231104651162791,233.05426356589143,157.59236543885208,0.233204134366925,PlayingSitar/v_PlayingSitar_g05_c02.avi,64,64,1,1.0,0
0.6985061800309974,0.9027085862920275,11.855905701379376,0.6772448320413437,226.04651162790697,115.87442149844244,0.2025193798449612,PlayingSitar/v_PlayingSitar_g05_c03.avi,64,64,1,1.0,0
0.9887246483312024,1.3463569819159835,14.100088652203574,0.6089308785529716,222.51162790697677,162.06349202145165,0.2881136950904392,PlayingSitar/v_PlayingSitar_g05_c04.avi,64,64,1,1.0,0
0.8233238294977132,1.1807604815765669,11.845357740482134,0.7090600775193798,506.2945736434109,938.9480870237682,0.1111111111111111,PlayingSitar/v_PlayingSitar_g05_c05.avi,64,64,1,1.0,0
2.062169516098433,4.865406153641685,51.36207258279206,0.593265503875969,332.4651162790698,570.307275350762,0.1547157622739018,PlayingSitar/v_PlayingSitar_g05_c06.avi,64,64,1,1.0,0
1.0222879837966885,1.3554050326939016,17.779904386694547,0.5754198966408268,254.3875968992248,189.8101993680729,0.2021963824289405,PlayingSitar/v_PlayingSitar_g05_c07.avi,64,64,1,1.0,0
1.7405275675141518,1.3747593659762964,7.163274390947201,0.3164567183462532,310.94573643410854,226.28596540823452,0.0652454780361757,PlayingSitar/v_PlayingSitar_g06_c01.avi,64,64,1,1.0,0
1.880419645931696,2.2555775957714648,18.736661922551733,0.4383882428940568,306.3565891472868,231.3487852595714,0.0943152454780361,PlayingSitar/v_PlayingSitar_g06_c02.avi,64,64,1,1.0,0
1.611331795329451,1.659672398918867,16.206673008362944,0.4855458656330749,311.50387596899225,234.19385477181905,0.0830103359173126,PlayingSitar/v_PlayingSitar_g06_c03.avi,64,64,1,1.0,0
7.073028682230168,7.897597353413952,50.35871324805669,0.0747739018087855,292.6511627906977,218.67921538828045,0.1140180878552971,PlayingSitar/v_PlayingSitar_g06_c04.avi,64,64,1,1.0,0
2.841956538011938,2.8880771026152825,20.808652046684813,0.1960594315245478,297.4263565891473,222.23546333966448,0.1046511627906976,PlayingSitar/v_PlayingSitar_g06_c05.avi,64,64,1,1.0,0
1.8433366416320247,1.629529222288398,16.11870031981487,0.3720930232558139,344.4341085271318,270.764746567745,0.0717054263565891,PlayingSitar/v_PlayingSitar_g06_c06.avi,64,64,1,1.0,0
0.5307135833491442,0.8230787842904039,11.0,0.7795542635658915,416.2480620155039,673.180165605361,0.276485788113695,PlayingSitar/v_PlayingSitar_g07_c01.avi,64,64,1,1.0,0
0.6051659643400618,0.7185895235975338,18.68154169226941,0.6911337209302325,506.1705426356589,920.552716713466,0.2564599483204134,PlayingSitar/v_PlayingSitar_g07_c02.avi,64,64,1,1.0,0
0.4691589230206853,0.7840735646638788,13.865424623862047,0.8210594315245479,337.73643410852713,318.15118826595057,0.2448320413436692,PlayingSitar/v_PlayingSitar_g07_c03.avi,64,64,1,1.0,0
0.4066402452334898,0.8872953548807807,13.25943060617612,0.8656330749354005,345.1782945736434,484.4948212075506,0.2835917312661499,PlayingSitar/v_PlayingSitar_g07_c04.avi,64,64,1,1.0,0
1.1145347388279507,1.837729769087013,24.0,0.6572997416020672,290.3565891472868,281.3255941048443,0.2926356589147287,PlayingSitar/v_PlayingSitar_g07_c05.avi,64,64,1,1.0,0
0.4286642104506131,0.7699192690709611,14.0,0.8716085271317829,297.5503875968992,379.6498787130407,0.2874677002583979,PlayingSitar/v_PlayingSitar_g07_c06.avi,64,64,1,1.0,0
0.5061451212420853,0.8767182703199816,14.983324063771695,0.8552164082687338,295.1937984496124,275.1659704239792,0.2558139534883721,PlayingSitar/v_PlayingSitar_g07_c07.avi,64,64,1,1.0,0
0.1987480413078836,0.7748605211701912,14.7648230602334,0.9472706718346252,440.31007751937983,726.8923531027266,0.2984496124031007,PlayingTabla/v_PlayingTabla_g01_c01.avi,65,65,1,0.9999997615814208,0
0.1791187890633391,0.7543724120431299,13.271209439986997,0.9510658914728682,715.7829457364342,1047.7232974054773,0.2254521963824289,PlayingTabla/v_PlayingTabla_g01_c02.avi,65,65,1,0.9999995231628418,0
0.2140815637451716,0.8545753742865704,14.866068747318506,0.9496124031007752,506.4186046511628,649.7433565811265,0.2642118863049095,PlayingTabla/v_PlayingTabla_g01_c03.avi,65,65,1,0.9999996423721312,0
0.1228539493334616,0.5328940030498847,19.79780606531946,0.958171834625323,565.7674418604652,785.7045079568327,0.2638888888888889,PlayingTabla/v_PlayingTabla_g01_c04.avi,65,65,1,1.0,0
0.9279916428783428,2.18312550657978,48.83646178829912,0.7234334625322998,449.30232558139534,829.9140761039795,0.1572997416020672,PlayingTabla/v_PlayingTabla_g02_c01.avi,65,65,1,1.0,0
0.5000047707991004,1.2076827528251868,14.317821063276352,0.8571543927648578,450.7906976744186,875.2164000349919,0.2425710594315245,PlayingTabla/v_PlayingTabla_g02_c02.avi,65,65,1,1.0,0
0.3868959606820422,0.9122235158760988,16.15549442140351,0.883640180878553,441.4263565891473,758.8475633627675,0.2228682170542635,PlayingTabla/v_PlayingTabla_g02_c03.avi,65,65,1,1.0,0
0.495748948777322,1.2376728640283228,22.0,0.8481104651162791,309.14728682170545,352.33429995779176,0.1366279069767441,PlayingTabla/v_PlayingTabla_g02_c04.avi,65,65,1,1.0,0
0.2585237599411403,0.6105892254390444,11.029080877389555,0.9252260981912144,484.4031007751938,403.8247666512393,0.2160852713178294,PlayingTabla/v_PlayingTabla_g03_c01.avi,65,65,1,0.9999994039535522,0
0.4629899580815513,1.042195024308327,17.204650534085253,0.8359980620155039,567.6279069767442,430.14400094245417,0.232235142118863,PlayingTabla/v_PlayingTabla_g03_c02.avi,65,65,1,1.0,0
0.4286595426269418,1.102641821930827,15.004686767806918,0.8677325581395349,549.6434108527131,427.42556899444673,0.2354651162790697,PlayingTabla/v_PlayingTabla_g03_c03.avi,65,65,1,0.9999881982803344,0
0.3196544124331983,0.7948036375084175,13.601470508735444,0.8938145994832042,547.4108527131783,428.61756525667465,0.2432170542635658,PlayingTabla/v_PlayingTabla_g03_c04.avi,65,65,1,0.9999998807907104,0
0.2660251013976423,0.7320988145972118,10.165044269455986,0.915859173126615,563.4728682170543,425.4546875101173,0.2138242894056847,PlayingTabla/v_PlayingTabla_g03_c05.avi,65,65,1,1.0,0
0.8002871243274716,2.66947805045042,51.0,0.7972383720930233,244.96124031007756,177.55813124313588,0.2177002583979328,PlayingTabla/v_PlayingTabla_g04_c01.avi,65,65,1,1.0,0
0.5985546419470105,0.9730784274517154,10.580790376904742,0.8135497416020672,279.13178294573646,233.5776145376525,0.2025193798449612,PlayingTabla/v_PlayingTabla_g04_c02.avi,65,65,1,1.0,0
0.6670362726789294,1.002892261362548,15.674920254980565,0.7738210594315246,239.56589147286823,163.3989669566483,0.2147932816537467,PlayingTabla/v_PlayingTabla_g04_c03.avi,65,65,1,1.0,0
0.5238808877430164,1.004726908779855,14.900188757193648,0.8536821705426356,238.9457364341085,185.5208594835832,0.2593669250645994,PlayingTabla/v_PlayingTabla_g04_c04.avi,65,65,1,1.0,0
1.1620523132140026,2.204947449562759,51.0013786578363,0.6222545219638242,237.33333333333331,169.45939274089736,0.2354651162790697,PlayingTabla/v_PlayingTabla_g04_c05.avi,65,65,1,1.0,0
0.5319743917173664,0.9024101447750106,15.82126733229674,0.8458494832041343,248.8682170542636,220.6993598528477,0.294250645994832,PlayingTabla/v_PlayingTabla_g04_c06.avi,65,65,1,1.0,0
0.0755143621858728,0.2672797193049312,6.254998001598402,0.9874031007751938,304.4961240310077,281.61351612732835,0.2409560723514212,PlayingTabla/v_PlayingTabla_g05_c01.avi,65,65,1,1.0,0
1.3362938497138777,2.422858222157226,30.76117683054405,0.6598837209302325,249.11627906976744,116.86549798256463,0.1030361757105943,PlayingTabla/v_PlayingTabla_g05_c02.avi,65,65,1,0.9999997615814208,0
0.1786332067501008,0.4356909935214528,7.893826701923472,0.9513081395348836,265.86046511627904,235.3745734618372,0.2600129198966408,PlayingTabla/v_PlayingTabla_g05_c03.avi,65,65,1,1.0,0
0.2696457219256388,0.8303785262788008,15.13481086766531,0.9207041343669252,320.8062015503876,323.37345098005505,0.3200904392764858,PlayingTabla/v_PlayingTabla_g05_c04.avi,65,65,1,1.0,0
0.1657710810198957,0.5153771510791606,7.875,0.9570413436692506,447.8759689922481,389.6941955067562,0.2241602067183462,PlayingTabla/v_PlayingTabla_g06_c01.avi,65,65,1,1.0,0
0.0939253497995165,0.490580839491859,17.0,0.977309431524548,436.2170542635659,390.7978117027176,0.253875968992248,PlayingTabla/v_PlayingTabla_g06_c02.avi,65,65,1,1.0,0
0.1106769681584956,0.4662203307803494,9.632302424654242,0.970687984496124,462.8837209302326,467.9338657954216,0.2273901808785529,PlayingTabla/v_PlayingTabla_g06_c03.avi,65,65,1,1.0,0
0.1767067654444431,0.7799404332061391,12.260199835239227,0.9492894056847544,992.9922480620156,1095.108111162412,0.0981912144702842,PlayingTabla/v_PlayingTabla_g06_c04.avi,65,65,1,1.0,0
0.4481345568789859,1.0885878880265052,17.0,0.8889696382428941,363.1007751937984,351.7233727372004,0.2871447028423772,PlayingTabla/v_PlayingTabla_g07_c01.avi,65,65,1,1.0,0
0.4432614017443084,1.2677628709548692,22.360679774997894,0.8917958656330749,372.27906976744185,357.0956699106027,0.2806847545219638,PlayingTabla/v_PlayingTabla_g07_c02.avi,65,65,1,1.0,0
0.3274530561597799,0.7822205203616166,14.826075003182735,0.9245801033591732,371.2248062015504,362.35032173812425,0.3042635658914728,PlayingTabla/v_PlayingTabla_g07_c03.avi,65,65,1,1.0,0
0.3168267234113302,0.7078066726924958,14.985930902016063,0.9170704134366924,349.4573643410853,331.32440384810377,0.2535529715762274,PlayingTabla/v_PlayingTabla_g07_c04.avi,65,65,1,1.0,0
0.4836424652878803,2.121511115274544,54.57105459856901,0.9002745478036176,375.6279069767442,346.25525087149845,0.2296511627906976,PlayingViolin/v_PlayingViolin_g01_c01.avi,66,66,1,0.9999997615814208,0
0.5573278251217489,1.9593425122416015,29.775199411590847,0.8700742894056848,476.09302325581393,473.4148981234944,0.2309431524547803,PlayingViolin/v_PlayingViolin_g01_c02.avi,66,66,1,1.0,0
0.4950228286656883,1.7090282344340348,31.420783328873263,0.8942990956072352,467.0387596899225,463.1659906899414,0.1954134366925064,PlayingViolin/v_PlayingViolin_g01_c03.avi,66,55,0,0.6988552808761597,1
0.2668071974839975,0.7629962327363293,10.375752984723569,0.9265180878552972,518.2635658914729,684.7114202221497,0.170219638242894,PlayingViolin/v_PlayingViolin_g01_c04.avi,66,66,1,0.99954092502594,0
1.144719665258139,3.012259743207549,51.46251669905,0.7505652454780362,294.7596899224806,288.4715340757158,0.2981266149870801,PlayingViolin/v_PlayingViolin_g02_c01.avi,66,66,1,1.0,0
1.144719665258139,3.012259743207549,51.46251669905,0.7505652454780362,294.7596899224806,288.4715340757158,0.2981266149870801,PlayingViolin/v_PlayingViolin_g02_c02.avi,66,66,1,1.0,0
1.141552801231176,3.014119630721869,51.46251669905,0.7504037467700259,282.6666666666667,277.5634108243082,0.3107235142118863,PlayingViolin/v_PlayingViolin_g02_c03.avi,66,66,1,1.0,0
0.4994873570094973,0.9594084303337234,21.529413020331045,0.8688630490956072,317.7054263565892,419.2960583456492,0.3866279069767442,PlayingViolin/v_PlayingViolin_g02_c04.avi,66,66,1,0.999847412109375,0
0.9341963453802896,3.175055316953823,134.0,0.7284399224806202,423.7519379844961,373.74874516411165,0.21156330749354,PlayingViolin/v_PlayingViolin_g03_c01.avi,66,66,1,1.0,0
0.7223536845148032,1.597043043248136,26.5,0.7838339793281653,462.4496124031008,394.51441964274426,0.2154392764857881,PlayingViolin/v_PlayingViolin_g03_c02.avi,66,66,1,1.0,0
1.459244971250898,3.499512933259173,65.19202405202648,0.646156330749354,374.26356589147287,342.959972790006,0.2212532299741602,PlayingViolin/v_PlayingViolin_g03_c03.avi,66,66,1,1.0,0
0.5294959410349391,1.1651817768990278,18.68154169226941,0.8296996124031008,396.71317829457365,377.812044526274,0.2955426356589147,PlayingViolin/v_PlayingViolin_g03_c04.avi,66,66,1,1.0,0
1.0773717348402752,4.148944623520571,64.62294484159632,0.8222706718346253,554.3565891472869,1012.1229342745328,0.1669896640826873,PlayingViolin/v_PlayingViolin_g04_c01.avi,66,66,1,0.9970120191574096,0
0.7063543198441374,3.2339280124454315,65.19202405202648,0.8928456072351422,893.3953488372093,1282.9799276925914,0.2099483204134367,PlayingViolin/v_PlayingViolin_g04_c02.avi,66,66,1,1.0,0
0.435447932443029,1.4766946857045526,20.623105973640342,0.9018895348837208,559.8139534883721,819.2584070241322,0.230297157622739,PlayingViolin/v_PlayingViolin_g04_c03.avi,66,66,1,0.9999991655349731,0
0.7006509507896292,2.5852850190113497,66.09841147864296,0.8454457364341085,745.3023255813954,1096.9738402868418,0.1660206718346253,PlayingViolin/v_PlayingViolin_g04_c04.avi,66,66,1,1.0,0
0.3550291452704674,1.014750485674106,16.492422502470642,0.8972868217054264,715.1627906976744,733.3707121273424,0.1640826873385013,PlayingViolin/v_PlayingViolin_g05_c01.avi,66,66,1,0.9917295575141908,0
1.076228800630664,2.2330856706131392,33.50373113550191,0.7375645994832042,513.6124031007752,591.1843363419616,0.1905684754521963,PlayingViolin/v_PlayingViolin_g05_c02.avi,66,66,1,0.9999394416809082,0
0.1099071650152462,0.390501451555321,11.939953936259553,0.9752906976744186,513.1782945736434,472.0988999265092,0.1656976744186046,PlayingViolin/v_PlayingViolin_g05_c03.avi,66,66,1,0.995944321155548,0
0.2792819641661298,1.0723887228349622,18.35755975068582,0.923530361757106,856.8062015503876,892.7537233213741,0.1408268733850129,PlayingViolin/v_PlayingViolin_g05_c04.avi,66,66,1,0.9999998807907104,0
0.3025782919983408,1.520149905786102,35.51782123103837,0.9369347545219638,676.4651162790698,822.7632214377159,0.2338501291989664,PlayingViolin/v_PlayingViolin_g06_c01.avi,66,66,1,1.0,0
0.2525492692275364,1.3534488651881809,31.690889858128,0.9462209302325582,549.4573643410853,547.9419282271912,0.2118863049095607,PlayingViolin/v_PlayingViolin_g06_c02.avi,66,66,1,1.0,0
0.423776497708093,1.402162194160791,15.033296378372908,0.8916343669250646,453.953488372093,388.51643606478535,0.2067183462532299,PlayingViolin/v_PlayingViolin_g06_c03.avi,66,66,1,1.0,0
0.3930426592568128,1.6731670008711248,59.22124829822485,0.9082687338501292,592.1860465116279,434.1102236954667,0.2348191214470284,PlayingViolin/v_PlayingViolin_g06_c04.avi,66,66,1,1.0,0
4.762235033990696,8.4095334416315,78.0,0.3243701550387597,226.35658914728683,187.86874019339797,0.3197674418604651,PlayingViolin/v_PlayingViolin_g07_c01.avi,66,66,1,1.0,0
5.041386100484599,9.076622233590305,122.0,0.3869509043927648,232.31007751937983,186.93686694717283,0.291343669250646,PlayingViolin/v_PlayingViolin_g07_c02.avi,66,66,1,1.0,0
4.253781086085814,9.094406160917645,124.00403219250576,0.4060077519379845,240.31007751937983,213.05695997318944,0.312984496124031,PlayingViolin/v_PlayingViolin_g07_c03.avi,66,66,1,1.0,0
5.230804731567692,8.695020153333685,79.75,0.3963985788113695,229.08527131782947,181.71397709859417,0.295219638242894,PlayingViolin/v_PlayingViolin_g07_c04.avi,66,66,1,1.0,0
0.7506121276145199,1.970204862697498,89.56003573022959,0.8095122739018088,411.4728682170543,363.5966347888245,0.2005813953488372,PoleVault/v_PoleVault_g01_c01.avi,67,67,1,0.9999998807907104,0
1.7240600213142965,3.300641681900921,31.0,0.603843669250646,406.5116279069768,351.05902055253244,0.1644056847545219,PoleVault/v_PoleVault_g01_c02.avi,67,67,1,0.9999997615814208,0
2.5957360005612813,4.564665401789759,112.625,0.4506621447028424,408.1860465116279,354.27379083848075,0.1724806201550387,PoleVault/v_PoleVault_g01_c03.avi,67,67,1,1.0,0
7.868598896704777,13.566081103328925,259.0,0.3968023255813953,373.2093023255814,320.67316971323294,0.1440568475452196,PoleVault/v_PoleVault_g01_c04.avi,67,67,1,0.9999998807907104,0
3.59960799935234,6.947065739888226,102.29400031282384,0.4919250645994832,415.3178294573643,363.5368461646216,0.190891472868217,PoleVault/v_PoleVault_g01_c05.avi,67,67,1,0.9999946355819702,0
0.0677384978667554,0.2383114775427113,3.6443449342783127,0.9768249354005168,260.52713178294573,189.16602270912,0.1753875968992248,PoleVault/v_PoleVault_g02_c01.avi,67,67,1,1.0,0
0.0917372328876939,0.5631768806230054,15.768342493743596,0.9753714470284238,235.53488372093025,201.6438662174628,0.3081395348837209,PoleVault/v_PoleVault_g02_c02.avi,67,67,1,1.0,0
0.0864951931675554,0.2910938088339657,4.881406047441659,0.9751291989664084,268.8992248062016,218.729376700884,0.2067183462532299,PoleVault/v_PoleVault_g02_c03.avi,67,67,1,0.9999977350234984,0
0.3411807166784868,1.329842074902298,28.0,0.9089954780361758,238.88372093023256,188.0966116557851,0.2648578811369509,PoleVault/v_PoleVault_g02_c04.avi,67,67,1,1.0,0
0.0978081263034511,0.3073704436788846,4.640177798317646,0.9792474160206718,223.93798449612405,160.76714114972975,0.2793927648578811,PoleVault/v_PoleVault_g02_c05.avi,67,67,1,0.9999998807907104,0
0.1267753249288331,0.497346819434089,17.19238566924323,0.9681040051679588,261.7674418604651,221.6006083873462,0.2425710594315245,PoleVault/v_PoleVault_g02_c06.avi,67,67,1,0.9999462366104126,0
0.0740306740362362,0.352444039003726,13.729530217745982,0.9853036175710594,230.015503875969,158.96574563962392,0.2490310077519379,PoleVault/v_PoleVault_g02_c07.avi,67,67,1,1.0,0
15.159194991595225,23.168106408164803,180.3995565404749,0.3610303617571059,312.0,250.5851756041409,0.1243540051679586,PoleVault/v_PoleVault_g03_c01.avi,67,67,1,1.0,0
13.346059627120695,24.779091409436123,339.0,0.2438630490956072,268.2170542635659,198.53872999002317,0.1637596899224806,PoleVault/v_PoleVault_g03_c02.avi,67,67,1,1.0,0
6.178290987618985,15.66790403012712,255.8632447226448,0.4391149870801034,333.2093023255814,383.5399714252853,0.1779715762273901,PoleVault/v_PoleVault_g03_c03.avi,67,67,1,1.0,0
4.374771183333552,10.925342992928355,340.0,0.4147286821705426,294.2015503875969,249.34218509693488,0.1860465116279069,PoleVault/v_PoleVault_g03_c04.avi,67,67,1,1.0,0
12.696934657650944,25.95731909998509,241.0186714758838,0.542312661498708,331.3488372093023,365.9670136184236,0.1127260981912144,PoleVault/v_PoleVault_g03_c05.avi,67,67,1,1.0,0
2.6864244744278287,5.101724187863208,41.246211947280685,0.5866440568475452,409.30232558139534,697.630659092775,0.1447028423772609,PoleVault/v_PoleVault_g03_c06.avi,67,67,1,1.0,0
1.224070631393459,3.813133468051437,100.00499987500623,0.7375645994832042,403.84496124031006,553.1838564742812,0.1705426356589147,PoleVault/v_PoleVault_g03_c07.avi,67,67,1,1.0,0
11.366190706596973,16.98653281990799,187.0721785835617,0.4751291989664082,198.57364341085272,141.81442045139795,0.3662790697674418,PoleVault/v_PoleVault_g04_c01.avi,67,67,1,1.0,0
5.264234581102823,10.433906914010564,195.43113397051147,0.5784076227390181,208.8682170542636,183.028755306138,0.3901808785529715,PoleVault/v_PoleVault_g04_c02.avi,67,67,1,1.0,0
7.085071344817592,12.745848794300247,188.3104152722308,0.1852390180878552,237.7054263565892,139.18101554031614,0.1831395348837209,PoleVault/v_PoleVault_g04_c03.avi,67,67,1,1.0,0
13.547300523930938,18.877973177533505,209.55428890862623,0.272125322997416,236.52713178294573,196.4796408380938,0.2926356589147287,PoleVault/v_PoleVault_g04_c04.avi,67,67,1,1.0,0
1.3951002802785322,1.888518348025382,24.08318915758459,0.5895510335917312,241.42635658914728,114.29736649416184,0.1327519379844961,PoleVault/v_PoleVault_g04_c05.avi,67,67,1,0.9999984502792358,0
5.68391853165739,12.664603443003545,320.2623924222137,0.2708333333333333,235.28682170542635,153.46535572476253,0.2164082687338501,PoleVault/v_PoleVault_g04_c06.avi,67,67,1,1.0,0
7.259494752706716,11.78656184809589,215.0348808914498,0.4295058139534883,233.11627906976744,151.39739933595146,0.2225452196382429,PoleVault/v_PoleVault_g04_c07.avi,67,67,1,1.0,0
13.140432849224608,18.7621626596102,310.9340766143203,0.159641472868217,250.6046511627907,138.2222913962571,0.1262919896640827,PoleVault/v_PoleVault_g05_c01.avi,67,67,1,1.0,0
2.955550386781193,4.280607675209506,113.11056537742176,0.261547157622739,228.89922480620157,133.43429384754458,0.213501291989664,PoleVault/v_PoleVault_g05_c02.avi,67,67,1,1.0,0
6.591381402511711,14.959235847222203,307.31254448850603,0.5115471576227391,270.015503875969,181.2002183759026,0.1208010335917312,PoleVault/v_PoleVault_g05_c03.avi,67,67,1,1.0,0
5.862177103936458,11.981241359326363,209.03827400741716,0.429828811369509,202.2325581395349,201.33009308552963,0.459625322997416,PoleVault/v_PoleVault_g05_c04.avi,67,67,1,1.0,0
6.041147760778814,11.64917754093778,146.63219291819925,0.4488856589147287,236.34108527131784,145.76866541159126,0.1992894056847545,PoleVault/v_PoleVault_g05_c05.avi,67,67,1,1.0,0
1.3141170869557866,3.024389062482493,33.24154027718932,0.7539567183462532,267.72093023255815,325.52371582102177,0.1960594315245478,PoleVault/v_PoleVault_g06_c01.avi,67,67,1,1.0,0
2.963294813147787,4.449421255816157,38.11823710509184,0.332202842377261,299.28682170542635,353.66430002638697,0.1776485788113695,PoleVault/v_PoleVault_g06_c02.avi,67,67,1,1.0,0
2.465396684947465,3.660754826832517,33.24154027718932,0.4542958656330749,278.6356589147287,209.09817203922952,0.145671834625323,PoleVault/v_PoleVault_g06_c03.avi,67,67,1,1.0,0
0.6601282631169642,1.008131263967112,13.99330196915653,0.8304263565891473,262.8217054263566,192.31266731418037,0.1724806201550387,PoleVault/v_PoleVault_g06_c04.avi,67,67,1,1.0,0
7.315274834307072,10.992568641902524,141.69333082400175,0.2570251937984496,268.52713178294573,164.21682006587673,0.0949612403100775,PoleVault/v_PoleVault_g06_c05.avi,67,67,1,1.0,0
0.6409976167468334,2.54945259771126,112.04017136723776,0.8462532299741602,277.8914728682171,255.598560013112,0.2658268733850129,PoleVault/v_PoleVault_g07_c01.avi,67,67,1,1.0,0
1.5447619942391493,2.1387290906801635,17.981327120098783,0.5576550387596899,249.73643410852716,145.48915191078171,0.1411498708010335,PoleVault/v_PoleVault_g07_c02.avi,67,67,1,1.0,0
2.349487359950607,6.114946536873712,156.82155464093577,0.4708494832041344,259.3488372093023,205.45297472713636,0.2151162790697674,PoleVault/v_PoleVault_g07_c03.avi,67,67,1,0.9999990463256836,0
1.0939712451675838,3.867096472413869,97.0051545022222,0.8485142118863049,245.14728682170545,218.9220632541644,0.3058785529715762,PoleVault/v_PoleVault_g07_c04.avi,67,67,1,1.0,0
0.0796982327067634,0.5169729869216075,16.1245154965971,0.9809431524547804,276.031007751938,258.7595914556643,0.2819767441860465,PommelHorse/v_PommelHorse_g01_c01.avi,68,68,1,1.0,0
0.2434919318498872,5.524516503481926,219.9681795169474,0.9807009043927648,344.1860465116279,315.2176992886584,0.2138242894056847,PommelHorse/v_PommelHorse_g01_c02.avi,68,68,1,1.0,0
0.1288145751176474,1.4354884743984089,82.76472678623425,0.9787629198966408,382.8837209302326,350.91410260833135,0.2267441860465116,PommelHorse/v_PommelHorse_g01_c03.avi,68,68,1,1.0,0
0.2163079548035382,5.2080869681874775,215.59452683219956,0.9809431524547804,366.5116279069768,343.5486744629601,0.2461240310077519,PommelHorse/v_PommelHorse_g01_c04.avi,68,68,1,1.0,0
0.1975289012536033,2.3261346893897743,117.43043153288674,0.9733527131782944,278.7596899224806,266.6057907799889,0.2936046511627907,PommelHorse/v_PommelHorse_g01_c05.avi,68,68,1,1.0,0
0.104794317932049,0.5723736084505757,16.140012391568973,0.9765826873385012,330.8527131782945,340.5921678756281,0.3478682170542636,PommelHorse/v_PommelHorse_g01_c06.avi,68,68,1,1.0,0
0.1087859857651022,0.844226395827316,29.543664718514528,0.976421188630491,276.71317829457365,238.31889240573295,0.2241602067183462,PommelHorse/v_PommelHorse_g01_c07.avi,68,68,1,1.0,0
1.6038097743480022,2.7122375663160563,65.62440475920525,0.6396963824289406,256.86821705426354,147.44960404840157,0.1143410852713178,PommelHorse/v_PommelHorse_g02_c01.avi,68,68,1,1.0,0
0.3135561335474436,1.3757246948890969,129.9050133751581,0.9255490956072352,271.68992248062017,253.71832634488547,0.2852067183462532,PommelHorse/v_PommelHorse_g02_c02.avi,68,68,1,1.0,0
0.4682345808449865,0.8713882164756117,12.298373876248844,0.8171834625322998,294.3255813953488,284.10051618939485,0.2861757105943152,PommelHorse/v_PommelHorse_g02_c03.avi,68,68,1,1.0,0
0.1172583251140958,0.6666112733534069,34.058772731852805,0.9820736434108528,326.38759689922483,294.59946031299125,0.2044573643410852,PommelHorse/v_PommelHorse_g02_c04.avi,68,68,1,1.0,0
6.631325008544041,10.35366445160706,105.89647066828998,0.4212693798449612,266.8527131782945,208.04602579532204,0.1902454780361757,PommelHorse/v_PommelHorse_g03_c01.avi,68,68,1,1.0,0
4.317190833853481,6.384905985957904,128.1807805406099,0.3812984496124031,281.6744186046512,232.77534043157164,0.1905684754521963,PommelHorse/v_PommelHorse_g03_c02.avi,68,68,1,1.0,0
2.8319524128653497,4.093392863775633,119.54078801814885,0.4626937984496124,253.95348837209303,217.49075933199552,0.2651808785529715,PommelHorse/v_PommelHorse_g03_c03.avi,68,68,1,1.0,0
4.857062977104249,6.990654632483164,115.3819743287486,0.3758882428940568,284.8372093023256,259.7208635969795,0.2503229974160206,PommelHorse/v_PommelHorse_g03_c04.avi,68,68,1,1.0,0
1.0461799651122832,2.5616001506592228,52.93214996578167,0.7378068475452196,274.4806201550388,432.54837253845017,0.2784237726098191,PommelHorse/v_PommelHorse_g04_c01.avi,68,68,1,1.0,0
1.416778119103882,8.263471215710094,255.78506602223672,0.7352228682170543,232.8682170542636,198.4666562448392,0.312984496124031,PommelHorse/v_PommelHorse_g04_c02.avi,68,68,1,0.999897599220276,0
0.9221488028929952,3.3925982877686183,255.1960031034969,0.7958656330749354,231.93798449612405,176.6036051822827,0.272609819121447,PommelHorse/v_PommelHorse_g04_c03.avi,68,68,1,1.0,0
0.6275069883086201,5.9437958867694425,273.09361947874214,0.8856589147286822,273.2403100775194,436.1630584642584,0.3003875968992248,PommelHorse/v_PommelHorse_g04_c04.avi,68,68,1,0.9999980926513672,0
1.8072671617883231,3.334204877485224,238.1197177891827,0.4609980620155038,254.2015503875969,324.96113971239345,0.2496770025839793,PommelHorse/v_PommelHorse_g04_c05.avi,68,68,1,0.9988101720809937,0
3.3749938026192043,6.350185120288473,128.75169901791588,0.5467538759689923,367.9379844961241,483.8624917089146,0.2102713178294573,PommelHorse/v_PommelHorse_g05_c01.avi,68,68,1,1.0,0
3.870001639219349,8.77518268270961,192.936518057106,0.4902293281653747,291.28682170542635,270.9676943414476,0.2580749354005168,PommelHorse/v_PommelHorse_g05_c02.avi,68,68,1,1.0,0
3.269721409287778,6.885718928468024,124.16923934694935,0.4657622739018088,280.93023255813955,224.84365579466257,0.1737726098191214,PommelHorse/v_PommelHorse_g05_c03.avi,68,68,1,1.0,0
2.9906104028625777,5.763398102248815,161.6168308066954,0.5787306201550387,374.8217054263566,428.7458264693908,0.2480620155038759,PommelHorse/v_PommelHorse_g05_c04.avi,68,68,1,1.0,0
0.8422745186325802,2.352077338689702,118.59595271340416,0.845203488372093,268.09302325581393,255.2714755518031,0.3039405684754522,PommelHorse/v_PommelHorse_g06_c01.avi,68,68,1,1.0,0
0.8428685555703748,1.613162936207693,38.05259518088089,0.7764857881136951,310.015503875969,277.8567469986164,0.209625322997416,PommelHorse/v_PommelHorse_g06_c02.avi,68,68,1,1.0,0
0.9740852663391928,1.8938978611242967,88.60022573334675,0.7238372093023255,268.031007751938,232.34537036821408,0.2435400516795865,PommelHorse/v_PommelHorse_g06_c03.avi,68,68,1,1.0,0
0.9393431360338468,1.6390341431460482,32.51249759707796,0.7101905684754521,275.5348837209302,240.38296469042595,0.234173126614987,PommelHorse/v_PommelHorse_g06_c04.avi,68,68,1,1.0,0
0.5599792474810471,0.8449503584147023,18.0,0.814437984496124,331.6589147286822,573.0492963645784,0.1744186046511628,PommelHorse/v_PommelHorse_g07_c01.avi,68,68,1,0.9988480806350708,0
0.1944388098001236,0.4337005598523598,13.007810153903693,0.95922157622739,264.9922480620155,418.4857252828212,0.2516149870801034,PommelHorse/v_PommelHorse_g07_c02.avi,68,68,1,0.999995231628418,0
0.3589771936275105,2.084268803584484,56.25,0.91109496124031,512.2480620155038,739.3841563850949,0.2700258397932816,PommelHorse/v_PommelHorse_g07_c03.avi,68,4,0,0.9994897842407228,1
0.1482636692612111,0.540779058468527,18.527007313648905,0.93984173126615,368.7441860465116,435.03435272124574,0.295219638242894,PommelHorse/v_PommelHorse_g07_c04.avi,68,4,0,0.9981867671012878,1
0.1436342596582739,0.2598917253397921,3.259601202601325,0.9885335917312662,340.5891472868217,417.1585241857383,0.2997416020671835,PommelHorse/v_PommelHorse_g07_c05.avi,68,4,0,0.9920616149902344,1
0.1386417717459832,0.4223815745407244,11.180339887498947,0.929828811369509,372.2170542635659,501.1367691704316,0.2900516795865633,PommelHorse/v_PommelHorse_g07_c06.avi,68,4,0,0.9650028944015504,1
0.1357343824314975,0.4790820308841909,16.03365600853405,0.9752099483204134,458.2325581395349,578.2715559564897,0.2012273901808785,PommelHorse/v_PommelHorse_g07_c07.avi,68,68,1,0.8725806474685669,0
0.8444023207187987,2.2275383126914443,28.16025568065745,0.7909399224806202,240.0,232.9251801220377,0.3624031007751938,PullUps/v_PullUps_g01_c01.avi,69,69,1,0.9999996423721312,0
1.1265642312956483,3.2117250923923195,120.3328716519306,0.7692990956072352,268.09302325581393,266.23086798416915,0.3349483204134367,PullUps/v_PullUps_g01_c02.avi,69,73,0,0.9991053938865662,1
2.171818441233325,4.082876808531192,106.01886624558855,0.4494509043927648,267.28682170542635,257.4679085533956,0.3133074935400516,PullUps/v_PullUps_g01_c03.avi,69,73,0,1.0,1
0.580158084525449,0.8512421817072813,14.317821063276352,0.8044250645994832,327.13178294573646,304.9104934072364,0.2354651162790697,PullUps/v_PullUps_g01_c04.avi,69,73,0,0.9999985694885254,1
0.3571893513149597,2.140619783464331,51.0098029794274,0.9488049095607236,1160.2480620155038,1532.756082937878,0.1844315245478036,PullUps/v_PullUps_g02_c01.avi,69,69,1,1.0,0
0.1539080384458772,0.5184985336340721,9.5524865872714,0.9544573643410852,1007.1317829457364,1412.7619404778402,0.1757105943152454,PullUps/v_PullUps_g02_c02.avi,69,69,1,1.0,0
0.2390876108151081,1.2274728779220785,28.320707971376702,0.944202196382429,2158.5736434108526,1760.4244589258583,0.0804263565891472,PullUps/v_PullUps_g02_c03.avi,69,69,1,1.0,0
0.1153310583867989,0.4360046572768658,5.875,0.9771479328165374,2437.829457364341,1718.8958422928488,0.0213178294573643,PullUps/v_PullUps_g02_c04.avi,69,69,1,1.0,0
0.6766640542202246,10.176213785853628,327.573846636144,0.9375807493540051,381.08527131782944,324.2316147688625,0.1340439276485788,PullUps/v_PullUps_g03_c01.avi,69,69,1,0.9999984502792358,0
0.0131224544584524,0.1719631386469988,5.875,0.9964470284237726,304.74418604651163,528.0107509926975,0.3301033591731266,PullUps/v_PullUps_g03_c02.avi,69,69,1,0.9996854066848756,0
0.1239426541707403,0.5874452990519842,9.628246205825857,0.9722222222222222,289.7984496124031,294.8046095756538,0.3368863049095607,PullUps/v_PullUps_g03_c03.avi,69,69,1,1.0,0
0.1315442245937982,0.8119239578769647,23.021728866442675,0.9678617571059432,384.62015503875966,626.4294684747991,0.3598191214470284,PullUps/v_PullUps_g03_c04.avi,69,69,1,0.9999984502792358,0
0.8836696733674265,1.6223309523686809,16.554833131143305,0.755248708010336,199.0077519379845,111.61176455203586,0.3226744186046512,PullUps/v_PullUps_g04_c01.avi,69,69,1,0.772548496723175,0
2.675814364790182,4.141967689512337,50.35871324805669,0.4099644702842377,282.7906976744186,182.1903627680667,0.0723514211886304,PullUps/v_PullUps_g04_c02.avi,69,67,0,0.9980826377868652,1
0.5902639357126731,1.0442170788785552,24.08318915758459,0.8270348837209303,242.9767441860465,173.0752610016666,0.2177002583979328,PullUps/v_PullUps_g04_c03.avi,69,67,0,0.7714563608169556,1
2.1469839968692543,2.285572632221136,49.31341095483053,0.3710432816537468,221.6434108527132,114.1777343212006,0.2202842377260982,PullUps/v_PullUps_g04_c04.avi,69,69,1,0.8850066661834717,0
0.2370509580009915,0.9783253002209512,13.75511268583431,0.9363695090439276,242.54263565891472,232.0363179189055,0.3491602067183462,PullUps/v_PullUps_g05_c01.avi,69,46,0,0.9993298053741456,1
0.2747822506116748,0.8453830878370935,21.25,0.9323320413436692,232.5581395348837,148.49215817139682,0.2202842377260982,PullUps/v_PullUps_g05_c02.avi,69,69,1,1.0,0
0.3743358728980538,1.6967111024315145,42.1251854595324,0.9261143410852714,276.71317829457365,373.40368648708665,0.3417312661498708,PullUps/v_PullUps_g05_c03.avi,69,69,1,0.9999994039535522,0
0.1509841303640652,0.5571453624018666,8.0156097709407,0.9558301033591732,217.984496124031,168.04438249555386,0.3194444444444444,PullUps/v_PullUps_g05_c04.avi,69,69,1,0.7359235286712646,0
4.637552131333156,5.543483267291334,88.31513177253375,0.1922642118863049,246.63565891472868,147.35665419194123,0.1572997416020672,PullUps/v_PullUps_g06_c01.avi,69,69,1,1.0,0
1.4936880593178574,1.5474943627792903,17.0,0.4139211886304909,228.46511627906975,153.5567994052726,0.2467700258397933,PullUps/v_PullUps_g06_c02.avi,69,69,1,1.0,0
2.727211732356264,4.190589375939635,66.21272536302973,0.3833171834625323,242.54263565891472,152.83648899476557,0.1837855297157622,PullUps/v_PullUps_g06_c03.avi,69,69,1,1.0,0
1.743153403136241,2.1416364610133174,30.0,0.4654392764857881,256.9922480620155,136.4607162215207,0.0968992248062015,PullUps/v_PullUps_g06_c04.avi,69,69,1,1.0,0
0.1251771438139332,1.1178352834932923,42.01190307520001,0.973029715762274,454.9457364341085,565.1900182641125,0.1266149870801033,PullUps/v_PullUps_g07_c01.avi,69,69,1,0.9999539852142334,0
0.0359909804397674,0.1745874618541497,3.25,0.9934593023255814,772.8372093023256,1024.5117028678308,0.0290697674418604,PullUps/v_PullUps_g07_c02.avi,69,69,1,0.9999847412109376,0
0.0325419286388172,0.3681574534871115,19.275956526201234,0.994186046511628,674.4186046511628,728.1564562442238,0.0985142118863049,PullUps/v_PullUps_g07_c03.avi,69,69,1,0.9999995231628418,0
0.107975547537158,1.0625537796301292,41.28710452429426,0.9747254521963824,706.1085271317829,914.6950628429692,0.1246770025839793,PullUps/v_PullUps_g07_c04.avi,69,69,1,0.9997411370277404,0
2.994813886729374,7.058853458987615,147.220922426128,0.5884205426356589,210.54263565891472,147.18774635928298,0.3181524547803617,Punch/v_Punch_g01_c01.avi,70,70,1,1.0,0
4.490719757696048,6.710335851987502,82.00609733428362,0.4689114987080103,226.4186046511628,131.10234464015517,0.2212532299741602,Punch/v_Punch_g01_c02.avi,70,70,1,1.0,0
4.439348958518416,9.310729206219698,92.04890004774636,0.5564437984496124,245.3953488372093,207.083641065564,0.2774547803617571,Punch/v_Punch_g01_c03.avi,70,16,0,0.9999994039535522,1
2.8046017076379304,8.97768671253243,163.52675622050356,0.6721576227390181,324.7751937984496,318.01714254194513,0.2877906976744186,Punch/v_Punch_g01_c04.avi,70,70,1,1.0,0
2.360103863778212,4.753655709137585,144.2981397142735,0.510578165374677,250.35658914728683,234.7538311003104,0.3226744186046512,Punch/v_Punch_g01_c05.avi,70,70,1,1.0,0
1.2328692067651563,3.0862814672240764,67.89157256243223,0.7159237726098191,384.1240310077519,693.0164937325095,0.1763565891472868,Punch/v_Punch_g02_c01.avi,70,16,0,0.502497136592865,1
1.7715134467101568,7.207160288867369,128.52942270157445,0.7466892764857881,283.28682170542635,358.22766122703734,0.2558139534883721,Punch/v_Punch_g02_c02.avi,70,16,0,1.0,1
6.545988927461309,12.334710446618214,247.00809703327545,0.4478359173126615,232.1860465116279,193.24779318983704,0.3049095607235142,Punch/v_Punch_g02_c03.avi,70,16,0,0.998219072818756,1
3.038941394562636,10.319443270795364,333.8701094737293,0.5890665374677002,390.3875968992248,753.9192923523359,0.3065245478036176,Punch/v_Punch_g02_c04.avi,70,70,1,1.0,0
2.51049976560737,4.927741445006324,93.43446901438462,0.4998385012919896,216.1860465116279,164.36364332528234,0.3210594315245478,Punch/v_Punch_g03_c01.avi,70,70,1,1.0,0
2.51433271305227,4.803908170978844,128.50218869731364,0.460594315245478,279.0077519379845,237.18139776083495,0.2122093023255813,Punch/v_Punch_g03_c02.avi,70,70,1,1.0,0
4.10996795526336,7.63829812471205,88.10576031111701,0.4676195090439276,263.06976744186045,218.28735012713705,0.229328165374677,Punch/v_Punch_g03_c03.avi,70,70,1,1.0,0
1.9060384659449483,4.2301815040431725,97.5909831900468,0.5653262273901809,266.3565891472868,273.10292231595287,0.3620801033591731,Punch/v_Punch_g03_c04.avi,70,70,1,1.0,0
1.8128941050471927,10.015310253876695,188.2153022471871,0.7098675710594315,250.7906976744186,230.4899289672484,0.3100775193798449,Punch/v_Punch_g04_c01.avi,70,70,1,1.0,0
4.897483427829235,9.654450876115398,264.877389087857,0.5318152454780362,211.4108527131783,168.76540354173957,0.3510981912144703,Punch/v_Punch_g04_c02.avi,70,70,1,1.0,0
2.122646807565597,5.887790670938374,228.20440398905535,0.6424418604651163,235.65891472868216,210.83578591424657,0.3281653746770026,Punch/v_Punch_g04_c03.avi,70,70,1,1.0,0
4.629055255382417,9.319959658827948,155.0129026887762,0.5232558139534884,212.5891472868217,187.15535197715155,0.3811369509043927,Punch/v_Punch_g04_c04.avi,70,70,1,1.0,0
2.2468045467448183,5.822683274516877,213.0469431838908,0.6010981912144703,223.93798449612405,177.6553475431191,0.3104005167958656,Punch/v_Punch_g04_c05.avi,70,70,1,1.0,0
0.8820079055109766,3.803808056133255,321.38572035795244,0.7112403100775194,1526.139534883721,1760.611595393016,0.1017441860465116,Punch/v_Punch_g05_c01.avi,70,70,1,1.0,0
3.3691475100571,6.16751519452219,225.21989254948156,0.5640342377260982,1369.0542635658917,1714.8183365266489,0.1770025839793281,Punch/v_Punch_g05_c02.avi,70,70,1,1.0,0
2.051835972920488,5.309694594480959,233.00214591286493,0.5798611111111112,269.14728682170545,198.0288562785617,0.1589147286821705,Punch/v_Punch_g05_c03.avi,70,70,1,1.0,0
3.533780975494828,7.310420375243371,208.4034548657963,0.5079134366925064,207.50387596899225,164.20445395346363,0.3611111111111111,Punch/v_Punch_g05_c04.avi,70,70,1,1.0,0
2.836263801998064,11.16606185976588,274.11676344215067,0.677406330749354,253.27131782945736,207.7099853510716,0.2454780361757106,Punch/v_Punch_g05_c05.avi,70,70,1,1.0,0
2.175366552973786,5.3148590538996645,123.17467272130256,0.7130975452196382,1204.8992248062016,1654.7242391630753,0.2412790697674418,Punch/v_Punch_g05_c06.avi,70,70,1,1.0,0
1.9557047832460737,4.896049318004767,185.82787734890587,0.6725613695090439,1306.9767441860463,1632.1527728364683,0.1902454780361757,Punch/v_Punch_g05_c07.avi,70,70,1,1.0,0
1.570125129986637,5.693237962652871,211.1160818128264,0.6967861757105943,215.13178294573643,146.3469054738854,0.2955426356589147,Punch/v_Punch_g06_c01.avi,70,70,1,1.0,0
1.6254762632960364,7.228287768244221,248.07257002740147,0.6867732558139535,267.5968992248062,231.52040509398157,0.2432170542635658,Punch/v_Punch_g06_c02.avi,70,70,1,1.0,0
3.105881013409351,7.787891402340056,195.0,0.5146156330749354,253.6434108527132,149.51838954848424,0.1311369509043927,Punch/v_Punch_g06_c03.avi,70,70,1,1.0,0
2.879342606095841,5.153458919167161,47.01063709417264,0.3530361757105943,265.2403100775194,237.6650230498784,0.2684108527131782,Punch/v_Punch_g06_c04.avi,70,70,1,1.0,0
5.304234098535468,10.519700762399893,177.68199296777374,0.302890826873385,245.27131782945736,134.67847165646296,0.1437338501291989,Punch/v_Punch_g06_c05.avi,70,70,1,1.0,0
0.8908523685866615,1.8701027053625865,32.01562118716424,0.741844315245478,411.5968992248062,721.9834600456804,0.3265503875968992,Punch/v_Punch_g06_c06.avi,70,70,1,1.0,0
4.655540690733742,11.0119728295497,241.074677226788,0.3292151162790697,265.5503875968992,199.96918216985145,0.1776485788113695,Punch/v_Punch_g06_c07.avi,70,70,1,1.0,0
5.219185232749626,8.976178774713748,319.0141062711804,0.3603036175710594,235.968992248062,173.54060079356256,0.2490310077519379,Punch/v_Punch_g07_c01.avi,70,70,1,1.0,0
5.716747415736129,12.792615473741566,305.0458981858304,0.3523094315245478,211.28682170542635,154.05099295682493,0.3259043927648579,Punch/v_Punch_g07_c02.avi,70,70,1,1.0,0
2.635287712403923,7.004057263097734,158.28662688300614,0.541343669250646,267.90697674418607,278.97151758870234,0.3733850129198966,Punch/v_Punch_g07_c03.avi,70,70,1,1.0,0
4.064022035664248,9.849566832527156,325.3136947624554,0.2818959948320413,249.24031007751935,180.13452230773433,0.2044573643410852,Punch/v_Punch_g07_c04.avi,70,70,1,1.0,0
3.5877122216128234,5.261141580824306,107.76855988645296,0.2183462532299741,229.02325581395348,150.16788873792,0.2386950904392764,Punch/v_Punch_g07_c05.avi,70,70,1,1.0,0
1.820909333417599,3.368663301299459,59.66992542311412,0.6100613695090439,239.56589147286823,131.048239237126,0.1631136950904392,Punch/v_Punch_g07_c06.avi,70,70,1,1.0,0
2.766700194895888,6.240940826117217,207.62466134830905,0.4833656330749354,237.6434108527132,222.2308946087349,0.3462532299741602,Punch/v_Punch_g07_c07.avi,70,70,1,1.0,0
0.7626511004765352,3.591101096218318,77.15568676384133,0.9126291989664084,806.6976744186046,1165.840539873784,0.1098191214470284,PushUps/v_PushUps_g01_c01.avi,71,71,1,1.0,0
0.7185799842484921,3.4209601204025635,49.96248592694322,0.8934916020671835,734.8837209302326,1124.603934607643,0.1569767441860465,PushUps/v_PushUps_g01_c02.avi,71,71,1,1.0,0
0.7558018473025323,2.953026350277053,48.541219597369,0.8622416020671835,417.48837209302326,661.6416641394774,0.189922480620155,PushUps/v_PushUps_g01_c03.avi,71,71,1,1.0,0
0.340553112373864,1.665831409784408,27.35929915038029,0.9391957364341084,674.6046511627907,1070.8883106710311,0.1363049095607235,PushUps/v_PushUps_g01_c04.avi,71,71,1,1.0,0
0.6030672118936444,1.941230410439286,45.82064218231778,0.8363210594315246,363.0387596899225,644.003904883688,0.212532299741602,PushUps/v_PushUps_g01_c05.avi,71,71,1,1.0,0
2.3012895303420486,6.852197585261047,305.5503231875234,0.5090439276485789,221.8294573643411,136.85368886339708,0.2503229974160206,PushUps/v_PushUps_g02_c01.avi,71,71,1,0.9999984502792358,0
1.558729651492082,6.292418145494258,144.3265611382742,0.7009043927648578,230.75968992248065,155.6045860902144,0.2399870801033591,PushUps/v_PushUps_g02_c02.avi,71,71,1,1.0,0
1.4290857326507755,5.357956237512971,157.64913574136713,0.7334463824289406,227.5968992248062,157.00439530606766,0.2564599483204134,PushUps/v_PushUps_g02_c03.avi,71,71,1,1.0,0
1.19303859974571,3.916911323760369,105.56966005912874,0.719718992248062,227.968992248062,149.8555344625682,0.2428940568475452,PushUps/v_PushUps_g02_c04.avi,71,71,1,1.0,0
0.3644405218940074,1.432642230452229,23.635249099596983,0.8976905684754521,439.13178294573646,383.1680138259218,0.2154392764857881,PushUps/v_PushUps_g03_c01.avi,71,71,1,1.0,0
0.2321964508499872,1.136584031673438,49.893010532538526,0.9343507751937984,377.6744186046512,354.50507399066527,0.2551679586563307,PushUps/v_PushUps_g03_c02.avi,71,71,1,1.0,0
0.4131677197210462,3.0982512102138764,99.0,0.9207041343669252,416.2480620155039,377.9890493267933,0.2467700258397933,PushUps/v_PushUps_g03_c03.avi,71,71,1,1.0,0
0.3128721856069988,1.556398991782037,31.868871959954905,0.927406330749354,506.3565891472868,642.404709531831,0.2128552971576227,PushUps/v_PushUps_g03_c04.avi,71,71,1,1.0,0
0.3148452602233595,1.346163221138131,30.59411708155671,0.9172319121447028,335.37984496124034,405.5180473487676,0.2648578811369509,PushUps/v_PushUps_g04_c01.avi,71,71,1,0.9999864101409912,0
0.2433424517441896,1.0038641987692358,26.476404589747453,0.9381459948320412,369.1162790697674,419.8093260042089,0.2235142118863049,PushUps/v_PushUps_g04_c02.avi,71,71,1,0.9999996423721312,0
0.2555376777032345,1.1516124412104891,23.15437323703667,0.9402454780361758,310.015503875969,293.284051123396,0.2574289405684754,PushUps/v_PushUps_g04_c03.avi,71,71,1,0.9999358654022216,0
0.3484830521670776,1.4921671428606145,26.030030733750586,0.9185239018087856,307.2248062015504,284.83274679751673,0.2409560723514212,PushUps/v_PushUps_g04_c04.avi,71,71,1,0.9999954700469972,0
0.2595049934347211,1.0061318281441392,23.08679276123039,0.9270025839793282,300.8992248062016,381.5533296050925,0.2829457364341085,PushUps/v_PushUps_g04_c05.avi,71,71,1,0.9999998807907104,0
2.3500610126970227,6.058531760050295,138.84163640637487,0.7024386304909561,224.93023255813952,176.62223454920735,0.3039405684754522,PushUps/v_PushUps_g05_c01.avi,71,71,1,1.0,0
2.3949960391895466,7.40901815372485,193.0,0.6938791989664083,228.71317829457365,207.54060754421272,0.3514211886304909,PushUps/v_PushUps_g05_c02.avi,71,71,1,1.0,0
2.861532980630583,8.416144053232584,77.35025856453228,0.758155684754522,346.72868217054264,594.7307612059594,0.2625968992248062,PushUps/v_PushUps_g05_c03.avi,71,71,1,1.0,0
2.439859723977948,7.45969949627397,204.00245096566852,0.7069605943152455,254.88372093023256,237.5163357223917,0.3107235142118863,PushUps/v_PushUps_g05_c04.avi,71,71,1,1.0,0
1.118865021608667,3.5498506552433646,128.7245120402482,0.6896802325581395,359.5658914728682,405.2006842239079,0.1866925064599483,PushUps/v_PushUps_g06_c01.avi,71,77,0,0.3880123496055603,1
0.9405530734605668,6.110869196709417,252.63412279421004,0.789890180878553,407.5658914728682,423.8359314889483,0.1369509043927648,PushUps/v_PushUps_g06_c02.avi,71,77,0,0.9480939507484436,1
0.8790324832971814,3.0958630406507504,48.75448697299562,0.7756782945736435,392.4341085271318,332.3512628791766,0.1317829457364341,PushUps/v_PushUps_g06_c03.avi,71,77,0,0.9796271324157716,1
1.5793391148990277,3.176941583424385,38.07886552931954,0.6401808785529716,360.7441860465116,401.0713613371099,0.1650516795865633,PushUps/v_PushUps_g06_c04.avi,71,77,0,0.7705280780792236,1
2.653849791372308,10.04476714265731,237.51592051902543,0.58656330749354,267.4108527131783,230.5762788045095,0.2416020671834625,PushUps/v_PushUps_g07_c01.avi,71,71,1,1.0,0
2.104638501791183,7.214615310054899,255.03137061938085,0.6731266149870802,243.28682170542635,218.5496659640532,0.312984496124031,PushUps/v_PushUps_g07_c02.avi,71,71,1,1.0,0
2.0156758224337668,5.873823660148147,127.03542812932147,0.6448643410852714,261.7054263565892,221.0911770632329,0.2416020671834625,PushUps/v_PushUps_g07_c03.avi,71,71,1,1.0,0
3.2363519262498506,9.176317013042238,194.0,0.6087693798449613,238.3875968992248,204.08329011344225,0.3010335917312661,PushUps/v_PushUps_g07_c04.avi,71,71,1,0.9975571632385254,0
5.799876963969248,10.818194861162306,297.0151511286924,0.4092377260981912,281.86046511627904,214.5747098597865,0.145671834625323,Rafting/v_Rafting_g01_c01.avi,72,72,1,1.0,0
2.12090149539192,8.242650162532632,226.92069099136816,0.5196220930232558,287.37984496124034,227.09623660255963,0.1543927648578811,Rafting/v_Rafting_g01_c02.avi,72,72,1,1.0,0
3.17713009410409,10.762911878509458,383.0013054808038,0.4845768733850129,255.1937984496124,145.2942524895669,0.1178940568475452,Rafting/v_Rafting_g01_c03.avi,72,72,1,1.0,0
3.968005046090452,9.097613501981131,320.00156249618533,0.562015503875969,254.63565891472868,190.9379516075857,0.2034883720930232,Rafting/v_Rafting_g01_c04.avi,72,72,1,1.0,0
1.1857594081378386,2.014533816289797,13.77043935392041,0.6807170542635659,378.1705426356589,304.6842595983461,0.0755813953488372,Rafting/v_Rafting_g02_c01.avi,72,21,0,0.6682908535003662,1
1.9027849271850152,2.937112738458685,63.50590523722971,0.4188468992248062,360.0,283.5968314186491,0.0616925064599483,Rafting/v_Rafting_g02_c02.avi,72,21,0,0.998915672302246,1
3.506237468412276,5.821748373155133,187.0106948813356,0.3677325581395348,358.13953488372096,282.3810374254229,0.0636304909560723,Rafting/v_Rafting_g02_c03.avi,72,31,0,0.9989293217658995,1
2.211775099527775,3.547522191018557,105.04284840006956,0.4608365633074935,328.31007751937983,259.9432793958997,0.0936692506459948,Rafting/v_Rafting_g02_c04.avi,72,72,1,0.691949188709259,0
3.6611418269120897,18.77396769078046,324.0,0.6747416020671835,325.4573643410853,310.459299851641,0.2596899224806202,Rafting/v_Rafting_g03_c01.avi,72,72,1,0.9976825714111328,0
3.070388281443398,9.239290541652942,336.52593232171574,0.5705749354005168,368.31007751937983,334.7246420902929,0.2083333333333333,Rafting/v_Rafting_g03_c02.avi,72,72,1,1.0,0
2.881967140933877,8.894551517021648,343.2142188196753,0.5801841085271318,345.05426356589146,312.04909944801653,0.2002583979328165,Rafting/v_Rafting_g03_c03.avi,72,72,1,1.0,0
3.061442951586933,12.534268151375915,285.98470238808227,0.5242248062015504,347.968992248062,331.81240469086805,0.2600129198966408,Rafting/v_Rafting_g03_c04.avi,72,72,1,0.9999998807907104,0
4.449691833345006,6.937775112471424,154.0,0.3238856589147287,244.52713178294573,131.57543169264792,0.1424418604651162,Rafting/v_Rafting_g04_c01.avi,72,72,1,1.0,0
4.498615448714721,7.608616070747904,198.59506539690256,0.3841246770025839,270.8217054263566,176.7106183273932,0.1088501291989664,Rafting/v_Rafting_g04_c02.avi,72,72,1,1.0,0
3.3898606821679635,6.051233110335525,35.23248678421664,0.4383882428940568,388.7751937984496,703.1065644232316,0.2399870801033591,Rafting/v_Rafting_g04_c03.avi,72,72,1,0.9999996423721312,0
4.037295327659308,7.262248720641646,152.00020559196622,0.3927648578811369,247.93798449612405,175.42540771922725,0.2009043927648579,Rafting/v_Rafting_g04_c04.avi,72,72,1,1.0,0
3.920455192401709,9.883668925759055,191.09421759959145,0.4767441860465116,324.7751937984496,257.61702361746313,0.0991602067183462,Rafting/v_Rafting_g05_c01.avi,72,72,1,1.0,0
5.644113837307086,16.147135258414547,194.5925229807148,0.6435723514211886,268.8992248062016,219.27307123046583,0.2080103359173126,Rafting/v_Rafting_g05_c02.avi,72,72,1,1.0,0
5.095457695951874,19.32795513261213,299.5234757076647,0.5528100775193798,305.1782945736434,262.4282094407341,0.1818475452196382,Rafting/v_Rafting_g05_c03.avi,72,72,1,1.0,0
2.374748063346048,7.259934711243789,175.19172533256244,0.5563630490956072,303.13178294573646,237.90556982264008,0.1227390180878553,Rafting/v_Rafting_g05_c04.avi,72,72,1,1.0,0
2.3701006004439376,4.929204841680472,242.792092128224,0.4744832041343669,416.7441860465116,364.4962176741428,0.1912144702842377,Rafting/v_Rafting_g06_c01.avi,72,72,1,0.999998927116394,0
3.5158894706828856,12.62554687526504,353.39701912296886,0.6470445736434108,352.9922480620155,691.215136032909,0.2545219638242894,Rafting/v_Rafting_g06_c02.avi,72,72,1,1.0,0
2.7760531054142508,10.534730462688852,294.515279739439,0.729328165374677,262.8217054263566,442.5191880324926,0.3727390180878553,Rafting/v_Rafting_g06_c03.avi,72,72,1,1.0,0
5.629046251903116,16.715661115998508,317.0678160898706,0.6947674418604651,367.8759689922481,693.784934258381,0.2286821705426356,Rafting/v_Rafting_g06_c04.avi,72,72,1,1.0,0
8.524223548468218,18.88474164963442,192.35384061671343,0.4456556847545219,240.68217054263565,197.23994691455036,0.2761627906976744,Rafting/v_Rafting_g07_c01.avi,72,72,1,1.0,0
6.503483826599732,15.908535915590122,135.5094553896517,0.3691052971576227,204.7751937984496,152.2055546211129,0.3533591731266149,Rafting/v_Rafting_g07_c02.avi,72,72,1,1.0,0
5.820303361898051,19.662096909190588,320.50273009757655,0.4203003875968992,213.33333333333331,136.94820688679732,0.2894056847545219,Rafting/v_Rafting_g07_c03.avi,72,72,1,1.0,0
2.4988355709480747,10.832216338529571,293.93409125176345,0.6066698966408268,263.4418604651163,383.8658500125285,0.437984496124031,Rafting/v_Rafting_g07_c04.avi,72,72,1,1.0,0
0.8695765801128496,1.2430508825246611,20.8806130178211,0.7397448320413437,491.0387596899225,773.2104861304116,0.2487080103359173,RockClimbingIndoor/v_RockClimbingIndoor_g01_c01.avi,73,73,1,1.0,0
1.1502285604756677,2.3160956114035627,13.82931668593933,0.7489502583979328,432.1240310077519,577.3506855228229,0.2506459948320413,RockClimbingIndoor/v_RockClimbingIndoor_g01_c02.avi,73,73,1,1.0,0
0.2275909613048965,0.390616810617139,7.648529270389178,0.9579295865633076,438.3255813953488,452.39228299970506,0.2002583979328165,RockClimbingIndoor/v_RockClimbingIndoor_g01_c03.avi,73,73,1,1.0,0
0.1882217408093521,0.4884068546110018,9.95301461869719,0.9635820413436692,524.4031007751938,591.277968437331,0.1770025839793281,RockClimbingIndoor/v_RockClimbingIndoor_g01_c04.avi,73,73,1,1.0,0
0.3989965830818172,0.6958756069945007,17.765838004439868,0.8741117571059431,529.7364341085271,588.362561841278,0.1518087855297157,RockClimbingIndoor/v_RockClimbingIndoor_g01_c05.avi,73,73,1,0.9999996423721312,0
2.3159139876209927,9.919520001368284,313.64241183232855,0.8545704134366925,418.7906976744186,878.4551068763774,0.3446382428940568,RockClimbingIndoor/v_RockClimbingIndoor_g02_c01.avi,73,73,1,1.0,0
5.947420114197355,14.44630390999937,315.03968004046726,0.5747739018087855,257.5503875968992,417.15472119416125,0.2761627906976744,RockClimbingIndoor/v_RockClimbingIndoor_g02_c02.avi,73,73,1,1.0,0
2.519299978669344,4.260763925261674,24.186773244895647,0.6037629198966409,516.5271317829457,1047.5354174510064,0.2748708010335917,RockClimbingIndoor/v_RockClimbingIndoor_g02_c03.avi,73,73,1,0.9763875007629396,0
2.1964233134097264,4.0547646309260434,75.63398706930634,0.561046511627907,701.2713178294574,1229.1708161923157,0.1408268733850129,RockClimbingIndoor/v_RockClimbingIndoor_g02_c04.avi,73,73,1,0.9999316930770874,0
0.8147210523569043,1.1997534561880694,17.0,0.69468669250646,214.63565891472868,161.97118788595083,0.3239664082687338,RockClimbingIndoor/v_RockClimbingIndoor_g02_c05.avi,73,73,1,0.9535529017448424,0
2.7580012843314563,5.704205591257621,32.69556544854363,0.5502260981912145,244.8372093023256,157.73409037564016,0.1821705426356589,RockClimbingIndoor/v_RockClimbingIndoor_g03_c01.avi,73,73,1,1.0,0
0.6138944233815351,0.7784419540323104,6.75,0.7901324289405685,273.5503875968992,222.85772432327184,0.1979974160206718,RockClimbingIndoor/v_RockClimbingIndoor_g03_c02.avi,73,73,1,1.0,0
0.7533553429305089,1.0395764096416775,14.0356688476182,0.7777777777777778,256.74418604651163,165.77318393729902,0.1459948320413436,RockClimbingIndoor/v_RockClimbingIndoor_g03_c03.avi,73,73,1,1.0,0
1.006236486011947,0.9609598341361516,12.041594578792296,0.6417958656330749,281.05426356589146,315.18765937351816,0.107235142118863,RockClimbingIndoor/v_RockClimbingIndoor_g03_c04.avi,73,73,1,1.0,0
2.0299652674722344,3.0146936916714764,25.0,0.5446543927648578,390.015503875969,686.0687016075877,0.108204134366925,RockClimbingIndoor/v_RockClimbingIndoor_g03_c05.avi,73,73,1,1.0,0
0.6793194879965181,0.772309973214678,14.7648230602334,0.8003875968992248,266.6046511627907,311.3157478543089,0.1514857881136951,RockClimbingIndoor/v_RockClimbingIndoor_g03_c06.avi,73,73,1,1.0,0
0.4651121848843004,0.6506598235180182,11.6619037896906,0.8526324289405685,260.7751937984496,177.33397040350437,0.1508397932816537,RockClimbingIndoor/v_RockClimbingIndoor_g03_c07.avi,73,73,1,1.0,0
2.026735026594944,5.858538897637266,116.40017182117904,0.8393895348837209,1731.7829457364342,1783.4562601749487,0.1017441860465116,RockClimbingIndoor/v_RockClimbingIndoor_g04_c01.avi,73,73,1,1.0,0
0.7111001144996126,1.7094080990194425,14.317821063276352,0.8164567183462532,686.2015503875969,1212.3505989940852,0.2399870801033591,RockClimbingIndoor/v_RockClimbingIndoor_g04_c02.avi,73,73,1,1.0,0
2.174604127636272,4.23709612190416,36.58209944768069,0.7197997416020672,821.953488372093,1265.656956967562,0.1324289405684754,RockClimbingIndoor/v_RockClimbingIndoor_g04_c03.avi,73,73,1,0.9999314546585084,0
5.259762930056696,12.288151764885653,204.1886382735337,0.7890019379844961,1684.9612403100775,1812.585306853644,0.1272609819121447,RockClimbingIndoor/v_RockClimbingIndoor_g04_c04.avi,73,73,1,0.9989628791809082,0
2.519260707050785,3.40365653309849,21.830311495716227,0.3809754521963824,225.5503875968992,139.44769024190848,0.2374031007751938,RockClimbingIndoor/v_RockClimbingIndoor_g05_c01.avi,73,73,1,0.9999996423721312,0
3.492525969062432,4.484181336444987,24.520399670478454,0.2176195090439276,255.2558139534884,186.8440579763822,0.1925064599483204,RockClimbingIndoor/v_RockClimbingIndoor_g05_c02.avi,73,73,1,0.99999737739563,0
0.8265841116600026,1.269828375185728,16.95812858189252,0.7583171834625323,282.7906976744186,348.6303138389148,0.2209302325581395,RockClimbingIndoor/v_RockClimbingIndoor_g05_c03.avi,73,73,1,1.0,0
1.0126761738618513,2.793373853913195,17.553489681541958,0.8825904392764858,381.08527131782944,545.0381685092368,0.1831395348837209,RockClimbingIndoor/v_RockClimbingIndoor_g05_c04.avi,73,73,1,1.0,0
4.268018166422024,6.4210293034325305,166.0752841334315,0.2281976744186046,320.86821705426354,367.1432430643779,0.1531007751937984,RockClimbingIndoor/v_RockClimbingIndoor_g05_c05.avi,73,73,1,1.0,0
1.1521300955374842,1.7526766109669405,12.529964086141668,0.6838662790697675,315.28682170542635,262.53974800722443,0.1459948320413436,RockClimbingIndoor/v_RockClimbingIndoor_g05_c06.avi,73,73,1,1.0,0
1.489599891205372,3.6221148300199255,30.4138126514911,0.6928294573643411,332.52713178294573,569.4527507268518,0.1492248062015503,RockClimbingIndoor/v_RockClimbingIndoor_g06_c01.avi,73,73,1,0.7402659058570862,0
3.988500402098369,8.597478903207879,56.56094611125242,0.6682816537467701,380.4031007751938,654.4803432344685,0.2357881136950904,RockClimbingIndoor/v_RockClimbingIndoor_g06_c02.avi,73,74,0,0.9410237073898317,1
1.621783758765306,3.376447650152038,119.01260437449471,0.6887112403100775,242.4186046511628,309.0885500093625,0.2451550387596899,RockClimbingIndoor/v_RockClimbingIndoor_g06_c03.avi,73,73,1,0.9999938011169434,0
1.4193604043486063,3.859023643461401,103.58088626768937,0.7090600775193798,432.49612403100775,867.0527475530197,0.2047803617571059,RockClimbingIndoor/v_RockClimbingIndoor_g06_c04.avi,73,73,1,0.9999958276748656,0
2.7943449340663853,5.3946446907459,36.50770466627559,0.6768410852713178,240.31007751937983,320.6008360874844,0.2936046511627907,RockClimbingIndoor/v_RockClimbingIndoor_g06_c05.avi,73,73,1,1.0,0
1.9143948905192407,3.100318397807813,42.7551166528639,0.5451388888888888,419.2868217054264,788.4393297191851,0.190891472868217,RockClimbingIndoor/v_RockClimbingIndoor_g06_c06.avi,73,73,1,1.0,0
0.6299373231774179,1.912498883240588,79.2464510246358,0.8240471576227391,232.5581395348837,138.53608417951796,0.2047803617571059,RockClimbingIndoor/v_RockClimbingIndoor_g06_c07.avi,73,73,1,0.996716558933258,0
2.1784349960684564,2.589125153834683,13.297673668728676,0.4278100775193798,482.3565891472868,718.4219765639631,0.150516795865633,RockClimbingIndoor/v_RockClimbingIndoor_g07_c01.avi,73,73,1,1.0,0
0.7928774166700104,1.6949935950643322,47.71268175233918,0.7432170542635659,334.7596899224806,461.0076724242367,0.1970284237726098,RockClimbingIndoor/v_RockClimbingIndoor_g07_c02.avi,73,73,1,1.0,0
0.9624520576410628,1.5924316507086047,15.132745950421556,0.7718830749354005,480.31007751937983,833.2964872330122,0.128875968992248,RockClimbingIndoor/v_RockClimbingIndoor_g07_c03.avi,73,73,1,1.0,0
0.1847411774641681,0.3700158211851462,4.75,0.9334625322997416,359.4418604651163,589.9837326226286,0.1925064599483204,RockClimbingIndoor/v_RockClimbingIndoor_g07_c04.avi,73,73,1,1.0,0
9.863053001174183,13.496066481976714,107.68936809174804,0.2554102067183462,354.8527131782945,690.1756107364483,0.2409560723514212,RockClimbingIndoor/v_RockClimbingIndoor_g07_c05.avi,73,73,1,1.0,0
2.9945016855636246,5.0086499880505455,23.58495283014151,0.4402454780361757,543.8139534883721,951.6661339477068,0.1947674418604651,RockClimbingIndoor/v_RockClimbingIndoor_g07_c06.avi,73,73,1,1.0,0
2.2591243835347163,2.393533522187337,24.020824298928627,0.3638565891472868,373.1472868217055,648.8544837614129,0.2167312661498708,RockClimbingIndoor/v_RockClimbingIndoor_g07_c07.avi,73,73,1,1.0,0
0.2578413204469909,0.5406919597428995,9.089829481348922,0.9223191214470284,314.4186046511628,308.85491683615294,0.2926356589147287,RopeClimbing/v_RopeClimbing_g01_c01.avi,74,74,1,1.0,0
3.443215614575863,5.697863849339286,100.14809346662572,0.3700742894056847,330.91472868217056,292.81070507731124,0.1834625322997416,RopeClimbing/v_RopeClimbing_g01_c02.avi,74,74,1,1.0,0
0.671509039167307,1.2621603227827434,29.62737332265552,0.7761627906976745,345.984496124031,316.04930398646275,0.2109173126614987,RopeClimbing/v_RopeClimbing_g01_c03.avi,74,74,1,1.0,0
3.3948968649528863,5.419244042425898,35.17101079013795,0.3191214470284237,385.30232558139534,481.4966751018397,0.1482558139534883,RopeClimbing/v_RopeClimbing_g01_c04.avi,74,74,1,0.9999998807907104,0
2.504479788000649,5.1415233172139,193.62209487814144,0.5490956072351422,509.7674418604651,846.7781027040303,0.2054263565891473,RopeClimbing/v_RopeClimbing_g02_c01.avi,74,74,1,1.0,0
3.919542088046513,6.113653203236518,38.98236780904926,0.3959948320413436,356.8992248062016,546.8813887949121,0.2651808785529715,RopeClimbing/v_RopeClimbing_g02_c02.avi,74,74,1,1.0,0
6.945936440663515,10.991142859275772,145.7737973711325,0.3455264857881137,238.2015503875969,205.89691783217663,0.3058785529715762,RopeClimbing/v_RopeClimbing_g02_c03.avi,74,74,1,0.9999680519104004,0
4.323989573318484,7.8984246121425565,179.84715733088473,0.3913113695090439,266.29457364341084,361.33251243722594,0.3352713178294573,RopeClimbing/v_RopeClimbing_g02_c04.avi,74,74,1,1.0,0
4.73046526776186,9.425610575448562,191.7992521492198,0.4226421188630491,240.6201550387597,230.13872438594825,0.3527131782945736,RopeClimbing/v_RopeClimbing_g02_c05.avi,74,74,1,1.0,0
4.708561758905619,8.748024238347556,159.43851675489208,0.4932978036175711,286.26356589147287,267.6217833157718,0.2674418604651162,RopeClimbing/v_RopeClimbing_g02_c06.avi,74,74,1,1.0,0
1.2722913170024652,2.446005062298513,32.0,0.682251291989664,242.7906976744186,104.56922890792,0.1153100775193798,RopeClimbing/v_RopeClimbing_g03_c01.avi,74,74,1,0.9993650317192078,0
2.198970503617508,7.802714520714897,305.91828974417336,0.4618055555555556,244.2170542635659,124.33544034045951,0.1337209302325581,RopeClimbing/v_RopeClimbing_g03_c02.avi,74,74,1,1.0,0
1.9892335114000097,4.537100157493305,151.5585695366646,0.5612080103359173,230.69767441860463,142.86821621303315,0.2196382428940568,RopeClimbing/v_RopeClimbing_g03_c03.avi,74,74,1,1.0,0
1.4708655407328526,2.7875325231076857,70.2922470831599,0.6698158914728682,234.7906976744186,148.1860173141185,0.2099483204134367,RopeClimbing/v_RopeClimbing_g03_c04.avi,74,74,1,0.9999995231628418,0
2.537643093619969,2.467892746595512,18.395821536425057,0.2873869509043927,250.91472868217053,208.18104937277465,0.2564599483204134,RopeClimbing/v_RopeClimbing_g04_c01.avi,74,74,1,0.9999969005584716,0
1.1574292662163246,4.186764076854989,147.05441169852742,0.6800710594315246,189.33333333333331,166.98202722455096,0.4531653746770026,RopeClimbing/v_RopeClimbing_g04_c02.avi,74,74,1,1.0,0
2.075344062626853,6.382819201470007,120.26663086658743,0.5027454780361758,274.29457364341084,187.0013225132845,0.1153100775193798,RopeClimbing/v_RopeClimbing_g04_c03.avi,74,74,1,1.0,0
2.4587623149639963,3.112415144081913,58.872744118140105,0.3347060723514212,255.68992248062017,144.14429669791525,0.1140180878552971,RopeClimbing/v_RopeClimbing_g04_c04.avi,74,74,1,1.0,0
1.848185500976381,3.313965372925662,28.121388657034704,0.5405361757105943,313.984496124031,285.85511548064267,0.2199612403100775,RopeClimbing/v_RopeClimbing_g05_c01.avi,74,74,1,0.9999997615814208,0
1.738125119022038,3.13267858036936,72.0,0.5478036175710594,290.9767441860465,258.98850548005987,0.2248062015503876,RopeClimbing/v_RopeClimbing_g05_c02.avi,74,74,1,0.5917340517044067,0
0.3420425888652359,0.7692391091213774,15.297058540778355,0.8977713178294574,313.4263565891473,325.1133320631056,0.3520671834625323,RopeClimbing/v_RopeClimbing_g05_c03.avi,74,74,1,0.9984252452850342,0
0.5573165284103053,0.867258907019921,16.91753897586762,0.8247739018087855,324.09302325581393,325.03193502875115,0.3145994832041344,RopeClimbing/v_RopeClimbing_g05_c04.avi,74,74,1,0.9999951124191284,0
1.56838872571672,2.830326196088644,20.518284528683196,0.6262919896640827,337.05426356589146,316.6567679418402,0.2419250645994832,RopeClimbing/v_RopeClimbing_g05_c05.avi,74,74,1,0.9999818801879884,0
2.3136788572896574,4.05993362771268,43.86342439892262,0.4821543927648579,413.4573643410853,513.4258097677687,0.2470930232558139,RopeClimbing/v_RopeClimbing_g05_c06.avi,74,74,1,0.9999998807907104,0
0.5527974286562685,2.503376491188239,100.7983754829412,0.8777454780361758,424.2480620155039,376.25712861994987,0.2206072351421188,RopeClimbing/v_RopeClimbing_g05_c07.avi,74,74,1,1.0,0
0.6933716423545372,1.3821145176446583,34.23448553724738,0.7337693798449613,1841.6124031007755,1766.251162093914,0.1447028423772609,RopeClimbing/v_RopeClimbing_g06_c01.avi,74,74,1,1.0,0
1.3254577610760934,2.4338221322850537,20.5,0.6637596899224806,1844.8992248062016,1780.588195843636,0.1327519379844961,RopeClimbing/v_RopeClimbing_g06_c02.avi,74,74,1,1.0,0
0.711331661144527,1.5620523035644702,39.00080127382,0.7964308785529716,1840.62015503876,1784.627584513847,0.1550387596899224,RopeClimbing/v_RopeClimbing_g06_c03.avi,74,74,1,1.0,0
0.3375410239635785,0.6775543338912554,11.25,0.8680555555555556,1822.9457364341083,1797.1373977837168,0.1695736434108527,RopeClimbing/v_RopeClimbing_g06_c04.avi,74,74,1,1.0,0
2.342274272199373,2.791199960688951,16.50189383070925,0.3791989664082687,284.7751937984496,200.80463104661865,0.1033591731266149,RopeClimbing/v_RopeClimbing_g07_c01.avi,74,74,1,0.999992609024048,0
3.390021604877802,4.121148117132585,19.11192363421328,0.4489664082687338,368.2480620155039,630.9294734601804,0.1065891472868217,RopeClimbing/v_RopeClimbing_g07_c02.avi,74,74,1,0.9999951124191284,0
0.9102783856026414,0.9957200740208104,15.542281042369552,0.6426841085271318,239.13178294573643,182.8551924145036,0.2532299741602067,RopeClimbing/v_RopeClimbing_g07_c03.avi,74,74,1,0.9889883399009703,0
0.5825998555762132,0.6910208323865971,14.5623658792107,0.8146802325581395,245.95348837209303,211.40745993398204,0.2848837209302325,RopeClimbing/v_RopeClimbing_g07_c04.avi,74,74,1,0.5702850222587585,0
2.359574609955423,2.860249967083472,35.22782990761707,0.4484819121447028,244.15503875968992,151.16900802161405,0.1740956072351421,RopeClimbing/v_RopeClimbing_g07_c05.avi,74,74,1,0.9953031539916992,0
0.991976139755532,2.584592377058541,42.0,0.7708333333333334,407.8139534883721,438.3325304459625,0.2041343669250646,Rowing/v_Rowing_g01_c01.avi,75,75,1,1.0,0
1.1136919741675284,8.656270494088469,184.5,0.8488372093023255,496.5581395348837,520.5904207288856,0.1204780361757106,Rowing/v_Rowing_g01_c02.avi,75,75,1,1.0,0
4.612964936250872,18.981281040781106,288.0,0.4539728682170542,456.7441860465116,371.3029286065211,0.1301679586563307,Rowing/v_Rowing_g01_c03.avi,75,75,1,1.0,0
3.255206958849653,5.7938011489079,104.0,0.567748708010336,395.72093023255815,356.0605073730623,0.21156330749354,Rowing/v_Rowing_g01_c04.avi,75,75,1,1.0,0
2.631810254695701,7.775870655781008,196.1249601657066,0.7281169250645995,321.86046511627904,280.6230262391125,0.1763565891472868,Rowing/v_Rowing_g02_c01.avi,75,75,1,1.0,0
3.5428387093849856,8.150027448670729,102.3132444994293,0.4980620155038759,355.72093023255815,284.4816032455898,0.0775193798449612,Rowing/v_Rowing_g02_c02.avi,75,75,1,1.0,0
3.1603792971472013,9.37552304274814,232.2608985602183,0.6898417312661499,312.74418604651163,259.9366732381272,0.147609819121447,Rowing/v_Rowing_g02_c03.avi,75,75,1,1.0,0
3.4452604858537064,7.434496118801696,95.53345291048576,0.6391311369509044,304.1240310077519,258.4418129150559,0.1744186046511628,Rowing/v_Rowing_g02_c04.avi,75,75,1,1.0,0
2.5597467096715243,8.964031162239111,290.00043103416243,0.6103036175710594,353.1162790697674,317.79510799448195,0.1944444444444444,Rowing/v_Rowing_g02_c05.avi,75,75,1,1.0,0
1.2982049416454138,4.916418391878678,62.03224967708329,0.7439437984496124,387.1627906976744,323.3344391581268,0.1140180878552971,Rowing/v_Rowing_g02_c06.avi,75,75,1,1.0,0
1.0358283899300138,2.7484784510063025,71.5,0.7694605943152455,315.7829457364341,299.15034620008834,0.2558139534883721,Rowing/v_Rowing_g03_c01.avi,75,75,1,1.0,0
0.6755741170330453,1.8389329642101817,57.0,0.835109819121447,315.28682170542635,276.67234122690326,0.1873385012919896,Rowing/v_Rowing_g03_c02.avi,75,75,1,1.0,0
1.0601996625248231,2.2209394136424843,23.0,0.7487080103359173,237.3953488372093,204.46164586427813,0.3062015503875969,Rowing/v_Rowing_g03_c03.avi,75,75,1,1.0,0
1.2290431571566212,8.787904245444437,175.0,0.833171834625323,289.05426356589146,251.5719358671204,0.21156330749354,Rowing/v_Rowing_g03_c04.avi,75,75,1,1.0,0
0.731436757167331,2.51539516836473,200.0624902374256,0.8185562015503876,288.1240310077519,259.03622828099844,0.2357881136950904,Rowing/v_Rowing_g03_c05.avi,75,75,1,1.0,0
0.7203154058101985,4.579594105866351,173.95401691251627,0.8374515503875969,318.26356589147287,273.67829015472364,0.1679586563307493,Rowing/v_Rowing_g03_c06.avi,75,75,1,1.0,0
0.9527120734482444,2.301582404688362,38.50081167975553,0.7991763565891473,294.6356589147287,260.32704350711424,0.2147932816537467,Rowing/v_Rowing_g03_c07.avi,75,75,1,1.0,0
1.844867718673324,8.11044861827207,166.14752480852673,0.6484173126614987,266.3565891472868,210.0079658308158,0.1967054263565891,Rowing/v_Rowing_g04_c01.avi,75,75,1,1.0,0
1.1667509872225683,2.2430721025451508,38.05259518088089,0.6636789405684754,333.7054263565892,523.0879749195525,0.2012273901808785,Rowing/v_Rowing_g04_c02.avi,75,75,1,0.9999977350234984,0
1.4859769412162789,5.667024145228469,152.0,0.6145833333333334,325.27131782945736,515.5227609759921,0.187015503875969,Rowing/v_Rowing_g04_c03.avi,75,75,1,0.9999980926513672,0
3.615168259277562,6.00430091653943,66.76076692189807,0.4932170542635659,349.5813953488372,579.4163154680847,0.1560077519379845,Rowing/v_Rowing_g04_c04.avi,75,75,1,0.9997653365135192,0
2.3656376226259948,10.487617885129374,198.84164553734712,0.5569282945736435,298.29457364341084,337.87765326402666,0.1220930232558139,Rowing/v_Rowing_g04_c05.avi,75,75,1,0.9999996423721312,0
1.7712425838081454,4.636503809020517,84.29116205154607,0.6602874677002584,402.6666666666667,739.6665216889929,0.1585917312661498,Rowing/v_Rowing_g04_c06.avi,75,75,1,1.0,0
0.836617423135528,4.712598651948221,96.125,0.8372093023255814,360.06201550387595,325.0309884317171,0.1983204134366925,Rowing/v_Rowing_g05_c01.avi,75,75,1,1.0,0
0.4735244356800802,1.2640852580150266,21.037169486411425,0.8739502583979328,432.5581395348837,379.80615020833136,0.2160852713178294,Rowing/v_Rowing_g05_c02.avi,75,75,1,1.0,0
2.2225665795107057,6.904276047602859,75.03009812735154,0.7345768733850129,436.8992248062016,372.5206793065681,0.1766795865633074,Rowing/v_Rowing_g05_c03.avi,75,75,1,1.0,0
0.5109460100872888,1.450586990121448,21.25036764387854,0.8431847545219638,437.82945736434107,366.0179206022994,0.148578811369509,Rowing/v_Rowing_g05_c04.avi,75,75,1,1.0,0
0.466522051982498,1.018924166140341,19.0,0.8711240310077519,286.26356589147287,347.3876265660025,0.2028423772609819,Rowing/v_Rowing_g06_c01.avi,75,75,1,1.0,0
0.5771245399607289,1.2585070382122494,38.01315561749642,0.8389857881136951,319.8759689922481,533.5391706630479,0.3081395348837209,Rowing/v_Rowing_g06_c02.avi,75,75,1,1.0,0
0.4350892064388436,2.3063407396409072,104.00480758118827,0.9002745478036176,380.5891472868217,613.8601917994171,0.2864987080103359,Rowing/v_Rowing_g06_c03.avi,75,75,1,1.0,0
0.7335014788188902,1.8106365017104664,69.26037828369117,0.7929586563307494,394.85271317829455,495.5229498322637,0.1967054263565891,Rowing/v_Rowing_g06_c04.avi,75,75,1,1.0,0
1.2946491146676893,2.385079035598135,31.0,0.6499515503875969,223.13178294573643,159.6002457617428,0.2810077519379845,Rowing/v_Rowing_g07_c01.avi,75,75,1,1.0,0
1.0722871801752023,2.721132982016111,64.0,0.7230297157622739,223.1937984496124,185.13661737571996,0.3284883720930232,Rowing/v_Rowing_g07_c02.avi,75,75,1,1.0,0
1.248536500681123,3.529151883377493,110.75,0.7308624031007752,322.5426356589147,293.9159561294213,0.2154392764857881,Rowing/v_Rowing_g07_c03.avi,75,75,1,0.9999617338180542,0
0.7365139734872826,2.3602420682356597,55.0,0.8362403100775194,408.6821705426357,363.8785465768141,0.208656330749354,Rowing/v_Rowing_g07_c04.avi,75,75,1,0.9999986886978148,0
1.1659238110242487,3.173215605114836,49.000637750951775,0.7686531007751938,304.62015503875966,269.0060716238922,0.2028423772609819,Rowing/v_Rowing_g07_c05.avi,75,75,1,0.9999997615814208,0
3.0050813849965525,4.850757521777746,153.05227865013967,0.3787952196382429,234.29457364341084,144.36884303329342,0.2060723514211886,SalsaSpin/v_SalsaSpin_g01_c01.avi,76,76,1,0.9991557598114014,0
1.241680967444866,8.64332532362146,255.04901489713697,0.7554102067183462,231.62790697674416,115.64118990479126,0.1773255813953488,SalsaSpin/v_SalsaSpin_g01_c02.avi,76,76,1,0.9999991655349731,0
0.6621184079419026,1.2960203116522733,23.67026087731185,0.7986918604651163,238.8217054263566,177.03599465883613,0.2432170542635658,SalsaSpin/v_SalsaSpin_g01_c03.avi,76,57,0,0.8751610517501831,1
1.065221083458756,1.5911921581270214,32.38826948140329,0.687984496124031,220.65116279069767,117.78081411276848,0.229328165374677,SalsaSpin/v_SalsaSpin_g01_c04.avi,76,76,1,0.9990656971931458,0
1.173580358282465,1.53534228182818,30.745172385270504,0.5973029715762274,235.2248062015504,128.12791817422195,0.1779715762273901,SalsaSpin/v_SalsaSpin_g01_c05.avi,76,76,1,0.9995359182357788,0
1.34899978185212,3.157515925800901,203.44286667268528,0.6327519379844961,223.06976744186048,130.93960890049917,0.2361111111111111,SalsaSpin/v_SalsaSpin_g01_c06.avi,76,57,0,0.5956494212150574,1
2.1577827941295675,2.947658586725709,61.5223536610881,0.3847706718346253,222.9457364341085,149.6658971723206,0.2651808785529715,SalsaSpin/v_SalsaSpin_g01_c07.avi,76,76,1,1.0,0
5.286982993337031,7.150869657441622,63.0317380372777,0.4865148578811369,287.13178294573646,425.0970045218035,0.1944444444444444,SalsaSpin/v_SalsaSpin_g02_c01.avi,76,76,1,0.999755322933197,0
4.6431476661498206,10.596741381824872,157.05094714773293,0.6375161498708011,636.6511627906976,1153.5341626320017,0.1350129198966408,SalsaSpin/v_SalsaSpin_g02_c02.avi,76,54,0,0.9537315964698792,1
1.390647543140828,2.4933180968845217,39.211764816187504,0.5720284237726099,413.82945736434107,820.6665481901344,0.1547157622739018,SalsaSpin/v_SalsaSpin_g02_c03.avi,76,76,1,0.9997615218162536,0
2.8256268485475253,6.525157129338529,149.78985279383917,0.5749354005167958,307.1007751937984,565.9136790800711,0.2157622739018088,SalsaSpin/v_SalsaSpin_g02_c04.avi,76,76,1,0.9992051720619202,0
1.5978109631500037,2.7805119464041947,41.617304093369626,0.5785691214470284,520.3100775193799,1007.8663147973022,0.1582687338501292,SalsaSpin/v_SalsaSpin_g02_c05.avi,76,76,1,0.8999539017677307,0
2.4643448114500317,6.141673638864721,292.0616373302047,0.6180555555555556,604.8372093023256,1105.259328303324,0.21156330749354,SalsaSpin/v_SalsaSpin_g02_c06.avi,76,55,0,0.9967143535614014,1
1.3709240799422648,4.697647506182356,160.76287856653974,0.665859173126615,453.4573643410853,901.5476014274368,0.1602067183462532,SalsaSpin/v_SalsaSpin_g02_c07.avi,76,76,1,0.9999794960021972,0
1.380285892978021,2.0386501824739733,31.25699921617557,0.6131298449612403,264.4961240310077,220.8667957340919,0.2296511627906976,SalsaSpin/v_SalsaSpin_g03_c01.avi,76,76,1,1.0,0
0.975075717919931,2.285894005504291,84.81155581640984,0.7499192506459949,249.984496124031,226.1152201486792,0.3026485788113695,SalsaSpin/v_SalsaSpin_g03_c02.avi,76,76,1,1.0,0
1.1081738591059225,2.641904757414883,56.02008568361887,0.7114018087855297,264.4341085271318,204.6681505751791,0.1925064599483204,SalsaSpin/v_SalsaSpin_g03_c03.avi,76,76,1,1.0,0
1.527693892011596,8.763964377616789,171.41237739731633,0.6923449612403101,265.984496124031,243.76892045815697,0.2813307493540051,SalsaSpin/v_SalsaSpin_g03_c04.avi,76,76,1,1.0,0
1.571120588729798,5.064488514140897,173.3666634621547,0.6836240310077519,241.11627906976744,214.4237501274353,0.3126614987080103,SalsaSpin/v_SalsaSpin_g03_c05.avi,76,76,1,1.0,0
2.257534305196638,4.6644065635780505,68.3593446428504,0.5708979328165374,276.4031007751938,236.4648397870209,0.2206072351421188,SalsaSpin/v_SalsaSpin_g03_c06.avi,76,76,1,1.0,0
1.061831670164722,1.657953340424648,46.61544808322666,0.5813953488372093,410.91472868217056,793.6979296820141,0.2564599483204134,SalsaSpin/v_SalsaSpin_g04_c01.avi,76,76,1,1.0,0
0.6013173459236997,1.9176253304717423,45.880278987817846,0.8670865633074936,562.3565891472869,1081.643264627459,0.2881136950904392,SalsaSpin/v_SalsaSpin_g04_c02.avi,76,76,1,1.0,0
1.1728770282721632,3.0630949200356747,173.7723007271297,0.6390503875968992,331.7829457364341,586.7693307093427,0.2603359173126615,SalsaSpin/v_SalsaSpin_g04_c03.avi,76,76,1,1.0,0
0.8734779355765918,3.618905658706737,103.3537614216338,0.8471414728682171,824.2480620155038,1392.019045752088,0.3052325581395348,SalsaSpin/v_SalsaSpin_g04_c04.avi,76,76,1,1.0,0
1.8724114503320737,4.053706081789292,114.38968484964018,0.7057493540051679,1008.4961240310078,1522.4746080495136,0.2745478036175711,SalsaSpin/v_SalsaSpin_g04_c05.avi,76,76,1,0.9999998807907104,0
0.9322108395893178,2.2856338909725933,42.01190307520001,0.7067183462532299,648.4341085271318,1190.9389419646045,0.2803617571059431,SalsaSpin/v_SalsaSpin_g04_c06.avi,76,76,1,0.9999982118606568,0
1.1964215330908676,2.2595422017967324,133.41664064126334,0.6237887596899225,293.95348837209303,287.19314896670613,0.2971576227390181,SalsaSpin/v_SalsaSpin_g05_c01.avi,76,76,1,0.9999998807907104,0
1.1741542817193256,1.3964249931738597,16.577469650100404,0.5803456072351422,247.8759689922481,209.4818638521621,0.2722868217054263,SalsaSpin/v_SalsaSpin_g05_c02.avi,76,76,1,0.9999816417694092,0
2.44773032639596,2.929707882650641,31.98461544242794,0.3838016795865633,416.8062015503876,668.8856181695783,0.2438630490956072,SalsaSpin/v_SalsaSpin_g05_c03.avi,76,76,1,1.0,0
0.5860837810909496,1.2194670825334215,28.13499822285404,0.8227551679586563,374.3875968992248,549.2269452289672,0.2270671834625323,SalsaSpin/v_SalsaSpin_g05_c04.avi,76,76,1,1.0,0
0.502733990425338,0.9912573690728212,17.46424919657298,0.8590923772609819,284.3410852713178,258.58099644570405,0.2490310077519379,SalsaSpin/v_SalsaSpin_g05_c05.avi,76,76,1,0.9999977350234984,0
1.1664907928014183,1.412062808022759,19.697715603592208,0.5625,267.2248062015504,231.17848536970448,0.2438630490956072,SalsaSpin/v_SalsaSpin_g05_c06.avi,76,76,1,1.0,0
0.8341372396700036,3.580485533408388,241.29857024027308,0.8185562015503876,289.1162790697674,432.280981474196,0.2202842377260982,SalsaSpin/v_SalsaSpin_g06_c01.avi,76,76,1,1.0,0
0.4373228254395695,1.345203100053475,33.535894948547295,0.8741117571059431,490.1705426356589,537.8879184139337,0.2299741602067183,SalsaSpin/v_SalsaSpin_g06_c02.avi,76,76,1,1.0,0
0.5519742430951171,2.055688819528413,71.35573295117919,0.8515826873385013,504.62015503875966,416.9400379583245,0.2425710594315245,SalsaSpin/v_SalsaSpin_g06_c03.avi,76,76,1,1.0,0
0.7233519055028977,3.081974303607248,79.67845536906448,0.8189599483204134,401.6124031007752,370.5437929338744,0.2532299741602067,SalsaSpin/v_SalsaSpin_g06_c04.avi,76,76,1,1.0,0
1.019692721226442,5.243301422482513,136.00970783366898,0.8054748062015504,407.3178294573643,380.7772138420776,0.2803617571059431,SalsaSpin/v_SalsaSpin_g06_c05.avi,76,76,1,1.0,0
1.8977882805034367,4.285522425860703,269.8983604989108,0.5423934108527132,230.13953488372093,142.308799740229,0.2212532299741602,SalsaSpin/v_SalsaSpin_g07_c01.avi,76,76,1,1.0,0
1.303198006999108,3.8525741014885786,159.81239000778382,0.6392926356589147,244.031007751938,164.80121631524577,0.1979974160206718,SalsaSpin/v_SalsaSpin_g07_c02.avi,76,76,1,0.9999998807907104,0
2.615530837731324,6.753949240030516,197.52468200202225,0.5007267441860465,222.63565891472868,146.58193137085755,0.2616279069767442,SalsaSpin/v_SalsaSpin_g07_c03.avi,76,76,1,0.9999998807907104,0
4.072721892777379,8.258280259475343,287.4804341168282,0.3829134366925064,219.968992248062,134.1751682790276,0.2548449612403101,SalsaSpin/v_SalsaSpin_g07_c04.avi,76,76,1,0.9999955892562866,0
0.9013412227339712,1.70221246434728,25.66186372810829,0.7152777777777778,277.14728682170545,353.273662522659,0.2606589147286822,SalsaSpin/v_SalsaSpin_g07_c05.avi,76,76,1,0.9999998807907104,0
1.2747495088744285,4.240176687972849,209.093280618962,0.6346899224806202,235.03875968992247,155.89523430522752,0.2215762273901808,SalsaSpin/v_SalsaSpin_g07_c06.avi,76,76,1,0.9999994039535522,0
1.400669024748022,2.862479622387945,35.608987629529715,0.6831395348837209,370.7286821705426,551.5054484952698,0.2512919896640826,ShavingBeard/v_ShavingBeard_g01_c01.avi,77,77,1,1.0,0
1.689564593541305,3.3589480246471988,63.0,0.6561692506459949,303.13178294573646,451.1442709110809,0.2583979328165374,ShavingBeard/v_ShavingBeard_g01_c02.avi,77,77,1,0.9999988079071044,0
0.7047471669199131,2.36784593860558,77.42092740338364,0.8311531007751938,297.30232558139534,290.1569370773799,0.2939276485788114,ShavingBeard/v_ShavingBeard_g01_c03.avi,77,77,1,1.0,0
0.7205583495055339,1.7698744500291903,78.65788263104976,0.788921188630491,389.27131782945736,561.2937402294309,0.2580749354005168,ShavingBeard/v_ShavingBeard_g01_c04.avi,77,77,1,0.9999914169311525,0
0.2844097980361262,0.9313674672292148,39.20459156782532,0.933624031007752,368.3720930232558,414.7600608284385,0.2028423772609819,ShavingBeard/v_ShavingBeard_g02_c01.avi,77,0,0,0.6141718029975891,1
0.3446942788504439,0.7865347416560229,24.0,0.9007590439276486,303.13178294573646,288.15368907013504,0.2661498708010336,ShavingBeard/v_ShavingBeard_g02_c02.avi,77,0,0,0.7249773144721985,1
0.6766304455819798,1.8541731014726164,42.2965719651132,0.7690568475452196,481.1782945736434,844.1795471023499,0.2264211886304909,ShavingBeard/v_ShavingBeard_g02_c03.avi,77,77,1,1.0,0
2.0174750597387097,3.680565923805156,60.377070357876754,0.5127583979328165,370.04651162790697,658.2391575516781,0.292312661498708,ShavingBeard/v_ShavingBeard_g02_c04.avi,77,77,1,1.0,0
0.5515792397703573,0.7632130978686298,6.041522986797286,0.8025678294573644,353.2403100775194,473.3539373481588,0.2002583979328165,ShavingBeard/v_ShavingBeard_g02_c05.avi,77,77,1,0.9960667490959167,0
0.4349799907124145,1.2294286994615315,76.42939961166776,0.8624031007751938,401.86046511627904,502.6732991181203,0.2170542635658914,ShavingBeard/v_ShavingBeard_g02_c06.avi,77,77,1,1.0,0
1.1550964635917018,2.0840597037396584,36.12478373637688,0.6379198966408268,367.6279069767442,653.7453107397588,0.2674418604651162,ShavingBeard/v_ShavingBeard_g02_c07.avi,77,77,1,1.0,0
0.8671261353405415,2.40716323176398,48.60876978488552,0.8166989664082688,327.50387596899225,321.440558938528,0.2903746770025839,ShavingBeard/v_ShavingBeard_g03_c01.avi,77,77,1,1.0,0
1.1113966971393408,2.864978841950529,32.62116835737187,0.760093669250646,411.2248062015504,442.07939306446895,0.213501291989664,ShavingBeard/v_ShavingBeard_g03_c02.avi,77,77,1,1.0,0
0.4796021823124441,1.1811692974973316,17.69975282313287,0.865390826873385,397.4573643410853,451.73798757964846,0.2955426356589147,ShavingBeard/v_ShavingBeard_g03_c03.avi,77,77,1,1.0,0
0.41376306430294,1.1357155976251516,16.00195300580526,0.8993863049095607,347.3488372093023,332.52122741968583,0.2645348837209302,ShavingBeard/v_ShavingBeard_g03_c04.avi,77,77,1,1.0,0
1.351326101953901,4.970386942229635,94.02127418834527,0.7595284237726099,323.90697674418607,326.587415838215,0.3207364341085271,ShavingBeard/v_ShavingBeard_g03_c05.avi,77,77,1,1.0,0
1.1121798165528287,3.2039675217748256,34.0,0.75718669250646,317.5813953488372,323.48812799883785,0.33171834625323,ShavingBeard/v_ShavingBeard_g03_c06.avi,77,77,1,1.0,0
0.6077033649282843,3.1915932253835653,51.19280344931307,0.908672480620155,428.8372093023256,515.1087006634509,0.2199612403100775,ShavingBeard/v_ShavingBeard_g03_c07.avi,77,77,1,1.0,0
0.1141680937694039,0.2628670667204687,7.00446286306095,0.9865148578811368,432.1860465116279,513.1150311130414,0.2012273901808785,ShavingBeard/v_ShavingBeard_g04_c01.avi,77,77,1,1.0,0
0.3190103181147485,1.0314466280065058,17.46424919657298,0.9256298449612403,399.9379844961241,369.3806203169099,0.252906976744186,ShavingBeard/v_ShavingBeard_g04_c02.avi,77,77,1,1.0,0
0.2215563199100498,0.7359806388471007,16.0,0.9512273901808784,435.7829457364341,455.7791686352781,0.2225452196382429,ShavingBeard/v_ShavingBeard_g04_c03.avi,77,77,1,1.0,0
0.1902247147706202,0.4963304649806977,9.486832980505138,0.9534883720930232,352.62015503875966,352.8778516688538,0.3236434108527132,ShavingBeard/v_ShavingBeard_g04_c04.avi,77,77,1,0.9999912977218628,0
0.6660570285502273,1.880846542449274,19.81161275615895,0.8513404392764858,696.5581395348837,1015.5426846244392,0.1821705426356589,ShavingBeard/v_ShavingBeard_g05_c01.avi,77,19,0,0.5425722599029541,1
0.4760383921820575,0.963128991158472,10.44030650891055,0.8597383720930233,530.2325581395348,799.4943994512539,0.0872093023255814,ShavingBeard/v_ShavingBeard_g05_c02.avi,77,77,1,0.8123868703842163,0
0.469405395577538,1.0909563542817171,12.020815280171307,0.8726582687338501,634.1705426356589,950.3461639741204,0.1311369509043927,ShavingBeard/v_ShavingBeard_g05_c03.avi,77,77,1,0.999841332435608,0
0.4047563922398801,1.0564318540323423,27.202941017470888,0.8917151162790697,529.922480620155,808.0809078803113,0.1624677002583979,ShavingBeard/v_ShavingBeard_g05_c04.avi,77,77,1,1.0,0
0.4012224646741323,0.8459442310966476,12.649110640673518,0.8722545219638242,683.1627906976744,978.4736316926447,0.1046511627906976,ShavingBeard/v_ShavingBeard_g05_c05.avi,77,77,1,1.0,0
0.6013784982661794,1.840165506354416,20.89632144660873,0.8830749354005168,867.8449612403101,1157.0436964513772,0.1298449612403101,ShavingBeard/v_ShavingBeard_g05_c06.avi,77,77,1,0.999981164932251,0
0.5751221837722045,4.050364997775628,202.15835377248203,0.8726582687338501,570.046511627907,1012.9462887454498,0.1627906976744186,ShavingBeard/v_ShavingBeard_g05_c07.avi,77,19,0,0.8916113972663879,1
0.4849085364638696,0.783558138217778,15.075331671309922,0.8601421188630491,430.5116279069768,361.3854717156147,0.146640826873385,ShavingBeard/v_ShavingBeard_g06_c01.avi,77,77,1,1.0,0
1.477288037820789,7.225001612836625,99.6393496566492,0.7223837209302325,408.062015503876,495.5742069596537,0.1627906976744186,ShavingBeard/v_ShavingBeard_g06_c02.avi,77,77,1,0.9924246072769164,0
1.088120051734341,1.793874713099702,51.094275608917286,0.6742571059431525,422.6356589147287,505.50495037385423,0.1812015503875969,ShavingBeard/v_ShavingBeard_g06_c03.avi,77,77,1,1.0,0
2.610456025070905,4.666825933580165,81.91840452547889,0.4821543927648579,378.2325581395349,342.88765786582604,0.209625322997416,ShavingBeard/v_ShavingBeard_g06_c04.avi,77,77,1,0.998397409915924,0
0.6876087018622598,1.3366749740083017,33.811286946817035,0.8166182170542635,354.5426356589147,319.91546867403787,0.1973514211886305,ShavingBeard/v_ShavingBeard_g06_c05.avi,77,77,1,0.9922673106193542,0
1.1682273948606512,2.4642535185993744,85.0235261559999,0.6484980620155039,433.9224806201551,562.2795466352917,0.1534237726098191,ShavingBeard/v_ShavingBeard_g06_c06.avi,77,77,1,1.0,0
1.2276623344953077,2.6091312346634985,55.808965453589984,0.6937984496124031,411.0387596899225,503.3840890744813,0.1976744186046511,ShavingBeard/v_ShavingBeard_g06_c07.avi,77,0,0,0.9343459010124208,1
0.2028085092645644,0.688379720334416,15.052512248790896,0.9570413436692506,343.68992248062017,646.6648341512788,0.291343669250646,ShavingBeard/v_ShavingBeard_g07_c01.avi,77,77,1,1.0,0
0.278248721375073,1.0682974851536884,17.875,0.9439599483204134,236.46511627906975,215.57444608854223,0.335594315245478,ShavingBeard/v_ShavingBeard_g07_c02.avi,77,77,1,1.0,0
0.2060130123485064,0.5827533753336246,12.75061273037496,0.9471899224806202,259.3488372093023,238.1962141851468,0.2939276485788114,ShavingBeard/v_ShavingBeard_g07_c03.avi,77,77,1,1.0,0
0.412979673416003,1.1193960626509347,16.80773631397161,0.8871124031007752,248.5581395348837,234.4245108152244,0.3294573643410852,ShavingBeard/v_ShavingBeard_g07_c04.avi,77,77,1,0.9996169805526732,0
0.1557592843275671,0.4709698589159001,19.256492411651717,0.968265503875969,243.53488372093025,235.7566096967043,0.354328165374677,ShavingBeard/v_ShavingBeard_g07_c05.avi,77,77,1,0.999998927116394,0
0.2480918460708827,1.1633501256655323,26.5,0.9449289405684754,242.1705426356589,222.7456617533507,0.3278423772609819,ShavingBeard/v_ShavingBeard_g07_c06.avi,77,77,1,0.999697208404541,0
0.3279538592926233,1.1293445015469938,17.50044642287733,0.922157622739018,320.5581395348837,465.37693161593177,0.2671188630490956,ShavingBeard/v_ShavingBeard_g07_c07.avi,77,77,1,1.0,0
0.6912578412011408,0.9550828438054764,16.779824194549835,0.771640826873385,499.72093023255815,812.9287369889138,0.2461240310077519,Shotput/v_Shotput_g01_c01.avi,78,78,1,1.0,0
0.5490067198140808,0.8987327680745812,15.811388300841896,0.8262273901808785,498.5426356589147,728.9650198193225,0.2070413436692506,Shotput/v_Shotput_g01_c02.avi,78,78,1,1.0,0
0.6257158685563173,0.7904635714133297,13.786315678962238,0.7695413436692506,525.8914728682171,775.6706849415386,0.2196382428940568,Shotput/v_Shotput_g01_c03.avi,78,78,1,1.0,0
0.626534342189614,0.9493105850669088,13.0,0.8137919896640827,493.4573643410853,682.9796892544745,0.1934754521963824,Shotput/v_Shotput_g01_c04.avi,78,78,1,1.0,0
0.6409996646992405,1.2348994635940689,12.759800155174846,0.8274386304909561,465.2403100775194,632.9757551377081,0.2164082687338501,Shotput/v_Shotput_g01_c05.avi,78,78,1,1.0,0
0.3767018345023509,0.797843862127647,15.013015186830392,0.9004360465116279,648.2480620155038,924.3185130998052,0.1973514211886305,Shotput/v_Shotput_g01_c06.avi,78,78,1,1.0,0
0.8325627002277646,1.2533866352376253,17.72004514666935,0.7221414728682171,565.6434108527131,854.5819758597387,0.2154392764857881,Shotput/v_Shotput_g01_c07.avi,78,78,1,1.0,0
0.0919642581661442,0.3507783083867636,9.055385138137416,0.9814276485788114,265.73643410852713,360.5067389489335,0.3343023255813953,Shotput/v_Shotput_g02_c01.avi,78,6,0,0.9996485710144044,1
0.2124613779068978,1.1051319509010786,37.01351104664349,0.962047803617571,287.2558139534884,446.1083450121211,0.29328165374677,Shotput/v_Shotput_g02_c02.avi,78,6,0,0.9755836725234984,1
0.0429709517330595,0.1489598845671405,2.7443123000125187,0.9970122739018088,360.0,653.5735043446875,0.2890826873385013,Shotput/v_Shotput_g02_c03.avi,78,56,0,0.8763142228126526,1
0.0561716266335799,0.211053652216496,5.006246098625197,0.9939437984496124,267.47286821705427,276.5678373269591,0.3678940568475452,Shotput/v_Shotput_g02_c04.avi,78,6,0,0.9238436222076416,1
0.1601110358484174,0.750711168294525,21.286732957408,0.9602713178294574,221.5813953488372,222.4399822432528,0.41828165374677,Shotput/v_Shotput_g02_c05.avi,78,6,0,0.7804411053657532,1
0.1321532997357888,0.5098330351352254,16.00439392791867,0.9717377260981912,375.4418604651163,648.2799173743988,0.2060723514211886,Shotput/v_Shotput_g02_c06.avi,78,50,0,0.6328110694885254,1
0.1659553573238214,0.7756107203972626,32.96209944769902,0.965843023255814,279.6279069767442,254.79047691814816,0.2567829457364341,Shotput/v_Shotput_g02_c07.avi,78,50,0,0.8422418236732483,1
0.1283562878567187,0.2897397145018833,4.875,0.9790859173126616,323.0387596899225,318.16324616596546,0.294250645994832,Shotput/v_Shotput_g03_c01.avi,78,22,0,0.9999998807907104,1
0.1565875119425871,0.3844436878573322,16.0312195418814,0.9790859173126616,320.4961240310077,309.22599357307587,0.272609819121447,Shotput/v_Shotput_g03_c02.avi,78,78,1,0.5659534335136414,0
0.1073352382974769,0.23747239516192,4.0,0.9954780361757106,303.37984496124034,297.7865421909685,0.2958656330749354,Shotput/v_Shotput_g03_c03.avi,78,22,0,0.9999969005584716,1
0.2296987123990919,0.4559991968310595,16.99448439935734,0.9671350129198968,322.29457364341084,329.92769710861177,0.3381782945736434,Shotput/v_Shotput_g03_c04.avi,78,22,0,0.999981164932251,1
0.0906104827348956,0.2163423743988654,3.125,0.9955587855297158,285.2093023255814,273.8290553271762,0.2897286821705426,Shotput/v_Shotput_g03_c05.avi,78,22,0,0.9999523162841796,1
0.1137586728387958,0.3008869438315609,7.810249675906654,0.9861918604651164,302.3255813953488,314.23200737969273,0.354328165374677,Shotput/v_Shotput_g03_c06.avi,78,22,0,0.9999731779098512,1
1.3514079031770372,1.9942993044701445,26.0,0.5636304909560723,293.6434108527132,271.57267499772564,0.250968992248062,Shotput/v_Shotput_g04_c01.avi,78,78,1,0.999990463256836,0
0.6383952006127712,0.9694705462387714,14.206072645175372,0.7457202842377261,312.4961240310077,296.05153867336736,0.2574289405684754,Shotput/v_Shotput_g04_c02.avi,78,78,1,1.0,0
0.2655726488284064,0.5850228817742362,16.55294535724685,0.970203488372093,340.9612403100775,309.0935084198612,0.2034883720930232,Shotput/v_Shotput_g04_c03.avi,78,78,1,1.0,0
0.5762490624884933,0.7594037352299907,12.126932835634904,0.8044250645994832,286.5736434108527,260.25523474525335,0.2451550387596899,Shotput/v_Shotput_g04_c04.avi,78,78,1,1.0,0
1.232552966415779,1.827448336977204,20.396078054371134,0.6523740310077519,299.7829457364341,243.33818497574853,0.1492248062015503,Shotput/v_Shotput_g04_c05.avi,78,78,1,1.0,0
0.4393536483961089,1.04443718537281,24.020824298928627,0.8599806201550387,530.7906976744187,946.430271344972,0.1553617571059431,Shotput/v_Shotput_g05_c01.avi,78,78,1,0.8961918950080872,0
0.6735429596333549,1.1849674423279222,18.54218164078866,0.7737403100775194,610.9147286821706,1098.4665000096866,0.1282299741602067,Shotput/v_Shotput_g05_c02.avi,78,78,1,0.8737133741378784,0
0.6307333820809969,1.172365460676378,13.601470508735444,0.8094315245478036,612.3410852713179,1075.8597679298102,0.191860465116279,Shotput/v_Shotput_g05_c03.avi,78,78,1,0.998706579208374,0
0.6153944383328784,1.267660934629202,50.00999900019995,0.8176679586563308,615.937984496124,1107.0903813298837,0.2299741602067183,Shotput/v_Shotput_g05_c04.avi,78,78,1,0.9999998807907104,0
0.2609426641771337,0.663886988455927,12.211674741819811,0.9342700258397932,352.5581395348837,537.9026151302675,0.2257751937984496,Shotput/v_Shotput_g05_c05.avi,78,78,1,0.9996633529663086,0
0.524224277417822,0.849163270616103,13.786315678962238,0.8076550387596899,263.2558139534884,201.75463949862765,0.190891472868217,Shotput/v_Shotput_g05_c06.avi,78,78,1,1.0,0
0.8397002458887035,1.4405671492311585,17.79922751132756,0.7637273901808785,704.8682170542636,1202.2953717484854,0.1195090439276485,Shotput/v_Shotput_g05_c07.avi,78,78,1,0.9999998807907104,0
0.7237231586204576,1.3356933237036508,48.25,0.758640180878553,504.062015503876,723.9132218320264,0.1589147286821705,Shotput/v_Shotput_g06_c01.avi,78,78,1,0.9999988079071044,0
2.369421205582546,4.33273218755545,64.5,0.4934593023255814,418.2325581395349,650.6425031051571,0.1098191214470284,Shotput/v_Shotput_g06_c02.avi,78,78,1,0.9999936819076538,0
0.6404157256501516,1.4508111565780126,23.42007685726074,0.7942506459948321,414.13953488372096,562.2515195423581,0.1996124031007752,Shotput/v_Shotput_g06_c03.avi,78,78,1,0.9999998807907104,0
0.89016453546232,1.372744695031807,16.278820596099706,0.7118055555555556,417.5503875968992,612.4598384079078,0.1805555555555555,Shotput/v_Shotput_g06_c04.avi,78,78,1,0.9999539852142334,0
1.663635389036517,4.229651598944051,124.0,0.6017441860465116,412.8992248062016,561.3276046720318,0.1970284237726098,Shotput/v_Shotput_g06_c05.avi,78,78,1,0.9999713897705078,0
1.0823330209530149,2.128243527313365,72.06247289678588,0.7223837209302325,527.8759689922481,804.8830721353925,0.1369509043927648,Shotput/v_Shotput_g06_c06.avi,78,78,1,0.9999986886978148,0
0.9172669678819446,2.8269565570777497,140.58893982102575,0.6598029715762274,461.8914728682171,668.2134139004061,0.1408268733850129,Shotput/v_Shotput_g06_c07.avi,78,78,1,0.9999781847000122,0
0.3350283457304836,0.735649223588875,16.387876616572385,0.931686046511628,205.27131782945736,155.9248353970982,0.357235142118863,Shotput/v_Shotput_g07_c01.avi,78,78,1,0.9997491240501404,0
1.5289531026141476,2.4894064542679937,47.5,0.5346414728682171,251.72093023255812,153.8332418761023,0.1463178294573643,Shotput/v_Shotput_g07_c02.avi,78,78,1,0.998421549797058,0
0.2531643757338464,0.7998773048713845,19.463507520485614,0.946059431524548,235.10077519379848,183.2524350742423,0.271640826873385,Shotput/v_Shotput_g07_c03.avi,78,92,0,0.9999995231628418,1
0.8464059380472136,1.5327987665359406,24.0,0.7627583979328165,219.84496124031008,316.1294614997142,0.3691860465116279,Shotput/v_Shotput_g07_c04.avi,78,78,1,0.9999996423721312,0
1.133960154283984,1.3485753873237265,13.786315678962238,0.5895510335917312,212.46511627906975,159.73282181355643,0.3301033591731266,Shotput/v_Shotput_g07_c05.avi,78,78,1,0.9997932314872742,0
0.6763381511443702,1.0893092001597795,16.875,0.8069282945736435,223.8139534883721,313.8382975587946,0.3433462532299741,Shotput/v_Shotput_g07_c06.avi,78,78,1,0.9825452566146852,0
1.0633740582637072,1.151801474437904,20.305479556021325,0.595687984496124,226.29457364341084,139.94885018544835,0.2348191214470284,Shotput/v_Shotput_g07_c07.avi,78,78,1,0.8364718556404114,0
0.4570136145198323,1.1341449479421108,24.51147690368738,0.8316375968992248,248.93023255813952,241.29393397755467,0.3456072351421189,SkateBoarding/v_SkateBoarding_g01_c01.avi,79,79,1,0.7669069766998291,0
3.044854055074462,15.577970483761812,260.75,0.61781330749354,1010.9767441860464,1454.3399923720228,0.1763565891472868,SkateBoarding/v_SkateBoarding_g01_c02.avi,79,37,0,0.9385792016983032,1
12.961046166941466,23.7115394986732,166.375,0.4538113695090439,400.86821705426354,736.8685406496513,0.1408268733850129,SkateBoarding/v_SkateBoarding_g01_c03.avi,79,80,0,0.9844584465026855,1
2.3275471335680624,4.975832588569021,204.0006127441778,0.6387273901808785,422.13953488372096,832.7641163938754,0.2432170542635658,SkateBoarding/v_SkateBoarding_g01_c04.avi,79,10,0,0.9999570846557616,1
2.653744745335388,9.194302918186825,196.0,0.7661498708010336,470.7596899224806,759.3269640774637,0.16828165374677,SkateBoarding/v_SkateBoarding_g02_c01.avi,79,79,1,1.0,0
0.6451885798791636,4.217539592875103,95.21981148899634,0.944202196382429,1163.7209302325582,1334.573641969972,0.0978682170542635,SkateBoarding/v_SkateBoarding_g02_c02.avi,79,44,0,0.7051430940628052,1
4.547430784458416,12.115712475653185,258.1240012087214,0.6875807493540051,405.953488372093,602.5659069805336,0.1440568475452196,SkateBoarding/v_SkateBoarding_g02_c03.avi,79,80,0,0.9999996423721312,1
1.758542272442219,4.88974406452132,138.00362314084367,0.7126130490956072,582.8837209302326,916.3081945554184,0.1346899224806201,SkateBoarding/v_SkateBoarding_g02_c04.avi,79,79,1,1.0,0
1.968398352156041,5.368335726826448,81.49846624323675,0.7498385012919897,587.2868217054264,952.9079703223454,0.1724806201550387,SkateBoarding/v_SkateBoarding_g02_c05.avi,79,79,1,0.9999974966049194,0
2.5328599610780578,10.66379124598663,267.4012960421097,0.7888404392764858,664.5581395348837,1018.2241107158336,0.1976744186046511,SkateBoarding/v_SkateBoarding_g02_c06.avi,79,79,1,1.0,0
2.077567508455568,5.757976005379562,190.7493446908796,0.6405038759689923,368.3720930232558,348.2846352169119,0.2583979328165374,SkateBoarding/v_SkateBoarding_g03_c01.avi,79,79,1,1.0,0
1.6674224275578935,3.691845225877352,59.0,0.6863695090439277,355.5968992248062,343.0040910864083,0.2771317829457364,SkateBoarding/v_SkateBoarding_g03_c02.avi,79,79,1,1.0,0
1.5689730296125326,3.855344563753691,76.02631123499285,0.7411983204134367,378.6666666666667,348.4690177487079,0.229328165374677,SkateBoarding/v_SkateBoarding_g03_c03.avi,79,79,1,1.0,0
1.552578311208939,4.142771541152428,238.52649878996672,0.6799095607235142,377.73643410852713,348.0261399649634,0.230297157622739,SkateBoarding/v_SkateBoarding_g03_c04.avi,79,79,1,1.0,0
4.897916065963408,13.130816953013332,203.39370688396437,0.7246447028423773,390.3255813953488,790.4820937303912,0.2822997416020671,SkateBoarding/v_SkateBoarding_g04_c01.avi,79,79,1,1.0,0
1.3659786552591813,3.056250023763789,52.3450093132096,0.7148740310077519,837.3333333333334,1334.6635225202845,0.1453488372093023,SkateBoarding/v_SkateBoarding_g04_c02.avi,79,79,1,1.0,0
2.423216245009631,5.700710246918985,147.11629116110834,0.5798611111111112,556.2170542635658,1038.6937903428272,0.1301679586563307,SkateBoarding/v_SkateBoarding_g04_c03.avi,79,79,1,1.0,0
1.0288120265090932,3.026114864549077,53.00265323547492,0.7687338501291989,969.3023255813954,1486.932280325389,0.2073643410852713,SkateBoarding/v_SkateBoarding_g04_c04.avi,79,79,1,1.0,0
2.138934021302093,7.829718516543322,147.21009646080665,0.7145510335917312,911.5038759689922,1409.8049572287782,0.1298449612403101,SkateBoarding/v_SkateBoarding_g04_c05.avi,79,79,1,1.0,0
3.754190189816718,8.760188044239932,187.0240626229684,0.5903585271317829,256.4341085271318,264.4418385361729,0.3775839793281654,SkateBoarding/v_SkateBoarding_g05_c01.avi,79,51,0,0.9986513257026672,1
2.328731361314522,5.017850644305934,120.93386622447824,0.5642764857881137,297.86046511627904,444.01998600499576,0.2432170542635658,SkateBoarding/v_SkateBoarding_g05_c02.avi,79,83,0,0.7288672924041748,1
3.104371093641989,7.56536664838787,321.58654550524966,0.6171673126614987,262.015503875969,296.03189605270586,0.4505813953488372,SkateBoarding/v_SkateBoarding_g05_c03.avi,79,51,0,0.9574512839317322,1
1.6961030500511691,6.021586504014159,159.7154696640247,0.775032299741602,255.62790697674416,260.1978695420543,0.3688630490956072,SkateBoarding/v_SkateBoarding_g05_c04.avi,79,79,1,0.9978256821632384,0
5.369856359361284,12.933046600843944,207.55029510940236,0.6651324289405685,997.7674418604652,1435.773462036684,0.1637596899224806,SkateBoarding/v_SkateBoarding_g06_c01.avi,79,79,1,1.0,0
2.139446189225003,7.103607587842307,137.9284234666662,0.6818475452196382,578.6666666666666,1078.5309944286034,0.2393410852713178,SkateBoarding/v_SkateBoarding_g06_c02.avi,79,79,1,1.0,0
2.8586453520653845,6.042802018361007,64.9812472948927,0.5154231266149871,250.04651162790697,323.2030072310282,0.2609819121447028,SkateBoarding/v_SkateBoarding_g06_c03.avi,79,79,1,1.0,0
4.482571231226329,12.128640607272656,216.6702563805194,0.5424741602067183,543.5038759689922,1050.8456552083414,0.2803617571059431,SkateBoarding/v_SkateBoarding_g06_c04.avi,79,79,1,1.0,0
3.991981030269864,10.371340349461708,259.03538006419126,0.6423611111111112,680.6201550387597,1208.66540014855,0.188953488372093,SkateBoarding/v_SkateBoarding_g07_c01.avi,79,79,1,1.0,0
3.091368438369726,7.541616463206424,112.37882362794156,0.6882267441860465,726.1395348837209,1278.584493145217,0.1715116279069767,SkateBoarding/v_SkateBoarding_g07_c02.avi,79,79,1,1.0,0
1.14905146010055,3.413741200165132,83.18653737234169,0.7578326873385013,810.2325581395348,1341.6999428390782,0.1934754521963824,SkateBoarding/v_SkateBoarding_g07_c03.avi,79,79,1,1.0,0
2.369949015655248,4.633763151491639,148.05404418657398,0.6386466408268734,784.8682170542636,1201.5069567544665,0.2002583979328165,SkateBoarding/v_SkateBoarding_g07_c04.avi,79,79,1,1.0,0
4.587024228186348,11.051807965001784,154.0,0.7042151162790697,429.3953488372093,655.0684728823493,0.1149870801033591,SkateBoarding/v_SkateBoarding_g07_c05.avi,79,79,1,1.0,0
8.808104888456633,16.1316122538898,321.0626885827751,0.2967538759689923,235.2248062015504,193.32108649970792,0.2916666666666667,Skiing/v_Skiing_g01_c01.avi,80,80,1,1.0,0
10.224798099838736,14.466805791254291,171.572142260916,0.1670704134366925,257.1162790697674,165.5554722325864,0.1440568475452196,Skiing/v_Skiing_g01_c02.avi,80,80,1,1.0,0
0.6453519644442034,0.8694551486450866,15.26843148460247,0.7856104651162791,214.07751937984497,125.7664633082736,0.2700258397932816,Skiing/v_Skiing_g01_c03.avi,80,80,1,1.0,0
3.0234553110250686,7.51582718656889,318.0,0.3687822997416021,256.93023255813955,165.66446831694662,0.1450258397932816,Skiing/v_Skiing_g01_c04.avi,80,80,1,0.9997381567955016,0
3.5146975340920967,6.547791017126063,61.587336360651285,0.3841246770025839,254.015503875969,316.8527886607761,0.2222222222222222,Skiing/v_Skiing_g01_c05.avi,80,80,1,0.9596885442733764,0
6.001334432838644,10.681490801601711,224.1294268943728,0.2668766149870801,270.38759689922483,174.27023077546886,0.1059431524547803,Skiing/v_Skiing_g01_c06.avi,80,80,1,0.9999996423721312,0
3.13681859164074,9.09484544178596,119.43002658460728,0.6886304909560723,451.4108527131783,384.8985291108242,0.1967054263565891,Skiing/v_Skiing_g02_c01.avi,80,80,1,1.0,0
7.350624476391011,13.808322143766246,254.75,0.6075581395348837,337.86046511627904,317.7073087267404,0.2428940568475452,Skiing/v_Skiing_g02_c02.avi,80,80,1,1.0,0
8.457400577901314,13.745680720267794,221.75,0.5000807493540051,302.2015503875969,310.4764875154347,0.3420542635658914,Skiing/v_Skiing_g02_c03.avi,80,80,1,1.0,0
13.891574079665665,23.34973220488975,237.507894605632,0.4169089147286822,372.2170542635659,413.09429749620216,0.1841085271317829,Skiing/v_Skiing_g02_c04.avi,80,80,1,1.0,0
9.914540607248684,24.90497737607916,310.7426588030681,0.7361918604651163,321.4263565891473,317.8625507444929,0.2987726098191214,Skiing/v_Skiing_g02_c05.avi,80,80,1,1.0,0
1.3925543468606536,2.2930802409270803,28.0713376952364,0.6065083979328165,226.91472868217053,192.6795158535996,0.3271963824289405,Skiing/v_Skiing_g03_c01.avi,80,80,1,1.0,0
5.037093598567218,9.695943972706338,197.0,0.4530038759689923,228.46511627906975,168.3522537457267,0.272609819121447,Skiing/v_Skiing_g03_c02.avi,80,80,1,1.0,0
2.5508997910294307,6.384181184691708,109.75,0.5552325581395349,245.8294573643411,223.5027746920704,0.313953488372093,Skiing/v_Skiing_g03_c03.avi,80,80,1,0.9999998807907104,0
1.389862712542248,4.581659918112592,167.25,0.7981266149870802,370.3565891472868,490.15855366187486,0.2364341085271318,Skiing/v_Skiing_g03_c04.avi,80,79,0,0.999929666519165,1
2.402980259676739,9.156711486456269,186.96791168540125,0.7902939276485789,380.031007751938,709.7608718170861,0.3152454780361757,Skiing/v_Skiing_g03_c05.avi,80,80,1,0.997882068157196,0
1.3386132855060444,2.860743448146676,23.75131575302724,0.744266795865633,352.0,787.912402166873,0.3720930232558139,Skiing/v_Skiing_g03_c06.avi,80,80,1,1.0,0
0.79025118128446,2.0900955302873654,31.75,0.8393895348837209,244.4031007751938,233.92510294715015,0.3459302325581395,Skiing/v_Skiing_g03_c07.avi,80,54,0,0.98002028465271,1
1.8204358958475837,2.1235666780045577,12.90348790056394,0.314437984496124,272.4341085271318,247.68634344283345,0.2658268733850129,Skiing/v_Skiing_g04_c01.avi,80,80,1,0.9933602213859558,0
5.998722410370956,7.026603290593163,214.84878403193252,0.1805555555555555,279.68992248062017,199.1495794992364,0.1195090439276485,Skiing/v_Skiing_g04_c02.avi,80,80,1,0.9932611584663392,0
4.957185569256883,6.592527552996829,93.62157870918436,0.426921834625323,468.8372093023256,872.9768618962164,0.1860465116279069,Skiing/v_Skiing_g04_c03.avi,80,80,1,1.0,0
13.636300226030295,15.586994109771249,73.00684899377592,0.2414405684754522,288.1860465116279,418.8524331259552,0.1618217054263566,Skiing/v_Skiing_g04_c04.avi,80,80,1,1.0,0
1.3010642412807356,2.581524284644974,12.727922061357855,0.6539082687338501,419.5348837209302,699.3584883982992,0.1327519379844961,Skiing/v_Skiing_g04_c05.avi,80,80,1,0.9994433522224426,0
2.851301750781655,5.103982530012323,128.63125592172378,0.4085109819121447,245.45736434108528,173.9299960646173,0.208656330749354,Skiing/v_Skiing_g04_c06.avi,80,80,1,1.0,0
1.8831092027062293,4.078302510588967,76.23647421018367,0.6892764857881137,451.2248062015504,465.14855908656887,0.2364341085271318,Skiing/v_Skiing_g04_c07.avi,80,80,1,0.9950321912765504,0
6.81830583978774,14.21527694998747,139.7502236134168,0.3941375968992248,307.90697674418607,228.80476230544377,0.0823643410852713,Skiing/v_Skiing_g05_c01.avi,80,80,1,0.9999954700469972,0
3.358939876461634,9.126219830690005,195.0,0.709625322997416,214.9457364341085,190.2696703183729,0.3766149870801034,Skiing/v_Skiing_g05_c02.avi,80,80,1,1.0,0
6.4362659161854925,10.685292794107086,175.20844728494114,0.308220284237726,250.85271317829455,160.4004243636828,0.1611757105943152,Skiing/v_Skiing_g05_c03.avi,80,80,1,1.0,0
2.1665981869567608,4.990398033227916,119.0,0.64906330749354,326.94573643410854,327.59874090106257,0.313953488372093,Skiing/v_Skiing_g05_c04.avi,80,80,1,1.0,0
1.3002810225569246,2.314526410580008,20.024984394500787,0.5939922480620154,479.7519379844961,517.6815942631916,0.1317829457364341,Skiing/v_Skiing_g06_c01.avi,80,32,0,0.3455927670001983,1
2.0277244652134567,4.635936355803899,45.0111097397076,0.5750161498708011,558.6356589147287,731.7329111787205,0.1563307493540051,Skiing/v_Skiing_g06_c02.avi,80,80,1,0.998485505580902,0
0.8075027802461285,1.8946993887003325,40.514850672315205,0.7527454780361758,353.2403100775194,326.5902008715666,0.2248062015503876,Skiing/v_Skiing_g06_c03.avi,80,80,1,0.9925133585929872,0
1.6196250942786712,4.396635516251982,128.56126943990557,0.6233850129198967,336.4341085271318,315.11907051787614,0.2386950904392764,Skiing/v_Skiing_g06_c04.avi,80,79,0,0.6560627818107605,1
0.9196432576529664,2.628949139329972,96.13012014972206,0.7626776485788114,424.86821705426354,375.1866384094816,0.2147932816537467,Skiing/v_Skiing_g06_c05.avi,80,79,0,0.9998960494995116,1
1.5689105693601786,5.551249688641926,242.03305559365236,0.6150678294573644,490.1085271317829,535.0406959861994,0.213501291989664,Skiing/v_Skiing_g06_c06.avi,80,79,0,0.9935654997825624,1
1.3217265729162568,3.349960712160673,86.44145417564422,0.6650516795865633,598.015503875969,595.6839334721385,0.1424418604651162,Skiing/v_Skiing_g06_c07.avi,80,80,1,0.9992250204086304,0
1.6125567725062413,3.472509435651184,96.00008138017384,0.5957687338501292,992.4341085271318,1349.981451752919,0.1695736434108527,Skiing/v_Skiing_g07_c01.avi,80,80,1,1.0,0
3.0351387099321987,8.695991001679836,111.30588483993108,0.680797803617571,662.2635658914729,851.0405989585084,0.1553617571059431,Skiing/v_Skiing_g07_c02.avi,80,80,1,1.0,0
7.72056717987783,13.429973952796258,82.92466460589395,0.3983365633074935,677.7054263565891,1176.689433008345,0.1046511627906976,Skiing/v_Skiing_g07_c03.avi,80,80,1,1.0,0
2.3747073372318157,7.409912349430384,229.63013739489855,0.7046996124031008,664.8062015503876,882.1272920284157,0.1175710594315245,Skiing/v_Skiing_g07_c04.avi,80,80,1,1.0,0
3.543675182000517,11.414741993706262,151.6683264561194,0.7979651162790697,606.2015503875969,1069.105772679154,0.1153100775193798,Skijet/v_Skijet_g01_c01.avi,81,81,1,1.0,0
2.4028894319016048,8.377436450932287,150.00333329629711,0.8300226098191215,1288.3100775193798,1562.7853180662914,0.1776485788113695,Skijet/v_Skijet_g01_c02.avi,81,81,1,1.0,0
1.6109405766708162,12.072583263123397,274.0656855573131,0.8421350129198967,815.4418604651163,1168.308204444907,0.1572997416020672,Skijet/v_Skijet_g01_c03.avi,81,81,1,1.0,0
3.40747840471329,9.12809367785856,157.60061270502726,0.7952196382428941,1499.4728682170542,1670.23618103149,0.1514857881136951,Skijet/v_Skijet_g01_c04.avi,81,81,1,1.0,0
2.2455219034017517,5.15434208419093,43.53034142985786,0.7686531007751938,315.3488372093023,267.8908909899553,0.1611757105943152,Skijet/v_Skijet_g02_c01.avi,81,81,1,1.0,0
1.2231910090625322,2.553110892346932,98.59164518355496,0.6579457364341085,273.92248062015506,222.13235849020327,0.1947674418604651,Skijet/v_Skijet_g02_c02.avi,81,81,1,1.0,0
1.6237759953666622,3.2361658509670543,49.690290802127535,0.6015019379844961,286.4496124031008,210.7759367743519,0.1191860465116279,Skijet/v_Skijet_g02_c03.avi,81,81,1,1.0,0
2.635274984715479,13.26990565937619,262.5509474368737,0.5489341085271318,286.6356589147287,238.74841411006213,0.1866925064599483,Skijet/v_Skijet_g02_c04.avi,81,81,1,1.0,0
4.065887881195105,9.801558472008551,296.52150006365474,0.7018733850129198,261.6434108527132,174.12362170273656,0.1411498708010335,Skijet/v_Skijet_g03_c01.avi,81,81,1,1.0,0
2.4887063505853275,9.60054607609782,254.46610776290032,0.7420865633074936,885.953488372093,1393.6243855749751,0.1427648578811369,Skijet/v_Skijet_g03_c02.avi,81,81,1,1.0,0
3.340260872001638,12.747796022964842,216.33307652783932,0.6535045219638242,815.6279069767442,1336.401503226426,0.1266149870801033,Skijet/v_Skijet_g03_c03.avi,81,81,1,1.0,0
3.1337295750025222,13.274362706287883,246.6576574931336,0.8200096899224806,544.5581395348837,805.5175225765944,0.1237080103359173,Skijet/v_Skijet_g03_c04.avi,81,81,1,1.0,0
2.859085522865726,11.475643554603788,190.5,0.4200581395348837,293.2093023255814,211.69444392304047,0.0956072351421188,Skijet/v_Skijet_g04_c01.avi,81,81,1,1.0,0
4.794240778674429,6.8468674529268645,203.8062805705457,0.3397125322997416,259.28682170542635,164.2629388576331,0.1327519379844961,Skijet/v_Skijet_g04_c02.avi,81,81,1,0.9999486207962036,0
8.641934261204343,16.541993216966667,333.0135132393279,0.457687338501292,243.90697674418604,128.31208573892746,0.1405038759689922,Skijet/v_Skijet_g04_c03.avi,81,81,1,0.9999988079071044,0
1.185208243914379,2.283411169004053,139.51702405083043,0.6115956072351422,262.015503875969,147.20812585509458,0.0927002583979328,Skijet/v_Skijet_g04_c04.avi,81,81,1,0.9999992847442628,0
18.509094156679332,29.339437471294705,213.7501461987804,0.4542958656330749,248.12403100775197,178.69531505907213,0.2063953488372093,Skijet/v_Skijet_g05_c01.avi,81,81,1,1.0,0
4.732964545521415,8.098492476649481,186.21761463406196,0.4847383720930232,228.27906976744185,162.67392489577156,0.2632428940568475,Skijet/v_Skijet_g05_c02.avi,81,81,1,1.0,0
2.818064686736411,7.853842785599119,255.9785147234041,0.4882913436692506,226.85271317829455,154.26560709178943,0.2551679586563307,Skijet/v_Skijet_g05_c03.avi,81,81,1,1.0,0
3.038682759168405,6.018222299656246,88.25,0.5008074935400517,375.13178294573646,693.4607446270347,0.2051033591731266,Skijet/v_Skijet_g05_c04.avi,81,81,1,1.0,0
5.898750887048646,13.994664091571869,322.0,0.5690406976744186,330.3565891472868,383.5758679682429,0.1876614987080103,Skijet/v_Skijet_g06_c01.avi,81,81,1,1.0,0
9.84463484166764,24.30116261884409,297.5023109153944,0.7159237726098191,280.1240310077519,221.00654196890483,0.1676356589147286,Skijet/v_Skijet_g06_c02.avi,81,81,1,0.9999994039535522,0
8.516569304884339,25.40757418629267,336.0,0.7645348837209303,322.72868217054264,452.9433756888756,0.1976744186046511,Skijet/v_Skijet_g06_c03.avi,81,81,1,1.0,0
3.660078215662231,8.534942903135851,113.21660655575224,0.6099806201550387,492.4651162790698,646.2112603237215,0.2606589147286822,Skijet/v_Skijet_g06_c04.avi,81,81,1,1.0,0
0.6777886551519914,3.4023031440798075,154.8923517317753,0.8402777777777778,698.8527131782946,1152.3725919639414,0.1392118863049095,Skijet/v_Skijet_g07_c01.avi,81,81,1,1.0,0
1.5719207729040336,6.046334225124382,164.57521077003062,0.8472222222222222,1003.968992248062,1475.9473947999684,0.1611757105943152,Skijet/v_Skijet_g07_c02.avi,81,81,1,1.0,0
3.506115428356706,11.161598123418004,218.4032966784156,0.7156007751937985,1143.1317829457364,1516.7909790429671,0.1560077519379845,Skijet/v_Skijet_g07_c03.avi,81,81,1,1.0,0
2.6793770749137304,6.522006074674035,61.02663352995969,0.748062015503876,895.5038759689922,1367.9605604498313,0.1149870801033591,Skijet/v_Skijet_g07_c04.avi,81,81,1,1.0,0
4.16520138488112,12.154219793340028,184.26695987072668,0.3583656330749354,313.1782945736434,281.6757839801151,0.2099483204134367,SkyDiving/v_SkyDiving_g01_c01.avi,82,82,1,1.0,0
5.342624938247295,9.307327150305628,270.04629232781554,0.4098029715762274,268.52713178294573,225.34666068287012,0.2241602067183462,SkyDiving/v_SkyDiving_g01_c02.avi,82,82,1,1.0,0
3.7225561574553288,4.662398342655066,48.41551920613885,0.3296996124031007,299.5968992248062,260.0006416026623,0.1954134366925064,SkyDiving/v_SkyDiving_g01_c03.avi,82,82,1,1.0,0
3.4697328718262077,4.562602306837822,45.875,0.3429425064599483,325.2093023255814,276.9502144949803,0.1537467700258397,SkyDiving/v_SkyDiving_g01_c04.avi,82,82,1,1.0,0
5.515461182679312,14.29125366265168,190.0,0.3523901808785529,253.51937984496124,212.69780946580852,0.2558139534883721,SkyDiving/v_SkyDiving_g02_c01.avi,82,82,1,0.9983495473861694,0
5.959929342130785,22.262496618112763,246.2950466412185,0.6351744186046512,258.1085271317829,172.03574715558696,0.1518087855297157,SkyDiving/v_SkyDiving_g02_c02.avi,82,82,1,1.0,0
5.041107142648748,11.796279999176496,292.0,0.2287629198966408,283.7829457364341,357.0575043527001,0.2493540051679586,SkyDiving/v_SkyDiving_g02_c03.avi,82,82,1,1.0,0
2.4875628400968344,8.463352552616302,88.75,0.8293766149870802,494.6976744186047,591.117960717625,0.2180232558139535,SkyDiving/v_SkyDiving_g02_c04.avi,82,82,1,1.0,0
6.276182230486761,26.34783054577847,273.3386178350948,0.5507105943152455,252.71317829457365,186.84849368880236,0.2031653746770025,SkyDiving/v_SkyDiving_g03_c01.avi,82,82,1,1.0,0
3.951204127456204,10.345709288197336,192.0,0.3656330749354005,231.1937984496124,189.2617267221528,0.3010335917312661,SkyDiving/v_SkyDiving_g03_c02.avi,82,82,1,1.0,0
4.572677755939642,15.50238626754874,260.99042128016885,0.3699127906976744,215.0077519379845,125.36238918462746,0.2651808785529715,SkyDiving/v_SkyDiving_g03_c03.avi,82,82,1,1.0,0
6.720153126076642,15.32192877860233,240.37503250129785,0.3802487080103359,247.4418604651163,208.52452895986605,0.2719638242894057,SkyDiving/v_SkyDiving_g03_c04.avi,82,82,1,1.0,0
5.351504750005254,13.97446986275581,148.5442379394098,0.491359819121447,310.015503875969,587.0562745828306,0.3375322997416021,SkyDiving/v_SkyDiving_g03_c05.avi,82,82,1,1.0,0
12.28721942656357,24.614072973557622,320.31546949843056,0.4301518087855297,325.82945736434107,378.07017362723445,0.1802325581395348,SkyDiving/v_SkyDiving_g04_c01.avi,82,82,1,0.9999731779098512,0
9.30140631606034,24.78024668176166,336.0,0.3869509043927648,301.7054263565892,348.6275283686676,0.149547803617571,SkyDiving/v_SkyDiving_g04_c02.avi,82,82,1,1.0,0
2.712426128275069,2.958555498826935,37.65634076752546,0.3091892764857881,286.26356589147287,327.6314226957971,0.1304909560723514,SkyDiving/v_SkyDiving_g04_c03.avi,82,82,1,1.0,0
4.869932011391174,14.662372935941011,244.00204917172317,0.4890180878552971,272.1240310077519,229.8806905834651,0.2209302325581395,SkyDiving/v_SkyDiving_g04_c04.avi,82,82,1,1.0,0
1.689902022735694,3.280137229556079,69.16669176706372,0.5542635658914729,371.0387596899225,350.4330079649031,0.2587209302325581,SkyDiving/v_SkyDiving_g05_c01.avi,82,82,1,1.0,0
2.119573294477667,3.2431382299134435,31.65635797118803,0.5007267441860465,539.5968992248062,596.7963765214605,0.1947674418604651,SkyDiving/v_SkyDiving_g05_c02.avi,82,82,1,1.0,0
6.266507815564156,12.659948716360624,201.51550808808736,0.4634205426356589,402.04651162790697,349.7543292940407,0.1708656330749354,SkyDiving/v_SkyDiving_g05_c03.avi,82,82,1,1.0,0
3.279115284243631,6.382222544600672,75.03759474423471,0.4484011627906977,384.1860465116279,365.7198861890578,0.2806847545219638,SkyDiving/v_SkyDiving_g05_c04.avi,82,82,1,1.0,0
3.19818851247667,6.26109449174376,52.958857852110064,0.4346737726098191,399.7519379844961,368.5334024180096,0.25,SkyDiving/v_SkyDiving_g05_c05.avi,82,82,1,1.0,0
5.173483165386855,14.900762324171469,178.22685684262066,0.5787306201550387,429.1472868217055,609.605223644113,0.1343669250645995,SkyDiving/v_SkyDiving_g06_c01.avi,82,82,1,1.0,0
1.4383574176845726,3.058519613073045,37.0,0.6476905684754521,257.05426356589146,230.0034482410041,0.2826227390180879,SkyDiving/v_SkyDiving_g06_c02.avi,82,82,1,1.0,0
1.9114445071696653,4.618486823973517,131.89389675038038,0.6475290697674418,466.6666666666667,773.867017133253,0.2968346253229974,SkyDiving/v_SkyDiving_g06_c03.avi,82,82,1,1.0,0
10.449732385468767,22.114862530013404,162.96635005423667,0.505733204134367,242.35658914728683,159.04335123752327,0.1950904392764857,SkyDiving/v_SkyDiving_g06_c04.avi,82,82,1,1.0,0
3.5393483877905587,9.316700508166448,144.5065418069369,0.3216246770025839,255.93798449612405,119.58375819418256,0.0778423772609819,SkyDiving/v_SkyDiving_g07_c01.avi,82,82,1,1.0,0
7.178512947323941,13.66150878204261,230.0195643852931,0.2169735142118863,261.6434108527132,150.6604477578593,0.0998062015503876,SkyDiving/v_SkyDiving_g07_c02.avi,82,82,1,1.0,0
5.304602534661039,15.681757986568854,229.8384283034497,0.3595768733850129,248.43410852713177,142.99150757897883,0.1427648578811369,SkyDiving/v_SkyDiving_g07_c03.avi,82,82,1,1.0,0
3.715815845909808,5.290044283581253,73.62510611197786,0.3727390180878553,634.046511627907,1163.7489930250856,0.2635658914728682,SkyDiving/v_SkyDiving_g07_c04.avi,82,82,1,1.0,0
4.469058255963585,6.294920066044906,127.5,0.2466085271317829,284.3410852713178,325.8176713726055,0.1314599483204134,SkyDiving/v_SkyDiving_g07_c05.avi,82,82,1,1.0,0
0.0812175909484273,0.278259685541288,5.25,0.9802164082687338,1544.9922480620155,1623.1071002415815,0.0759043927648578,SoccerJuggling/v_SoccerJuggling_g01_c01.avi,83,47,0,0.6758666634559631,1
0.2443255398891406,0.6580865926110464,12.925870376883717,0.9354812661498708,618.5426356589147,1043.4166819699635,0.1479328165374677,SoccerJuggling/v_SoccerJuggling_g01_c02.avi,83,83,1,0.9911532998085022,0
0.2744595198014836,0.8538666199291478,12.529964086141668,0.931766795865633,965.2713178294574,1420.868605133248,0.1430878552971576,SoccerJuggling/v_SoccerJuggling_g01_c03.avi,83,47,0,0.9996702671051024,1
0.3335251856226546,1.2910870944874882,23.607467039053557,0.9241763565891472,762.9767441860465,1199.7091408816475,0.1450258397932816,SoccerJuggling/v_SoccerJuggling_g01_c04.avi,83,83,1,1.0,0
0.5297392251194541,1.5493892096747457,27.46731011584498,0.868782299741602,849.6124031007752,1186.109739815386,0.1253229974160206,SoccerJuggling/v_SoccerJuggling_g01_c05.avi,83,83,1,0.9999785423278807,0
0.270122707451919,3.038782522445441,104.00480758118827,0.9521156330749354,445.7674418604651,456.9417466922891,0.2067183462532299,SoccerJuggling/v_SoccerJuggling_g02_c01.avi,83,83,1,1.0,0
0.2407352842666942,1.3393355547638692,60.0,0.9486434108527132,548.7131782945736,423.51894594961215,0.2183462532299741,SoccerJuggling/v_SoccerJuggling_g02_c02.avi,83,83,1,1.0,0
0.1533085788678491,0.769908531710378,16.331047884321446,0.96390503875969,398.6356589147287,365.6929694097613,0.2416020671834625,SoccerJuggling/v_SoccerJuggling_g02_c03.avi,83,83,1,1.0,0
0.1485071751611229,0.6607777113736087,13.729530217745982,0.9506621447028424,386.2945736434109,496.1407090219964,0.2231912144702842,SoccerJuggling/v_SoccerJuggling_g02_c04.avi,83,83,1,1.0,0
0.3383665074657556,2.164858798109037,33.0,0.9400839793281652,491.968992248062,398.8244730189328,0.1818475452196382,SoccerJuggling/v_SoccerJuggling_g02_c05.avi,83,83,1,1.0,0
0.4744892787382317,3.428980181254872,96.0,0.9292635658914729,472.062015503876,473.82539799169086,0.2403100775193798,SoccerJuggling/v_SoccerJuggling_g02_c06.avi,83,83,1,1.0,0
0.6611816750416265,2.1585298232486867,83.9144840000819,0.8087855297157622,565.3333333333334,858.3434318665365,0.2506459948320413,SoccerJuggling/v_SoccerJuggling_g03_c01.avi,83,83,1,0.9807643294334412,0
1.7272980485308616,4.42710970977906,86.56256768950422,0.7039728682170543,321.7984496124031,545.1085288404967,0.3691860465116279,SoccerJuggling/v_SoccerJuggling_g03_c02.avi,83,83,1,0.8960407376289368,0
0.7648875826087165,3.219290705246378,92.89720461348662,0.8627260981912145,314.6046511627907,467.1336713994303,0.2968346253229974,SoccerJuggling/v_SoccerJuggling_g03_c03.avi,83,83,1,0.9984115362167358,0
0.6132695339904738,2.684520609459576,86.26268022731499,0.8695090439276486,531.5968992248062,891.5576259000104,0.268733850129199,SoccerJuggling/v_SoccerJuggling_g03_c04.avi,83,91,0,0.9996308088302612,1
0.1203437036150908,0.6591749076378562,16.50426081349904,0.9728682170542636,364.5891472868217,482.3346583783051,0.2122093023255813,SoccerJuggling/v_SoccerJuggling_g04_c01.avi,83,6,0,0.9983391761779784,1
0.3717507339936653,1.5909550068932288,25.04059204571649,0.9258720930232558,497.5503875968992,652.3898221303192,0.296188630490956,SoccerJuggling/v_SoccerJuggling_g04_c02.avi,83,83,1,1.0,0
0.388762747388507,2.3625118074741605,66.73080248281148,0.9228843669250646,378.04651162790697,441.3732246274844,0.2984496124031007,SoccerJuggling/v_SoccerJuggling_g04_c03.avi,83,83,1,1.0,0
0.3411663087662516,1.5719648540482511,30.675723300355934,0.9303940568475452,376.62015503875966,350.42510603923864,0.2425710594315245,SoccerJuggling/v_SoccerJuggling_g04_c04.avi,83,83,1,1.0,0
0.1341405017738937,0.7205677616886637,19.73100352237564,0.9651162790697676,428.5891472868217,665.3165430965005,0.1902454780361757,SoccerJuggling/v_SoccerJuggling_g04_c05.avi,83,83,1,0.996077597141266,0
0.2119692354284462,1.1013204698928496,22.0,0.9526001291989664,930.1705426356588,1174.831144878797,0.1992894056847545,SoccerJuggling/v_SoccerJuggling_g04_c06.avi,83,83,1,0.9962276220321656,0
0.0498317334579144,0.3704536293861,13.400093283257396,0.9897448320413436,318.13953488372096,249.6350435107637,0.1001291989664082,SoccerJuggling/v_SoccerJuggling_g05_c01.avi,83,83,1,1.0,0
0.0567704653673473,0.3667719092291171,9.514791116992532,0.9864341085271318,306.3565891472868,371.8869920549574,0.2235142118863049,SoccerJuggling/v_SoccerJuggling_g05_c02.avi,83,83,1,1.0,0
0.0527716620978877,0.4630804800894672,15.649480822059244,0.9912790697674418,309.3953488372093,379.8779571177408,0.2451550387596899,SoccerJuggling/v_SoccerJuggling_g05_c03.avi,83,83,1,1.0,0
0.1097686572917641,0.707187184077449,25.124689052802225,0.9744024547803618,432.8062015503876,372.0242985629174,0.1837855297157622,SoccerJuggling/v_SoccerJuggling_g05_c04.avi,83,83,1,0.9999810457229614,0
0.0737627965584117,0.4226266952091918,16.0312195418814,0.9843346253229974,437.8914728682171,355.741942012933,0.108204134366925,SoccerJuggling/v_SoccerJuggling_g05_c05.avi,83,83,1,1.0,0
0.0704937381087242,0.4857417717812839,15.757934509319425,0.981750645994832,472.31007751937983,507.402227164014,0.0878552971576227,SoccerJuggling/v_SoccerJuggling_g05_c06.avi,83,83,1,0.9996121525764464,0
0.1166263333444804,0.6379933872531609,21.0,0.9677002583979328,304.86821705426354,456.3662234654061,0.2777777777777778,SoccerJuggling/v_SoccerJuggling_g06_c01.avi,83,83,1,1.0,0
0.3258263453346088,3.475390716829852,102.42070103255492,0.9529231266149872,312.31007751937983,458.3742385994461,0.2609819121447028,SoccerJuggling/v_SoccerJuggling_g06_c02.avi,83,83,1,0.9999998807907104,0
0.1221146670966683,0.5784954696476606,12.022115038544593,0.9741602067183462,274.91472868217056,268.2855135109052,0.3136304909560723,SoccerJuggling/v_SoccerJuggling_g06_c03.avi,83,83,1,1.0,0
0.210626874166128,0.8280114189030163,16.787737340094406,0.9554263565891472,270.13953488372096,236.9470141334565,0.2467700258397933,SoccerJuggling/v_SoccerJuggling_g06_c04.avi,83,83,1,1.0,0
0.1811627380495116,0.5917914721278357,10.0,0.953811369509044,231.93798449612405,222.54342845706796,0.3720930232558139,SoccerJuggling/v_SoccerJuggling_g06_c05.avi,83,83,1,1.0,0
2.242514152849217,2.973925463835944,23.896914026710647,0.4121447028423772,208.6201550387597,131.64429368146077,0.3036175710594315,SoccerJuggling/v_SoccerJuggling_g07_c01.avi,83,83,1,1.0,0
5.0107598287126764,6.964041266833195,199.98499943745784,0.2575904392764858,244.52713178294573,154.85477455296896,0.1786175710594315,SoccerJuggling/v_SoccerJuggling_g07_c02.avi,83,83,1,1.0,0
5.354629571442595,6.317147680892552,98.00510190801292,0.2006621447028423,237.2093023255814,128.80426075206267,0.170219638242894,SoccerJuggling/v_SoccerJuggling_g07_c03.avi,83,83,1,1.0,0
1.3960776813774392,3.226602763222647,121.308813055771,0.6498708010335917,234.04651162790697,184.97290228802305,0.2797157622739018,SoccerJuggling/v_SoccerJuggling_g07_c04.avi,83,83,1,1.0,0
4.217425089017968,4.560144077634325,20.446576730592337,0.3188791989664082,249.05426356589143,161.40585419570047,0.1705426356589147,SoccerJuggling/v_SoccerJuggling_g07_c05.avi,83,83,1,1.0,0
2.8254585912599777,4.217714994806809,81.74350127074322,0.3049095607235142,241.7984496124031,136.8155766464483,0.1618217054263566,SoccerJuggling/v_SoccerJuggling_g07_c06.avi,83,83,1,1.0,0
1.4047217242311087,1.9649780382233093,25.019992006393608,0.5581395348837209,222.75968992248065,148.94672973106282,0.2648578811369509,SoccerJuggling/v_SoccerJuggling_g07_c07.avi,83,83,1,1.0,0
0.2597124257870228,0.5035045011561027,15.033296378372908,0.9651970284237726,219.28682170542635,165.4441611133122,0.3087855297157623,SoccerPenalty/v_SoccerPenalty_g01_c01.avi,84,84,1,1.0,0
0.3390115057105919,0.5044519164192376,8.253787009609589,0.9513081395348836,215.31782945736435,148.69864350872626,0.2984496124031007,SoccerPenalty/v_SoccerPenalty_g01_c02.avi,84,84,1,1.0,0
0.9511505700521082,1.1057712362306589,15.167811312117513,0.6699773901808785,232.8682170542636,180.23031689862623,0.2755167958656331,SoccerPenalty/v_SoccerPenalty_g01_c03.avi,84,84,1,1.0,0
0.1651053712532604,0.3136939195084167,5.0,0.9848998708010336,213.02325581395348,308.2084381058251,0.3737080103359173,SoccerPenalty/v_SoccerPenalty_g01_c04.avi,84,84,1,1.0,0
0.0777198046013345,0.2333122148095112,4.00780488547035,0.9933785529715762,202.72868217054264,156.64069149361111,0.3704780361757105,SoccerPenalty/v_SoccerPenalty_g01_c05.avi,84,84,1,1.0,0
0.2113043847661259,0.5249123745798026,16.048753845704034,0.9748869509043928,206.32558139534885,171.6247557535121,0.3801679586563307,SoccerPenalty/v_SoccerPenalty_g01_c06.avi,84,84,1,1.0,0
1.1283349589798644,1.7889287088326824,10.875718367078104,0.7006621447028424,267.28682170542635,184.1269865898903,0.1375968992248062,SoccerPenalty/v_SoccerPenalty_g02_c01.avi,84,84,1,1.0,0
0.179753066063857,0.5253605881940456,6.427480066091221,0.9554263565891472,273.1782945736434,255.39968523629187,0.2839147286821705,SoccerPenalty/v_SoccerPenalty_g02_c02.avi,84,84,1,1.0,0
0.1281830108089154,0.3530825066271133,7.814249804043892,0.9626937984496124,233.5503875968992,197.0097766920537,0.3068475452196382,SoccerPenalty/v_SoccerPenalty_g02_c03.avi,84,84,1,1.0,0
0.4411954832716382,0.915766978104176,8.671973535476225,0.9085109819121449,273.7984496124031,222.19592513113983,0.1954134366925064,SoccerPenalty/v_SoccerPenalty_g02_c04.avi,84,84,1,1.0,0
0.1351048288413715,0.3130080269518275,4.190763653560053,0.9693959948320412,280.62015503875966,270.212296491425,0.2968346253229974,SoccerPenalty/v_SoccerPenalty_g02_c05.avi,84,84,1,1.0,0
0.0928163613719413,0.2932931000525198,5.25,0.9841731266149872,285.7674418604651,290.0512254043624,0.3372093023255814,SoccerPenalty/v_SoccerPenalty_g03_c01.avi,84,84,1,1.0,0
0.2377662981448221,0.731020492241036,10.5,0.966327519379845,328.1240310077519,303.5810814072612,0.2277131782945736,SoccerPenalty/v_SoccerPenalty_g03_c02.avi,84,84,1,1.0,0
0.0562661045545355,0.2090612399775372,5.5,0.9899870801033592,308.52713178294573,320.76705734507686,0.354328165374677,SoccerPenalty/v_SoccerPenalty_g03_c03.avi,84,84,1,1.0,0
0.8998509873312074,1.8293215310345377,24.005207768315607,0.7737403100775194,342.94573643410854,297.69950798660284,0.1595607235142118,SoccerPenalty/v_SoccerPenalty_g03_c04.avi,84,84,1,1.0,0
0.5840557909308152,1.5124721003434278,16.0,0.8598191214470284,312.6821705426357,311.2509888405231,0.3068475452196382,SoccerPenalty/v_SoccerPenalty_g03_c05.avi,84,84,1,1.0,0
0.6654804569573247,1.514630679774427,17.0004595526121,0.846172480620155,282.72868217054264,249.5226994672551,0.230297157622739,SoccerPenalty/v_SoccerPenalty_g04_c01.avi,84,84,1,1.0,0
0.4192199754041403,0.9195412114021776,10.75,0.882671188630491,249.7984496124031,233.9522040846076,0.3229974160206718,SoccerPenalty/v_SoccerPenalty_g04_c02.avi,84,84,1,1.0,0
0.3517105234445175,0.7426835110955163,8.25,0.9143249354005168,272.9922480620155,260.5582705327318,0.2990956072351421,SoccerPenalty/v_SoccerPenalty_g04_c03.avi,84,84,1,1.0,0
0.8272939842379532,1.4471168661188731,10.51189802081432,0.7786660206718347,291.1007751937984,254.75337960074975,0.212532299741602,SoccerPenalty/v_SoccerPenalty_g04_c04.avi,84,84,1,1.0,0
0.0993135177668414,0.3201456586363226,5.0,0.9857073643410852,238.8217054263566,232.30367887486616,0.3659560723514212,SoccerPenalty/v_SoccerPenalty_g04_c05.avi,84,84,1,1.0,0
0.2572994142538501,0.5430776709724524,15.751984002023365,0.958171834625323,221.5813953488372,200.47968435707764,0.3678940568475452,SoccerPenalty/v_SoccerPenalty_g05_c01.avi,84,28,0,0.8583052754402161,1
0.3677851312823273,0.6111323793014396,13.038404810405298,0.9511466408268734,235.34883720930236,321.80297913843003,0.3194444444444444,SoccerPenalty/v_SoccerPenalty_g05_c02.avi,84,28,0,0.9988151788711548,1
0.1776710441707585,0.4468855784045971,12.041594578792296,0.9534883720930232,233.3023255813953,325.21760406624924,0.3404392764857881,SoccerPenalty/v_SoccerPenalty_g05_c03.avi,84,28,0,0.9879027009010316,1
0.2188377553958482,0.5437271722090491,15.512595688665389,0.958171834625323,220.71317829457365,194.722589150713,0.3594961240310077,SoccerPenalty/v_SoccerPenalty_g05_c04.avi,84,28,0,0.999222993850708,1
0.2895144482536526,0.5064080058222916,8.533024082938006,0.9132751937984496,492.7751937984496,987.3537198323726,0.3068475452196382,SoccerPenalty/v_SoccerPenalty_g05_c05.avi,84,28,0,0.9987898468971252,1
1.1782926781671264,1.5285414206593848,32.0,0.6212855297157622,315.16279069767444,515.8925852788547,0.2241602067183462,SoccerPenalty/v_SoccerPenalty_g05_c06.avi,84,28,0,0.9977086782455444,1
0.209025506973258,0.4502766453138153,12.198872898755852,0.9593830749354004,445.4573643410853,800.7472383062391,0.2380490956072351,SoccerPenalty/v_SoccerPenalty_g05_c07.avi,84,28,0,0.8204030990600586,1
0.6436772340082838,0.9628042362263548,10.51189802081432,0.8086240310077519,300.71317829457365,245.7262355744465,0.1521317829457364,SoccerPenalty/v_SoccerPenalty_g06_c01.avi,84,84,1,1.0,0
1.5101222663649063,2.316458458031688,23.0,0.6078003875968992,385.1782945736434,321.03182603493394,0.1114341085271317,SoccerPenalty/v_SoccerPenalty_g06_c02.avi,84,84,1,1.0,0
1.687737369294524,3.0230472135515405,75.0,0.5905200258397932,319.8759689922481,254.21077160351572,0.1065891472868217,SoccerPenalty/v_SoccerPenalty_g06_c03.avi,84,84,1,1.0,0
2.0931585440580096,3.350837058506014,41.23105625617661,0.4983850129198966,369.984496124031,299.84600658772587,0.0833333333333333,SoccerPenalty/v_SoccerPenalty_g06_c04.avi,84,84,1,1.0,0
1.777430287300071,2.0479663951747678,10.25,0.5147771317829457,360.5581395348837,290.2618947606231,0.0807493540051679,SoccerPenalty/v_SoccerPenalty_g06_c05.avi,84,84,1,1.0,0
1.5976560313299657,1.9860755585019636,22.0,0.556766795865633,411.90697674418607,334.99016396205576,0.0910852713178294,SoccerPenalty/v_SoccerPenalty_g06_c06.avi,84,84,1,1.0,0
1.4961589465362506,2.4438138982732163,20.787616505987405,0.6367894056847545,340.5891472868217,276.8070890229898,0.1020671834625323,SoccerPenalty/v_SoccerPenalty_g06_c07.avi,84,84,1,1.0,0
1.5611027224730851,3.0959806572346507,25.39008172495709,0.6902454780361758,341.14728682170545,269.4624882430912,0.0784883720930232,SoccerPenalty/v_SoccerPenalty_g07_c01.avi,84,84,1,1.0,0
0.0674627910681114,0.2069046390344781,4.743416490252569,0.9916828165374676,336.86821705426354,321.98029165563923,0.2609819121447028,SoccerPenalty/v_SoccerPenalty_g07_c02.avi,84,84,1,1.0,0
1.986746259887073,4.510577392329815,73.0,0.6010174418604651,354.2325581395349,289.2290343115725,0.0968992248062015,SoccerPenalty/v_SoccerPenalty_g07_c03.avi,84,84,1,1.0,0
2.787929591886945,5.975883419435462,101.0,0.4416182170542636,344.9922480620155,285.79779527643086,0.1153100775193798,SoccerPenalty/v_SoccerPenalty_g07_c04.avi,84,84,1,1.0,0
1.9775293599431616,3.917349631478693,60.5,0.5710594315245479,356.031007751938,286.77019776354206,0.083656330749354,SoccerPenalty/v_SoccerPenalty_g07_c05.avi,84,84,1,1.0,0
0.566384460050691,1.1629374781157027,12.837932076467768,0.868782299741602,332.52713178294573,289.40543373927835,0.167312661498708,SoccerPenalty/v_SoccerPenalty_g07_c06.avi,84,84,1,1.0,0
0.5905793312329636,1.959273498792718,112.36102527122117,0.8154877260981912,304.4341085271318,324.4707997985022,0.3821059431524548,StillRings/v_StillRings_g01_c01.avi,85,85,1,1.0,0
0.339640013076697,0.6374300205568093,12.85496013218244,0.8837209302325582,337.6744186046512,351.9452732913227,0.3678940568475452,StillRings/v_StillRings_g01_c02.avi,85,85,1,1.0,0
1.0262587829279806,1.70805315113931,24.026027553467927,0.7090600775193798,400.6821705426357,350.6945928212302,0.1779715762273901,StillRings/v_StillRings_g01_c03.avi,85,85,1,1.0,0
0.3797381911577274,1.2542455929183878,30.875,0.9001130490956072,388.8372093023256,420.5834778867113,0.171188630490956,StillRings/v_StillRings_g01_c04.avi,85,85,1,1.0,0
0.7766194716707467,2.421607978953559,101.82828683622247,0.716812015503876,230.57364341085272,297.15083151435283,0.588501291989664,StillRings/v_StillRings_g01_c05.avi,85,85,1,1.0,0
1.6206754977649258,1.770622971860452,15.5,0.5653262273901809,393.6124031007752,312.2898750323383,0.0584625322997416,StillRings/v_StillRings_g02_c01.avi,85,85,1,1.0,0
0.6346961199792319,0.8787075858847008,17.46424919657298,0.7726905684754521,299.7829457364341,254.34362891493308,0.1789405684754522,StillRings/v_StillRings_g02_c02.avi,85,85,1,0.9741598963737488,0
0.5934129517501932,1.8213684366571925,19.96246477767713,0.8364018087855297,316.9612403100775,321.94554893985185,0.3284883720930232,StillRings/v_StillRings_g02_c03.avi,85,85,1,1.0,0
0.2438025100131147,0.402282525107236,4.5,0.9731104651162792,233.67441860465115,206.9854192067569,0.3281653746770026,StillRings/v_StillRings_g02_c04.avi,85,85,1,1.0,0
0.1158016995895944,0.3339904065915049,4.5069390943299865,0.976421188630491,685.7674418604652,1073.3574544328087,0.1698966408268734,StillRings/v_StillRings_g03_c01.avi,85,85,1,1.0,0
0.0970155228684288,0.3114044617648589,8.06225774829855,0.9824773901808784,522.7286821705426,880.8553960283247,0.1766795865633074,StillRings/v_StillRings_g03_c02.avi,85,85,1,0.9999995231628418,0
0.1377916066596703,0.3551640625522114,8.06225774829855,0.97359496124031,213.7674418604651,200.9453052055549,0.4047157622739018,StillRings/v_StillRings_g03_c03.avi,85,85,1,1.0,0
0.0839564949788456,0.227789906943633,2.404423007708918,0.988937338501292,500.5271317829457,851.3756681592644,0.2613049095607235,StillRings/v_StillRings_g03_c04.avi,85,85,1,1.0,0
0.183232371045093,0.3380353113439559,4.00780488547035,0.9709302325581396,207.06976744186048,172.80576478175252,0.378875968992248,StillRings/v_StillRings_g03_c05.avi,85,85,1,1.0,0
0.1899734890034821,0.3497519510149496,7.071067811865476,0.9628552971576227,219.4108527131783,187.65834088969888,0.3507751937984496,StillRings/v_StillRings_g03_c06.avi,85,85,1,1.0,0
0.3365155565563065,0.5370765776289159,8.00390529679106,0.9152131782945736,258.7906976744186,234.9064690803391,0.2877906976744186,StillRings/v_StillRings_g03_c07.avi,85,85,1,1.0,0
0.6721833243257018,0.6925612857635779,6.254998001598402,0.7043766149870802,265.4263565891473,213.2863117459684,0.2080103359173126,StillRings/v_StillRings_g04_c01.avi,85,85,1,1.0,0
0.1506347267759016,0.500681867005064,12.75245074485685,0.9689922480620154,179.5968992248062,188.42396197869724,0.5426356589147286,StillRings/v_StillRings_g04_c02.avi,85,85,1,0.9999994039535522,0
0.1104948219042572,0.2582867253547715,3.0,0.9831233850129198,227.90697674418604,191.71197072370543,0.3207364341085271,StillRings/v_StillRings_g04_c03.avi,85,85,1,0.9999998807907104,0
0.2292435610488664,0.3655684061152933,9.055385138137416,0.9457364341085271,303.93798449612405,447.4415080553228,0.2374031007751938,StillRings/v_StillRings_g04_c04.avi,85,85,1,1.0,0
0.0833175040471575,0.4021641751625942,8.776744840770979,0.9819928940568476,271.13178294573646,249.2307352182737,0.2751937984496124,StillRings/v_StillRings_g05_c01.avi,85,85,1,1.0,0
0.503555011903167,0.7934332389601623,16.194134740701646,0.8373708010335917,387.84496124031006,351.45991092333526,0.2151162790697674,StillRings/v_StillRings_g05_c02.avi,85,85,1,1.0,0
0.2344095443647544,0.4619386492863598,7.0,0.9358042635658916,275.5968992248062,366.0249815547678,0.3165374677002584,StillRings/v_StillRings_g05_c03.avi,85,85,1,1.0,0
0.2177829690551901,0.4447727157950827,8.647615278213989,0.9633397932816538,212.96124031007756,175.89621689462646,0.357235142118863,StillRings/v_StillRings_g05_c04.avi,85,85,1,1.0,0
0.9081808893049778,5.6136948595678655,206.5,0.774547803617571,290.4186046511628,257.42646116839063,0.2225452196382429,StillRings/v_StillRings_g06_c01.avi,85,85,1,1.0,0
2.8036074336113077,8.342846020991244,223.2353018677825,0.5294735142118863,305.86046511627904,305.284128533842,0.3113695090439276,StillRings/v_StillRings_g06_c02.avi,85,85,1,1.0,0
0.672392002519529,0.8468119238089487,10.198039027185567,0.7571059431524548,372.031007751938,351.86977722417515,0.2613049095607235,StillRings/v_StillRings_g06_c03.avi,85,85,1,1.0,0
1.3832424944087658,2.660112934489687,73.59390260069104,0.5801841085271318,300.031007751938,370.1563034192447,0.2396640826873385,StillRings/v_StillRings_g06_c04.avi,85,85,1,1.0,0
0.3593242982537531,0.5649110116279191,10.253048327204938,0.8733850129198967,366.9457364341085,357.89133316942866,0.2994186046511627,StillRings/v_StillRings_g07_c01.avi,85,85,1,1.0,0
0.6887896876220967,1.0698236575923703,12.905909499140307,0.7866602067183462,389.4573643410853,349.3884581577195,0.2028423772609819,StillRings/v_StillRings_g07_c02.avi,85,85,1,1.0,0
0.6985755444323665,1.6089391440934262,43.46262762420146,0.8607073643410853,249.73643410852716,219.80673397433188,0.2884366925064599,StillRings/v_StillRings_g07_c03.avi,85,85,1,1.0,0
0.900155036931507,3.3028299078151764,106.77546534667972,0.7844799741602068,311.2558139534884,459.5012510053702,0.2703488372093023,StillRings/v_StillRings_g07_c04.avi,85,85,1,1.0,0
1.222194944801187,4.954492174431393,320.5035101211841,0.6930717054263565,245.45736434108528,215.51132662375505,0.2965116279069767,SumoWrestling/v_SumoWrestling_g01_c01.avi,86,86,1,1.0,0
0.6674838167040807,1.0854084673752598,29.07022746729031,0.7974806201550387,287.8759689922481,257.7767499860361,0.233204134366925,SumoWrestling/v_SumoWrestling_g01_c02.avi,86,86,1,1.0,0
2.747994983033869,5.647039753936496,186.6176321385522,0.365390826873385,250.72868217054264,183.9770693471068,0.2057493540051679,SumoWrestling/v_SumoWrestling_g01_c03.avi,86,86,1,1.0,0
1.622080106704884,3.024987227322124,137.64083696345355,0.6257267441860465,257.86046511627904,212.42405826557456,0.2370801033591731,SumoWrestling/v_SumoWrestling_g01_c04.avi,86,86,1,1.0,0
0.7182316191668885,1.135986802585098,56.0357029044876,0.7160852713178295,275.5968992248062,211.9200346254608,0.1640826873385013,SumoWrestling/v_SumoWrestling_g02_c01.avi,86,86,1,1.0,0
0.9613121160394008,1.5640132718188031,18.721645226849056,0.7330426356589147,277.3333333333333,204.0783150075744,0.1395348837209302,SumoWrestling/v_SumoWrestling_g02_c02.avi,86,86,1,1.0,0
0.0668712966663478,0.406816065709994,15.90990257669732,0.9851421188630493,286.13953488372096,283.66157213616447,0.315891472868217,SumoWrestling/v_SumoWrestling_g02_c03.avi,86,86,1,1.0,0
2.369527662615975,8.261487404782661,175.62050705996722,0.6124031007751938,217.24031007751935,151.93943995506018,0.2948966408268734,SumoWrestling/v_SumoWrestling_g02_c04.avi,86,86,1,1.0,0
1.324892665614716,1.6678798077417192,20.858526434050894,0.5844638242894057,404.9612403100775,745.6470516467355,0.2009043927648579,SumoWrestling/v_SumoWrestling_g03_c01.avi,86,86,1,1.0,0
0.2555975796970123,0.3245553271173723,5.0990195135927845,0.9608365633074936,216.12403100775197,165.82717293307445,0.3239664082687338,SumoWrestling/v_SumoWrestling_g03_c02.avi,86,86,1,1.0,0
0.9875631581887322,1.6014026941569552,18.0,0.7529877260981912,549.3333333333334,1076.0471253716871,0.2344961240310077,SumoWrestling/v_SumoWrestling_g03_c03.avi,86,86,1,1.0,0
0.4635668442251622,0.5902344321743203,17.5,0.8902616279069767,636.5891472868217,1189.838641997622,0.2658268733850129,SumoWrestling/v_SumoWrestling_g03_c04.avi,86,86,1,1.0,0
0.7508578965335482,1.0500447322488462,20.86039908534829,0.7764050387596899,284.15503875968994,229.3948374895542,0.1724806201550387,SumoWrestling/v_SumoWrestling_g04_c01.avi,86,86,1,1.0,0
0.4176770760223153,1.1670525968227483,29.017236257093817,0.9006782945736435,229.7054263565892,176.824548573739,0.2829457364341085,SumoWrestling/v_SumoWrestling_g04_c02.avi,86,86,1,0.9999958276748656,0
0.8103217315255503,4.463001198832951,253.86019774671252,0.8316375968992248,364.5891472868217,348.4760535276687,0.2703488372093023,SumoWrestling/v_SumoWrestling_g04_c03.avi,86,86,1,0.9999998807907104,0
0.5405137596181298,1.0172364477992832,22.84731931759173,0.8426195090439277,373.3333333333333,364.7219464074166,0.3074935400516795,SumoWrestling/v_SumoWrestling_g04_c04.avi,86,86,1,1.0,0
0.9466072260799866,1.281245665117094,16.0312195418814,0.7697835917312662,395.968992248062,316.5889893628743,0.066860465116279,SumoWrestling/v_SumoWrestling_g05_c01.avi,86,86,1,0.999992609024048,0
0.9127250628350168,1.1577859768819736,31.0,0.6657784237726099,332.031007751938,264.7911547383458,0.0949612403100775,SumoWrestling/v_SumoWrestling_g05_c02.avi,86,86,1,1.0,0
1.7464272858209908,1.2436783225502488,16.0,0.2305394056847545,287.2558139534884,215.32583130917817,0.1266149870801033,SumoWrestling/v_SumoWrestling_g05_c03.avi,86,86,1,1.0,0
0.8049111861812284,0.7595884755951533,17.0,0.6688468992248062,349.27131782945736,277.8870372226868,0.0775193798449612,SumoWrestling/v_SumoWrestling_g05_c04.avi,86,86,1,1.0,0
2.087364367999146,2.7334029585374195,19.794254216817567,0.4471091731266149,298.4806201550388,220.5027061577051,0.0965762273901808,SumoWrestling/v_SumoWrestling_g06_c01.avi,86,86,1,1.0,0
0.6356056793886533,1.088854627050627,41.97618372363071,0.8143572351421189,260.4651162790698,240.2188293877654,0.2945736434108527,SumoWrestling/v_SumoWrestling_g06_c02.avi,86,86,1,1.0,0
0.5582212725771657,0.707905358925675,11.31370849898476,0.7848837209302325,258.4186046511628,235.56860774770595,0.2910206718346253,SumoWrestling/v_SumoWrestling_g06_c03.avi,86,86,1,1.0,0
2.090875616792411,2.5143316187251004,23.53720459187964,0.4136789405684754,306.9767441860465,227.8409776292976,0.0833333333333333,SumoWrestling/v_SumoWrestling_g06_c04.avi,86,86,1,1.0,0
3.386216575068527,5.638387325331184,89.02246907382428,0.2989341085271317,280.6821705426357,203.87570253762763,0.125968992248062,SumoWrestling/v_SumoWrestling_g06_c05.avi,86,86,1,1.0,0
1.3520248634854688,1.8321357664640368,17.89727632909544,0.5761466408268734,307.2248062015504,251.0599310862956,0.1427648578811369,SumoWrestling/v_SumoWrestling_g06_c06.avi,86,86,1,1.0,0
0.6060932165072193,0.7243281544571726,17.50178562318714,0.7896479328165374,279.13178294573646,249.3571076375792,0.2438630490956072,SumoWrestling/v_SumoWrestling_g06_c07.avi,86,86,1,1.0,0
0.3642708207656859,1.6801212951863218,49.72926703662542,0.9420219638242894,381.0232558139535,366.9916346788894,0.2945736434108527,SumoWrestling/v_SumoWrestling_g07_c01.avi,86,86,1,1.0,0
0.260598071124514,1.0423811080464285,19.69295559330798,0.9356427648578812,416.7441860465116,384.8355790871138,0.2739018087855297,SumoWrestling/v_SumoWrestling_g07_c02.avi,86,86,1,1.0,0
0.057490529973505,0.2574893825302711,13.52081728298996,0.992328811369509,412.8992248062016,456.24996285375215,0.2784237726098191,SumoWrestling/v_SumoWrestling_g07_c03.avi,86,86,1,1.0,0
0.6112520054889513,5.013894389989732,166.75,0.930717054263566,378.1705426356589,372.5499003885929,0.3249354005167958,SumoWrestling/v_SumoWrestling_g07_c04.avi,86,86,1,1.0,0
0.3588878562989023,1.908423969293016,145.33065746772084,0.9325742894056848,384.31007751937983,370.1747711774441,0.2981266149870801,SumoWrestling/v_SumoWrestling_g07_c05.avi,86,86,1,1.0,0
0.5221181547764197,1.5260848420433135,21.914607000811127,0.8864664082687338,385.9224806201551,361.3696943661015,0.2587209302325581,SumoWrestling/v_SumoWrestling_g07_c06.avi,86,86,1,1.0,0
2.6957706940291373,5.574230971605561,92.35799911215054,0.5566052971576227,362.4806201550388,348.6824614556161,0.2774547803617571,SumoWrestling/v_SumoWrestling_g07_c07.avi,86,86,1,1.0,0
3.363415003724968,10.719338009803527,257.0,0.5078326873385013,264.5581395348837,191.37413768135667,0.1634366925064599,Surfing/v_Surfing_g01_c01.avi,87,87,1,1.0,0
2.7635532323205148,9.41526992495506,186.01075237738277,0.802890826873385,404.3410852713178,580.6932037135722,0.3385012919896641,Surfing/v_Surfing_g01_c02.avi,87,87,1,1.0,0
5.683599030109516,17.692102019468003,246.0,0.7338501291989664,568.3100775193799,931.1150088286008,0.29328165374677,Surfing/v_Surfing_g01_c03.avi,87,87,1,1.0,0
2.5271457331885325,15.625320881511126,300.00166666203705,0.6666666666666666,357.08527131782944,313.07536876485824,0.1660206718346253,Surfing/v_Surfing_g01_c04.avi,87,87,1,1.0,0
2.8013306120871837,7.343150105209781,148.0,0.5935077519379846,367.13178294573646,301.03365543244945,0.0956072351421188,Surfing/v_Surfing_g01_c05.avi,87,87,1,1.0,0
2.746414653133424,7.815133353103728,200.02249873451737,0.5300387596899225,268.4031007751938,185.40872592545347,0.1356589147286821,Surfing/v_Surfing_g01_c06.avi,87,87,1,1.0,0
1.9841005362361304,8.77410348798422,168.1903683330291,0.6847545219638242,324.3410852713178,295.34309298774264,0.2138242894056847,Surfing/v_Surfing_g01_c07.avi,87,87,1,1.0,0
1.2372033695094695,4.001812659611016,143.0,0.6919412144702842,337.1162790697674,312.0767056351822,0.2260981912144702,Surfing/v_Surfing_g02_c01.avi,87,87,1,1.0,0
11.135406233747808,18.531081697251206,232.0021551624036,0.4753714470284237,269.14728682170545,228.1993926431799,0.2286821705426356,Surfing/v_Surfing_g02_c02.avi,87,87,1,1.0,0
5.084693874936347,14.031347496168932,338.0468024179492,0.6359011627906976,283.84496124031006,290.8772737188036,0.3472222222222222,Surfing/v_Surfing_g02_c03.avi,87,87,1,1.0,0
2.958446979029967,8.363700579065314,311.01446911679204,0.5178456072351422,310.2015503875969,256.3548709163872,0.146640826873385,Surfing/v_Surfing_g02_c04.avi,87,87,1,1.0,0
2.4619483025743585,4.667968529854594,199.1607391028664,0.5397286821705426,345.86046511627904,306.5612410000726,0.1792635658914728,Surfing/v_Surfing_g02_c05.avi,87,87,1,1.0,0
3.9725355649310417,8.774895613329443,127.0157470552372,0.5721899224806202,287.13178294573646,215.95116372429064,0.1285529715762274,Surfing/v_Surfing_g02_c06.avi,87,87,1,1.0,0
3.5095953297164364,10.78007835864226,131.3202193114221,0.5894702842377261,449.4263565891473,466.52501906527726,0.2470930232558139,Surfing/v_Surfing_g03_c01.avi,87,87,1,1.0,0
1.0037346305975217,2.879444797745061,94.36630754670864,0.7512919896640827,398.6976744186047,423.0227623148099,0.1560077519379845,Surfing/v_Surfing_g03_c02.avi,87,87,1,1.0,0
1.3322212018796862,4.704387987676362,162.077142126828,0.6609334625322998,404.71317829457365,432.9792087995556,0.1866925064599483,Surfing/v_Surfing_g03_c03.avi,87,87,1,1.0,0
1.7673480947776663,9.52682242287034,143.0,0.6885497416020672,502.13953488372096,588.2605648502398,0.1883074935400517,Surfing/v_Surfing_g03_c04.avi,87,87,1,1.0,0
3.28929932107729,9.784531915486394,159.9656213065795,0.7719638242894057,481.9224806201551,397.20483873340015,0.1915374677002584,Surfing/v_Surfing_g04_c01.avi,87,87,1,1.0,0
1.3797824589651808,4.460509370171101,66.6606377482244,0.7437015503875969,421.08527131782944,351.03735597075973,0.1285529715762274,Surfing/v_Surfing_g04_c02.avi,87,87,1,1.0,0
1.2255433077259106,9.71882610175012,303.00165016052307,0.7815729974160207,367.7519379844961,339.3088285042041,0.2267441860465116,Surfing/v_Surfing_g04_c03.avi,87,87,1,1.0,0
2.065923753058909,7.248554997127737,132.17773309071387,0.6921027131782945,454.26356589147287,452.0442716773178,0.1650516795865633,Surfing/v_Surfing_g04_c04.avi,87,87,1,1.0,0
3.2038724967613668,6.8110192818203625,136.08292508614002,0.6149870801033591,336.0,291.4215359713605,0.1621447028423772,Surfing/v_Surfing_g05_c01.avi,87,87,1,1.0,0
2.099051470852508,7.498820597350542,191.0026177831079,0.7016311369509044,771.5348837209302,1198.055854365094,0.1353359173126615,Surfing/v_Surfing_g05_c02.avi,87,87,1,1.0,0
1.4912144823152265,3.612707413039349,119.5198728245642,0.5484496124031008,318.2015503875969,290.18420719626255,0.2186692506459948,Surfing/v_Surfing_g05_c03.avi,87,87,1,1.0,0
3.150371539696071,6.577427550216412,128.50024319043135,0.6149870801033591,373.8914728682171,407.5821169044482,0.1547157622739018,Surfing/v_Surfing_g05_c04.avi,87,87,1,1.0,0
3.887952712937468,7.190270788533868,153.26447729333762,0.5583010335917312,337.73643410852713,290.3657548993892,0.1531007751937984,Surfing/v_Surfing_g06_c01.avi,87,87,1,1.0,0
4.227150050701364,13.023307270409394,191.09421759959145,0.5276162790697675,278.2015503875969,245.47196685003405,0.2370801033591731,Surfing/v_Surfing_g06_c02.avi,87,87,1,1.0,0
2.257180505974154,6.916203151048999,179.7536943292126,0.6598837209302325,444.27906976744185,518.5951652068103,0.2054263565891473,Surfing/v_Surfing_g06_c03.avi,87,87,1,1.0,0
3.482612449050017,6.732178818905169,193.5071058126807,0.571624677002584,471.68992248062017,626.7927194489877,0.1621447028423772,Surfing/v_Surfing_g06_c04.avi,87,87,1,1.0,0
2.720457324369263,6.242354390709646,92.21984602025748,0.5363372093023255,277.7054263565892,236.32366463534427,0.2151162790697674,Surfing/v_Surfing_g07_c01.avi,87,87,1,1.0,0
3.090198954653753,13.532813918279794,317.90731746847223,0.7818152454780362,289.984496124031,291.0638594918055,0.3242894056847545,Surfing/v_Surfing_g07_c02.avi,87,87,1,1.0,0
2.0367814232392387,6.362193455617291,126.68668290313704,0.6925064599483204,348.6511627906977,307.96065013818185,0.1750645994832041,Surfing/v_Surfing_g07_c03.avi,87,87,1,1.0,0
2.124289107859104,5.62989197925261,98.00510190801292,0.7297319121447028,366.015503875969,473.2486765297386,0.1608527131782945,Surfing/v_Surfing_g07_c04.avi,87,87,1,0.9999887943267822,0
7.093454614321348,8.763607613429903,79.37588582182879,0.0996447028423772,309.3333333333333,237.5969270457892,0.0994832041343669,Swing/v_Swing_g01_c01.avi,88,97,0,0.9994016885757446,1
3.9510429841566177,5.850489937464546,157.70859202973057,0.1363049095607235,269.82945736434107,179.99483730886584,0.1191860465116279,Swing/v_Swing_g01_c02.avi,88,88,1,0.6642935872077942,0
7.436708169528029,7.788767477194795,42.04759208325728,0.0859980620155038,326.07751937984494,252.099697652808,0.0794573643410852,Swing/v_Swing_g01_c03.avi,88,97,0,0.7167829275131226,1
4.544914961058771,5.459474693835404,38.11823710509184,0.1108688630490956,322.1085271317829,252.7929336267711,0.0949612403100775,Swing/v_Swing_g01_c04.avi,88,88,1,0.9875090718269348,0
8.653030061000571,11.275817240087903,261.1982006063595,0.1614179586563307,305.05426356589146,251.84787798314423,0.1527777777777778,Swing/v_Swing_g01_c05.avi,88,97,0,0.5788542628288269,1
3.891559585740463,9.138204441963698,184.6770830395585,0.6066698966408268,1311.0077519379845,1720.2441529260727,0.1679586563307493,Swing/v_Swing_g02_c01.avi,88,88,1,0.999997854232788,0
5.032568408993877,10.575514542718215,223.95493408273012,0.6410691214470284,1352.4961240310076,1758.8978231581723,0.2167312661498708,Swing/v_Swing_g02_c02.avi,88,88,1,1.0,0
4.620640943732239,7.248785839733641,130.86252328302402,0.5596737726098191,1182.015503875969,1657.2133609739683,0.148578811369509,Swing/v_Swing_g02_c03.avi,88,88,1,1.0,0
1.5664164737406825,4.8820093519964205,244.8121728999602,0.6847545219638242,1128.2480620155038,1620.4765498280915,0.187015503875969,Swing/v_Swing_g02_c04.avi,88,88,1,1.0,0
3.683606390954625,8.387054471874462,325.613267542955,0.4764211886304909,785.2403100775193,1300.772702827673,0.2254521963824289,Swing/v_Swing_g02_c05.avi,88,88,1,1.0,0
1.8992360656639269,4.481834542478634,204.12438762921005,0.5838985788113695,590.2635658914729,1041.1942868341728,0.1337209302325581,Swing/v_Swing_g03_c01.avi,88,83,0,0.8530084490776062,1
1.2512076914830077,3.4465499769086936,51.077912300719575,0.6770025839793282,869.7054263565891,1302.8317185537735,0.0956072351421188,Swing/v_Swing_g03_c02.avi,88,32,0,0.9848318696022034,1
1.2858974266104688,2.4069305237091227,59.608750406295215,0.6329134366925064,773.7674418604652,1223.770552236555,0.145671834625323,Swing/v_Swing_g03_c03.avi,88,32,0,0.8967878222465515,1
1.2885488980281328,1.7195011314026538,6.920305267833204,0.5998869509043928,994.9147286821706,1392.754473601343,0.1540697674418604,Swing/v_Swing_g03_c04.avi,88,32,0,0.9902215003967284,1
5.6596276543542325,7.973734702077442,73.60027173862879,0.1739341085271318,284.52713178294573,191.2435874192456,0.0839793281653746,Swing/v_Swing_g04_c01.avi,88,88,1,0.9996638298034668,0
3.022367692096634,5.789471736863589,294.11052344314373,0.1932332041343669,304.8062015503876,230.2631483345101,0.0972222222222222,Swing/v_Swing_g04_c02.avi,88,88,1,0.940388023853302,0
2.3815940891550103,4.672989563590635,191.04188022525324,0.4423449612403101,344.3720930232558,284.52923365200286,0.1133720930232558,Swing/v_Swing_g04_c03.avi,88,88,1,1.0,0
1.5206701887836471,2.8033186792212783,178.02527910383964,0.5520833333333334,272.3720930232558,183.67983055151487,0.1162790697674418,Swing/v_Swing_g04_c04.avi,88,88,1,1.0,0
2.4876406257356187,3.1967025618972955,28.53178052628332,0.4622900516795866,262.5736434108527,167.28960059764893,0.1246770025839793,Swing/v_Swing_g04_c05.avi,88,67,0,0.5218462347984314,1
1.7289948633443175,2.941869647099129,99.14131328563283,0.5710594315245479,263.1937984496124,155.84001324750534,0.1020671834625323,Swing/v_Swing_g04_c06.avi,88,88,1,1.0,0
1.0432981243683477,2.3938015450150067,156.01281998605114,0.6686046511627907,245.45736434108528,182.61286231951507,0.2254521963824289,Swing/v_Swing_g04_c07.avi,88,88,1,1.0,0
1.370178459760844,2.5693517103419525,48.25971404805462,0.6493863049095607,835.3488372093024,1359.350030793974,0.171188630490956,Swing/v_Swing_g05_c01.avi,88,88,1,1.0,0
3.7350595666062096,7.823985646339485,95.1892851112981,0.6770833333333334,605.8914728682171,1132.192996122977,0.2073643410852713,Swing/v_Swing_g05_c02.avi,88,88,1,1.0,0
1.0003760871478131,2.7079875796281736,151.3968295572929,0.6944444444444444,1522.7286821705427,1795.9708210192414,0.0897932816537467,Swing/v_Swing_g05_c03.avi,88,88,1,1.0,0
1.481948272159905,2.6314819442270143,97.12363255150623,0.6674741602067183,314.8527131782945,512.7449023595841,0.2076873385012919,Swing/v_Swing_g05_c04.avi,88,88,1,1.0,0
1.755000312939623,4.031111226876375,119.4361754243663,0.6484173126614987,974.2015503875969,1480.7212959489257,0.125,Swing/v_Swing_g05_c05.avi,88,88,1,0.9999958276748656,0
1.0889226125776872,5.141801199606829,175.25040121209423,0.8329295865633075,410.7286821705426,790.1483302209633,0.2264211886304909,Swing/v_Swing_g05_c06.avi,88,88,1,0.9999998807907104,0
1.2823779229534145,1.965816230339252,31.04834939252005,0.6311369509043928,545.0542635658915,1044.822631066536,0.2102713178294573,Swing/v_Swing_g05_c07.avi,88,88,1,1.0,0
10.649694068800784,21.790060563511705,326.2677198252993,0.3451227390180879,249.3643410852713,148.9506415298797,0.1482558139534883,Swing/v_Swing_g06_c01.avi,88,88,1,1.0,0
0.5981680407649622,1.296700764444379,18.407284563454763,0.8584463824289406,268.031007751938,231.83233509728288,0.2422480620155038,Swing/v_Swing_g06_c02.avi,88,88,1,1.0,0
1.7582580185950072,3.242594081490969,57.55866572463264,0.5048449612403101,271.5658914728682,181.5661344033897,0.1153100775193798,Swing/v_Swing_g06_c03.avi,88,88,1,1.0,0
1.7398840332710197,2.0540928076434684,28.0713376952364,0.4244186046511627,258.4186046511628,161.86848416382622,0.1321059431524547,Swing/v_Swing_g06_c04.avi,88,88,1,1.0,0
4.694947600696773,10.69316396274086,136.7660525313208,0.3418927648578811,266.72868217054264,210.95103042969143,0.1973514211886305,Swing/v_Swing_g06_c05.avi,88,88,1,1.0,0
4.756669992779462,15.740417320147458,257.526697645118,0.3997093023255814,262.7596899224806,203.7684038463898,0.1973514211886305,Swing/v_Swing_g06_c06.avi,88,88,1,1.0,0
6.949216450168219,11.125295121943331,312.9812294691169,0.2765665374677002,277.82945736434107,187.98845932048604,0.1033591731266149,Swing/v_Swing_g06_c07.avi,88,88,1,1.0,0
4.698016589586422,17.11453286644471,260.20376630633154,0.5210755813953488,244.65116279069767,197.98976761449887,0.2606589147286822,Swing/v_Swing_g07_c01.avi,88,88,1,1.0,0
2.473875963079584,6.606538716349476,175.04570831642803,0.6395348837209303,796.1550387596899,1365.9779609922232,0.1944444444444444,Swing/v_Swing_g07_c02.avi,88,88,1,1.0,0
1.7385825130103807,6.053774244199583,207.19133669147465,0.631702196382429,973.7054263565892,1528.7057727316128,0.2451550387596899,Swing/v_Swing_g07_c03.avi,88,88,1,1.0,0
1.599239638855195,5.297532857072711,230.72927859289987,0.685077519379845,1145.984496124031,1634.0463021558137,0.1915374677002584,Swing/v_Swing_g07_c04.avi,88,88,1,1.0,0
2.6195450403847174,4.1278203133016245,50.21951811795888,0.530765503875969,346.4186046511628,289.84183598373977,0.1233850129198966,Swing/v_Swing_g07_c05.avi,88,88,1,1.0,0
6.488163904861922,7.6272870338518,58.50854638426766,0.2043766149870801,279.2558139534884,189.61553427472916,0.1010981912144702,Swing/v_Swing_g07_c06.avi,88,88,1,1.0,0
4.301580806080226,9.460336320785329,191.29501104315293,0.3041020671834625,278.51162790697674,209.1684946810044,0.1463178294573643,Swing/v_Swing_g07_c07.avi,88,88,1,1.0,0
0.5330576817716722,2.0779661179260183,28.647098456911827,0.9031007751937984,487.37984496124034,848.1352019778948,0.2522609819121447,TableTennisShot/v_TableTennisShot_g01_c01.avi,89,89,1,1.0,0
0.4737143924562449,3.2195920202991157,55.96162189393728,0.9520348837209304,469.08527131782944,712.1278087426556,0.1253229974160206,TableTennisShot/v_TableTennisShot_g01_c02.avi,89,89,1,1.0,0
0.1557258501123708,0.707704815929533,17.573061770789973,0.9803779069767442,438.5116279069768,704.8066326303092,0.1308139534883721,TableTennisShot/v_TableTennisShot_g01_c03.avi,89,89,1,1.0,0
1.0068218425268014,5.835383155099297,227.81626368633124,0.8516634366925064,373.5193798449613,556.2410260685434,0.271640826873385,TableTennisShot/v_TableTennisShot_g01_c04.avi,89,89,1,1.0,0
0.3004987541835316,1.2592533303356936,25.29822128134704,0.935077519379845,403.84496124031006,707.3430847395588,0.2325581395348837,TableTennisShot/v_TableTennisShot_g01_c05.avi,89,89,1,1.0,0
0.4071295957857886,1.4739726521161118,26.357221496204797,0.8932493540051679,705.7364341085271,1156.976744082168,0.2015503875968992,TableTennisShot/v_TableTennisShot_g01_c06.avi,89,89,1,1.0,0
1.365635657352779,3.263754164127095,73.65629640431291,0.677406330749354,471.2558139534884,851.3917496096655,0.3104005167958656,TableTennisShot/v_TableTennisShot_g02_c01.avi,89,89,1,1.0,0
0.645037773117455,2.754451822118717,81.68843247363729,0.8580426356589147,571.9069767441861,696.5234537179865,0.2034883720930232,TableTennisShot/v_TableTennisShot_g02_c02.avi,89,89,1,1.0,0
0.6346445993431025,3.051280042695041,104.56950439779276,0.8656330749354005,700.7131782945736,814.6705159242324,0.1747416020671834,TableTennisShot/v_TableTennisShot_g02_c03.avi,89,89,1,1.0,0
0.5593656352221589,1.6051443916296304,45.35209476970165,0.8338985788113695,581.2713178294574,992.0200028611106,0.2580749354005168,TableTennisShot/v_TableTennisShot_g02_c04.avi,89,89,1,1.0,0
0.1464217212292556,0.5679818623517223,19.60229578391266,0.9549418604651164,962.1085271317828,950.7792417361852,0.0368217054263565,TableTennisShot/v_TableTennisShot_g03_c01.avi,89,89,1,1.0,0
0.0932245184394934,0.4314654415023527,8.764274071479052,0.9756136950904392,971.4108527131784,1009.3352913798536,0.0310077519379844,TableTennisShot/v_TableTennisShot_g03_c02.avi,89,89,1,1.0,0
0.2012433933963364,0.6770605440691827,14.735692213126605,0.9457364341085271,836.6511627906976,782.7816495490559,0.0881782945736434,TableTennisShot/v_TableTennisShot_g03_c03.avi,89,89,1,1.0,0
0.1454758564850817,0.762945725234401,18.012582407861455,0.968346253229974,806.4496124031008,824.0996869145856,0.0581395348837209,TableTennisShot/v_TableTennisShot_g03_c04.avi,89,89,1,1.0,0
0.130218103084083,0.7218473344683445,19.080421903092184,0.9747254521963824,847.2558139534884,923.6301508122468,0.0923772609819121,TableTennisShot/v_TableTennisShot_g03_c05.avi,89,89,1,1.0,0
0.1756839488499715,0.8711098033948504,19.230509613632183,0.9502583979328164,505.984496124031,841.1420990340347,0.1592377260981912,TableTennisShot/v_TableTennisShot_g04_c01.avi,89,89,1,1.0,0
0.3363176510118257,1.992903254181721,44.25635547579579,0.9412144702842378,850.8527131782946,1185.6890522789645,0.1227390180878553,TableTennisShot/v_TableTennisShot_g04_c02.avi,89,89,1,1.0,0
0.5322067550617207,2.032098802595505,51.0881590977792,0.8987403100775194,554.1085271317829,773.5106042508585,0.1708656330749354,TableTennisShot/v_TableTennisShot_g04_c03.avi,89,89,1,1.0,0
0.3130885382094143,1.4474953670081228,67.50335639803401,0.9296673126614988,757.7674418604652,916.4978041362016,0.1941214470284237,TableTennisShot/v_TableTennisShot_g04_c04.avi,89,89,1,1.0,0
0.7546224821038041,2.1334995536793544,37.0,0.8108042635658915,440.86821705426354,785.57206114615,0.1172480620155038,TableTennisShot/v_TableTennisShot_g04_c05.avi,89,89,1,1.0,0
1.0775742546574854,2.834264205398464,45.044422518220834,0.7743863049095607,274.72868217054264,316.04140028912815,0.1350129198966408,TableTennisShot/v_TableTennisShot_g04_c06.avi,89,89,1,1.0,0
0.2819212308886251,1.9746558372409344,63.00793600809346,0.938953488372093,826.4186046511628,1111.919735947137,0.1427648578811369,TableTennisShot/v_TableTennisShot_g04_c07.avi,89,89,1,1.0,0
0.0662138605167658,0.3248491201379601,12.909541045288943,0.9881298449612403,594.7906976744187,537.2090043289217,0.1153100775193798,TableTennisShot/v_TableTennisShot_g05_c01.avi,89,89,1,0.999902606010437,0
0.0851159814876797,0.4002567394031449,12.026013470805694,0.9833656330749354,600.9302325581396,535.9714238889303,0.105297157622739,TableTennisShot/v_TableTennisShot_g05_c02.avi,89,89,1,0.999997615814209,0
0.0790160472490168,0.3841189843081861,8.40851502942107,0.9756944444444444,639.7519379844962,538.3896175872094,0.1111111111111111,TableTennisShot/v_TableTennisShot_g05_c03.avi,89,89,1,0.9999995231628418,0
0.0984401022354306,0.4232620259054166,9.04329862384296,0.971656976744186,679.1317829457364,581.1080484975269,0.0481266149870801,TableTennisShot/v_TableTennisShot_g05_c04.avi,89,89,1,1.0,0
0.0690679613353882,0.3792823635588222,20.81353225668339,0.976905684754522,699.2248062015503,526.8816150558655,0.0636304909560723,TableTennisShot/v_TableTennisShot_g05_c05.avi,89,89,1,1.0,0
0.0748297239958474,0.3834770432974608,8.0,0.9865956072351422,776.7441860465116,709.5978583717209,0.0487726098191214,TableTennisShot/v_TableTennisShot_g05_c06.avi,89,89,1,1.0,0
0.0804094128067496,0.4456595688774938,12.700885795880538,0.9777939276485788,784.1240310077519,707.8415165298558,0.0465116279069767,TableTennisShot/v_TableTennisShot_g05_c07.avi,89,89,1,1.0,0
0.3820542408515427,1.566778015110395,22.360679774997894,0.9115794573643412,369.2403100775194,591.4319081187531,0.1724806201550387,TableTennisShot/v_TableTennisShot_g06_c01.avi,89,89,1,1.0,0
0.3334753082758948,1.0583671943116448,17.72004514666935,0.9002745478036176,442.04651162790697,618.167357240415,0.1627906976744186,TableTennisShot/v_TableTennisShot_g06_c02.avi,89,89,1,1.0,0
0.4363999884205302,2.7635417039656685,132.86200547936946,0.9018895348837208,361.1782945736434,542.6952897468068,0.2273901808785529,TableTennisShot/v_TableTennisShot_g06_c03.avi,89,89,1,1.0,0
0.2511025312545958,0.8210563961652326,18.279941192465586,0.933624031007752,455.6279069767442,715.3263370822622,0.1760335917312661,TableTennisShot/v_TableTennisShot_g06_c04.avi,89,89,1,1.0,0
0.2115726223106319,0.5970060455295318,8.59142013871979,0.9403262273901808,349.95348837209303,393.7921747653652,0.1669896640826873,TableTennisShot/v_TableTennisShot_g06_c05.avi,89,89,1,1.0,0
0.230556034820016,1.4538121893083666,29.410882339705484,0.9584948320413436,397.8914728682171,596.8837062313709,0.127906976744186,TableTennisShot/v_TableTennisShot_g06_c06.avi,89,89,1,1.0,0
0.5301127712665749,2.708192091793836,172.14238292762187,0.89906330749354,431.2558139534884,666.3814150868666,0.191860465116279,TableTennisShot/v_TableTennisShot_g07_c01.avi,89,89,1,1.0,0
0.3660391806066808,1.227673756737926,39.25179136039526,0.9113372093023256,464.9922480620155,583.7795125899439,0.2228682170542635,TableTennisShot/v_TableTennisShot_g07_c02.avi,89,89,1,1.0,0
0.5126429333448693,4.181476952955532,180.78889622982933,0.8965600775193798,383.5658914728682,599.8207981092022,0.1857235142118863,TableTennisShot/v_TableTennisShot_g07_c03.avi,89,89,1,1.0,0
0.4684104996579822,1.4798992732541354,22.20360331117452,0.8933301033591732,514.4186046511628,880.1827038814195,0.1812015503875969,TableTennisShot/v_TableTennisShot_g07_c04.avi,89,89,1,1.0,0
0.1355146850251033,0.4941594443082182,12.811127975318955,0.9607558139534884,565.2093023255813,890.8036757617674,0.2280361757105943,TaiChi/v_TaiChi_g01_c01.avi,90,6,0,0.7448846697807312,1
0.1514718127479881,0.507401121705965,9.219544457292889,0.9338662790697676,714.7286821705426,947.7042006702465,0.1340439276485788,TaiChi/v_TaiChi_g01_c02.avi,90,6,0,1.0,1
0.2365264625331399,1.2020469955595885,30.766255865802066,0.9458979328165374,672.062015503876,950.230390275795,0.1353359173126615,TaiChi/v_TaiChi_g01_c03.avi,90,6,0,0.9999997615814208,1
0.1586984758851209,0.4812224316595807,13.321153290912916,0.9582525839793282,550.9457364341085,849.1537448111403,0.1782945736434108,TaiChi/v_TaiChi_g01_c04.avi,90,6,0,0.9964286684989928,1
0.3157078440349954,0.7662635653787276,16.5,0.9396802325581396,415.50387596899225,615.6416974161025,0.2067183462532299,TaiChi/v_TaiChi_g02_c01.avi,90,83,0,0.9902523756027222,1
3.4857608794195643,5.253436298489145,44.27188724235731,0.3724160206718346,495.5658914728682,914.239497102053,0.209625322997416,TaiChi/v_TaiChi_g02_c02.avi,90,90,1,0.9837082028388976,0
1.9145104128880504,3.109611347714797,28.16025568065745,0.5193798449612403,423.2558139534884,749.1451280835471,0.1844315245478036,TaiChi/v_TaiChi_g02_c03.avi,90,90,1,0.9992650151252748,0
1.7980960458144888,3.4983841693322235,35.51408171415952,0.5505490956072352,258.91472868217056,211.93519672891355,0.2315891472868217,TaiChi/v_TaiChi_g02_c04.avi,90,90,1,0.5941334962844849,0
0.3213476521254831,1.091742796153365,31.753936763809303,0.936127260981912,326.07751937984494,446.156534083582,0.1531007751937984,TaiChi/v_TaiChi_g03_c01.avi,90,90,1,1.0,0
1.2506747206987816,2.5766356546442672,33.015148038438355,0.7451550387596899,262.6356589147287,189.92058470814493,0.16828165374677,TaiChi/v_TaiChi_g03_c02.avi,90,90,1,1.0,0
0.2417084484489572,0.4471319870418517,9.100137361600648,0.9614825581395348,308.3410852713178,440.8994417884478,0.189922480620155,TaiChi/v_TaiChi_g03_c03.avi,90,90,1,1.0,0
3.4099182644173665,5.524392412201101,27.018512172212592,0.3854166666666667,394.04651162790697,649.7263092306144,0.1647286821705426,TaiChi/v_TaiChi_g03_c04.avi,90,90,1,1.0,0
0.0364101501496384,0.196015072804283,7.158910531638177,0.9907945736434108,406.07751937984494,369.5320655628113,0.2377260981912144,TaiChi/v_TaiChi_g04_c01.avi,90,90,1,0.9999985694885254,0
0.0646804376270075,0.347401420125815,14.78385944197252,0.9852228682170544,345.7984496124031,337.6485806702051,0.2881136950904392,TaiChi/v_TaiChi_g04_c02.avi,90,90,1,1.0,0
0.5100875350482917,0.8907140398344771,8.5,0.8381782945736435,300.7751937984496,257.0588941148839,0.1828165374677002,TaiChi/v_TaiChi_g04_c03.avi,90,90,1,1.0,0
0.8285026816262261,1.5760785969601594,23.194827009486403,0.7511304909560723,225.3023255813953,175.13045435075904,0.2994186046511627,TaiChi/v_TaiChi_g04_c04.avi,90,90,1,1.0,0
0.227348023729026,0.6726599942301997,16.25,0.955749354005168,410.9767441860465,341.6644272594324,0.1178940568475452,TaiChi/v_TaiChi_g05_c01.avi,90,90,1,1.0,0
0.5796921623904274,1.4950785725701277,53.03772242470448,0.8473837209302325,342.4496124031008,464.9848703255116,0.191860465116279,TaiChi/v_TaiChi_g05_c02.avi,90,90,1,1.0,0
0.4095607705489137,0.9979907810276304,26.40075756488817,0.8994670542635659,326.94573643410854,286.49283471369245,0.1770025839793281,TaiChi/v_TaiChi_g05_c03.avi,90,90,1,1.0,0
0.1072201124307615,0.3640247406636948,5.735034873477231,0.976421188630491,720.1860465116279,840.5641310512549,0.0914082687338501,TaiChi/v_TaiChi_g05_c04.avi,90,90,1,1.0,0
0.52556039327864,0.6718403793459967,10.198039027185567,0.842296511627907,215.1937984496124,169.68470887695526,0.3352713178294573,TaiChi/v_TaiChi_g06_c01.avi,90,90,1,0.9999998807907104,0
0.3890558628549247,0.4803660816501467,14.5,0.8880813953488372,233.6124031007752,187.0654783210853,0.2858527131782946,TaiChi/v_TaiChi_g06_c02.avi,90,90,1,0.9835227131843568,0
0.816007964768809,1.1904830298226108,22.825424421026653,0.7554102067183462,218.54263565891472,167.85075540246265,0.3165374677002584,TaiChi/v_TaiChi_g06_c03.avi,90,90,1,0.9794734120368958,0
0.7384734442177361,1.0488218430418268,19.1637678967368,0.7641311369509044,239.31782945736435,197.79254594776327,0.2832687338501292,TaiChi/v_TaiChi_g06_c04.avi,90,90,1,0.9999992847442628,0
0.1356417872537155,0.3479247832385239,5.836308764964376,0.9787629198966408,364.3410852713178,660.9339937739276,0.3284883720930232,TaiChi/v_TaiChi_g07_c01.avi,90,90,1,0.9965397119522096,0
0.0910226386636431,0.2800122872789579,5.963430220938282,0.9857881136950905,351.0077519379845,529.9854685169512,0.1847545219638243,TaiChi/v_TaiChi_g07_c02.avi,90,90,1,0.9999070167541504,0
0.1616755466178066,0.6254650138493807,12.993387741462962,0.9490471576227392,303.7519379844961,277.739603410183,0.2319121447028423,TaiChi/v_TaiChi_g07_c03.avi,90,90,1,0.7077195048332214,0
0.0653801381743516,0.3714556546986809,10.65950280266392,0.9848998708010336,268.52713178294573,216.72767456598868,0.2034883720930232,TaiChi/v_TaiChi_g07_c04.avi,90,90,1,1.0,0
0.2237476347163386,0.95420772663738,19.783594845224663,0.9342700258397932,580.5891472868217,769.096617073464,0.1130490956072351,TennisSwing/v_TennisSwing_g01_c01.avi,91,91,1,1.0,0
0.1582007581400824,0.7903713489772448,21.02379604162864,0.9509851421188632,514.4806201550388,394.9571088630712,0.1317829457364341,TennisSwing/v_TennisSwing_g01_c02.avi,91,91,1,1.0,0
0.1986151043330444,0.7732964766812078,16.267778735893845,0.9367732558139537,481.48837209302326,623.7357957405103,0.1240310077519379,TennisSwing/v_TennisSwing_g01_c03.avi,91,91,1,1.0,0
0.1665384239042719,0.6714075875468039,15.264337522473747,0.9424257105943152,558.3875968992248,473.1871863591989,0.1201550387596899,TennisSwing/v_TennisSwing_g01_c04.avi,91,91,1,1.0,0
0.2335879089025159,0.8677969464314441,15.33021933959198,0.9246608527131784,445.8914728682171,442.56674248659374,0.1363049095607235,TennisSwing/v_TennisSwing_g01_c05.avi,91,91,1,1.0,0
0.0874733915517138,1.087036735360413,67.0197032595639,0.9765826873385012,619.5348837209302,638.4989427915418,0.0910852713178294,TennisSwing/v_TennisSwing_g01_c06.avi,91,91,1,1.0,0
0.2154448893129205,0.7072846523496076,10.958016471971558,0.9308785529715762,399.6279069767442,419.6688075833251,0.1382428940568475,TennisSwing/v_TennisSwing_g01_c07.avi,91,91,1,1.0,0
0.2077078032273397,2.5502530280497004,127.3184982632139,0.9677002583979328,277.8914728682171,226.9769390434204,0.190891472868217,TennisSwing/v_TennisSwing_g02_c01.avi,91,91,1,0.9995973706245422,0
0.2006715463081384,0.6225522379924695,10.63014581273465,0.948078165374677,272.86821705426354,232.09565589637472,0.2235142118863049,TennisSwing/v_TennisSwing_g02_c02.avi,91,91,1,0.9999806880950928,0
0.275919079238784,2.2943386819770994,224.51057881534223,0.9491279069767442,402.2945736434109,697.368835747146,0.1605297157622739,TennisSwing/v_TennisSwing_g02_c03.avi,91,91,1,0.9999998807907104,0
0.2833442155791568,3.911027419711629,299.96166421727963,0.9538921188630493,552.5581395348837,846.5830994617203,0.1531007751937984,TennisSwing/v_TennisSwing_g02_c04.avi,91,91,1,0.9997119307518004,0
0.3021638232725543,2.8087416238184724,295.1281501314302,0.9301518087855296,458.2945736434109,713.8849320248362,0.1595607235142118,TennisSwing/v_TennisSwing_g02_c05.avi,91,91,1,0.9999940395355223,0
0.4962874640992725,6.275051692929744,325.7798336300146,0.929748062015504,418.6046511627907,610.4570205443255,0.1647286821705426,TennisSwing/v_TennisSwing_g02_c06.avi,91,91,1,0.9998182654380798,0
0.1814114201367291,0.6590493407893521,10.700467279516348,0.9551033591731266,470.26356589147287,712.9525628606788,0.1295219638242894,TennisSwing/v_TennisSwing_g02_c07.avi,91,91,1,0.999997615814209,0
0.1107722851352835,0.5702453765922596,15.004166088123656,0.970122739018088,592.1860465116279,780.5409947315151,0.2025193798449612,TennisSwing/v_TennisSwing_g03_c01.avi,91,91,1,1.0,0
0.4185696298035566,1.854083055440754,49.0,0.9046350129198968,370.6046511627907,333.9994526896284,0.1989664082687338,TennisSwing/v_TennisSwing_g03_c02.avi,91,91,1,1.0,0
0.2020100726922602,0.7520432904849467,16.0312195418814,0.9335432816537468,424.5581395348837,504.73743127171696,0.1724806201550387,TennisSwing/v_TennisSwing_g03_c03.avi,91,91,1,1.0,0
0.3798974914964915,1.626429087079725,29.154759474226505,0.9107719638242894,391.3178294573643,363.22350913602384,0.2512919896640826,TennisSwing/v_TennisSwing_g03_c04.avi,91,91,1,1.0,0
0.2734762667649376,1.1933652480432144,20.130822139197395,0.9366117571059432,393.30232558139534,343.0356639458611,0.1686046511627907,TennisSwing/v_TennisSwing_g03_c05.avi,91,91,1,1.0,0
0.1568887503273575,0.8322739382146448,21.355619869252216,0.9645510335917312,336.1860465116279,319.3854022245497,0.2541989664082687,TennisSwing/v_TennisSwing_g03_c06.avi,91,91,1,1.0,0
0.3684792427836356,1.3805131419882235,23.68148010577041,0.9229651162790696,218.4186046511628,176.87339218539705,0.3339793281653747,TennisSwing/v_TennisSwing_g03_c07.avi,91,91,1,1.0,0
0.0821210477216617,0.4004505126623138,19.22116346634615,0.9790051679586564,279.7519379844961,274.9632260403903,0.3142764857881137,TennisSwing/v_TennisSwing_g04_c01.avi,91,91,1,0.9916539192199708,0
0.1314819386873001,0.5765360285293885,14.534441853748634,0.9666505167958656,489.73643410852713,770.3738900904033,0.2270671834625323,TennisSwing/v_TennisSwing_g04_c02.avi,91,91,1,0.9999815225601196,0
0.1159311293536192,0.4803852539607066,17.314192155569952,0.971656976744186,242.6046511627907,201.8240241461673,0.2777777777777778,TennisSwing/v_TennisSwing_g04_c03.avi,91,91,1,0.9993014335632324,0
0.0968405527255941,0.4881343352469955,16.0,0.979812661498708,386.91472868217056,333.29801435384104,0.1501937984496124,TennisSwing/v_TennisSwing_g04_c04.avi,91,91,1,0.9915852546691896,0
0.1231729437874931,0.5434484225300289,16.0,0.9679425064599484,397.1472868217055,331.8874167189224,0.1175710594315245,TennisSwing/v_TennisSwing_g04_c05.avi,91,91,1,0.9387781620025636,0
0.1673311782124358,0.7237522985144058,15.060814221017402,0.9577680878552972,369.7984496124031,408.5398347612429,0.1708656330749354,TennisSwing/v_TennisSwing_g04_c06.avi,91,91,1,0.9967138767242432,0
0.1446366529226613,0.6743679705164395,17.0,0.967296511627907,315.968992248062,297.4565029236083,0.2496770025839793,TennisSwing/v_TennisSwing_g04_c07.avi,91,91,1,0.9997016787528992,0
1.439981126209191,3.4614261745876678,74.0,0.7167312661498708,1049.4263565891472,1513.0837179746215,0.2926356589147287,TennisSwing/v_TennisSwing_g05_c01.avi,91,91,1,1.0,0
0.5364646212080474,1.3929292801761155,29.61418578992169,0.8366440568475452,921.2403100775192,1350.9021549222382,0.2690568475452196,TennisSwing/v_TennisSwing_g05_c02.avi,91,91,1,1.0,0
2.253707875056997,10.280936608323422,158.87519669539358,0.8842861757105943,876.2170542635658,1409.5923263592413,0.3601421188630491,TennisSwing/v_TennisSwing_g05_c03.avi,91,91,1,0.3821403980255127,0
2.932053524604298,11.403070043716076,228.5,0.8046673126614987,911.3798449612405,1443.834897869889,0.3255813953488372,TennisSwing/v_TennisSwing_g05_c04.avi,91,91,1,0.9999995231628418,0
3.328457651519485,13.69020356802,152.5,0.8506944444444444,1073.4263565891472,1547.0372022164704,0.3045865633074935,TennisSwing/v_TennisSwing_g05_c05.avi,91,91,1,1.0,0
1.8018645227457373,4.88503494462365,72.67758423337969,0.7262596899224806,698.6046511627907,1190.3015474794004,0.2903746770025839,TennisSwing/v_TennisSwing_g05_c06.avi,91,91,1,1.0,0
2.7015878884255686,8.085755524517706,207.15453169071637,0.7464470284237726,260.7751937984496,184.57213208605435,0.1650516795865633,TennisSwing/v_TennisSwing_g05_c07.avi,91,91,1,0.9999997615814208,0
0.9669949051985554,1.4644535673243813,17.26267650163207,0.7080103359173127,268.15503875968994,254.77828785629083,0.3023255813953488,TennisSwing/v_TennisSwing_g06_c01.avi,91,91,1,0.9203515648841858,0
0.4434241985771928,0.8831371193494771,16.278820596099706,0.8715277777777778,331.16279069767444,394.54565746535616,0.231266149870801,TennisSwing/v_TennisSwing_g06_c02.avi,91,7,0,0.7874290943145752,1
0.9798494998568088,1.76608417042334,23.384022322945214,0.7147932816537468,296.1240310077519,286.5865132513207,0.2871447028423772,TennisSwing/v_TennisSwing_g06_c03.avi,91,7,0,0.9802522659301758,1
2.042255409245153,2.86058617068045,15.25,0.4530038759689923,264.2480620155039,349.54384518332824,0.2981266149870801,TennisSwing/v_TennisSwing_g06_c04.avi,91,91,1,0.6316848397254944,0
0.3747849149049602,0.6546299532431027,14.534441853748634,0.9081072351421188,248.12403100775197,222.60804389207595,0.3020025839793281,TennisSwing/v_TennisSwing_g06_c05.avi,91,7,0,0.8246567249298096,1
0.3929553377136259,0.788415341003675,21.095023109728988,0.8972868217054264,237.6434108527132,204.36757424385988,0.3049095607235142,TennisSwing/v_TennisSwing_g06_c06.avi,91,91,1,0.9349784255027772,0
0.3987892747702981,0.7596998317029036,15.572411502397436,0.8884043927648578,280.8062015503876,245.17388474303368,0.2260981912144702,TennisSwing/v_TennisSwing_g06_c07.avi,91,91,1,0.9907183051109314,0
1.5340471905542334,3.381963481602511,127.66362050325849,0.5619347545219638,296.86821705426354,207.0598677552113,0.0713824289405684,TennisSwing/v_TennisSwing_g07_c01.avi,91,91,1,1.0,0
1.6760315494892628,1.897505444935475,20.75,0.3926033591731266,299.4108527131783,245.49932071467305,0.1563307493540051,TennisSwing/v_TennisSwing_g07_c02.avi,91,91,1,1.0,0
2.300498684816658,2.4885780626907787,20.024984394500787,0.2323158914728682,274.91472868217056,170.62239149871368,0.0810723514211886,TennisSwing/v_TennisSwing_g07_c03.avi,91,91,1,1.0,0
1.7556930404158249,1.9000476012965235,32.7566787083184,0.3837209302325581,222.8217054263566,164.85833475025277,0.2916666666666667,TennisSwing/v_TennisSwing_g07_c04.avi,91,91,1,1.0,0
6.844758469920054,7.274497880292017,152.78789423576723,0.1488210594315245,258.4806201550388,167.6135783280265,0.1421188630490956,TennisSwing/v_TennisSwing_g07_c05.avi,91,91,1,1.0,0
1.7161825573558789,1.8566248490696051,22.20360331117452,0.4182009043927648,286.26356589147287,185.02300378161007,0.0645994832041343,TennisSwing/v_TennisSwing_g07_c06.avi,91,91,1,1.0,0
4.027013103358035,6.863017838267424,84.41341717997204,0.4236918604651162,274.5426356589147,160.0790021892019,0.0636304909560723,TennisSwing/v_TennisSwing_g07_c07.avi,91,91,1,1.0,0
0.8835523967681808,1.5205196169014912,18.384776310850235,0.7779392764857881,287.68992248062017,376.49501059007247,0.3116925064599483,ThrowDiscus/v_ThrowDiscus_g01_c01.avi,92,92,1,1.0,0
0.5419695091445099,0.8201160052054967,17.375449634469895,0.8091892764857881,248.5581395348837,198.08493624864988,0.2441860465116279,ThrowDiscus/v_ThrowDiscus_g01_c02.avi,92,92,1,1.0,0
0.6162555501116921,1.3987903715459058,45.044422518220834,0.8020833333333334,254.75968992248065,329.8912382479597,0.2648578811369509,ThrowDiscus/v_ThrowDiscus_g01_c03.avi,92,92,1,1.0,0
1.0900573912688587,1.853993577197404,30.35879197201364,0.709625322997416,221.2093023255814,177.2755781576841,0.3220284237726098,ThrowDiscus/v_ThrowDiscus_g01_c04.avi,92,92,1,1.0,0
0.7538491030013189,1.92051842363741,110.22250223978769,0.7049418604651163,271.2558139534884,425.0668944904783,0.2564599483204134,ThrowDiscus/v_ThrowDiscus_g02_c01.avi,92,92,1,1.0,0
1.1530762840015525,3.488633357517806,62.625,0.6011789405684754,278.3255813953488,197.5670296533744,0.1214470284237726,ThrowDiscus/v_ThrowDiscus_g02_c02.avi,92,92,1,1.0,0
1.2540237931857945,1.7024432214603784,30.625,0.5340762273901809,230.32558139534885,125.30367223599144,0.1957364341085271,ThrowDiscus/v_ThrowDiscus_g02_c03.avi,92,92,1,1.0,0
1.0611405562020568,1.8644043938059007,99.32270636667126,0.624031007751938,323.28682170542635,244.35757233952435,0.0681524547803617,ThrowDiscus/v_ThrowDiscus_g02_c04.avi,92,92,1,0.9999998807907104,0
0.7356009915887145,1.1463475198547162,23.625,0.741359819121447,250.04651162790697,145.2974420761693,0.1395348837209302,ThrowDiscus/v_ThrowDiscus_g02_c05.avi,92,92,1,1.0,0
1.127227684788539,1.5533864732398248,19.1049731745428,0.6373546511627907,269.82945736434107,160.40646645662665,0.0830103359173126,ThrowDiscus/v_ThrowDiscus_g02_c06.avi,92,92,1,1.0,0
1.1408497339995445,2.120722547913268,56.5,0.6593184754521964,280.9922480620155,180.77389604225232,0.0765503875968992,ThrowDiscus/v_ThrowDiscus_g02_c07.avi,92,92,1,0.9999998807907104,0
0.2344847905332815,0.8449974785703309,13.625,0.9446059431524548,274.7906976744186,232.6910875797527,0.2173772609819121,ThrowDiscus/v_ThrowDiscus_g03_c01.avi,92,92,1,0.8670318126678467,0
0.6264718411784161,1.1607186440230115,16.0,0.7144702842377261,283.0387596899225,358.3129376514112,0.2571059431524548,ThrowDiscus/v_ThrowDiscus_g03_c02.avi,92,92,1,0.9999991655349731,0
1.7272506124130462,2.1945714362700226,26.595347337457355,0.471172480620155,289.86046511627904,264.99790094783845,0.2461240310077519,ThrowDiscus/v_ThrowDiscus_g03_c03.avi,92,92,1,0.8414946794509888,0
0.3162680867809027,0.7151204447036681,16.0,0.9102067183462532,216.93023255813952,178.69571321999229,0.3443152454780361,ThrowDiscus/v_ThrowDiscus_g03_c04.avi,92,92,1,1.0,0
0.1047530843340647,0.3943706050850997,12.509996003196804,0.9791666666666666,273.86046511627904,257.41953643676413,0.2868217054263566,ThrowDiscus/v_ThrowDiscus_g04_c01.avi,92,92,1,1.0,0
0.2452352923459942,1.0113634898047623,19.794254216817567,0.9513081395348836,273.92248062015506,256.92907996231304,0.2852067183462532,ThrowDiscus/v_ThrowDiscus_g04_c02.avi,92,92,1,1.0,0
0.2501227462640201,1.2071451829737785,82.05485969764375,0.951469638242894,288.4961240310077,271.4262109109454,0.2700258397932816,ThrowDiscus/v_ThrowDiscus_g04_c03.avi,92,92,1,1.0,0
0.2349962227552218,1.0691058975023802,62.861951926423664,0.9515503875968992,258.17054263565893,215.6201125375676,0.2432170542635658,ThrowDiscus/v_ThrowDiscus_g04_c04.avi,92,92,1,1.0,0
2.353106040877196,3.642178583853246,56.0357029044876,0.4604328165374677,295.93798449612405,246.95754121271372,0.1731266149870801,ThrowDiscus/v_ThrowDiscus_g05_c01.avi,92,92,1,0.9484201073646544,0
2.2884573536927744,3.750713742132707,135.32484066127697,0.3282461240310077,262.69767441860466,162.1523164050452,0.1149870801033591,ThrowDiscus/v_ThrowDiscus_g05_c02.avi,92,92,1,0.9470400214195251,0
2.247799210842889,4.929856175371622,171.7507278004958,0.4275678294573643,256.1240310077519,160.29735004129856,0.1388888888888889,ThrowDiscus/v_ThrowDiscus_g05_c03.avi,92,92,1,0.9999785423278807,0
1.2723904602780078,2.500772122698353,73.7548727203837,0.5864018087855297,257.6744186046512,150.1236267183836,0.1153100775193798,ThrowDiscus/v_ThrowDiscus_g05_c04.avi,92,92,1,0.9979209303855896,0
0.7326483049941589,0.8813068489354485,16.0312195418814,0.7011466408268734,248.1860465116279,170.47993209513143,0.1905684754521963,ThrowDiscus/v_ThrowDiscus_g05_c05.avi,92,92,1,0.9999947547912598,0
1.6884401250086638,4.82754992291268,286.0,0.6208010335917312,271.5658914728682,173.51826054794674,0.0998062015503876,ThrowDiscus/v_ThrowDiscus_g06_c01.avi,92,92,1,0.9910032749176024,0
1.9280709042603348,8.914716121133416,134.875,0.6077196382428941,310.94573643410854,234.5539824835133,0.0859173126614987,ThrowDiscus/v_ThrowDiscus_g06_c02.avi,92,91,0,0.8594421148300171,1
0.4012069244131314,0.6000116307615044,13.0,0.8897771317829457,227.53488372093025,163.71321334879013,0.2684108527131782,ThrowDiscus/v_ThrowDiscus_g06_c03.avi,92,35,0,0.9999516010284424,1
0.2118532588241921,0.4712904349071827,10.65950280266392,0.946624677002584,268.5891472868217,213.3742794669324,0.1954134366925064,ThrowDiscus/v_ThrowDiscus_g06_c04.avi,92,35,0,0.9757264256477356,1
2.053779494591809,3.809783063435055,111.0,0.4150516795865633,233.1782945736434,144.93786156460632,0.2118863049095607,ThrowDiscus/v_ThrowDiscus_g06_c05.avi,92,92,1,0.948369801044464,0
0.1161007470260306,0.4545124110889881,9.978883955633515,0.9811046511627908,775.5038759689922,1177.2576735065006,0.2038113695090439,ThrowDiscus/v_ThrowDiscus_g06_c06.avi,92,35,0,0.9997488856315612,1
0.074943801578188,0.5331471184327295,17.25045289260546,0.9819928940568476,342.4496124031008,531.6501291866587,0.2215762273901808,ThrowDiscus/v_ThrowDiscus_g06_c07.avi,92,35,0,0.7755256295204163,1
0.9261443863682486,3.159126713468209,58.077534382926416,0.7944121447028424,257.3643410852713,219.81048701395036,0.2564599483204134,ThrowDiscus/v_ThrowDiscus_g07_c01.avi,92,92,1,1.0,0
2.8008915201239355,6.647080014049001,84.49278815378268,0.5394864341085271,323.7829457364341,251.7113198613868,0.0862403100775193,ThrowDiscus/v_ThrowDiscus_g07_c02.avi,92,92,1,0.9999985694885254,0
0.4058706984214409,1.76048301273541,32.2538757361034,0.9097222222222222,241.24031007751935,184.52758770210937,0.2474160206718346,ThrowDiscus/v_ThrowDiscus_g07_c03.avi,92,92,1,1.0,0
1.9844975298776395,5.259523159058846,68.68860895374138,0.5109819121447028,330.5426356589147,252.89587917081693,0.0665374677002584,ThrowDiscus/v_ThrowDiscus_g07_c04.avi,92,92,1,1.0,0
1.0372325336392536,3.336003249030117,55.24717187331855,0.7736595607235142,291.5968992248062,242.51900011492253,0.1776485788113695,ThrowDiscus/v_ThrowDiscus_g07_c05.avi,92,92,1,1.0,0
0.4640745304037771,3.949780184304706,101.86541365939668,0.9659237726098192,484.2170542635659,731.2269073938329,0.2480620155038759,ThrowDiscus/v_ThrowDiscus_g07_c06.avi,92,92,1,1.0,0
0.683243326783163,5.963597629675708,240.26027553467927,0.8928456072351422,371.5348837209302,691.9901648997692,0.2044573643410852,ThrowDiscus/v_ThrowDiscus_g07_c07.avi,92,92,1,1.0,0
1.016332049788094,1.5124304981436352,16.0312195418814,0.6605297157622739,236.093023255814,129.46685199416308,0.1760335917312661,TrampolineJumping/v_TrampolineJumping_g01_c01.avi,93,93,1,1.0,0
2.594726927548292,3.1705097472802715,19.72308292331602,0.4724644702842377,239.68992248062017,111.31530734980517,0.1366279069767441,TrampolineJumping/v_TrampolineJumping_g01_c02.avi,93,93,1,1.0,0
3.4436233362736357,7.755775290842401,157.175061635108,0.7006621447028424,226.9767441860465,164.66703379033294,0.272609819121447,TrampolineJumping/v_TrampolineJumping_g01_c03.avi,93,93,1,1.0,0
2.5194574903355784,6.050054868044263,98.00510190801292,0.7210109819121447,257.984496124031,210.11218799150032,0.231266149870801,TrampolineJumping/v_TrampolineJumping_g01_c04.avi,93,93,1,1.0,0
1.6459839580948457,2.2529269475354736,40.01581718520815,0.3721737726098191,246.13953488372093,181.63771524599088,0.2206072351421188,TrampolineJumping/v_TrampolineJumping_g02_c01.avi,93,93,1,1.0,0
0.5765459018274788,1.7445060561469783,76.10519036176179,0.8540859173126615,265.92248062015506,244.2837850414075,0.2829457364341085,TrampolineJumping/v_TrampolineJumping_g02_c02.avi,93,93,1,1.0,0
0.5712803925231195,1.8660149152950984,66.85057965343307,0.875,244.71317829457365,340.74699504549426,0.3468992248062015,TrampolineJumping/v_TrampolineJumping_g02_c03.avi,93,93,1,1.0,0
0.4373318621425732,1.4161382455184786,49.95310300672021,0.9042312661498708,272.2480620155039,275.96191263456336,0.3468992248062015,TrampolineJumping/v_TrampolineJumping_g02_c04.avi,93,93,1,1.0,0
0.5054556296578224,1.3084603573058728,17.528548142958105,0.8817829457364341,254.07751937984497,202.69997733707612,0.2309431524547803,TrampolineJumping/v_TrampolineJumping_g02_c05.avi,93,93,1,1.0,0
0.7717251247582955,4.315423057634253,135.83077707206124,0.8498062015503876,282.5426356589147,258.05759250682326,0.2545219638242894,TrampolineJumping/v_TrampolineJumping_g02_c06.avi,93,93,1,1.0,0
0.3833491120230383,1.4150866185141149,51.15662224971465,0.9177971576227392,246.2015503875969,194.89100033890787,0.2474160206718346,TrampolineJumping/v_TrampolineJumping_g03_c01.avi,93,93,1,1.0,0
0.294651604111704,1.3241487417832765,37.56660751252368,0.9455749354005168,346.29457364341084,301.9912315350282,0.1627906976744186,TrampolineJumping/v_TrampolineJumping_g03_c02.avi,93,93,1,1.0,0
1.4633869583017998,1.7831998069670782,21.75,0.5030684754521964,266.4806201550388,159.69365540906745,0.0952842377260981,TrampolineJumping/v_TrampolineJumping_g03_c03.avi,93,93,1,1.0,0
0.7323326407431291,2.403099419493264,110.06361796706484,0.7898094315245479,267.84496124031006,225.6739243887727,0.2277131782945736,TrampolineJumping/v_TrampolineJumping_g03_c04.avi,93,93,1,1.0,0
2.238539744498103,3.840563176094496,159.20113064925135,0.48078165374677,516.0930232558139,942.504723668466,0.1337209302325581,TrampolineJumping/v_TrampolineJumping_g04_c01.avi,93,93,1,1.0,0
2.4266605925824947,6.244912361925976,270.4533231446787,0.4752906976744186,313.6124031007752,497.5667975113472,0.128875968992248,TrampolineJumping/v_TrampolineJumping_g04_c02.avi,93,93,1,1.0,0
2.377332335495988,7.373655457247748,170.85666507338834,0.5121931524547804,505.73643410852713,942.3180186977634,0.1463178294573643,TrampolineJumping/v_TrampolineJumping_g04_c03.avi,93,93,1,1.0,0
1.5327855316856682,2.6637879417039483,19.645689730829,0.6008559431524548,462.8217054263566,904.2579590930555,0.16828165374677,TrampolineJumping/v_TrampolineJumping_g04_c04.avi,93,93,1,0.9999996423721312,0
3.183202651855661,13.075297258749943,208.79730003043625,0.5883397932816538,222.13953488372093,143.51170139397334,0.2590439276485788,TrampolineJumping/v_TrampolineJumping_g04_c05.avi,93,93,1,1.0,0
0.4105256267071087,2.806379525123402,83.50224547878938,0.9232073643410852,646.8217054263566,987.814677167787,0.1944444444444444,TrampolineJumping/v_TrampolineJumping_g05_c01.avi,93,93,1,0.9999998807907104,0
0.3360555894296629,2.549032083265571,119.57006314291216,0.940810723514212,233.4883720930233,189.0136419455907,0.2903746770025839,TrampolineJumping/v_TrampolineJumping_g05_c02.avi,93,93,1,0.9999953508377076,0
0.398131669894216,1.872108527754244,145.35758709128328,0.9022125322997416,335.7519379844961,580.4872055692334,0.2073643410852713,TrampolineJumping/v_TrampolineJumping_g05_c03.avi,93,93,1,1.0,0
0.4380411401470518,4.950265467222216,155.3093686807077,0.9467054263565892,297.92248062015506,369.0161571304215,0.2428940568475452,TrampolineJumping/v_TrampolineJumping_g05_c04.avi,93,93,1,0.9999972581863404,0
0.2341664296777582,1.0470301318587307,18.027756377319943,0.9503391472868216,298.29457364341084,289.27400178738765,0.2874677002583979,TrampolineJumping/v_TrampolineJumping_g06_c01.avi,93,93,1,1.0,0
0.6713760505471266,1.6248014903681365,16.55294535724685,0.8108850129198967,915.84496124031,1451.5447983250044,0.1291989664082687,TrampolineJumping/v_TrampolineJumping_g06_c02.avi,93,93,1,1.0,0
0.9646041069940342,2.017033044996881,17.08800749063506,0.7570251937984496,1770.9147286821706,1845.4702475491897,0.1408268733850129,TrampolineJumping/v_TrampolineJumping_g06_c03.avi,93,93,1,0.9999998807907104,0
0.3700055371063768,0.9517225022181212,16.50189383070925,0.9001130490956072,889.7364341085271,1389.3352239979909,0.0881782945736434,TrampolineJumping/v_TrampolineJumping_g06_c04.avi,93,93,1,1.0,0
2.1483390505022104,3.554912973782986,90.13878188659972,0.4640665374677002,315.72093023255815,326.2179557875446,0.3478682170542636,TrampolineJumping/v_TrampolineJumping_g07_c01.avi,93,93,1,1.0,0
1.7048239327094112,3.1893158649314737,68.0,0.5858365633074936,370.4806201550388,596.6062561004704,0.2021963824289405,TrampolineJumping/v_TrampolineJumping_g07_c02.avi,93,93,1,1.0,0
2.1685382006678595,7.711756982454354,200.0024999843752,0.6090923772609819,286.015503875969,230.45415170636343,0.1679586563307493,TrampolineJumping/v_TrampolineJumping_g07_c03.avi,93,93,1,1.0,0
3.9847648839639658,12.718818147450364,319.0767932645682,0.4471899224806202,284.4651162790698,246.7382898271911,0.2160852713178294,TrampolineJumping/v_TrampolineJumping_g07_c04.avi,93,93,1,1.0,0
2.201791727860137,4.6536406666009125,126.97994428255195,0.56968669250646,281.7984496124031,235.2548800816839,0.1963824289405684,TrampolineJumping/v_TrampolineJumping_g07_c05.avi,93,93,1,1.0,0
0.7818362702195499,2.21900096007127,31.51809995859522,0.8369670542635659,186.9767441860465,146.92150860825402,0.4305555555555556,Typing/v_Typing_g01_c01.avi,94,94,1,1.0,0
0.6461669445890026,1.4023292580107454,20.12538819501378,0.8118540051679587,220.89922480620157,189.70805170872427,0.3481912144702842,Typing/v_Typing_g01_c02.avi,94,94,1,1.0,0
0.7873975608712812,2.292713299133895,92.29199586096294,0.8274386304909561,204.031007751938,165.88891108650105,0.3804909560723514,Typing/v_Typing_g01_c03.avi,94,94,1,1.0,0
0.6114479043984843,1.5686228420416806,21.382308692000496,0.8401970284237726,209.86046511627907,159.07488091876274,0.3410852713178294,Typing/v_Typing_g01_c04.avi,94,94,1,1.0,0
0.6754665585542422,1.4002650329882245,15.504535626712592,0.8040213178294574,206.51162790697677,163.03407720445458,0.3636950904392765,Typing/v_Typing_g01_c05.avi,94,94,1,1.0,0
0.635599812580356,1.703822710409218,35.34119409414458,0.8119347545219638,199.13178294573643,136.52517045636287,0.3556201550387597,Typing/v_Typing_g01_c06.avi,94,94,1,1.0,0
0.3474607143962655,0.8291319517860559,15.9359067831109,0.8854166666666666,193.05426356589143,158.21290287729624,0.4195736434108527,Typing/v_Typing_g01_c07.avi,94,94,1,1.0,0
0.2543318126006821,1.0153727712265177,26.248809496813376,0.930797803617571,901.2093023255812,1009.4178049894632,0.1369509043927648,Typing/v_Typing_g02_c01.avi,94,94,1,1.0,0
0.2363229032483263,0.8993326224901933,19.57557470420728,0.9416182170542636,712.9302325581396,730.5056991754773,0.1395348837209302,Typing/v_Typing_g02_c02.avi,94,94,1,1.0,0
0.1849375142525263,0.7841768555045778,17.315094570922792,0.9462209302325582,777.1162790697674,875.2005805794577,0.1501937984496124,Typing/v_Typing_g02_c03.avi,94,94,1,1.0,0
0.1318393619770367,0.6552039882919432,15.750496023935249,0.9642280361757106,802.2945736434109,902.2433058736488,0.1211240310077519,Typing/v_Typing_g02_c04.avi,94,94,1,1.0,0
0.3481616564384728,1.077866442551633,14.0,0.9006782945736435,925.6434108527131,1116.1210361864091,0.1169250645994832,Typing/v_Typing_g02_c05.avi,94,94,1,1.0,0
0.3046154745239644,1.5075995378120677,24.350628841982704,0.9375,840.9922480620155,824.598267197724,0.1314599483204134,Typing/v_Typing_g02_c06.avi,94,94,1,1.0,0
0.6389610778316811,2.5772235079777275,68.1993859943035,0.8785529715762274,279.8759689922481,355.05018769055704,0.2567829457364341,Typing/v_Typing_g03_c01.avi,94,94,1,1.0,0
0.608719182510739,2.8466257180752232,65.80273550544841,0.905846253229974,320.6821705426357,393.2169447659939,0.2613049095607235,Typing/v_Typing_g03_c02.avi,94,94,1,1.0,0
0.5139188860193346,2.871059600230523,65.80273550544841,0.9155361757105944,474.04651162790697,728.0053013315913,0.2403100775193798,Typing/v_Typing_g03_c03.avi,94,94,1,1.0,0
0.3493219549064911,1.769942939484098,63.63961030678928,0.9231266149870802,690.9147286821706,810.5814549163974,0.1327519379844961,Typing/v_Typing_g03_c04.avi,94,94,1,1.0,0
0.3370622389727837,1.5900675673327005,37.38524107184545,0.9320090439276486,745.1162790697674,806.6035944453764,0.1437338501291989,Typing/v_Typing_g03_c05.avi,94,94,1,1.0,0
1.0790082397194,3.868820911385882,63.07138812488592,0.8244509043927648,438.5736434108527,725.4289378026316,0.2906976744186046,Typing/v_Typing_g03_c06.avi,94,94,1,1.0,0
0.4843684055600823,1.503397954715794,21.73850270832837,0.8808947028423773,396.9612403100775,662.2928976054452,0.2464470284237726,Typing/v_Typing_g03_c07.avi,94,94,1,1.0,0
0.4250968637570418,0.926050956286796,19.0,0.8606266149870802,266.9767441860465,236.88850172573763,0.2593669250645994,Typing/v_Typing_g04_c01.avi,94,33,0,0.997814416885376,1
0.6904485058897684,1.3130030737020957,20.0,0.7795542635658915,378.3565891472868,414.791211108881,0.1740956072351421,Typing/v_Typing_g04_c02.avi,94,33,0,0.9576326012611388,1
0.5403429240096835,1.2183100480040483,14.25,0.8422157622739018,342.26356589147287,305.2222857383049,0.1863695090439276,Typing/v_Typing_g04_c03.avi,94,33,0,0.966551661491394,1
0.568065384002941,1.210557508225756,17.67766952966369,0.8362403100775194,265.6124031007752,240.98378182354315,0.2755167958656331,Typing/v_Typing_g04_c04.avi,94,33,0,0.9250187277793884,1
0.5713647370053362,1.2699650596937693,27.95001118067755,0.8369670542635659,264.8062015503876,238.8558670681099,0.2732558139534883,Typing/v_Typing_g05_c01.avi,94,94,1,0.996485710144043,0
0.4523454856510032,1.2678160075900082,17.902513789968157,0.865875322997416,230.2635658914729,218.22104998613645,0.3691860465116279,Typing/v_Typing_g05_c02.avi,94,94,1,0.9999570846557616,0
0.5554917313756639,1.553499586612283,16.55294535724685,0.873062015503876,246.51162790697677,218.93105765132245,0.3000645994832041,Typing/v_Typing_g05_c03.avi,94,94,1,0.9998581409454346,0
0.3923765383587395,0.9246170950955316,13.975424859373684,0.883155684754522,230.51162790697677,191.39249482175128,0.3084625322997416,Typing/v_Typing_g05_c04.avi,94,94,1,0.9999747276306152,0
0.6226701955120513,1.4862715604850425,23.2983368505136,0.8232396640826873,229.7054263565892,214.54969620369377,0.3630490956072351,Typing/v_Typing_g05_c05.avi,94,94,1,0.9994937181472778,0
0.3388994310227208,0.8167610946080843,18.153856339632085,0.8846899224806202,217.05426356589143,200.6312638454177,0.3888888888888889,Typing/v_Typing_g05_c06.avi,94,94,1,0.9999144077301024,0
0.9233752107518028,2.755745426044149,68.81417459361116,0.8056363049095607,398.5736434108527,620.6740618781132,0.2832687338501292,Typing/v_Typing_g06_c01.avi,94,94,1,1.0,0
0.7293703984709904,1.840363795601604,22.54197473603411,0.8172642118863049,355.2248062015504,418.5556790188325,0.2596899224806202,Typing/v_Typing_g06_c02.avi,94,94,1,1.0,0
0.7675314624759029,2.2142134113638945,58.76130210436117,0.8224321705426356,421.953488372093,623.3272295078812,0.2428940568475452,Typing/v_Typing_g06_c03.avi,94,94,1,1.0,0
0.7942998619358465,2.159110046447028,47.0905046161113,0.8030523255813954,323.72093023255815,404.51902680874906,0.2997416020671835,Typing/v_Typing_g06_c04.avi,94,94,1,1.0,0
0.6907186730265816,1.8021820869398628,47.15947015181575,0.8039405684754521,485.5813953488372,774.7562026904691,0.270671834625323,Typing/v_Typing_g06_c05.avi,94,94,1,1.0,0
0.7640085923537459,2.086454829992505,66.16043474010732,0.8030523255813954,339.84496124031006,329.12735099393564,0.276485788113695,Typing/v_Typing_g06_c06.avi,94,94,1,1.0,0
0.8167812662716324,1.9664015731332547,36.003472054789384,0.8125807493540051,395.0387596899225,564.4151037582176,0.2616279069767442,Typing/v_Typing_g06_c07.avi,94,94,1,1.0,0
0.2927039861285078,0.9350430478555432,16.169512206618975,0.9224806201550388,370.3565891472868,435.6257870380864,0.29328165374677,Typing/v_Typing_g07_c01.avi,94,94,1,1.0,0
0.1523973245777084,0.5586438604710943,13.786315678962238,0.9725452196382428,414.3255813953488,507.86427966031886,0.2141472868217054,Typing/v_Typing_g07_c02.avi,94,94,1,1.0,0
0.3129192590783523,0.96446155839288,17.382192755806155,0.921188630490956,325.2093023255814,325.56502284415205,0.3126614987080103,Typing/v_Typing_g07_c03.avi,94,94,1,1.0,0
0.2487289963575394,0.7320596016732372,14.219814520590626,0.9368540051679588,377.6124031007752,567.8063911498876,0.3304263565891472,Typing/v_Typing_g07_c04.avi,94,94,1,0.9999972581863404,0
0.227142900177487,0.7522860255489061,19.313207915827967,0.9457364341085271,338.72868217054264,327.1973482184858,0.2732558139534883,Typing/v_Typing_g07_c05.avi,94,94,1,1.0,0
0.3040463597892297,1.0081364340897014,23.45341126574128,0.9094799741602068,418.1085271317829,582.5259250352217,0.315891472868217,Typing/v_Typing_g07_c06.avi,94,94,1,0.9999984502792358,0
0.1698407700844764,0.8024972836035913,21.3731724364915,0.9777939276485788,334.5736434108527,339.7530515676294,0.3323643410852713,UnevenBars/v_UnevenBars_g01_c01.avi,95,95,1,1.0,0
1.1774278072498006,1.8383909133008256,78.26237921249263,0.6762758397932817,293.7674418604651,257.5581972806907,0.2102713178294573,UnevenBars/v_UnevenBars_g01_c02.avi,95,95,1,1.0,0
3.8060545846624,9.243890579052282,255.0019607767752,0.3994670542635659,323.47286821705427,299.8225334918104,0.231266149870801,UnevenBars/v_UnevenBars_g01_c03.avi,95,95,1,1.0,0
1.7678484976915554,4.865598450632585,135.32922818075923,0.6950904392764858,299.3488372093023,321.54386902559696,0.3905038759689923,UnevenBars/v_UnevenBars_g01_c04.avi,95,95,1,1.0,0
3.617144663019819,6.632823995776223,246.0,0.2973998708010336,223.0077519379845,132.77529517826312,0.2390180878552971,UnevenBars/v_UnevenBars_g02_c01.avi,95,95,1,1.0,0
5.955473059939336,24.20035079336564,303.5000257413498,0.5606427648578811,473.984496124031,603.1660393933493,0.3310723514211886,UnevenBars/v_UnevenBars_g02_c02.avi,95,95,1,1.0,0
2.861302688507626,7.427176445516816,166.90416411821485,0.4797319121447028,250.35658914728683,189.88996399382296,0.2193152454780361,UnevenBars/v_UnevenBars_g02_c03.avi,95,95,1,1.0,0
2.18456406776204,5.203531891965632,68.72044819411468,0.6231427648578811,616.1860465116279,955.501846853361,0.1873385012919896,UnevenBars/v_UnevenBars_g02_c04.avi,95,95,1,1.0,0
0.2208589052893835,1.8950635762349668,148.97000537020867,0.9640665374677002,398.2015503875969,425.5466776762771,0.1689276485788113,UnevenBars/v_UnevenBars_g03_c01.avi,95,95,1,1.0,0
3.296677847537057,4.7190248335763725,26.0,0.4843346253229974,291.5348837209302,430.44613680471423,0.2025193798449612,UnevenBars/v_UnevenBars_g03_c02.avi,95,95,1,0.9999971389770508,0
1.883515853981584,4.670228063211603,127.53528923399986,0.6531815245478036,358.69767441860466,292.3543195065305,0.0930232558139534,UnevenBars/v_UnevenBars_g03_c03.avi,95,95,1,1.0,0
1.3599876038025356,2.054153741636668,14.267533073380276,0.6833010335917312,369.2403100775194,308.9638792564192,0.1156330749354005,UnevenBars/v_UnevenBars_g03_c04.avi,95,95,1,1.0,0
0.6727399188561668,1.4095526945577526,35.174564673923115,0.8089470284237726,400.5581395348837,473.807796490458,0.0675064599483204,UnevenBars/v_UnevenBars_g04_c01.avi,95,95,1,1.0,0
0.6265105896837416,2.698582911553698,111.68769236133409,0.8473837209302325,375.50387596899225,707.1187100763319,0.3078165374677002,UnevenBars/v_UnevenBars_g04_c02.avi,95,95,1,1.0,0
0.7449772087797647,8.557220961803658,210.2379604162864,0.9626130490956072,238.57364341085272,331.61247522361833,0.3401162790697674,UnevenBars/v_UnevenBars_g04_c03.avi,95,95,1,1.0,0
0.1235131707908806,0.5085244328339746,10.816653826391969,0.9862726098191216,376.9302325581396,359.29526598016827,0.2758397932816537,UnevenBars/v_UnevenBars_g04_c04.avi,95,95,1,1.0,0
3.748938045899464,7.24045900722065,93.1343116150004,0.4618055555555556,265.1162790697674,158.35509248643453,0.0985142118863049,UnevenBars/v_UnevenBars_g05_c01.avi,95,56,0,0.9568853378295898,1
1.4337405652511452,2.747041940494471,90.2551937563706,0.6036014211886305,334.015503875969,356.7849977834701,0.398578811369509,UnevenBars/v_UnevenBars_g05_c02.avi,95,95,1,1.0,0
0.6609508333867208,1.489076057293525,29.69559100270611,0.8229974160206718,313.7984496124031,266.11273999039054,0.1614987080103359,UnevenBars/v_UnevenBars_g05_c03.avi,95,95,1,1.0,0
0.7490823550696395,1.401677665549787,34.75089926893979,0.8091085271317829,282.6046511627907,337.2390043053714,0.1792635658914728,UnevenBars/v_UnevenBars_g05_c04.avi,95,95,1,1.0,0
0.1779226160939611,1.756161378826933,89.88882021697692,0.955749354005168,421.2093023255814,454.17303116658974,0.2480620155038759,UnevenBars/v_UnevenBars_g06_c01.avi,95,95,1,1.0,0
2.07363425870427,10.257084087277567,337.9245477913672,0.6433301033591732,317.27131782945736,296.769995556499,0.2428940568475452,UnevenBars/v_UnevenBars_g06_c02.avi,95,95,1,1.0,0
0.2041508702253474,1.2682594980926123,56.43580423808985,0.9777939276485788,194.04651162790697,146.26226102265468,0.3950258397932816,UnevenBars/v_UnevenBars_g06_c03.avi,95,95,1,0.9999982118606568,0
0.3982950396515179,3.2344932126687933,100.44899203078148,0.9371770025839792,232.93023255813952,283.0226710739024,0.5335917312661499,UnevenBars/v_UnevenBars_g06_c04.avi,95,95,1,1.0,0
0.1412636896022925,0.5254204553957408,15.281218047001358,0.9819928940568476,231.13178294573643,314.91894810183345,0.3142764857881137,UnevenBars/v_UnevenBars_g07_c01.avi,95,95,1,1.0,0
4.885794370333435,10.750991768836164,158.4960567332828,0.3241279069767442,253.89147286821705,217.5175388209647,0.2655038759689923,UnevenBars/v_UnevenBars_g07_c02.avi,95,95,1,1.0,0
5.842930393980768,9.433905545991822,255.38402455909412,0.3483527131782946,283.28682170542635,201.13072588766735,0.1098191214470284,UnevenBars/v_UnevenBars_g07_c03.avi,95,95,1,1.0,0
3.5526262319602933,7.418709411410808,234.29255216502293,0.4001130490956072,233.7984496124031,144.62308026879217,0.208656330749354,UnevenBars/v_UnevenBars_g07_c04.avi,95,95,1,1.0,0
0.2745788902290017,1.4780363985189309,122.2620137246234,0.9294250645994832,369.73643410852713,429.5964848964042,0.2667958656330749,VolleyballSpiking/v_VolleyballSpiking_g01_c01.avi,96,96,1,1.0,0
2.3844068194070505,4.174706492778559,60.53924347066124,0.5784076227390181,229.45736434108528,133.14461495786492,0.210594315245478,VolleyballSpiking/v_VolleyballSpiking_g01_c02.avi,96,96,1,1.0,0
1.3860012367417167,1.7828748557247356,24.19613863822077,0.5223675710594315,236.89922480620157,148.71291968090475,0.2015503875968992,VolleyballSpiking/v_VolleyballSpiking_g01_c03.avi,96,96,1,1.0,0
2.8060416165423647,7.536788337994061,241.3565826738521,0.5834140826873385,225.73643410852716,111.87129366810032,0.1989664082687338,VolleyballSpiking/v_VolleyballSpiking_g01_c04.avi,96,96,1,1.0,0
4.307040730951385,7.823132684352265,156.92354826475216,0.4597868217054263,275.968992248062,200.7468202991637,0.1375968992248062,VolleyballSpiking/v_VolleyballSpiking_g02_c01.avi,96,96,1,1.0,0
0.4601818771521994,2.4536307301495506,106.00471687618432,0.9001130490956072,313.30232558139534,449.64790022932186,0.2144702842377261,VolleyballSpiking/v_VolleyballSpiking_g02_c02.avi,96,96,1,1.0,0
0.2156280195009848,0.6562748279688868,12.041594578792296,0.9459786821705426,315.6589147286822,321.8381435404789,0.332687338501292,VolleyballSpiking/v_VolleyballSpiking_g02_c03.avi,96,96,1,1.0,0
1.535823863038633,3.0064449181808928,49.49747468305833,0.6006136950904393,236.89922480620157,149.51144442785292,0.2028423772609819,VolleyballSpiking/v_VolleyballSpiking_g02_c04.avi,96,96,1,1.0,0
4.054303668471969,10.28764252132071,204.0,0.233688630490956,256.8062015503876,168.58619020380124,0.1508397932816537,VolleyballSpiking/v_VolleyballSpiking_g03_c01.avi,96,96,1,0.998991072177887,0
2.178806017684688,4.126743030240694,35.17101079013795,0.5537790697674418,230.13953488372093,132.78651889323578,0.2070413436692506,VolleyballSpiking/v_VolleyballSpiking_g03_c02.avi,96,96,1,0.9999997615814208,0
0.5449099285535334,1.4811020716361412,32.55764119219941,0.8698320413436692,227.03875968992247,196.31000650177057,0.3343023255813953,VolleyballSpiking/v_VolleyballSpiking_g03_c03.avi,96,96,1,1.0,0
0.4376742833927773,2.100429823064284,66.03029607687671,0.9021317829457364,336.62015503875966,305.419147595244,0.2054263565891473,VolleyballSpiking/v_VolleyballSpiking_g03_c04.avi,96,96,1,1.0,0
0.5382452191676107,3.2649441537859434,168.24089871371942,0.8999515503875969,262.69767441860466,174.18882228359303,0.1369509043927648,VolleyballSpiking/v_VolleyballSpiking_g04_c01.avi,96,96,1,1.0,0
1.1099425809541028,3.2788797536235865,122.0,0.7215762273901809,298.9767441860465,223.41134117618975,0.1017441860465116,VolleyballSpiking/v_VolleyballSpiking_g04_c02.avi,96,96,1,1.0,0
0.4096819508301828,1.3770216513718263,47.0,0.9145671834625324,284.2170542635659,242.9739821219998,0.2070413436692506,VolleyballSpiking/v_VolleyballSpiking_g04_c03.avi,96,96,1,1.0,0
0.3057435803306406,0.7786412189248804,15.033296378372908,0.937096253229974,249.3643410852713,205.4020801803022,0.2567829457364341,VolleyballSpiking/v_VolleyballSpiking_g04_c04.avi,96,96,1,1.0,0
0.4699688162804337,1.3300884622675184,52.88667128870941,0.8892926356589147,271.37984496124034,208.5326808287357,0.1731266149870801,VolleyballSpiking/v_VolleyballSpiking_g04_c05.avi,96,96,1,1.0,0
0.6687579218116985,3.13348423588131,152.50081966992832,0.8599806201550387,288.8062015503876,217.7086481181139,0.1262919896640827,VolleyballSpiking/v_VolleyballSpiking_g04_c06.avi,96,96,1,1.0,0
0.6296233052903629,1.6896353881260826,36.23534186398688,0.8455264857881137,270.07751937984494,174.46625636753024,0.1075581395348837,VolleyballSpiking/v_VolleyballSpiking_g04_c07.avi,96,96,1,0.9999953508377076,0
4.0238697843463935,4.485768620147652,30.80584360149873,0.3225129198966408,230.63565891472868,135.1918497832678,0.2083333333333333,VolleyballSpiking/v_VolleyballSpiking_g05_c01.avi,96,96,1,0.9999988079071044,0
2.133298516986076,6.743015146079751,168.0,0.6273417312661499,224.8682170542636,161.1347060256368,0.2758397932816537,VolleyballSpiking/v_VolleyballSpiking_g05_c02.avi,96,96,1,1.0,0
3.5833385735699546,18.05057705628875,300.50010399332643,0.509609173126615,423.8139534883721,387.7778827072633,0.2693798449612403,VolleyballSpiking/v_VolleyballSpiking_g05_c03.avi,96,96,1,1.0,0
3.223494607111636,7.1725891023870805,103.25,0.4746447028423772,400.2480620155039,362.0139196220502,0.2228682170542635,VolleyballSpiking/v_VolleyballSpiking_g05_c04.avi,96,96,1,1.0,0
3.9653188675971016,8.391575042080609,128.5,0.4729489664082687,440.7441860465116,376.0190552459521,0.1824935400516796,VolleyballSpiking/v_VolleyballSpiking_g05_c05.avi,96,96,1,1.0,0
0.9907188482207168,1.2622001144416424,22.13594362117865,0.6389696382428941,228.093023255814,144.12782020129288,0.233204134366925,VolleyballSpiking/v_VolleyballSpiking_g06_c01.avi,96,96,1,1.0,0
1.3690020298201515,1.6249971141407835,20.16339505142921,0.5746931524547804,232.8062015503876,187.3807249574293,0.2900516795865633,VolleyballSpiking/v_VolleyballSpiking_g06_c02.avi,96,96,1,1.0,0
1.982829159565688,4.4908701413205785,38.897300677553446,0.6552002583979328,238.57364341085272,185.0363792093641,0.2600129198966408,VolleyballSpiking/v_VolleyballSpiking_g06_c03.avi,96,96,1,1.0,0
0.2333020216309085,0.5173346885977921,8.273640371686456,0.9498546511627908,570.8527131782946,886.4705305662485,0.1818475452196382,VolleyballSpiking/v_VolleyballSpiking_g06_c04.avi,96,96,1,1.0,0
2.379116261653264,8.475830928214599,176.0,0.6308947028423773,412.15503875968994,375.3774833853922,0.2461240310077519,VolleyballSpiking/v_VolleyballSpiking_g07_c01.avi,96,96,1,1.0,0
1.8302281701982428,7.516436127121942,207.5,0.6241925064599483,390.7596899224806,350.5735007960085,0.2038113695090439,VolleyballSpiking/v_VolleyballSpiking_g07_c02.avi,96,96,1,1.0,0
5.202499937568203,10.858509730114996,383.0,0.4354005167958656,435.2868217054264,367.2862811308812,0.1592377260981912,VolleyballSpiking/v_VolleyballSpiking_g07_c03.avi,96,96,1,1.0,0
3.629617601832842,14.44087467287264,244.0,0.5958494832041343,436.5891472868217,368.57491349651406,0.1614987080103359,VolleyballSpiking/v_VolleyballSpiking_g07_c04.avi,96,96,1,1.0,0
1.802549550304184,7.526768924210815,322.0,0.6740956072351422,434.6046511627907,376.4360496993485,0.1976744186046511,VolleyballSpiking/v_VolleyballSpiking_g07_c05.avi,96,96,1,1.0,0
1.2464598512486516,3.2100949800346106,37.21768732739852,0.7789082687338501,424.3720930232558,380.2626401584442,0.2367571059431524,VolleyballSpiking/v_VolleyballSpiking_g07_c06.avi,96,96,1,1.0,0
3.7198840344281328,10.118169770871123,200.75,0.4410529715762274,397.953488372093,362.54231210884416,0.2309431524547803,VolleyballSpiking/v_VolleyballSpiking_g07_c07.avi,96,96,1,1.0,0
0.2158424906855658,0.5396532960953868,16.649418158001797,0.9593023255813954,305.92248062015506,276.6053806895388,0.2206072351421188,WalkingWithDog/v_WalkingWithDog_g01_c01.avi,97,97,1,1.0,0
1.2605889375354165,2.581193188282092,40.311288741492746,0.7214147286821705,249.92248062015503,112.07428408665588,0.0936692506459948,WalkingWithDog/v_WalkingWithDog_g01_c02.avi,97,97,1,1.0,0
0.4007226876387869,1.0401771073132695,21.820288724029297,0.8958333333333334,531.9069767441861,873.8914789194762,0.0991602067183462,WalkingWithDog/v_WalkingWithDog_g01_c03.avi,97,97,1,1.0,0
1.9277279481412688,5.145671572947231,118.01906625626216,0.7186692506459949,247.1937984496124,267.6308367280242,0.4257105943152455,WalkingWithDog/v_WalkingWithDog_g01_c04.avi,97,97,1,1.0,0
1.0952301149621215,1.459108364252899,21.0,0.6074773901808785,324.6511627906977,249.24060325838045,0.0765503875968992,WalkingWithDog/v_WalkingWithDog_g02_c01.avi,97,97,1,1.0,0
1.6901011605938543,2.6266208981574786,20.460327465610124,0.5517603359173127,307.16279069767444,273.3462690462673,0.2063953488372093,WalkingWithDog/v_WalkingWithDog_g02_c02.avi,97,97,1,1.0,0
2.459429952627294,3.49378050580852,50.75,0.4217538759689923,246.015503875969,156.33486145743902,0.1747416020671834,WalkingWithDog/v_WalkingWithDog_g02_c03.avi,97,97,1,1.0,0
2.2024219480811595,3.855155234107584,88.0,0.4356427648578811,272.9922480620155,182.6482405742489,0.1117571059431524,WalkingWithDog/v_WalkingWithDog_g02_c04.avi,97,97,1,1.0,0
2.349513695514124,3.9239931959516894,46.2709412050371,0.4704457364341085,311.68992248062017,245.49452695866896,0.1117571059431524,WalkingWithDog/v_WalkingWithDog_g02_c05.avi,97,97,1,1.0,0
2.2164628770347186,4.306444490452919,219.0,0.4673772609819121,247.06976744186048,122.3546874913614,0.1188630490956072,WalkingWithDog/v_WalkingWithDog_g02_c06.avi,97,97,1,1.0,0
2.3339994025551745,3.973065052923288,29.8328677803526,0.5991602067183462,566.8217054263566,1037.803811496557,0.1111111111111111,WalkingWithDog/v_WalkingWithDog_g03_c01.avi,97,97,1,0.7800596952438354,0
4.060300182432417,6.603900177509368,84.71717653463199,0.4113372093023256,272.9922480620155,218.83073690132215,0.1905684754521963,WalkingWithDog/v_WalkingWithDog_g03_c02.avi,97,80,0,0.9999693632125854,1
5.382298174306294,9.42918630303069,169.7570414592573,0.4010820413436692,249.73643410852716,142.17782943969723,0.1359819121447028,WalkingWithDog/v_WalkingWithDog_g03_c03.avi,97,97,1,1.0,0
6.08173576583335,7.771016180843591,45.60701700396552,0.2905361757105943,250.29457364341084,160.7152811603851,0.1640826873385013,WalkingWithDog/v_WalkingWithDog_g03_c04.avi,97,97,1,0.9999921321868896,0
7.878973016683097,13.530067149105054,328.9072817679779,0.3544089147286822,237.95348837209303,131.10868090542857,0.170219638242894,WalkingWithDog/v_WalkingWithDog_g03_c05.avi,97,97,1,1.0,0
1.1721907679448935,2.081087043133093,28.5,0.6650516795865633,282.04651162790697,231.03950668797307,0.1847545219638243,WalkingWithDog/v_WalkingWithDog_g04_c01.avi,97,97,1,1.0,0
1.748146120287579,3.036697137318742,34.539832078341085,0.5487726098191215,239.8759689922481,175.20889006824046,0.2351421188630491,WalkingWithDog/v_WalkingWithDog_g04_c02.avi,97,97,1,1.0,0
2.951028336674081,3.5053313117629914,23.098971838590565,0.3183947028423772,316.5891472868217,498.5523479065652,0.1237080103359173,WalkingWithDog/v_WalkingWithDog_g04_c03.avi,97,97,1,1.0,0
4.474998093102291,9.14728165559611,113.65298060323803,0.6066698966408268,279.8139534883721,321.6399298228734,0.1343669250645995,WalkingWithDog/v_WalkingWithDog_g04_c04.avi,97,97,1,1.0,0
3.501679620675954,4.850051666666373,32.094586770980555,0.3528746770025839,416.8062015503876,824.3749248404678,0.1805555555555555,WalkingWithDog/v_WalkingWithDog_g04_c05.avi,97,97,1,1.0,0
3.424189682896225,11.897747245004776,306.1474318036981,0.8285691214470284,212.65116279069767,138.9366400216602,0.2955426356589147,WalkingWithDog/v_WalkingWithDog_g05_c01.avi,97,97,1,1.0,0
1.2713788078102473,2.2613597653133954,39.20459156782532,0.6421996124031008,238.57364341085272,182.4442476247928,0.2548449612403101,WalkingWithDog/v_WalkingWithDog_g05_c02.avi,97,97,1,1.0,0
10.80355993654159,10.760584484746516,214.03737991294884,0.3053940568475452,349.2093023255814,622.7187411754533,0.1088501291989664,WalkingWithDog/v_WalkingWithDog_g05_c03.avi,97,97,1,1.0,0
8.09342373726332,11.908612309960567,225.8583626966245,0.3782299741602067,242.04651162790697,113.85301693225108,0.1295219638242894,WalkingWithDog/v_WalkingWithDog_g05_c04.avi,97,97,1,1.0,0
6.6653591338671,10.91525777112027,118.11362379082271,0.3675710594315245,308.5891472868217,491.3962642963305,0.1136950904392764,WalkingWithDog/v_WalkingWithDog_g05_c05.avi,97,97,1,1.0,0
0.1306763776386995,1.1462410755046808,111.73182178770736,0.964874031007752,358.38759689922483,336.1253067855304,0.2432170542635658,WalkingWithDog/v_WalkingWithDog_g06_c01.avi,97,97,1,0.999267280101776,0
6.024930969334023,10.40318107907543,59.88739433303139,0.55531330749354,618.2945736434109,1154.4698733272198,0.1492248062015503,WalkingWithDog/v_WalkingWithDog_g06_c02.avi,97,97,1,0.9999997615814208,0
3.2230767536713194,7.785755917180463,69.60064654872109,0.7223029715762274,868.5271317829457,1405.2783226082115,0.2748708010335917,WalkingWithDog/v_WalkingWithDog_g06_c03.avi,97,97,1,0.9999314546585084,0
3.9953799835246415,5.413859448416205,219.9136194054384,0.3568313953488372,263.93798449612405,169.98457531199634,0.1240310077519379,WalkingWithDog/v_WalkingWithDog_g06_c04.avi,97,97,1,1.0,0
1.658633738964041,15.85843572231392,396.14643757075487,0.9652777777777778,262.8217054263566,351.32437030796103,0.3107235142118863,WalkingWithDog/v_WalkingWithDog_g06_c05.avi,97,97,1,1.0,0
0.1401429716910303,0.5844998952580458,16.02000702247037,0.9689114987080104,440.4341085271318,454.7687008136215,0.2073643410852713,WalkingWithDog/v_WalkingWithDog_g07_c01.avi,97,26,0,0.9593663215637208,1
0.1538853485666468,0.8513771786750068,20.615528128088304,0.9656815245478036,381.27131782945736,614.0025976757157,0.2855297157622739,WalkingWithDog/v_WalkingWithDog_g07_c02.avi,97,83,0,0.9717795252799988,1
1.5892252485768985,4.623529475397242,343.00227768923054,0.6046511627906976,308.9612403100775,343.86251992069964,0.436046511627907,WalkingWithDog/v_WalkingWithDog_g07_c03.avi,97,80,0,0.9792405962944032,1
0.9379322754328177,3.9497338209769257,94.37855953552165,0.8602228682170543,538.7286821705426,423.8496104494001,0.230297157622739,WalkingWithDog/v_WalkingWithDog_g07_c04.avi,97,97,1,0.9995868802070618,0
3.029372819402941,4.39722891483312,108.5,0.3683785529715762,235.72093023255812,125.00982762881418,0.1715116279069767,WalkingWithDog/v_WalkingWithDog_g07_c05.avi,97,97,1,1.0,0
2.1713766439210618,2.790193812055409,29.27456233660889,0.4144056847545219,255.56589147286823,153.8147403225203,0.1301679586563307,WalkingWithDog/v_WalkingWithDog_g07_c06.avi,97,80,0,0.9999988079071044,1
0.2544917929694235,0.7668693952147406,25.632011235952596,0.9248223514211886,784.2480620155038,755.4201873099956,0.0936692506459948,WallPushups/v_WallPushups_g01_c01.avi,98,98,1,0.999992847442627,0
1.3354665443161555,3.82672007836217,77.92945527847606,0.7379683462532299,669.3953488372093,734.6027605395451,0.1479328165374677,WallPushups/v_WallPushups_g01_c02.avi,98,98,1,0.9999997615814208,0
0.464936405673666,0.8063210174140921,6.504805915628844,0.8419735142118863,712.7441860465116,634.343172218805,0.0888242894056847,WallPushups/v_WallPushups_g01_c03.avi,98,98,1,0.9999996423721312,0
0.406299955930609,1.1125193864815208,12.095970403402944,0.898578811369509,771.8449612403101,620.6765806951703,0.0613695090439276,WallPushups/v_WallPushups_g01_c04.avi,98,98,1,0.999998927116394,0
0.2506640066719042,0.6389270258088392,9.80114789195633,0.9111757105943152,341.3333333333333,411.6617361535073,0.272609819121447,WallPushups/v_WallPushups_g02_c01.avi,98,98,1,0.9999959468841552,0
0.2896655339630733,0.9201581768234752,19.557607215607945,0.9299903100775194,298.4186046511628,297.7348775811889,0.313953488372093,WallPushups/v_WallPushups_g02_c02.avi,98,98,1,0.999975085258484,0
0.2473135492085333,4.165537772243698,228.3965849131725,0.9509851421188632,345.5503875968992,413.250397304035,0.2661498708010336,WallPushups/v_WallPushups_g02_c03.avi,98,98,1,0.9999964237213136,0
0.1700542655682939,0.607135190832143,16.55294535724685,0.9580103359173128,275.5968992248062,266.65605170868673,0.3062015503875969,WallPushups/v_WallPushups_g02_c04.avi,98,98,1,0.9999996423721312,0
0.0915463442757188,0.3781788714019017,7.280109889280518,0.9916828165374676,839.5038759689922,599.0257739796792,0.0397286821705426,WallPushups/v_WallPushups_g03_c01.avi,98,98,1,0.999968409538269,0
0.0994785168434524,0.3551799647926602,4.875,0.972625968992248,684.5891472868217,399.7695772829372,0.0778423772609819,WallPushups/v_WallPushups_g03_c02.avi,98,98,1,0.9999788999557496,0
0.1076111711882648,0.433939519169868,16.0,0.9794089147286822,767.5658914728682,575.4655660865704,0.0927002583979328,WallPushups/v_WallPushups_g03_c03.avi,98,98,1,0.9999940395355223,0
0.1666626522056571,0.5973199285983453,16.347782724271816,0.9685077519379846,686.8217054263566,534.1809705486675,0.0985142118863049,WallPushups/v_WallPushups_g03_c04.avi,98,98,1,0.999997854232788,0
0.1552456811866602,0.6333382243415965,17.11724276862369,0.9633397932816538,618.1085271317829,479.7363817491848,0.1204780361757106,WallPushups/v_WallPushups_g03_c05.avi,98,98,1,0.9993273019790648,0
0.1988796024008039,1.715452323446206,67.51157308195388,0.9544573643410852,443.6589147286822,396.3955525083936,0.2616279069767442,WallPushups/v_WallPushups_g04_c01.avi,98,98,1,0.9999995231628418,0
0.1665126595546801,0.9671738896909324,33.52610922848042,0.9552648578811368,452.7751937984496,543.792955930413,0.3330103359173126,WallPushups/v_WallPushups_g04_c02.avi,98,98,1,0.999998927116394,0
0.1010427036553741,0.9996113774626324,31.51586901863885,0.98078165374677,385.9224806201551,375.2706436776659,0.3142764857881137,WallPushups/v_WallPushups_g04_c03.avi,98,98,1,0.9999964237213136,0
0.1536808050081795,0.9974671336931392,30.56550343115585,0.9612403100775194,424.86821705426354,392.8599841284159,0.2884366925064599,WallPushups/v_WallPushups_g04_c04.avi,98,98,1,0.9999991655349731,0
0.2866338997780344,0.7648024426691087,5.75,0.882671188630491,1187.1007751937984,1121.7308044251515,0.04328165374677,WallPushups/v_WallPushups_g05_c01.avi,98,99,0,0.984965205192566,1
0.2201830637745797,0.6795186289472864,60.86563069582044,0.9436369509043928,1249.3023255813953,1143.513222483497,0.0397286821705426,WallPushups/v_WallPushups_g05_c02.avi,98,99,0,0.9990261793136596,1
0.1967077448632375,0.4938506124850962,4.373213921133975,0.9195736434108528,1084.7131782945737,965.6850337454632,0.0403746770025839,WallPushups/v_WallPushups_g05_c03.avi,98,99,0,0.9677007794380188,1
0.16278921283541,0.3652445488342864,15.132745950421556,0.9688307493540051,1305.860465116279,1190.663008216291,0.0358527131782945,WallPushups/v_WallPushups_g05_c04.avi,98,99,0,0.8132716417312622,1
0.158854836114678,0.3140796164427316,7.5374067158406675,0.9579295865633076,1331.4728682170542,1201.7879579091705,0.0381136950904392,WallPushups/v_WallPushups_g05_c05.avi,98,45,0,0.7875763773918152,1
0.9004660210849929,1.9546618388494807,21.470910553583888,0.7764050387596899,533.5193798449612,781.9871636050212,0.2638888888888889,WallPushups/v_WallPushups_g06_c01.avi,98,98,1,1.0,0
0.2981554989697742,1.1502275501550272,17.34394707095245,0.9207848837209304,569.3023255813954,598.5083603730629,0.1782945736434108,WallPushups/v_WallPushups_g06_c02.avi,98,98,1,1.0,0
0.0769473423451146,0.2187651166741754,2.5,0.9885335917312662,729.6124031007752,839.0440510104852,0.0862403100775193,WallPushups/v_WallPushups_g06_c03.avi,98,98,1,1.0,0
0.2273414698088295,1.0944559759983234,14.75,0.9527616279069768,656.9922480620155,539.1162520952607,0.1169250645994832,WallPushups/v_WallPushups_g06_c04.avi,98,98,1,1.0,0
0.323522502842089,1.2123938757826525,15.632997953047903,0.9156976744186046,663.0697674418604,647.7604134801994,0.1563307493540051,WallPushups/v_WallPushups_g06_c05.avi,98,98,1,1.0,0
0.1821255230915996,0.926979546664096,13.271209439986997,0.9641472868217056,585.0542635658915,477.8924063994166,0.1246770025839793,WallPushups/v_WallPushups_g06_c06.avi,98,98,1,1.0,0
0.1758782892882448,0.7316421415358215,17.43245894875419,0.954780361757106,619.9069767441861,596.17477591701,0.1382428940568475,WallPushups/v_WallPushups_g06_c07.avi,98,98,1,1.0,0
0.1761013162310228,0.586580468501675,9.410765112359355,0.9347545219638242,1456.186046511628,1320.7107187404808,0.0397286821705426,WallPushups/v_WallPushups_g07_c01.avi,98,47,0,0.7086926102638245,1
0.201323652207969,0.3936485589738483,6.373774391990981,0.9631782945736436,1230.5116279069769,1041.663436519239,0.0329457364341085,WallPushups/v_WallPushups_g07_c02.avi,98,47,0,0.9859662652015686,1
0.2088457327545363,0.5208170747484161,7.211102550927978,0.9219153746770026,1489.860465116279,1298.4952576033493,0.0284237726098191,WallPushups/v_WallPushups_g07_c03.avi,98,98,1,0.6934149265289307,0
0.1308363847990266,0.3928699340741329,6.879543952908507,0.9493701550387597,1512.124031007752,1307.1103759835687,0.0274547803617571,WallPushups/v_WallPushups_g07_c04.avi,98,47,0,0.9777672290802002,1
0.2477414508607513,0.5385339973243267,6.427480066091221,0.9209463824289406,1205.5193798449611,1056.088931397243,0.0403746770025839,WallPushups/v_WallPushups_g07_c05.avi,98,47,0,0.9797653555870056,1
0.2062463197061222,0.4585187851770786,7.106335201775948,0.9335432816537468,1613.953488372093,1373.3956890739469,0.0268087855297157,WallPushups/v_WallPushups_g07_c06.avi,98,47,0,0.782897412776947,1
1.5692189817084534,5.675684194530566,90.0,0.748546511627907,549.7054263565891,777.7311107755874,0.210594315245478,WritingOnBoard/v_WritingOnBoard_g01_c01.avi,99,99,1,1.0,0
0.4661999454610438,1.4927531724628775,59.22124829822485,0.8716892764857881,824.6821705426356,1026.0067695841476,0.1350129198966408,WritingOnBoard/v_WritingOnBoard_g01_c02.avi,99,99,1,1.0,0
0.2862567830192572,0.7310261345367375,18.25,0.913921188630491,440.6821705426357,374.7967301176954,0.1776485788113695,WritingOnBoard/v_WritingOnBoard_g01_c03.avi,99,99,1,1.0,0
0.3130217402359547,1.0215692889548798,10.761621625015442,0.9403262273901808,614.6976744186046,643.0645934818217,0.1240310077519379,WritingOnBoard/v_WritingOnBoard_g01_c04.avi,99,99,1,1.0,0
0.375736367660232,1.1427492463192577,22.5,0.9108527131782944,649.922480620155,774.0208279192242,0.1356589147286821,WritingOnBoard/v_WritingOnBoard_g01_c05.avi,99,99,1,1.0,0
0.8227808646568086,2.43627787619427,31.375,0.7969961240310077,531.968992248062,730.4775112126016,0.1737726098191214,WritingOnBoard/v_WritingOnBoard_g01_c06.avi,99,99,1,1.0,0
0.2322952582676547,0.5951494980406329,11.04536101718726,0.9458979328165374,645.3333333333334,641.9654574654398,0.1130490956072351,WritingOnBoard/v_WritingOnBoard_g01_c07.avi,99,99,1,1.0,0
0.669281796753077,1.8133167049539924,29.516944286290883,0.8404392764857881,235.84496124031008,197.95068094607305,0.2987726098191214,WritingOnBoard/v_WritingOnBoard_g02_c01.avi,99,99,1,1.0,0
0.1847686056418478,0.5437229217009263,15.5,0.9706072351421188,393.05426356589146,554.1751368717142,0.2047803617571059,WritingOnBoard/v_WritingOnBoard_g02_c02.avi,99,99,1,1.0,0
0.2211631704739293,0.5247281850250095,15.66544764760969,0.9497739018087856,272.6821705426357,365.3066670619904,0.3252583979328165,WritingOnBoard/v_WritingOnBoard_g02_c03.avi,99,99,1,1.0,0
1.129567209204166,6.357496980931936,200.5,0.8931686046511628,262.38759689922483,341.8332770569996,0.2768087855297158,WritingOnBoard/v_WritingOnBoard_g02_c04.avi,99,99,1,1.0,0
0.8136361292479388,2.653604073193108,38.0,0.8599806201550387,250.9767441860465,340.5299213962613,0.3194444444444444,WritingOnBoard/v_WritingOnBoard_g02_c05.avi,99,99,1,1.0,0
0.3318505708819992,0.8113584001728223,17.392527130926087,0.9056040051679588,328.1240310077519,585.5957677621657,0.2651808785529715,WritingOnBoard/v_WritingOnBoard_g02_c06.avi,99,99,1,1.0,0
0.6162519130102494,1.4187759719174402,20.976921842825277,0.8401970284237726,242.72868217054264,219.84743659839089,0.3184754521963824,WritingOnBoard/v_WritingOnBoard_g02_c07.avi,99,99,1,1.0,0
0.9906531370774184,3.1733242701637705,51.6050203468616,0.8209786821705426,939.906976744186,997.8885572758226,0.1291989664082687,WritingOnBoard/v_WritingOnBoard_g03_c01.avi,99,99,1,0.9999929666519164,0
0.5295298814440154,1.6028153236261442,55.71355310873648,0.8172642118863049,520.2480620155038,475.0707500309863,0.1715116279069767,WritingOnBoard/v_WritingOnBoard_g03_c02.avi,99,99,1,1.0,0
1.4412075972168177,4.303933049004109,103.87981336621664,0.6933947028423773,653.0852713178294,694.8977732079896,0.1669896640826873,WritingOnBoard/v_WritingOnBoard_g03_c03.avi,99,99,1,1.0,0
1.5514615123550577,4.225595065339362,89.88056311016304,0.6960594315245479,997.1472868217054,1203.7594025538594,0.1463178294573643,WritingOnBoard/v_WritingOnBoard_g03_c04.avi,99,99,1,1.0,0
0.5765241653956719,1.720823090305785,33.80920732581585,0.8529554263565892,374.8837209302326,492.319673482365,0.2348191214470284,WritingOnBoard/v_WritingOnBoard_g03_c05.avi,99,99,1,1.0,0
0.6628055385016351,2.2334942068950223,50.32891812864648,0.841812015503876,356.52713178294573,332.2363517887723,0.2348191214470284,WritingOnBoard/v_WritingOnBoard_g03_c06.avi,99,99,1,1.0,0
1.259606823163125,4.148312516615007,73.38011055456376,0.8268733850129198,574.8217054263566,740.7427913518478,0.2154392764857881,WritingOnBoard/v_WritingOnBoard_g03_c07.avi,99,99,1,0.9999998807907104,0
0.4574715845775273,1.712748100636057,45.22167621838005,0.8712047803617571,749.5193798449612,884.3808073534382,0.2009043927648579,WritingOnBoard/v_WritingOnBoard_g04_c01.avi,99,99,1,1.0,0
0.3293379588468467,1.4289535360650285,44.01136216933077,0.9011627906976744,552.6821705426356,546.28978289129,0.1989664082687338,WritingOnBoard/v_WritingOnBoard_g04_c02.avi,99,99,1,1.0,0
0.2770770458142109,1.2359563175023442,36.133433271694514,0.924499354005168,844.9612403100775,1084.683817060903,0.1883074935400517,WritingOnBoard/v_WritingOnBoard_g04_c03.avi,99,99,1,1.0,0
0.1532148035402189,0.3566365653638951,5.875,0.9508236434108528,552.4341085271318,648.6854906758379,0.2015503875968992,WritingOnBoard/v_WritingOnBoard_g04_c04.avi,99,99,1,1.0,0
1.1603918174716703,2.207589937457481,23.00135865552294,0.6701388888888888,295.0077519379845,284.6149172174539,0.2852067183462532,WritingOnBoard/v_WritingOnBoard_g05_c01.avi,99,99,1,1.0,0
1.585117646895518,3.699174635156528,42.57530093845492,0.6617409560723514,251.10077519379848,239.9872039534912,0.3330103359173126,WritingOnBoard/v_WritingOnBoard_g05_c02.avi,99,99,1,1.0,0
1.632562138193508,6.226663937461406,130.01015585330248,0.7473352713178295,283.7829457364341,280.05948873146923,0.313953488372093,WritingOnBoard/v_WritingOnBoard_g05_c03.avi,99,99,1,1.0,0
0.8667432519650193,1.7289058445531615,19.846677933598865,0.7550872093023255,401.73643410852713,619.2568379180117,0.2655038759689923,WritingOnBoard/v_WritingOnBoard_g05_c04.avi,99,99,1,1.0,0
0.6692898092720522,1.662982882809454,27.0,0.8172642118863049,256.6821705426357,239.291006530002,0.3078165374677002,WritingOnBoard/v_WritingOnBoard_g05_c05.avi,99,99,1,1.0,0
1.4020005302851222,4.1623827701712806,128.29470468417628,0.7250484496124031,294.8217054263566,391.1188968419437,0.3456072351421189,WritingOnBoard/v_WritingOnBoard_g05_c06.avi,99,99,1,1.0,0
0.2141856893148266,0.4739259510840798,5.038911092686593,0.9415374677002584,1062.077519379845,1035.7249164319053,0.0329457364341085,WritingOnBoard/v_WritingOnBoard_g06_c01.avi,99,99,1,0.999998927116394,0
1.359613306536816,3.6811939254274617,50.21951811795888,0.7332848837209303,617.2403100775193,1012.3729188136114,0.1327519379844961,WritingOnBoard/v_WritingOnBoard_g06_c02.avi,99,99,1,1.0,0
1.1056031666699329,3.005991569714349,44.7213595499958,0.7452357881136951,521.4263565891473,682.0004862031252,0.1459948320413436,WritingOnBoard/v_WritingOnBoard_g06_c03.avi,99,99,1,1.0,0
0.2416246618973893,0.5789264271480791,5.024937810560445,0.9348352713178296,594.7286821705426,729.7275667915203,0.1156330749354005,WritingOnBoard/v_WritingOnBoard_g06_c04.avi,99,99,1,1.0,0
0.2391847726161698,0.5648650640138608,4.527692569068709,0.924499354005168,632.1240310077519,808.1725102487312,0.0978682170542635,WritingOnBoard/v_WritingOnBoard_g06_c05.avi,99,99,1,1.0,0
0.2265909929319629,0.4990141275778035,4.031128874149275,0.9334625322997416,511.4418604651163,579.0613616649646,0.1166020671834625,WritingOnBoard/v_WritingOnBoard_g06_c06.avi,99,99,1,1.0,0
2.195590524214769,6.092025246432912,84.52995031348357,0.7414405684754521,539.2868217054264,950.7281517387096,0.189922480620155,WritingOnBoard/v_WritingOnBoard_g06_c07.avi,99,99,1,1.0,0
3.17011555974423,6.737979076747803,45.48626166217664,0.633155684754522,600.3720930232558,695.3473625246867,0.1779715762273901,WritingOnBoard/v_WritingOnBoard_g07_c01.avi,99,99,1,1.0,0
0.7315051574595046,1.876824634559623,28.06799779107872,0.8317183462532299,785.6124031007752,938.5719014064556,0.1253229974160206,WritingOnBoard/v_WritingOnBoard_g07_c02.avi,99,99,1,1.0,0
0.4393353694849826,0.7771959527133858,6.596637400979381,0.8323643410852714,794.7906976744187,754.6729018261328,0.1046511627906976,WritingOnBoard/v_WritingOnBoard_g07_c03.avi,99,99,1,1.0,0
0.3453489288143712,1.0329985297615412,14.54357676089345,0.8696705426356589,790.5116279069767,753.8418923766449,0.0907622739018087,WritingOnBoard/v_WritingOnBoard_g07_c04.avi,99,99,1,1.0,0
0.6857129627137046,2.1966984779919456,25.378386473532945,0.8433462532299741,800.8062015503876,867.804054594609,0.1185400516795865,WritingOnBoard/v_WritingOnBoard_g07_c05.avi,99,99,1,1.0,0
0.4004032048186691,1.8990583642578656,37.21558813185679,0.9137596899224806,985.7984496124031,878.130355139686,0.0633074935400516,WritingOnBoard/v_WritingOnBoard_g07_c06.avi,99,99,1,1.0,0
0.3660645247827431,0.911341874469371,6.5,0.8717700258397932,963.1007751937984,886.3972182966563,0.0600775193798449,WritingOnBoard/v_WritingOnBoard_g07_c07.avi,99,99,1,1.0,0
0.6479195184925696,1.3746516467623853,18.884517468021254,0.8171834625322998,360.49612403100775,333.4465572983535,0.2270671834625323,YoYo/v_YoYo_g01_c01.avi,100,20,0,0.7667270302772522,1
0.7883432796164797,1.4342821371571317,13.64734406395618,0.7713985788113695,326.8837209302326,287.7729409603088,0.1812015503875969,YoYo/v_YoYo_g01_c02.avi,100,100,1,0.9999997615814208,0
0.4475303236164015,1.259972229009049,30.998235836898846,0.8910691214470284,315.16279069767444,317.6103309661039,0.3197674418604651,YoYo/v_YoYo_g01_c03.avi,100,100,1,0.9999111890792848,0
2.7014667546774414,3.859842333319467,27.51363298439521,0.3280846253229974,338.72868217054264,329.7348653469861,0.2822997416020671,YoYo/v_YoYo_g01_c04.avi,100,100,1,0.9996910095214844,0
0.2670325839929582,0.930901939103268,19.71238506624706,0.9463824289405685,555.3488372093024,782.9793689913482,0.2496770025839793,YoYo/v_YoYo_g01_c05.avi,100,100,1,1.0,0
0.3820801528089278,1.1958128433128494,21.9875675098452,0.9085109819121449,353.2403100775194,346.0618929092524,0.2958656330749354,YoYo/v_YoYo_g01_c06.avi,100,100,1,0.9999985694885254,0
1.5083658596157414,2.865381053225992,27.75,0.6416343669250646,361.7984496124031,414.5654936493485,0.2215762273901808,YoYo/v_YoYo_g01_c07.avi,100,100,1,1.0,0
0.3257939237137184,1.0358039055583483,17.329526825623372,0.8996285529715762,401.1162790697674,374.3817979886634,0.2700258397932816,YoYo/v_YoYo_g02_c01.avi,100,45,0,0.9999997615814208,1
0.4650041157227409,1.5289420511933811,56.92099788303083,0.869751291989664,525.3333333333334,692.7536037838819,0.2212532299741602,YoYo/v_YoYo_g02_c02.avi,100,100,1,0.8823314905166626,0
1.329381274730611,7.365409777650323,258.93628559937287,0.833171834625323,319.2558139534884,466.5904081502597,0.2777777777777778,YoYo/v_YoYo_g02_c03.avi,100,45,0,0.9868055582046508,1
0.5848171605763675,2.6574678963941016,93.90420650854784,0.8884043927648578,318.13953488372096,464.9255795108553,0.2732558139534883,YoYo/v_YoYo_g02_c04.avi,100,45,0,0.999302625656128,1
0.9074176073561308,4.689580260857141,93.43446901438462,0.8861434108527132,449.48837209302326,845.3442500115456,0.2971576227390181,YoYo/v_YoYo_g02_c05.avi,100,45,0,0.9821511507034302,1
0.3462023020226905,1.8174103521412857,57.0087712549569,0.9146479328165374,571.1627906976744,594.2337231134187,0.1492248062015503,YoYo/v_YoYo_g03_c01.avi,100,45,0,0.9586474299430848,1
0.6340435901927606,2.3922494660957114,84.59905436823747,0.8569121447028424,410.5426356589147,366.84413621485606,0.2157622739018088,YoYo/v_YoYo_g03_c02.avi,100,100,1,0.7611501216888428,0
0.5372865326681011,1.9457762855907572,65.26963306163135,0.8684593023255814,203.1627906976744,114.31676314695956,0.3062015503875969,YoYo/v_YoYo_g03_c03.avi,100,100,1,0.8339455127716064,0
1.0581879645798629,4.331325396964868,151.6443206981389,0.7349806201550387,229.95348837209303,158.9930455533917,0.2493540051679586,YoYo/v_YoYo_g03_c04.avi,100,100,1,0.6857061386108398,0
0.9187255368130246,1.6745596422115012,29.81715110469141,0.716812015503876,246.8217054263566,164.0755379833733,0.1847545219638243,YoYo/v_YoYo_g03_c05.avi,100,100,1,0.9999663829803468,0
2.6576867734657785,8.090192563253824,281.0,0.4285368217054263,328.2480620155039,395.4964308781174,0.2451550387596899,YoYo/v_YoYo_g03_c06.avi,100,100,1,0.9999866485595704,0
0.2846966705895458,1.1984015786822768,30.066592756745816,0.9285368217054264,535.1317829457364,425.0800814629062,0.2399870801033591,YoYo/v_YoYo_g04_c01.avi,100,100,1,0.9988524913787842,0
0.1938996577847429,0.8696494676665812,18.560711193270585,0.9459786821705426,531.2868217054264,545.7746815349967,0.2186692506459948,YoYo/v_YoYo_g04_c02.avi,100,100,1,0.9992586970329284,0
0.4173670205552539,2.539990740807146,112.0714058089752,0.9190083979328164,584.9302325581396,700.1442175474009,0.2222222222222222,YoYo/v_YoYo_g04_c03.avi,100,45,0,0.9999992847442628,1
0.3014082905949021,1.0679431000773298,21.357083134173543,0.9089147286821704,557.8914728682171,651.9607307372216,0.2196382428940568,YoYo/v_YoYo_g04_c04.avi,100,100,1,0.9999998807907104,0
0.3120651079214794,1.1759998348101546,21.634752136319936,0.9265180878552972,731.7829457364342,1075.786476041939,0.2325581395348837,YoYo/v_YoYo_g04_c05.avi,100,100,1,0.9644408226013184,0
0.2202198374445264,0.6697205318391888,12.619429464123964,0.9358850129198968,400.2480620155039,433.5544104692392,0.2009043927648579,YoYo/v_YoYo_g05_c01.avi,100,2,0,0.9999959468841552,1
1.4735185931424304,2.958986174594053,56.01897000124154,0.5034722222222222,267.84496124031006,153.43622009617414,0.0791343669250646,YoYo/v_YoYo_g05_c02.avi,100,100,1,0.9666393995285034,0
2.490510402240776,4.345331696983387,37.25,0.4084302325581395,255.75193798449607,198.344623390772,0.2144702842377261,YoYo/v_YoYo_g05_c03.avi,100,34,0,0.7404518127441406,1
2.076767531474727,3.0693115711260752,44.364963653766246,0.5159076227390181,254.13953488372093,166.55267780346432,0.1582687338501292,YoYo/v_YoYo_g05_c04.avi,100,34,0,0.9987499713897704,1
0.776916145146004,1.2238421824797916,18.49493173818168,0.7844799741602068,247.13178294573643,177.17644951054356,0.2076873385012919,YoYo/v_YoYo_g05_c05.avi,100,45,0,0.8108025193214417,1
0.7323734363527701,2.353088452583308,37.64306044943742,0.8418927648578811,535.8139534883721,897.2507688104154,0.3191214470284237,YoYo/v_YoYo_g06_c01.avi,100,100,1,0.9999995231628418,0
1.133170232233653,6.517199388396032,292.138665705175,0.8624838501291989,286.3255813953488,282.7377551421131,0.3123385012919896,YoYo/v_YoYo_g06_c02.avi,100,100,1,0.9994733929634094,0
0.8433326391895085,3.649300688944936,94.02866916531362,0.8712047803617571,490.91472868217056,888.7502594860684,0.2984496124031007,YoYo/v_YoYo_g06_c03.avi,100,100,1,0.999983549118042,0
0.3622371507449494,2.116009652524205,109.31784220793968,0.8947835917312662,739.1007751937984,841.2027181959021,0.1156330749354005,YoYo/v_YoYo_g06_c04.avi,100,100,1,1.0,0
0.2533278986437792,0.7504863706075504,16.271620232785672,0.936046511627907,731.9069767441861,917.2794916301566,0.1724806201550387,YoYo/v_YoYo_g07_c01.avi,100,45,0,0.992584764957428,1
0.2479844577358267,0.9168658909127018,14.422205101855956,0.9454941860465116,862.8837209302326,890.7881331198147,0.1363049095607235,YoYo/v_YoYo_g07_c02.avi,100,45,0,0.999019742012024,1
0.269977694117182,0.8749003236095908,13.767034902258365,0.9141634366925064,678.015503875969,649.7639163930631,0.1753875968992248,YoYo/v_YoYo_g07_c03.avi,100,100,1,0.9859485626220704,0
0.4924404263060679,2.1503678250399734,34.36568055487916,0.9174741602067183,838.3255813953489,864.6656490773929,0.1621447028423772,YoYo/v_YoYo_g07_c04.avi,100,100,1,0.9999958276748656,0
