av1_mv_mean,av1_mv_std,av1_mv_max,av1_mv_sparsity,av1_block_area_mean,av1_block_area_std,av1_fine_partition_frac,av1_total_frames,av1_usable_frames,clip_path
0.3892701520331786,4.874138722610746,190.67249408344142,0.9443313953488373,977.2279069767442,1465.3685746890837,0.15523255813953488,311,308,Kayaking/v_Kayaking_g16_c07.avi
3.8550912867654485,18.327176122732084,288.00694436072195,0.5289244186046511,272.8558139534884,193.98473363850718,0.13546511627906976,169,166,Kayaking/v_Kayaking_g17_c01.avi
3.0208225948030827,21.291988348719478,407.6137877942796,0.42950581395348836,239.47906976744187,128.90273340082607,0.16046511627906976,155,153,Kayaking/v_Kayaking_g17_c02.avi
2.1640442112126292,6.468716467671651,212.8755504984074,0.5902616279069768,216.26046511627908,120.92883577010862,0.2534883720930233,175,172,Kayaking/v_Kayaking_g17_c03.avi
2.8081746627919513,10.051445131478918,122.56018929489298,0.4498546511627907,213.35813953488372,115.01011933750458,0.2593023255813954,198,195,Kayaking/v_Kayaking_g17_c04.avi
3.1512628677123287,6.666349180581809,76.63631645636421,0.4247093023255814,230.32558139534885,152.0886707292718,0.23604651162790696,155,153,Kayaking/v_Kayaking_g17_c05.avi
1.2291680603736337,2.1524379186067497,54.62600113499065,0.6188953488372093,249.86046511627907,400.2132908892893,0.29941860465116277,152,150,Kayaking/v_Kayaking_g17_c06.avi
5.0882490388822,29.61850319375572,332.10389940499044,0.9523255813953488,164.8,145.5856880264662,0.5401162790697674,165,162,Kayaking/v_Kayaking_g18_c01.avi
2.9332413002329805,16.887411776426376,354.1073283624613,0.5854651162790697,195.27441860465117,152.9809048625643,0.4,183,180,Kayaking/v_Kayaking_g18_c02.avi
5.4776271484781125,26.620082334725698,313.5003987238294,0.8088662790697675,238.0279069767442,168.5765830045197,0.23081395348837208,168,165,Kayaking/v_Kayaking_g18_c03.avi
3.587181724953524,16.067336947640698,309.6575729737608,0.5197674418604651,225.63720930232557,142.6155623186608,0.24186046511627907,158,156,Kayaking/v_Kayaking_g18_c04.avi
3.3581103786031123,14.374698244095768,255.27056724189728,0.5109011627906976,208.2232558139535,143.55262034530867,0.32325581395348835,158,156,Kayaking/v_Kayaking_g18_c05.avi
1.0007754623328013,5.554464863859274,252.93675098727746,0.9161337209302326,223.73953488372092,170.7563668185933,0.2982558139534884,156,154,Kayaking/v_Kayaking_g18_c06.avi
6.222467349852843,16.167882710176226,219.03652663425797,0.8005813953488372,143.3674418604651,150.5197502623404,0.661046511627907,162,160,Kayaking/v_Kayaking_g18_c07.avi
1.8461033385902357,3.7049058593854687,65.29931086925804,0.7068313953488372,229.32093023255814,192.32289776255408,0.31569767441860463,206,203,Kayaking/v_Kayaking_g19_c01.avi
3.948416203841946,3.884295389059012,21.86606960566988,0.26656976744186045,231.10697674418606,157.2738175039166,0.24127906976744187,152,150,Kayaking/v_Kayaking_g19_c02.avi
4.8445010105859305,12.424461916247584,202.03960007879644,0.6164244186046511,217.37674418604652,157.43112903552355,0.30348837209302326,182,179,Kayaking/v_Kayaking_g19_c03.avi
3.5057852491526558,5.423365403301239,36.27606821307954,0.41700581395348835,235.5720930232558,129.58798093417462,0.17848837209302326,152,150,Kayaking/v_Kayaking_g19_c04.avi
1.6304910232844392,7.664675574180329,268.06715576511795,0.5956395348837209,242.26976744186047,177.75253707002227,0.22965116279069767,185,182,Kayaking/v_Kayaking_g19_c05.avi
5.266928954387626,16.92846673256607,273.50045703800936,0.8074127906976745,178.86511627906978,207.73107714310103,0.5877906976744186,165,162,Kayaking/v_Kayaking_g20_c01.avi
4.743937193162652,15.961551603272374,195.6016359849784,0.8680232558139535,194.04651162790697,240.37547697236448,0.5924418604651163,163,160,Kayaking/v_Kayaking_g20_c02.avi
2.2903745645368825,5.771177085628758,154.05518491761322,0.4449127906976744,218.3813953488372,139.72991764981865,0.2703488372093023,152,150,Kayaking/v_Kayaking_g20_c03.avi
3.2411001994615423,21.845482164294513,314.81423093627774,0.7037790697674419,260.8,408.76229744675993,0.29127906976744183,155,153,Kayaking/v_Kayaking_g20_c04.avi
3.355028220476127,13.53727934887972,297.06901555025894,0.8931686046511628,168.26046511627908,198.95224872868937,0.622093023255814,164,161,Kayaking/v_Kayaking_g20_c05.avi
3.7132812698679754,10.746165029079629,220.1181500921721,0.7151162790697675,242.6046511627907,217.71734818175818,0.313953488372093,180,177,Kayaking/v_Kayaking_g20_c06.avi
1.2346121252716626,3.7210042728258186,174.4849563716024,0.6643895348837209,263.0325581395349,224.6487984853197,0.24476744186046512,152,150,Kayaking/v_Kayaking_g20_c07.avi
5.4527888861024545,7.524818515461515,84.0,0.4822674418604651,188.46511627906978,130.3025725418842,0.39825581395348836,159,157,Kayaking/v_Kayaking_g21_c01.avi
2.492836371640817,5.240243878379446,96.5,0.5975290697674419,220.16744186046512,156.38583728317042,0.288953488372093,193,190,Kayaking/v_Kayaking_g21_c02.avi
1.5657144950795172,3.117679763818516,55.08175741568164,0.6135174418604651,199.29302325581395,120.54242791676806,0.3325581395348837,153,151,Kayaking/v_Kayaking_g21_c03.avi
5.4427237484468725,19.34309375705365,319.4010018769509,0.6815406976744186,214.5860465116279,178.76082706698426,0.35523255813953486,209,206,Kayaking/v_Kayaking_g21_c04.avi
2.270481725933796,9.342253853519292,296.00168918436935,0.6359011627906976,205.2093023255814,150.34480650723953,0.34825581395348837,195,192,Kayaking/v_Kayaking_g21_c05.avi
1.2463342291811619,4.133333823933481,114.25,0.6777616279069767,242.04651162790697,146.09935349782498,0.175,158,156,Kayaking/v_Kayaking_g21_c06.avi
2.2414909515170245,2.653927373799258,26.476404589747453,0.37950581395348837,241.15348837209302,168.37215058459762,0.21686046511627907,161,159,Kayaking/v_Kayaking_g21_c07.avi
4.173896709631994,5.800606169461543,31.04834939252005,0.49287790697674416,204.87441860465117,171.732777942974,0.3872093023255814,188,185,Kayaking/v_Kayaking_g22_c01.avi
2.376260743262988,3.331972790158802,21.388153847398797,0.6406976744186047,245.06046511627906,166.43252999832734,0.19651162790697674,182,179,Kayaking/v_Kayaking_g22_c02.avi
6.165359215466891,11.170096611799377,172.07265907168403,0.5824127906976744,188.353488372093,136.74687420233903,0.40813953488372096,194,191,Kayaking/v_Kayaking_g22_c03.avi
4.008699247851885,7.353300021178491,117.01709276853532,0.354796511627907,205.7674418604651,144.35435038422386,0.336046511627907,189,186,Kayaking/v_Kayaking_g22_c04.avi
6.870004162302197,18.746163779679634,240.20824298928628,0.5921511627906977,220.39069767441862,166.90962854045674,0.3063953488372093,210,207,Kayaking/v_Kayaking_g22_c05.avi
3.161274717879935,12.178692085878023,307.67515336796373,0.4263081395348837,199.62790697674419,146.15904418798323,0.3680232558139535,184,181,Kayaking/v_Kayaking_g22_c06.avi
6.24081958179203,10.493623685950755,118.5000659282517,0.5027616279069768,181.32093023255814,102.35244298589642,0.39825581395348836,197,194,Kayaking/v_Kayaking_g22_c07.avi
1.7899906286937834,1.7298606661197986,18.084869366406824,0.37049418604651163,270.7348837209302,226.6991027810447,0.2186046511627907,177,174,Kayaking/v_Kayaking_g23_c01.avi
3.3943703892261596,4.237908128300241,47.4236228055175,0.43633720930232556,236.46511627906978,143.23104588061992,0.19476744186046513,155,153,Kayaking/v_Kayaking_g23_c02.avi
3.693586325742703,7.138979330857361,185.776747737708,0.5161337209302326,221.73023255813953,159.84987657011436,0.2877906976744186,173,170,Kayaking/v_Kayaking_g23_c03.avi
1.642198880198024,11.830660841419967,317.8443015062564,0.8428779069767441,853.3209302325581,1378.1841927321648,0.22616279069767442,152,150,Kayaking/v_Kayaking_g23_c04.avi
2.406326881571892,8.387950315091471,196.65197685250968,0.8167151162790698,222.4,404.3445548907113,0.4377906976744186,241,238,Kayaking/v_Kayaking_g23_c05.avi
2.407890053827301,6.174839767741687,225.5770378385176,0.3561046511627907,258.1209302325581,222.06264416605148,0.25872093023255816,157,155,Kayaking/v_Kayaking_g23_c06.avi
4.65133402666256,14.324942244745314,174.4849563716024,0.4194767441860465,255.4418604651163,219.35309777506086,0.2633720930232558,186,183,Kayaking/v_Kayaking_g24_c01.avi
3.130755475685425,4.577452239711915,200.124960961895,0.3940406976744186,250.97674418604652,181.9012623007575,0.2005813953488372,200,197,Kayaking/v_Kayaking_g24_c02.avi
5.850396648686097,21.46855653380867,320.4075529696515,0.6309593023255814,208.5581395348837,169.46774438587525,0.3656976744186046,205,202,Kayaking/v_Kayaking_g24_c03.avi
6.047053483772897,12.172629198883781,240.4329428343795,0.5712209302325582,218.3813953488372,177.55754685330788,0.3354651162790698,193,190,Kayaking/v_Kayaking_g24_c04.avi
2.9947930427883542,11.391654649911189,312.7388087526075,0.5960755813953489,250.53023255813955,231.82832013415657,0.31453488372093025,197,194,Kayaking/v_Kayaking_g24_c05.avi
3.0159496824387424,4.281931918437211,120.15406776301833,0.34651162790697676,276.2046511627907,208.0691186070186,0.15290697674418605,189,186,Kayaking/v_Kayaking_g24_c06.avi
1.459778428627592,3.646588229393278,23.271495439700473,0.7861918604651162,948.0930232558139,1310.1749894478144,0.09767441860465116,312,309,Kayaking/v_Kayaking_g25_c01.avi
0.7972381977114542,2.587928008276618,23.769728648009426,0.8697674418604651,811.7953488372093,1212.2650853619718,0.18895348837209303,399,395,Kayaking/v_Kayaking_g25_c02.avi
1.36500286496309,3.365414333446128,39.0,0.7220930232558139,1185.0790697674418,1548.6621588067765,0.1308139534883721,353,349,Kayaking/v_Kayaking_g25_c03.avi
0.9391203037935639,8.861349629873066,235.00851048419503,0.9594476744186047,529.8232558139534,923.9205978259572,0.325,304,301,Kayaking/v_Kayaking_g25_c04.avi
7.062449316589002,15.136963515958556,192.1067411623028,0.5251453488372093,169.71162790697673,162.07322664470013,0.5424418604651163,162,160,Knitting/v_Knitting_g08_c01.avi
1.9555608124745194,4.222069454741558,78.2755549325586,0.6267441860465116,249.86046511627907,247.2898291474675,0.35755813953488375,266,263,Knitting/v_Knitting_g08_c02.avi
1.1631695662342691,8.192590500189244,314.38193332314756,0.7832848837209302,260.13023255813954,413.09853745097183,0.3133720930232558,233,230,Knitting/v_Knitting_g08_c03.avi
1.7357656904055436,4.908734087180778,105.0,0.6623546511627907,196.39069767441862,163.56151223793378,0.4127906976744186,204,201,Knitting/v_Knitting_g08_c04.avi
2.174869077930812,7.259902481914803,169.26495502613648,0.7270348837209303,853.0976744186047,1251.654601566462,0.2063953488372093,152,150,Knitting/v_Knitting_g09_c01.avi
3.152132526279634,8.504947118561738,140.4818159940994,0.6229651162790698,343.06976744186045,482.14469483798223,0.34418604651162793,174,171,Knitting/v_Knitting_g09_c02.avi
3.3221927884737874,10.324400133197557,192.31744590650115,0.7569767441860465,599.8139534883721,988.647731742565,0.34418604651162793,180,177,Knitting/v_Knitting_g09_c03.avi
5.705543359432474,18.213826107503134,194.3225411525899,0.7930232558139535,383.8139534883721,363.72844814689245,0.2738372093023256,243,240,Knitting/v_Knitting_g09_c04.avi
3.901135201153671,13.806060679106427,201.0,0.7361918604651163,504.93023255813955,860.3803754627027,0.3383720930232558,180,177,Knitting/v_Knitting_g09_c05.avi
4.310346296196538,9.307515372266394,149.03019828209315,0.6343023255813953,243.05116279069767,408.55911551541834,0.36511627906976746,175,172,Knitting/v_Knitting_g10_c01.avi
6.378727664710546,16.15973318026068,195.143536915779,0.5614825581395348,236.91162790697675,205.68873889120002,0.311046511627907,184,181,Knitting/v_Knitting_g10_c02.avi
4.81071798964648,15.469805204215055,210.09759636892565,0.7050872093023256,247.73953488372092,202.3701583611885,0.2569767441860465,160,158,Knitting/v_Knitting_g10_c03.avi
3.9622932498944547,16.31163047635166,200.32473636573192,0.8079941860465116,508.3906976744186,1036.9202682483185,0.36453488372093024,207,204,Knitting/v_Knitting_g10_c04.avi
3.5284162346976564,11.696541533066563,136.34148304899725,0.6927325581395349,619.2372093023256,1192.316710895467,0.36627906976744184,203,200,Knitting/v_Knitting_g10_c05.avi
5.557551730972279,13.916387212788344,209.80228788075692,0.49622093023255814,201.74883720930234,181.0067766585614,0.4197674418604651,194,191,Knitting/v_Knitting_g10_c06.avi
2.6378900454629592,20.218610052347575,357.7988261579403,0.8453488372093023,406.13953488372096,680.1353347336632,0.22034883720930232,236,233,Knitting/v_Knitting_g10_c07.avi
3.02413999878875,13.169641125034603,238.37994882120435,0.838953488372093,265.48837209302326,555.3662262090025,0.4436046511627907,206,203,Knitting/v_Knitting_g11_c01.avi
2.812192569018446,9.256369880539989,217.90622983292607,0.6453488372093024,766.0279069767441,1349.521651398485,0.23662790697674418,197,194,Knitting/v_Knitting_g11_c02.avi
0.5493183169030613,2.55477297211325,45.221676218380054,0.938953488372093,705.3023255813954,1220.617219676724,0.1622093023255814,202,199,Knitting/v_Knitting_g11_c03.avi
3.3490301940187637,10.79860663186613,148.97650821522163,0.6914244186046512,415.06976744186045,837.8607697888168,0.3063953488372093,103,101,Knitting/v_Knitting_g11_c04.avi
1.8777201084583506,11.639998402734317,290.24903100613443,0.8258720930232558,574.586046511628,1085.4286007136354,0.2569767441860465,152,150,Knitting/v_Knitting_g11_c05.avi
4.819350666041374,12.957130692900376,210.83913447223216,0.7156976744186047,245.3953488372093,408.0755823479264,0.35290697674418603,221,218,Knitting/v_Knitting_g11_c06.avi
4.084201781956128,15.549451246502167,219.0091322296858,0.6207848837209302,315.27441860465115,306.56687732993066,0.2819767441860465,127,125,Knitting/v_Knitting_g12_c01.avi
2.3168806559555137,9.795553665849413,225.5770378385176,0.5367732558139535,283.57209302325583,260.1421492681488,0.2563953488372093,295,292,Knitting/v_Knitting_g12_c02.avi
2.357138165779043,6.096647697590247,67.4166151627327,0.6068313953488372,397.54418604651164,587.7356759562749,0.20232558139534884,236,233,Knitting/v_Knitting_g12_c03.avi
3.5543860533252976,13.757431406632556,345.94363702776786,0.6061046511627907,280.2232558139535,268.97626145555853,0.2947674418604651,206,203,Knitting/v_Knitting_g12_c04.avi
3.646607252266283,12.65140385639256,229.5059912072014,0.708139534883721,230.10232558139535,217.1791431679152,0.3674418604651163,203,200,Knitting/v_Knitting_g13_c01.avi
2.1737707206818904,5.457644264635898,87.8179936004006,0.642296511627907,321.86046511627904,569.4062832580416,0.3174418604651163,177,174,Knitting/v_Knitting_g13_c02.avi
3.045671344136867,7.3272065193175955,219.45614596087302,0.6030523255813953,235.23720930232557,211.43763611123026,0.3313953488372093,128,126,Knitting/v_Knitting_g13_c03.avi
0.9644600077246634,2.2304289407597837,40.311288741492746,0.7218023255813953,205.9906976744186,207.62358585150878,0.4558139534883721,232,229,Knitting/v_Knitting_g13_c04.avi
1.7393545836526856,2.9294945052036288,25.495097567963924,0.5606104651162791,243.1627906976744,224.29641208885386,0.32732558139534884,192,189,Knitting/v_Knitting_g13_c05.avi
0.7565881306603911,2.7726867781241564,83.54639429682169,0.803343023255814,415.6279069767442,373.2764436811505,0.22906976744186047,171,168,Knitting/v_Knitting_g14_c01.avi
0.8260542685984235,2.4040417395391875,51.52972443163266,0.803343023255814,427.3488372093023,373.6780658765678,0.20290697674418604,228,225,Knitting/v_Knitting_g14_c02.avi
0.755826720216055,3.3471560226463413,78.31506879266595,0.8117732558139535,525.3581395348838,628.0106184232498,0.22034883720930232,252,249,Knitting/v_Knitting_g14_c03.avi
1.0271812150887465,4.374312866046583,84.55915089450697,0.8430232558139535,484.27906976744185,402.0925686306225,0.20872093023255814,252,249,Knitting/v_Knitting_g14_c04.avi
0.5956659850002504,1.4831513112052865,36.138621999185304,0.8031976744186047,459.0511627906977,389.4671758997145,0.2005813953488372,256,253,Knitting/v_Knitting_g14_c05.avi
0.937938146942736,3.0064981484797144,144.30869689661813,0.8436046511627907,299.42325581395346,283.23585770003433,0.26453488372093026,176,173,Knitting/v_Knitting_g15_c01.avi
0.8049452462944124,2.857042489041589,95.85405573057407,0.8098837209302325,362.3813953488372,341.42506226438485,0.2505813953488372,189,186,Knitting/v_Knitting_g15_c02.avi
0.6588849974257869,1.499011851310959,18.447560814373265,0.7731104651162791,321.74883720930234,322.3863234822708,0.3133720930232558,214,211,Knitting/v_Knitting_g15_c03.avi
1.0625089813518545,2.7699201702532354,37.51333096380539,0.8052325581395349,305.33953488372094,462.12869552505686,0.37093023255813956,187,184,Knitting/v_Knitting_g15_c04.avi
0.5108667743737131,1.7675897472455937,32.40852511300075,0.848546511627907,478.5860465116279,784.2151168988914,0.29651162790697677,192,189,Knitting/v_Knitting_g15_c05.avi
1.5432525910777128,5.36570322125546,110.5350623105628,0.7383720930232558,330.0093023255814,473.51383163607386,0.34244186046511627,180,177,Knitting/v_Knitting_g15_c06.avi
1.064404018113787,2.2626972623184605,32.72995569810628,0.6941860465116279,346.6418604651163,489.1699444229697,0.3697674418604651,216,213,Knitting/v_Knitting_g15_c07.avi
0.9649050875991441,2.0417253714492247,33.0,0.7252906976744186,311.92558139534884,319.1714769072787,0.33662790697674416,154,152,Knitting/v_Knitting_g16_c01.avi
0.8119632806160423,1.967206451602817,24.200012913219695,0.7869186046511628,343.9627906976744,343.0537533466662,0.313953488372093,176,173,Knitting/v_Knitting_g16_c02.avi
1.213139601995057,4.303434783537272,84.02380615040002,0.7626453488372092,348.09302325581393,343.31298446193705,0.30174418604651165,193,190,Knitting/v_Knitting_g16_c03.avi
1.5715105057236596,4.549042552281097,76.63968048602499,0.6970930232558139,303.4418604651163,317.7216349534115,0.3622093023255814,130,128,Knitting/v_Knitting_g16_c04.avi
1.663489101511916,3.249770529867675,56.0,0.584593023255814,244.16744186046512,223.92135218246463,0.32209302325581396,179,176,Knitting/v_Knitting_g16_c05.avi
2.49058110491512,7.0081088143475005,250.185930859431,0.6927325581395349,384.48372093023255,473.00050490667405,0.17267441860465116,262,259,Knitting/v_Knitting_g17_c01.avi
2.460238226479076,7.684068229697815,66.09841147864296,0.817296511627907,633.6372093023256,1024.404570566172,0.1308139534883721,237,234,Knitting/v_Knitting_g17_c02.avi
9.774633968742823,21.756806660541038,188.66372200293304,0.7299418604651163,267.3860465116279,558.0832269271252,0.45232558139534884,167,164,Knitting/v_Knitting_g17_c03.avi
2.0407625649843317,11.750611925834171,192.89893727027115,0.9199127906976744,542.3255813953489,772.3116529909363,0.1063953488372093,183,180,Knitting/v_Knitting_g17_c04.avi
1.4961093982542877,6.771258222697994,120.3536455617361,0.8175872093023255,554.939534883721,971.8974350470046,0.19651162790697674,131,129,Knitting/v_Knitting_g17_c05.avi
2.23431227438279,11.868727968246397,279.0877998050076,0.8228197674418605,416.4093023255814,594.3574524718401,0.19709302325581396,266,263,Knitting/v_Knitting_g17_c06.avi
3.4947664153144578,11.552021896654772,303.5037067318948,0.6994186046511628,617.6744186046511,1184.9858348860023,0.27209302325581397,193,190,Knitting/v_Knitting_g18_c01.avi
1.2898939736517996,6.303342845046736,105.80170130957252,0.8738372093023256,605.2837209302326,1137.5726047731373,0.2738372093023256,103,101,Knitting/v_Knitting_g18_c02.avi
1.4128885143452754,3.9686070688727524,134.16407864998737,0.8046511627906977,572.8,1025.4103078938126,0.16627906976744186,148,146,Knitting/v_Knitting_g18_c03.avi
1.4833670766747558,4.336480817899002,48.158105496375164,0.7882267441860465,349.65581395348835,655.2339348987828,0.2005813953488372,109,107,Knitting/v_Knitting_g18_c04.avi
1.3606332466196736,11.26814534417303,300.1066477104431,0.8156976744186046,479.92558139534884,902.8706642273502,0.18953488372093022,273,270,Knitting/v_Knitting_g19_c01.avi
2.1579052266108976,17.336373923675122,310.0517093969972,0.7258720930232558,506.49302325581397,977.3505137336917,0.3116279069767442,289,286,Knitting/v_Knitting_g19_c02.avi
1.6444245583303994,13.924292624871992,348.0359176866664,0.857703488372093,1158.1767441860466,1561.8887869227378,0.19883720930232557,256,253,Knitting/v_Knitting_g19_c03.avi
1.2734984952873378,7.843233693630955,262.36043909095747,0.8005813953488372,515.0883720930233,777.8025495868869,0.18546511627906978,200,197,Knitting/v_Knitting_g19_c04.avi
3.3997006649135844,8.124241218828912,254.42091109026396,0.47005813953488373,256.6697674418605,230.26875656237678,0.28488372093023256,248,245,Knitting/v_Knitting_g20_c01.avi
3.6259605528673537,13.598850136015598,251.79555198613022,0.6565406976744186,291.72093023255815,566.2517447206098,0.4069767441860465,265,262,Knitting/v_Knitting_g20_c02.avi
3.848298398079979,8.490544761543003,148.43180252223578,0.6806686046511627,210.7906976744186,415.3604519327108,0.5401162790697674,247,244,Knitting/v_Knitting_g20_c03.avi
3.865361257159532,7.871523853998212,252.43811122728675,0.5279069767441861,234.45581395348836,215.72539963479798,0.3447674418604651,256,253,Knitting/v_Knitting_g20_c04.avi
0.8696123441043235,2.5441432199175256,19.565594803123158,0.8281976744186047,1210.0837209302326,1612.1232258473256,0.17965116279069768,233,230,Knitting/v_Knitting_g21_c01.avi
3.347834116517239,8.530817856127099,119.21828718783037,0.6700581395348837,180.53953488372093,150.03654460184936,0.46744186046511627,243,240,Knitting/v_Knitting_g21_c02.avi
2.2372684502404496,14.943864682090974,305.0852339920764,0.7616279069767442,744.0372093023256,1266.9613817324955,0.22790697674418606,257,254,Knitting/v_Knitting_g21_c03.avi
2.63563144355522,6.722175089702807,74.06078584514209,0.772093023255814,316.9488372093023,553.6244988748799,0.23837209302325582,250,247,Knitting/v_Knitting_g21_c04.avi
2.5847577846111838,9.41719345424263,175.13708916160505,0.678343023255814,1015.293023255814,1495.9795368261186,0.19883720930232557,240,237,Knitting/v_Knitting_g22_c01.avi
1.017496502867153,6.031227611267921,254.568261965234,0.8646802325581395,839.4790697674418,1249.3593179609616,0.1447674418604651,268,265,Knitting/v_Knitting_g22_c02.avi
5.6553039068660595,13.126627824139964,229.01964981197574,0.6183139534883721,207.2186046511628,190.09124768006714,0.4122093023255814,247,244,Knitting/v_Knitting_g22_c03.avi
3.503121718205761,10.358169425043222,163.01917065179788,0.7511627906976744,209.89767441860465,224.60774851341634,0.47732558139534886,245,242,Knitting/v_Knitting_g22_c04.avi
4.674106421899455,16.989114369076642,331.94069500439383,0.4652616279069767,229.7674418604651,217.28695390040423,0.3691860465116279,145,143,Knitting/v_Knitting_g23_c01.avi
4.275330322865206,16.221714689434602,293.97278785629123,0.4808139534883721,245.50697674418603,233.72772610737704,0.34069767441860466,142,140,Knitting/v_Knitting_g23_c02.avi
7.587288789573557,27.78518787563559,318.15876539866065,0.5319767441860465,251.86976744186046,213.97270368718,0.26569767441860465,135,133,Knitting/v_Knitting_g23_c03.avi
3.820866484111865,8.21603976585661,270.06665843824555,0.5117732558139535,280.89302325581394,257.2656625243947,0.25872093023255816,181,178,Knitting/v_Knitting_g23_c04.avi
1.7142152860455324,4.601165627124629,94.75,0.6469476744186047,480.0372093023256,634.9568734753624,0.3354651162790698,259,256,Knitting/v_Knitting_g24_c01.avi
2.9273474700581006,6.33104861605,130.41855696180662,0.627906976744186,409.48837209302326,390.2505082214723,0.31453488372093025,271,268,Knitting/v_Knitting_g24_c02.avi
2.917884620134409,11.58252010652266,227.0,0.8183139534883721,417.74883720930234,396.9077594043635,0.3226744186046512,245,242,Knitting/v_Knitting_g24_c03.avi
3.2858430356879142,8.485013945368983,123.32908213393952,0.6213662790697675,468.6511627906977,528.7626136258268,0.28081395348837207,252,249,Knitting/v_Knitting_g24_c04.avi
3.500230105420823,7.974673575905491,124.0,0.5440406976744186,271.4046511627907,261.51433590788747,0.3081395348837209,250,247,Knitting/v_Knitting_g25_c01.avi
1.4497864783055479,2.488729971453466,41.773197148410844,0.578343023255814,298.1953488372093,314.6354094958151,0.37093023255813956,200,197,Knitting/v_Knitting_g25_c02.avi
3.1354463929107284,6.486826724767206,143.01398533010678,0.5175872093023256,321.52558139534887,335.52665723856467,0.36104651162790696,271,268,Knitting/v_Knitting_g25_c03.avi
2.279942852591221,3.5977392717178978,64.0,0.5109011627906976,298.30697674418604,317.2998269521797,0.37965116279069766,198,195,Knitting/v_Knitting_g25_c04.avi
4.232082059653606,12.776458673263194,319.64042297556796,0.5351744186046512,290.49302325581397,276.8245833579905,0.27848837209302324,250,247,Knitting/v_Knitting_g25_c05.avi
2.113685047592398,5.536279283000527,228.1403077055872,0.5622093023255814,284.57674418604654,296.64775512711674,0.3627906976744186,200,197,Knitting/v_Knitting_g25_c06.avi
4.999885599889584,13.63567151967671,279.7571491490432,0.5109011627906976,234.45581395348836,229.2129235594343,0.37732558139534883,250,247,Knitting/v_Knitting_g25_c07.avi
7.3313219171400625,28.225180747542055,315.0,0.5218023255813954,402.6790697674419,376.16656909068917,0.27325581395348836,136,134,LongJump/v_LongJump_g08_c01.avi
5.882125685597443,14.024523661575692,153.54233943769387,0.42034883720930233,411.3860465116279,381.80164677449835,0.2744186046511628,152,150,LongJump/v_LongJump_g08_c02.avi
5.716663275157227,14.502966595432676,234.0,0.5292151162790698,385.2651162790698,389.05610218012396,0.3732558139534884,152,150,LongJump/v_LongJump_g08_c03.avi
5.840301925251597,13.295203715125954,143.92033386564944,0.5238372093023256,409.71162790697673,391.7524260973554,0.32034883720930235,152,150,LongJump/v_LongJump_g08_c04.avi
8.751162213244497,21.73251988695647,212.25,0.5095930232558139,411.16279069767444,368.23506965312873,0.21976744186046512,152,150,LongJump/v_LongJump_g08_c05.avi
4.943287795596433,16.131022260008866,291.06184909740404,0.7194767441860465,442.86511627906975,520.8329424099489,0.2872093023255814,143,141,LongJump/v_LongJump_g08_c06.avi
12.482578252239113,18.01699885684464,97.47603872234448,0.2505813953488372,234.7906976744186,131.67835338686476,0.18488372093023256,121,119,LongJump/v_LongJump_g09_c01.avi
10.330415664924578,17.304715709623732,291.247317584214,0.4930232558139535,245.28372093023256,171.39533646776644,0.20465116279069767,97,95,LongJump/v_LongJump_g09_c02.avi
18.186465003926514,31.393220052734563,325.3013987058771,0.3168604651162791,275.7581395348837,213.40006563996957,0.16686046511627908,96,94,LongJump/v_LongJump_g09_c03.avi
16.79706905094383,32.72148885307963,241.48013634665688,0.25116279069767444,256.0,185.18124371343825,0.18604651162790697,141,139,LongJump/v_LongJump_g09_c04.avi
10.106562811082476,27.04541688129431,323.37284981890485,0.45203488372093026,228.2046511627907,183.60938055973466,0.30290697674418604,102,100,LongJump/v_LongJump_g09_c05.avi
16.76266683303879,49.604280111564435,325.9306866497845,0.870203488372093,229.2093023255814,276.4768847850458,0.5302325581395348,82,80,LongJump/v_LongJump_g09_c06.avi
18.225517378748105,34.771889539683414,328.01371922527875,0.34607558139534883,377.5627906976744,454.5791966834033,0.09941860465116278,134,132,LongJump/v_LongJump_g10_c01.avi
27.23389253905808,44.90912167516417,288.99826989101507,0.34505813953488373,354.7906976744186,289.1006550505827,0.09476744186046511,116,114,LongJump/v_LongJump_g10_c02.avi
25.7244355336291,39.989117777947705,271.0018450121696,0.35901162790697677,363.72093023255815,299.7988725471295,0.10174418604651163,113,111,LongJump/v_LongJump_g10_c03.avi
26.583064283232755,36.805611451764044,211.4296573331187,0.42674418604651165,386.15813953488373,312.74394477253674,0.08023255813953488,169,166,LongJump/v_LongJump_g10_c04.avi
12.735675324166943,20.333056201904053,337.0014836762592,0.3866279069767442,353.0046511627907,284.32833129740465,0.08546511627906976,110,108,LongJump/v_LongJump_g10_c05.avi
21.057050514739228,42.917015435811535,331.00151057057127,0.44040697674418605,344.74418604651163,278.44786519021585,0.0936046511627907,141,139,LongJump/v_LongJump_g10_c06.avi
10.888229519704655,19.199923561244393,321.1385993617086,0.41540697674418603,353.2279069767442,288.6663788718182,0.09825581395348837,152,150,LongJump/v_LongJump_g10_c07.avi
10.29519928341609,21.10491685433543,123.25,0.39491279069767443,333.24651162790695,305.32418101271816,0.21627906976744185,152,150,LongJump/v_LongJump_g11_c01.avi
21.09636753414252,48.14142104293331,288.00173610587836,0.5303779069767441,311.1441860465116,249.48485091943152,0.12441860465116279,137,135,LongJump/v_LongJump_g11_c02.avi
17.111441480059693,27.92098451275072,122.00409829181969,0.3444767441860465,309.0232558139535,246.4468892613761,0.12383720930232558,178,175,LongJump/v_LongJump_g11_c03.avi
11.789929353969018,33.46654154038553,278.25101077983527,0.5145348837209303,328.446511627907,290.0805111567262,0.18313953488372092,142,140,LongJump/v_LongJump_g11_c04.avi
15.136302503945004,25.999213978244406,306.1633550900565,0.37049418604651163,312.8186046511628,282.3775464225766,0.21337209302325583,177,174,LongJump/v_LongJump_g11_c05.avi
13.181191654561612,21.565836133296926,232.5000336021481,0.4290697674418605,322.86511627906975,295.43499728423393,0.2191860465116279,177,174,LongJump/v_LongJump_g11_c06.avi
6.859044093316339,26.0825915399644,275.0,0.8024709302325581,350.3255813953488,360.38659609913043,0.3598837209302326,127,125,LongJump/v_LongJump_g12_c01.avi
5.367615776079997,17.311466377011016,269.2675249635574,0.682703488372093,392.74418604651163,512.2392288594042,0.3598837209302326,149,147,LongJump/v_LongJump_g12_c02.avi
5.258088468876172,11.69301780360854,82.07780226711726,0.6594476744186046,374.3255813953488,343.5456518819407,0.22325581395348837,212,209,LongJump/v_LongJump_g12_c03.avi
2.9774728105559065,9.538711526249493,273.38617375427015,0.7800872093023256,420.09302325581393,516.637060044854,0.31511627906976747,120,118,LongJump/v_LongJump_g12_c04.avi
5.7642633256318865,23.61742721274394,275.0028408944169,0.7630813953488372,288.3720930232558,261.1114903331359,0.24069767441860465,77,75,LongJump/v_LongJump_g12_c05.avi
8.6220751944452,24.10868678050064,153.07514494521962,0.7475290697674418,355.90697674418607,371.4975234793968,0.3866279069767442,116,114,LongJump/v_LongJump_g12_c06.avi
7.9527650963562895,17.51637789666256,282.17902119044925,0.45247093023255813,245.28372093023256,237.44764605847922,0.3511627906976744,124,122,LongJump/v_LongJump_g13_c01.avi
7.751891890431186,15.03546470272589,159.15401345866212,0.4316860465116279,244.8372093023256,166.54644302786915,0.19767441860465115,151,149,LongJump/v_LongJump_g13_c02.avi
5.837948883623607,12.710309835176341,146.12323566086263,0.4989825581395349,236.46511627906978,165.44954248563945,0.23197674418604652,149,147,LongJump/v_LongJump_g13_c03.avi
15.84683872084317,28.344886005368405,130.4247867546656,0.4409883720930233,238.47441860465116,142.14011445151536,0.18430232558139534,128,126,LongJump/v_LongJump_g13_c04.avi
9.049604310182291,19.850237259999137,255.27056724189728,0.5375,214.0279069767442,147.40565500745686,0.3023255813953488,143,141,LongJump/v_LongJump_g13_c05.avi
7.962522578485198,14.687782613967492,66.40783086353596,0.26642441860465116,270.846511627907,176.69505902310934,0.10872093023255813,135,133,LongJump/v_LongJump_g13_c06.avi
4.315501010209396,11.563731364931488,159.5399636454766,0.6829941860465116,343.8511627906977,467.3970038873099,0.26569767441860465,158,156,LongJump/v_LongJump_g14_c01.avi
4.684185185825469,18.95921017405427,269.32427016516726,0.6159883720930233,510.28837209302327,909.8527407579711,0.21046511627906977,157,155,LongJump/v_LongJump_g14_c02.avi
7.520873287896466,20.402798188639686,229.5622192347861,0.5613372093023256,269.6186046511628,238.29031273268131,0.25232558139534883,143,141,LongJump/v_LongJump_g14_c03.avi
1.9705383147028774,15.18222675609687,297.8087683396847,0.8741279069767441,276.6511627906977,249.09724296373955,0.25290697674418605,153,151,LongJump/v_LongJump_g14_c04.avi
8.854140839817846,25.37628129890871,288.5001083188705,0.6063953488372092,284.4651162790698,261.3613153380183,0.2563953488372093,151,149,LongJump/v_LongJump_g14_c05.avi
3.4667421487639065,7.816176554703943,197.0101520226813,0.32558139534883723,340.5023255813953,301.09154714477376,0.17848837209302326,100,98,LongJump/v_LongJump_g15_c01.avi
4.289011495507917,5.232263170381771,127.09838708654017,0.28430232558139534,353.1162790697674,289.48239367294826,0.10116279069767442,112,110,LongJump/v_LongJump_g15_c02.avi
3.5501595361458875,5.096829135018675,55.70289489784171,0.3159883720930233,359.0325581395349,300.08834956495514,0.11686046511627907,111,109,LongJump/v_LongJump_g15_c03.avi
2.270673991858246,5.564234428500907,191.1674658512792,0.4831395348837209,327.10697674418606,296.69074447697517,0.20872093023255814,143,141,LongJump/v_LongJump_g15_c04.avi
2.5362221342839537,6.531610342231721,268.2391656712345,0.376453488372093,341.0604651162791,305.0020069621615,0.18953488372093022,134,132,LongJump/v_LongJump_g15_c05.avi
12.827384514527504,26.486309140518234,144.0,0.5693313953488373,230.43720930232558,178.01200511287163,0.2819767441860465,127,125,LongJump/v_LongJump_g16_c01.avi
9.935064018532373,22.313172662748013,271.99414056188783,0.5863372093023256,218.82790697674417,151.33183363841013,0.2866279069767442,138,136,LongJump/v_LongJump_g16_c02.avi
13.70426652051652,31.37060660358357,268.3616962235855,0.5588662790697675,239.8139534883721,174.00979066466527,0.23313953488372094,137,135,LongJump/v_LongJump_g16_c03.avi
11.762368723045945,25.588292848423027,260.7436480530254,0.4811046511627907,203.53488372093022,139.00700146951095,0.3383720930232558,117,115,LongJump/v_LongJump_g16_c04.avi
17.380012361063912,30.747342623324805,251.97780160164902,0.46090116279069765,231.88837209302326,182.1986306962335,0.2837209302325581,147,145,LongJump/v_LongJump_g16_c05.avi
12.48110403594316,25.634126129121345,205.83063426030637,0.40668604651162793,396.7627906976744,355.4355788444526,0.2063953488372093,127,125,LongJump/v_LongJump_g17_c01.avi
9.294428801279034,27.10521673604733,215.34158910902465,0.5021802325581395,379.01395348837207,323.80090752231825,0.13837209302325582,157,155,LongJump/v_LongJump_g17_c02.avi
9.169573933435352,23.296676212406084,190.31244868636418,0.47659883720930235,374.9953488372093,330.39831490186896,0.17325581395348838,135,133,LongJump/v_LongJump_g17_c03.avi
12.453162716619376,37.50440323203265,256.25,0.617296511627907,339.72093023255815,340.9223007421496,0.31976744186046513,125,123,LongJump/v_LongJump_g17_c04.avi
18.366610368942993,32.104541539955925,236.7530358833863,0.45421511627906974,338.26976744186044,300.2851075730837,0.18313953488372092,170,167,LongJump/v_LongJump_g17_c05.avi
9.777689650397491,17.503781802713988,263.0,0.42805232558139533,337.04186046511626,320.99582423753424,0.2569767441860465,108,106,LongJump/v_LongJump_g18_c01.avi
9.31464323461582,20.69066797764039,274.86905973572215,0.39244186046511625,304.446511627907,257.6154438430194,0.17093023255813952,129,127,LongJump/v_LongJump_g18_c02.avi
7.202382048696881,18.79429071602995,244.38085031360376,0.6261627906976744,336.5953488372093,308.9991931602986,0.21744186046511627,110,108,LongJump/v_LongJump_g18_c03.avi
5.866786100568068,15.005911658837215,268.74654067541036,0.6306686046511628,321.4139534883721,304.08482719609924,0.25232558139534883,146,144,LongJump/v_LongJump_g18_c04.avi
13.069748483784856,25.849322215487764,199.50003916039717,0.40348837209302324,360.706976744186,317.73773402877987,0.17093023255813952,93,91,LongJump/v_LongJump_g18_c05.avi
10.653943673797054,22.495419327456176,207.25,0.4123546511627907,295.1813953488372,289.0166803392705,0.2982558139534884,152,150,LongJump/v_LongJump_g19_c01.avi
13.410748789753868,26.7763299061427,225.055548698538,0.43023255813953487,300.53953488372093,274.9973142697899,0.23546511627906977,194,191,LongJump/v_LongJump_g19_c02.avi
9.161216573983031,22.886744420884856,240.00833318866242,0.4194767441860465,322.5302325581395,283.0260367140901,0.1813953488372093,117,115,LongJump/v_LongJump_g19_c03.avi
10.857589795087618,23.426184301722426,129.40349927648788,0.3627906976744186,303.3302325581395,271.9816645110079,0.21627906976744185,152,150,LongJump/v_LongJump_g19_c04.avi
10.793221102091811,23.452099642113655,129.40349927648788,0.37311046511627904,303.4418604651163,271.9228090132473,0.21569767441860466,152,150,LongJump/v_LongJump_g19_c05.avi
9.809252606255864,23.039460351187895,271.37733186469353,0.4068313953488372,328.5581395348837,277.9400389012811,0.14534883720930233,152,150,LongJump/v_LongJump_g19_c06.avi
12.104156060044296,39.615705562138,320.6009981269553,0.8617732558139535,253.54418604651164,289.17781871763776,0.46395348837209305,167,164,LongJump/v_LongJump_g20_c01.avi
5.3809123263214484,5.128945935214631,18.65182631808478,0.31555232558139534,358.80930232558137,328.85435513341,0.21569767441860466,198,195,LongJump/v_LongJump_g20_c02.avi
6.628054716869107,9.094321754869371,55.036351623268054,0.4122093023255814,406.92093023255813,345.3662811662084,0.14186046511627906,201,198,LongJump/v_LongJump_g20_c03.avi
8.852838456212792,17.938516544407584,327.15783652543,0.48531976744186045,448.2232558139535,629.2416302396155,0.3569767441860465,160,158,LongJump/v_LongJump_g20_c04.avi
2.2599922354978066,11.636544618203846,182.0,0.6526162790697675,368.8558139534884,377.66146111350037,0.37267441860465117,119,117,LongJump/v_LongJump_g21_c01.avi
4.861847394270423,17.41389163233074,189.0952141118331,0.5784883720930233,354.45581395348836,316.90209279789605,0.1872093023255814,116,114,LongJump/v_LongJump_g21_c02.avi
7.117773401245131,15.013016074227385,233.8567937862828,0.47674418604651164,302.7720930232558,336.36433619374856,0.4308139534883721,119,117,LongJump/v_LongJump_g21_c03.avi
3.9645575056872424,8.408925856292708,129.0,0.504796511627907,353.33953488372094,324.262757465074,0.21627906976744185,149,147,LongJump/v_LongJump_g21_c04.avi
0.9240527863866407,6.956538699759813,271.14940531006147,0.7795058139534884,192.59534883720931,174.48038198977247,0.4511627906976744,142,140,LongJump/v_LongJump_g22_c01.avi
0.5499290426590838,0.653085473157508,10.295630140987,0.8619186046511628,201.9720930232558,156.84511442462932,0.3744186046511628,107,105,LongJump/v_LongJump_g22_c02.avi
0.9827299510627744,1.510087784622707,28.39123984612155,0.672093023255814,218.93953488372094,204.32530166895447,0.3883720930232558,123,121,LongJump/v_LongJump_g22_c03.avi
1.9892661425650113,1.862488291972967,16.62077013859466,0.37543604651162793,224.52093023255813,230.3518608444123,0.42441860465116277,166,163,LongJump/v_LongJump_g22_c04.avi
2.5697617159166626,7.606014103391886,212.8492717863982,0.43880813953488373,226.53023255813955,164.55876950462456,0.2744186046511628,143,141,LongJump/v_LongJump_g23_c01.avi
2.4012283665336787,4.591244258736612,56.22277118748239,0.3388081395348837,242.3813953488372,162.5846573839538,0.20116279069767443,156,154,LongJump/v_LongJump_g23_c02.avi
3.9802557849652733,6.731482582866177,32.81101187101672,0.41758720930232557,240.8186046511628,152.5110125734943,0.19069767441860466,150,148,LongJump/v_LongJump_g23_c03.avi
4.547366263025262,11.190367764708833,246.25,0.47819767441860467,251.646511627907,187.3739841325143,0.20872093023255814,140,138,LongJump/v_LongJump_g23_c04.avi
9.652854370708345,27.383143105146594,227.66930513356428,0.5978197674418605,202.53023255813955,145.3410352510704,0.35290697674418603,150,148,LongJump/v_LongJump_g24_c01.avi
9.461418352799182,31.502971101271225,284.42925306655786,0.8652616279069767,186.34418604651162,234.12883086655972,0.6139534883720931,167,164,LongJump/v_LongJump_g24_c02.avi
16.788799087392263,28.659411427581958,168.1071087134628,0.5568313953488372,244.6139534883721,181.43693834497384,0.22674418604651161,170,167,LongJump/v_LongJump_g24_c03.avi
9.136982028902013,19.521205679848418,313.16609011832685,0.5242732558139535,233.0046511627907,186.4113854611072,0.2872093023255814,157,155,LongJump/v_LongJump_g24_c04.avi
18.81122238586169,29.975251668432204,199.94764939853633,0.32209302325581396,260.353488372093,178.10857852345353,0.15406976744186046,152,150,LongJump/v_LongJump_g25_c01.avi
14.818333946776622,22.94619661844994,154.5244721718861,0.44549418604651164,223.06976744186048,143.7694205848196,0.2552325581395349,157,155,LongJump/v_LongJump_g25_c02.avi
17.478621491685548,24.833484433115252,188.66479865094072,0.36191860465116277,251.31162790697675,168.26128796482712,0.17325581395348838,178,175,LongJump/v_LongJump_g25_c03.avi
15.00580803831671,47.31152515632094,317.6476034853718,0.8732558139534884,182.77209302325582,185.5168497651414,0.5209302325581395,164,161,LongJump/v_LongJump_g25_c04.avi
0.2582320826592417,0.9456378697628689,24.08318915758459,0.9603197674418604,285.24651162790695,560.5001169424341,0.39651162790697675,160,158,Lunges/v_Lunges_g08_c01.avi
0.35494789609627064,1.151629832706711,34.83106551628876,0.9279069767441861,348.7627906976744,567.141387163794,0.21453488372093024,172,169,Lunges/v_Lunges_g08_c02.avi
0.3266714776601468,1.7866570445012366,33.6259293551866,0.9654069767441861,217.8232558139535,191.66469369188556,0.36627906976744184,176,173,Lunges/v_Lunges_g08_c03.avi
0.3870556530898174,1.5987231073664676,52.002403790594144,0.8949127906976744,198.1767441860465,178.22177566064207,0.4313953488372093,162,160,Lunges/v_Lunges_g08_c04.avi
3.271763091233429,11.848515518806845,308.4234102658227,0.6350290697674419,962.2697674418605,1507.2604632145415,0.1819767441860465,194,191,Lunges/v_Lunges_g09_c01.avi
1.4882795833806621,3.782942969670504,26.64230658182583,0.7940406976744186,1206.1767441860466,1683.2881958110565,0.2372093023255814,202,199,Lunges/v_Lunges_g09_c02.avi
2.7884108878768954,10.603505040095966,225.80079716422614,0.8149709302325582,533.8418604651163,1096.028022522544,0.42034883720930233,206,203,Lunges/v_Lunges_g09_c03.avi
2.5749421010325646,8.009109703213165,150.4960547655652,0.8079941860465116,720.706976744186,1321.8189942924314,0.37965116279069766,206,203,Lunges/v_Lunges_g09_c04.avi
1.2935148459899048,1.5157970062425725,15.231546211727817,0.5888081395348838,286.25116279069766,202.13095498652405,0.10058139534883721,257,254,Lunges/v_Lunges_g10_c01.avi
6.127733485178956,15.782826201332798,203.6119163998021,0.46569767441860466,211.90697674418604,108.00685033259185,0.2575581395348837,263,260,Lunges/v_Lunges_g10_c02.avi
7.580519729136786,11.120383860547953,37.62998305872593,0.3380813953488372,260.57674418604654,187.3686638778031,0.17151162790697674,252,249,Lunges/v_Lunges_g10_c03.avi
6.120350038791368,12.528000524553743,222.1463481581455,0.5824127906976744,239.25581395348837,168.00278140322916,0.22441860465116278,263,260,Lunges/v_Lunges_g10_c04.avi
7.97562657045758,17.901867827808044,250.44959572736389,0.7777616279069768,192.59534883720931,201.8193043449354,0.5069767441860465,246,243,Lunges/v_Lunges_g10_c05.avi
4.470609971603985,11.674899432144601,73.0,0.5,242.82790697674417,167.55478982498133,0.20813953488372092,267,264,Lunges/v_Lunges_g10_c06.avi
2.7602665596513223,8.841592031402367,226.5022074947615,0.41875,318.1767441860465,305.78123570672204,0.2691860465116279,268,265,Lunges/v_Lunges_g11_c01.avi
2.3131192866359944,5.71343230059112,175.52563915280297,0.5414244186046512,335.1441860465116,318.0168968030543,0.25290697674418605,242,239,Lunges/v_Lunges_g11_c02.avi
1.4020485974051304,5.204674228237928,275.1091828710921,0.8242732558139535,341.6186046511628,324.42978045266534,0.25406976744186044,257,254,Lunges/v_Lunges_g11_c03.avi
3.7438221115309562,8.907306910652338,235.0914715594762,0.5258720930232558,233.56279069767442,226.68214507220807,0.375,245,242,Lunges/v_Lunges_g11_c04.avi
1.5697225845562544,2.043802201589009,11.76860229593982,0.5816860465116279,336.3720930232558,307.73690237224685,0.21395348837209302,230,227,Lunges/v_Lunges_g11_c05.avi
1.923746348626182,2.570442764114637,29.516944286290883,0.46991279069767444,302.2139534883721,284.87048185659233,0.2593023255813954,260,257,Lunges/v_Lunges_g11_c06.avi
2.3783653604710495,4.016752792254978,60.207972893961475,0.39840116279069765,356.2418604651163,318.5023341395673,0.1872093023255814,255,252,Lunges/v_Lunges_g11_c07.avi
4.114595617153296,5.433269603729296,88.50564953719056,0.38401162790697674,247.51627906976745,178.86065373894314,0.20930232558139536,253,250,Lunges/v_Lunges_g12_c01.avi
2.173261296768784,7.14839815120269,160.18153763776897,0.536046511627907,200.85581395348837,133.54561158336386,0.3430232558139535,264,261,Lunges/v_Lunges_g12_c02.avi
3.6551535016980115,6.399019426978209,188.37537325775892,0.4055232558139535,220.50232558139535,138.82473053654797,0.2593023255813954,254,251,Lunges/v_Lunges_g12_c03.avi
3.312734977810281,6.068178404350426,162.5207679036744,0.4433139534883721,241.15348837209302,163.2010307605918,0.20755813953488372,253,250,Lunges/v_Lunges_g12_c04.avi
4.570260145897086,8.003508871004227,167.8163523766382,0.5293604651162791,225.30232558139534,147.20394567571432,0.2505813953488372,249,246,Lunges/v_Lunges_g12_c05.avi
0.15081703037084004,0.5975296232620627,7.615773105863909,0.9401162790697675,418.0837209302326,599.0234319795622,0.22325581395348837,268,265,Lunges/v_Lunges_g13_c01.avi
0.10914330333535176,1.1757583847491702,21.005951537600005,0.9828488372093023,344.29767441860463,333.36584379408936,0.27732558139534885,253,250,Lunges/v_Lunges_g13_c02.avi
0.05621721856253057,0.5063065738471242,7.566372975210778,0.9857558139534883,362.71627906976744,335.5257844943862,0.22790697674418606,254,251,Lunges/v_Lunges_g13_c03.avi
0.4053899451192529,2.328573620119152,32.8709598277872,0.9584302325581395,190.92093023255813,193.41193123310856,0.49709302325581395,243,240,Lunges/v_Lunges_g13_c04.avi
0.014740275094764301,0.2619046454930274,10.335013304297194,0.9954941860465116,454.13953488372096,517.0430048865464,0.2424418604651163,253,250,Lunges/v_Lunges_g13_c05.avi
0.010731600594047206,0.17295373394610236,12.509996003196804,0.9966569767441861,506.49302325581397,641.960281824115,0.34186046511627904,253,250,Lunges/v_Lunges_g13_c06.avi
4.056856531423009,5.5947212863267115,32.190837205639745,0.3627906976744186,247.85116279069769,136.54383804460107,0.13546511627906976,257,254,Lunges/v_Lunges_g14_c01.avi
3.2432621942209967,5.022904512690499,48.38388161361178,0.5334302325581395,224.6325581395349,170.42035542921133,0.2936046511627907,264,261,Lunges/v_Lunges_g14_c02.avi
4.944405390949356,7.835372080432251,157.4102919125684,0.24607558139534882,238.69767441860466,174.51747895184582,0.23895348837209301,263,260,Lunges/v_Lunges_g14_c03.avi
7.041843860191676,10.584840357162541,221.05429197371402,0.3061046511627907,272.52093023255816,210.08407681061226,0.17209302325581396,250,247,Lunges/v_Lunges_g14_c04.avi
4.797034606033894,6.538420013868597,81.631125344442,0.29534883720930233,230.21395348837208,127.62536305010951,0.1994186046511628,256,253,Lunges/v_Lunges_g14_c05.avi
3.391599094885025,4.335008120541008,35.531676008879735,0.19796511627906976,243.05116279069767,145.53059995033257,0.1697674418604651,256,253,Lunges/v_Lunges_g14_c06.avi
7.703540909559719,9.25152714482457,38.118237105091836,0.37761627906976747,246.06511627906977,149.61300603164045,0.1633720930232558,257,254,Lunges/v_Lunges_g14_c07.avi
1.6089246090526577,4.124382700453189,143.80890097626084,0.7299418604651163,239.92558139534884,158.48584133521754,0.20465116279069767,118,116,Lunges/v_Lunges_g15_c01.avi
1.6410962747704334,3.5136738786090396,79.0,0.684593023255814,216.8186046511628,103.45438103914466,0.22965116279069767,98,96,Lunges/v_Lunges_g15_c02.avi
1.3499272161414015,3.4228557410313725,23.853720883753127,0.8382267441860465,237.58139534883722,409.1094260030739,0.39127906976744187,107,105,Lunges/v_Lunges_g15_c03.avi
1.0048099339929917,3.2461340745090204,50.15974481593781,0.7843023255813953,218.71627906976744,119.75567555658955,0.24069767441860465,87,85,Lunges/v_Lunges_g15_c04.avi
2.7740897448873834,4.00300602855357,35.32991827049703,0.29040697674418603,247.29302325581395,169.11815794489326,0.19186046511627908,256,253,Lunges/v_Lunges_g16_c01.avi
4.975069757852064,14.278987227222188,189.7893569197177,0.7973837209302326,156.87441860465117,156.96392133673956,0.6,245,242,Lunges/v_Lunges_g16_c02.avi
3.5304508845979243,15.627502254285288,345.41107755832036,0.6156976744186047,205.54418604651164,171.55636852788945,0.38372093023255816,264,261,Lunges/v_Lunges_g16_c03.avi
3.151189685915663,5.59642714150305,76.32168761236873,0.4731104651162791,237.69302325581396,201.1776461244197,0.29767441860465116,254,251,Lunges/v_Lunges_g16_c04.avi
3.60146757815104,6.825072438235407,130.17296186228538,0.5670058139534884,411.16279069767444,760.5220034195166,0.24069767441860465,249,246,Lunges/v_Lunges_g17_c01.avi
2.281113759728819,7.051041540295062,233.45235059857504,0.5745639534883721,242.6046511627907,266.41444715477667,0.4418604651162791,263,260,Lunges/v_Lunges_g17_c02.avi
2.1290644471663924,5.681568687611762,163.2666530556684,0.6691860465116279,402.34418604651165,687.4462973705827,0.28430232558139534,255,252,Lunges/v_Lunges_g17_c03.avi
2.85935710049022,5.370726687458781,142.05748176354527,0.6071220930232558,405.24651162790695,759.9162803792965,0.2505813953488372,253,250,Lunges/v_Lunges_g17_c04.avi
0.3334351452288907,0.7155383002738195,11.773911839316616,0.8975290697674418,448.0,681.9725153024182,0.1372093023255814,257,254,Lunges/v_Lunges_g18_c01.avi
0.5715897623076303,1.6286128738587213,46.50067203815446,0.8453488372093023,267.8325581395349,232.74469466231858,0.2453488372093023,250,247,Lunges/v_Lunges_g18_c02.avi
0.6252499093491592,1.2834694531604862,23.0,0.7809593023255814,360.0372093023256,454.61396709800295,0.1511627906976744,254,251,Lunges/v_Lunges_g18_c03.avi
0.9396962943989711,5.480870417435818,186.85305055042585,0.7832848837209302,187.0139534883721,175.43120241862434,0.48023255813953486,247,244,Lunges/v_Lunges_g18_c04.avi
0.6527431358329072,2.636239724183177,87.32124598286491,0.7928779069767442,274.86511627906975,220.7851853849157,0.1877906976744186,255,252,Lunges/v_Lunges_g18_c05.avi
1.7394582324554524,1.70517378406164,14.545188207788856,0.5021802325581395,278.8837209302326,190.35013140444522,0.10406976744186046,261,258,Lunges/v_Lunges_g19_c01.avi
3.2111030343484184,7.0640215025340565,96.04165762834376,0.5252906976744186,263.0325581395349,184.87384475596127,0.1563953488372093,260,257,Lunges/v_Lunges_g19_c02.avi
2.6241222825627015,5.008800318354896,229.72429127108,0.3767441860465116,448.11162790697676,831.7323287025567,0.17616279069767443,249,246,Lunges/v_Lunges_g19_c03.avi
3.566467866708794,6.923223079057225,294.61330587738223,0.5110465116279069,265.2651162790698,206.67601753707774,0.1936046511627907,258,255,Lunges/v_Lunges_g19_c04.avi
3.465579475153614,5.851827724463613,195.2050204272421,0.426453488372093,516.8744186046512,968.3101069900492,0.20174418604651162,260,257,Lunges/v_Lunges_g19_c05.avi
1.8970449057241558,5.244975591378324,67.53517601961218,0.5899709302325581,368.74418604651163,752.1658678102564,0.2872093023255814,240,237,Lunges/v_Lunges_g19_c06.avi
3.01589706292747,5.936427181868061,39.35733730830886,0.42834302325581397,236.46511627906978,143.23104588061992,0.19476744186046513,242,239,Lunges/v_Lunges_g19_c07.avi
0.6459263155408058,2.665724099097309,45.0,0.8677325581395349,253.65581395348838,195.3609245429878,0.21686046511627907,49,47,Lunges/v_Lunges_g20_c01.avi
0.6950355665428826,3.7807997110579343,100.00281246045033,0.9093023255813953,215.8139534883721,187.74738790663713,0.3674418604651163,48,46,Lunges/v_Lunges_g20_c02.avi
0.5666589300892193,3.4283070178579877,93.50300797300588,0.932703488372093,267.3860465116279,245.49400559289495,0.2802325581395349,48,46,Lunges/v_Lunges_g20_c03.avi
0.8491334925342142,5.806146519850073,100.00031249951172,0.8968023255813954,461.95348837209303,842.4718324872014,0.24593023255813953,49,47,Lunges/v_Lunges_g20_c04.avi
0.5225382752487748,2.7250212836856096,80.15609770940699,0.8755813953488372,259.01395348837207,221.66590152371973,0.25406976744186044,268,265,Lunges/v_Lunges_g21_c01.avi
0.4202913116062406,2.909066436453842,48.50579862243276,0.9373546511627907,343.51627906976745,664.4408094554966,0.28604651162790695,242,239,Lunges/v_Lunges_g21_c02.avi
0.5977320629892412,1.1911118541885894,15.033296378372908,0.8002906976744186,197.28372093023256,140.81248776914666,0.37093023255813956,260,257,Lunges/v_Lunges_g21_c03.avi
0.18141124321183785,1.1588682756521895,50.566787519082126,0.9434593023255814,389.84186046511627,670.6461120069415,0.1936046511627907,254,251,Lunges/v_Lunges_g21_c04.avi
0.19026213489209837,1.9784314355130685,73.37574531137656,0.9636627906976745,281.0046511627907,233.63440925443538,0.19534883720930232,237,234,Lunges/v_Lunges_g21_c05.avi
0.20014194163600155,1.1388961204852315,18.26369349282888,0.9597383720930233,718.0279069767441,971.7707736037872,0.18895348837209303,191,188,Lunges/v_Lunges_g22_c01.avi
0.18000355985959535,2.0302563914317577,34.861332447283196,0.9780523255813953,399.10697674418606,503.3742356479081,0.2941860465116279,205,202,Lunges/v_Lunges_g22_c02.avi
0.8448654013301744,10.53783820049573,178.0,0.9780523255813953,385.2651162790698,362.2403152500123,0.26395348837209304,204,201,Lunges/v_Lunges_g22_c03.avi
1.2983147036794918,2.2569988301844157,17.029386365926403,0.6741279069767442,548.353488372093,843.7073148820662,0.1308139534883721,209,206,Lunges/v_Lunges_g22_c04.avi
4.00539327357399,5.127208352930187,26.68332812825267,0.3100290697674419,239.5906976744186,153.15540035419184,0.19709302325581396,202,199,Lunges/v_Lunges_g23_c01.avi
3.1579886022895205,12.382413156955861,300.8521231435803,0.6976744186046512,246.62325581395348,419.21925485980915,0.39767441860465114,204,201,Lunges/v_Lunges_g23_c02.avi
3.6600087065213143,8.187269539186248,221.16283593768642,0.504796511627907,464.8558139534884,910.1915222179125,0.288953488372093,208,205,Lunges/v_Lunges_g23_c03.avi
3.140594374469379,8.822200330117852,128.84486796143648,0.6098837209302326,227.86976744186046,209.87044013898662,0.36046511627906974,204,201,Lunges/v_Lunges_g23_c04.avi
3.5707943894937024,8.24581794288149,246.3331078032346,0.3502906976744186,211.23720930232557,121.38830452697216,0.27732558139534885,261,258,Lunges/v_Lunges_g23_c05.avi
5.577714996755959,6.964277865053835,51.5001516988057,0.33125,230.9953488372093,154.57559293709681,0.2372093023255814,249,246,Lunges/v_Lunges_g23_c06.avi
0.4819589132880699,6.350264357635946,235.05318547086316,0.9174418604651163,196.05581395348838,128.40950718683328,0.35872093023255813,193,190,Lunges/v_Lunges_g24_c01.avi
0.4476865690265641,2.651375755437861,62.64982043070834,0.8944767441860465,466.9767441860465,905.4633527537695,0.23837209302325582,194,191,Lunges/v_Lunges_g24_c02.avi
0.4341569994111439,1.2342577682071738,28.07940749018754,0.8659883720930233,212.46511627906978,140.540377188676,0.2988372093023256,194,191,Lunges/v_Lunges_g24_c03.avi
0.4288906896668551,2.2721737044463732,64.13267497929586,0.8962209302325581,360.48372093023255,670.7971990796707,0.27906976744186046,177,174,Lunges/v_Lunges_g24_c04.avi
2.5180582857452656,6.456613799615114,277.2183255125822,0.5472383720930233,740.6883720930233,1310.5496416973924,0.23837209302325582,236,233,Lunges/v_Lunges_g25_c01.avi
2.459388633389731,4.614116912563251,39.004006204491354,0.7328488372093023,771.0511627906977,1399.073684309213,0.3872093023255814,265,262,Lunges/v_Lunges_g25_c02.avi
3.975037932416039,9.390590841180552,178.02527910383964,0.6927325581395349,163.46046511627907,204.40526791957205,0.6587209302325582,247,244,Lunges/v_Lunges_g25_c03.avi
2.994106424266957,5.748683032444735,152.41062955056645,0.6667151162790698,613.5441860465116,1079.9054207730578,0.17267441860465116,252,249,Lunges/v_Lunges_g25_c04.avi
4.670229891502463,10.988392362579944,107.50116278440899,0.4611918604651163,309.9162790697674,248.50565940889095,0.12616279069767442,127,125,MilitaryParade/v_MilitaryParade_g08_c01.avi
1.6798618794280176,4.015729533738247,160.04999218994044,0.509156976744186,273.86046511627904,199.93552232696356,0.14418604651162792,107,105,MilitaryParade/v_MilitaryParade_g08_c02.avi
4.191458389872957,10.56387156808986,115.50108224601188,0.4933139534883721,315.8325581395349,300.6333312695053,0.26046511627906976,144,142,MilitaryParade/v_MilitaryParade_g08_c03.avi
8.662727187978986,19.998181334450017,249.0180716333656,0.47732558139534886,201.74883720930234,170.01644841369335,0.3988372093023256,123,121,MilitaryParade/v_MilitaryParade_g08_c04.avi
4.322610237584845,8.898229474027074,183.4693434882242,0.48866279069767443,280.0,270.66429906934104,0.3005813953488372,79,77,MilitaryParade/v_MilitaryParade_g08_c05.avi
0.12518032918614208,0.6356597052760175,10.68658621824575,0.9797965116279069,240.48372093023255,164.83775946152087,0.21337209302325583,100,98,MilitaryParade/v_MilitaryParade_g09_c01.avi
1.652669664456933,7.3410609391791555,190.16308790088576,0.7986918604651163,268.1674418604651,272.4781874956192,0.35290697674418603,124,122,MilitaryParade/v_MilitaryParade_g09_c02.avi
0.8647549396643824,1.7899193719240094,23.264780248263683,0.7677325581395349,270.51162790697674,215.16984876668977,0.19186046511627908,98,96,MilitaryParade/v_MilitaryParade_g09_c03.avi
1.0577264288125097,3.031437487280834,50.451090176526414,0.734156976744186,331.01395348837207,570.1178946137268,0.29069767441860467,106,104,MilitaryParade/v_MilitaryParade_g09_c04.avi
1.2104924699700372,6.033279198686468,261.5415836917717,0.7248546511627907,276.87441860465117,221.6703986207044,0.1819767441860465,110,108,MilitaryParade/v_MilitaryParade_g09_c05.avi
0.6117070253926605,1.8982124485482743,32.7566787083184,0.8222383720930233,297.4139534883721,430.5457983263371,0.24709302325581395,136,134,MilitaryParade/v_MilitaryParade_g09_c06.avi
2.3320375403141096,4.295093344406447,54.89307788783573,0.5648255813953489,278.9953488372093,241.86045366726268,0.22441860465116278,127,125,MilitaryParade/v_MilitaryParade_g09_c07.avi
2.671212318392953,14.357476250924137,324.09875038327436,0.49520348837209305,241.15348837209302,143.6435176478558,0.175,137,135,MilitaryParade/v_MilitaryParade_g10_c01.avi
2.805028636154557,12.35099521461678,320.50273009757655,0.4681686046511628,226.75348837209302,188.7401799063651,0.31976744186046513,103,101,MilitaryParade/v_MilitaryParade_g10_c02.avi
3.270666746233202,12.328373467734458,324.07560846197606,0.6058139534883721,197.95348837209303,146.60276235355093,0.3767441860465116,123,121,MilitaryParade/v_MilitaryParade_g10_c03.avi
3.9191492044133387,11.749688759195491,117.99662336270475,0.6742732558139535,268.0558139534884,196.69888840244136,0.16046511627906976,90,88,MilitaryParade/v_MilitaryParade_g10_c04.avi
3.127278196457063,10.254785769230251,203.034633745083,0.4943313953488372,223.62790697674419,185.24515789495342,0.3267441860465116,103,101,MilitaryParade/v_MilitaryParade_g10_c05.avi
3.605673329987517,11.470627841046653,195.1490215835068,0.46075581395348836,267.72093023255815,204.36063945210728,0.17848837209302326,112,110,MilitaryParade/v_MilitaryParade_g11_c01.avi
4.981438100752319,12.10061663246436,128.3755477106135,0.4478197674418605,266.6046511627907,218.1169026787714,0.21453488372093024,137,135,MilitaryParade/v_MilitaryParade_g11_c02.avi
1.612477144520915,9.05977776567061,254.88018018276745,0.6526162790697675,295.293023255814,237.6876643102846,0.1511627906976744,140,138,MilitaryParade/v_MilitaryParade_g11_c03.avi
4.285417815325729,19.955590211395723,319.22562553780045,0.6508720930232558,233.33953488372094,229.57252706101184,0.38313953488372093,123,121,MilitaryParade/v_MilitaryParade_g11_c04.avi
0.7178249123086466,3.19560364344451,120.10412149464314,0.8111918604651163,305.33953488372094,245.16487299085256,0.13372093023255813,119,117,MilitaryParade/v_MilitaryParade_g11_c05.avi
1.5585120406620812,8.651386062809479,282.0,0.7226744186046512,405.69302325581396,383.25941023374804,0.2947674418604651,108,106,MilitaryParade/v_MilitaryParade_g12_c01.avi
1.1469338485894542,3.237010344449064,44.25,0.7098837209302326,429.5813953488372,368.598239251693,0.17732558139534885,152,150,MilitaryParade/v_MilitaryParade_g12_c02.avi
1.8497480273083606,3.3538047999108227,32.01562118716424,0.5970930232558139,442.30697674418604,363.6904877523711,0.1296511627906977,131,129,MilitaryParade/v_MilitaryParade_g12_c03.avi
0.2336817797881059,1.542523734621495,36.0,0.9536337209302326,487.293023255814,422.0741946213705,0.2930232558139535,119,117,MilitaryParade/v_MilitaryParade_g12_c04.avi
1.7748128248416888,8.037750791324301,51.5,0.9107558139534884,467.86976744186046,391.9433060182354,0.1941860465116279,131,129,MilitaryParade/v_MilitaryParade_g12_c05.avi
6.166219502876408,16.666510238564406,161.1745947722531,0.5120639534883721,250.41860465116278,187.96959582919928,0.21511627906976744,139,137,MilitaryParade/v_MilitaryParade_g13_c01.avi
1.9901688942437725,7.503135665475847,272.0018382290826,0.6031976744186046,263.92558139534884,188.96593527519562,0.16104651162790698,91,89,MilitaryParade/v_MilitaryParade_g13_c02.avi
2.3979520738773643,2.445365644103963,132.9616956119318,0.2369186046511628,247.96279069767442,148.5052297618862,0.15348837209302327,132,130,MilitaryParade/v_MilitaryParade_g13_c03.avi
2.9385312856837733,7.558663757583667,109.34006584962349,0.5494186046511628,227.86976744186046,169.15720435047055,0.27674418604651163,134,132,MilitaryParade/v_MilitaryParade_g13_c04.avi
2.0118288774329898,4.824368440597194,68.97871048374273,0.48866279069767443,308.57674418604654,257.76232502705506,0.1563953488372093,152,150,MilitaryParade/v_MilitaryParade_g14_c01.avi
4.306392967239068,9.80357001618774,185.0108104949546,0.438953488372093,295.6279069767442,254.90728120612465,0.19593023255813954,153,151,MilitaryParade/v_MilitaryParade_g14_c02.avi
1.3043655311006541,1.7924202291444595,28.160255680657446,0.5475290697674419,342.846511627907,285.7621220435067,0.12209302325581395,147,145,MilitaryParade/v_MilitaryParade_g14_c03.avi
4.267505217853702,5.009946715707179,54.230987451824994,0.29767441860465116,292.9488372093023,236.30125074425456,0.1563953488372093,108,106,MilitaryParade/v_MilitaryParade_g14_c04.avi
2.3526125268142337,3.9435553406220683,35.35533905932738,0.4626453488372093,279.66511627906976,232.48681771453838,0.19767441860465115,158,156,MilitaryParade/v_MilitaryParade_g14_c05.avi
5.307392781738643,19.43936456584218,249.54057786259932,0.525,225.63720930232557,193.61106664417647,0.33488372093023255,145,143,MilitaryParade/v_MilitaryParade_g15_c01.avi
5.750695429251684,10.2671859826804,125.00399993600205,0.6142441860465117,248.96744186046513,300.7660821124448,0.5203488372093024,164,161,MilitaryParade/v_MilitaryParade_g15_c02.avi
3.5517656564333353,9.585172703614573,190.41898703910806,0.5523255813953488,243.60930232558138,167.16624758626185,0.20406976744186048,139,137,MilitaryParade/v_MilitaryParade_g15_c03.avi
4.982108596374722,12.837414665742013,194.0,0.4697674418604651,254.43720930232558,185.98308128011152,0.1941860465116279,141,139,MilitaryParade/v_MilitaryParade_g15_c04.avi
3.813312582554518,8.88987791800341,125.0,0.4739825581395349,233.56279069767442,160.20525936153197,0.23546511627906977,169,166,MilitaryParade/v_MilitaryParade_g15_c05.avi
1.8459874454655503,3.4802292445531333,43.5,0.5431686046511628,235.34883720930233,117.58478064011007,0.1633720930232558,139,137,MilitaryParade/v_MilitaryParade_g15_c06.avi
1.7941741658745567,5.225440915176684,88.48481508145903,0.5203488372093024,230.54883720930232,133.9988760315462,0.2069767441860465,159,157,MilitaryParade/v_MilitaryParade_g15_c07.avi
2.130279328141287,3.7219918215916423,46.0,0.4703488372093023,227.9813953488372,107.01844930233412,0.18313953488372092,100,98,MilitaryParade/v_MilitaryParade_g16_c01.avi
1.8262257642301944,6.670836377781832,295.16944286290885,0.6263081395348837,174.84651162790698,144.90622364350662,0.4877906976744186,125,123,MilitaryParade/v_MilitaryParade_g16_c02.avi
2.622442915269204,4.819366911304476,198.5031879466927,0.4340116279069767,224.29767441860466,147.64553638087514,0.2558139534883721,147,145,MilitaryParade/v_MilitaryParade_g16_c03.avi
3.727575330501504,13.765686728298649,209.43286513821081,0.4741279069767442,205.09767441860464,103.01169382336703,0.2837209302325581,131,129,MilitaryParade/v_MilitaryParade_g16_c04.avi
1.8832653625780171,4.686295424759894,237.15395843207003,0.5414244186046512,219.60930232558138,142.25635525747578,0.2686046511627907,149,147,MilitaryParade/v_MilitaryParade_g17_c01.avi
2.60145622394054,7.484203568752368,140.02868009804277,0.514389534883721,225.63720930232557,112.35425085520914,0.2,139,137,MilitaryParade/v_MilitaryParade_g17_c02.avi
0.9756857959201799,1.9066834667729162,23.262093628906236,0.7472383720930232,248.6325581395349,164.5580122785999,0.17790697674418604,139,137,MilitaryParade/v_MilitaryParade_g17_c03.avi
1.3509033550819922,4.897613926292384,129.04747188534924,0.8478197674418605,233.78604651162792,187.2515800304628,0.2854651162790698,144,142,MilitaryParade/v_MilitaryParade_g17_c04.avi
1.0707192656804434,6.572275846302071,234.3608329051593,0.7543604651162791,247.85116279069769,164.97649215498612,0.1819767441860465,148,146,MilitaryParade/v_MilitaryParade_g17_c05.avi
4.294126358755208,9.106359763129168,153.0130713370593,0.4257267441860465,229.9906976744186,120.85085910337949,0.19127906976744186,141,139,MilitaryParade/v_MilitaryParade_g18_c01.avi
2.474844264201957,4.860934732618622,68.85094861365383,0.39069767441860465,234.45581395348836,142.79260175989768,0.20290697674418604,147,145,MilitaryParade/v_MilitaryParade_g18_c02.avi
2.6641760654316506,5.537019000312622,72.0,0.5276162790697675,231.4418604651163,126.94208573764017,0.1930232558139535,140,138,MilitaryParade/v_MilitaryParade_g18_c03.avi
2.650111572523363,6.188985136059837,171.10523077919038,0.40668604651162793,225.74883720930234,136.41820851677753,0.23197674418604652,133,131,MilitaryParade/v_MilitaryParade_g18_c04.avi
4.342338978386069,6.703208884403933,96.53901413418308,0.3300872093023256,240.48372093023255,133.19595100039217,0.1622093023255814,136,134,MilitaryParade/v_MilitaryParade_g18_c05.avi
6.125748725143993,23.08657954999018,310.16124838541646,0.6168604651162791,195.3860465116279,168.93514591768758,0.4273255813953488,125,123,MilitaryParade/v_MilitaryParade_g18_c06.avi
1.9415244388638324,6.4722837868288785,223.0022421411946,0.6924418604651162,1172.5767441860464,1662.7109168305653,0.25872093023255816,142,140,MilitaryParade/v_MilitaryParade_g19_c01.avi
2.5793067566490637,3.767697407138936,25.578311124857326,0.4390988372093023,812.1302325581395,1339.4280701599857,0.16395348837209303,139,137,MilitaryParade/v_MilitaryParade_g19_c02.avi
2.1287655664128415,3.6559148829367283,28.02231253840411,0.546656976744186,1074.3441860465116,1549.2180811400679,0.14709302325581394,127,125,MilitaryParade/v_MilitaryParade_g19_c03.avi
2.2803148875641974,5.254224494813303,317.94469350030045,0.5540697674418604,827.4232558139535,1335.088242852641,0.1308139534883721,139,137,MilitaryParade/v_MilitaryParade_g19_c04.avi
2.5359802968506613,6.000379777719336,60.03332407921454,0.7491279069767441,1648.446511627907,1823.4740433233146,0.13372093023255813,136,134,MilitaryParade/v_MilitaryParade_g19_c05.avi
2.7659468301700936,3.6762767810120143,41.13772599451749,0.4585755813953488,243.49767441860465,162.01420765773526,0.19534883720930232,139,137,MilitaryParade/v_MilitaryParade_g19_c06.avi
1.1098125244313422,2.31216850813991,42.036442523125096,0.7270348837209303,792.4837209302326,1296.9723844454288,0.11744186046511627,147,145,MilitaryParade/v_MilitaryParade_g19_c07.avi
1.2901043836636015,2.346324119712821,16.55294535724685,0.6675872093023256,262.25116279069766,161.84676124827118,0.11627906976744186,138,136,MilitaryParade/v_MilitaryParade_g20_c01.avi
0.9173744853504625,1.4908265392720044,11.0,0.6970930232558139,304.89302325581394,552.6516735493583,0.2755813953488372,151,149,MilitaryParade/v_MilitaryParade_g20_c02.avi
1.9135911757525321,6.386795028362849,111.25,0.7242732558139535,261.8046511627907,212.47620709862514,0.22093023255813954,154,152,MilitaryParade/v_MilitaryParade_g20_c03.avi
0.7541114325290478,1.2601360822845677,16.883794004903045,0.7872093023255814,198.06511627906977,167.0737908046133,0.41104651162790695,150,148,MilitaryParade/v_MilitaryParade_g20_c04.avi
0.8318467028070817,2.231595755688753,29.410882339705484,0.7866279069767442,251.31162790697675,216.20328634778537,0.27325581395348836,102,100,MilitaryParade/v_MilitaryParade_g21_c01.avi
3.6959968400022998,7.839016035338725,78.50358272079052,0.4947674418604651,227.2,135.70923774490194,0.22441860465116278,138,136,MilitaryParade/v_MilitaryParade_g21_c02.avi
4.400044718439078,19.967425980792086,335.0044775820168,0.7071220930232558,194.49302325581397,183.69894151604612,0.45988372093023255,123,121,MilitaryParade/v_MilitaryParade_g21_c03.avi
2.684459350922154,9.7825832750464,197.00253805471644,0.5405523255813953,208.7813953488372,143.36391692864274,0.32034883720930235,102,100,MilitaryParade/v_MilitaryParade_g21_c04.avi
1.1894136061455531,3.1347316548988897,43.0,0.7792151162790698,338.71627906976744,566.9950399398457,0.24593023255813953,135,133,MilitaryParade/v_MilitaryParade_g22_c01.avi
7.24704283839823,31.937971973546066,312.25810637996256,0.6059593023255814,212.24186046511628,169.63681345822195,0.3488372093023256,126,124,MilitaryParade/v_MilitaryParade_g22_c02.avi
2.0046383882771175,10.042279470674448,302.75041288163425,0.7427325581395349,223.51627906976745,198.6800828376796,0.35523255813953486,143,141,MilitaryParade/v_MilitaryParade_g22_c03.avi
1.4536567746315943,4.569828971918436,234.21357774475842,0.5988372093023255,259.12558139534883,221.61600573233648,0.2534883720930233,116,114,MilitaryParade/v_MilitaryParade_g22_c04.avi
9.542491573999273,33.886118470277246,284.65856741015193,0.5508720930232558,209.78604651162792,198.27969624960355,0.4174418604651163,124,122,MilitaryParade/v_MilitaryParade_g23_c01.avi
6.307030433887746,29.285068739879595,339.71872556572447,0.5975290697674419,185.33953488372094,160.37441966693004,0.461046511627907,126,124,MilitaryParade/v_MilitaryParade_g23_c02.avi
2.2151861721422894,6.515791319833815,197.1623696347759,0.3992732558139535,303.21860465116276,543.7082525030436,0.22848837209302325,119,117,MilitaryParade/v_MilitaryParade_g23_c03.avi
2.050804817912813,5.838851939209594,99.545215856916,0.5593023255813954,287.36744186046514,405.5292836161159,0.17151162790697674,136,134,MilitaryParade/v_MilitaryParade_g23_c04.avi
3.4675251903908646,12.590272129083738,184.0108692441835,0.5484011627906977,208.2232558139535,149.4053528464329,0.3325581395348837,104,102,MilitaryParade/v_MilitaryParade_g24_c01.avi
2.9105574484591274,9.758773645334545,203.44286667268528,0.4755813953488372,212.46511627906978,172.07723371940102,0.35232558139534886,110,108,MilitaryParade/v_MilitaryParade_g24_c02.avi
3.6500259275230684,12.349133858629568,220.14540649307222,0.510610465116279,202.1953488372093,133.12843589362478,0.336046511627907,102,100,MilitaryParade/v_MilitaryParade_g24_c03.avi
2.6703423178005528,5.152671372126856,113.77719455145657,0.575,212.24186046511628,129.516083642612,0.2837209302325581,107,105,MilitaryParade/v_MilitaryParade_g24_c04.avi
7.457050192684837,13.492110554970935,179.2573656087805,0.40494186046511627,208.66976744186047,149.26049577038236,0.3302325581395349,128,126,MilitaryParade/v_MilitaryParade_g25_c01.avi
8.42070713527597,16.089789711683167,206.50003783292632,0.3933139534883721,204.65116279069767,144.70352749930095,0.34186046511627904,94,92,MilitaryParade/v_MilitaryParade_g25_c02.avi
8.335328614016408,16.28863759445287,97.0,0.4645348837209302,280.33488372093024,424.16131139632665,0.28255813953488373,129,127,MilitaryParade/v_MilitaryParade_g25_c03.avi
3.2745048168609947,10.589786020886459,131.30879635424276,0.5808139534883721,208.2232558139535,173.31382053777384,0.3744186046511628,120,118,MilitaryParade/v_MilitaryParade_g25_c04.avi
1.535882566265094,6.833148684035577,148.0979405663698,0.8001453488372093,201.86046511627907,228.13027504143622,0.5238372093023256,125,123,MilitaryParade/v_MilitaryParade_g25_c05.avi
3.1179458439065457,12.581083505411389,222.50617968946392,0.8087209302325581,182.10232558139535,143.97819196681672,0.45,124,122,MilitaryParade/v_MilitaryParade_g25_c06.avi
3.505830534424176,9.449154271868956,201.08953229842672,0.7040697674418605,237.35813953488372,218.65827031679828,0.33895348837209305,129,127,MilitaryParade/v_MilitaryParade_g25_c07.avi
3.7221383407547175,4.942508438096571,37.48332962798263,0.5072674418604651,225.52558139534884,168.81413488298273,0.2866279069767442,118,116,Mixing/v_Mixing_g08_c01.avi
2.6043549399710124,4.249667367881509,65.70007610345668,0.6171511627906977,221.6186046511628,125.3266750050461,0.23488372093023255,100,98,Mixing/v_Mixing_g08_c02.avi
2.195461791566077,4.568609145854723,40.50945105774701,0.7200581395348837,248.96744186046513,213.1944278264482,0.2761627906976744,114,112,Mixing/v_Mixing_g08_c03.avi
4.112868964161002,13.998185202762912,222.31509170544405,0.7696220930232558,225.86046511627907,398.9897464087499,0.3988372093023256,122,120,Mixing/v_Mixing_g08_c04.avi
2.4162882692593834,7.769558020374235,146.6023533235398,0.6979651162790698,255.7767441860465,230.64162559947223,0.2895348837209302,140,138,Mixing/v_Mixing_g08_c05.avi
1.4761359972929091,3.1869177089060665,88.2779700718135,0.7267441860465116,175.06976744186048,138.8399438786439,0.47732558139534886,106,104,Mixing/v_Mixing_g09_c01.avi
0.5309987420419614,1.4186905471783982,21.337320590927064,0.851453488372093,228.53953488372093,257.37929131883095,0.47790697674418603,125,123,Mixing/v_Mixing_g09_c02.avi
1.5907902155058973,3.4193977837020872,34.875,0.6808139534883721,225.07906976744187,248.11825440014795,0.4680232558139535,126,124,Mixing/v_Mixing_g09_c03.avi
2.256945918984494,5.92804878804649,76.0539487797971,0.6515988372093023,209.67441860465115,116.64849223603815,0.27848837209302324,137,135,Mixing/v_Mixing_g09_c04.avi
2.0121865216398085,4.35912603238653,49.966238601679834,0.71875,188.46511627906978,121.80108619006442,0.3866279069767442,98,96,Mixing/v_Mixing_g09_c05.avi
2.1235643254415772,5.1060456172028115,59.841457201508724,0.6994186046511628,186.90232558139536,154.67290240626417,0.4436046511627907,102,100,Mixing/v_Mixing_g09_c06.avi
0.6049777301230617,1.2309049666396554,15.652475842498529,0.8248546511627907,251.86976744186046,212.96869901563244,0.2633720930232558,114,112,Mixing/v_Mixing_g09_c07.avi
0.8593273696810511,3.720624266793556,71.06335201775947,0.9023255813953488,510.7348837209302,715.8633879299003,0.28488372093023256,111,109,Mixing/v_Mixing_g10_c01.avi
0.7829292757828349,3.3228401089104174,59.11429607125505,0.8995639534883721,382.92093023255813,394.771442004599,0.40406976744186046,122,120,Mixing/v_Mixing_g10_c02.avi
0.9146768788321945,2.9993963662678795,30.49923154769641,0.864389534883721,464.4093023255814,513.5741606799528,0.20290697674418604,141,139,Mixing/v_Mixing_g10_c03.avi
0.9623637578207939,3.0805926438924005,31.625,0.867296511627907,435.9441860465116,519.6062164183725,0.29534883720930233,113,111,Mixing/v_Mixing_g10_c04.avi
0.703489508858918,2.6224191084573385,103.58571330062848,0.8848837209302326,415.4046511627907,383.62105693927157,0.27209302325581397,119,117,Mixing/v_Mixing_g10_c05.avi
2.677153682283793,11.263231751811286,300.4130489842277,0.5933139534883721,269.1720930232558,229.33262765014834,0.2313953488372093,127,125,Mixing/v_Mixing_g11_c01.avi
1.0705610853224985,2.2569688746437233,30.0,0.7536337209302325,330.7906976744186,315.65837864135653,0.2593023255813954,120,118,Mixing/v_Mixing_g11_c02.avi
1.4052496743365919,2.8963036861588143,32.524029578144216,0.6906976744186046,368.29767441860463,350.30615811486433,0.26627906976744187,129,127,Mixing/v_Mixing_g11_c03.avi
1.412900209429278,4.08284927714111,98.68447192947835,0.7504360465116279,265.93488372093026,255.52305760766978,0.3133720930232558,141,139,Mixing/v_Mixing_g11_c04.avi
2.3635237600781136,6.577664993406708,150.14659503298768,0.6851744186046511,213.8046511627907,215.90337842557253,0.4383720930232558,123,121,Mixing/v_Mixing_g11_c05.avi
1.5171582075974972,3.2781200680026417,119.0,0.6441860465116279,290.6046511627907,296.94492007738074,0.34069767441860466,117,115,Mixing/v_Mixing_g11_c06.avi
2.105346405661354,5.0401278271834595,84.0535543567314,0.6440406976744186,278.7720930232558,262.3684240126374,0.2813953488372093,140,138,Mixing/v_Mixing_g11_c07.avi
0.5068112685359861,1.5959788580712861,18.083573347101506,0.882703488372093,334.80930232558137,334.6165259642005,0.3127906976744186,114,112,Mixing/v_Mixing_g12_c01.avi
0.4952704493691665,1.5899526312068746,17.0004595526121,0.8867732558139535,289.153488372093,300.4460709638232,0.35755813953488375,100,98,Mixing/v_Mixing_g12_c02.avi
0.5184578444839937,1.684259936154069,22.47220505424423,0.8818313953488373,303.88837209302324,324.1994026143316,0.38313953488372093,105,103,Mixing/v_Mixing_g12_c03.avi
0.7214453350618957,2.118785673336232,33.25,0.8706395348837209,355.90697674418607,351.33498319473017,0.3075581395348837,108,106,Mixing/v_Mixing_g12_c04.avi
0.359487064972746,1.1452583182515015,13.0,0.9140988372093023,325.4325581395349,318.4992042784629,0.2872093023255814,115,113,Mixing/v_Mixing_g12_c05.avi
0.6547874251307653,2.291031271163439,36.6136927938169,0.8767441860465116,405.5813953488372,369.08852108681594,0.2372093023255814,111,109,Mixing/v_Mixing_g12_c06.avi
0.5617747077374704,1.7151839652287668,24.310812923470905,0.8824127906976744,308.13023255813954,314.2017449471802,0.33313953488372094,100,98,Mixing/v_Mixing_g12_c07.avi
2.484581393767301,3.7820685270801504,37.48270434480415,0.5581395348837209,229.43255813953488,190.04027445968327,0.31046511627906975,112,110,Mixing/v_Mixing_g13_c01.avi
2.6790541732633226,7.288191386721538,139.25,0.602906976744186,184.5581395348837,161.825818264589,0.46744186046511627,104,102,Mixing/v_Mixing_g13_c02.avi
2.717464905852297,9.107221014213954,282.0,0.6674418604651163,155.646511627907,151.37332773080064,0.5970930232558139,103,101,Mixing/v_Mixing_g13_c03.avi
1.8976657529803946,6.659462099650426,346.646974600962,0.7020348837209303,264.5953488372093,234.21734882368258,0.2622093023255814,97,95,Mixing/v_Mixing_g13_c04.avi
0.17697735577152154,0.8692093797104806,32.810059433045836,0.9511627906976744,196.8372093023256,194.58828691924262,0.47093023255813954,62,60,Mixing/v_Mixing_g13_c05.avi
2.154243542017376,6.270626438251671,253.57851348251097,0.5904069767441861,251.646511627907,265.0630213336612,0.3994186046511628,105,103,Mixing/v_Mixing_g13_c06.avi
1.3582927703236602,9.615211056671127,331.8750235404888,0.8079941860465116,186.0093023255814,157.5698587248939,0.45290697674418606,100,98,Mixing/v_Mixing_g14_c01.avi
1.363103198019882,8.91665679723721,333.0,0.8014534883720931,213.58139534883722,186.1075248791882,0.3744186046511628,92,90,Mixing/v_Mixing_g14_c02.avi
1.1418695730554012,3.670684235799128,32.33032632065442,0.8113372093023256,252.31627906976743,234.80290094701004,0.31453488372093025,117,115,Mixing/v_Mixing_g14_c03.avi
2.3483850280909757,6.699833233592357,35.035027115730905,0.85625,230.10232558139535,204.99503963184435,0.3395348837209302,117,115,Mixing/v_Mixing_g14_c04.avi
1.1417521695748587,3.864371360187048,124.5,0.8468023255813953,225.07906976744187,209.7330934596587,0.37267441860465117,104,102,Mixing/v_Mixing_g14_c05.avi
0.7384335286714093,2.906234181759632,79.0,0.8405523255813954,210.7906976744186,139.6275041439427,0.30523255813953487,114,112,Mixing/v_Mixing_g14_c06.avi
1.4097568608039084,9.512125386136628,294.0612181162283,0.8390988372093023,234.0093023255814,229.3574845681305,0.37965116279069766,104,102,Mixing/v_Mixing_g14_c07.avi
2.7117588937943595,6.7668201394237535,115.35305858537085,0.66875,168.8186046511628,149.7545266712099,0.5261627906976745,122,120,Mixing/v_Mixing_g15_c01.avi
1.4569597839628212,2.6972918261067806,27.721832551258224,0.7155523255813954,223.51627906976745,231.558337549051,0.43197674418604654,103,101,Mixing/v_Mixing_g15_c02.avi
1.8116918162161455,4.021482246183538,52.839379254491625,0.7132267441860465,216.93023255813952,216.09444482908955,0.42441860465116277,103,101,Mixing/v_Mixing_g15_c03.avi
2.7291570272370853,6.203519642437884,64.42534439178421,0.5921511627906977,203.75813953488372,160.41578857595547,0.37209302325581395,99,97,Mixing/v_Mixing_g15_c04.avi
2.2624311423595156,6.051072114169384,154.50889942006577,0.6318313953488373,222.1767441860465,131.72807233297868,0.24127906976744187,97,95,Mixing/v_Mixing_g15_c05.avi
1.5659602783352449,5.047525851911697,267.0731407311488,0.7005813953488372,192.26046511627908,180.57790194138124,0.4645348837209302,104,102,Mixing/v_Mixing_g15_c06.avi
2.0441146541303263,5.042895538076304,63.1605098142819,0.7010174418604651,210.7906976744186,163.6548492434874,0.3447674418604651,92,90,Mixing/v_Mixing_g15_c07.avi
1.4728687734387949,4.914366884074391,172.69626515938322,0.8066860465116279,1064.8558139534885,1592.3710718212556,0.24302325581395348,105,103,Mixing/v_Mixing_g16_c01.avi
0.6661591989610938,2.179661537488285,27.95001118067755,0.8183139534883721,716.9116279069767,1223.449392270145,0.20872093023255814,108,106,Mixing/v_Mixing_g16_c02.avi
0.7907409871354802,3.3443885696681233,141.28694207179942,0.776453488372093,505.6,971.0677355245327,0.24651162790697675,111,109,Mixing/v_Mixing_g16_c03.avi
0.5631022350505034,1.6891172517553774,22.75,0.8063953488372093,946.753488372093,1437.1662588271015,0.2,117,115,Mixing/v_Mixing_g16_c04.avi
1.2311635160943026,3.0957768679703657,31.756150978983584,0.8159883720930232,250.08372093023254,236.5761443184272,0.32848837209302323,93,91,Mixing/v_Mixing_g17_c01.avi
4.865180605572961,24.036540303557548,349.72560672618755,0.7880813953488373,252.76279069767443,183.34995008688486,0.19593023255813954,115,113,Mixing/v_Mixing_g17_c02.avi
2.1898117357594997,4.7978437726923255,47.30634867541565,0.6770348837209302,234.34418604651162,182.38934243436432,0.27325581395348836,115,113,Mixing/v_Mixing_g17_c03.avi
1.2392705690021757,3.8581015952167883,50.60632371551998,0.7731104651162791,175.29302325581395,144.8597804700693,0.48546511627906974,82,80,Mixing/v_Mixing_g17_c04.avi
1.975263107160945,8.816413647905664,241.29494400007638,0.7765988372093023,217.6,237.653270983806,0.4744186046511628,102,100,Mixing/v_Mixing_g18_c01.avi
3.1703890351450696,21.093684013874128,306.75723300355935,0.8409883720930232,253.32093023255814,434.3789410706351,0.43953488372093025,103,101,Mixing/v_Mixing_g18_c02.avi
2.109138544618489,7.423578019866597,235.77107541002565,0.7835755813953489,224.29767441860466,239.53548990666133,0.44883720930232557,105,103,Mixing/v_Mixing_g18_c03.avi
3.7249293802215595,11.550491334076796,181.0414317221337,0.7652616279069767,229.32093023255814,209.3955959623721,0.35290697674418603,102,100,Mixing/v_Mixing_g18_c04.avi
2.315257265270122,5.613659744654414,173.00018063574385,0.5677325581395349,216.59534883720931,113.4521268846281,0.2424418604651163,101,99,Mixing/v_Mixing_g19_c01.avi
1.0923341547369223,3.4124406551922815,37.18408597774053,0.8165697674418605,194.15813953488373,151.8288911939682,0.40348837209302324,107,105,Mixing/v_Mixing_g19_c02.avi
1.7465623146977836,4.226772540511323,72.0,0.7912790697674419,179.646511627907,144.33380456079598,0.4627906976744186,103,101,Mixing/v_Mixing_g19_c03.avi
2.222746193461941,9.244581434360043,202.08166665979377,0.8270348837209303,178.30697674418604,155.92400861622608,0.4883720930232558,102,100,Mixing/v_Mixing_g19_c04.avi
1.642210358048543,8.465193015883814,328.12738094374265,0.7648255813953488,240.59534883720931,180.90320931690897,0.24302325581395348,115,113,Mixing/v_Mixing_g20_c01.avi
1.0774435392179582,7.568804925944834,303.27874966769434,0.7934593023255814,256.11162790697676,419.19629259483787,0.35755813953488375,102,100,Mixing/v_Mixing_g20_c02.avi
2.7095356341690278,8.315898476097182,63.953107821277925,0.7944767441860465,269.50697674418603,191.46834992001286,0.1436046511627907,79,77,Mixing/v_Mixing_g20_c03.avi
1.830174824260392,7.645967317304896,313.91738562876697,0.7809593023255814,253.87906976744185,417.6542737152621,0.3598837209302326,103,101,Mixing/v_Mixing_g20_c04.avi
1.038247436225394,3.9314020611856337,176.11359970201053,0.8800872093023255,393.9720930232558,612.005881688404,0.3697674418604651,119,117,Mixing/v_Mixing_g21_c01.avi
0.8908616317444221,2.743328936283365,23.511965039102964,0.8732558139534884,376.446511627907,608.6401355323641,0.3959302325581395,117,115,Mixing/v_Mixing_g21_c02.avi
0.9456341549934273,3.068738198930084,26.188022071168337,0.8694767441860465,261.5813953488372,266.2904719809187,0.3616279069767442,113,111,Mixing/v_Mixing_g21_c03.avi
1.2631256664211048,10.844025238479293,245.3752228730521,0.8736918604651163,313.6,458.5152661605997,0.32325581395348835,140,138,Mixing/v_Mixing_g21_c04.avi
0.29352596486387994,1.0862273831978586,12.415338295833907,0.9226744186046512,216.26046511627908,142.11350547007476,0.2837209302325581,119,117,Mixing/v_Mixing_g22_c01.avi
0.2385523763587463,0.7598666727726461,9.25,0.9322674418604651,200.4093023255814,144.46893898714487,0.3616279069767442,101,99,Mixing/v_Mixing_g22_c02.avi
0.5725327129764659,1.5539839691234714,15.375,0.8453488372093023,294.06511627906974,548.3873486250054,0.29011627906976745,101,99,Mixing/v_Mixing_g22_c03.avi
0.35720151226500685,1.1050211252250934,13.625,0.9059593023255814,204.31627906976743,144.80643845738635,0.3436046511627907,93,91,Mixing/v_Mixing_g22_c04.avi
0.45778061171584733,2.216869484814082,73.57309290766564,0.9188953488372092,265.71162790697673,439.4056563074994,0.4122093023255814,125,123,Mixing/v_Mixing_g23_c01.avi
0.48933595598457924,1.398980335774648,18.03902020620854,0.8626453488372093,337.48837209302326,668.324958283612,0.33372093023255817,128,126,Mixing/v_Mixing_g23_c02.avi
0.4077113672889948,2.173398401696055,42.78032550133297,0.9510174418604651,222.4,178.6018255590442,0.3191860465116279,136,134,Mixing/v_Mixing_g23_c03.avi
0.4695229803176515,2.4661307909213526,38.27062352510082,0.9497093023255814,243.60930232558138,402.099138425798,0.33430232558139533,110,108,Mixing/v_Mixing_g23_c04.avi
0.4707642955746678,2.7154855067934185,69.46221994724903,0.9372093023255814,320.1860465116279,308.22999988410606,0.2703488372093023,127,125,Mixing/v_Mixing_g24_c01.avi
0.7386400012353265,5.391410611964351,175.38529014715002,0.9052325581395348,297.74883720930234,304.4484944197653,0.3383720930232558,136,134,Mixing/v_Mixing_g24_c02.avi
1.1582292770165425,4.433633750139853,84.52810183601665,0.8991279069767442,357.4697674418605,599.8879878137266,0.39476744186046514,112,110,Mixing/v_Mixing_g24_c03.avi
1.6283252232669634,5.158741822983296,50.87054648812022,0.8459302325581395,302.10232558139535,299.59297775510873,0.3063953488372093,117,115,Mixing/v_Mixing_g24_c04.avi
1.121147962629741,3.594135076977462,94.75,0.7632267441860465,395.2,384.2489890440772,0.3261627906976744,117,115,Mixing/v_Mixing_g25_c01.avi
2.3362211319469877,13.020714627575577,255.78311124857325,0.7857558139534884,400.78139534883724,375.10549663708656,0.2738372093023256,103,101,Mixing/v_Mixing_g25_c02.avi
2.002296765784881,13.784544791967432,328.39762483915746,0.842296511627907,388.9488372093023,390.7582517821693,0.37034883720930234,126,124,Mixing/v_Mixing_g25_c03.avi
1.5671885524637377,7.376151903117101,255.38402455909414,0.7715116279069767,395.86976744186046,384.9533487500783,0.32732558139534884,108,106,Mixing/v_Mixing_g25_c04.avi
0.47774153526366137,3.4488444857824225,127.00393694685216,0.8969476744186047,320.8558139534884,458.83169397550387,0.29941860465116277,275,272,MoppingFloor/v_MoppingFloor_g08_c01.avi
0.5619168659892733,2.401624930407812,29.506620019920952,0.8934593023255814,251.75813953488372,262.58708786385085,0.3918604651162791,276,273,MoppingFloor/v_MoppingFloor_g08_c02.avi
0.28214388970983406,3.0658709236148285,203.00246303924493,0.9363372093023256,292.5023255813953,442.3766350112695,0.32151162790697674,296,293,MoppingFloor/v_MoppingFloor_g08_c03.avi
0.2599245960719446,2.0366194853712964,145.2629619861856,0.9332848837209302,247.73953488372092,175.11725525531676,0.20116279069767443,219,216,MoppingFloor/v_MoppingFloor_g08_c04.avi
3.415532170019547,8.456682345721262,127.3184982632139,0.5428779069767442,303.4418604651163,450.04151241731495,0.31802325581395346,265,262,MoppingFloor/v_MoppingFloor_g09_c01.avi
1.7721588095578154,1.9211457024277538,15.78171410208663,0.44229651162790695,255.2186046511628,236.3769626911139,0.3063953488372093,279,276,MoppingFloor/v_MoppingFloor_g09_c02.avi
5.675934586015012,14.13062842063994,258.36795466930494,0.4571220930232558,280.2232558139535,229.41289357452618,0.1877906976744186,289,286,MoppingFloor/v_MoppingFloor_g09_c03.avi
4.904906887985151,7.561712599128832,33.586176471876044,0.3853197674418605,249.86046511627907,217.79674559203434,0.28313953488372096,343,339,MoppingFloor/v_MoppingFloor_g09_c04.avi
1.7927008063894885,5.4376877540177775,88.33609468954353,0.7534883720930232,208.33488372093024,174.51519409258472,0.37616279069767444,240,237,MoppingFloor/v_MoppingFloor_g10_c01.avi
3.062205401526743,7.877422610082755,61.848731797830744,0.49781976744186046,215.14418604651163,162.23970967808867,0.32209302325581396,222,219,MoppingFloor/v_MoppingFloor_g10_c02.avi
3.3668057607974338,6.398667347480441,66.88796603276258,0.5664244186046512,204.31627906976743,137.20659169573207,0.3319767441860465,248,245,MoppingFloor/v_MoppingFloor_g10_c03.avi
4.316092549243043,8.520577845088766,68.87670143089025,0.7488372093023256,190.0279069767442,154.09661470344219,0.4273255813953488,284,281,MoppingFloor/v_MoppingFloor_g10_c04.avi
0.4177277230360781,0.8759724181240357,15.652475842498529,0.8795058139534884,191.5906976744186,148.10423704184095,0.40988372093023256,192,189,MoppingFloor/v_MoppingFloor_g11_c01.avi
4.5847493480751265,13.63035751211454,76.76465658100739,0.5962209302325582,877.0976744186047,1451.7629842893543,0.22325581395348837,192,189,MoppingFloor/v_MoppingFloor_g11_c02.avi
6.932206085017981,10.766319869031879,59.23681287847955,0.5279069767441861,161.11627906976744,182.2614030378277,0.6244186046511628,86,84,MoppingFloor/v_MoppingFloor_g11_c03.avi
6.099312031787484,10.487509906193036,206.82843131445927,0.44607558139534886,215.25581395348837,236.40289741891579,0.4819767441860465,83,81,MoppingFloor/v_MoppingFloor_g11_c04.avi
2.7891014828662635,9.45760943461358,207.3916885991336,0.7268895348837209,413.50697674418603,770.6672908636639,0.3191860465116279,145,143,MoppingFloor/v_MoppingFloor_g12_c01.avi
2.2654030315570366,4.505986446663945,46.50067203815446,0.6257267441860465,290.8279069767442,454.81236935050913,0.3883720930232558,146,144,MoppingFloor/v_MoppingFloor_g12_c02.avi
1.679280432229134,4.05130282334151,59.29797635670209,0.6133720930232558,909.0232558139535,1411.4619418931052,0.2802325581395349,149,147,MoppingFloor/v_MoppingFloor_g12_c03.avi
8.45450943191471,31.775711495297482,315.03968004046726,0.5392441860465116,233.33953488372094,422.76114656108615,0.47151162790697676,163,160,MoppingFloor/v_MoppingFloor_g12_c04.avi
2.2469392339285292,8.258756144280424,120.14990636700472,0.6453488372093024,660.7627906976744,1186.0085785452436,0.28488372093023256,362,358,MoppingFloor/v_MoppingFloor_g13_c01.avi
5.958846478982494,11.464265278766177,85.0,0.33313953488372094,216.70697674418605,165.6287321936301,0.3209302325581395,356,352,MoppingFloor/v_MoppingFloor_g13_c02.avi
3.9750724253079306,9.166948873433817,110.76551810017412,0.5847383720930233,671.4790697674418,1238.464596400991,0.3825581395348837,347,343,MoppingFloor/v_MoppingFloor_g13_c03.avi
4.783661716954432,9.00738323607977,49.64876634922564,0.6821220930232558,809.8976744186047,1387.6490035204638,0.2779069767441861,379,375,MoppingFloor/v_MoppingFloor_g13_c04.avi
1.1171588494425406,2.250056176726744,20.0,0.7542151162790698,1437.9162790697674,1778.4525629243533,0.16744186046511628,198,195,MoppingFloor/v_MoppingFloor_g14_c01.avi
1.7582945353288895,3.714162829394195,32.01562118716424,0.6498546511627907,740.9116279069767,1261.110734715088,0.14418604651162792,196,193,MoppingFloor/v_MoppingFloor_g14_c02.avi
0.8640676363002393,1.505539082926207,15.811388300841896,0.6758720930232558,905.7860465116279,1451.3338246258077,0.2947674418604651,197,194,MoppingFloor/v_MoppingFloor_g14_c03.avi
1.1609818318520109,1.489684125954619,17.25,0.5824127906976744,247.06976744186048,210.95016443864202,0.27906976744186046,130,128,MoppingFloor/v_MoppingFloor_g14_c04.avi
1.465332131267142,6.766900150455811,262.2519065707626,0.6539244186046511,969.0790697674419,1468.8624892591624,0.1813953488372093,133,131,MoppingFloor/v_MoppingFloor_g15_c01.avi
1.9334681622876937,3.2766884561957306,29.68085451936989,0.6075581395348837,362.8279069767442,582.4849758819341,0.2668604651162791,132,130,MoppingFloor/v_MoppingFloor_g15_c02.avi
0.9708391576123288,4.646949793946496,162.21840986768424,0.7555232558139535,312.3720930232558,309.40821408316054,0.30174418604651165,135,133,MoppingFloor/v_MoppingFloor_g15_c03.avi
0.9109944162436435,1.339423694796896,32.01562118716424,0.6247093023255814,757.6558139534884,1175.9748821281987,0.22906976744186047,138,136,MoppingFloor/v_MoppingFloor_g15_c04.avi
2.7759984497570565,4.260437437208182,19.4164878389476,0.5287790697674418,378.6790697674419,350.70921404739187,0.2377906976744186,271,268,MoppingFloor/v_MoppingFloor_g16_c01.avi
2.6553609074656683,6.25133387241379,172.4905794529081,0.4104651162790698,305.0046511627907,306.7026057118846,0.3191860465116279,239,236,MoppingFloor/v_MoppingFloor_g16_c02.avi
4.248947781371187,4.853235197173928,35.12833614050059,0.37688953488372096,339.16279069767444,321.8210488030221,0.25290697674418605,235,232,MoppingFloor/v_MoppingFloor_g16_c03.avi
4.15371212246366,19.591232672398316,330.0,0.6571220930232559,282.5674418604651,303.192492176275,0.3918604651162791,206,203,MoppingFloor/v_MoppingFloor_g16_c04.avi
3.824153023935387,15.114981792841402,243.14810301542556,0.86875,491.5348837209302,982.3071879884742,0.3872093023255814,207,204,MoppingFloor/v_MoppingFloor_g17_c01.avi
0.9061520896480579,7.365574654381263,229.14187744713973,0.8828488372093023,808.3348837209302,1300.707685531892,0.19767441860465115,236,233,MoppingFloor/v_MoppingFloor_g17_c02.avi
4.576680645096316,6.4461660169891415,143.58969322343438,0.4188953488372093,235.68372093023257,201.94213415962844,0.3081395348837209,250,247,MoppingFloor/v_MoppingFloor_g17_c03.avi
1.3841590876113348,3.8897139840161,105.07616285342742,0.5949127906976744,445.2093023255814,906.8994600346509,0.29593023255813955,270,267,MoppingFloor/v_MoppingFloor_g17_c04.avi
1.3457989009107476,4.457351386936122,155.8589105569521,0.5895348837209302,303.10697674418606,537.7925792751497,0.1941860465116279,260,257,MoppingFloor/v_MoppingFloor_g17_c05.avi
3.2070287109286753,6.376703916545363,45.734286919115725,0.6818313953488372,792.3720930232558,1259.2982361590498,0.19011627906976744,239,236,MoppingFloor/v_MoppingFloor_g17_c06.avi
0.8168366862998604,3.3404123519578146,96.42095207992918,0.879796511627907,348.31627906976746,354.2534271749879,0.34244186046511627,106,104,MoppingFloor/v_MoppingFloor_g18_c01.avi
0.9299022962337113,3.148117345410859,60.207972893961475,0.833139534883721,409.8232558139535,365.0583469371293,0.21046511627906977,111,109,MoppingFloor/v_MoppingFloor_g18_c02.avi
0.5195057872971477,1.6703074730575747,36.87224565984556,0.870203488372093,368.63255813953486,370.33622669195165,0.3436046511627907,105,103,MoppingFloor/v_MoppingFloor_g18_c03.avi
0.14275048038955263,1.1005553352685578,25.96150997149434,0.9755813953488373,413.28372093023256,517.1160712357921,0.33430232558139533,100,98,MoppingFloor/v_MoppingFloor_g18_c04.avi
0.6215569623584258,2.375116576536148,57.07889277132134,0.8046511627906977,463.7395348837209,383.5934949490482,0.16686046511627908,349,345,MoppingFloor/v_MoppingFloor_g18_c05.avi
0.5596689608987807,1.9479235124385994,72.24956747275377,0.8453488372093023,483.6093023255814,518.0905873084868,0.1936046511627907,374,370,MoppingFloor/v_MoppingFloor_g18_c06.avi
3.8387532929151575,6.052704952069086,50.48762224545735,0.48125,304.78139534883724,547.6164195033608,0.24593023255813953,136,134,MoppingFloor/v_MoppingFloor_g19_c01.avi
3.244355156093066,7.2539070711585785,72.39000276281249,0.6672965116279069,202.53023255813955,193.4237852847974,0.44127906976744186,146,144,MoppingFloor/v_MoppingFloor_g19_c02.avi
7.091340042627465,12.235106367063006,54.25172808307584,0.6087209302325581,255.33023255813953,398.94577094607723,0.2709302325581395,77,75,MoppingFloor/v_MoppingFloor_g19_c03.avi
4.1549257235093355,11.294585251523081,112.43220179290273,0.5052325581395349,241.8232558139535,196.28462110522804,0.2691860465116279,74,72,MoppingFloor/v_MoppingFloor_g19_c04.avi
5.3976489597212245,23.026262073611093,369.6281915655244,0.8933139534883721,431.0325581395349,915.2264194940876,0.40930232558139534,124,122,MoppingFloor/v_MoppingFloor_g20_c01.avi
3.605469755033107,15.91262628344328,255.08282968479082,0.8965116279069767,502.80930232558137,1039.1914190825778,0.39825581395348836,123,121,MoppingFloor/v_MoppingFloor_g20_c02.avi
5.46066824165337,15.047641155176986,195.48913013259843,0.7479651162790698,1175.925581395349,1622.1474581113828,0.15058139534883722,128,126,MoppingFloor/v_MoppingFloor_g20_c03.avi
3.5542385598343316,6.301216818250323,80.50465825031493,0.43284883720930234,234.0093023255814,138.45600394979556,0.19825581395348837,128,126,MoppingFloor/v_MoppingFloor_g20_c04.avi
5.509105134697843,8.11959871814921,92.00849145595204,0.5947674418604652,364.27906976744185,667.0857943351708,0.24069767441860465,193,190,MoppingFloor/v_MoppingFloor_g21_c01.avi
1.4965728074254299,4.3255855073108105,36.003472054789384,0.7630813953488372,1274.7162790697676,1688.3078051954358,0.18023255813953487,189,186,MoppingFloor/v_MoppingFloor_g21_c02.avi
5.202447836802595,7.637706113353189,114.0,0.5652616279069768,305.5627906976744,547.8006210985279,0.2441860465116279,173,170,MoppingFloor/v_MoppingFloor_g21_c03.avi
4.100880160906169,10.079001677752137,163.68204696911633,0.6968023255813953,775.293023255814,1347.8692168624073,0.2255813953488372,187,184,MoppingFloor/v_MoppingFloor_g21_c04.avi
3.8291951594253293,10.518278606908321,198.08079159777205,0.7390988372093024,251.75813953488372,408.79468562089636,0.32906976744186045,338,334,MoppingFloor/v_MoppingFloor_g22_c01.avi
2.5603207144730815,9.144848988206004,222.01703200430367,0.5729651162790698,232.11162790697674,186.75865934819717,0.29186046511627906,334,330,MoppingFloor/v_MoppingFloor_g22_c02.avi
2.4833065389055973,10.227028709842324,271.43254226418765,0.8457848837209302,240.93023255813952,262.06597743288404,0.4366279069767442,347,343,MoppingFloor/v_MoppingFloor_g22_c03.avi
3.4732884311244265,5.640463099655709,233.76163072668706,0.39767441860465114,259.57209302325583,239.9957425257852,0.29767441860465116,391,387,MoppingFloor/v_MoppingFloor_g22_c04.avi
0.2516828650225444,0.9383114867728402,12.50562373494421,0.9515988372093023,246.62325581395348,185.17532212550188,0.2255813953488372,139,137,MoppingFloor/v_MoppingFloor_g23_c01.avi
0.2648510780890821,4.33039902587458,177.867928531256,0.9627906976744186,226.08372093023254,158.09979911175705,0.2651162790697674,148,146,MoppingFloor/v_MoppingFloor_g23_c02.avi
0.1754201667518603,0.9628540687372924,17.240939649566666,0.9590116279069767,373.2093023255814,767.0088249739277,0.39651162790697675,365,361,MoppingFloor/v_MoppingFloor_g23_c03.avi
0.4316430290070245,2.8817395526467533,85.05292469985967,0.9104651162790698,236.46511627906978,175.50715202245462,0.2505813953488372,313,310,MoppingFloor/v_MoppingFloor_g23_c04.avi
3.514047002199831,5.835831845763554,40.36087214122113,0.5430232558139535,416.52093023255816,846.0747057449834,0.37790697674418605,305,302,MoppingFloor/v_MoppingFloor_g24_c01.avi
3.838479229130079,5.8192161818706385,25.03123049312598,0.6045058139534883,586.0837209302325,1135.1263478348767,0.25290697674418605,302,299,MoppingFloor/v_MoppingFloor_g24_c02.avi
6.41653438579374,11.185040475740346,158.52602310030994,0.43284883720930234,511.293023255814,1032.002209614398,0.30523255813953487,300,297,MoppingFloor/v_MoppingFloor_g24_c03.avi
2.3984178045136453,11.967460455308865,248.34049206683954,0.6321220930232558,575.7023255813954,1089.3386706148447,0.3023255813953488,440,436,MoppingFloor/v_MoppingFloor_g24_c04.avi
2.760148973409764,6.623910868622639,209.0861066642162,0.35436046511627906,216.26046511627908,157.83349209749696,0.30930232558139537,156,154,MoppingFloor/v_MoppingFloor_g25_c01.avi
2.448890336762787,10.337230173114076,84.68323328735151,0.5829941860465117,184.2232558139535,127.84738874143784,0.41569767441860467,120,118,MoppingFloor/v_MoppingFloor_g25_c02.avi
3.17063012652697,4.982037159919979,53.600373133029585,0.28502906976744186,235.12558139534883,194.5873583850365,0.2947674418604651,197,194,MoppingFloor/v_MoppingFloor_g25_c03.avi
3.2223522271927605,5.371496449180341,32.0,0.5771802325581395,219.49767441860465,162.0224754555096,0.30174418604651165,70,68,MoppingFloor/v_MoppingFloor_g25_c04.avi
0.6292163233543815,1.8992655283948092,40.13804305144933,0.8531976744186046,290.04651162790697,435.2969557636873,0.29709302325581394,256,253,Nunchucks/v_Nunchucks_g08_c01.avi
0.9283024528151481,7.6267739498693325,137.88400922514546,0.8905523255813953,339.6093023255814,565.5770758708985,0.23430232558139535,248,245,Nunchucks/v_Nunchucks_g08_c02.avi
0.5832281242978831,3.906357827173968,208.90428430264421,0.8906976744186047,246.84651162790698,180.3789542574024,0.21511627906976744,251,248,Nunchucks/v_Nunchucks_g08_c03.avi
0.41341949090143504,1.2988784869324976,33.296020783270784,0.9040697674418605,289.3767441860465,550.2918315987284,0.3191860465116279,254,251,Nunchucks/v_Nunchucks_g08_c04.avi
0.734301459353829,4.3616313755664535,195.65530915362353,0.8706395348837209,245.95348837209303,180.80619889151671,0.21976744186046512,251,248,Nunchucks/v_Nunchucks_g08_c05.avi
0.5751073174447846,2.3156345883001337,110.3675676999362,0.8914244186046512,227.646511627907,197.31204344345346,0.33372093023255817,259,256,Nunchucks/v_Nunchucks_g08_c06.avi
0.8126165082012874,4.051758672759866,134.56515615121174,0.81875,234.0093023255814,186.0148028792626,0.2819767441860465,248,245,Nunchucks/v_Nunchucks_g08_c07.avi
0.23953688966090114,0.9865112175087778,17.46424919657298,0.9305232558139535,362.6046511627907,687.8360452132803,0.39825581395348836,287,284,Nunchucks/v_Nunchucks_g09_c01.avi
0.40728559295254385,1.208833420555207,20.8806130178211,0.8770348837209302,311.92558139534884,275.9553621579616,0.19709302325581396,277,274,Nunchucks/v_Nunchucks_g09_c02.avi
0.20194297434784647,0.803277157251185,15.282751715577925,0.9412790697674419,783.4418604651163,1118.1538210595297,0.14127906976744187,147,145,Nunchucks/v_Nunchucks_g09_c03.avi
0.2299298471134299,0.9797079043808898,27.002893363489772,0.94375,1246.0279069767441,1489.2340903851841,0.12732558139534883,158,156,Nunchucks/v_Nunchucks_g09_c04.avi
0.43534591200094935,2.7469839614709217,90.99673757888246,0.9002906976744186,405.24651162790695,585.2964342760029,0.16686046511627908,139,137,Nunchucks/v_Nunchucks_g09_c05.avi
0.6628557276744328,1.1286612784100558,14.84082207965583,0.7870639534883721,413.28372093023256,680.3484117442318,0.20406976744186048,177,174,Nunchucks/v_Nunchucks_g10_c01.avi
1.292918849103758,4.392527920131872,140.257798357168,0.6760174418604651,233.56279069767442,190.7406726339801,0.2936046511627907,163,160,Nunchucks/v_Nunchucks_g10_c02.avi
0.3222234090632862,0.7129529362670909,12.5,0.9555232558139535,205.2093023255814,154.56233154320424,0.35523255813953486,173,170,Nunchucks/v_Nunchucks_g10_c03.avi
0.8034653381564164,1.1565981366921703,18.5,0.6915697674418605,257.89767441860465,195.4754460145613,0.1994186046511628,174,171,Nunchucks/v_Nunchucks_g10_c04.avi
1.9815004555590654,2.4543766644299496,35.05709628591621,0.49811046511627904,201.4139534883721,138.11033940951629,0.3470930232558139,163,160,Nunchucks/v_Nunchucks_g10_c05.avi
2.4284349771281306,2.9621769462658034,31.58025490714095,0.37194767441860466,195.72093023255815,173.8674081259538,0.43488372093023253,167,164,Nunchucks/v_Nunchucks_g10_c06.avi
7.318784222751795,14.442331035985141,183.17477992343814,0.48284883720930233,177.07906976744187,144.66007719484455,0.4761627906976744,206,203,Nunchucks/v_Nunchucks_g11_c01.avi
4.5296375210635444,10.506379491427557,170.25073421280743,0.32194767441860467,219.94418604651162,172.12541844684145,0.31802325581395346,196,193,Nunchucks/v_Nunchucks_g11_c02.avi
3.4455970327379357,10.158086349443725,172.90459797240788,0.3696220930232558,228.09302325581396,163.91827429850358,0.26627906976744187,157,155,Nunchucks/v_Nunchucks_g11_c03.avi
4.195332879567225,5.98818384984906,27.018512172212592,0.363953488372093,209.78604651162792,143.01813445169935,0.31511627906976747,212,209,Nunchucks/v_Nunchucks_g11_c04.avi
2.40916978600809,6.318714759433369,138.02739764264194,0.38299418604651164,238.47441860465116,169.63736437502158,0.23081395348837208,154,152,Nunchucks/v_Nunchucks_g11_c05.avi
3.0214389225783527,4.003869091510627,29.500264829319754,0.47863372093023254,223.85116279069769,154.91830160786856,0.26976744186046514,292,289,Nunchucks/v_Nunchucks_g11_c06.avi
0.9253315709422302,5.219800204296241,181.0331461362808,0.8406976744186047,481.6,395.66446672977617,0.18546511627906978,177,174,Nunchucks/v_Nunchucks_g12_c01.avi
1.2453319712690565,6.023668262070918,107.17990133415873,0.8232558139534883,442.6418604651163,380.14794808567365,0.19534883720930232,171,168,Nunchucks/v_Nunchucks_g12_c02.avi
0.6790586822718793,3.1242362206275596,90.67886330341818,0.8574127906976744,478.69767441860466,395.3042710859291,0.18895348837209303,178,175,Nunchucks/v_Nunchucks_g12_c03.avi
1.7081975882669382,10.915579164802605,139.51702405083043,0.9375,286.92093023255813,283.8166920359062,0.3133720930232558,164,161,Nunchucks/v_Nunchucks_g12_c04.avi
0.7280338508074519,3.878880787936171,77.62087348130012,0.8943313953488372,493.3209302325581,392.45114556457673,0.15232558139534882,153,151,Nunchucks/v_Nunchucks_g12_c05.avi
3.355070345655144,9.333574930367929,242.03305559365234,0.698110465116279,835.2372093023256,1386.824787146298,0.31569767441860463,287,284,Nunchucks/v_Nunchucks_g13_c01.avi
1.2858951487920873,5.091548622960971,110.30865786510141,0.8472383720930232,1012.2790697674419,1417.563555452796,0.1377906976744186,307,304,Nunchucks/v_Nunchucks_g13_c02.avi
1.5931555014394816,7.784724205001897,169.00295855398508,0.782703488372093,588.8744186046512,911.0658914962835,0.14534883720930233,322,319,Nunchucks/v_Nunchucks_g13_c03.avi
3.2925155679112708,7.1682814869633145,53.08483775994799,0.6,228.31627906976743,204.55204026567998,0.34651162790697676,324,320,Nunchucks/v_Nunchucks_g13_c04.avi
1.1247858817719507,4.554995199333517,49.1076623349147,0.8438953488372093,1272.706976744186,1585.0446469238723,0.1186046511627907,297,294,Nunchucks/v_Nunchucks_g13_c05.avi
0.49981762162654386,1.8496943556194418,20.501524333570906,0.9074127906976744,952.446511627907,1264.2105600580346,0.06569767441860465,279,276,Nunchucks/v_Nunchucks_g13_c06.avi
4.46356290399555,32.97977945134256,335.2559656441627,0.7517441860465116,849.7488372093023,1292.7280806130982,0.17034883720930233,309,306,Nunchucks/v_Nunchucks_g13_c07.avi
0.1834618617696947,0.8224383753067219,15.620499351813308,0.9329941860465116,214.5860465116279,172.66203253674146,0.3436046511627907,303,300,Nunchucks/v_Nunchucks_g14_c01.avi
0.1912791539087981,0.7157160712057958,14.257125411526687,0.9408430232558139,235.90697674418604,185.24852118839658,0.27209302325581397,241,238,Nunchucks/v_Nunchucks_g14_c02.avi
0.19965213197143347,0.7700069135006492,16.048753845704034,0.9446220930232558,245.84186046511627,173.60343238563445,0.2063953488372093,309,306,Nunchucks/v_Nunchucks_g14_c03.avi
0.21983303333759488,0.8949207245065153,15.598477489806497,0.9386627906976744,257.2279069767442,400.63314909207554,0.2703488372093023,330,326,Nunchucks/v_Nunchucks_g14_c04.avi
0.21746337695321774,0.6720180116835605,13.509256086106296,0.932703488372093,281.6744186046512,425.7971850939885,0.28488372093023256,250,247,Nunchucks/v_Nunchucks_g15_c01.avi
0.21112053900565964,0.8358209872102533,13.400093283257396,0.9457848837209303,282.1209302325581,559.6596675796941,0.40348837209302324,259,256,Nunchucks/v_Nunchucks_g15_c02.avi
0.13301505200100947,0.5983250460800971,14.035668847618199,0.9662790697674418,208.7813953488372,189.69621645564757,0.40406976744186046,303,300,Nunchucks/v_Nunchucks_g15_c03.avi
0.1609441490724068,0.9080717738327102,16.132750075545086,0.9622093023255814,248.52093023255813,439.7905931701986,0.48546511627906974,285,282,Nunchucks/v_Nunchucks_g15_c04.avi
0.14756681006130032,1.3107603779485129,95.42536350467836,0.9584302325581395,308.0186046511628,448.0789793628911,0.29186046511627906,278,275,Nunchucks/v_Nunchucks_g15_c05.avi
0.17570292189180245,1.331375258310808,17.382192755806155,0.9748546511627907,296.07441860465116,434.93130603981496,0.27267441860465114,321,318,Nunchucks/v_Nunchucks_g15_c06.avi
0.6003684221193988,1.303323115865659,23.547823678633232,0.8186046511627907,240.70697674418605,215.46415597371316,0.3168604651162791,177,174,Nunchucks/v_Nunchucks_g16_c01.avi
3.684865673647996,4.279955337671341,68.1487343976394,0.42877906976744184,277.2093023255814,215.60952627479958,0.16627906976744186,168,165,Nunchucks/v_Nunchucks_g16_c02.avi
5.031713881452282,5.921991215882147,86.46964785403026,0.38473837209302325,228.76279069767443,134.92411135438377,0.21627906976744185,168,165,Nunchucks/v_Nunchucks_g16_c03.avi
1.3368542223523343,3.230533877117216,51.62363799656123,0.7530523255813953,219.94418604651162,185.3168164689809,0.3436046511627907,185,182,Nunchucks/v_Nunchucks_g16_c04.avi
0.19495345304986922,0.8896048373835757,16.0,0.946656976744186,318.95813953488374,662.0562985379325,0.3511627906976744,241,238,Nunchucks/v_Nunchucks_g17_c01.avi
0.13631984718846957,0.5295876202464765,16.0,0.9652616279069768,210.7906976744186,184.58055002721835,0.3843023255813954,262,259,Nunchucks/v_Nunchucks_g17_c02.avi
0.1801468474949995,0.7645502140226186,16.62077013859466,0.9566860465116279,248.6325581395349,402.6219761564855,0.31511627906976747,254,251,Nunchucks/v_Nunchucks_g17_c03.avi
0.12528567832822154,0.5354326551176184,15.757934509319425,0.9659883720930232,180.31627906976743,118.09768311972806,0.42209302325581394,262,259,Nunchucks/v_Nunchucks_g17_c04.avi
0.47801479440763,1.411964887398421,39.96248240537617,0.8469476744186046,218.82790697674417,195.78755254823673,0.37034883720930234,304,301,Nunchucks/v_Nunchucks_g17_c05.avi
0.17456546399125336,0.7655709877594372,12.478105825805454,0.9511627906976744,284.0186046511628,442.4139276455898,0.3540697674418605,276,273,Nunchucks/v_Nunchucks_g17_c06.avi
0.13836819470587416,0.6283571539318429,17.029386365926403,0.9688953488372093,219.27441860465117,206.31660936308688,0.39127906976744187,303,300,Nunchucks/v_Nunchucks_g17_c07.avi
0.2219268912064219,0.6662284013167563,9.100137361600648,0.9492732558139535,313.71162790697673,274.18393182213094,0.18546511627906978,281,278,Nunchucks/v_Nunchucks_g18_c01.avi
0.27903125693253455,0.7812781545311971,14.125553086516648,0.9322674418604651,270.4,249.36482659787058,0.27848837209302324,273,270,Nunchucks/v_Nunchucks_g18_c02.avi
0.23400482212464246,0.7804499455414614,21.07872149823134,0.9440406976744186,208.0,142.12735854335585,0.32209302325581396,240,237,Nunchucks/v_Nunchucks_g18_c03.avi
0.22529515439566747,0.6649398335292991,12.175795661885921,0.9313953488372093,228.2046511627907,174.0206749992767,0.28430232558139534,256,253,Nunchucks/v_Nunchucks_g18_c04.avi
0.3012837900787129,1.021075276499077,14.108951059522463,0.9238372093023256,220.16744186046512,181.74034598451772,0.3354651162790698,231,228,Nunchucks/v_Nunchucks_g18_c05.avi
0.2916970623482929,1.4015541870453503,23.95340529027136,0.9511627906976744,236.68837209302325,200.4966173922194,0.3005813953488372,256,253,Nunchucks/v_Nunchucks_g18_c06.avi
3.04676843648457,7.450224456045524,254.23807739990482,0.33430232558139533,270.1767441860465,208.25803855303593,0.17732558139534885,198,195,Nunchucks/v_Nunchucks_g19_c01.avi
3.7823336607169358,7.962294463856066,221.5,0.43459302325581395,233.22790697674418,199.6506231250579,0.313953488372093,202,199,Nunchucks/v_Nunchucks_g19_c02.avi
2.813561108755953,7.186663144856924,129.86531484580476,0.5265988372093023,263.70232558139537,190.21863734816225,0.16453488372093023,296,293,Nunchucks/v_Nunchucks_g19_c03.avi
5.727500066881065,15.698661219855532,96.5590007456581,0.5002906976744186,330.45581395348836,442.9458223484734,0.18895348837209303,299,296,Nunchucks/v_Nunchucks_g19_c04.avi
0.7862625575869725,1.5516280900334907,30.009373535613836,0.7412790697674418,256.89302325581394,210.73078316795784,0.2372093023255814,172,169,Nunchucks/v_Nunchucks_g20_c01.avi
0.9799371247386623,1.4938577407444722,17.88854381999832,0.6928779069767442,346.0837209302326,571.0366032866295,0.24709302325581395,179,176,Nunchucks/v_Nunchucks_g20_c02.avi
0.5845597646573713,1.300395107669024,22.360679774997898,0.8390988372093023,407.36744186046514,682.5217603553547,0.23488372093023255,273,270,Nunchucks/v_Nunchucks_g20_c03.avi
2.8868396419774056,7.896258450980208,277.94963572561124,0.6398255813953488,211.12558139534883,169.9765730684786,0.3546511627906977,287,284,Nunchucks/v_Nunchucks_g20_c04.avi
0.7569505150876671,1.8479584975973449,16.486737093797547,0.8069767441860465,280.89302325581394,256.4312187533434,0.2563953488372093,170,167,Nunchucks/v_Nunchucks_g21_c01.avi
0.5981493715027739,1.496135810036751,35.38361202590826,0.8148255813953489,342.95813953488374,460.3575891365412,0.23313953488372094,169,166,Nunchucks/v_Nunchucks_g21_c02.avi
0.6585977888454292,3.0511870347435623,49.39161112982649,0.8601744186046512,282.5674418604651,272.6737787863768,0.29651162790697677,175,172,Nunchucks/v_Nunchucks_g21_c03.avi
0.7311077238772071,1.9157175375266287,16.278820596099706,0.8234011627906976,286.13953488372096,267.85813508276397,0.2686046511627907,188,185,Nunchucks/v_Nunchucks_g21_c04.avi
0.7094680394976621,1.416169130596554,19.6468827043885,0.7898255813953489,290.26976744186044,277.7025709697369,0.2819767441860465,200,197,Nunchucks/v_Nunchucks_g21_c05.avi
0.9262525103329452,2.823818160132032,43.46262762420146,0.801889534883721,276.87441860465117,271.2395286526869,0.31453488372093025,185,182,Nunchucks/v_Nunchucks_g21_c06.avi
0.2938465579109102,2.159075193278245,64.04880951274582,0.9460755813953489,407.8139534883721,355.1381818072976,0.17674418604651163,146,144,Nunchucks/v_Nunchucks_g22_c01.avi
0.3185812324720884,2.3136282215894513,67.3145600891813,0.9353197674418605,442.1953488372093,383.28569583214227,0.20930232558139536,146,144,Nunchucks/v_Nunchucks_g22_c02.avi
0.1904542490207526,0.5389413127817948,8.331041351475816,0.9492732558139535,452.57674418604654,363.8240852947513,0.10872093023255813,172,169,Nunchucks/v_Nunchucks_g22_c03.avi
0.17094188236911362,0.45039487604071615,6.754628043053148,0.9556686046511628,464.8558139534884,369.0216514113826,0.10523255813953489,168,165,Nunchucks/v_Nunchucks_g22_c04.avi
0.3600960267983169,1.1535412572390595,24.414711241380676,0.8966569767441861,251.75813953488372,226.66557091538874,0.29651162790697677,209,206,Nunchucks/v_Nunchucks_g23_c01.avi
0.5556580146941417,4.031881100671293,133.91228472399385,0.8597383720930233,246.62325581395348,226.7949435854144,0.3186046511627907,256,253,Nunchucks/v_Nunchucks_g23_c02.avi
0.26901143474039063,0.9929967980093508,19.6293784924536,0.9225290697674419,266.3813953488372,238.85740346229727,0.2668604651162791,242,239,Nunchucks/v_Nunchucks_g23_c03.avi
0.6755014437210233,5.3831331734588925,268.96096371034963,0.8757267441860465,210.2325581395349,213.77545676880624,0.45,246,243,Nunchucks/v_Nunchucks_g23_c04.avi
0.7176234015410579,4.646153046214829,90.25865609458187,0.8715116279069768,197.3953488372093,195.58072615542403,0.4703488372093023,243,240,Nunchucks/v_Nunchucks_g23_c05.avi
0.36144222550727617,1.4439239541447138,18.25,0.9123546511627907,570.4558139534884,1046.0009678732517,0.3994186046511628,211,208,Nunchucks/v_Nunchucks_g24_c01.avi
0.41205243173637335,2.4364209640360444,94.26027795418386,0.9460755813953489,435.8325581395349,842.2705359230807,0.2982558139534884,207,204,Nunchucks/v_Nunchucks_g24_c02.avi
0.33293669466823417,1.3157696661346678,23.08679276123039,0.8988372093023256,321.30232558139534,566.1678416144038,0.29941860465116277,201,198,Nunchucks/v_Nunchucks_g24_c03.avi
0.3563149718019459,1.5822069837924615,22.63052418747741,0.9418604651162791,405.24651162790695,839.2577061734687,0.3436046511627907,211,208,Nunchucks/v_Nunchucks_g24_c04.avi
0.2974046929072667,0.9394406918280236,20.588983704884512,0.9222383720930233,227.86976744186046,204.7006248895652,0.3488372093023256,214,211,Nunchucks/v_Nunchucks_g24_c05.avi
0.7426081078114175,1.9414679091484988,50.15974481593781,0.7978197674418605,245.84186046511627,211.45281097908648,0.2854651162790698,191,188,Nunchucks/v_Nunchucks_g25_c01.avi
0.5083072540329492,2.486033280487078,63.0,0.8976744186046511,199.06976744186048,162.94233469184624,0.3988372093023256,187,184,Nunchucks/v_Nunchucks_g25_c02.avi
1.3761469827380517,9.741148169750858,192.634368688456,0.8228197674418605,258.1209302325581,417.70558706929233,0.34244186046511627,199,196,Nunchucks/v_Nunchucks_g25_c03.avi
0.7734831282042879,3.378920810746547,219.65043250583415,0.8319767441860465,197.6186046511628,152.421397594185,0.3877906976744186,193,190,Nunchucks/v_Nunchucks_g25_c04.avi
1.119496662119479,3.717358828071737,54.94457434542559,0.8068313953488372,243.83255813953488,188.74027893763412,0.24476744186046512,212,209,Nunchucks/v_Nunchucks_g25_c05.avi
0.6431240098680046,2.007199924521986,29.154759474226502,0.8550872093023256,205.87906976744185,171.46711469663938,0.3819767441860465,187,184,Nunchucks/v_Nunchucks_g25_c06.avi
0.04018467346161757,0.23422702571847406,6.504805915628844,0.9902616279069767,222.51162790697674,194.64271049415825,0.3511627906976744,132,130,ParallelBars/v_ParallelBars_g08_c01.avi
0.21241466000319156,0.5923115358742238,16.577469650100404,0.9838662790697674,270.28837209302327,405.24860082354746,0.2372093023255814,170,167,ParallelBars/v_ParallelBars_g08_c02.avi
0.2033927389573751,0.44777078073768983,5.5,0.8981104651162791,251.86976744186046,243.04835726602508,0.3377906976744186,146,144,ParallelBars/v_ParallelBars_g08_c03.avi
0.06384246470687488,0.41439267275040137,11.918997441060217,0.983139534883721,321.4139534883721,564.9991568552653,0.29186046511627906,131,129,ParallelBars/v_ParallelBars_g08_c04.avi
0.04890552035441869,0.2353727052965806,4.00780488547035,0.985610465116279,215.25581395348837,247.04279763139579,0.5098837209302326,115,113,ParallelBars/v_ParallelBars_g08_c05.avi
2.4746689149943975,4.230580789403066,119.75,0.4178779069767442,345.07906976744187,277.45398659634435,0.08953488372093023,128,126,ParallelBars/v_ParallelBars_g09_c01.avi
0.7601551135019354,1.1834868905619427,16.492422502470642,0.7561046511627907,241.48837209302326,143.45380458823075,0.17325581395348838,147,145,ParallelBars/v_ParallelBars_g09_c02.avi
3.8195192948317707,7.540179655596758,117.03845521878696,0.5662790697674419,305.33953488372094,270.1209910990662,0.20348837209302326,156,154,ParallelBars/v_ParallelBars_g09_c03.avi
2.3692955533874125,4.509412504440512,120.03749414245534,0.5715116279069767,395.86976744186046,343.778270573564,0.16453488372093023,104,102,ParallelBars/v_ParallelBars_g09_c04.avi
2.4305734755738326,3.5486266213035362,48.0,0.4491279069767442,314.3813953488372,261.8028081429635,0.14709302325581394,105,103,ParallelBars/v_ParallelBars_g09_c05.avi
4.860814181229333,10.181975782941,117.51595636338071,0.41031976744186044,385.04186046511626,355.81373898762337,0.23953488372093024,246,243,ParallelBars/v_ParallelBars_g09_c06.avi
1.8654014369473793,6.08162956439641,89.44271909999159,0.7415697674418604,201.9720930232558,137.94174423500667,0.34418604651162793,143,141,ParallelBars/v_ParallelBars_g10_c01.avi
0.8598803712105976,1.9222285448411367,10.688779163215974,0.8395348837209302,415.7395348837209,376.62996097862475,0.2424418604651163,175,172,ParallelBars/v_ParallelBars_g10_c02.avi
0.8945664527511276,1.5554333655401378,47.861290465260126,0.6956395348837209,483.72093023255815,630.3725854910487,0.29767441860465116,196,193,ParallelBars/v_ParallelBars_g10_c03.avi
3.714774391462675,11.699526547002725,191.02355875650522,0.4255813953488372,252.09302325581396,212.87225276638728,0.2622093023255814,125,123,ParallelBars/v_ParallelBars_g10_c04.avi
1.381615144014044,2.0692567848858605,12.095970403402944,0.6191860465116279,295.06976744186045,273.8389779234842,0.25232558139534883,135,133,ParallelBars/v_ParallelBars_g11_c01.avi
1.5409631791526566,2.326446996451469,16.62077013859466,0.49694767441860466,254.32558139534885,215.90046381567774,0.25988372093023254,97,95,ParallelBars/v_ParallelBars_g11_c02.avi
1.3821947843991633,2.329519388078416,19.224008426964446,0.7058139534883721,330.90232558139536,331.49614995720856,0.31453488372093025,154,152,ParallelBars/v_ParallelBars_g11_c03.avi
1.7305124213249663,4.073178463020833,82.23841103766536,0.7611918604651163,293.73023255813956,288.2075185298871,0.30116279069767443,145,143,ParallelBars/v_ParallelBars_g11_c04.avi
1.844809867139963,5.290317835486759,72.77104506601509,0.6748546511627908,274.5302325581395,265.05749752264916,0.3058139534883721,126,124,ParallelBars/v_ParallelBars_g11_c05.avi
2.421943890194005,4.663480019893899,59.08812274899246,0.6265988372093023,257.1162790697674,231.93635948524965,0.2872093023255814,102,100,ParallelBars/v_ParallelBars_g11_c06.avi
0.7097888312348603,1.4180478158130487,16.0,0.8649709302325581,330.45581395348836,264.9104748315934,0.10058139534883721,199,196,ParallelBars/v_ParallelBars_g12_c01.avi
5.006668403297269,17.153754405758743,310.25,0.38546511627906976,252.09302325581396,215.87160416833143,0.2691860465116279,144,142,ParallelBars/v_ParallelBars_g12_c02.avi
4.469744403097832,17.380340110652725,244.0,0.6199127906976745,304.2232558139535,324.0505651306485,0.3813953488372093,167,164,ParallelBars/v_ParallelBars_g12_c03.avi
2.4331118089104486,4.059516468323602,18.110770276274835,0.6938953488372093,368.29767441860463,339.74598547408107,0.22674418604651161,152,150,ParallelBars/v_ParallelBars_g12_c04.avi
4.8387716390732,6.717423777883461,22.79151432002709,0.4438953488372093,335.8139534883721,263.8335676770625,0.07965116279069767,160,158,ParallelBars/v_ParallelBars_g13_c01.avi
0.19333230066845802,0.5555141802982413,8.933784192602818,0.8947674418604651,656.7441860465116,914.9260509709339,0.17093023255813952,186,183,ParallelBars/v_ParallelBars_g13_c02.avi
2.776173146262253,6.370975681906444,98.0,0.5135174418604651,280.11162790697676,226.65204682488104,0.1813953488372093,142,140,ParallelBars/v_ParallelBars_g13_c03.avi
3.781125838690995,7.494955371101491,170.25114720612018,0.48502906976744187,328.78139534883724,275.4803055095489,0.1372093023255814,168,165,ParallelBars/v_ParallelBars_g13_c04.avi
1.7136559565459641,3.05124478617378,43.01162633521314,0.6834302325581395,287.8139534883721,197.92402298626513,0.08546511627906976,121,119,ParallelBars/v_ParallelBars_g14_c01.avi
0.07313964728494055,0.47931776824392486,15.5,0.9803779069767442,409.8232558139535,353.1211879973439,0.16395348837209303,138,136,ParallelBars/v_ParallelBars_g14_c02.avi
1.6498307451773928,2.387350139561905,17.72004514666935,0.6066860465116279,309.8046511627907,270.8543914610127,0.18953488372093022,153,151,ParallelBars/v_ParallelBars_g14_c03.avi
0.6509233431712811,1.4032266338363686,14.5,0.8151162790697675,510.846511627907,1032.3617221102925,0.30988372093023253,109,107,ParallelBars/v_ParallelBars_g14_c04.avi
3.4874762036119846,10.249210331444742,222.11033294288674,0.5248546511627907,302.4372093023256,314.7872142310974,0.3558139534883721,166,163,ParallelBars/v_ParallelBars_g15_c01.avi
1.3525173872268468,4.761610413158214,178.0028089666003,0.7005813953488372,283.3488372093023,207.04419073534174,0.12267441860465116,146,144,ParallelBars/v_ParallelBars_g15_c02.avi
4.9106102649146575,17.04754424389702,320.01914005259124,0.5867732558139535,331.3488372093023,292.80097881722037,0.1819767441860465,122,120,ParallelBars/v_ParallelBars_g15_c03.avi
1.2111577871396233,1.4870559399128602,23.345235059857504,0.5640988372093023,376.0,301.9194409726033,0.07267441860465117,158,156,ParallelBars/v_ParallelBars_g15_c04.avi
2.171970701223217,5.056979892677698,66.22877018335763,0.7953488372093023,344.74418604651163,332.4745902529581,0.27267441860465114,119,117,ParallelBars/v_ParallelBars_g16_c01.avi
1.7409641328775904,3.4855115027781642,35.54310763003145,0.5828488372093024,302.4372093023256,245.11983687458124,0.14418604651162792,144,142,ParallelBars/v_ParallelBars_g16_c02.avi
1.2095735195222121,2.6318531003294376,31.25,0.7151162790697675,222.73488372093024,226.1548336497056,0.42209302325581394,143,141,ParallelBars/v_ParallelBars_g16_c03.avi
0.8836265238988606,0.9637659892865277,19.1049731745428,0.5795058139534883,337.04186046511626,290.8716541327704,0.1569767441860465,135,133,ParallelBars/v_ParallelBars_g16_c04.avi
0.03100559603608295,0.2753734403463198,8.26513762740827,0.995203488372093,300.53953488372093,407.51554351267987,0.1308139534883721,124,122,ParallelBars/v_ParallelBars_g17_c01.avi
4.8814114102107125,12.451631341400313,171.23667831396403,0.4915697674418605,255.4418604651163,222.26501072343237,0.2703488372093023,124,122,ParallelBars/v_ParallelBars_g17_c02.avi
1.280510725485962,1.6989871309148439,16.048753845704034,0.6818313953488372,236.68837209302325,140.0843951757958,0.18895348837209303,182,179,ParallelBars/v_ParallelBars_g17_c03.avi
1.3023200252474898,3.1765950713513305,49.01020301937138,0.8046511627906977,309.24651162790695,293.91928914983254,0.2622093023255814,262,259,ParallelBars/v_ParallelBars_g17_c04.avi
2.8082463691707438,11.999778703026532,173.22136307338076,0.8670058139534884,421.09767441860464,387.58969523847867,0.275,138,136,ParallelBars/v_ParallelBars_g18_c01.avi
0.44009172090822096,0.7126502801586018,13.75,0.795203488372093,326.10232558139535,313.399319902775,0.26744186046511625,151,149,ParallelBars/v_ParallelBars_g18_c02.avi
1.1135930629520134,2.3308096191447034,59.79391691468288,0.5623546511627907,342.4,297.7943851283188,0.16162790697674417,111,109,ParallelBars/v_ParallelBars_g18_c03.avi
1.8131549855696625,2.9154511562577765,37.36475612124345,0.5802325581395349,334.0279069767442,459.62943533443524,0.25872093023255816,126,124,ParallelBars/v_ParallelBars_g18_c04.avi
0.47690555405370777,0.6549216557850369,14.035668847618199,0.8007267441860465,290.3813953488372,256.79698547079994,0.22093023255813954,135,133,ParallelBars/v_ParallelBars_g19_c01.avi
1.0379704872483515,1.0700556794561222,12.837932076467768,0.6300872093023255,308.2418604651163,228.90025677143095,0.08139534883720931,154,152,ParallelBars/v_ParallelBars_g19_c02.avi
0.37405825696163386,0.519373073184223,7.603453162872775,0.9188953488372092,302.66046511627906,221.07725908266684,0.08255813953488372,149,147,ParallelBars/v_ParallelBars_g19_c03.avi
0.6797681282494803,0.9139220925411544,16.52460286966074,0.7703488372093024,298.86511627906975,215.67204957799356,0.08372093023255814,111,109,ParallelBars/v_ParallelBars_g19_c04.avi
2.5929266855911703,5.603003317336107,138.00362314084367,0.6130813953488372,181.54418604651164,185.66345309466578,0.5273255813953488,142,140,ParallelBars/v_ParallelBars_g20_c01.avi
4.701749848848673,11.709817158696437,192.0,0.5880813953488372,313.04186046511626,319.3096523152017,0.33313953488372094,153,151,ParallelBars/v_ParallelBars_g20_c02.avi
2.375925228655099,2.913160501583386,16.0,0.5079941860465116,291.16279069767444,195.72084180739006,0.06802325581395349,127,125,ParallelBars/v_ParallelBars_g20_c03.avi
0.9745885113806781,0.9040094087458787,15.628499608087784,0.5936046511627907,252.9860465116279,167.3417747388321,0.16453488372093023,136,134,ParallelBars/v_ParallelBars_g20_c04.avi
2.9216445143295693,5.807187561966037,39.0,0.6927325581395349,250.53023255813955,233.6700073646731,0.3191860465116279,166,163,ParallelBars/v_ParallelBars_g21_c01.avi
0.8300405515725854,1.2854704938635952,8.5,0.7286337209302326,352.11162790697676,330.8738347406071,0.2436046511627907,169,166,ParallelBars/v_ParallelBars_g21_c02.avi
2.7050488802186923,10.63824884806928,140.73023839957068,0.8309593023255814,252.9860465116279,264.59607617315567,0.39244186046511625,124,122,ParallelBars/v_ParallelBars_g21_c03.avi
0.8288001091128043,2.0542724571639734,12.747548783981962,0.8433139534883721,439.6279069767442,499.0825547246697,0.17383720930232557,119,117,ParallelBars/v_ParallelBars_g21_c04.avi
2.9445714696314362,12.896282799787427,260.00192306981114,0.772093023255814,290.26976744186044,283.05348622254525,0.2982558139534884,123,121,ParallelBars/v_ParallelBars_g22_c01.avi
1.9376639158221414,1.5757363113374387,14.013943948796141,0.3174418604651163,262.69767441860466,189.63606943775483,0.16744186046511628,156,154,ParallelBars/v_ParallelBars_g22_c02.avi
1.8614659324030984,3.715896219884288,20.882109567761585,0.6825581395348838,333.5813953488372,333.3317526553472,0.3122093023255814,164,161,ParallelBars/v_ParallelBars_g22_c03.avi
2.2128813446722404,3.810278827183666,153.73028328862208,0.39040697674418606,294.6232558139535,305.14186166148505,0.35232558139534886,171,168,ParallelBars/v_ParallelBars_g22_c04.avi
2.6721110906822734,4.454709903477442,28.60616192361359,0.6260174418604652,220.16744186046512,161.77495094705188,0.2982558139534884,134,132,ParallelBars/v_ParallelBars_g23_c01.avi
5.812005016672153,13.348915400240447,39.72916120433453,0.823110465116279,238.8093023255814,413.5654116109187,0.40581395348837207,97,95,ParallelBars/v_ParallelBars_g23_c02.avi
0.07295085690329167,0.4202439208368531,12.80746852426349,0.9840116279069767,326.10232558139535,456.95856892668274,0.27209302325581397,135,133,ParallelBars/v_ParallelBars_g23_c03.avi
1.7446393068827706,4.716483269360623,122.03687967167957,0.7546511627906977,275.5348837209302,295.9713490877122,0.3959302325581395,143,141,ParallelBars/v_ParallelBars_g23_c04.avi
1.7295294130525558,2.538787101385096,55.00909015790027,0.6191860465116279,261.69302325581396,284.15999210676324,0.4145348837209302,149,147,ParallelBars/v_ParallelBars_g24_c01.avi
1.1392802871211434,1.432413619618252,13.629586384039685,0.6931686046511628,335.70232558139537,286.49306131325096,0.14767441860465116,134,132,ParallelBars/v_ParallelBars_g24_c02.avi
1.8504595274010411,2.1752126104872618,23.08679276123039,0.45276162790697677,340.27906976744185,268.09702561446056,0.07732558139534884,129,127,ParallelBars/v_ParallelBars_g24_c03.avi
0.7978848203117893,1.1791209120736004,8.5,0.8313953488372093,336.706976744186,257.4738509146384,0.05872093023255814,150,148,ParallelBars/v_ParallelBars_g24_c04.avi
0.8058492558999202,1.044490041932319,15.78171410208663,0.6633720930232558,306.90232558139536,277.119376080495,0.2186046511627907,134,132,ParallelBars/v_ParallelBars_g25_c01.avi
1.5104716343968398,2.447818938669305,15.182226450688976,0.6281976744186046,325.7674418604651,298.87890035849375,0.22034883720930232,157,155,ParallelBars/v_ParallelBars_g25_c02.avi
3.8719678157852213,6.791801889092068,275.61612797512413,0.43517441860465117,267.72093023255815,279.6401612688769,0.37616279069767444,163,160,ParallelBars/v_ParallelBars_g25_c03.avi
3.6078575220276368,15.835045017633735,333.93197286273744,0.6375,292.83720930232556,278.02968975077044,0.27325581395348836,122,120,ParallelBars/v_ParallelBars_g25_c04.avi
1.859966495212401,3.9308246779832277,66.48308055437865,0.5741279069767442,241.0418604651163,163.25649135220226,0.20813953488372092,139,137,PizzaTossing/v_PizzaTossing_g08_c01.avi
5.126566324578955,8.76502197050212,124.25779653607253,0.39709302325581397,254.54883720930232,185.92635747958022,0.1936046511627907,169,166,PizzaTossing/v_PizzaTossing_g08_c02.avi
2.0465244091297787,3.3985425945917775,17.779904386694547,0.5815406976744186,239.03255813953487,173.13254462906443,0.23488372093023255,132,130,PizzaTossing/v_PizzaTossing_g08_c03.avi
1.3289396771457918,1.8866885922046894,89.94442728707543,0.5489825581395349,250.30697674418604,152.80873802384903,0.15058139534883722,137,135,PizzaTossing/v_PizzaTossing_g08_c04.avi
1.4845958230196017,3.4543531169615944,62.0,0.5559593023255814,286.92093023255813,282.3023420955324,0.30872093023255814,118,116,PizzaTossing/v_PizzaTossing_g09_c01.avi
2.797977098441613,20.102355354511023,336.87537105730956,0.6696220930232558,255.88837209302326,223.0357706312395,0.2703488372093023,127,125,PizzaTossing/v_PizzaTossing_g09_c02.avi
2.196967309102487,6.214398367505945,136.0588108135596,0.5565406976744186,308.353488372093,252.006248860173,0.14127906976744187,119,117,PizzaTossing/v_PizzaTossing_g09_c03.avi
2.903372360825579,9.941549775902585,294.25,0.7579941860465116,260.0186046511628,426.9031801653184,0.3767441860465116,145,143,PizzaTossing/v_PizzaTossing_g09_c04.avi
3.1454680571656835,7.683484197379429,165.6804152578089,0.4183139534883721,222.51162790697674,180.94742549985156,0.32325581395348835,107,105,PizzaTossing/v_PizzaTossing_g10_c01.avi
3.609921185601437,8.010404311131031,172.7946758439044,0.44651162790697674,237.69302325581396,193.5765666619474,0.2813953488372093,101,99,PizzaTossing/v_PizzaTossing_g10_c02.avi
4.490960176402065,14.700162292474033,282.39079747753823,0.610610465116279,214.47441860465116,192.64324913844104,0.38372093023255816,126,124,PizzaTossing/v_PizzaTossing_g10_c03.avi
1.040474649557174,1.3228216392940852,16.15549442140351,0.6311046511627907,224.29767441860466,165.44385612489634,0.28604651162790695,93,91,PizzaTossing/v_PizzaTossing_g10_c04.avi
2.996216983356967,15.078738060332888,196.16319736382766,0.6747093023255814,324.6511627906977,289.3031630885955,0.1936046511627907,99,97,PizzaTossing/v_PizzaTossing_g11_c01.avi
1.9670820181964492,3.7075978026150067,28.689065861404412,0.6626453488372093,351.7767441860465,340.6403087191582,0.2802325581395349,136,134,PizzaTossing/v_PizzaTossing_g11_c02.avi
0.7946690871201715,2.191968224564136,44.598206241955516,0.8001453488372093,346.1953488372093,357.7770372039823,0.3627906976744186,121,119,PizzaTossing/v_PizzaTossing_g11_c03.avi
1.9425040468340111,6.986009474173147,255.0019607767752,0.723546511627907,336.5953488372093,351.8117083297564,0.37093023255813956,125,123,PizzaTossing/v_PizzaTossing_g11_c04.avi
2.8355014938634753,12.389720930284623,305.4670859929102,0.7834302325581395,204.31627906976743,220.0058613703677,0.4924418604651163,83,81,PizzaTossing/v_PizzaTossing_g11_c05.avi
3.571602845784579,9.749443551767742,64.28841264178172,0.620203488372093,280.89302325581394,413.25114014972286,0.23081395348837208,128,126,PizzaTossing/v_PizzaTossing_g12_c01.avi
1.2128182095116409,2.7950829320042776,83.3606621854697,0.7941860465116279,185.78604651162792,137.2541719303166,0.42151162790697677,132,130,PizzaTossing/v_PizzaTossing_g12_c02.avi
0.7826286014606414,1.6467157052420667,25.004999500099974,0.7831395348837209,208.7813953488372,179.23948803896872,0.38313953488372093,107,105,PizzaTossing/v_PizzaTossing_g12_c03.avi
2.709899147561547,9.972095033134751,129.0271289303145,0.754796511627907,161.0046511627907,162.36082405453914,0.5877906976744186,164,161,PizzaTossing/v_PizzaTossing_g12_c04.avi
3.931555594692071,10.469961942296733,175.57049866079439,0.4752906976744186,218.15813953488373,126.96951883352847,0.25290697674418605,128,126,PizzaTossing/v_PizzaTossing_g13_c01.avi
3.2953486618963312,8.205878619115342,198.75864761061342,0.6543604651162791,183.66511627906976,143.72958926274592,0.4418604651162791,123,121,PizzaTossing/v_PizzaTossing_g13_c02.avi
0.8634346842654506,2.024942058155079,47.50789408087881,0.8405523255813954,203.75813953488372,137.3856128559118,0.33488372093023255,120,118,PizzaTossing/v_PizzaTossing_g13_c03.avi
3.838745876548497,13.894813671141726,320.3263960400391,0.7963662790697674,376.89302325581394,749.5708059997662,0.2424418604651163,157,155,PizzaTossing/v_PizzaTossing_g13_c04.avi
2.5834045822292446,8.799866529815624,187.9680823969857,0.5065406976744186,232.11162790697674,182.11038463078694,0.28255813953488373,145,143,PizzaTossing/v_PizzaTossing_g14_c01.avi
3.601630368012933,11.220279081695404,203.7694775966214,0.6664244186046512,209.89767441860465,165.2315886916555,0.35174418604651164,124,122,PizzaTossing/v_PizzaTossing_g14_c02.avi
4.813716813959608,9.987005250631254,304.2449670906653,0.40145348837209305,199.85116279069769,125.58764635605115,0.33662790697674416,118,116,PizzaTossing/v_PizzaTossing_g14_c03.avi
4.725324484770816,7.527134865053689,121.33115840541538,0.43386627906976744,221.06046511627906,132.24920475346235,0.24709302325581395,141,139,PizzaTossing/v_PizzaTossing_g14_c04.avi
5.958304994800757,24.601505328620355,339.0,0.4180232558139535,248.29767441860466,194.56327898520675,0.2377906976744186,113,111,PizzaTossing/v_PizzaTossing_g15_c01.avi
0.5046851151444707,1.4936437098368986,49.96780213297359,0.86875,287.5906976744186,294.63743570381195,0.3447674418604651,147,145,PizzaTossing/v_PizzaTossing_g15_c02.avi
0.4966247585244621,1.248978661679608,14.036782038629795,0.8649709302325581,507.6093023255814,846.4855695452524,0.2058139534883721,115,113,PizzaTossing/v_PizzaTossing_g15_c03.avi
0.6901849465096768,4.751338132867223,191.12822920751398,0.8507267441860465,523.7953488372093,851.0653870306455,0.22616279069767442,202,199,PizzaTossing/v_PizzaTossing_g15_c04.avi
4.051182117525938,6.998965684490312,170.6282508847817,0.43473837209302324,329.89767441860465,312.04574611587043,0.25,119,117,PizzaTossing/v_PizzaTossing_g16_c01.avi
3.774312068108994,9.991059043867674,255.0019607767752,0.5811046511627908,318.95813953488374,320.44450684733494,0.31627906976744186,144,142,PizzaTossing/v_PizzaTossing_g16_c02.avi
1.9967990877020874,5.319603704613436,168.28268627520777,0.5914244186046511,330.0093023255814,309.9171680889225,0.2424418604651163,136,134,PizzaTossing/v_PizzaTossing_g16_c03.avi
2.033007606678269,6.594300999404884,100.00499987500625,0.7629360465116279,283.01395348837207,312.0713019162748,0.4197674418604651,123,121,PizzaTossing/v_PizzaTossing_g16_c04.avi
0.3478950692221452,2.186520565224148,95.42536350467836,0.9065406976744186,398.10232558139535,498.28965961407687,0.2691860465116279,142,140,PizzaTossing/v_PizzaTossing_g17_c01.avi
0.612382480728073,2.4555494069320907,33.95585369269929,0.8902616279069767,345.6372093023256,326.7711502901984,0.24941860465116278,104,102,PizzaTossing/v_PizzaTossing_g17_c02.avi
1.9368515754459408,4.386217756893111,76.44810331198545,0.6690406976744186,293.1720930232558,300.11824516624404,0.3412790697674419,122,120,PizzaTossing/v_PizzaTossing_g17_c03.avi
0.691769598650291,1.1066124785854903,15.264337522473747,0.7501453488372093,290.9395348837209,282.7442777078395,0.2947674418604651,95,93,PizzaTossing/v_PizzaTossing_g17_c04.avi
3.2586581342506475,15.825266134761518,320.2440475637291,0.5120639534883721,265.04186046511626,260.0455650883515,0.32965116279069767,109,107,PizzaTossing/v_PizzaTossing_g18_c01.avi
2.6328647435383923,13.316627897693685,252.00793638296395,0.635610465116279,238.25116279069766,216.3681448978913,0.32965116279069767,105,103,PizzaTossing/v_PizzaTossing_g18_c02.avi
6.398660807408272,18.546186712626024,255.15877409957903,0.5104651162790698,265.8232558139535,209.4829657693895,0.19767441860465115,138,136,PizzaTossing/v_PizzaTossing_g18_c03.avi
4.954113471283839,23.396513165429724,324.0,0.6973837209302326,220.16744186046512,207.0954613282441,0.38895348837209304,124,122,PizzaTossing/v_PizzaTossing_g18_c04.avi
3.3201788014782525,6.727281807724858,191.60375779195982,0.45828488372093024,235.5720930232558,122.79430015857092,0.1691860465116279,112,110,PizzaTossing/v_PizzaTossing_g19_c01.avi
6.595308133925855,29.22720684587804,363.8478390756224,0.5142441860465117,226.1953488372093,187.7988507698056,0.32034883720930235,142,140,PizzaTossing/v_PizzaTossing_g19_c02.avi
2.3986729678795147,5.4339005383565215,149.9226884097267,0.6420058139534883,243.1627906976744,200.0531243668946,0.27151162790697675,137,135,PizzaTossing/v_PizzaTossing_g19_c03.avi
3.952736829404296,10.321510858455794,238.40606771850418,0.5311046511627907,228.9860465116279,168.70503994538686,0.2709302325581395,127,125,PizzaTossing/v_PizzaTossing_g19_c04.avi
1.3518181963017144,2.7877511538574646,154.82893786369524,0.59375,240.8186046511628,219.36585057399657,0.32558139534883723,198,195,PizzaTossing/v_PizzaTossing_g19_c05.avi
0.3566914451576741,1.1331429905705797,16.15549442140351,0.9046511627906977,249.9720930232558,403.38878374231933,0.3127906976744186,111,109,PizzaTossing/v_PizzaTossing_g20_c01.avi
0.1150870462996048,0.4417437172671082,14.317821063276353,0.982703488372093,425.7860465116279,679.0431097666622,0.16453488372093023,121,119,PizzaTossing/v_PizzaTossing_g20_c02.avi
0.48110486844817735,5.40847277085811,146.0,0.9248546511627908,232.89302325581394,192.11649251303513,0.29941860465116277,104,102,PizzaTossing/v_PizzaTossing_g20_c03.avi
1.5846596387199052,10.108882960664165,254.0,0.884156976744186,181.09767441860464,185.7147218223919,0.5296511627906977,162,160,PizzaTossing/v_PizzaTossing_g20_c04.avi
1.373350356910872,3.0816949776469076,31.7224289738349,0.6918604651162791,387.0511627906977,335.909943892146,0.15930232558139534,118,116,PizzaTossing/v_PizzaTossing_g21_c01.avi
2.421318913588454,6.39918115122543,128.01562404644207,0.6607558139534884,304.11162790697676,235.1965563041898,0.11220930232558139,140,138,PizzaTossing/v_PizzaTossing_g21_c02.avi
2.4958962687748443,6.177064321828777,141.60508465447137,0.55625,292.0558139534884,234.07046573908943,0.15406976744186046,98,96,PizzaTossing/v_PizzaTossing_g21_c03.avi
2.994293929334989,4.330662127282371,103.44752594914969,0.3892441860465116,284.13023255813954,210.68583857099773,0.12790697674418605,115,113,PizzaTossing/v_PizzaTossing_g21_c04.avi
0.9969356912483978,2.6561146589406675,29.506620019920952,0.8113372093023256,506.8279069767442,415.04797499419516,0.23081395348837208,137,135,PizzaTossing/v_PizzaTossing_g22_c01.avi
0.3231721244794266,1.200133495321739,48.0,0.9267441860465117,521.339534883721,423.2424903601898,0.24825581395348836,176,173,PizzaTossing/v_PizzaTossing_g22_c02.avi
0.6965449259723293,3.899007476898491,80.0,0.8835755813953489,499.57209302325583,416.3980688948259,0.24767441860465117,139,137,PizzaTossing/v_PizzaTossing_g22_c03.avi
1.2378269496143597,5.211131215860243,110.07270324653611,0.7702034883720931,442.9767441860465,411.3208156812095,0.32848837209302323,164,161,PizzaTossing/v_PizzaTossing_g22_c04.avi
2.8965114693441265,5.974255049572914,88.375,0.6023255813953489,176.52093023255813,125.70392781811597,0.4511627906976744,126,124,PizzaTossing/v_PizzaTossing_g23_c01.avi
1.3161333540924423,2.7597601192417076,37.8549864614954,0.708139534883721,217.37674418604652,125.62995650240043,0.25465116279069766,140,138,PizzaTossing/v_PizzaTossing_g23_c02.avi
2.023551128070546,4.042838334019859,74.0,0.546656976744186,221.17209302325583,143.0970500493583,0.2627906976744186,149,147,PizzaTossing/v_PizzaTossing_g23_c03.avi
1.7025733426051612,3.8551735627720833,69.0253576593414,0.7454941860465116,198.51162790697674,178.14971128866205,0.42965116279069765,124,122,PizzaTossing/v_PizzaTossing_g23_c04.avi
0.7544739146290995,3.925669535668783,274.41756503547657,0.7959302325581395,231.33023255813953,161.21168451922867,0.24709302325581395,150,148,PizzaTossing/v_PizzaTossing_g23_c05.avi
1.0655516686964133,1.959972887152568,33.54101966249684,0.6984011627906976,212.68837209302325,146.43335051777498,0.30697674418604654,151,149,PizzaTossing/v_PizzaTossing_g23_c06.avi
2.245119241901988,8.451089191419499,220.5,0.8010174418604651,178.41860465116278,147.4323230720628,0.4738372093023256,203,200,PizzaTossing/v_PizzaTossing_g23_c07.avi
2.2482405781148396,2.6039956064334726,44.91102314577124,0.3495639534883721,377.45116279069765,666.1342948518097,0.19534883720930232,94,92,PizzaTossing/v_PizzaTossing_g24_c01.avi
2.2716612623432266,3.9839153877834823,35.375,0.5149709302325581,402.7906976744186,761.2677479701298,0.2680232558139535,98,96,PizzaTossing/v_PizzaTossing_g24_c02.avi
2.174803184617967,6.001926539652969,209.77368757782756,0.6786337209302326,316.27906976744185,579.9024106183688,0.40232558139534885,105,103,PizzaTossing/v_PizzaTossing_g24_c03.avi
1.1328781480244998,2.8200132336685564,136.61991070118586,0.7693313953488372,452.68837209302325,835.7935266362844,0.20348837209302326,95,93,PizzaTossing/v_PizzaTossing_g24_c04.avi
1.0486832821290377,2.127284792958582,24.85520569216839,0.7417151162790697,282.90232558139536,246.9425029476164,0.22267441860465118,93,91,PizzaTossing/v_PizzaTossing_g24_c05.avi
0.9064084216719197,4.158773319254368,154.0811474515945,0.7632267441860465,392.4093023255814,682.7547892465113,0.2755813953488372,116,114,PizzaTossing/v_PizzaTossing_g24_c06.avi
2.7468214668903688,16.690780723078557,241.09956449566639,0.9068313953488372,173.28372093023256,150.852179193905,0.5052325581395349,117,115,PizzaTossing/v_PizzaTossing_g25_c01.avi
2.820185583507546,4.978851152407754,115.0173899895142,0.45145348837209304,162.90232558139536,112.41345919659781,0.5034883720930232,101,99,PizzaTossing/v_PizzaTossing_g25_c02.avi
2.067384504848333,4.145832664943418,22.85415717107065,0.5973837209302325,724.8372093023256,1311.5894304104106,0.2372093023255814,101,99,PizzaTossing/v_PizzaTossing_g25_c03.avi
3.287975120952388,11.773602070097986,231.76712450216058,0.8533430232558139,294.28837209302327,661.0445086550008,0.4331395348837209,104,102,PizzaTossing/v_PizzaTossing_g25_c04.avi
0.6073553700132507,1.7370357354920858,50.0,0.8533430232558139,200.96744186046513,151.5556352230907,0.37034883720930234,117,115,PizzaTossing/v_PizzaTossing_g25_c05.avi
0.6717193917401423,1.0299890542762373,13.238202294873727,0.6930232558139535,196.94883720930233,168.60023500230943,0.4191860465116279,202,199,PlayingCello/v_PlayingCello_g08_c01.avi
0.29323946973932574,0.8486629592063385,17.50044642287733,0.9488372093023256,201.63720930232557,167.50402566943822,0.39476744186046514,215,212,PlayingCello/v_PlayingCello_g08_c02.avi
1.3838290637618975,2.650902080209233,47.67598976424087,0.688953488372093,178.64186046511628,144.46699829559233,0.4680232558139535,183,180,PlayingCello/v_PlayingCello_g08_c03.avi
0.8440867968559863,1.5278020154027647,30.0,0.7132267441860465,241.37674418604652,224.95056287601702,0.33662790697674416,324,320,PlayingCello/v_PlayingCello_g08_c04.avi
1.6886094232754862,2.794297023171772,25.81575342692907,0.5949127906976744,170.82790697674417,132.9352462152793,0.49011627906976746,283,280,PlayingCello/v_PlayingCello_g08_c05.avi
0.3640175359986281,1.0836522454893416,18.49493173818168,0.9140988372093023,230.9953488372093,186.03734302989412,0.29534883720930233,215,212,PlayingCello/v_PlayingCello_g08_c06.avi
0.13485210479673312,0.5258116413846424,10.151970252123476,0.9521802325581395,392.52093023255816,358.22491087475714,0.22848837209302325,310,307,PlayingCello/v_PlayingCello_g09_c01.avi
0.21991693536942222,0.749979714432982,11.250694423012296,0.9276162790697674,359.5906976744186,333.5612211956896,0.2302325581395349,300,297,PlayingCello/v_PlayingCello_g09_c02.avi
0.26588411780930143,0.9086973989902543,14.866068747318506,0.9183139534883721,362.3813953488372,344.5494579246825,0.2622093023255814,255,252,PlayingCello/v_PlayingCello_g09_c03.avi
0.2419185435940872,1.1473687195427122,30.0,0.9332848837209302,344.29767441860463,358.7582521461545,0.37267441860465117,285,282,PlayingCello/v_PlayingCello_g09_c04.avi
0.17422399465569663,0.5501232985263945,9.89002022242624,0.9328488372093023,433.93488372093026,380.3201288533556,0.21511627906976744,315,312,PlayingCello/v_PlayingCello_g09_c05.avi
0.21447203832687647,0.7724049415678753,11.171951485752166,0.9484011627906976,373.54418604651164,345.27561845394774,0.23197674418604652,255,252,PlayingCello/v_PlayingCello_g09_c06.avi
0.11627167189952725,0.4101979156452836,8.558621384311845,0.9558139534883721,385.2651162790698,347.7505112655502,0.20813953488372092,271,268,PlayingCello/v_PlayingCello_g09_c07.avi
0.36527472070236117,1.0117081563758592,17.029386365926403,0.8896802325581395,232.5581395348837,204.138724187298,0.3267441860465116,146,144,PlayingCello/v_PlayingCello_g10_c01.avi
0.1983166650191731,0.6188568638731273,13.038404810405298,0.9468023255813953,573.8046511627907,1093.0062401050598,0.3470930232558139,175,172,PlayingCello/v_PlayingCello_g10_c02.avi
0.36266914556139873,1.0464244200491533,19.697715603592208,0.8713662790697675,633.7488372093023,1188.6105987756898,0.31627906976744186,106,104,PlayingCello/v_PlayingCello_g10_c03.avi
0.5001797673330532,1.2947625084383736,18.027756377319946,0.8462209302325582,218.26976744186047,195.95438901531273,0.3732558139534884,228,225,PlayingCello/v_PlayingCello_g10_c04.avi
0.33226444836389074,1.1388259547022272,13.038404810405298,0.9251453488372093,329.33953488372094,664.6568837288573,0.33430232558139533,217,214,PlayingCello/v_PlayingCello_g10_c05.avi
0.26681597020210196,0.7480538638685047,15.0,0.9258720930232558,390.95813953488374,766.0606042673727,0.33895348837209305,258,255,PlayingCello/v_PlayingCello_g10_c06.avi
0.5793283368869894,1.869740211916217,20.396078054371138,0.8553779069767442,223.1813953488372,245.13559537322038,0.4686046511627907,206,203,PlayingCello/v_PlayingCello_g10_c07.avi
0.2578993959268309,0.5702040113122866,7.3824115301167,0.8879360465116279,245.73023255813953,271.01858130315316,0.4418604651162791,261,258,PlayingCello/v_PlayingCello_g11_c01.avi
0.3807878650206192,0.7414312855054705,9.0,0.8566860465116279,296.74418604651163,463.8213415581506,0.41104651162790695,231,228,PlayingCello/v_PlayingCello_g11_c02.avi
0.7741561796263875,1.4547712687170615,20.112185361118765,0.7418604651162791,284.57674418604654,293.743571794848,0.35348837209302325,223,220,PlayingCello/v_PlayingCello_g11_c03.avi
0.9112944212399026,0.9370710547676254,11.52443057161611,0.5665697674418605,256.33488372093024,226.65773693690355,0.27732558139534885,246,243,PlayingCello/v_PlayingCello_g11_c04.avi
0.7758528384937158,0.9817435768890326,8.951256894984079,0.7017441860465117,276.09302325581393,256.9770430388665,0.27674418604651163,246,243,PlayingCello/v_PlayingCello_g11_c05.avi
0.9700078934776967,1.1476049467985674,10.680004681646913,0.5991279069767442,287.0325581395349,274.55373322601105,0.28488372093023256,164,161,PlayingCello/v_PlayingCello_g11_c06.avi
0.4889316804109786,1.0169570422805405,10.111874208078342,0.8491279069767442,318.1767441860465,478.04527023013173,0.4063953488372093,194,191,PlayingCello/v_PlayingCello_g11_c07.avi
0.8115445036197643,1.8772807559907376,28.5,0.7718023255813954,246.9581395348837,170.55191698493556,0.19593023255813954,160,158,PlayingCello/v_PlayingCello_g12_c01.avi
1.2164585453744476,1.7673661154438838,31.75,0.6568313953488372,265.3767441860465,193.77215682727152,0.16511627906976745,113,111,PlayingCello/v_PlayingCello_g12_c02.avi
0.6686693089631293,2.376445264022742,42.5,0.840843023255814,229.2093023255814,191.24567885551974,0.313953488372093,141,139,PlayingCello/v_PlayingCello_g12_c03.avi
0.32839671327114595,0.64898377841279,9.457966219013473,0.8998546511627907,224.85581395348837,185.97487364961066,0.3226744186046512,152,150,PlayingCello/v_PlayingCello_g12_c04.avi
0.6631498203325856,1.6994954078708935,38.01315561749642,0.7943313953488372,218.71627906976744,217.59494792595453,0.4197674418604651,180,177,PlayingCello/v_PlayingCello_g12_c05.avi
0.6132270139732325,1.4039733037930975,19.71357400371632,0.8138081395348837,257.5627906976744,549.0609442274446,0.4383720930232558,232,229,PlayingCello/v_PlayingCello_g12_c06.avi
1.6482747346989535,3.9367095564999435,58.739360738775495,0.7049418604651163,227.86976744186046,158.69767005643553,0.25813953488372093,140,138,PlayingCello/v_PlayingCello_g12_c07.avi
0.14116044763741134,0.5781732457929134,12.61199825562944,0.9531976744186047,417.19069767441863,380.17757895669456,0.2534883720930233,318,315,PlayingCello/v_PlayingCello_g13_c01.avi
0.11498452527430723,0.9203214578814172,30.4138126514911,0.9675872093023256,473.1162790697674,399.2032302440919,0.21569767441860466,239,236,PlayingCello/v_PlayingCello_g13_c02.avi
0.14088249433047062,0.5743929720223487,12.90348790056394,0.954360465116279,396.42790697674417,377.8646037353649,0.29651162790697677,223,220,PlayingCello/v_PlayingCello_g13_c03.avi
0.1433815251761508,1.1550313602582492,31.064449134018133,0.973546511627907,416.1860465116279,376.89547350006086,0.2424418604651163,238,235,PlayingCello/v_PlayingCello_g13_c04.avi
0.15440112390883937,1.1115953870737294,35.014282800023196,0.9664244186046511,393.74883720930234,364.5495368591617,0.25,223,220,PlayingCello/v_PlayingCello_g13_c05.avi
0.21401888411406786,2.2037697217003567,50.60632371551998,0.9626453488372093,414.06511627906974,385.6227044385157,0.2837209302325581,223,220,PlayingCello/v_PlayingCello_g13_c06.avi
0.11514599474245116,0.4617524531034968,7.783195038029048,0.9563953488372093,466.86511627906975,518.3502770457044,0.225,255,252,PlayingCello/v_PlayingCello_g13_c07.avi
0.5658873578383534,1.8525257902310794,34.17601498127012,0.8776162790697675,226.53023255813955,181.8810185256997,0.30697674418604654,139,137,PlayingCello/v_PlayingCello_g14_c01.avi
1.0586260488595334,3.1029553743327463,112.5,0.8472383720930232,296.29767441860463,266.07651416451716,0.225,192,189,PlayingCello/v_PlayingCello_g14_c02.avi
0.635294061893979,1.7069111882245667,14.800760115615684,0.8863372093023256,426.0093023255814,598.0601042416721,0.19825581395348837,215,212,PlayingCello/v_PlayingCello_g14_c03.avi
2.0603581586312516,4.092022438984887,183.86951895297926,0.5675872093023255,197.95348837209303,196.56656999937613,0.4697674418604651,167,164,PlayingCello/v_PlayingCello_g14_c04.avi
0.3318591662946729,0.8447699685153983,16.15549442140351,0.8853197674418605,289.04186046511626,436.08758786992905,0.30465116279069765,270,267,PlayingCello/v_PlayingCello_g15_c01.avi
0.5685466484677394,1.4667854201247432,31.271242779908828,0.8219476744186046,237.13488372093022,211.7672602270149,0.32383720930232557,202,199,PlayingCello/v_PlayingCello_g15_c02.avi
0.6472053280582605,2.2667612306980613,29.648988178351043,0.8635174418604651,207.33023255813953,193.41685977218214,0.4186046511627907,303,300,PlayingCello/v_PlayingCello_g15_c03.avi
0.2953235667983386,2.0682075311864376,37.12142238654117,0.9591569767441861,225.30232558139534,190.376314591344,0.32965116279069767,320,317,PlayingCello/v_PlayingCello_g15_c04.avi
0.7092805730307887,2.6028360246175124,20.288543565273482,0.8969476744186047,190.47441860465116,184.40818739456864,0.4808139534883721,203,200,PlayingCello/v_PlayingCello_g15_c05.avi
0.2983437945896627,0.6904214954806243,15.0,0.8718023255813954,237.46976744186045,204.43346052852226,0.3058139534883721,269,266,PlayingCello/v_PlayingCello_g15_c06.avi
0.2732642892053446,1.0809107514793728,17.016536075241635,0.9234011627906977,528.3720930232558,980.7462992065008,0.3186046511627907,203,200,PlayingCello/v_PlayingCello_g15_c07.avi
0.10783365597585631,0.4366814294282335,10.56601272950208,0.9652616279069768,261.0232558139535,413.399828330659,0.311046511627907,177,174,PlayingCello/v_PlayingCello_g16_c01.avi
0.238313039161512,1.1440974939218083,17.89727632909544,0.9479651162790698,341.3953488372093,671.7568129854138,0.34593023255813954,203,200,PlayingCello/v_PlayingCello_g16_c02.avi
0.1048694998932624,0.5092765266329741,10.125771575539318,0.9747093023255814,265.2651162790698,414.93087061313855,0.3005813953488372,238,235,PlayingCello/v_PlayingCello_g16_c03.avi
0.06432372025968212,0.3534286162347102,7.433034373659253,0.9847383720930233,445.65581395348835,836.1751305664536,0.22151162790697673,266,263,PlayingCello/v_PlayingCello_g16_c04.avi
0.11601718116060561,0.5188824143257096,8.389912097274918,0.9738372093023255,357.0232558139535,662.1819285029691,0.22732558139534884,196,193,PlayingCello/v_PlayingCello_g16_c05.avi
0.07641214660945453,0.4345965023985431,11.002840542332693,0.9795058139534883,304.2232558139535,547.7636788171155,0.24883720930232558,194,191,PlayingCello/v_PlayingCello_g16_c06.avi
0.08247178567864558,0.4544752873748114,8.96172416446746,0.9838662790697674,263.1441860465116,393.2000764758528,0.21395348837209302,134,132,PlayingCello/v_PlayingCello_g16_c07.avi
0.10915974700054493,0.639467745096262,16.40360097661486,0.9796511627906976,295.9627906976744,295.9818952848266,0.3174418604651163,260,257,PlayingCello/v_PlayingCello_g17_c01.avi
0.10279369312409156,0.43170565863167437,14.722962507593369,0.9603197674418604,341.6186046511628,332.26269185398024,0.2819767441860465,389,385,PlayingCello/v_PlayingCello_g17_c02.avi
0.229448847042637,0.9388502542961616,15.421170513291136,0.9260174418604651,293.84186046511627,307.58297517872234,0.3633720930232558,366,362,PlayingCello/v_PlayingCello_g17_c03.avi
0.09681880236545602,0.4238353274210948,5.640257086339239,0.9680232558139535,356.353488372093,334.83755960919405,0.24476744186046512,319,316,PlayingCello/v_PlayingCello_g17_c04.avi
0.09044638839352506,0.5165325007906852,15.033296378372908,0.9789244186046512,344.1860465116279,328.89718870116957,0.2616279069767442,346,342,PlayingCello/v_PlayingCello_g17_c05.avi
0.2041624711933298,1.161103542047923,19.75,0.9664244186046511,361.2651162790698,331.262110008543,0.21686046511627907,319,316,PlayingCello/v_PlayingCello_g17_c06.avi
0.1030004946312318,0.44503376439180975,6.670832032063167,0.9651162790697675,370.75348837209305,338.2280635206776,0.21395348837209302,271,268,PlayingCello/v_PlayingCello_g17_c07.avi
0.32015703021048736,1.4207848405779473,17.66927064142717,0.9293604651162791,336.2604651162791,357.4178286696768,0.3936046511627907,285,282,PlayingCello/v_PlayingCello_g18_c01.avi
0.11297987814569374,0.7448871206902631,16.211492836873475,0.9789244186046512,355.2372093023256,348.0320949001458,0.29709302325581394,233,230,PlayingCello/v_PlayingCello_g18_c02.avi
0.22981197157366945,1.0824133631963686,17.833430685092534,0.9468023255813953,605.5069767441861,990.8655359918628,0.3656976744186046,249,246,PlayingCello/v_PlayingCello_g18_c03.avi
0.16809594249623366,0.7610696079577743,16.507574019219177,0.9497093023255814,445.2093023255814,618.9500696749909,0.2936046511627907,199,196,PlayingCello/v_PlayingCello_g18_c04.avi
0.09902575101184381,0.5017574001174142,17.54458605952275,0.9767441860465116,336.1488372093023,364.5965673415654,0.42209302325581394,241,238,PlayingCello/v_PlayingCello_g18_c05.avi
0.22033974039924042,0.8903573899255182,16.91892431568863,0.9456395348837209,314.15813953488373,330.65307205839616,0.3691860465116279,285,282,PlayingCello/v_PlayingCello_g18_c06.avi
0.239712185036277,1.099791621727971,17.507141400011598,0.9334302325581395,321.19069767441863,343.2637820969658,0.39069767441860465,267,264,PlayingCello/v_PlayingCello_g18_c07.avi
0.6165485772093868,0.6325025934493477,15.051993223490369,0.7492732558139535,215.25581395348837,163.51773860438192,0.32383720930232557,198,195,PlayingCello/v_PlayingCello_g19_c01.avi
0.7294533555808426,1.2151769704342283,8.806957476904268,0.7694767441860465,243.05116279069767,405.92769683379265,0.35348837209302325,267,264,PlayingCello/v_PlayingCello_g19_c02.avi
2.3429234944569854,1.9015481272824692,17.0,0.34651162790697676,230.43720930232558,200.65217970438047,0.32848837209302323,244,241,PlayingCello/v_PlayingCello_g19_c03.avi
0.622719999646393,1.3345059804752157,10.796411440844592,0.8556686046511628,214.92093023255813,184.55897974302368,0.36511627906976746,198,195,PlayingCello/v_PlayingCello_g19_c04.avi
0.843272979350557,0.9236382492278947,5.408326913195984,0.6126453488372093,265.93488372093026,407.46172363178664,0.26453488372093026,199,196,PlayingCello/v_PlayingCello_g19_c05.avi
1.3486412207517415,1.5958180201621162,10.547511554864494,0.629796511627907,226.97674418604652,209.134816690551,0.3627906976744186,183,180,PlayingCello/v_PlayingCello_g19_c06.avi
0.7300575276417086,0.7663602721001679,12.083045973594572,0.5761627906976744,248.52093023255813,410.55328326434636,0.3505813953488372,198,195,PlayingCello/v_PlayingCello_g19_c07.avi
1.035262525627506,6.070799412248613,238.34061760430177,0.7433139534883721,166.69767441860466,191.32384999258986,0.6139534883720931,323,320,PlayingCello/v_PlayingCello_g20_c01.avi
0.3979882429012563,1.3181018599899184,24.186773244895647,0.9061046511627907,194.93953488372094,151.65097955431634,0.3994186046511628,294,291,PlayingCello/v_PlayingCello_g20_c02.avi
1.1871461805134442,4.136363662619059,37.69615364994153,0.8013081395348837,218.82790697674417,156.89464147486436,0.29593023255813955,250,247,PlayingCello/v_PlayingCello_g20_c03.avi
0.614735736538396,2.1621764384450177,54.08326913195984,0.8299418604651163,231.55348837209303,195.92904665985736,0.3133720930232558,277,274,PlayingCello/v_PlayingCello_g20_c04.avi
0.47104054436641385,1.2799377790946285,21.443603358577587,0.8699127906976745,208.89302325581394,165.53165283673067,0.3569767441860465,242,239,PlayingCello/v_PlayingCello_g20_c05.avi
0.7628132710553017,2.6941848306814444,77.47257579298626,0.851453488372093,261.69302325581396,427.00963302425754,0.37034883720930234,216,213,PlayingCello/v_PlayingCello_g20_c06.avi
1.0123082508028178,3.073524501759288,39.53360911933035,0.7921511627906976,261.0232558139535,404.4902326340853,0.27151162790697675,276,273,PlayingCello/v_PlayingCello_g20_c07.avi
0.27373838449985277,1.4426039258307668,25.265156342282943,0.9375,391.293023255814,672.3820222944792,0.20232558139534884,216,213,PlayingCello/v_PlayingCello_g21_c01.avi
0.24038118616639997,0.6812312293253773,17.0,0.9184593023255814,429.24651162790695,762.5048621572275,0.21395348837209302,233,230,PlayingCello/v_PlayingCello_g21_c02.avi
0.4443579069093167,1.4418917343814812,35.0,0.8776162790697675,230.9953488372093,200.4553768745093,0.32558139534883723,266,263,PlayingCello/v_PlayingCello_g21_c03.avi
0.49131031842443185,3.195612109531641,116.15856619294162,0.8995639534883721,264.3720930232558,256.16537384292275,0.32151162790697674,224,221,PlayingCello/v_PlayingCello_g21_c04.avi
0.4408946869739282,1.362206787843534,17.804493814764857,0.8944767441860465,229.2093023255814,196.76932051227416,0.32558139534883723,258,255,PlayingCello/v_PlayingCello_g21_c05.avi
0.3076258711566378,1.0502369216342207,17.001838135919304,0.9152616279069767,262.69767441860466,268.2695221344004,0.3627906976744186,258,255,PlayingCello/v_PlayingCello_g22_c01.avi
0.3491888160506573,1.032596390970985,16.72619577190223,0.8995639534883721,261.3581395348837,239.24691364688888,0.28837209302325584,250,247,PlayingCello/v_PlayingCello_g22_c02.avi
0.4156971957255282,1.2477367527874739,16.492422502470642,0.8751453488372093,217.0418604651163,243.13570354994084,0.49127906976744184,244,241,PlayingCello/v_PlayingCello_g22_c03.avi
0.25282515780687154,0.8903049185588963,16.55294535724685,0.9411337209302325,269.6186046511628,267.12621113833586,0.3313953488372093,216,213,PlayingCello/v_PlayingCello_g22_c04.avi
0.34362850684750557,1.0592725990543392,16.82724724962464,0.9113372093023255,265.6,251.43511438179442,0.30348837209302326,251,248,PlayingCello/v_PlayingCello_g22_c05.avi
0.41505757740078286,1.0778335719839505,15.033296378372908,0.8593023255813953,219.05116279069767,228.08613669940985,0.4436046511627907,243,240,PlayingCello/v_PlayingCello_g22_c06.avi
0.3402606402001474,1.0354553720680284,19.243911374769944,0.8946220930232558,269.28372093023256,242.01277780049716,0.2633720930232558,251,248,PlayingCello/v_PlayingCello_g22_c07.avi
0.08874958857091315,0.37192240071875293,7.435136178981526,0.9824127906976744,287.25581395348837,421.62852011910417,0.2441860465116279,261,258,PlayingCello/v_PlayingCello_g23_c01.avi
0.05184373876860723,0.3110669163697656,8.0,0.9872093023255814,283.12558139534883,402.068023917869,0.17267441860465116,268,265,PlayingCello/v_PlayingCello_g23_c02.avi
0.05702388131282779,0.33718695548373845,16.0312195418814,0.9866279069767442,473.0046511627907,840.4712935771239,0.2069767441860465,254,251,PlayingCello/v_PlayingCello_g23_c03.avi
0.07498631578963223,0.3779291599934666,12.634278768493278,0.9792151162790698,407.0325581395349,685.1501508228147,0.2552325581395349,211,208,PlayingCello/v_PlayingCello_g23_c04.avi
0.06252938177071996,0.27102447508593047,5.659615711335886,0.9867732558139535,406.13953488372096,835.4122107830153,0.3063953488372093,181,178,PlayingCello/v_PlayingCello_g23_c05.avi
0.07824668988124768,0.4317734679385141,16.53027525481654,0.9816860465116279,233.89767441860465,162.70723814086725,0.23837209302325582,276,273,PlayingCello/v_PlayingCello_g23_c06.avi
0.0869741682610182,0.37245745603397995,14.142135623730951,0.9713662790697675,283.3488372093023,402.53238400539465,0.17383720930232557,268,265,PlayingCello/v_PlayingCello_g23_c07.avi
0.157592133452884,0.7389009304542078,11.430496489654331,0.9606104651162791,375.21860465116276,347.3335286421155,0.23488372093023255,341,337,PlayingCello/v_PlayingCello_g24_c01.avi
0.15895529480846465,0.7690626858935165,15.087764082195877,0.9642441860465116,388.5023255813953,349.9457615704229,0.20755813953488372,336,332,PlayingCello/v_PlayingCello_g24_c02.avi
0.13503433389786829,0.8147136738657793,41.518821033357874,0.9521802325581395,421.8790697674419,364.828349927418,0.18023255813953487,312,309,PlayingCello/v_PlayingCello_g24_c03.avi
0.10522699411232142,0.4666242005465071,8.558621384311845,0.9684593023255814,433.6,500.70310378460294,0.19593023255813954,239,236,PlayingCello/v_PlayingCello_g24_c04.avi
0.1282746806860949,0.5513527261913206,15.876476309307428,0.9568313953488372,342.6232558139535,333.64429243997535,0.2837209302325581,264,261,PlayingCello/v_PlayingCello_g24_c05.avi
0.1494570068623925,0.6411049984894104,10.63014581273465,0.9524709302325581,410.15813953488373,363.6521122072822,0.20406976744186048,312,309,PlayingCello/v_PlayingCello_g24_c06.avi
0.15665176364840935,0.8403903913239156,17.08800749063506,0.9607558139534884,412.3906976744186,367.3945422579228,0.21337209302325583,240,237,PlayingCello/v_PlayingCello_g24_c07.avi
0.23686168879526856,0.6121656892367685,7.0710678118654755,0.9308139534883721,452.13023255813954,695.1731400646804,0.22732558139534884,313,310,PlayingCello/v_PlayingCello_g25_c01.avi
0.29324422950699575,0.6206533521127194,12.529964086141668,0.8819767441860465,299.5348837209302,308.535576994774,0.3453488372093023,321,318,PlayingCello/v_PlayingCello_g25_c02.avi
0.24800033881802167,0.6552170107829942,15.231546211727817,0.8930232558139535,392.4093023255814,491.03181340309493,0.2453488372093023,321,318,PlayingCello/v_PlayingCello_g25_c03.avi
0.42026735600425524,0.7819148826017889,17.338540884399702,0.7915697674418605,489.74883720930234,774.8993826273979,0.19883720930232557,272,269,PlayingCello/v_PlayingCello_g25_c04.avi
0.1937528965597434,0.7177465596859302,9.0,0.9453488372093023,338.9395348837209,329.1867231064326,0.2796511627906977,251,248,PlayingCello/v_PlayingCello_g25_c05.avi
0.2675131271969322,1.1048135007318705,15.652475842498529,0.9271802325581395,211.12558139534883,247.0645110116104,0.5290697674418605,245,242,PlayingCello/v_PlayingCello_g25_c06.avi
0.27799463889173015,0.8819203361381164,18.25,0.8808139534883721,391.9627906976744,487.30045028506385,0.22674418604651161,280,277,PlayingCello/v_PlayingCello_g25_c07.avi
0.24526505932922713,1.0137685097545224,21.93171219946131,0.948110465116279,462.06511627906974,505.7170966127029,0.16395348837209303,269,266,PlayingDaf/v_PlayingDaf_g08_c01.avi
0.2699829580193214,1.2674550937167122,34.36568055487916,0.9152616279069767,445.8790697674419,503.6791561625546,0.18546511627906978,300,297,PlayingDaf/v_PlayingDaf_g08_c02.avi
0.2677952382947724,0.9834508674064302,15.297058540778355,0.9197674418604651,392.9674418604651,354.3237697695266,0.21220930232558138,305,302,PlayingDaf/v_PlayingDaf_g08_c03.avi
0.4758900456177579,2.3417298180907666,34.264595430268834,0.9039244186046511,218.04651162790697,247.27030247854526,0.49767441860465117,323,320,PlayingDaf/v_PlayingDaf_g08_c04.avi
0.2805140494398917,0.9405474231936082,12.126932835634904,0.9132267441860465,465.19069767441863,506.3829196456132,0.16162790697674417,359,355,PlayingDaf/v_PlayingDaf_g08_c05.avi
0.23831208062553116,0.9416104913095485,28.0178514522438,0.9258720930232558,420.2046511627907,372.98488650314243,0.21686046511627907,355,351,PlayingDaf/v_PlayingDaf_g08_c06.avi
0.2554333763292735,0.938683590222786,10.275121653781039,0.9375,403.57209302325583,361.0412373055938,0.21046511627906977,337,333,PlayingDaf/v_PlayingDaf_g08_c07.avi
0.6171364995301556,1.9657587577597855,40.0,0.8482558139534884,220.50232558139535,171.9300256369489,0.31511627906976747,368,364,PlayingDaf/v_PlayingDaf_g09_c01.avi
0.25421430369848824,0.5299924382455078,9.899494936611665,0.9347383720930232,253.32093023255814,195.5211147321726,0.2186046511627907,313,310,PlayingDaf/v_PlayingDaf_g09_c02.avi
0.6736192213168989,1.4371667171958298,21.37755832643195,0.7979651162790697,195.49767441860465,141.27330840965774,0.3802325581395349,368,364,PlayingDaf/v_PlayingDaf_g09_c03.avi
0.7291618940264766,1.6270056618152229,25.03279099501292,0.8065406976744186,235.7953488372093,212.2503895999803,0.3308139534883721,339,335,PlayingDaf/v_PlayingDaf_g09_c04.avi
0.31104835723821267,0.8962162116073227,16.62077013859466,0.9344476744186047,238.92093023255813,169.43009336794202,0.22848837209302325,345,341,PlayingDaf/v_PlayingDaf_g09_c05.avi
1.7325229939206972,3.2737988730221623,24.020824298928627,0.6498546511627907,175.40465116279069,125.84560114363907,0.4569767441860465,258,255,PlayingDaf/v_PlayingDaf_g10_c01.avi
1.6449822236190037,2.87392146086016,23.42007685726074,0.6813953488372093,198.28837209302327,146.51565708745437,0.375,253,250,PlayingDaf/v_PlayingDaf_g10_c02.avi
1.9527551550528885,4.435352148953713,37.67231244561449,0.6940406976744186,212.8,152.13663381591303,0.31569767441860463,291,288,PlayingDaf/v_PlayingDaf_g10_c03.avi
1.6955000398414024,2.9229313551970932,23.837994882120434,0.6742732558139535,196.94883720930233,121.28149913952927,0.3447674418604651,258,255,PlayingDaf/v_PlayingDaf_g10_c04.avi
1.209358399962383,2.2889246398268996,33.272548745174305,0.6927325581395349,212.46511627906978,147.96909621366484,0.31046511627906975,262,259,PlayingDaf/v_PlayingDaf_g10_c05.avi
1.198391339916661,1.773888322503724,15.890248582070704,0.6984011627906976,203.86976744186046,144.94233582324873,0.34593023255813954,229,226,PlayingDaf/v_PlayingDaf_g10_c06.avi
2.0515674025996136,3.5921373617367225,34.76078969183526,0.6556686046511628,220.6139534883721,212.07983312718267,0.39825581395348836,200,197,PlayingDaf/v_PlayingDaf_g10_c07.avi
1.6449471776479554,7.725062824312785,147.49237268414933,0.8287790697674419,390.51162790697674,599.8914774761455,0.29941860465116277,273,270,PlayingDaf/v_PlayingDaf_g11_c01.avi
0.7264805492051039,1.3426573754165179,13.601470508735444,0.7453488372093023,289.3767441860465,294.58600421230426,0.3377906976744186,256,253,PlayingDaf/v_PlayingDaf_g11_c02.avi
0.7156213529605917,2.182368877418045,74.10802925459562,0.786046511627907,368.9674418604651,487.5880398598659,0.2930232558139535,272,269,PlayingDaf/v_PlayingDaf_g11_c03.avi
0.9471479985756982,2.709879116449808,68.96375859826666,0.801889534883721,267.0511627906977,273.70286415652487,0.36104651162790696,259,256,PlayingDaf/v_PlayingDaf_g11_c04.avi
1.0764554716580268,2.065040052847178,16.326741867255695,0.7242732558139535,294.7348837209302,304.38928478200864,0.3494186046511628,233,230,PlayingDaf/v_PlayingDaf_g11_c05.avi
1.3177262861496326,4.556211126119889,85.58621384311844,0.6790697674418604,322.30697674418604,325.4156250414115,0.32209302325581396,293,290,PlayingDaf/v_PlayingDaf_g11_c06.avi
0.8945154507025053,2.009711657343858,15.274570370390128,0.7787790697674418,1784.2976744186046,1743.8665792639247,0.17965116279069768,262,259,PlayingDaf/v_PlayingDaf_g12_c01.avi
1.264484479989169,4.215288229029059,33.24154027718932,0.8763081395348837,1646.660465116279,1735.8483244933286,0.20813953488372092,285,282,PlayingDaf/v_PlayingDaf_g12_c02.avi
1.0514865333864567,3.0374799887448702,27.65863337187866,0.7944767441860465,1496.4093023255814,1656.695096200243,0.20930232558139536,286,283,PlayingDaf/v_PlayingDaf_g12_c03.avi
0.6439640237672579,1.9177436849539338,30.01666203960727,0.8162790697674419,1631.367441860465,1711.168209654055,0.17616279069767443,274,271,PlayingDaf/v_PlayingDaf_g12_c04.avi
1.368702797513698,7.127169653808671,91.39474820797966,0.9085755813953489,1851.1627906976744,1761.8190511082644,0.18488372093023256,286,283,PlayingDaf/v_PlayingDaf_g12_c05.avi
2.238611880309422,3.7189114592356223,21.213203435596427,0.5885174418604651,206.32558139534885,178.6944541675633,0.3936046511627907,258,255,PlayingDaf/v_PlayingDaf_g13_c01.avi
2.081781727166969,4.508768787350751,26.0,0.6075581395348837,227.4232558139535,206.93008013292385,0.3558139534883721,214,211,PlayingDaf/v_PlayingDaf_g13_c02.avi
1.792481852830098,2.2843757048817186,25.004999500099974,0.45218023255813955,245.3953488372093,218.60765955376766,0.3040697674418605,266,263,PlayingDaf/v_PlayingDaf_g13_c03.avi
1.6842908959763627,2.3744364437800622,16.23460809505422,0.5042151162790698,260.4651162790698,239.6232846585821,0.2930232558139535,159,157,PlayingDaf/v_PlayingDaf_g13_c04.avi
0.28361025803870343,0.6938281669940258,16.12839111628931,0.9271802325581395,375.3302325581395,342.2912642050754,0.21569767441860466,220,217,PlayingDaf/v_PlayingDaf_g14_c01.avi
0.4666027803300255,1.6886007540936074,41.59627387158614,0.8715116279069768,239.3674418604651,268.19702903244104,0.461046511627907,245,242,PlayingDaf/v_PlayingDaf_g14_c02.avi
0.26563200604036324,0.6982199080399036,19.313207915827967,0.9241279069767442,406.25116279069766,359.81544647486123,0.19883720930232557,257,254,PlayingDaf/v_PlayingDaf_g14_c03.avi
0.36719291452950503,1.021074238811594,34.735158701235264,0.8815406976744186,374.8837209302326,357.27165153536305,0.2738372093023256,298,295,PlayingDaf/v_PlayingDaf_g14_c04.avi
0.3251863728809566,1.3456617040436785,36.47002193583108,0.9151162790697674,378.2325581395349,342.3315975204419,0.20755813953488372,301,298,PlayingDaf/v_PlayingDaf_g14_c05.avi
0.30713083512334377,1.0108164349834823,17.83299259799095,0.9133720930232558,413.1720930232558,363.33427899245635,0.19534883720930232,294,291,PlayingDaf/v_PlayingDaf_g14_c06.avi
0.26605473332968665,0.8484311031083823,15.350081433008752,0.9191860465116279,418.75348837209305,364.12051375106967,0.18488372093023256,311,308,PlayingDaf/v_PlayingDaf_g14_c07.avi
0.13130429477106176,0.5159772913305973,8.193938308286192,0.9636627906976745,240.26046511627908,173.8042926913004,0.23081395348837208,293,290,PlayingDaf/v_PlayingDaf_g15_c01.avi
0.19740019107124399,0.6909731953673739,14.3287298809071,0.9414244186046512,199.06976744186048,138.79169523926055,0.35930232558139535,343,339,PlayingDaf/v_PlayingDaf_g15_c02.avi
0.21068227098925876,0.8052681674658646,20.677584481752216,0.9324127906976745,194.15813953488373,164.04228926196475,0.42441860465116277,366,362,PlayingDaf/v_PlayingDaf_g15_c03.avi
0.14362489199664336,0.6393217933992486,22.0,0.9688953488372093,248.07441860465116,208.48671598195665,0.2691860465116279,338,334,PlayingDaf/v_PlayingDaf_g15_c04.avi
0.21940333021653813,0.7612750992908922,12.002603884157804,0.9341569767441861,196.05581395348838,126.7294376740254,0.3563953488372093,386,382,PlayingDaf/v_PlayingDaf_g15_c05.avi
0.22739854212130806,1.0112298797063264,27.459060435491963,0.9340116279069768,171.05116279069767,186.58226488178175,0.5819767441860465,407,403,PlayingDaf/v_PlayingDaf_g15_c06.avi
0.2490140571742488,0.9244766908613213,16.0312195418814,0.9348837209302325,233.67441860465115,171.77645301585574,0.2558139534883721,437,433,PlayingDaf/v_PlayingDaf_g15_c07.avi
2.116604551821055,6.003158777920629,92.00543462209176,0.7982558139534883,414.846511627907,772.7256799416722,0.33313953488372094,266,263,PlayingDaf/v_PlayingDaf_g16_c01.avi
1.6322389206036805,3.9750338635704283,44.553338819890925,0.703343023255814,626.1581395348837,1087.6054487732165,0.26046511627906976,262,259,PlayingDaf/v_PlayingDaf_g16_c02.avi
3.3855584157453547,8.343274828072273,191.02355875650522,0.7536337209302325,182.9953488372093,153.91557630574454,0.46162790697674416,284,281,PlayingDaf/v_PlayingDaf_g16_c03.avi
2.4789899557154493,7.557430964182626,254.4425278918601,0.7716569767441861,917.6186046511627,1404.427385963605,0.19825581395348837,302,299,PlayingDaf/v_PlayingDaf_g16_c04.avi
1.7292008677820274,6.672999907634656,46.09772228646444,0.9313953488372093,534.0651162790698,914.9784775416967,0.23081395348837208,231,228,PlayingDaf/v_PlayingDaf_g16_c05.avi
1.736118329758201,7.648971604127329,129.7220586484812,0.9372093023255814,451.57209302325583,913.8300911549533,0.3511627906976744,147,145,PlayingDaf/v_PlayingDaf_g16_c06.avi
2.507965455915817,6.258248973980991,28.025936648040865,0.752906976744186,463.6279069767442,857.2587198212526,0.37906976744186044,263,260,PlayingDaf/v_PlayingDaf_g17_c01.avi
1.803186245211765,3.266912212521677,66.58171670961931,0.7406976744186047,355.68372093023254,669.0171704718458,0.28081395348837207,254,251,PlayingDaf/v_PlayingDaf_g17_c02.avi
0.9675511203116246,1.4942242510035797,22.02271554554524,0.6773255813953488,383.0325581395349,591.5857396118171,0.26627906976744187,276,273,PlayingDaf/v_PlayingDaf_g17_c03.avi
1.6335361108682975,2.618294747948486,16.0,0.6353197674418605,335.0325581395349,306.4094750196671,0.21395348837209302,172,169,PlayingDaf/v_PlayingDaf_g17_c04.avi
0.4456385740477453,0.6229876852256273,8.06225774829855,0.8453488372093023,257.5627906976744,218.4180214722217,0.25232558139534883,240,237,PlayingDaf/v_PlayingDaf_g18_c01.avi
0.9468816923775906,1.194476066313093,9.494241675879122,0.6335755813953489,348.87441860465117,547.0990200299076,0.09302325581395349,252,249,PlayingDaf/v_PlayingDaf_g18_c02.avi
0.5143772911121133,0.7397914953574964,7.0,0.8388081395348838,242.04651162790697,228.49049173524193,0.34244186046511627,278,275,PlayingDaf/v_PlayingDaf_g18_c03.avi
0.8147942584663553,0.9804549976499551,7.5,0.7258720930232558,314.26976744186044,426.3086574438453,0.16627906976744186,211,208,PlayingDaf/v_PlayingDaf_g18_c04.avi
0.6181686257179281,0.99469253753042,10.5,0.8513081395348837,220.6139534883721,212.07983312718267,0.39825581395348836,234,231,PlayingDaf/v_PlayingDaf_g18_c05.avi
1.5023201205753391,1.727791916218659,17.00735135169495,0.49026162790697675,225.30232558139534,214.71403750469696,0.38313953488372093,244,241,PlayingDaf/v_PlayingDaf_g18_c06.avi
1.5046170796926819,1.7308720490921505,20.25,0.4146802325581395,227.31162790697675,198.50916587039302,0.3377906976744186,247,244,PlayingDaf/v_PlayingDaf_g18_c07.avi
1.2272147285209767,2.1460331691981978,27.892651361962706,0.6453488372093024,289.93488372093026,439.25126087294825,0.31627906976744186,309,306,PlayingDaf/v_PlayingDaf_g19_c01.avi
1.0997023416772378,2.812458051930122,76.72190039356428,0.7313953488372092,286.92093023255813,270.6747954848448,0.2738372093023256,363,359,PlayingDaf/v_PlayingDaf_g19_c02.avi
1.1580361957131426,3.284303956439554,70.60453243241541,0.7568313953488373,207.66511627906976,193.33460437346,0.41686046511627906,367,363,PlayingDaf/v_PlayingDaf_g19_c03.avi
0.9564526086521549,2.1303298427233837,44.99045037560749,0.6784883720930233,269.73023255813956,258.9312951298478,0.3075581395348837,351,347,PlayingDaf/v_PlayingDaf_g19_c04.avi
1.680958364913216,3.607285099945491,61.5223536610881,0.6691860465116279,271.4046511627907,424.57944059235314,0.31976744186046513,350,346,PlayingDaf/v_PlayingDaf_g19_c05.avi
1.2499248333249553,2.354374051290965,24.775554988738396,0.6888081395348837,268.1674418604651,420.85703241203566,0.31569767441860463,374,370,PlayingDaf/v_PlayingDaf_g19_c06.avi
1.3794489099706664,3.4637918907165206,82.53152806655163,0.6771802325581395,312.3720930232558,567.5044113446337,0.33895348837209305,389,385,PlayingDaf/v_PlayingDaf_g19_c07.avi
0.484199747798942,1.2956518661666832,19.789912202938144,0.890406976744186,220.6139534883721,176.8078573196093,0.32383720930232557,374,370,PlayingDaf/v_PlayingDaf_g20_c01.avi
0.40042664904253694,1.196605267973201,12.5,0.9194767441860465,198.06511627906977,146.5738180302445,0.37616279069767444,380,376,PlayingDaf/v_PlayingDaf_g20_c02.avi
0.3485461044381899,0.6713990586304092,9.899494936611665,0.9071220930232559,218.6046511627907,156.9781705361555,0.29709302325581394,363,359,PlayingDaf/v_PlayingDaf_g20_c03.avi
0.46596071171387715,0.9314606740126609,5.830951894845301,0.8635174418604651,245.3953488372093,181.07047831687407,0.22267441860465118,383,379,PlayingDaf/v_PlayingDaf_g20_c04.avi
1.2491245849862946,1.9092519011526243,16.492422502470642,0.6261627906976744,201.74883720930234,167.47623833136646,0.3941860465116279,405,401,PlayingDaf/v_PlayingDaf_g20_c05.avi
1.3826497661831898,3.337402379432569,68.0,0.6994186046511628,221.84186046511627,181.1774232977656,0.3267441860465116,352,348,PlayingDaf/v_PlayingDaf_g20_c06.avi
1.0123821429372868,1.9057860668403652,22.534695471649933,0.709593023255814,241.26511627906976,406.81620264760153,0.36511627906976746,397,393,PlayingDaf/v_PlayingDaf_g20_c07.avi
0.9670105120218295,3.230457041543125,44.180206258006535,0.8308139534883721,391.06976744186045,359.75892414865416,0.23837209302325582,251,248,PlayingDaf/v_PlayingDaf_g21_c01.avi
0.7531278445906108,2.3044903780367423,43.18564576337837,0.8344476744186047,365.1720930232558,330.15745808352926,0.20116279069767443,241,238,PlayingDaf/v_PlayingDaf_g21_c02.avi
1.0527026771943446,2.82820626319543,83.27739789402645,0.8052325581395349,419.0883720930233,374.3341457247648,0.225,264,261,PlayingDaf/v_PlayingDaf_g21_c03.avi
0.8000365268197469,2.2728273480105483,50.797545462354776,0.8254360465116279,375.66511627906976,345.19882971838126,0.2255813953488372,277,274,PlayingDaf/v_PlayingDaf_g21_c04.avi
0.44069475742600356,1.1696268452311511,31.52875671510058,0.8486918604651162,446.2139534883721,377.4658349433578,0.17674418604651163,269,266,PlayingDaf/v_PlayingDaf_g21_c05.avi
0.6192879654311767,1.833879606404113,35.4682957019364,0.8760174418604652,410.6046511627907,362.162891498241,0.19709302325581396,269,266,PlayingDaf/v_PlayingDaf_g21_c06.avi
1.0160564468696491,3.489350470493269,76.66852352823811,0.79375,410.9395348837209,363.7031131066994,0.20232558139534884,150,148,PlayingDaf/v_PlayingDaf_g21_c07.avi
0.8334376179623877,1.99028783197716,17.92344832893492,0.7877906976744186,771.7209302325581,1125.370973988937,0.2116279069767442,296,293,PlayingDaf/v_PlayingDaf_g22_c01.avi
1.2701671147297768,2.5196930384327527,34.83981199719654,0.723546511627907,951.7767441860465,1356.8524817140537,0.19011627906976744,360,356,PlayingDaf/v_PlayingDaf_g22_c02.avi
1.6576797778944965,7.346141477727682,73.0,0.8600290697674419,929.4511627906977,1317.9609254842494,0.14825581395348839,382,378,PlayingDaf/v_PlayingDaf_g22_c03.avi
1.4122395740183455,5.69933914146058,76.11832893594026,0.9142441860465116,1217.339534883721,1541.9043468868686,0.21395348837209302,385,381,PlayingDaf/v_PlayingDaf_g22_c04.avi
1.126361726578609,4.72454693925753,173.18487231857176,0.784156976744186,931.5720930232558,1367.5027122672957,0.2813953488372093,392,388,PlayingDaf/v_PlayingDaf_g22_c05.avi
2.3486581645841476,7.5762909014256605,316.5810520230167,0.7771802325581395,854.1023255813953,1250.2409102711053,0.18953488372093022,372,368,PlayingDaf/v_PlayingDaf_g22_c06.avi
2.407394523787576,6.889473423179602,134.23859355639868,0.7856104651162791,765.1348837209302,1125.1226932337813,0.1994186046511628,392,388,PlayingDaf/v_PlayingDaf_g22_c07.avi
0.2336102638025268,0.7617271209924301,10.44030650891055,0.9385174418604652,236.91162790697675,237.59912811023796,0.3877906976744186,236,233,PlayingDaf/v_PlayingDaf_g23_c01.avi
0.6120304130659437,1.7623960070160973,18.179658962697843,0.8571220930232558,197.3953488372093,213.39843066649956,0.5098837209302326,246,243,PlayingDaf/v_PlayingDaf_g23_c02.avi
0.2569811772280348,0.7318022478295625,9.370832406995657,0.9049418604651163,194.6046511627907,205.69543296135038,0.5058139534883721,284,281,PlayingDaf/v_PlayingDaf_g23_c03.avi
0.2831100334071392,0.7984797503668057,8.806957476904268,0.8989825581395349,229.65581395348838,217.32276425065731,0.3697674418604651,266,263,PlayingDaf/v_PlayingDaf_g23_c04.avi
0.1525894110583282,0.44694893067650643,8.00390529679106,0.9654069767441861,315.8325581395349,447.82111239579746,0.2627906976744186,202,199,PlayingDaf/v_PlayingDaf_g23_c05.avi
0.21692889956711267,0.6210784612297643,9.370832406995657,0.9363372093023256,305.5627906976744,564.3735646501641,0.34418604651162793,234,231,PlayingDaf/v_PlayingDaf_g23_c06.avi
0.18550030635831405,0.548587287555696,15.0,0.9542151162790697,260.8,172.9689096945756,0.14244186046511628,281,278,PlayingDaf/v_PlayingDaf_g24_c01.avi
0.30495442223123154,0.9292203096882876,16.048753845704034,0.9204941860465117,339.27441860465115,651.6045555300029,0.20813953488372092,301,298,PlayingDaf/v_PlayingDaf_g24_c02.avi
0.2190158788890623,0.7262027506530663,10.915155747858114,0.9373546511627907,320.74418604651163,552.9222197297275,0.22093023255813954,331,327,PlayingDaf/v_PlayingDaf_g24_c03.avi
0.18204101817365706,0.5849626392850017,9.370832406995657,0.9545058139534883,754.1953488372093,1305.630803250663,0.18430232558139534,240,237,PlayingDaf/v_PlayingDaf_g24_c04.avi
0.24276927273483115,0.6172096155896036,5.125,0.926889534883721,589.9906976744186,776.3726627988478,0.10232558139534884,257,254,PlayingDaf/v_PlayingDaf_g25_c01.avi
0.1775243490372867,0.4637141355831039,5.25594901040716,0.9523255813953488,617.339534883721,697.0641364303992,0.05290697674418605,254,251,PlayingDaf/v_PlayingDaf_g25_c02.avi
0.20896558220580583,0.8942858973881574,10.04987562112089,0.9706395348837209,583.7395348837209,612.294933546159,0.06046511627906977,271,268,PlayingDaf/v_PlayingDaf_g25_c03.avi
0.5014518713177223,1.9053525479024782,22.54751926487701,0.9034883720930232,581.7302325581395,710.7736903216341,0.17325581395348838,285,282,PlayingDaf/v_PlayingDaf_g25_c04.avi
0.11509590841665016,0.353434698261947,3.553167600887974,0.9591569767441861,663.106976744186,515.1086791606931,0.04709302325581395,269,266,PlayingDaf/v_PlayingDaf_g25_c05.avi
0.23198606978582356,0.6380773261769619,8.896101674329042,0.9348837209302325,699.7209302325581,842.7602027441537,0.09593023255813954,257,254,PlayingDaf/v_PlayingDaf_g25_c06.avi
0.32374617562740143,1.1749483559107308,14.388580541526673,0.9106104651162791,594.1209302325582,615.1667909800691,0.07383720930232558,263,260,PlayingDaf/v_PlayingDaf_g25_c07.avi
0.06480801179153975,0.28860545452379005,6.5,0.979360465116279,274.6418604651163,276.8748136500465,0.34011627906976744,282,279,PlayingDhol/v_PlayingDhol_g08_c01.avi
0.2128027504036328,0.7132230370736139,15.31747368204039,0.9239825581395349,289.48837209302326,441.32993364364944,0.32790697674418606,284,281,PlayingDhol/v_PlayingDhol_g08_c02.avi
0.05618144706858361,0.197844453318177,3.625,0.9886627906976744,267.3860465116279,247.2339157713313,0.28488372093023256,298,295,PlayingDhol/v_PlayingDhol_g08_c03.avi
0.0969600086058715,0.327456214077739,7.714637062104736,0.9734011627906977,306.7906976744186,455.12403411058693,0.3308139534883721,288,285,PlayingDhol/v_PlayingDhol_g08_c04.avi
0.1107466221465499,0.39192532687480147,9.64689069078737,0.9661337209302325,239.70232558139534,233.02720620520037,0.363953488372093,255,252,PlayingDhol/v_PlayingDhol_g08_c05.avi
0.08617758199178215,0.3005223854533324,3.1622776601683795,0.9757267441860465,265.04186046511626,258.39193794803015,0.325,280,277,PlayingDhol/v_PlayingDhol_g08_c06.avi
0.18278662634731557,0.43169290261088766,4.031128874149275,0.9332848837209302,298.5302325581395,444.4013247708488,0.30872093023255814,266,263,PlayingDhol/v_PlayingDhol_g08_c07.avi
3.100364152538567,3.6847190350545524,17.148250639642516,0.38968023255813955,262.25116279069766,150.8812938181182,0.09767441860465116,273,270,PlayingDhol/v_PlayingDhol_g09_c01.avi
0.8807771020880921,1.1917988481293387,11.319231422671772,0.748546511627907,285.13488372093025,408.32870416319145,0.19244186046511627,294,291,PlayingDhol/v_PlayingDhol_g09_c02.avi
1.7814148341436205,2.6678553005243897,17.11724276862369,0.5530523255813954,242.82790697674417,162.35763900146762,0.19883720930232557,321,318,PlayingDhol/v_PlayingDhol_g09_c03.avi
2.555347122320005,3.875389416123499,231.14713928578047,0.26482558139534884,216.8186046511628,213.12802054689817,0.4180232558139535,327,323,PlayingDhol/v_PlayingDhol_g09_c04.avi
3.4589479792501256,2.9112122876342887,21.540659228538015,0.2574127906976744,206.77209302325582,199.0122098925514,0.4331395348837209,324,320,PlayingDhol/v_PlayingDhol_g09_c05.avi
1.2548333700130312,1.5038703246381722,14.304719500919967,0.5486918604651163,937.9348837209302,1475.1679180546005,0.17616279069767443,334,330,PlayingDhol/v_PlayingDhol_g09_c06.avi
1.9293982531930125,3.9877494040316552,93.25134047293905,0.4127906976744186,243.60930232558138,161.95662901193205,0.19476744186046513,361,357,PlayingDhol/v_PlayingDhol_g09_c07.avi
1.1942826239891438,1.1489682186753376,8.533024082938006,0.5309593023255814,275.7581395348837,200.98699973295524,0.13895348837209304,413,409,PlayingDhol/v_PlayingDhol_g10_c01.avi
1.3293318603619169,2.0968793403096475,19.25,0.6593023255813953,240.70697674418605,187.82937011262763,0.2563953488372093,429,425,PlayingDhol/v_PlayingDhol_g10_c02.avi
2.154217356833519,3.216793520246665,32.49062364744635,0.5084302325581396,275.0883720930233,260.7375346163552,0.29127906976744183,426,422,PlayingDhol/v_PlayingDhol_g10_c03.avi
2.62861576202794,5.7994100695906505,42.04759208325728,0.5774709302325581,306.34418604651165,415.904654381224,0.14709302325581394,430,426,PlayingDhol/v_PlayingDhol_g10_c04.avi
1.9438687610338816,2.9454731235512313,29.67532645144784,0.5324127906976744,271.1813953488372,211.81035753910547,0.1813953488372093,428,424,PlayingDhol/v_PlayingDhol_g10_c05.avi
2.9126565180291797,5.166889644255834,26.248809496813376,0.5989825581395349,298.1953488372093,245.79836504223633,0.16162790697674417,428,424,PlayingDhol/v_PlayingDhol_g10_c06.avi
2.0825045736707306,2.7657340440441263,17.50178562318714,0.6040697674418605,313.2651162790698,267.3126197733709,0.16686046511627908,468,464,PlayingDhol/v_PlayingDhol_g10_c07.avi
2.067208422516892,3.5187294873122936,57.982756057296896,0.5507267441860465,240.37209302325581,218.55136411398666,0.32558139534883723,259,256,PlayingDhol/v_PlayingDhol_g11_c01.avi
2.3002040899378455,4.942756392890387,84.29116205154607,0.641860465116279,463.1813953488372,915.4451044102813,0.34418604651162793,291,288,PlayingDhol/v_PlayingDhol_g11_c02.avi
1.3662833058501191,4.115023947709081,26.740652572441086,0.7915697674418605,378.7906976744186,681.2888114189383,0.3023255813953488,257,254,PlayingDhol/v_PlayingDhol_g11_c03.avi
2.9049846884560453,5.145156468944665,40.718546143004666,0.4872093023255814,258.34418604651165,236.00365123537918,0.2924418604651163,275,272,PlayingDhol/v_PlayingDhol_g11_c04.avi
1.1066869462605466,2.876294592639132,19.1049731745428,0.8518895348837209,404.68837209302325,760.0961815544326,0.2534883720930233,281,278,PlayingDhol/v_PlayingDhol_g11_c05.avi
0.5927494085451279,0.9719351104229589,15.532224567009067,0.7789244186046511,824.4093023255814,1340.273731120651,0.2,295,292,PlayingDhol/v_PlayingDhol_g11_c06.avi
1.7125175490889932,1.7702468539327332,24.545875417267155,0.41031976744186044,222.06511627906977,181.1010650434453,0.32558139534883723,256,253,PlayingDhol/v_PlayingDhol_g11_c07.avi
0.5664270569568944,1.3164452251659646,39.40911220771156,0.798110465116279,461.0604651162791,392.3112090114973,0.20872093023255814,313,310,PlayingDhol/v_PlayingDhol_g12_c01.avi
0.593297135098256,1.1472630629663767,49.23572128038747,0.7261627906976744,417.30232558139534,370.97053947366544,0.21569767441860466,321,318,PlayingDhol/v_PlayingDhol_g12_c02.avi
0.8177859879480575,3.1423545967142856,74.02702209328699,0.7348837209302326,423.7767441860465,385.2154533578303,0.25872093023255816,308,305,PlayingDhol/v_PlayingDhol_g12_c03.avi
1.0593218577712054,3.072958484542826,102.00490184299969,0.690406976744186,341.28372093023256,356.70354894227665,0.3744186046511628,329,325,PlayingDhol/v_PlayingDhol_g12_c04.avi
0.909495064364556,3.5446079356646405,84.37564814565872,0.7322674418604651,442.9767441860465,386.0546706899072,0.2191860465116279,242,239,PlayingDhol/v_PlayingDhol_g12_c05.avi
0.7313135010854938,2.652332655860722,70.34912934784623,0.8234011627906976,431.36744186046514,381.5950487959048,0.22616279069767442,336,332,PlayingDhol/v_PlayingDhol_g12_c06.avi
2.7044393155302853,3.4598014804897357,26.501179219046083,0.4359011627906977,358.25116279069766,551.5980270349781,0.09069767441860466,257,254,PlayingDhol/v_PlayingDhol_g13_c01.avi
2.6272155547576133,2.0055242480479394,16.0312195418814,0.26133720930232557,590.7720930232558,1077.5170679758812,0.15406976744186046,288,285,PlayingDhol/v_PlayingDhol_g13_c02.avi
1.5457670033599655,2.2665479359021194,16.52460286966074,0.5718023255813953,239.3674418604651,188.3993034610763,0.2633720930232558,265,262,PlayingDhol/v_PlayingDhol_g13_c03.avi
2.943834979151999,2.434212759088556,16.80773631397161,0.2861918604651163,282.90232558139536,205.231451291567,0.12034883720930233,261,258,PlayingDhol/v_PlayingDhol_g13_c04.avi
0.9388319764899009,2.2059672820059077,14.467636296230287,0.859156976744186,1003.3488372093024,1533.521966747998,0.17267441860465116,278,275,PlayingDhol/v_PlayingDhol_g13_c05.avi
2.041638596938075,3.856678295082463,33.37663853655727,0.5656976744186046,393.52558139534887,756.2668029555238,0.25116279069767444,265,262,PlayingDhol/v_PlayingDhol_g13_c06.avi
1.3800197435687336,2.047221199309245,16.496685273108657,0.6406976744186047,505.153488372093,964.8057279682731,0.1813953488372093,254,251,PlayingDhol/v_PlayingDhol_g13_c07.avi
1.4288180258595358,7.9853487202141995,218.13069476806788,0.6651162790697674,1225.4883720930231,1572.5475165238274,0.1877906976744186,277,274,PlayingDhol/v_PlayingDhol_g14_c01.avi
1.23112058035824,3.365738301624111,31.78049716414141,0.7853197674418605,1379.0883720930233,1648.5811536279764,0.23895348837209301,287,284,PlayingDhol/v_PlayingDhol_g14_c02.avi
1.3257252869168241,6.047345049782533,235.9364321167886,0.7229651162790698,1340.0186046511628,1665.0961281358313,0.23081395348837208,292,289,PlayingDhol/v_PlayingDhol_g14_c03.avi
0.7315375648038497,1.5814712975494414,13.25,0.8161337209302325,1570.5302325581395,1710.5442620235835,0.12558139534883722,295,292,PlayingDhol/v_PlayingDhol_g14_c04.avi
1.00023758807429,2.845424510817989,33.737960815674676,0.8152616279069768,1184.5209302325582,1516.0266391103282,0.18023255813953487,290,287,PlayingDhol/v_PlayingDhol_g14_c05.avi
1.3303811428603647,2.8287143538249855,73.20689858203255,0.6457848837209302,1108.0558139534883,1507.076589973978,0.20872093023255814,277,274,PlayingDhol/v_PlayingDhol_g14_c06.avi
1.1861827542894603,3.7696040864179703,93.6923155867118,0.7454941860465116,1230.0651162790698,1608.0192916353642,0.23372093023255813,289,286,PlayingDhol/v_PlayingDhol_g14_c07.avi
0.4511303486557617,6.910036202657635,280.00100446248405,0.9433139534883721,355.3488372093023,583.2010656401137,0.2941860465116279,200,197,PlayingDhol/v_PlayingDhol_g15_c01.avi
0.5724264260096691,1.5572225257810723,59.20304046246274,0.8081395348837209,248.85581395348837,261.13258265105844,0.4,208,205,PlayingDhol/v_PlayingDhol_g15_c02.avi
0.7241762304012161,2.582313787264721,72.44998274671983,0.8399709302325581,316.5023255813953,471.37645918486584,0.37790697674418605,188,185,PlayingDhol/v_PlayingDhol_g15_c03.avi
0.6578513988797634,1.493452879835333,17.141415489976318,0.7925872093023256,558.8465116279069,977.7819082813149,0.2552325581395349,187,184,PlayingDhol/v_PlayingDhol_g15_c04.avi
0.42471459704284226,1.0237859533173421,15.125516520106016,0.8597383720930233,203.31162790697675,170.88391436988204,0.3930232558139535,196,193,PlayingDhol/v_PlayingDhol_g16_c01.avi
0.6276807503846425,1.352768001222477,14.7648230602334,0.7854651162790698,169.26511627906976,162.09936499555826,0.5447674418604651,247,244,PlayingDhol/v_PlayingDhol_g16_c02.avi
0.37060072460406557,0.8583831418338604,18.0,0.8806686046511628,243.05116279069767,249.6591018765603,0.3930232558139535,210,207,PlayingDhol/v_PlayingDhol_g16_c03.avi
0.6435042880232908,1.4838133656613979,17.001838135919304,0.8155523255813953,174.62325581395348,147.8570095501752,0.4936046511627907,204,201,PlayingDhol/v_PlayingDhol_g16_c04.avi
0.4968076358971655,1.071661483727472,16.55294535724685,0.827906976744186,224.29767441860466,205.8505774272927,0.3674418604651163,208,205,PlayingDhol/v_PlayingDhol_g16_c05.avi
0.5287397783370941,1.1769648260444747,13.0,0.8213662790697674,184.0,139.1268452519766,0.4331395348837209,223,220,PlayingDhol/v_PlayingDhol_g16_c06.avi
0.49401784561398365,0.8222860808369395,9.055385138137417,0.7476744186046511,412.3906976744186,597.1527449854847,0.225,296,293,PlayingDhol/v_PlayingDhol_g17_c01.avi
0.5999713957408942,1.1453186854117015,12.041594578792296,0.8375,496.2232558139535,845.0067105381567,0.20930232558139536,298,295,PlayingDhol/v_PlayingDhol_g17_c02.avi
0.6571126807215231,1.05584667873321,9.055385138137417,0.7992732558139535,609.5255813953488,1037.0735472322335,0.27732558139534885,279,276,PlayingDhol/v_PlayingDhol_g17_c03.avi
0.5408517124056872,1.0134500868473293,11.294356998076518,0.8420058139534884,268.83720930232556,272.9975662411798,0.35174418604651164,306,303,PlayingDhol/v_PlayingDhol_g17_c04.avi
0.5912880671290849,0.8886595083698253,8.246211251235321,0.7527616279069768,267.6093023255814,262.28292181584646,0.32558139534883723,303,300,PlayingDhol/v_PlayingDhol_g17_c05.avi
0.6225238440671313,0.7767708465278267,10.198039027185569,0.7234011627906977,282.0093023255814,285.21205478123903,0.33662790697674416,303,300,PlayingDhol/v_PlayingDhol_g17_c06.avi
0.7990586233821353,1.6359543989130825,18.0,0.8484011627906977,287.92558139534884,264.5907309922015,0.25232558139534883,292,289,PlayingDhol/v_PlayingDhol_g17_c07.avi
0.31449436489833954,0.7044220907575159,17.26267650163207,0.9222383720930233,232.11162790697674,203.24508427855378,0.3267441860465116,175,172,PlayingDhol/v_PlayingDhol_g18_c01.avi
0.44876386189233913,0.7532382156304988,10.090218035305282,0.782703488372093,264.1488372093023,428.4230643108884,0.36686046511627907,183,180,PlayingDhol/v_PlayingDhol_g18_c02.avi
0.29003118439162395,0.58541837182871,10.816653826391969,0.8909883720930233,219.94418604651162,215.27785539701355,0.4087209302325581,200,197,PlayingDhol/v_PlayingDhol_g18_c03.avi
0.41387933230753293,0.9126029087579958,17.44276354251241,0.8726744186046511,233.56279069767442,420.1796454249317,0.45872093023255817,184,181,PlayingDhol/v_PlayingDhol_g18_c04.avi
0.48066176744054356,1.0144065200871648,14.84082207965583,0.8340116279069767,220.6139534883721,200.6556573549721,0.37267441860465117,177,174,PlayingDhol/v_PlayingDhol_g18_c05.avi
0.6160768107878497,1.4092130150495537,16.796577032240826,0.8399709302325581,183.7767441860465,174.67648879639435,0.4947674418604651,125,123,PlayingDhol/v_PlayingDhol_g18_c06.avi
1.8048349571617321,2.7876423977748876,19.18047509839107,0.5395348837209303,206.77209302325582,186.7905160751457,0.40755813953488373,295,292,PlayingDhol/v_PlayingDhol_g19_c01.avi
3.13285474874924,4.557637572278554,46.69047011971501,0.3870639534883721,173.06046511627906,119.1185888282548,0.45988372093023255,323,320,PlayingDhol/v_PlayingDhol_g19_c02.avi
2.715203483560821,5.433558003999783,202.5487595617411,0.36627906976744184,225.30232558139534,116.29544070803203,0.2063953488372093,261,258,PlayingDhol/v_PlayingDhol_g19_c03.avi
3.8158245757004408,6.37029224931145,76.25,0.44142441860465115,209.0046511627907,147.70692218744392,0.3261627906976744,301,298,PlayingDhol/v_PlayingDhol_g19_c04.avi
3.2534988951916697,6.4140119758608645,63.387695966961914,0.4254360465116279,216.70697674418605,140.41779088789522,0.27906976744186046,293,290,PlayingDhol/v_PlayingDhol_g19_c05.avi
2.13463534405607,9.39786684631855,313.3943203059047,0.6954941860465116,193.8232558139535,157.44644395787753,0.4145348837209302,306,303,PlayingDhol/v_PlayingDhol_g19_c06.avi
1.1587025083946292,2.268667068272048,32.31098884280702,0.7021802325581395,200.1860465116279,160.01384472280697,0.3883720930232558,267,264,PlayingDhol/v_PlayingDhol_g19_c07.avi
1.471631257921889,2.3862434722237578,21.18962010041709,0.64375,330.0093023255814,560.5640845940119,0.23546511627906977,189,186,PlayingDhol/v_PlayingDhol_g20_c01.avi
1.0642378241388213,1.8661890988468521,17.029386365926403,0.6921511627906977,399.3302325581395,834.5682174340867,0.31627906976744186,187,184,PlayingDhol/v_PlayingDhol_g20_c02.avi
1.1215575143859082,1.7783172263750295,15.132745950421556,0.6295058139534884,322.30697674418604,428.3470432794053,0.14767441860465116,211,208,PlayingDhol/v_PlayingDhol_g20_c03.avi
3.333154314624835,9.20166862574595,87.96590248499699,0.7811046511627907,617.1162790697674,1131.1657129705213,0.19127906976744186,143,141,PlayingDhol/v_PlayingDhol_g20_c04.avi
0.5215307414443253,2.656852472518663,43.79569042725551,0.8651162790697674,626.4930232558139,1087.6589234094738,0.261046511627907,248,245,PlayingDhol/v_PlayingDhol_g21_c01.avi
0.18904324887137333,0.5733690890390397,11.349559462816167,0.9142441860465116,557.8418604651163,970.2713085530199,0.17674418604651163,299,296,PlayingDhol/v_PlayingDhol_g21_c02.avi
0.3552558492508985,0.8975052452737828,10.677809934626108,0.8691860465116279,262.5860465116279,262.6611767254318,0.3470930232558139,289,286,PlayingDhol/v_PlayingDhol_g21_c03.avi
0.22907917653480495,0.6932817284524688,11.661903789690601,0.913953488372093,370.4186046511628,674.4540680331205,0.2761627906976744,265,262,PlayingDhol/v_PlayingDhol_g21_c04.avi
0.22641282906076954,0.630014364356878,14.311271781361711,0.8992732558139535,428.2418604651163,842.6863893559934,0.3191860465116279,268,265,PlayingDhol/v_PlayingDhol_g21_c05.avi
0.48614444468530654,1.3771054070085123,21.67515859226871,0.8575581395348837,296.4093023255814,457.874706033315,0.3825581395348837,303,300,PlayingDhol/v_PlayingDhol_g21_c06.avi
0.3318392246404027,0.8535394672530737,8.87852042853988,0.8688953488372093,404.13023255813954,681.4884269470293,0.23546511627906977,274,271,PlayingDhol/v_PlayingDhol_g21_c07.avi
1.847723541672717,2.095296898857626,18.439088914585774,0.5020348837209302,330.45581395348836,557.7450252255707,0.21686046511627907,251,248,PlayingDhol/v_PlayingDhol_g22_c01.avi
2.197077038749334,1.7423807651352354,21.037169486411425,0.2941860465116279,289.93488372093026,216.26748176008098,0.1186046511627907,252,249,PlayingDhol/v_PlayingDhol_g22_c02.avi
0.9159118481845059,1.2143648447566422,11.40175425099138,0.6350290697674419,649.7116279069768,1178.8553417792768,0.19127906976744186,253,250,PlayingDhol/v_PlayingDhol_g22_c03.avi
1.0520682177122846,1.4184859251789774,17.47319375500655,0.592296511627907,810.3441860465116,1385.5848476033714,0.24767441860465117,254,251,PlayingDhol/v_PlayingDhol_g22_c04.avi
3.3358814521801747,5.818327789762483,22.674324686746463,0.32558139534883723,595.0139534883721,1077.4041476993295,0.15058139534883722,255,252,PlayingDhol/v_PlayingDhol_g22_c05.avi
0.7823656638081539,0.8185664560368191,10.5,0.5241279069767442,282.6790697674419,411.1636173831529,0.21453488372093024,256,253,PlayingDhol/v_PlayingDhol_g22_c06.avi
1.401323397674176,1.2483313873217974,17.25,0.4752906976744186,304.89302325581394,412.27430775522015,0.13604651162790699,181,178,PlayingDhol/v_PlayingDhol_g22_c07.avi
0.27918404778591127,0.5974483496866229,7.379236071572721,0.8738372093023256,300.98604651162793,433.8583573286388,0.24941860465116278,296,293,PlayingDhol/v_PlayingDhol_g23_c01.avi
0.29320992750358715,0.653728860577314,16.090564005031023,0.8808139534883721,260.353488372093,256.93337417879565,0.34011627906976744,292,289,PlayingDhol/v_PlayingDhol_g23_c02.avi
0.11598430249387597,0.44462547098981636,8.139410298049853,0.973546511627907,224.29767441860466,206.88912825458112,0.3697674418604651,296,293,PlayingDhol/v_PlayingDhol_g23_c03.avi
0.19495147127888118,0.6466212296926407,12.36931687685298,0.9568313953488372,356.0186046511628,667.3151757902059,0.26744186046511625,292,289,PlayingDhol/v_PlayingDhol_g23_c04.avi
0.1846126158382578,0.6509250564898997,13.885694076998815,0.9643895348837209,219.72093023255815,204.09828065561092,0.3843023255813954,267,264,PlayingDhol/v_PlayingDhol_g23_c05.avi
0.10716771297460108,0.40800148097283434,8.772293029761375,0.9656976744186047,207.33023255813953,190.06348454071832,0.4116279069767442,253,250,PlayingDhol/v_PlayingDhol_g23_c06.avi
0.29712961918802383,0.6505635132329641,16.342046995404218,0.9457848837209303,299.646511627907,289.8587718253672,0.28430232558139534,203,200,PlayingDhol/v_PlayingDhol_g23_c07.avi
1.491392859644774,1.8249871002180291,28.775260641738765,0.3495639534883721,257.45116279069765,154.02511479307523,0.12267441860465116,268,265,PlayingDhol/v_PlayingDhol_g24_c01.avi
2.059872297882318,4.695362762998764,61.43950276491502,0.6218023255813954,214.25116279069766,178.86274375425162,0.3569767441860465,263,260,PlayingDhol/v_PlayingDhol_g24_c02.avi
1.4254969194463567,1.7950584859465484,12.649110640673518,0.5363372093023255,234.2325581395349,125.33060228930566,0.17848837209302326,251,248,PlayingDhol/v_PlayingDhol_g24_c03.avi
0.9354197504610416,1.6222602046827757,20.554804791094465,0.7106104651162791,229.09767441860464,134.75291684873778,0.21453488372093024,275,272,PlayingDhol/v_PlayingDhol_g24_c04.avi
0.905094382754615,1.2758622602550995,33.1058907144937,0.7247093023255814,252.09302325581396,187.15493071479557,0.2063953488372093,259,256,PlayingDhol/v_PlayingDhol_g24_c05.avi
1.023306551940415,1.6624091123608744,16.50189383070925,0.6203488372093023,450.45581395348836,834.5199297583446,0.19651162790697674,358,354,PlayingDhol/v_PlayingDhol_g25_c01.avi
0.6614617975500239,1.4425625257411163,13.152946437965905,0.8489825581395349,940.5023255813953,1513.9820062044564,0.2186046511627907,354,350,PlayingDhol/v_PlayingDhol_g25_c02.avi
1.0122440673226893,2.461476153682331,62.51399843235114,0.6373546511627907,269.6186046511628,549.908528231113,0.3941860465116279,366,362,PlayingDhol/v_PlayingDhol_g25_c03.avi
1.3176353522336248,2.413963184447881,15.757934509319425,0.671656976744186,338.71627906976744,654.3833088116406,0.22965116279069767,380,376,PlayingDhol/v_PlayingDhol_g25_c04.avi
0.5491686439448741,1.4879989915685128,18.13318780578859,0.8890988372093023,835.2372093023256,1379.697443918413,0.20872093023255814,403,399,PlayingDhol/v_PlayingDhol_g25_c05.avi
1.6095949344698268,2.3606646280907015,22.0,0.6151162790697674,545.1162790697674,963.0085901063982,0.1127906976744186,412,408,PlayingDhol/v_PlayingDhol_g25_c06.avi
0.8805914387519145,1.1007373308311141,12.206555615733702,0.6274709302325582,505.8232558139535,896.3852714140302,0.08488372093023255,370,366,PlayingDhol/v_PlayingDhol_g25_c07.avi
0.234688785252377,0.5510970563350728,11.510864433221338,0.948110465116279,232.11162790697674,248.76458770763557,0.4383720930232558,356,352,PlayingFlute/v_PlayingFlute_g08_c01.avi
0.08120324434347638,0.33214263948301614,4.5,0.9757267441860465,1114.9767441860465,1459.28535374176,0.07034883720930232,118,116,PlayingFlute/v_PlayingFlute_g08_c02.avi
2.3429116799789904,5.292348061055027,69.10182703807476,0.6869186046511628,355.3488372093023,669.1150310852605,0.28255813953488373,299,296,PlayingFlute/v_PlayingFlute_g08_c03.avi
3.4529370669108834,7.780374790466168,205.92231544929754,0.5031976744186046,453.13488372093025,766.8936650111857,0.19883720930232557,182,179,PlayingFlute/v_PlayingFlute_g08_c04.avi
0.2457073223625743,1.8644232707911705,127.0,0.9488372093023256,390.846511627907,492.2040885785211,0.2558139534883721,392,388,PlayingFlute/v_PlayingFlute_g08_c05.avi
2.7397946032716773,14.261645553351881,237.95167576632025,0.9446220930232558,1193.6744186046512,1579.998288502609,0.1186046511627907,161,159,PlayingFlute/v_PlayingFlute_g08_c06.avi
0.12362079474016842,0.4192789562433426,10.75,0.9668604651162791,306.7906976744186,298.76214060294313,0.2866279069767442,248,245,PlayingFlute/v_PlayingFlute_g08_c07.avi
0.14968792287455857,0.41094387279593725,5.938486760109852,0.9614825581395349,251.31162790697675,208.1217233381871,0.25465116279069766,396,392,PlayingFlute/v_PlayingFlute_g09_c01.avi
0.1670634691825697,0.4670623192416428,6.946221994724902,0.9537790697674419,301.9906976744186,275.03122851351407,0.2302325581395349,280,277,PlayingFlute/v_PlayingFlute_g09_c02.avi
0.44206089175116686,1.9862482690118997,23.25,0.94375,250.53023255813955,243.55047758627788,0.3447674418604651,142,140,PlayingFlute/v_PlayingFlute_g09_c03.avi
1.0983771606530788,3.2530605597494704,27.25917276807937,0.8398255813953488,156.31627906976743,139.6067982122823,0.575,244,241,PlayingFlute/v_PlayingFlute_g09_c04.avi
0.22075949145614956,0.7754319898705367,13.97821966489295,0.9319767441860465,241.8232558139535,187.34578506093314,0.2505813953488372,300,297,PlayingFlute/v_PlayingFlute_g09_c05.avi
0.28091854487535495,1.200955597014213,17.11724276862369,0.926889534883721,236.46511627906978,207.9270163590177,0.31802325581395346,344,340,PlayingFlute/v_PlayingFlute_g09_c06.avi
0.15354616247537684,0.5581608090683032,8.06225774829855,0.9414244186046512,281.1162790697674,251.25889634161385,0.24127906976744187,296,293,PlayingFlute/v_PlayingFlute_g09_c07.avi
0.8692055852480375,2.08131675921097,24.004231397818177,0.7949127906976744,172.39069767441862,124.46781934701686,0.4703488372093023,348,344,PlayingFlute/v_PlayingFlute_g10_c01.avi
0.7858626979149235,1.9465024905590596,19.912307751739878,0.8074127906976745,179.4232558139535,155.78889239625155,0.48255813953488375,223,220,PlayingFlute/v_PlayingFlute_g10_c02.avi
0.9604620939751828,7.25757694314424,198.79889335708083,0.8603197674418605,231.10697674418606,219.79733307240932,0.3691860465116279,375,371,PlayingFlute/v_PlayingFlute_g10_c03.avi
1.2690390571237413,3.6717196578398714,46.5,0.7857558139534884,169.15348837209302,172.35854914849872,0.563953488372093,286,283,PlayingFlute/v_PlayingFlute_g10_c04.avi
0.8607048570634024,2.4709073429468438,23.021728866442675,0.8338662790697674,199.29302325581395,195.2083268755654,0.4604651162790698,267,264,PlayingFlute/v_PlayingFlute_g10_c05.avi
0.7797078742923791,4.210530843488043,130.18832512940628,0.8789244186046512,204.9860465116279,167.9171301445979,0.37965116279069766,382,378,PlayingFlute/v_PlayingFlute_g10_c06.avi
0.24961755975310715,0.8960319269560276,11.5,0.9561046511627908,481.3767441860465,401.7574906826657,0.21220930232558138,314,311,PlayingFlute/v_PlayingFlute_g11_c01.avi
0.6568431550901942,1.4346938048926,11.861834807482357,0.8113372093023256,458.26976744186044,404.0994371840971,0.2651162790697674,261,258,PlayingFlute/v_PlayingFlute_g11_c02.avi
2.1012505167036117,4.7160259627019006,38.64340176537257,0.7049418604651163,424.89302325581394,402.4255097301333,0.32965116279069767,325,321,PlayingFlute/v_PlayingFlute_g11_c03.avi
0.6678137709700365,1.9102560992407536,20.75,0.8063953488372093,502.92093023255813,536.7714235965177,0.26976744186046514,309,306,PlayingFlute/v_PlayingFlute_g11_c04.avi
0.8153725285788394,1.4078116450758045,17.4928556845359,0.747093023255814,552.1488372093023,632.3150055309285,0.22034883720930232,351,347,PlayingFlute/v_PlayingFlute_g11_c05.avi
1.0284186837629399,2.1547458302568763,54.0,0.7024709302325581,578.8279069767442,639.2342243965082,0.24651162790697675,369,365,PlayingFlute/v_PlayingFlute_g11_c06.avi
3.456186925161139,8.47278289635934,165.46586694844348,0.6296511627906977,243.3860465116279,252.95955148802167,0.4005813953488372,126,124,PlayingFlute/v_PlayingFlute_g12_c01.avi
1.848163931012773,7.548442544760162,184.71599822430107,0.5771802325581395,305.89767441860465,265.01111647449204,0.1866279069767442,113,111,PlayingFlute/v_PlayingFlute_g12_c02.avi
2.186480020690107,2.75447262393066,15.572411502397436,0.6481104651162791,274.4186046511628,193.06707263950497,0.12732558139534883,219,216,PlayingFlute/v_PlayingFlute_g12_c03.avi
1.4567621847301349,1.9269800924062035,16.326741867255695,0.5938953488372093,313.2651162790698,267.3126197733709,0.16686046511627908,343,339,PlayingFlute/v_PlayingFlute_g12_c04.avi
0.7193092024753268,1.049272040435158,9.617692030835672,0.7828488372093023,314.49302325581397,299.8979651251551,0.2627906976744186,355,351,PlayingFlute/v_PlayingFlute_g12_c05.avi
0.09080934060175608,0.2984523319952916,5.408326913195984,0.9665697674418605,392.4093023255814,358.8950224268499,0.2313953488372093,152,150,PlayingFlute/v_PlayingFlute_g13_c01.avi
0.15355131953164386,0.5400837281420464,6.25,0.95,320.1860465116279,320.50187793332594,0.3122093023255814,184,181,PlayingFlute/v_PlayingFlute_g13_c02.avi
0.2777342978644083,1.0780711002268892,12.0,0.9135174418604651,350.8837209302326,334.1592162847153,0.2593023255813954,197,194,PlayingFlute/v_PlayingFlute_g13_c03.avi
0.21399663423692217,0.7384339209784094,9.086390922693123,0.9340116279069768,366.7348837209302,341.327694202562,0.2372093023255814,198,195,PlayingFlute/v_PlayingFlute_g13_c04.avi
0.1480507085625379,0.42475898524100425,5.385164807134504,0.946656976744186,364.0558139534884,339.79681569221634,0.23953488372093024,159,157,PlayingFlute/v_PlayingFlute_g13_c05.avi
2.199331731120719,3.0100797811613687,26.832815729997478,0.3488372093023256,222.51162790697674,203.26090143172712,0.3697674418604651,270,267,PlayingFlute/v_PlayingFlute_g14_c01.avi
5.40824641316926,10.890432510330253,61.814237842102365,0.34665697674418605,204.31627906976743,198.49661110133044,0.4436046511627907,152,150,PlayingFlute/v_PlayingFlute_g14_c02.avi
1.4033821533931798,2.6362197583635467,36.124783736376884,0.5809593023255814,393.74883720930234,841.5142454464723,0.3941860465116279,226,223,PlayingFlute/v_PlayingFlute_g14_c03.avi
2.7818877257961323,2.598124223730827,19.313207915827967,0.3504360465116279,203.53488372093022,170.82717348750657,0.3918604651162791,226,223,PlayingFlute/v_PlayingFlute_g14_c04.avi
2.1468885757798155,3.1342459996088405,31.89043743820395,0.4872093023255814,205.65581395348838,169.00918552486823,0.3784883720930233,256,253,PlayingFlute/v_PlayingFlute_g14_c05.avi
1.8665959397361074,2.635964644115721,17.0,0.4558139534883721,214.36279069767443,183.56023917549655,0.3656976744186046,177,174,PlayingFlute/v_PlayingFlute_g14_c06.avi
0.44362190339323465,0.9895654396986804,8.860022573334675,0.8671511627906977,504.8186046511628,422.33838480745976,0.2668604651162791,231,228,PlayingFlute/v_PlayingFlute_g15_c01.avi
0.4299851699967262,1.4651555221764965,43.04648650006177,0.889389534883721,540.3162790697675,419.76770150091824,0.20988372093023255,469,465,PlayingFlute/v_PlayingFlute_g15_c02.avi
0.5346449850482968,1.4740461594125829,74.63243262818116,0.820203488372093,539.646511627907,537.2074785834342,0.225,417,413,PlayingFlute/v_PlayingFlute_g15_c03.avi
0.41699495664274266,1.7446724134942275,100.12492197250393,0.865843023255814,564.7627906976744,538.8162861712467,0.21046511627906977,403,399,PlayingFlute/v_PlayingFlute_g15_c04.avi
0.36695822167578335,1.0439865363636163,43.83723445884788,0.8593023255813953,478.47441860465113,530.6353349032815,0.2738372093023256,330,326,PlayingFlute/v_PlayingFlute_g15_c05.avi
0.6137675798075759,2.085294433747669,25.942243542145693,0.9031976744186047,528.1488372093023,533.6280528399136,0.21744186046511627,387,383,PlayingFlute/v_PlayingFlute_g15_c06.avi
0.553846527336021,1.966082663794416,22.135943621178654,0.8940406976744186,491.7581395348837,427.6910176982848,0.3116279069767442,464,460,PlayingFlute/v_PlayingFlute_g15_c07.avi
0.5410526377314537,3.1150242748466774,158.3161394173064,0.8521802325581396,383.47906976744184,361.57097573250803,0.26627906976744187,309,306,PlayingFlute/v_PlayingFlute_g16_c01.avi
0.36008613862603894,1.5461581585522748,20.396078054371138,0.9093023255813953,360.5953488372093,353.5626242700044,0.30174418604651165,293,290,PlayingFlute/v_PlayingFlute_g16_c02.avi
0.3841426445885107,1.9939070341243692,48.023431780746364,0.9093023255813953,337.2651162790698,337.79305546149067,0.31627906976744186,342,338,PlayingFlute/v_PlayingFlute_g16_c03.avi
0.37637442899229856,1.3495095914113342,30.4138126514911,0.8991279069767442,329.89767441860465,330.0698851218619,0.3127906976744186,263,260,PlayingFlute/v_PlayingFlute_g16_c04.avi
0.3967045537076574,1.787119218460824,33.0,0.8872093023255814,299.646511627907,313.31070198160063,0.36104651162790696,248,245,PlayingFlute/v_PlayingFlute_g16_c05.avi
0.6614787221245192,1.4786829963890957,15.101738310538956,0.8386627906976745,356.353488372093,352.30444771983804,0.30988372093023253,498,493,PlayingFlute/v_PlayingFlute_g16_c06.avi
0.24506586772610583,0.5617840620685634,14.317821063276353,0.9098837209302325,619.6837209302325,782.5241759933438,0.14302325581395348,146,144,PlayingFlute/v_PlayingFlute_g17_c01.avi
0.1430727424306,0.3145128973695026,1.8027756377319946,0.954796511627907,409.2651162790698,480.4684917596821,0.14593023255813953,253,250,PlayingFlute/v_PlayingFlute_g17_c02.avi
0.07627826435119388,0.42364388455689195,15.054069217324598,0.9933139534883721,623.9255813953488,704.6618414111418,0.10930232558139535,280,277,PlayingFlute/v_PlayingFlute_g17_c03.avi
0.8539651351053396,2.8387721570773823,12.772039774444801,0.9190406976744186,569.1162790697674,784.5732719366099,0.18546511627906978,420,416,PlayingFlute/v_PlayingFlute_g17_c04.avi
0.13978794398756822,1.3523184197266587,106.82696288858914,0.9633720930232558,474.1209302325581,518.1387479431208,0.21046511627906977,234,231,PlayingFlute/v_PlayingFlute_g17_c05.avi
0.13511245352914653,0.32114776319086674,2.2638462845343543,0.9377906976744186,463.4046511627907,597.4593799381184,0.11511627906976744,205,202,PlayingFlute/v_PlayingFlute_g17_c06.avi
0.2119610998144222,0.64429785855422,15.25,0.9313953488372093,695.7023255813954,1032.5020163251604,0.2377906976744186,266,263,PlayingFlute/v_PlayingFlute_g17_c07.avi
0.24321028200810943,1.0300606750044643,18.0,0.9523255813953488,254.10232558139535,256.7963789214128,0.3656976744186046,105,103,PlayingFlute/v_PlayingFlute_g18_c01.avi
0.15491900353547383,0.7344397315977601,8.0,0.9674418604651163,232.0,158.22739009648168,0.23895348837209301,282,279,PlayingFlute/v_PlayingFlute_g18_c02.avi
0.2597408146045535,0.7542977082225066,16.1245154965971,0.9133720930232558,276.2046511627907,255.25275203262186,0.27151162790697675,235,232,PlayingFlute/v_PlayingFlute_g18_c03.avi
0.8077636165390901,1.9235077669393286,101.59878198088794,0.7414244186046511,261.8046511627907,420.40699989386707,0.3395348837209302,256,253,PlayingFlute/v_PlayingFlute_g18_c04.avi
1.2795819046945518,8.223650044738969,185.62596801094398,0.9129360465116279,171.05116279069767,181.92948336444144,0.5726744186046512,247,244,PlayingFlute/v_PlayingFlute_g18_c05.avi
0.6077501957282432,2.506105495404791,28.09025631780529,0.8879360465116279,581.2837209302326,638.6260167499252,0.24069767441860465,234,231,PlayingFlute/v_PlayingFlute_g19_c01.avi
1.279457776632294,5.914510993050396,83.40863264674707,0.8563953488372092,589.8790697674418,634.9008230765816,0.20988372093023255,225,222,PlayingFlute/v_PlayingFlute_g19_c02.avi
1.3860592803638951,4.322338185022853,20.0,0.9143895348837209,531.2744186046511,530.6509859413021,0.19651162790697674,292,289,PlayingFlute/v_PlayingFlute_g19_c03.avi
0.09352346070919326,0.33608553892901805,3.1622776601683795,0.9645348837209302,484.0558139534884,400.67096824174735,0.20290697674418604,403,399,PlayingFlute/v_PlayingFlute_g19_c04.avi
0.08064369082139888,0.37239410944184076,6.600189391222043,0.9616279069767442,484.83720930232556,384.1865420347049,0.1313953488372093,361,357,PlayingFlute/v_PlayingFlute_g19_c05.avi
0.33844920723264715,0.9978723319190882,43.32435804486894,0.8883720930232558,472.2232558139535,529.5022554521695,0.27848837209302324,381,377,PlayingFlute/v_PlayingFlute_g19_c06.avi
0.46375608995611506,0.7508693254957723,18.0,0.8652616279069767,526.1395348837209,415.5018026096598,0.2069767441860465,439,435,PlayingFlute/v_PlayingFlute_g19_c07.avi
0.14750518254027584,0.4030723633981717,3.010398644698074,0.9425872093023255,260.68837209302325,272.198099210169,0.3825581395348837,165,162,PlayingFlute/v_PlayingFlute_g20_c01.avi
0.1999994742766421,0.6892161004422591,16.86156872891725,0.9335755813953488,267.0511627906977,286.7059950801988,0.4005813953488372,203,200,PlayingFlute/v_PlayingFlute_g20_c02.avi
0.14126404895677144,0.47858903695352895,6.75,0.9542151162790697,324.98604651162793,324.7262529272678,0.31046511627906975,102,100,PlayingFlute/v_PlayingFlute_g20_c03.avi
0.11588863282458915,0.4370544482903928,8.035079339994098,0.9688953488372093,306.2325581395349,313.7260571581002,0.3383720930232558,118,116,PlayingFlute/v_PlayingFlute_g20_c04.avi
0.17678941244722635,0.43869236437983405,4.743416490252569,0.9440406976744186,327.3302325581395,571.9598601686415,0.31453488372093025,303,300,PlayingFlute/v_PlayingFlute_g21_c01.avi
0.039005688057175913,0.13189623153149427,1.75,0.9975290697674418,977.5627906976745,1507.147996471027,0.23488372093023255,350,346,PlayingFlute/v_PlayingFlute_g21_c02.avi
0.2382390329065435,0.7825227848690988,7.810249675906654,0.9412790697674419,330.45581395348836,677.4689397504974,0.4238372093023256,357,353,PlayingFlute/v_PlayingFlute_g21_c03.avi
0.08697863219932905,0.21118487770151442,2.38812164681785,0.9902616279069767,414.28837209302327,832.1957118899662,0.2569767441860465,461,457,PlayingFlute/v_PlayingFlute_g21_c04.avi
0.05727301336296163,0.15804681394962805,2.375,0.9962209302325581,217.15348837209302,208.97555142284568,0.4069767441860465,275,272,PlayingFlute/v_PlayingFlute_g21_c05.avi
0.07679543193058472,0.22124406641827166,3.2596012026013246,0.9844476744186047,391.9627906976744,754.1943235567577,0.23837209302325582,453,449,PlayingFlute/v_PlayingFlute_g21_c06.avi
0.42356531714032764,1.7130423565778423,82.45074287112276,0.8911337209302326,420.31627906976746,501.3643640596581,0.2302325581395349,226,223,PlayingFlute/v_PlayingFlute_g22_c01.avi
0.5545746709462612,1.7511528297200978,26.501179219046083,0.8486918604651162,395.9813953488372,500.5836961619598,0.2872093023255814,205,202,PlayingFlute/v_PlayingFlute_g22_c02.avi
0.5296798425516077,2.4886435817609263,28.858490951537988,0.9015988372093023,507.3860465116279,512.174529474582,0.12325581395348838,196,193,PlayingFlute/v_PlayingFlute_g22_c03.avi
0.3423964575951909,1.2600774175577687,18.764994004795206,0.8950581395348837,471.88837209302324,506.1111805464231,0.14767441860465116,193,190,PlayingFlute/v_PlayingFlute_g22_c04.avi
0.24116606124593468,0.9338014714973221,24.08318915758459,0.9299418604651163,496.89302325581394,697.7313554441492,0.16627906976744186,236,233,PlayingFlute/v_PlayingFlute_g22_c05.avi
0.6893536947334459,1.834239108685289,25.179356624028344,0.797093023255814,437.3953488372093,391.72926932191695,0.2552325581395349,351,347,PlayingFlute/v_PlayingFlute_g23_c01.avi
0.9539070923244243,3.9056934992129833,30.75406477199396,0.9002906976744186,444.53953488372093,521.155288262054,0.2854651162790698,307,304,PlayingFlute/v_PlayingFlute_g23_c02.avi
0.5763802976079099,2.9370903747646637,56.0357029044876,0.9177325581395349,437.1720930232558,386.933806204616,0.23546511627906977,271,268,PlayingFlute/v_PlayingFlute_g23_c03.avi
0.6542805112430075,1.492688621253736,31.622776601683793,0.8188953488372093,733.0976744186047,911.9777561262173,0.1872093023255814,257,254,PlayingFlute/v_PlayingFlute_g23_c04.avi
0.5484471996808918,2.310583763851173,41.012193308819754,0.8892441860465117,429.4697674418605,391.2427400529395,0.2709302325581395,269,266,PlayingFlute/v_PlayingFlute_g23_c05.avi
0.4900602288436033,1.5697008323914485,16.53027525481654,0.8940406976744186,437.84186046511627,393.59688162439204,0.2622093023255814,255,252,PlayingFlute/v_PlayingFlute_g23_c06.avi
0.3482156636204872,0.8693290762093862,7.5,0.9008720930232558,365.3953488372093,350.18441251584045,0.2744186046511628,116,114,PlayingFlute/v_PlayingFlute_g24_c01.avi
0.24410251491183418,0.5870105500803016,6.708203932499369,0.9316860465116279,393.86046511627904,361.52580926204195,0.2377906976744186,136,134,PlayingFlute/v_PlayingFlute_g24_c02.avi
0.23924119721103496,0.5760593009071912,8.200609733428363,0.8787790697674419,380.353488372093,350.88335791246107,0.23372093023255813,105,103,PlayingFlute/v_PlayingFlute_g24_c03.avi
0.28287026208464755,0.5075679476820905,7.566372975210778,0.923110465116279,366.846511627907,344.3859512495593,0.24825581395348836,130,128,PlayingFlute/v_PlayingFlute_g24_c04.avi
1.6312196926417546,2.3726825335853006,30.90029328339781,0.5668604651162791,240.70697674418605,224.23796060119005,0.3377906976744186,246,243,PlayingFlute/v_PlayingFlute_g24_c05.avi
0.4888075798493295,1.4560880232897626,78.23082832234361,0.8411337209302325,669.5813953488372,531.371994805117,0.14127906976744187,337,333,PlayingFlute/v_PlayingFlute_g25_c01.avi
0.7677384571623237,5.2838208351333575,153.0130713370593,0.857703488372093,715.0139534883721,522.4903468926462,0.11627906976744186,359,355,PlayingFlute/v_PlayingFlute_g25_c02.avi
0.827404577737016,2.93691996260959,83.22897632435473,0.8014534883720931,685.5441860465116,713.9574325472449,0.19069767441860466,329,325,PlayingFlute/v_PlayingFlute_g25_c03.avi
0.8755026653431309,2.5431154727107903,37.06097172228489,0.8075581395348838,708.5395348837209,526.0340488314575,0.1313953488372093,253,250,PlayingFlute/v_PlayingFlute_g25_c04.avi
0.6432565959102647,2.9119083332924767,93.53608929178085,0.8699127906976745,700.0558139534884,405.22861380082986,0.11046511627906977,476,472,PlayingFlute/v_PlayingFlute_g25_c05.avi
1.1983515058313399,3.657164862466889,44.01136216933077,0.7818313953488372,583.5162790697674,426.850345175979,0.2058139534883721,448,444,PlayingFlute/v_PlayingFlute_g25_c06.avi
0.7532903582345107,2.4172957068688836,30.504098085339287,0.7616279069767442,741.8046511627907,518.3509621659506,0.1186046511627907,268,265,PlayingFlute/v_PlayingFlute_g25_c07.avi
2.4302548055906157,5.941258206802977,50.80354318352215,0.588953488372093,325.4325581395349,566.4901927437502,0.2872093023255814,251,248,PlayingGuitar/v_PlayingGuitar_g08_c01.avi
1.6517541473700832,2.8991699090931315,19.79898987322333,0.622093023255814,304.11162790697676,445.518695981934,0.2936046511627907,251,248,PlayingGuitar/v_PlayingGuitar_g08_c02.avi
2.242601398660526,4.735815624757449,35.6931365951495,0.5986918604651162,271.51627906976745,422.52599035525566,0.30988372093023253,251,248,PlayingGuitar/v_PlayingGuitar_g08_c03.avi
1.52392370874217,4.402349296856435,95.524865872714,0.7013081395348837,339.0511627906977,574.7740766969523,0.2930232558139535,251,248,PlayingGuitar/v_PlayingGuitar_g08_c04.avi
1.7858624372255,4.6592068560588045,88.3911760301898,0.7168604651162791,320.74418604651163,574.2189880064296,0.3511627906976744,251,248,PlayingGuitar/v_PlayingGuitar_g08_c05.avi
1.8849876886412658,3.8660050106226236,30.25,0.6876453488372093,281.2279069767442,432.91202088398035,0.31976744186046513,251,248,PlayingGuitar/v_PlayingGuitar_g08_c06.avi
2.1409975666178362,4.49243906805664,30.01666203960727,0.6927325581395349,294.1767441860465,273.49511524672295,0.25465116279069766,251,248,PlayingGuitar/v_PlayingGuitar_g08_c07.avi
1.2358484739060354,2.287808060679313,19.0,0.6972383720930233,378.90232558139536,363.77133725534935,0.2877906976744186,251,248,PlayingGuitar/v_PlayingGuitar_g09_c01.avi
1.2443794686455543,4.960358885420529,91.0,0.6941860465116279,377.0046511627907,337.4425773396453,0.1930232558139535,251,248,PlayingGuitar/v_PlayingGuitar_g09_c02.avi
1.9370737869987318,3.204326080006102,20.284307358152507,0.6004360465116279,374.9953488372093,341.24788095669754,0.2127906976744186,251,248,PlayingGuitar/v_PlayingGuitar_g09_c03.avi
1.4878659134727528,3.205076798975967,34.0,0.6688953488372092,389.73023255813956,362.3943910539839,0.25232558139534883,251,248,PlayingGuitar/v_PlayingGuitar_g09_c04.avi
0.4929847885831227,1.1302106681834383,18.31154007722999,0.8505813953488373,220.39069767441862,203.9011066885503,0.3808139534883721,251,248,PlayingGuitar/v_PlayingGuitar_g10_c01.avi
0.3826910680371151,0.8189966337689335,11.939953936259553,0.8829941860465116,237.02325581395348,209.7743514563555,0.31976744186046513,251,248,PlayingGuitar/v_PlayingGuitar_g10_c02.avi
0.33484490375757153,0.7110140963610316,8.403868156985805,0.8896802325581395,516.3162790697675,968.2943106620905,0.20232558139534884,251,248,PlayingGuitar/v_PlayingGuitar_g10_c03.avi
0.5214550679942189,1.2882344868725553,21.961969970838226,0.8129360465116279,258.2325581395349,221.04580575594085,0.2558139534883721,251,248,PlayingGuitar/v_PlayingGuitar_g10_c04.avi
0.38851205909927045,1.181943073959061,33.83784863137726,0.8829941860465116,487.51627906976745,907.0235854809471,0.21744186046511627,251,248,PlayingGuitar/v_PlayingGuitar_g10_c05.avi
0.4689542798457594,1.094492745009971,19.924858845171276,0.8478197674418605,234.12093023255815,190.52447631092775,0.29069767441860467,251,248,PlayingGuitar/v_PlayingGuitar_g10_c06.avi
0.5586810847177602,1.168405538754151,16.46824596002865,0.786046511627907,278.3255813953488,411.9175646209647,0.23488372093023255,251,248,PlayingGuitar/v_PlayingGuitar_g10_c07.avi
0.6257016261842375,1.3320872055165405,16.959971255871867,0.8213662790697674,312.3720930232558,293.7739221931306,0.2505813953488372,251,248,PlayingGuitar/v_PlayingGuitar_g11_c01.avi
0.6721557295089936,1.266065333304411,16.5,0.7847383720930232,288.2604651162791,259.5198555288923,0.23662790697674418,251,248,PlayingGuitar/v_PlayingGuitar_g11_c02.avi
0.6511273875899198,1.2946801313730687,14.778574017813762,0.7859011627906977,276.87441860465117,239.3368707861061,0.22616279069767442,251,248,PlayingGuitar/v_PlayingGuitar_g11_c03.avi
0.6610549455652417,1.4624400268230489,14.250548235068011,0.7984011627906977,293.84186046511627,265.7119144929625,0.23313953488372094,251,248,PlayingGuitar/v_PlayingGuitar_g11_c04.avi
0.8119234007948957,1.5018387635711454,26.05882767892677,0.7504360465116279,286.47441860465113,271.6737750377585,0.27848837209302324,251,248,PlayingGuitar/v_PlayingGuitar_g11_c05.avi
1.3079749139699361,2.5339210620209234,27.51363298439521,0.7031976744186047,293.73023255813956,253.38295636124488,0.19883720930232557,251,248,PlayingGuitar/v_PlayingGuitar_g11_c06.avi
0.8253076604457911,2.007273878863189,45.79932450375224,0.7520348837209302,275.7581395348837,239.87876223893363,0.23197674418604652,251,248,PlayingGuitar/v_PlayingGuitar_g11_c07.avi
0.33192002396923626,0.8128710415843347,11.917686436553028,0.9020348837209302,199.29302325581395,174.3289131249462,0.4186046511627907,251,248,PlayingGuitar/v_PlayingGuitar_g12_c01.avi
0.29388791156934546,0.9681397125371668,13.489000148268959,0.9252906976744186,250.86511627906978,229.8397731926865,0.3081395348837209,251,248,PlayingGuitar/v_PlayingGuitar_g12_c02.avi
0.4425001508202204,1.12789672007067,16.313338101075452,0.8511627906976744,292.83720930232556,433.9598593714635,0.2802325581395349,251,248,PlayingGuitar/v_PlayingGuitar_g12_c03.avi
0.4973670632587562,1.1634530530131386,12.313610356024752,0.8518895348837209,248.85581395348837,223.06551889974364,0.3,251,248,PlayingGuitar/v_PlayingGuitar_g12_c04.avi
0.3601401149238423,0.8306491242007256,14.317821063276353,0.8847383720930233,255.66511627906976,222.16901054882138,0.2691860465116279,251,248,PlayingGuitar/v_PlayingGuitar_g12_c05.avi
0.302581549043986,0.6785795499399806,14.5134635769688,0.9039244186046511,276.7627906976744,265.6998385337545,0.2988372093023256,251,248,PlayingGuitar/v_PlayingGuitar_g12_c06.avi
0.4127989946533894,0.9243323656213949,15.64648522831885,0.867296511627907,264.0372093023256,262.0897742725926,0.3395348837209302,251,248,PlayingGuitar/v_PlayingGuitar_g12_c07.avi
3.1082917390719236,9.462440839251196,127.8006871069166,0.7348837209302326,201.07906976744187,157.0813691647407,0.37906976744186044,251,248,PlayingGuitar/v_PlayingGuitar_g13_c01.avi
2.8674056379992634,6.036107122555127,59.90826320300064,0.7011627906976744,220.05581395348838,180.59435889915815,0.33372093023255817,251,248,PlayingGuitar/v_PlayingGuitar_g13_c02.avi
0.9484763557633303,1.8798718627317317,18.523633552842703,0.7347383720930233,210.2325581395349,135.15277095978124,0.30116279069767443,251,248,PlayingGuitar/v_PlayingGuitar_g13_c03.avi
1.270534809675418,2.901310430949168,29.54472245596496,0.7190406976744186,672.2604651162791,1278.508872401395,0.33430232558139533,251,248,PlayingGuitar/v_PlayingGuitar_g13_c04.avi
1.2392213265930923,2.864789283759761,25.226783881422538,0.7486918604651163,284.13023255813954,551.110221337562,0.34418604651162793,251,248,PlayingGuitar/v_PlayingGuitar_g13_c05.avi
0.7349604606072535,1.257919787232642,16.027807866330317,0.73125,281.5627906976744,429.33780759918227,0.30174418604651165,251,248,PlayingGuitar/v_PlayingGuitar_g13_c06.avi
0.8630143899602801,2.5991461002629657,161.24515496597098,0.7574127906976744,344.29767441860463,660.0164513412551,0.2517441860465116,251,248,PlayingGuitar/v_PlayingGuitar_g13_c07.avi
0.4755783835282648,1.1660681834838962,20.863020514776856,0.8590116279069767,329.6744186046512,331.4803807677979,0.3186046511627907,251,248,PlayingGuitar/v_PlayingGuitar_g14_c01.avi
0.48438040823727635,2.1112247988705253,83.24061508662703,0.8784883720930232,365.1720930232558,364.11503825256347,0.32906976744186045,301,298,PlayingGuitar/v_PlayingGuitar_g14_c02.avi
0.4213292876881026,0.9117840651610363,15.383127932901033,0.8635174418604651,385.153488372093,360.53068078896814,0.2575581395348837,251,248,PlayingGuitar/v_PlayingGuitar_g14_c03.avi
0.4690727753105741,0.9192750245992604,17.46424919657298,0.8286337209302326,352.5581395348837,342.7099459964808,0.2854651162790698,251,248,PlayingGuitar/v_PlayingGuitar_g14_c04.avi
0.3798418753377066,0.9518830026622894,28.30635970943632,0.867296511627907,372.53953488372093,351.42734479483966,0.25813953488372093,251,248,PlayingGuitar/v_PlayingGuitar_g14_c05.avi
0.26227352781975244,0.8243359324930386,24.193232524819827,0.9082848837209302,378.0093023255814,357.7772984166323,0.2668604651162791,251,248,PlayingGuitar/v_PlayingGuitar_g14_c06.avi
0.30319662864024927,0.6275206744188172,14.125553086516648,0.9238372093023256,373.8790697674419,356.6742038632177,0.2744186046511628,251,248,PlayingGuitar/v_PlayingGuitar_g14_c07.avi
0.39977070648765844,0.7610656347536414,13.209844813622906,0.8895348837209303,240.48372093023255,158.20313249218782,0.20174418604651162,251,248,PlayingGuitar/v_PlayingGuitar_g15_c01.avi
0.4185231310764239,1.0287383960200216,16.25,0.9079941860465116,220.94883720930233,150.4901516859554,0.2755813953488372,251,248,PlayingGuitar/v_PlayingGuitar_g15_c02.avi
0.5729555810475674,1.1365590240844687,18.19512297292876,0.826453488372093,257.7860465116279,394.56674006236216,0.24186046511627907,251,248,PlayingGuitar/v_PlayingGuitar_g15_c03.avi
0.31208522250791715,0.6454064525843639,8.94427190999916,0.9324127906976745,239.14418604651163,191.8740203245355,0.27151162790697675,251,248,PlayingGuitar/v_PlayingGuitar_g15_c04.avi
0.38683035887570566,1.1982686799759872,21.540659228538015,0.9213662790697674,304.6697674418605,550.378607757142,0.2627906976744186,251,248,PlayingGuitar/v_PlayingGuitar_g15_c05.avi
0.22657411430868452,0.6560696866999958,10.735455276791944,0.9620639534883721,254.10232558139535,189.5753117676481,0.20290697674418604,251,248,PlayingGuitar/v_PlayingGuitar_g15_c06.avi
0.36957303360430377,0.9377328115645935,16.507574019219177,0.9193313953488372,220.27906976744185,132.60718798810046,0.25116279069767444,251,248,PlayingGuitar/v_PlayingGuitar_g15_c07.avi
0.8833953802141703,1.9664980089175597,26.16892240807787,0.754796511627907,292.3906976744186,279.77890923549194,0.2802325581395349,251,248,PlayingGuitar/v_PlayingGuitar_g16_c01.avi
1.191293441483274,3.2854304883366083,36.00086804509024,0.7502906976744186,300.87441860465117,275.60466807825014,0.23604651162790696,251,248,PlayingGuitar/v_PlayingGuitar_g16_c02.avi
1.4559777555768783,3.4049840638569755,27.663152387246107,0.7366279069767442,284.8,255.39323441713665,0.23837209302325582,251,248,PlayingGuitar/v_PlayingGuitar_g16_c03.avi
1.9208707768248627,4.373373785074037,56.0,0.6968023255813953,246.84651162790698,225.76219156225886,0.31511627906976747,251,248,PlayingGuitar/v_PlayingGuitar_g16_c04.avi
1.743454723996229,4.087631676415111,46.95742752749558,0.7555232558139535,293.73023255813956,264.9604477151907,0.2313953488372093,251,248,PlayingGuitar/v_PlayingGuitar_g16_c05.avi
2.561846923453276,4.933484156474847,34.125,0.7055232558139535,257.89767441860465,225.98713432032494,0.2691860465116279,251,248,PlayingGuitar/v_PlayingGuitar_g16_c06.avi
1.3282427687591063,2.225866693886734,16.830961053962426,0.6524709302325581,225.74883720930234,180.98457389241773,0.30872093023255814,251,248,PlayingGuitar/v_PlayingGuitar_g16_c07.avi
0.42926777651652165,1.0894994971280327,17.08800749063506,0.8757267441860465,425.33953488372094,388.02655275933796,0.2668604651162791,251,248,PlayingGuitar/v_PlayingGuitar_g17_c01.avi
0.4063670950148333,0.9734193336173962,11.600107758120181,0.8748546511627907,401.2279069767442,377.66674021293045,0.28313953488372096,251,248,PlayingGuitar/v_PlayingGuitar_g17_c02.avi
0.845009693724036,1.5371987102453126,17.46424919657298,0.725,415.6279069767442,367.48985262091276,0.2058139534883721,251,248,PlayingGuitar/v_PlayingGuitar_g17_c03.avi
0.43566770056174897,1.0132025784644478,13.243512562760682,0.852906976744186,440.63255813953486,393.79509470584594,0.2569767441860465,251,248,PlayingGuitar/v_PlayingGuitar_g17_c04.avi
1.1939072341398078,3.655774011988945,105.75916035975324,0.7601744186046512,473.7860465116279,526.9532354615918,0.261046511627907,251,248,PlayingGuitar/v_PlayingGuitar_g17_c05.avi
0.8596095575544198,1.9461558585728962,17.26267650163207,0.7828488372093023,435.3860465116279,396.94216647545824,0.2819767441860465,251,248,PlayingGuitar/v_PlayingGuitar_g17_c06.avi
0.6029091981692334,1.6242849077975758,21.592822881689184,0.8472383720930232,395.31162790697675,372.2809274386202,0.27674418604651163,251,248,PlayingGuitar/v_PlayingGuitar_g17_c07.avi
0.6698017664078257,1.357782579574944,15.696834872037101,0.7920058139534883,205.09767441860464,132.17347566365302,0.3209302325581395,251,248,PlayingGuitar/v_PlayingGuitar_g18_c01.avi
0.3194896422777245,0.8205866285706096,14.866068747318506,0.9200581395348837,413.84186046511627,763.2910585799932,0.2569767441860465,251,248,PlayingGuitar/v_PlayingGuitar_g18_c02.avi
0.38386270781282916,0.688517668604688,9.875,0.8786337209302325,280.33488372093024,412.89525609294213,0.2313953488372093,251,248,PlayingGuitar/v_PlayingGuitar_g18_c03.avi
0.5099264446185098,1.12728974152183,12.242982683970439,0.8308139534883721,323.2,564.485847145796,0.28255813953488373,251,248,PlayingGuitar/v_PlayingGuitar_g18_c04.avi
0.5160640373169973,1.2506357913071837,17.204650534085253,0.8662790697674418,203.646511627907,140.50574985973068,0.34011627906976744,251,248,PlayingGuitar/v_PlayingGuitar_g18_c05.avi
0.3810143540090403,1.3322817920851548,21.820288724029297,0.9212209302325581,223.40465116279069,172.1306669074241,0.3023255813953488,251,248,PlayingGuitar/v_PlayingGuitar_g18_c06.avi
0.3921463604725587,0.7973787635613273,8.420584896549645,0.8761627906976744,233.56279069767442,195.1835260672016,0.30290697674418604,251,248,PlayingGuitar/v_PlayingGuitar_g18_c07.avi
0.5895535410573689,1.2016951922857824,11.884864324004713,0.8046511627906977,464.1860465116279,774.0151809043648,0.23662790697674418,251,248,PlayingGuitar/v_PlayingGuitar_g19_c01.avi
0.46642875083399316,1.3011647488616975,15.890248582070704,0.8613372093023256,529.1534883720931,911.8145107546353,0.2052325581395349,251,248,PlayingGuitar/v_PlayingGuitar_g19_c02.avi
0.43304603913946554,1.4330990574656297,36.25797326106356,0.8534883720930233,442.0837209302326,676.2502168439605,0.10755813953488372,251,248,PlayingGuitar/v_PlayingGuitar_g19_c03.avi
0.5819641916507499,1.3845510976978384,13.45362404707371,0.8228197674418605,794.4930232558139,1261.2933187795122,0.22093023255813954,251,248,PlayingGuitar/v_PlayingGuitar_g19_c04.avi
0.6187542124439196,2.486192568938402,167.8485180155011,0.8236918604651163,515.9813953488372,917.738088810673,0.28081395348837207,251,248,PlayingGuitar/v_PlayingGuitar_g19_c05.avi
0.6360622378946434,1.599171027853739,15.532224567009067,0.8145348837209302,458.49302325581397,681.8603544528607,0.11511627906976744,251,248,PlayingGuitar/v_PlayingGuitar_g19_c06.avi
0.8056073343477607,2.5999426638963756,27.65863337187866,0.8386627906976745,919.8511627906977,1401.0807709353141,0.15406976744186046,251,248,PlayingGuitar/v_PlayingGuitar_g19_c07.avi
1.0985794359914445,2.9666206475663044,28.071337695236398,0.7930232558139535,328.0,566.8694940246952,0.28081395348837207,251,248,PlayingGuitar/v_PlayingGuitar_g20_c01.avi
1.0594013663760844,2.1475404981376753,17.558829687652874,0.7174418604651163,291.16279069767444,426.0001599646254,0.24941860465116278,251,248,PlayingGuitar/v_PlayingGuitar_g20_c02.avi
1.240802026703675,2.858885051721787,23.755262574848548,0.7353197674418605,362.9395348837209,671.6557195813159,0.2779069767441861,251,248,PlayingGuitar/v_PlayingGuitar_g20_c03.avi
1.156371751367066,2.4888628295696655,28.960371630902806,0.7536337209302325,298.4186046511628,432.7075510898164,0.2534883720930233,251,248,PlayingGuitar/v_PlayingGuitar_g20_c04.avi
1.2132951546686566,2.7734402020650846,30.4138126514911,0.7197674418604652,329.45116279069765,660.4229625591406,0.30348837209302326,251,248,PlayingGuitar/v_PlayingGuitar_g20_c05.avi
0.6387994332803509,1.3541964347521205,16.281220009569306,0.7882267441860465,386.6046511627907,761.4717127252281,0.3127906976744186,251,248,PlayingGuitar/v_PlayingGuitar_g20_c06.avi
1.022791603623602,2.462769689771942,32.38826948140329,0.7229651162790698,526.4744186046512,1031.914787380896,0.28430232558139534,251,248,PlayingGuitar/v_PlayingGuitar_g20_c07.avi
0.6107386371738047,1.4037242328390556,17.257244855422318,0.8274709302325581,219.83255813953488,186.5056140073178,0.34651162790697676,251,248,PlayingGuitar/v_PlayingGuitar_g21_c01.avi
0.4120228196727256,0.8775580886618922,8.110564098754168,0.859156976744186,318.6232558139535,575.9259984913313,0.3691860465116279,251,248,PlayingGuitar/v_PlayingGuitar_g21_c02.avi
0.3339374048994264,0.7734216387366035,9.210218509894323,0.8975290697674418,345.07906976744187,674.5747106582043,0.3546511627906977,251,248,PlayingGuitar/v_PlayingGuitar_g21_c03.avi
0.4918471148520805,0.9024486867304157,12.041594578792296,0.8165697674418605,209.45116279069768,183.78140753205116,0.38895348837209304,251,248,PlayingGuitar/v_PlayingGuitar_g21_c04.avi
0.6645081182065035,1.5227870667507102,11.600107758120181,0.811046511627907,387.16279069767444,768.8689648614358,0.37267441860465117,251,248,PlayingGuitar/v_PlayingGuitar_g21_c05.avi
0.5228034893465512,1.039781702219873,12.562344526401112,0.8,234.45581395348836,175.14952190724782,0.25872093023255816,251,248,PlayingGuitar/v_PlayingGuitar_g21_c06.avi
1.0532028856611657,2.30613569955771,15.649480822059243,0.7850290697674419,397.54418604651164,377.7316835953523,0.2930232558139535,251,248,PlayingGuitar/v_PlayingGuitar_g22_c01.avi
0.5462271415366977,1.4476781385023003,54.378304497290095,0.8482558139534884,523.3488372093024,795.0146666402239,0.32151162790697674,251,248,PlayingGuitar/v_PlayingGuitar_g22_c02.avi
0.6955245928368657,1.6609166898999426,19.321700882686287,0.8158430232558139,539.9813953488372,792.3567434913346,0.27906976744186046,251,248,PlayingGuitar/v_PlayingGuitar_g22_c03.avi
0.7521874082835053,1.9242585744632463,17.26267650163207,0.8204941860465116,361.3767441860465,358.5391061264556,0.3186046511627907,251,248,PlayingGuitar/v_PlayingGuitar_g22_c04.avi
0.5465569422574604,1.6839207789648174,18.58258593414813,0.8898255813953488,225.86046511627907,174.92132203396258,0.29651162790697677,251,248,PlayingGuitar/v_PlayingGuitar_g22_c05.avi
1.1546992926683266,2.262990365379836,33.212384738226795,0.6963662790697674,323.86976744186046,275.33371171529774,0.15348837209302327,251,248,PlayingGuitar/v_PlayingGuitar_g23_c01.avi
1.0332406274782024,2.181129348246173,31.5,0.6925872093023255,313.93488372093026,266.92748852818295,0.1633720930232558,251,248,PlayingGuitar/v_PlayingGuitar_g23_c02.avi
1.3705444026547087,3.1077987533339324,30.364452901377952,0.7056686046511628,285.24651162790695,250.08428286148427,0.22209302325581395,251,248,PlayingGuitar/v_PlayingGuitar_g23_c03.avi
1.0565117684772323,2.036208883816743,18.01735274672725,0.7193313953488372,326.66046511627906,280.6137974525021,0.15988372093023256,251,248,PlayingGuitar/v_PlayingGuitar_g23_c04.avi
0.8557202700330102,1.7098736958168848,23.369317491103587,0.7527616279069768,310.92093023255813,267.84408564141967,0.17674418604651163,251,248,PlayingGuitar/v_PlayingGuitar_g23_c05.avi
1.3661792900410528,2.4809217362244755,21.587033144922902,0.703343023255814,304.78139534883724,270.42055726849213,0.2063953488372093,251,248,PlayingGuitar/v_PlayingGuitar_g23_c06.avi
1.1889563687760394,2.5858462398995625,49.78076937934969,0.7318313953488372,280.89302325581394,242.69023743585953,0.2191860465116279,251,248,PlayingGuitar/v_PlayingGuitar_g23_c07.avi
1.5447470596726796,3.026160117581863,21.93171219946131,0.7242732558139535,509.1720930232558,963.8034939940579,0.16511627906976745,251,248,PlayingGuitar/v_PlayingGuitar_g24_c01.avi
1.1170488058556791,1.7114754678667345,22.909127547770126,0.5851744186046511,641.0046511627907,1179.3493338028209,0.19709302325581396,251,248,PlayingGuitar/v_PlayingGuitar_g24_c02.avi
1.4734184986024714,2.1613805979774248,27.414640249326634,0.5757267441860465,535.6279069767442,960.5214916728239,0.09709302325581395,251,248,PlayingGuitar/v_PlayingGuitar_g24_c03.avi
1.2220927124565468,1.49788065938105,15.282751715577925,0.5742732558139535,284.8,412.6078514397992,0.2127906976744186,251,248,PlayingGuitar/v_PlayingGuitar_g24_c04.avi
0.5189180770863117,1.1354802984629293,18.75,0.826889534883721,323.31162790697675,321.5974814847745,0.30523255813953487,251,248,PlayingGuitar/v_PlayingGuitar_g25_c01.avi
0.5365099666638227,1.4448434733568127,18.0,0.8622093023255814,356.9116279069767,347.08747855802653,0.28837209302325584,251,248,PlayingGuitar/v_PlayingGuitar_g25_c02.avi
1.0872070568530117,3.394405583298816,125.50024900373704,0.7716569767441861,354.1209302325581,340.5708535769193,0.27267441860465114,251,248,PlayingGuitar/v_PlayingGuitar_g25_c03.avi
0.6273627009486316,1.2504969137443,16.0,0.7640988372093023,314.6046511627907,324.5546601425208,0.34593023255813954,251,248,PlayingGuitar/v_PlayingGuitar_g25_c04.avi
1.0325457246874996,2.4956832896510566,42.5,0.7813953488372093,363.6093023255814,345.0697211747305,0.26046511627906976,251,248,PlayingGuitar/v_PlayingGuitar_g25_c05.avi
1.0622929848986562,6.640561932159475,235.0002992019372,0.7747093023255814,332.353488372093,320.8766272723704,0.27209302325581397,251,248,PlayingGuitar/v_PlayingGuitar_g25_c06.avi
0.8279388088302867,2.0534449693990164,30.0,0.7829941860465116,308.8,324.62637127971067,0.36686046511627907,251,248,PlayingGuitar/v_PlayingGuitar_g25_c07.avi
0.12249663931507952,0.48068339715281594,8.0,0.9731104651162791,345.19069767441863,326.3683692878436,0.24941860465116278,210,207,PlayingPiano/v_PlayingPiano_g08_c01.avi
0.14837469258413663,0.6083003968755363,6.73145600891813,0.9632267441860465,384.8186046511628,336.772422817169,0.1686046511627907,217,214,PlayingPiano/v_PlayingPiano_g08_c02.avi
0.11716788194141417,0.5350712208892578,13.594576124322524,0.9797965116279069,350.2139534883721,302.93732683732895,0.15348837209302327,210,207,PlayingPiano/v_PlayingPiano_g08_c03.avi
0.18589236342025878,0.5961611747068443,10.44030650891055,0.9700581395348837,467.0883720930233,377.5268191362269,0.13546511627906976,216,213,PlayingPiano/v_PlayingPiano_g08_c04.avi
0.5763036948993491,0.995403341438294,13.594576124322524,0.786046511627907,210.45581395348836,188.12187205444167,0.3930232558139535,211,208,PlayingPiano/v_PlayingPiano_g09_c01.avi
1.5458711472443107,6.397116210023684,103.0,0.8585755813953488,212.353488372093,198.69889730483365,0.4063953488372093,226,223,PlayingPiano/v_PlayingPiano_g09_c02.avi
0.7878501306346128,2.0977659815907708,32.54708128235157,0.8164244186046512,244.27906976744185,231.41127443151598,0.34011627906976744,226,223,PlayingPiano/v_PlayingPiano_g09_c03.avi
0.4640486321988703,1.2907554662446348,16.56804152578089,0.8905523255813953,330.0093023255814,302.92266248722706,0.2191860465116279,241,238,PlayingPiano/v_PlayingPiano_g09_c04.avi
0.2954856036119544,1.068273572269408,14.630874888399532,0.9114825581395349,293.50697674418603,299.9694227792023,0.3395348837209302,204,201,PlayingPiano/v_PlayingPiano_g10_c01.avi
0.21658407887339276,0.6790679019157694,9.49506450741647,0.9328488372093023,347.5348837209302,325.0270363593179,0.2372093023255814,218,215,PlayingPiano/v_PlayingPiano_g10_c02.avi
0.14545275765914428,0.4052827479112163,8.200609733428363,0.963953488372093,334.3627906976744,301.8612626212277,0.20116279069767443,218,215,PlayingPiano/v_PlayingPiano_g10_c03.avi
0.26174981522586627,1.2358881575057452,15.0,0.9515988372093023,353.33953488372094,326.89591696749017,0.2255813953488372,225,222,PlayingPiano/v_PlayingPiano_g10_c04.avi
0.2381591660691406,3.1158135843284738,237.9012400135821,0.9662790697674418,287.47906976744184,438.50641667927977,0.32209302325581396,212,209,PlayingPiano/v_PlayingPiano_g11_c01.avi
0.6240447207619871,2.2963256164849835,34.48187929913333,0.9066860465116279,265.3767441860465,247.23159732320033,0.2930232558139535,225,222,PlayingPiano/v_PlayingPiano_g11_c02.avi
0.4300802882388953,1.3415641242940148,17.827296486007068,0.8761627906976744,271.9627906976744,263.7252949066649,0.3122093023255814,212,209,PlayingPiano/v_PlayingPiano_g11_c03.avi
0.33108613295578765,1.2760049246644274,24.2706097986845,0.9260174418604651,417.30232558139534,682.930877188788,0.21337209302325583,225,222,PlayingPiano/v_PlayingPiano_g11_c04.avi
0.2076496477120659,0.3592189265296971,5.25,0.9781976744186046,257.7860465116279,213.35314276155015,0.23953488372093024,216,213,PlayingPiano/v_PlayingPiano_g12_c01.avi
0.2041784032558669,0.35009205931115006,8.602325267042627,0.9732558139534884,275.646511627907,415.26637645981384,0.26046511627906976,215,212,PlayingPiano/v_PlayingPiano_g12_c02.avi
0.30857393283308326,0.5539024529594796,5.830951894845301,0.9207848837209303,270.6232558139535,254.37252012363845,0.29127906976744183,222,219,PlayingPiano/v_PlayingPiano_g12_c03.avi
0.19775454728283795,0.4119966619938517,7.0178344238090995,0.9693313953488372,318.6232558139535,278.3893248731947,0.1808139534883721,215,212,PlayingPiano/v_PlayingPiano_g12_c04.avi
0.15620344320983193,0.6976318129166318,9.424038412485382,0.9802325581395349,359.92558139534884,322.91001561240165,0.19127906976744186,217,214,PlayingPiano/v_PlayingPiano_g13_c01.avi
0.16263705397012934,0.429011237806528,8.31038506929733,0.963953488372093,437.50697674418603,359.10550201748794,0.12209302325581395,216,213,PlayingPiano/v_PlayingPiano_g13_c02.avi
0.10641745019760404,0.3267552378316485,7.5,0.9734011627906977,349.3209302325581,298.5119751858663,0.14186046511627906,217,214,PlayingPiano/v_PlayingPiano_g13_c03.avi
0.08312463657945801,0.34559336153595177,7.615773105863909,0.9822674418604651,354.1209302325581,320.4689068530671,0.2005813953488372,216,213,PlayingPiano/v_PlayingPiano_g13_c04.avi
0.03001917293255326,0.1282127580250848,2.1578345627040085,0.9966569767441861,344.63255813953486,327.3398488030233,0.25465116279069766,218,215,PlayingPiano/v_PlayingPiano_g14_c01.avi
0.24537727317336072,0.8498385112852289,8.610495049647263,0.9348837209302325,323.9813953488372,326.5500561763092,0.32034883720930235,218,215,PlayingPiano/v_PlayingPiano_g14_c02.avi
0.022351410569119993,0.1163331013212168,1.5,0.9941860465116279,320.4093023255814,314.9931264026385,0.2924418604651163,210,207,PlayingPiano/v_PlayingPiano_g14_c03.avi
0.19901008848028945,0.6847761176764594,8.54400374531753,0.9332848837209302,367.8511627906977,492.43669047559285,0.32209302325581396,233,230,PlayingPiano/v_PlayingPiano_g14_c04.avi
0.20847155291836258,0.7803112409156924,10.770329614269007,0.9341569767441861,692.4651162790698,1085.53935471893,0.25,225,222,PlayingPiano/v_PlayingPiano_g15_c01.avi
0.4195649322601577,1.5181708768192665,19.003700297573626,0.8976744186046511,891.2744186046511,1332.4613189713593,0.24476744186046512,206,203,PlayingPiano/v_PlayingPiano_g15_c02.avi
0.20952689825724607,1.0685056864012534,19.81161275615895,0.940406976744186,810.3441860465116,1115.0936440605954,0.15,216,213,PlayingPiano/v_PlayingPiano_g15_c03.avi
0.1311906420187515,0.9254907404454115,25.30100047428955,0.9800872093023256,1185.0790697674418,1476.2498900707897,0.13313953488372093,235,232,PlayingPiano/v_PlayingPiano_g15_c04.avi
0.21792659236649095,1.001098963170205,9.529559276272959,0.9534883720930233,358.92093023255813,355.111444386151,0.3127906976744186,212,209,PlayingPiano/v_PlayingPiano_g16_c01.avi
0.14257132652566343,0.724300482798253,16.25,0.9571220930232558,378.7906976744186,508.75390670528054,0.37906976744186044,227,224,PlayingPiano/v_PlayingPiano_g16_c02.avi
0.18737374129621934,1.0276251488869776,18.681541692269406,0.9584302325581395,354.0093023255814,356.6185114434813,0.33372093023255817,227,224,PlayingPiano/v_PlayingPiano_g16_c03.avi
0.13975197896229702,0.8623531632261354,23.384022322945214,0.9684593023255814,377.45116279069765,365.8143081948043,0.3,242,239,PlayingPiano/v_PlayingPiano_g16_c04.avi
0.0878103425598824,1.187866035075516,46.75,0.9873546511627908,357.9162790697674,369.85192821554864,0.37383720930232556,241,238,PlayingPiano/v_PlayingPiano_g16_c05.avi
0.09923801844071194,0.4178129905309624,11.0,0.9683139534883721,383.70232558139537,348.1427998169129,0.21395348837209302,212,209,PlayingPiano/v_PlayingPiano_g16_c06.avi
0.13203439032611025,0.6317762494461433,15.182226450688976,0.9619186046511627,379.7953488372093,378.82898513493745,0.34593023255813954,227,224,PlayingPiano/v_PlayingPiano_g16_c07.avi
0.6533641490471082,2.5273194450360625,26.173698630495462,0.909156976744186,340.1674418604651,326.5532042700505,0.26627906976744187,226,223,PlayingPiano/v_PlayingPiano_g17_c01.avi
0.5916219891335364,1.8032836930158644,14.910147551248444,0.9001453488372093,359.47906976744184,332.9849612905158,0.22848837209302325,226,223,PlayingPiano/v_PlayingPiano_g17_c02.avi
0.23462759437681022,0.969420642333622,25.080495409780088,0.9319767441860465,321.6372093023256,557.6805107799984,0.24651162790697675,226,223,PlayingPiano/v_PlayingPiano_g17_c03.avi
0.17815088349610253,0.852049565364284,24.01041440708594,0.9540697674418605,241.48837209302326,211.14795563092096,0.30348837209302326,226,223,PlayingPiano/v_PlayingPiano_g17_c04.avi
0.8357083657567395,2.788538423966771,27.551372470350728,0.8857558139534883,277.54418604651164,280.2814476701204,0.33895348837209305,249,246,PlayingPiano/v_PlayingPiano_g17_c05.avi
0.33506458784271625,1.2653643607408473,22.6066914872566,0.9359011627906977,228.9860465116279,167.4298042171222,0.2686046511627907,226,223,PlayingPiano/v_PlayingPiano_g17_c06.avi
0.592260138141298,2.4032335563054565,29.963519486201882,0.9095930232558139,452.13023255813954,388.11389094157187,0.20872093023255814,216,213,PlayingPiano/v_PlayingPiano_g18_c01.avi
0.85322290800438,3.184078453841213,81.50345084718806,0.8515988372093023,351.553488372093,333.13298646918435,0.2534883720930233,216,213,PlayingPiano/v_PlayingPiano_g18_c02.avi
0.10019611141054759,0.4282783121515353,6.847672962401169,0.9542151162790697,254.43720930232558,205.6828321777905,0.23604651162790696,243,240,PlayingPiano/v_PlayingPiano_g18_c03.avi
0.7068492285918774,2.5145314187687364,25.0,0.8406976744186047,240.93023255813952,247.7730953118418,0.39709302325581397,244,241,PlayingPiano/v_PlayingPiano_g18_c04.avi
0.0944358245833697,0.40663882112903643,9.513148795220223,0.9781976744186046,244.8372093023256,213.87161224071923,0.29534883720930233,215,212,PlayingPiano/v_PlayingPiano_g19_c01.avi
0.5364345625071395,1.2001124305867916,15.231546211727817,0.8242732558139535,349.65581395348835,664.3295432246572,0.26569767441860465,227,224,PlayingPiano/v_PlayingPiano_g19_c02.avi
0.4270836855287469,1.0462358373926586,16.5,0.8895348837209303,348.53953488372093,460.4333722673217,0.21569767441860466,202,199,PlayingPiano/v_PlayingPiano_g19_c03.avi
0.48012989845546894,0.9543499747781948,13.08147545195113,0.8193313953488373,316.1674418604651,454.3571076428198,0.2936046511627907,227,224,PlayingPiano/v_PlayingPiano_g19_c04.avi
0.9806785940990956,2.0939267020584227,22.150056433336687,0.8029069767441861,217.71162790697673,166.5730389548448,0.31802325581395346,220,217,PlayingPiano/v_PlayingPiano_g20_c01.avi
1.1944467089361144,4.9483981418943594,118.13683803115775,0.8318313953488372,216.93023255813952,173.14564313650868,0.33372093023255817,220,217,PlayingPiano/v_PlayingPiano_g20_c02.avi
0.35830522164727924,0.9347847787217275,22.51249652970545,0.8848837209302326,293.73023255813956,286.71636055791066,0.29651162790697677,220,217,PlayingPiano/v_PlayingPiano_g20_c03.avi
0.4405270912675555,1.738664157101866,46.75818778567022,0.9164244186046512,333.24651162790695,298.22197082572586,0.1930232558139535,220,217,PlayingPiano/v_PlayingPiano_g20_c04.avi
1.5256150232714123,5.550135827471688,41.21380988212567,0.8561046511627907,297.19069767441863,254.91177845911255,0.19011627906976744,218,215,PlayingPiano/v_PlayingPiano_g21_c01.avi
0.7342435647856941,2.864531819814151,45.0,0.8869186046511628,278.4372093023256,271.3517831954948,0.30872093023255814,205,202,PlayingPiano/v_PlayingPiano_g21_c02.avi
0.46341971302745705,0.9756631988405299,9.778803607803972,0.8194767441860465,331.68372093023254,291.13611052439194,0.1755813953488372,232,229,PlayingPiano/v_PlayingPiano_g21_c03.avi
0.09271392290682909,0.4038138771693902,9.778803607803972,0.9808139534883721,291.4976744186047,434.3676384624307,0.2872093023255814,218,215,PlayingPiano/v_PlayingPiano_g21_c04.avi
0.2822656241688654,1.216233608950381,15.75,0.9356104651162791,479.5906976744186,844.3589118416941,0.23081395348837208,220,217,PlayingPiano/v_PlayingPiano_g22_c01.avi
0.1805110507802762,0.7459138137365098,15.652475842498529,0.9468023255813953,473.1162790697674,845.5147107023399,0.25290697674418605,233,230,PlayingPiano/v_PlayingPiano_g22_c02.avi
0.21747123369911228,1.0743732344095844,21.49563909261597,0.9508720930232558,476.68837209302325,846.7183220183298,0.2575581395348837,214,211,PlayingPiano/v_PlayingPiano_g22_c03.avi
0.2300431015689528,1.1240895268811077,22.47220505424423,0.9469476744186046,447.3302325581395,846.3053700163733,0.31046511627906975,227,224,PlayingPiano/v_PlayingPiano_g22_c04.avi
0.289100897896051,0.8476390102903062,14.5134635769688,0.9257267441860465,357.5813953488372,341.7254598159539,0.26627906976744187,221,218,PlayingPiano/v_PlayingPiano_g23_c01.avi
0.16899143621253343,0.45825037095567234,7.615773105863909,0.9575581395348837,442.9767441860465,369.6042816859167,0.15174418604651163,214,211,PlayingPiano/v_PlayingPiano_g23_c02.avi
0.07549501552066346,0.35896999840324795,8.631338250816034,0.9844476744186047,504.0372093023256,504.3318199974888,0.08488372093023255,215,212,PlayingPiano/v_PlayingPiano_g23_c03.avi
0.6378195247014163,1.6174163178767789,22.80350850198276,0.8328488372093024,339.3860465116279,320.36141623891365,0.24709302325581395,249,246,PlayingPiano/v_PlayingPiano_g23_c04.avi
0.274851582211578,1.2058111752318152,16.993105219470632,0.9444767441860465,504.2604651162791,772.4565989582859,0.1558139534883721,233,230,PlayingPiano/v_PlayingPiano_g24_c01.avi
1.3473484308428452,11.555623058959648,191.12822920751398,0.8771802325581395,261.4697674418605,256.4945763376754,0.33430232558139533,206,203,PlayingPiano/v_PlayingPiano_g24_c02.avi
0.5097460741469727,1.8157585136418,19.79977903917112,0.9023255813953488,431.0325581395349,605.4351914391754,0.23488372093023255,219,216,PlayingPiano/v_PlayingPiano_g24_c03.avi
0.5466243129188529,2.1734757063598518,23.928278249803096,0.90625,323.0883720930233,461.30668465420297,0.3040697674418605,207,204,PlayingPiano/v_PlayingPiano_g24_c04.avi
0.7233694700832366,1.631329678179268,16.711242473257336,0.8175872093023255,423.4418604651163,500.15780311332077,0.21627906976744185,204,201,PlayingPiano/v_PlayingPiano_g25_c01.avi
0.34990255880382176,0.7873566994458772,8.162413858657255,0.8966569767441861,375.553488372093,348.9731723871777,0.24011627906976743,207,204,PlayingPiano/v_PlayingPiano_g25_c02.avi
0.22160241070986456,0.8379212010414736,15.524174696260024,0.9649709302325581,490.1953488372093,381.84309327961324,0.1127906976744186,217,214,PlayingPiano/v_PlayingPiano_g25_c03.avi
0.45920948621855023,1.419896836278563,21.0,0.885610465116279,445.7674418604651,609.6192039492263,0.2302325581395349,205,202,PlayingPiano/v_PlayingPiano_g25_c04.avi
2.2000804083458427,4.113350250677522,28.653097563788805,0.6283430232558139,222.62325581395348,155.41872150436328,0.2761627906976744,356,352,PlayingSitar/v_PlayingSitar_g08_c01.avi
1.4772978199984381,1.8659573223387207,11.297123527695003,0.6377906976744186,302.3255813953488,400.52452358969856,0.0936046511627907,492,487,PlayingSitar/v_PlayingSitar_g08_c02.avi
1.6790183845660538,1.806562097978686,19.60229578391266,0.4565406976744186,245.28372093023256,102.54613693410478,0.10232558139534884,570,565,PlayingSitar/v_PlayingSitar_g08_c03.avi
1.576157552713721,2.6250688127437294,24.397745797511703,0.6985465116279069,215.92558139534884,157.9524628120211,0.311046511627907,560,555,PlayingSitar/v_PlayingSitar_g08_c04.avi
0.8745821475768082,0.8483173424528211,16.779824194549835,0.5896802325581395,235.46046511627907,149.60738406651433,0.20930232558139536,536,531,PlayingSitar/v_PlayingSitar_g08_c05.avi
1.1852145597241346,0.9389907262831899,7.762087348130012,0.37238372093023253,257.6744186046512,179.5917490374666,0.1680232558139535,599,594,PlayingSitar/v_PlayingSitar_g08_c06.avi
1.094631054935208,1.4933050888247201,21.588480724682782,0.5677325581395349,228.09302325581396,163.9182742985036,0.26627906976744187,642,637,PlayingSitar/v_PlayingSitar_g08_c07.avi
0.8488831771153207,1.435276371879142,16.0,0.8191860465116279,436.1674418604651,832.1763061523459,0.2058139534883721,151,149,PlayingSitar/v_PlayingSitar_g09_c01.avi
0.36129989033850024,0.7433826885623437,14.5,0.859593023255814,606.6232558139535,1079.8129219619068,0.17383720930232557,151,149,PlayingSitar/v_PlayingSitar_g09_c02.avi
0.3597128911801049,0.6653038823211846,12.727922061357855,0.8396802325581395,513.413953488372,1033.9760110530647,0.3244186046511628,155,153,PlayingSitar/v_PlayingSitar_g09_c03.avi
0.17510027302699507,0.40839033201242725,12.206555615733702,0.9722383720930232,676.3906976744186,1280.7011146359428,0.36627906976744184,157,155,PlayingSitar/v_PlayingSitar_g09_c04.avi
0.3815157191892836,0.6002523302211349,9.12414379544733,0.8443313953488372,253.65581395348838,220.12159990620574,0.27267441860465114,155,153,PlayingSitar/v_PlayingSitar_g09_c05.avi
0.39164005108979727,1.146201691446756,16.0312195418814,0.9082848837209302,253.65581395348838,216.19184557726712,0.2633720930232558,149,147,PlayingSitar/v_PlayingSitar_g09_c06.avi
0.5700518270371305,0.7373617446979162,5.5,0.7933139534883721,1161.9720930232559,1588.59581674781,0.08139534883720931,129,127,PlayingSitar/v_PlayingSitar_g09_c07.avi
0.06255086061223623,0.2546720037948835,4.0,0.982703488372093,245.3953488372093,176.27227083900286,0.21337209302325583,375,371,PlayingSitar/v_PlayingSitar_g10_c01.avi
0.06336737722379661,0.29574612592215493,11.40175425099138,0.9872093023255814,296.74418604651163,418.1351785995493,0.19244186046511627,415,411,PlayingSitar/v_PlayingSitar_g10_c02.avi
0.08219429634319071,0.3202464341845981,4.0,0.9690406976744186,265.04186046511626,216.9065238948948,0.2180232558139535,391,387,PlayingSitar/v_PlayingSitar_g10_c03.avi
0.08871989625802923,0.41210049478089955,13.0,0.9813953488372092,258.7906976744186,186.02632448618348,0.17616279069767443,400,396,PlayingSitar/v_PlayingSitar_g10_c04.avi
0.08953003809102866,0.5204213557695792,9.604686356149273,0.9813953488372092,331.01395348837207,435.90055916426485,0.15348837209302327,391,387,PlayingSitar/v_PlayingSitar_g10_c05.avi
0.1037614738581069,0.5252921728548416,14.0,0.9686046511627907,267.3860465116279,209.710664001614,0.19186046511627908,431,427,PlayingSitar/v_PlayingSitar_g10_c06.avi
0.09812998667632097,0.6321016249706106,11.313708498984761,0.9799418604651163,298.30697674418604,423.7345798225247,0.21220930232558138,474,470,PlayingSitar/v_PlayingSitar_g10_c07.avi
1.1590384477461784,1.4350643446054108,55.362442142665635,0.5088662790697674,222.28837209302327,148.504390678654,0.26627906976744187,258,255,PlayingSitar/v_PlayingSitar_g11_c01.avi
0.9686834375865081,1.3580280045945397,12.005857945186591,0.6486918604651163,315.0511627906977,441.3451659663939,0.23430232558139535,402,398,PlayingSitar/v_PlayingSitar_g11_c02.avi
0.7937940444387783,1.6747312537481855,37.25754957052329,0.8103197674418605,298.9767441860465,544.8079451821401,0.2505813953488372,399,395,PlayingSitar/v_PlayingSitar_g11_c03.avi
2.5533204300722376,4.794650311076255,54.20332093147061,0.5896802325581395,213.8046511627907,197.22714794201994,0.39651162790697675,424,420,PlayingSitar/v_PlayingSitar_g11_c04.avi
2.2982715716805417,4.467315280269382,39.311655396332526,0.751453488372093,300.2046511627907,561.1638694271574,0.34418604651162793,426,422,PlayingSitar/v_PlayingSitar_g11_c05.avi
0.9347757264112283,1.7240496336467455,16.1245154965971,0.6943313953488373,443.31162790697675,901.8081117011026,0.25,437,433,PlayingSitar/v_PlayingSitar_g11_c06.avi
1.0741610786135427,1.668416730638815,14.981759743100941,0.6620639534883721,279.88837209302324,394.98812063932644,0.15465116279069768,452,448,PlayingSitar/v_PlayingSitar_g11_c07.avi
0.7739155563690022,1.1265779576885004,17.511157157652374,0.7761627906976745,296.74418604651163,220.9379680408324,0.10406976744186046,154,152,PlayingSitar/v_PlayingSitar_g12_c01.avi
1.1896438970576755,1.09943391714298,10.201102881551583,0.49026162790697675,261.4697674418605,195.84635118387817,0.18546511627906978,190,187,PlayingSitar/v_PlayingSitar_g12_c02.avi
0.41625456964849766,0.6070771241780013,15.264337522473747,0.8420058139534884,247.62790697674419,165.09518371629417,0.18313953488372092,157,155,PlayingSitar/v_PlayingSitar_g12_c03.avi
0.9810391663897267,1.107740020685339,15.900078616157845,0.6200581395348838,329.45116279069765,319.7487039245642,0.2779069767441861,166,163,PlayingSitar/v_PlayingSitar_g12_c04.avi
0.023411132530350303,0.12194363860300134,2.5124689052802225,0.9978197674418605,383.8139534883721,495.4415111474722,0.2924418604651163,475,471,PlayingSitar/v_PlayingSitar_g13_c01.avi
0.08393262847220441,0.28219352316678314,7.211102550927978,0.9896802325581395,289.93488372093026,292.8803159667792,0.3302325581395349,436,432,PlayingSitar/v_PlayingSitar_g13_c02.avi
0.03408932986146369,0.17479556082401626,4.138236339311712,0.9954941860465116,403.01395348837207,397.0231494518286,0.3598837209302326,295,292,PlayingSitar/v_PlayingSitar_g13_c03.avi
0.03346685738705226,0.17329178321851652,2.7613402542968153,0.9912790697674418,368.52093023255816,355.63915378014866,0.28604651162790695,271,268,PlayingSitar/v_PlayingSitar_g13_c04.avi
0.44458953487295405,1.2780220370429836,18.359261967737158,0.8690406976744186,228.53953488372093,248.05027072971717,0.45232558139534884,465,461,PlayingSitar/v_PlayingSitar_g14_c01.avi
0.47701108038123435,0.9604669522700039,13.193274801958761,0.8390988372093023,249.86046511627907,236.66103533597433,0.32965116279069767,421,417,PlayingSitar/v_PlayingSitar_g14_c02.avi
0.5067946271369823,0.9762624382546671,16.0312195418814,0.8168604651162791,235.34883720930233,230.7858046217899,0.37732558139534883,486,481,PlayingSitar/v_PlayingSitar_g14_c03.avi
0.3335947471144653,1.029141153668621,18.110770276274835,0.8959302325581395,239.47906976744187,238.55633292899608,0.37906976744186044,465,461,PlayingSitar/v_PlayingSitar_g14_c04.avi
0.1042219567919316,0.27660960678451496,4.123105625617661,0.9781976744186046,431.36744186046514,840.9208075207575,0.29593023255813955,461,457,PlayingSitar/v_PlayingSitar_g14_c05.avi
0.4705757916225329,1.2410232224774689,28.74456470360962,0.8607558139534883,217.0418604651163,232.316930909558,0.4633720930232558,488,483,PlayingSitar/v_PlayingSitar_g14_c06.avi
0.4931832185209541,0.9786326653233671,15.0,0.8338662790697674,255.33023255813953,274.9013485081036,0.4127906976744186,486,481,PlayingSitar/v_PlayingSitar_g14_c07.avi
1.9483002655298696,3.5310544146970257,28.242255575644094,0.5994186046511628,269.1720930232558,207.7573789869477,0.18023255813953487,97,95,PlayingSitar/v_PlayingSitar_g15_c01.avi
1.508286466104047,2.260774265421168,19.756328100130347,0.6924418604651162,256.78139534883724,241.13465046290412,0.3122093023255814,104,102,PlayingSitar/v_PlayingSitar_g15_c02.avi
1.7402730231531371,3.311438433070916,39.250796170268956,0.571656976744186,254.88372093023256,248.8751633737168,0.34069767441860466,102,100,PlayingSitar/v_PlayingSitar_g15_c03.avi
1.197249729909897,1.5156263237590513,14.534441853748634,0.6561046511627907,308.2418604651163,236.27216690154725,0.1,101,99,PlayingSitar/v_PlayingSitar_g15_c04.avi
0.5724664516217385,0.7947357592491001,10.965856099730654,0.7020348837209303,727.6279069767442,1269.8486454995393,0.2505813953488372,442,438,PlayingSitar/v_PlayingSitar_g16_c01.avi
2.269405840281099,4.742933532991698,163.00306745579974,0.6661337209302326,312.93023255813955,550.4817930093872,0.23372093023255813,414,410,PlayingSitar/v_PlayingSitar_g16_c02.avi
1.2538545507830527,3.668115612746525,119.7627863737313,0.6835755813953488,624.706976744186,1189.6551709488251,0.3308139534883721,359,355,PlayingSitar/v_PlayingSitar_g16_c03.avi
1.0395926990203992,2.721372886057525,27.908891952207632,0.7991279069767442,369.9720930232558,672.365556138672,0.2622093023255814,414,410,PlayingSitar/v_PlayingSitar_g16_c04.avi
0.8209223521204841,4.086396734570962,269.92035862453946,0.7460755813953488,215.14418604651163,257.2669460618005,0.5383720930232558,427,423,PlayingSitar/v_PlayingSitar_g16_c05.avi
0.49379809786595974,1.5935276045097737,17.029386365926403,0.8712209302325581,1058.827906976744,1597.9288115129098,0.3116279069767442,442,438,PlayingSitar/v_PlayingSitar_g16_c06.avi
0.627556008509989,1.2435848247535948,44.38609016347351,0.7392441860465117,1489.2651162790698,1786.7103510503791,0.19069767441860466,468,464,PlayingSitar/v_PlayingSitar_g16_c07.avi
1.0998525528411824,1.3257717892983814,10.816653826391969,0.6343023255813953,277.4325581395349,235.4501159046273,0.21395348837209302,431,427,PlayingSitar/v_PlayingSitar_g17_c01.avi
0.42120121031251206,0.46711348640482964,6.62971530308806,0.9098837209302325,274.5302325581395,218.02973504791086,0.18255813953488373,449,445,PlayingSitar/v_PlayingSitar_g17_c02.avi
0.41111327573020323,0.5004919007206676,4.301162633521313,0.9021802325581395,223.73953488372092,154.96426315637302,0.2703488372093023,430,426,PlayingSitar/v_PlayingSitar_g17_c03.avi
1.6065140512409957,1.2311880789397625,11.543396380615196,0.3627906976744186,284.353488372093,249.67257754147403,0.22441860465116278,405,401,PlayingSitar/v_PlayingSitar_g17_c04.avi
0.20512058998977398,0.4936340185694167,14.758472143145442,0.9520348837209303,588.6511627906976,1086.2835058385024,0.25813953488372093,466,462,PlayingSitar/v_PlayingSitar_g17_c05.avi
0.21053726124607686,0.35304364292142937,3.625,0.9626453488372093,612.0930232558139,1127.3042513304047,0.14534883720930233,454,450,PlayingSitar/v_PlayingSitar_g17_c06.avi
0.5801181562044139,0.9018865420471203,13.341664064126334,0.6924418604651162,303.7767441860465,551.3905182764877,0.27209302325581397,464,460,PlayingSitar/v_PlayingSitar_g17_c07.avi
0.4032501589715212,0.9376795620994295,11.104616157256405,0.8356104651162791,267.6093023255814,240.09873144958365,0.2651162790697674,425,421,PlayingSitar/v_PlayingSitar_g18_c01.avi
0.5228143018549783,2.1493238649434447,109.63576058932597,0.8681686046511627,207.2186046511628,190.09124768006714,0.4122093023255814,488,483,PlayingSitar/v_PlayingSitar_g18_c02.avi
0.056252888765709864,0.32140882962564454,7.754031209635412,0.9869186046511628,317.6186046511628,563.7933842454904,0.29767441860465116,462,458,PlayingSitar/v_PlayingSitar_g18_c03.avi
0.27411065691083314,0.6192134548843169,16.75,0.8674418604651163,524.5767441860465,984.7786116065743,0.36627906976744184,469,465,PlayingSitar/v_PlayingSitar_g18_c04.avi
0.09474800176449777,0.3031529686670324,3.281101187101672,0.9667151162790698,449.2279069767442,761.3704041033224,0.16104651162790698,454,450,PlayingSitar/v_PlayingSitar_g18_c05.avi
0.2222818431201734,0.966496973586393,19.235384061671343,0.9441860465116279,461.50697674418603,842.1228760242877,0.2436046511627907,428,424,PlayingSitar/v_PlayingSitar_g18_c06.avi
0.35740498240840035,1.034482537508544,22.25140445005663,0.8370639534883721,411.9441860465116,682.103611205575,0.22034883720930232,426,422,PlayingSitar/v_PlayingSitar_g18_c07.avi
0.9711502420234341,1.5333677873789164,13.435028842544403,0.7132267441860465,184.44651162790697,149.44967473544042,0.44709302325581396,419,415,PlayingSitar/v_PlayingSitar_g19_c01.avi
2.6852941521859606,6.578290367895471,272.0606550017845,0.6372093023255814,360.5953488372093,760.0408917865335,0.37616279069767444,426,422,PlayingSitar/v_PlayingSitar_g19_c02.avi
0.8056619676705744,1.2272772646212244,17.0,0.6933139534883721,307.68372093023254,559.2421220994898,0.30523255813953487,400,396,PlayingSitar/v_PlayingSitar_g19_c03.avi
1.042218689107922,1.7776756131574913,19.251623308178456,0.6495639534883721,252.09302325581396,414.4474502528548,0.35290697674418603,424,420,PlayingSitar/v_PlayingSitar_g19_c04.avi
1.5158356858319764,2.6914284235641057,24.234531148755487,0.6859011627906977,570.0093023255814,1081.4334586533107,0.21337209302325583,436,432,PlayingSitar/v_PlayingSitar_g19_c05.avi
1.0587425740179175,1.8816853513608134,29.381648183857894,0.6710755813953488,387.6093023255814,836.5607087643733,0.3656976744186046,446,442,PlayingSitar/v_PlayingSitar_g19_c06.avi
1.2982713060223117,1.5708634803215582,21.93171219946131,0.44752906976744183,199.1813953488372,134.0464328712065,0.35174418604651164,484,480,PlayingSitar/v_PlayingSitar_g19_c07.avi
0.4944862846649229,1.5832678067841872,19.22116346634615,0.9023255813953488,239.3674418604651,246.5455660710001,0.4005813953488372,396,392,PlayingSitar/v_PlayingSitar_g20_c01.avi
0.5455517681576655,1.0753656311430853,13.601470508735444,0.8424418604651163,293.50697674418603,314.61616141115906,0.3883720930232558,440,436,PlayingSitar/v_PlayingSitar_g20_c02.avi
0.40962466635130373,0.6500741810409931,15.566390076058097,0.8636627906976744,245.17209302325583,268.813141917787,0.4377906976744186,418,414,PlayingSitar/v_PlayingSitar_g20_c03.avi
1.4721965205474594,2.157717156592372,23.194827009486403,0.5011627906976744,210.7906976744186,210.61245774010425,0.44011627906976747,408,404,PlayingSitar/v_PlayingSitar_g20_c04.avi
0.6234604317419385,1.1698226550495898,14.430869689661812,0.8344476744186047,248.52093023255813,267.72903392877845,0.42034883720930233,425,421,PlayingSitar/v_PlayingSitar_g20_c05.avi
0.4976722035405791,0.8802422767392573,14.311817669324885,0.8421511627906977,281.2279069767442,257.10802934969644,0.2569767441860465,410,406,PlayingSitar/v_PlayingSitar_g20_c06.avi
0.7050202802642949,1.0706577653441067,10.816653826391969,0.7747093023255814,265.2651162790698,258.3010672476317,0.32383720930232557,409,405,PlayingSitar/v_PlayingSitar_g20_c07.avi
0.11889239988986573,0.38096902609958394,6.823672031978091,0.9691860465116279,346.9767441860465,336.9975148878141,0.2819767441860465,331,327,PlayingSitar/v_PlayingSitar_g21_c01.avi
0.15443791772791493,0.7560738441220806,12.806248474865697,0.9485465116279069,367.51627906976745,338.9615721721424,0.22616279069767442,384,380,PlayingSitar/v_PlayingSitar_g21_c02.avi
0.15839293488948294,0.46854915788155527,12.41219158730641,0.9552325581395349,340.27906976744185,331.7016259105355,0.28430232558139534,329,325,PlayingSitar/v_PlayingSitar_g21_c03.avi
0.10032703261337776,0.31666179695234353,7.280109889280518,0.971656976744186,377.6744186046512,354.37069809900134,0.25465116279069766,342,338,PlayingSitar/v_PlayingSitar_g21_c04.avi
0.10084783217809223,0.30273935548794845,5.385164807134504,0.9765988372093023,384.0372093023256,350.38275219261646,0.22151162790697673,339,335,PlayingSitar/v_PlayingSitar_g21_c05.avi
0.14090957788336617,0.5947517219592746,16.83931411904891,0.9607558139534884,331.90697674418607,317.76134191628995,0.2627906976744186,368,364,PlayingSitar/v_PlayingSitar_g21_c06.avi
0.10718473031129398,0.46387326185590755,12.75,0.9803779069767442,378.6790697674419,346.4049576409155,0.22151162790697673,375,371,PlayingSitar/v_PlayingSitar_g21_c07.avi
0.23558124936295535,0.7043567851327497,14.553779577827884,0.9441860465116279,246.1767441860465,238.92586457203137,0.3511627906976744,257,254,PlayingSitar/v_PlayingSitar_g22_c01.avi
0.25874717510072015,0.7161297849231949,14.142135623730951,0.938953488372093,232.66976744186047,237.1298099362689,0.4052325581395349,251,248,PlayingSitar/v_PlayingSitar_g22_c02.avi
0.20802160183203808,0.7417622916596729,14.212670403551895,0.9652616279069768,300.7627906976744,447.54687893898443,0.31569767441860463,253,250,PlayingSitar/v_PlayingSitar_g22_c03.avi
0.19760908612727926,0.6217663254547293,17.1117649586476,0.9526162790697674,423.7767441860465,766.6540206417391,0.261046511627907,253,250,PlayingSitar/v_PlayingSitar_g22_c04.avi
0.16118734733318094,0.5097342040977183,16.55294535724685,0.9688953488372093,453.9162790697674,914.2517145961328,0.3505813953488372,262,259,PlayingSitar/v_PlayingSitar_g22_c05.avi
0.23880756608776535,0.6622441625464977,16.53027525481654,0.9375,298.30697674418604,450.69591532524447,0.34011627906976744,253,250,PlayingSitar/v_PlayingSitar_g22_c06.avi
0.7708490871547924,1.0005088125351673,5.385164807134504,0.7809593023255814,391.7395348837209,655.7664410300202,0.08139534883720931,395,391,PlayingSitar/v_PlayingSitar_g23_c01.avi
0.7263272436655462,1.4581574889995557,18.117670931993437,0.8184593023255814,222.4,212.57186582314907,0.39127906976744187,442,438,PlayingSitar/v_PlayingSitar_g23_c02.avi
1.1827366637575745,1.4152299810188211,18.9010581714358,0.5193313953488372,438.06511627906974,915.9266627704554,0.4005813953488372,455,451,PlayingSitar/v_PlayingSitar_g23_c03.avi
1.1707271602713465,1.6755244282065669,17.755280904564703,0.6142441860465117,777.6372093023256,1353.1471665821944,0.3063953488372093,448,444,PlayingSitar/v_PlayingSitar_g23_c04.avi
0.5680850065590949,0.7332858953999596,23.194827009486403,0.8385174418604651,249.07906976744187,196.40155419995517,0.23837209302325582,437,433,PlayingSitar/v_PlayingSitar_g23_c05.avi
0.8522188690365762,1.0208432703127857,10.04987562112089,0.6434593023255814,391.8511627906977,763.2677704943346,0.3133720930232558,420,416,PlayingSitar/v_PlayingSitar_g23_c06.avi
0.8574083958860338,1.1164292414185373,14.682046860026023,0.6212209302325581,940.6139534883721,1432.752561376486,0.11104651162790698,461,457,PlayingSitar/v_PlayingSitar_g23_c07.avi
0.08317499202380267,0.3120957826264811,6.175809663517812,0.9767441860465116,422.10232558139535,375.0979391413395,0.22093023255813954,423,419,PlayingSitar/v_PlayingSitar_g24_c01.avi
0.05969494718235211,0.3111961372028354,6.032464256006827,0.9840116279069767,397.54418604651164,357.9205013084548,0.21395348837209302,443,439,PlayingSitar/v_PlayingSitar_g24_c02.avi
0.0558639215176516,0.24698793758677234,4.75,0.9866279069767442,394.4186046511628,362.94007658117704,0.24186046511627907,456,452,PlayingSitar/v_PlayingSitar_g24_c03.avi
0.07513273312984096,0.3980141974061462,14.816586988912123,0.98125,432.3720930232558,377.48722592006817,0.2069767441860465,432,428,PlayingSitar/v_PlayingSitar_g24_c04.avi
0.09787284289736356,0.3581901397934915,7.215434844830906,0.9744186046511628,384.706976744186,371.92420170216155,0.3040697674418605,419,415,PlayingSitar/v_PlayingSitar_g24_c05.avi
0.13394301290050062,0.464203575710176,9.281197390423285,0.9559593023255814,420.53953488372093,384.6362063400826,0.26395348837209304,418,414,PlayingSitar/v_PlayingSitar_g24_c06.avi
0.2926249851619256,1.4803841474980857,23.891682653174513,0.9165697674418605,275.9813953488372,305.0706965384009,0.4238372093023256,407,403,PlayingSitar/v_PlayingSitar_g24_c07.avi
0.6856884020395856,0.7173621091793926,7.516648189186454,0.6318313953488373,372.09302325581393,748.9425666170004,0.25116279069767444,237,234,PlayingSitar/v_PlayingSitar_g25_c01.avi
1.7369920730294135,2.6983868321798887,18.92253947016626,0.6366279069767442,314.8279069767442,442.87773856248845,0.2424418604651163,224,221,PlayingSitar/v_PlayingSitar_g25_c02.avi
1.736883913065887,2.360562622167111,22.7705950734714,0.5707848837209303,405.5813953488372,760.3720702624881,0.2534883720930233,211,208,PlayingSitar/v_PlayingSitar_g25_c03.avi
1.2542052818411624,1.6969548589796137,22.20360331117452,0.5684593023255814,224.1860465116279,165.48719557211493,0.2866279069767442,257,254,PlayingSitar/v_PlayingSitar_g25_c04.avi
0.5578268506409966,1.1382130194603572,10.854146673046206,0.8049418604651163,324.6511627906977,340.36033461960403,0.3680232558139535,242,239,PlayingTabla/v_PlayingTabla_g08_c01.avi
0.6149415869844088,1.5063362438316412,15.757934509319425,0.8319767441860465,393.4139534883721,610.4660596936232,0.36104651162790696,215,212,PlayingTabla/v_PlayingTabla_g08_c02.avi
1.0299451244856024,7.569610234696933,302.0413878924542,0.8319767441860465,311.70232558139537,321.28518773055316,0.3447674418604651,397,393,PlayingTabla/v_PlayingTabla_g08_c03.avi
0.42157133039642947,1.0241034511461293,16.867127793433,0.86875,660.7627906976744,1085.6214486542988,0.23837209302325582,382,378,PlayingTabla/v_PlayingTabla_g08_c04.avi
0.4012019710321313,1.298844699172245,23.848807622185223,0.8790697674418605,223.06976744186048,210.3460488071576,0.38313953488372093,258,255,PlayingTabla/v_PlayingTabla_g09_c01.avi
0.5969188394808157,1.9197013112366137,28.160255680657446,0.8802325581395349,205.2093023255814,238.52809869479762,0.5343023255813953,246,243,PlayingTabla/v_PlayingTabla_g09_c02.avi
0.5141633076800473,1.2022854444694853,14.807092894960848,0.8550872093023256,268.5023255813953,277.7991389880441,0.3674418604651163,250,247,PlayingTabla/v_PlayingTabla_g09_c03.avi
0.38043778866881345,1.1980532490249736,21.523969197153207,0.8981104651162791,303.66511627906976,455.6501712394805,0.3447674418604651,249,246,PlayingTabla/v_PlayingTabla_g09_c04.avi
0.2851310849117277,1.1950029765573869,74.85694690541419,0.9125,257.1162790697674,255.67177444258448,0.35,258,255,PlayingTabla/v_PlayingTabla_g09_c05.avi
0.45685528211025683,1.051755956162948,20.248456731316587,0.9101744186046512,242.49302325581397,228.32966517261104,0.34011627906976744,275,272,PlayingTabla/v_PlayingTabla_g10_c01.avi
0.28445615129617646,0.7975215033342139,9.741983884199357,0.9155523255813953,300.98604651162793,438.2817982634245,0.2703488372093023,255,252,PlayingTabla/v_PlayingTabla_g10_c02.avi
0.4320691038219135,1.3190618677810972,11.502717070327341,0.9104651162790698,252.65116279069767,234.67096051269374,0.3127906976744186,262,259,PlayingTabla/v_PlayingTabla_g10_c03.avi
0.29300618844148135,0.7229251389522855,10.63014581273465,0.9024709302325581,412.5023255813953,692.8106347162889,0.2988372093023256,248,245,PlayingTabla/v_PlayingTabla_g10_c04.avi
0.23601495000124242,0.6977464342757445,9.650129532809391,0.9347383720930232,347.5348837209302,474.138795734261,0.28837209302325584,275,272,PlayingTabla/v_PlayingTabla_g10_c05.avi
1.1339365080990185,3.0084845720094373,27.202941017470888,0.7497093023255814,254.88372093023256,416.9134207874176,0.35232558139534886,234,231,PlayingTabla/v_PlayingTabla_g11_c01.avi
0.4094423715415421,3.013934152794421,242.77793351126456,0.8497093023255814,379.7953488372093,762.9033618442445,0.3436046511627907,392,388,PlayingTabla/v_PlayingTabla_g11_c02.avi
2.3016117268834,3.884269713781415,26.248809496813376,0.6180232558139535,172.16744186046512,139.1243374307635,0.4924418604651163,286,283,PlayingTabla/v_PlayingTabla_g11_c03.avi
0.3056912324854691,0.7915890859479936,11.792476415070755,0.9375,318.28837209302327,460.18969860482656,0.31511627906976747,282,279,PlayingTabla/v_PlayingTabla_g11_c04.avi
0.4047495746943784,0.8453054150546809,13.686215693170995,0.8800872093023255,265.04186046511626,233.09978523286637,0.2575581395348837,257,254,PlayingTabla/v_PlayingTabla_g12_c01.avi
0.6990468523114225,1.737211478182915,17.54458605952275,0.8074127906976745,182.88372093023256,185.5031134073741,0.5203488372093024,243,240,PlayingTabla/v_PlayingTabla_g12_c02.avi
0.47301091124582123,1.2338814527620976,15.662455107677085,0.8642441860465117,248.52093023255813,230.7527586150098,0.32034883720930235,267,264,PlayingTabla/v_PlayingTabla_g12_c03.avi
0.26360646388319214,0.6105169344556618,13.975424859373685,0.9119186046511628,254.32558139534885,242.10585047446563,0.325,237,234,PlayingTabla/v_PlayingTabla_g12_c04.avi
0.8118885052888952,1.9802367535317345,17.08800749063506,0.7754360465116279,199.06976744186048,200.6664935761124,0.47325581395348837,247,244,PlayingTabla/v_PlayingTabla_g12_c05.avi
0.22703156759881163,0.8460166042337514,15.132745950421556,0.9620639534883721,503.0325581395349,1032.2888156615702,0.32034883720930235,271,268,PlayingTabla/v_PlayingTabla_g13_c01.avi
1.2682490990733273,2.03054591561783,17.408690358553685,0.6308139534883721,569.6744186046511,1073.804185538721,0.12441860465116279,292,289,PlayingTabla/v_PlayingTabla_g13_c02.avi
0.7966865846681583,1.4325406637340685,21.46836335168566,0.7031976744186047,507.0511627906977,1031.152596104057,0.30174418604651165,286,283,PlayingTabla/v_PlayingTabla_g13_c03.avi
0.42280986384345454,0.7692313831227021,14.055692796870597,0.8890988372093023,594.4558139534884,1128.914917036735,0.17209302325581396,292,289,PlayingTabla/v_PlayingTabla_g13_c04.avi
0.10825174285335804,0.4840716336519004,14.560219778561036,0.9712209302325582,737.7860465116279,1308.5601285526998,0.2069767441860465,297,294,PlayingTabla/v_PlayingTabla_g13_c05.avi
0.09827514558770965,0.3421487134653491,7.550869155269478,0.9781976744186046,497.89767441860465,615.2720319097933,0.17267441860465116,280,277,PlayingTabla/v_PlayingTabla_g14_c01.avi
0.11460933010935163,0.4024680438327208,7.5,0.971656976744186,382.92093023255813,349.2578554047502,0.22034883720930232,311,308,PlayingTabla/v_PlayingTabla_g14_c02.avi
0.10138988590252086,0.29913479921371117,4.031128874149275,0.9655523255813954,393.6372093023256,350.2297963385965,0.19476744186046513,312,309,PlayingTabla/v_PlayingTabla_g14_c03.avi
0.0837734502039876,0.2819791832168896,3.25,0.976453488372093,409.3767441860465,352.8297335181885,0.16395348837209303,311,308,PlayingTabla/v_PlayingTabla_g14_c04.avi
0.15822072512590343,0.690810472645991,13.932874793092774,0.9601744186046511,1140.3162790697675,1646.3874173093425,0.3802325581395349,242,239,PlayingTabla/v_PlayingTabla_g15_c01.avi
0.3148108128187849,0.9522456068352467,16.779824194549835,0.9040697674418605,307.68372093023254,445.31100442861776,0.2796511627906977,257,254,PlayingTabla/v_PlayingTabla_g15_c02.avi
0.3471247956293413,1.0182924128326518,13.252358280698571,0.8896802325581395,316.6139534883721,457.0258501575998,0.30523255813953487,254,251,PlayingTabla/v_PlayingTabla_g15_c03.avi
0.4963857826949245,1.5906787984733957,18.35755975068582,0.8866279069767442,408.5953488372093,848.1845888263666,0.41686046511627906,284,281,PlayingTabla/v_PlayingTabla_g15_c04.avi
3.195053522837541,9.038340872820433,53.0,0.64375,215.92558139534884,163.2898807628498,0.32034883720930235,114,112,PlayingTabla/v_PlayingTabla_g16_c01.avi
0.3257700628425912,1.7783722806618596,50.625,0.9264534883720931,622.8093023255814,1186.607717513376,0.29186046511627906,119,117,PlayingTabla/v_PlayingTabla_g16_c02.avi
0.15474651826401006,0.6404218051302822,11.675963557668378,0.9476744186046512,361.3767441860465,762.649703134883,0.3953488372093023,209,206,PlayingTabla/v_PlayingTabla_g16_c03.avi
0.18588697880482496,0.6425394968000208,11.256248264852726,0.9453488372093023,189.24651162790698,136.55866675013874,0.40348837209302324,137,135,PlayingTabla/v_PlayingTabla_g16_c04.avi
0.19696056528343991,0.8708626512718319,23.165842311472293,0.9388081395348837,219.1627906976744,195.68661826746404,0.3686046511627907,143,141,PlayingTabla/v_PlayingTabla_g16_c05.avi
0.11744734160604832,0.41700946308028713,6.4031242374328485,0.9700581395348837,310.25116279069766,548.8811725395719,0.23372093023255813,235,232,PlayingTabla/v_PlayingTabla_g17_c01.avi
0.11274758865916301,0.4756436980266578,14.7648230602334,0.9729651162790698,246.84651162790698,409.8662398647326,0.3546511627906977,261,258,PlayingTabla/v_PlayingTabla_g17_c02.avi
0.0813530832844558,0.2902305693724421,9.89002022242624,0.9818313953488372,234.7906976744186,185.70200661894836,0.2779069767441861,278,275,PlayingTabla/v_PlayingTabla_g17_c03.avi
0.07136687149854677,0.2895157658300111,6.041522986797286,0.9776162790697674,241.6,193.07559189614443,0.2633720930232558,295,292,PlayingTabla/v_PlayingTabla_g17_c04.avi
0.2116682813937217,0.7372063798561875,11.954340216005232,0.9258720930232558,373.7674418604651,357.94067568810976,0.2796511627906977,306,303,PlayingTabla/v_PlayingTabla_g18_c01.avi
0.6264819051867332,1.2568231225701927,16.1245154965971,0.7359011627906977,344.8558139534884,346.3068308174834,0.32325581395348835,284,281,PlayingTabla/v_PlayingTabla_g18_c02.avi
0.20276104498714193,0.617339584122138,14.484905936870975,0.9354651162790698,376.33488372093024,362.35862929560057,0.2895348837209302,306,303,PlayingTabla/v_PlayingTabla_g18_c03.avi
1.2258838942070807,3.2809644549977324,18.420437019788647,0.872093023255814,420.2046511627907,378.1211261287556,0.2377906976744186,276,273,PlayingTabla/v_PlayingTabla_g18_c04.avi
0.23589126319658837,0.806071577174703,13.975424859373685,0.9265988372093024,390.1767441860465,368.5641106309913,0.2755813953488372,285,282,PlayingTabla/v_PlayingTabla_g18_c05.avi
0.23238748958078637,0.658217880738247,17.135489488193794,0.9245639534883721,375.3302325581395,348.4965153039779,0.23895348837209301,299,296,PlayingTabla/v_PlayingTabla_g18_c06.avi
0.6888932161894145,1.5196535531402957,17.0,0.8552325581395349,284.57674418604654,186.67390400350902,0.07441860465116279,191,188,PlayingTabla/v_PlayingTabla_g19_c01.avi
1.735417839216006,4.464597301635692,17.0,0.8706395348837209,311.1441860465116,552.5286419187846,0.25232558139534883,296,293,PlayingTabla/v_PlayingTabla_g19_c02.avi
3.5724485390019716,14.111696894856989,330.0,0.9008720930232558,345.4139534883721,568.2450264083782,0.23197674418604652,217,214,PlayingTabla/v_PlayingTabla_g19_c03.avi
1.0274987797405941,1.8249743100097444,14.317821063276353,0.7103197674418604,277.65581395348835,203.07334601455398,0.13604651162790699,332,328,PlayingTabla/v_PlayingTabla_g19_c04.avi
0.9236876012130544,3.1863945555016233,71.06335201775947,0.7409883720930233,309.13488372093025,332.30456112016515,0.3930232558139535,261,258,PlayingTabla/v_PlayingTabla_g20_c01.avi
0.5222980910120616,1.3818365120323104,26.6062140298089,0.8699127906976745,330.90232558139536,336.6287372444273,0.33313953488372094,254,251,PlayingTabla/v_PlayingTabla_g20_c02.avi
1.0590560508033757,1.9507134599714366,29.068883707497267,0.7042151162790697,208.33488372093024,219.15804946109353,0.47151162790697676,247,244,PlayingTabla/v_PlayingTabla_g20_c03.avi
0.9471445622984141,1.81966088176346,29.356643200475084,0.6882267441860465,239.25581395348837,248.313763728263,0.40581395348837207,247,244,PlayingTabla/v_PlayingTabla_g20_c04.avi
0.10627044536282154,0.5173306592954247,12.556124003847684,0.9652616279069768,395.0883720930233,368.37148414326003,0.2616279069767442,282,279,PlayingTabla/v_PlayingTabla_g21_c01.avi
0.12627017600584925,0.43157182926396226,7.225173008309213,0.9584302325581395,390.95813953488374,368.6567863944433,0.2738372093023256,295,292,PlayingTabla/v_PlayingTabla_g21_c02.avi
0.25061182354352507,0.7484755220237957,12.272937708633577,0.9132267441860465,384.706976744186,356.0253227179793,0.24127906976744187,309,306,PlayingTabla/v_PlayingTabla_g21_c03.avi
0.28835783437630297,4.552128694316038,147.36349615830918,0.9613372093023256,379.3488372093023,349.6783162053795,0.23197674418604652,289,286,PlayingTabla/v_PlayingTabla_g21_c04.avi
0.5374027540811593,1.2805503856078464,15.0,0.8494186046511628,359.36744186046514,469.7427003385608,0.22906976744186047,319,316,PlayingTabla/v_PlayingTabla_g22_c01.avi
0.5466899264436588,1.3380996132225813,12.673791855636576,0.8498546511627907,318.28837209302327,324.0993970483706,0.3313953488372093,346,342,PlayingTabla/v_PlayingTabla_g22_c02.avi
0.25259260614832224,0.8457142996469541,10.0,0.9354651162790698,371.31162790697675,342.29111858882897,0.22732558139534884,319,316,PlayingTabla/v_PlayingTabla_g22_c03.avi
0.3775583559865486,1.1171787297824027,12.806248474865697,0.8773255813953489,376.446511627907,496.98217241379353,0.32151162790697674,347,343,PlayingTabla/v_PlayingTabla_g22_c04.avi
1.2245504130164782,3.8958159246034665,29.017236257093817,0.8207848837209303,210.67906976744186,190.3275127774881,0.39651162790697675,233,230,PlayingTabla/v_PlayingTabla_g23_c01.avi
1.224665909345916,1.269414244389133,15.297058540778355,0.44563953488372093,245.95348837209303,201.0139360537753,0.2616279069767442,257,254,PlayingTabla/v_PlayingTabla_g23_c02.avi
0.5702649107516948,1.574207610019488,60.86922457202819,0.8558139534883721,227.9813953488372,178.96425426612365,0.2947674418604651,251,248,PlayingTabla/v_PlayingTabla_g23_c03.avi
1.108402183995125,1.3636443795446356,17.356554957709783,0.5893895348837209,258.5674418604651,234.0864357562903,0.2866279069767442,251,248,PlayingTabla/v_PlayingTabla_g23_c04.avi
0.3549016581177047,0.6171388100622675,8.1891696770796,0.9257267441860465,370.30697674418604,349.10356789084204,0.2558139534883721,288,285,PlayingTabla/v_PlayingTabla_g24_c01.avi
0.10253533737387432,0.3426571479103338,7.25,0.9747093023255814,363.9441860465116,365.9773492179762,0.34011627906976744,279,276,PlayingTabla/v_PlayingTabla_g24_c02.avi
0.6729840291190314,1.1558735717401045,13.625,0.7392441860465117,385.2651162790698,368.69121061279174,0.2895348837209302,274,271,PlayingTabla/v_PlayingTabla_g24_c03.avi
0.6104944622488266,2.074955344138318,20.396078054371138,0.913953488372093,776.5209302325582,1227.4404407580992,0.3308139534883721,315,312,PlayingTabla/v_PlayingTabla_g24_c04.avi
0.20939886697399096,0.777625164982138,14.147106594636233,0.958139534883721,370.1953488372093,328.9428578025322,0.1819767441860465,322,319,PlayingTabla/v_PlayingTabla_g25_c01.avi
0.18886898433242916,0.7206278050117645,11.10180165558726,0.95,366.6232558139535,326.6370468722121,0.18430232558139534,342,338,PlayingTabla/v_PlayingTabla_g25_c02.avi
0.1620278645890189,0.6750512508693033,16.492422502470642,0.9665697674418605,418.30697674418604,489.87489499057074,0.17325581395348838,322,319,PlayingTabla/v_PlayingTabla_g25_c03.avi
0.20502876584773205,0.572671993764666,12.377524994925277,0.9504360465116279,482.8279069767442,613.9568980877833,0.1883720930232558,342,338,PlayingTabla/v_PlayingTabla_g25_c04.avi
0.32119548819282917,0.9785753481456045,16.50189383070925,0.9052325581395348,362.49302325581397,326.59899129378175,0.19651162790697674,383,379,PlayingTabla/v_PlayingTabla_g25_c05.avi
0.7716672527092608,1.0691731023333493,13.428049001995785,0.7280523255813953,277.7674418604651,247.70770821153184,0.24476744186046512,192,189,PlayingViolin/v_PlayingViolin_g08_c01.avi
1.3505141559223202,4.750157878279189,123.10158406779338,0.7670058139534883,253.32093023255814,230.71908677824172,0.3,185,182,PlayingViolin/v_PlayingViolin_g08_c02.avi
0.5566220377241119,1.0720834622349904,13.209844813622906,0.873546511627907,325.09767441860464,288.3061433965171,0.18895348837209303,202,199,PlayingViolin/v_PlayingViolin_g08_c03.avi
1.0540704803447594,2.629777907590421,56.688981513165324,0.7318313953488372,252.87441860465117,234.58269340099798,0.3116279069767442,182,179,PlayingViolin/v_PlayingViolin_g08_c04.avi
2.0621997495851003,4.1559052770408,63.11150845923428,0.5800872093023256,252.4279069767442,182.34738929853464,0.19534883720930232,171,168,PlayingViolin/v_PlayingViolin_g09_c01.avi
1.4587702202451642,2.2029347457299955,49.255710328854256,0.5090116279069767,245.84186046511627,176.05525854587518,0.21104651162790697,177,174,PlayingViolin/v_PlayingViolin_g09_c02.avi
1.191768745854732,2.8144106449141644,23.75,0.7145348837209302,226.08372093023254,193.45911764532622,0.3325581395348837,176,173,PlayingViolin/v_PlayingViolin_g09_c03.avi
0.6999803147376934,2.4341203159093725,63.75,0.8502906976744186,289.3767441860465,444.26671479841,0.34244186046511627,188,185,PlayingViolin/v_PlayingViolin_g09_c04.avi
1.8965366329760993,13.77727898870031,217.0,0.7652616279069767,365.3953488372093,360.4388887682713,0.313953488372093,175,172,PlayingViolin/v_PlayingViolin_g10_c01.avi
0.6892486030531619,2.4989282674796875,84.16390259487734,0.7729651162790697,345.74883720930234,340.2052351647923,0.29767441860465116,175,172,PlayingViolin/v_PlayingViolin_g10_c02.avi
1.2800256370341347,4.67245400500156,83.64284189337424,0.7947674418604651,199.73953488372092,208.91018893688297,0.4883720930232558,164,161,PlayingViolin/v_PlayingViolin_g10_c03.avi
0.7985127383494653,5.193368209081154,97.0,0.8430232558139535,370.86511627906975,360.253522413082,0.29709302325581394,174,171,PlayingViolin/v_PlayingViolin_g10_c04.avi
0.5581988387939335,1.8235177093095687,109.04127658827184,0.8488372093023255,221.84186046511627,214.74041249687812,0.3988372093023256,199,196,PlayingViolin/v_PlayingViolin_g11_c01.avi
1.3435011111344008,2.7483575209700226,66.03029607687671,0.7204941860465116,221.3953488372093,211.8549459368404,0.3941860465116279,191,188,PlayingViolin/v_PlayingViolin_g11_c02.avi
1.9610839356883365,4.670597733811005,103.875,0.6127906976744186,251.4232558139535,213.16075911529535,0.26569767441860465,191,188,PlayingViolin/v_PlayingViolin_g11_c03.avi
3.6248771842761824,8.716852582313864,127.09838708654017,0.5752906976744186,220.27906976744185,150.7596771673374,0.27906976744186046,174,171,PlayingViolin/v_PlayingViolin_g11_c04.avi
1.7626926253413169,4.070786552170818,29.842293812641145,0.7011627906976744,620.8,1029.6185394330203,0.19069767441860466,216,213,PlayingViolin/v_PlayingViolin_g12_c01.avi
0.7382411341273468,1.3107803070490054,15.051993223490369,0.8023255813953488,464.8558139534884,610.2161665410532,0.19593023255813954,182,179,PlayingViolin/v_PlayingViolin_g12_c02.avi
0.2925765360437217,0.8265145248577564,11.180339887498949,0.9167151162790698,803.2,1255.3398472497493,0.15465116279069768,198,195,PlayingViolin/v_PlayingViolin_g12_c03.avi
3.497716125766072,6.638835027528702,96.85596587201017,0.6034883720930233,419.9813953488372,768.7861768400746,0.2877906976744186,172,169,PlayingViolin/v_PlayingViolin_g12_c04.avi
0.3186766710969492,0.9029515723137734,16.500473478055106,0.8998546511627907,570.4558139534884,420.48131518497496,0.18546511627906978,181,178,PlayingViolin/v_PlayingViolin_g13_c01.avi
0.4509061666796501,1.5068134496409529,23.97524765252697,0.8921511627906977,549.8046511627907,423.8089290593813,0.2186046511627907,172,169,PlayingViolin/v_PlayingViolin_g13_c02.avi
3.5781103177229983,21.8330189857731,192.0,0.848546511627907,578.939534883721,424.83462289352786,0.1994186046511628,173,170,PlayingViolin/v_PlayingViolin_g13_c03.avi
0.36394394352431514,1.2370397614381468,19.22116346634615,0.9007267441860465,584.2976744186046,425.57030927230636,0.1994186046511628,172,169,PlayingViolin/v_PlayingViolin_g13_c04.avi
2.5429961602612874,4.652438312073182,27.542013361408422,0.6382267441860465,200.07441860465116,200.46827515991706,0.4680232558139535,162,160,PlayingViolin/v_PlayingViolin_g14_c01.avi
2.3564975746022703,4.585700176283411,33.494869010043914,0.6765988372093024,291.8325581395349,303.5466170251439,0.35755813953488375,170,167,PlayingViolin/v_PlayingViolin_g14_c02.avi
1.3229491604558627,3.3495610659093984,75.8023746329889,0.7315406976744186,280.2232558139535,287.4645319575716,0.3505813953488372,173,170,PlayingViolin/v_PlayingViolin_g14_c03.avi
1.5955745435991333,4.192787454620918,64.97896294186296,0.6190406976744186,358.5860465116279,493.6473185930795,0.3563953488372093,177,174,PlayingViolin/v_PlayingViolin_g14_c04.avi
1.1021184024883264,2.2037801161078647,49.040799340956916,0.7045058139534883,247.85116279069769,247.14506837934135,0.3656976744186046,142,140,PlayingViolin/v_PlayingViolin_g15_c01.avi
3.097955209556727,5.8809455095004965,33.185322433268595,0.6334302325581396,337.48837209302326,312.6278991919369,0.22674418604651161,169,166,PlayingViolin/v_PlayingViolin_g15_c02.avi
1.5089786249546544,10.996700674896408,212.07781590727495,0.7745639534883721,359.36744186046514,319.25198891837726,0.18023255813953487,169,166,PlayingViolin/v_PlayingViolin_g15_c03.avi
1.4588832194178696,5.830618333574086,126.38433447227548,0.715843023255814,390.95813953488374,494.75774021587114,0.2691860465116279,169,166,PlayingViolin/v_PlayingViolin_g15_c04.avi
0.9323247410737872,3.1065055565177864,33.0,0.8662790697674418,379.12558139534883,350.4304038610853,0.23546511627906977,168,165,PlayingViolin/v_PlayingViolin_g16_c01.avi
0.566536906556494,3.728765918125217,57.004933996979595,0.9402616279069768,384.3720930232558,378.9746891748236,0.33372093023255817,184,181,PlayingViolin/v_PlayingViolin_g16_c02.avi
1.049918793787379,4.395118631276379,121.0,0.8811046511627907,403.57209302325583,363.9972951123506,0.22209302325581395,172,169,PlayingViolin/v_PlayingViolin_g16_c03.avi
1.1596352911310646,5.342547318719341,51.779580917577924,0.8655523255813954,412.72558139534885,395.27478113510625,0.32790697674418606,184,181,PlayingViolin/v_PlayingViolin_g16_c04.avi
1.0262476054562386,4.903281707461992,83.02409288875127,0.8117732558139535,646.0279069767441,632.880854478461,0.18255813953488373,177,174,PlayingViolin/v_PlayingViolin_g17_c01.avi
1.1284142915644355,4.244967057795332,48.041648597857254,0.8151162790697675,533.3953488372093,424.42355651778314,0.23895348837209301,186,183,PlayingViolin/v_PlayingViolin_g17_c02.avi
1.0558539516062788,3.7960816670606135,72.80109889280519,0.795203488372093,688.0,786.781965010076,0.18953488372093022,168,165,PlayingViolin/v_PlayingViolin_g17_c03.avi
0.8184757444404696,2.86151789846465,58.648982301485844,0.7399709302325581,704.5209302325582,783.4141310473765,0.17093023255813952,177,174,PlayingViolin/v_PlayingViolin_g17_c04.avi
0.4531251012123424,1.543954224860717,22.80350850198276,0.8748546511627907,649.8232558139534,919.3495508610799,0.21395348837209302,174,171,PlayingViolin/v_PlayingViolin_g18_c01.avi
0.43797629128624416,1.0806381798869067,12.5,0.8357558139534884,415.9627906976744,769.2981268128718,0.30174418604651165,183,180,PlayingViolin/v_PlayingViolin_g18_c02.avi
0.7328667589866842,2.311344240955955,15.75,0.8994186046511627,917.953488372093,1187.772861253233,0.12906976744186047,189,186,PlayingViolin/v_PlayingViolin_g18_c03.avi
0.5590902158643568,2.0986053945851095,35.630920560659106,0.8545058139534883,1068.874418604651,1322.1996253764376,0.1569767441860465,155,153,PlayingViolin/v_PlayingViolin_g18_c04.avi
1.7804252659838373,13.184126959933586,238.0021008310641,0.8132267441860465,380.8,379.94040169111963,0.34767441860465115,205,202,PlayingViolin/v_PlayingViolin_g19_c01.avi
0.9413178697209983,3.9722092678461096,84.52810183601665,0.8549418604651163,475.68372093023254,403.06820066355357,0.22790697674418606,205,202,PlayingViolin/v_PlayingViolin_g19_c02.avi
0.7612839460515303,2.0411209813030697,29.154759474226502,0.8127906976744186,488.29767441860463,416.6894831207393,0.2668604651162791,225,222,PlayingViolin/v_PlayingViolin_g19_c03.avi
1.5278835049894055,3.6385037739714585,54.47992749628068,0.7168604651162791,394.1953488372093,382.6280955618006,0.32209302325581396,205,202,PlayingViolin/v_PlayingViolin_g19_c04.avi
0.872397863506347,1.3602715407951589,13.02701519919279,0.6409883720930233,921.5255813953488,1481.5370704798638,0.22674418604651161,168,165,PlayingViolin/v_PlayingViolin_g20_c01.avi
0.4335537977916367,0.704589940164429,5.652709527297507,0.859156976744186,385.153488372093,678.8969505488852,0.2668604651162791,174,171,PlayingViolin/v_PlayingViolin_g20_c02.avi
1.0416034633761653,1.19429493276158,13.0,0.6023255813953489,306.45581395348836,436.9752232358397,0.2441860465116279,171,168,PlayingViolin/v_PlayingViolin_g20_c03.avi
1.732111311921207,2.5108941008768335,21.5,0.570203488372093,290.49302325581397,433.68323956190244,0.2877906976744186,180,177,PlayingViolin/v_PlayingViolin_g20_c04.avi
2.154907056039673,7.581001880698236,241.16799124261908,0.8417151162790698,259.7953488372093,261.28475952447366,0.3546511627906977,184,181,PlayingViolin/v_PlayingViolin_g21_c01.avi
0.3238380395722512,0.9822832933820042,14.758472143145442,0.9130813953488373,361.6,677.1423181796922,0.32209302325581396,175,172,PlayingViolin/v_PlayingViolin_g21_c02.avi
0.34190885693227163,0.9809942849169099,14.937892254263986,0.8921511627906977,223.06976744186048,193.35729012409115,0.34593023255813954,174,171,PlayingViolin/v_PlayingViolin_g21_c03.avi
0.2588714700658497,0.972594353830118,15.502015997927495,0.93125,262.5860465116279,244.05033943306282,0.29593023255813955,175,172,PlayingViolin/v_PlayingViolin_g21_c04.avi
1.1286759580636074,4.134287247298106,123.1665539016173,0.7729651162790697,252.65116279069767,214.63640252609898,0.26395348837209304,171,168,PlayingViolin/v_PlayingViolin_g22_c01.avi
1.0156304883322527,5.400060013095805,221.3840342594741,0.8005813953488372,220.50232558139535,226.76230510789813,0.43372093023255814,175,172,PlayingViolin/v_PlayingViolin_g22_c02.avi
1.5161226934040566,3.752382089106074,38.948684188300895,0.7726744186046511,256.33488372093024,217.98135068909517,0.2563953488372093,172,169,PlayingViolin/v_PlayingViolin_g22_c03.avi
1.4996457815005573,6.4294637292261445,192.06509313251067,0.7520348837209302,298.9767441860465,446.6675309221584,0.31802325581395346,171,168,PlayingViolin/v_PlayingViolin_g22_c04.avi
1.8173952073063449,5.135915885449021,69.52528766571196,0.6659883720930233,543.2186046511628,1092.588674972024,0.3691860465116279,181,178,PlayingViolin/v_PlayingViolin_g23_c01.avi
3.3783825077590404,8.309858931923996,186.25,0.6427325581395349,623.1441860465117,1088.498591575362,0.27151162790697675,172,169,PlayingViolin/v_PlayingViolin_g23_c02.avi
2.957368611585686,12.868831997993894,214.32743641447308,0.5857558139534884,362.71627906976744,581.0502667804994,0.25813953488372093,197,194,PlayingViolin/v_PlayingViolin_g23_c03.avi
1.0328049798225896,1.566444704333688,12.550522897473236,0.6540697674418605,226.75348837209302,205.06736198856106,0.3546511627906977,189,186,PlayingViolin/v_PlayingViolin_g23_c04.avi
1.3102550648734563,2.3343277498258836,25.298221281347036,0.6236918604651163,202.30697674418604,190.12035037245127,0.43546511627906975,192,189,PlayingViolin/v_PlayingViolin_g24_c01.avi
1.057111527626972,1.9316350307058603,30.682344271583943,0.6510174418604651,400.33488372093024,592.7787770750298,0.22732558139534884,179,176,PlayingViolin/v_PlayingViolin_g24_c02.avi
1.140835307412912,2.79412693488496,160.89748288895012,0.6300872093023255,252.65116279069767,240.08824770216145,0.3267441860465116,192,189,PlayingViolin/v_PlayingViolin_g24_c03.avi
2.0697335182665997,3.6391166393531895,35.494057601237984,0.5434593023255814,497.2279069767442,969.3748353006818,0.24127906976744187,178,175,PlayingViolin/v_PlayingViolin_g24_c04.avi
1.4693377290854246,3.0662303216989186,32.48701663741994,0.7284883720930233,450.5674418604651,781.1528474203949,0.32383720930232557,193,190,PlayingViolin/v_PlayingViolin_g25_c01.avi
0.5797957189889246,1.2500978109281948,20.248456731316587,0.8193313953488373,430.5860465116279,700.4811175787466,0.313953488372093,192,189,PlayingViolin/v_PlayingViolin_g25_c02.avi
0.7972407821130701,2.0852094718722483,26.330827939888255,0.7928779069767442,636.8744186046512,1029.5846523342977,0.1883720930232558,202,199,PlayingViolin/v_PlayingViolin_g25_c03.avi
1.2486303850542158,2.581700016975846,34.330425645482464,0.6940406976744186,327.21860465116276,453.25323650036194,0.25,176,173,PlayingViolin/v_PlayingViolin_g25_c04.avi
6.274401331712086,21.55266474445886,264.43335644354704,0.7572674418604651,213.8046511627907,225.61201307439939,0.46162790697674416,207,204,PoleVault/v_PoleVault_g08_c01.avi
4.347772451164196,8.817943343191807,294.1241234581074,0.5433139534883721,382.80930232558137,579.5927326385488,0.19069767441860466,191,188,PoleVault/v_PoleVault_g08_c02.avi
6.406073553581809,16.62780178802874,303.84864653310535,0.49723837209302324,259.57209302325583,177.3421424824636,0.1558139534883721,172,169,PoleVault/v_PoleVault_g08_c03.avi
3.7829269763131275,11.502790079256195,235.30405861353094,0.7220930232558139,472.11162790697676,703.3974076726511,0.25116279069767444,130,128,PoleVault/v_PoleVault_g08_c04.avi
2.778856455467837,3.1339131385664065,20.248456731316587,0.3574127906976744,267.16279069767444,147.43337955214042,0.07209302325581396,156,154,PoleVault/v_PoleVault_g09_c01.avi
5.370920095808913,17.945002549141087,242.24367896810023,0.5149709302325581,269.6186046511628,195.8322576651739,0.15232558139534882,135,133,PoleVault/v_PoleVault_g09_c02.avi
6.249027416069745,12.294887252674192,135.03425491333672,0.4568313953488372,268.72558139534885,187.3927700735137,0.13837209302325582,141,139,PoleVault/v_PoleVault_g09_c03.avi
0.9349674697498168,2.2624775314927716,32.43936651662606,0.8731104651162791,204.09302325581396,135.70827363399914,0.3308139534883721,232,229,PoleVault/v_PoleVault_g09_c04.avi
12.435674766890951,29.360798662306138,319.0,0.2995639534883721,265.153488372093,175.31751839241028,0.12906976744186047,258,255,PoleVault/v_PoleVault_g10_c01.avi
18.16832190234776,42.714684683918314,336.0,0.7603197674418605,226.75348837209302,240.6506097565584,0.44069767441860463,244,241,PoleVault/v_PoleVault_g10_c02.avi
8.206361213513137,15.415424402425439,203.625,0.25712209302325584,273.4139534883721,179.8887790512682,0.10465116279069768,302,299,PoleVault/v_PoleVault_g10_c03.avi
10.400276862867338,18.393054806196787,292.85662020859286,0.46322674418604654,264.2604651162791,205.10527545235965,0.1941860465116279,218,215,PoleVault/v_PoleVault_g10_c04.avi
6.5991141473888915,23.258621613328664,288.8539856051843,0.5712209302325582,217.71162790697673,151.7610441317355,0.2924418604651163,145,143,PoleVault/v_PoleVault_g10_c05.avi
12.514795905275971,22.229348650087267,235.75,0.35944767441860465,268.6139534883721,196.39124403988257,0.15755813953488373,177,174,PoleVault/v_PoleVault_g10_c06.avi
14.437621031340525,32.40641455675317,322.03881753602315,0.3683139534883721,245.6186046511628,190.20396305241303,0.24011627906976743,187,184,PoleVault/v_PoleVault_g10_c07.avi
7.576631072664386,23.765052240832993,235.1361307838504,0.45334302325581394,248.4093023255814,210.3922801373038,0.27209302325581397,171,168,PoleVault/v_PoleVault_g11_c01.avi
9.15936894548525,15.005645477740034,162.5207679036744,0.37892441860465115,265.153488372093,184.8389611461791,0.14767441860465116,178,175,PoleVault/v_PoleVault_g11_c02.avi
9.62535471260154,25.51726970499189,263.6466029555473,0.6036337209302326,257.0046511627907,222.55253882287263,0.26453488372093026,211,208,PoleVault/v_PoleVault_g11_c03.avi
6.107890844750467,10.96109917973704,86.31338250816034,0.3260174418604651,227.2,90.16301515768858,0.1686046511627907,200,197,PoleVault/v_PoleVault_g11_c04.avi
7.415417517107484,14.70091870998595,189.50065962945882,0.49026162790697675,226.64186046511628,153.73845841733507,0.2552325581395349,186,183,PoleVault/v_PoleVault_g11_c05.avi
8.262422736266442,18.703314480164806,193.7525806279751,0.48590116279069767,263.92558139534884,190.0967539365681,0.1633720930232558,95,93,PoleVault/v_PoleVault_g12_c01.avi
6.406746169082098,16.942876497461604,193.7525806279751,0.6155523255813954,265.48837209302326,222.54514797687142,0.22965116279069767,225,222,PoleVault/v_PoleVault_g12_c02.avi
9.533726452866155,27.457277156057128,226.6342041705091,0.6774709302325581,297.52558139534887,231.82555198876275,0.12790697674418605,87,85,PoleVault/v_PoleVault_g12_c03.avi
8.083059203044302,12.495208952300501,111.0,0.4603197674418605,252.53953488372093,167.58910734922256,0.16686046511627908,178,175,PoleVault/v_PoleVault_g12_c04.avi
4.107783206726995,17.524680989908013,148.06839635789942,0.5953488372093023,243.60930232558138,132.8793679436151,0.14825581395348839,119,117,PoleVault/v_PoleVault_g12_c05.avi
5.356707928072114,19.12474694967681,121.65608544170735,0.5520348837209302,271.1813953488372,181.27712211612408,0.11627906976744186,116,114,PoleVault/v_PoleVault_g12_c06.avi
5.669194896063824,21.814585184218235,279.8356660613511,0.44883720930232557,257.2279069767442,168.76718286414075,0.1494186046511628,117,115,PoleVault/v_PoleVault_g12_c07.avi
4.522264995149655,6.507133938768613,146.0,0.4991279069767442,303.21860465116276,268.0722978287187,0.2052325581395349,293,290,PoleVault/v_PoleVault_g13_c01.avi
3.9823196973076453,7.219194886820874,144.0,0.6010174418604651,210.34418604651162,123.50905305736977,0.28430232558139534,160,158,PoleVault/v_PoleVault_g13_c02.avi
1.7112355088345674,4.7838798223481716,175.5,0.7540697674418605,235.7953488372093,400.4464891543451,0.36104651162790696,132,130,PoleVault/v_PoleVault_g13_c03.avi
3.0378571388008453,10.188477537450153,262.1945842308723,0.6819767441860465,246.62325581395348,230.5440328593956,0.32790697674418606,128,126,PoleVault/v_PoleVault_g13_c04.avi
7.6084398764679735,20.531248036018678,234.92502128338734,0.5892441860465116,272.07441860465116,189.9769240491424,0.13023255813953488,137,135,PoleVault/v_PoleVault_g13_c05.avi
10.8455043540216,17.933292337959056,85.0,0.18895348837209303,255.33023255813953,149.72644130389034,0.12441860465116279,155,153,PoleVault/v_PoleVault_g14_c01.avi
7.046655955393078,7.5847171215772144,39.423977475642914,0.3361918604651163,273.74883720930234,197.84417684784506,0.14011627906976745,180,177,PoleVault/v_PoleVault_g14_c02.avi
28.193486847979134,38.951604753,261.1225765804252,0.5517441860465117,288.8186046511628,297.7240795784642,0.35,166,163,PoleVault/v_PoleVault_g14_c03.avi
6.421431454626823,13.347663532615908,84.5033283368176,0.53125,245.95348837209303,169.80288894033112,0.19883720930232557,510,505,PoleVault/v_PoleVault_g14_c04.avi
9.272217481386482,12.920957118915736,84.29116205154607,0.17718023255813953,300.2046511627907,226.46064389686043,0.10465116279069768,237,234,PoleVault/v_PoleVault_g14_c05.avi
12.209982758483012,22.891636763260617,278.9265136196271,0.3008720930232558,293.28372093023256,257.80885016493124,0.2127906976744186,223,220,PoleVault/v_PoleVault_g14_c06.avi
6.51197120127209,6.35375360913115,64.75,0.17005813953488372,237.69302325581396,114.18743749448797,0.14883720930232558,271,268,PoleVault/v_PoleVault_g14_c07.avi
4.269515336209154,7.888153591455498,181.50017217622687,0.30174418604651165,255.4418604651163,159.36520911293167,0.14011627906976745,154,152,PoleVault/v_PoleVault_g15_c01.avi
7.241606083801295,14.524891090308971,204.75,0.529796511627907,339.9441860465116,298.567738644384,0.17209302325581396,211,208,PoleVault/v_PoleVault_g15_c02.avi
9.772667547667261,19.250415617168645,180.5,0.3867732558139535,248.74418604651163,193.25415161739923,0.23313953488372094,172,169,PoleVault/v_PoleVault_g15_c03.avi
5.345084526993052,8.629906502567072,193.0,0.4145348837209302,246.1767441860465,193.30704920700796,0.2441860465116279,232,229,PoleVault/v_PoleVault_g15_c04.avi
8.09498410747974,12.449972017962594,126.25,0.34694767441860463,256.0,153.5441759022086,0.12790697674418605,269,266,PoleVault/v_PoleVault_g16_c01.avi
7.057086932639627,20.13755447070913,181.0,0.3757267441860465,234.2325581395349,181.2561899131393,0.27151162790697675,191,188,PoleVault/v_PoleVault_g16_c02.avi
9.824772896851181,23.77597770965492,278.0,0.4941860465116279,232.66976744186047,164.56690946433793,0.24709302325581395,207,204,PoleVault/v_PoleVault_g16_c03.avi
13.719429683217905,16.035658404458413,58.0005387906009,0.4633720930232558,247.51627906976745,172.76538322814739,0.19767441860465115,248,245,PoleVault/v_PoleVault_g16_c04.avi
12.269017126593738,31.052453331723427,318.3535770177555,0.6906976744186046,192.70697674418605,188.62642468874802,0.47848837209302325,166,163,PoleVault/v_PoleVault_g16_c05.avi
16.046243225971505,18.87825504306595,127.06297651164952,0.44215116279069766,292.27906976744185,217.81390879429844,0.11337209302325581,171,168,PoleVault/v_PoleVault_g16_c06.avi
8.564533083163475,15.777412450533795,190.0026315607234,0.42790697674418604,253.7674418604651,210.1096986138323,0.24883720930232558,233,230,PoleVault/v_PoleVault_g16_c07.avi
11.340456223051739,27.74933762632108,344.05232160239814,0.7604651162790698,185.89767441860465,175.5994616302232,0.48604651162790696,164,161,PoleVault/v_PoleVault_g17_c01.avi
16.971383828462884,27.885106784188455,151.0,0.46656976744186046,310.69767441860466,257.36224898748065,0.14767441860465116,168,165,PoleVault/v_PoleVault_g17_c02.avi
8.524670728671392,11.132887353611295,48.05270543892404,0.2761627906976744,225.1906976744186,116.35805168760994,0.2069767441860465,107,105,PoleVault/v_PoleVault_g17_c03.avi
4.5290717144118595,5.898861261638338,25.871074581470324,0.2492732558139535,271.06976744186045,175.3366722077163,0.10523255813953489,134,132,PoleVault/v_PoleVault_g17_c04.avi
1.2959699275454761,1.657234106257859,19.29378138157474,0.5031976744186046,415.1813953488372,760.0295218427187,0.22674418604651161,235,232,PoleVault/v_PoleVault_g17_c05.avi
12.858129470157591,40.37282470927859,322.89471968429586,0.8838662790697674,205.87906976744185,248.9547344287381,0.5587209302325581,164,161,PoleVault/v_PoleVault_g17_c06.avi
14.399881610396253,22.605188506522968,297.8700429717631,0.45973837209302326,303.7767441860465,237.2153695530506,0.1186046511627907,174,171,PoleVault/v_PoleVault_g17_c07.avi
14.741082669412144,29.305518787534236,217.75,0.5625,269.28372093023256,219.73292131980602,0.20755813953488372,129,127,PoleVault/v_PoleVault_g18_c01.avi
9.973847351382018,19.288889460995676,127.37524533833094,0.5265988372093023,264.3720930232558,207.12843148196094,0.19825581395348837,115,113,PoleVault/v_PoleVault_g18_c02.avi
4.167628433656493,5.08210859059734,18.5,0.43531976744186046,264.1488372093023,213.3556833433949,0.21337209302325583,190,187,PoleVault/v_PoleVault_g18_c03.avi
13.675732507957745,19.74080359925437,240.10206163213175,0.34825581395348837,246.4,178.20387592684074,0.2127906976744186,128,126,PoleVault/v_PoleVault_g18_c04.avi
7.135049376686548,18.241220468250333,258.0,0.5178779069767442,247.06976744186048,186.12091535478774,0.2255813953488372,112,110,PoleVault/v_PoleVault_g18_c05.avi
7.689978817245034,13.178972369919286,200.37230971369272,0.38386627906976745,263.36744186046514,229.21871318644838,0.25465116279069766,144,142,PoleVault/v_PoleVault_g18_c06.avi
10.538297948837606,30.859230911449757,319.0767932645682,0.48997093023255817,205.43255813953488,159.94962538529995,0.3633720930232558,204,201,PoleVault/v_PoleVault_g18_c07.avi
1.7565065971869451,2.4382647837005087,22.272460573542386,0.48372093023255813,254.88372093023256,155.61987218447655,0.13604651162790699,70,68,PoleVault/v_PoleVault_g19_c01.avi
1.4292000188530654,1.406299077491905,18.75041666203714,0.28357558139534883,406.5860465116279,663.3808901277572,0.09709302325581395,71,69,PoleVault/v_PoleVault_g19_c02.avi
2.6053223630204685,4.309353815226081,30.59411708155671,0.6079941860465117,203.86976744186046,176.90649683060303,0.40174418604651163,86,84,PoleVault/v_PoleVault_g19_c03.avi
17.07295163001878,35.986864400696625,319.03918254659567,0.7106104651162791,214.5860465116279,221.58853717036033,0.44825581395348835,85,83,PoleVault/v_PoleVault_g19_c04.avi
5.700130046973675,16.56965053812488,256.8443108188305,0.7196220930232559,307.90697674418607,579.5109330972384,0.42965116279069765,85,83,PoleVault/v_PoleVault_g19_c05.avi
1.692664233713038,11.251744938210873,314.0,0.5386627906976744,221.28372093023256,242.10132121694812,0.46918604651162793,78,76,PoleVault/v_PoleVault_g19_c06.avi
1.500103071761261,2.1665555892882487,22.85278976405288,0.4443313953488372,285.24651162790695,235.06398866457832,0.18255813953488373,81,79,PoleVault/v_PoleVault_g19_c07.avi
13.445874197472513,29.303141218178574,325.62538387693303,0.5741279069767442,274.6418604651163,192.9345885449361,0.12616279069767442,252,249,PoleVault/v_PoleVault_g20_c01.avi
7.1797556187168246,8.144862019401998,100.35001245640181,0.2373546511627907,244.16744186046512,144.8878631682306,0.16395348837209303,216,213,PoleVault/v_PoleVault_g20_c02.avi
11.195253173706863,15.58397681748235,69.55438519604641,0.46409883720930234,277.8790697674419,209.1843835139502,0.14883720930232558,150,148,PoleVault/v_PoleVault_g20_c03.avi
11.40777707698077,15.362494603401112,63.78797888317202,0.3428779069767442,277.09767441860464,182.2784599763117,0.09476744186046511,178,175,PoleVault/v_PoleVault_g20_c04.avi
8.776850823954032,12.410460999911988,216.90550938138938,0.28357558139534883,267.72093023255815,187.9720817446403,0.1436046511627907,100,98,PoleVault/v_PoleVault_g20_c05.avi
8.931523574061405,10.722418376095566,38.30225189202327,0.22412790697674417,291.27441860465115,219.39993014035394,0.12093023255813953,129,127,PoleVault/v_PoleVault_g20_c06.avi
6.0110735222892595,17.896998318094006,192.62917743685665,0.4055232558139535,279.21860465116276,211.48630969580668,0.14883720930232558,98,96,PoleVault/v_PoleVault_g21_c01.avi
0.09489734892005319,0.5905757701268898,11.205467415507485,0.9805232558139535,198.51162790697674,156.36575668857864,0.3901162790697674,95,93,PoleVault/v_PoleVault_g21_c02.avi
0.11276488898266296,0.6090216365575905,11.294356998076518,0.9760174418604651,236.0186046511628,185.2027415235002,0.27151162790697675,95,93,PoleVault/v_PoleVault_g21_c03.avi
0.13121356836679374,0.7442106533566124,13.584227986897158,0.961046511627907,210.67906976744186,173.84891670929426,0.363953488372093,80,78,PoleVault/v_PoleVault_g21_c04.avi
0.08658613653751315,0.40688638363338153,16.625,0.9725290697674419,209.78604651162792,144.50895454896573,0.3174418604651163,135,133,PoleVault/v_PoleVault_g21_c05.avi
0.10908298707829374,0.5433735271537179,11.402439431981211,0.9656976744186047,249.52558139534884,215.95877738966465,0.2802325581395349,116,114,PoleVault/v_PoleVault_g21_c06.avi
0.1355772639698499,0.6369878536502388,11.653862020806665,0.9688953488372093,203.646511627907,170.79868654366334,0.39127906976744187,159,157,PoleVault/v_PoleVault_g21_c07.avi
6.82403451026368,17.55533097300564,211.29363454680788,0.5110465116279069,220.39069767441862,150.7149964204786,0.27848837209302324,126,124,PoleVault/v_PoleVault_g22_c01.avi
10.8751951450169,20.369546352853014,383.020887158912,0.48459302325581394,249.30232558139534,169.33626033534316,0.18372093023255814,140,138,PoleVault/v_PoleVault_g22_c02.avi
8.385711665456931,21.718891170322795,383.0,0.4511627906976744,221.50697674418603,102.84311238619011,0.20755813953488372,160,158,PoleVault/v_PoleVault_g22_c03.avi
4.96946686844063,11.166593267538131,316.9022917241212,0.32979651162790696,229.87906976744185,105.78910252520414,0.17325581395348838,200,197,PoleVault/v_PoleVault_g22_c04.avi
0.35085858354014277,3.530290258340704,84.30126407711809,0.9691860465116279,210.7906976744186,214.64438498709904,0.4494186046511628,89,87,PoleVault/v_PoleVault_g23_c01.avi
0.1653127893673451,0.9404010285310653,18.346065654521134,0.9728197674418605,236.46511627906978,208.95524710988695,0.32034883720930235,97,95,PoleVault/v_PoleVault_g23_c02.avi
0.5079949202288958,1.3580888328925511,45.20024889312005,0.8556686046511628,197.50697674418603,178.36393080382078,0.43488372093023253,83,81,PoleVault/v_PoleVault_g23_c03.avi
0.18621783272572973,1.114824976562669,16.064323826417343,0.9667151162790698,223.96279069767442,198.53678356773415,0.35290697674418603,109,107,PoleVault/v_PoleVault_g23_c04.avi
0.1856940749140903,0.8052812120337781,13.038404810405298,0.9619186046511627,229.09767441860464,171.18200498826087,0.275,77,75,PoleVault/v_PoleVault_g23_c05.avi
0.48473815940363935,4.219704761862268,80.09993757800315,0.95,225.1906976744186,190.41456829886596,0.3302325581395349,100,98,PoleVault/v_PoleVault_g23_c06.avi
0.19407251087912533,0.7666124773723242,16.85090872920508,0.9498546511627907,234.56744186046512,202.35698104383957,0.313953488372093,98,96,PoleVault/v_PoleVault_g23_c07.avi
13.03402579882434,14.782833002539112,102.99673841923345,0.36366279069767443,250.08372093023254,192.6333846917055,0.22616279069767442,180,177,PoleVault/v_PoleVault_g24_c01.avi
18.560746824236727,28.853212208400834,134.97250877493536,0.4867732558139535,253.9906976744186,206.92562399798416,0.24069767441860465,172,169,PoleVault/v_PoleVault_g24_c02.avi
8.844113673336091,12.86155823462478,74.58813997546795,0.18851744186046512,255.55348837209303,187.70968597480922,0.1930232558139535,200,197,PoleVault/v_PoleVault_g24_c03.avi
9.268390799481969,13.043262937625142,190.0,0.3309593023255814,251.31162790697675,163.08665296835204,0.16395348837209303,149,147,PoleVault/v_PoleVault_g24_c04.avi
3.837503162653396,12.77777937967344,142.9475428260311,0.4875,237.69302325581396,189.09596111356947,0.27209302325581397,137,135,PoleVault/v_PoleVault_g24_c05.avi
3.446030975566956,12.00821015633061,195.5019181491578,0.4747093023255814,196.16744186046512,128.3781110823953,0.3581395348837209,144,142,PoleVault/v_PoleVault_g24_c06.avi
12.430978984092178,15.914799347130119,87.68124086713189,0.29796511627906974,242.6046511627907,155.73593326075792,0.1883720930232558,159,157,PoleVault/v_PoleVault_g24_c07.avi
5.717312364123165,14.397714868587618,203.4264301903762,0.45813953488372094,249.4139534883721,174.2682529646369,0.19244186046511627,121,119,PoleVault/v_PoleVault_g25_c01.avi
5.434572608758551,13.53864943679708,98.15421539597777,0.3443313953488372,250.64186046511628,187.862040217491,0.21395348837209302,103,101,PoleVault/v_PoleVault_g25_c02.avi
9.629094508489667,16.016862431559932,159.51586911652396,0.3109011627906977,256.5581395348837,154.5865156015912,0.12732558139534883,94,92,PoleVault/v_PoleVault_g25_c03.avi
6.325230924643823,16.13333856553808,355.607930170293,0.4145348837209302,273.07906976744187,398.60746942098865,0.19709302325581396,118,116,PoleVault/v_PoleVault_g25_c04.avi
6.114539854384072,11.668816486119576,61.06195624118179,0.4468023255813954,238.5860465116279,164.45272393594252,0.22093023255813954,112,110,PoleVault/v_PoleVault_g25_c05.avi
7.596115622308879,17.13969261338412,142.6639407839276,0.33066860465116277,249.1906976744186,169.39508218054948,0.18430232558139534,104,102,PoleVault/v_PoleVault_g25_c06.avi
8.763435960780699,19.19229451426645,278.7705149401565,0.5585755813953488,260.0186046511628,168.40593158615832,0.1372093023255814,94,92,PoleVault/v_PoleVault_g25_c07.avi
0.8763043648380513,3.090543748889425,111.75,0.8438953488372093,207.55348837209303,164.62463483576207,0.3616279069767442,257,254,PommelHorse/v_PommelHorse_g08_c01.avi
0.7556162469379614,1.4214086832351138,29.206163733020468,0.7949127906976744,231.33023255813953,145.85624578614943,0.22151162790697673,250,247,PommelHorse/v_PommelHorse_g08_c02.avi
0.8829357648749979,1.5367805375425987,22.727323863578835,0.7835755813953489,243.72093023255815,139.11452962441788,0.1569767441860465,249,246,PommelHorse/v_PommelHorse_g08_c03.avi
0.9511202607586121,1.4128088552571698,21.61632774085367,0.5994186046511628,214.36279069767443,121.79372004900252,0.2633720930232558,252,249,PommelHorse/v_PommelHorse_g08_c04.avi
4.884007419525431,10.181464044026264,121.51858139807261,0.6103197674418605,284.13023255813954,257.3902326753875,0.24651162790697675,249,246,PommelHorse/v_PommelHorse_g09_c01.avi
2.4009736289463097,4.689933617968726,73.0243966082569,0.5591569767441861,259.12558139534883,266.41107953514353,0.37209302325581395,246,243,PommelHorse/v_PommelHorse_g09_c02.avi
0.9188006493170717,4.23934417275483,140.6840431605518,0.7912790697674419,418.1953488372093,688.5336619943116,0.25290697674418605,254,251,PommelHorse/v_PommelHorse_g09_c03.avi
0.45198099426972294,3.255909705448551,130.728726758888,0.885610465116279,275.42325581395346,271.8602281416199,0.32209302325581396,330,326,PommelHorse/v_PommelHorse_g09_c04.avi
0.7402928383313543,1.9832029334977077,65.03076195155643,0.8744186046511628,207.33023255813953,164.68896058071172,0.3627906976744186,308,305,PommelHorse/v_PommelHorse_g10_c01.avi
0.22930957870005414,0.5779034086026342,11.180339887498949,0.9492732558139535,499.12558139534883,1034.2008162902212,0.34767441860465115,308,305,PommelHorse/v_PommelHorse_g10_c02.avi
0.44403872359393276,2.736366979879888,94.0,0.9319767441860465,206.66046511627906,155.5147822773141,0.35,303,300,PommelHorse/v_PommelHorse_g10_c03.avi
0.21690557912311736,1.0129967236803512,54.76597940327554,0.9656976744186047,186.45581395348836,160.19405862792263,0.4552325581395349,438,434,PommelHorse/v_PommelHorse_g10_c04.avi
1.05084045523614,4.431662437229611,167.93599971417683,0.7357558139534883,221.17209302325583,161.39774115243256,0.2930232558139535,236,233,PommelHorse/v_PommelHorse_g11_c01.avi
0.8756694945896631,1.990912606139652,64.24197420689997,0.7914244186046512,244.72558139534883,199.3962842753132,0.2633720930232558,252,249,PommelHorse/v_PommelHorse_g11_c02.avi
0.5717997605779067,4.615547869331847,194.3707796969493,0.8446220930232559,252.9860465116279,214.49153458808422,0.2622093023255814,249,246,PommelHorse/v_PommelHorse_g11_c03.avi
0.488707995460423,1.7924189252119436,65.79513659838392,0.9075581395348837,236.91162790697675,175.31193887269458,0.24825581395348836,295,292,PommelHorse/v_PommelHorse_g11_c04.avi
0.8710167411989954,2.31704375339693,27.768012172281978,0.8215116279069767,216.37209302325581,200.8240029265257,0.39244186046511625,347,343,PommelHorse/v_PommelHorse_g12_c01.avi
0.3803535362294927,1.4470301731219686,40.607881008493905,0.8997093023255814,248.74418604651163,245.08300378701844,0.3563953488372093,334,330,PommelHorse/v_PommelHorse_g12_c02.avi
0.9699142216495894,2.4618100416126536,48.457455566713364,0.85,269.6186046511628,431.5494459561149,0.35930232558139535,296,293,PommelHorse/v_PommelHorse_g12_c03.avi
0.7462608292840394,1.7638168550682378,94.78297579206932,0.8462209302325582,328.33488372093024,442.30487164488756,0.1930232558139535,308,305,PommelHorse/v_PommelHorse_g12_c04.avi
1.6651496218990167,3.386562843923989,18.803257696473768,0.6879360465116279,295.4046511627907,218.8428319471436,0.10406976744186046,573,568,PommelHorse/v_PommelHorse_g12_c05.avi
1.0366179333756351,1.930000824843318,19.03943276465977,0.7138081395348838,258.45581395348836,270.64820837898793,0.3872093023255814,445,441,PommelHorse/v_PommelHorse_g12_c06.avi
1.1325233854963874,2.0467019104116924,16.25,0.7156976744186047,249.1906976744186,236.00787512871062,0.3308139534883721,468,464,PommelHorse/v_PommelHorse_g12_c07.avi
0.7718651352986113,1.5196366423206937,17.765838004439868,0.8170058139534884,301.65581395348835,265.6940934672941,0.20406976744186048,301,298,PommelHorse/v_PommelHorse_g13_c01.avi
0.693662541914529,1.3714096795083976,16.52460286966074,0.8328488372093024,262.80930232558137,242.19291927309698,0.29011627906976745,306,303,PommelHorse/v_PommelHorse_g13_c02.avi
0.5052361513498048,1.285550378006437,15.662455107677085,0.8120639534883721,243.05116279069767,247.07026057670038,0.386046511627907,306,303,PommelHorse/v_PommelHorse_g13_c03.avi
0.1961335542806237,1.6076348876338729,124.61540835707277,0.9760174418604651,243.27441860465117,204.2480799978338,0.2802325581395349,353,349,PommelHorse/v_PommelHorse_g13_c04.avi
1.671473536414183,3.9275285307059105,86.88498144098322,0.7732558139534884,243.05116279069767,235.52335031830614,0.3558139534883721,307,304,PommelHorse/v_PommelHorse_g13_c05.avi
0.96590800928818,2.10551137476837,58.788285397687865,0.7287790697674419,244.6139534883721,241.267032975185,0.363953488372093,305,302,PommelHorse/v_PommelHorse_g13_c06.avi
0.4989202839115018,5.148948077487491,211.14213222377006,0.9156976744186046,223.96279069767442,214.11824273349941,0.3877906976744186,477,473,PommelHorse/v_PommelHorse_g13_c07.avi
0.5962808286066722,1.75569881643937,16.257690487889107,0.9017441860465116,191.3674418604651,148.15168173339333,0.41104651162790695,361,357,PommelHorse/v_PommelHorse_g14_c01.avi
0.40346815255703694,1.9364634243299201,98.29038610159185,0.8857558139534883,721.4883720930233,1316.2871032707433,0.30116279069767443,362,358,PommelHorse/v_PommelHorse_g14_c02.avi
0.7900390945242394,1.4145187206094925,14.960364300377181,0.7244186046511628,366.6232558139535,664.4308229822987,0.21453488372093024,358,354,PommelHorse/v_PommelHorse_g14_c03.avi
0.7379205713536111,1.7883617037866903,22.522211259110417,0.8719476744186047,256.33488372093024,165.4365878428333,0.14709302325581394,358,354,PommelHorse/v_PommelHorse_g14_c04.avi
4.825099349658482,9.911269802614981,150.14659503298768,0.3511627906976744,219.83255813953488,145.14650132519316,0.27209302325581397,253,250,PommelHorse/v_PommelHorse_g15_c01.avi
2.0703307261877244,3.1984365129727,93.00537618869137,0.5642441860465116,247.85116279069769,206.51558010045954,0.26569767441860465,254,251,PommelHorse/v_PommelHorse_g15_c02.avi
2.8690233248930497,6.231029213207214,227.14092541856036,0.6337209302325582,152.85581395348837,162.20668024887487,0.6302325581395349,247,244,PommelHorse/v_PommelHorse_g15_c03.avi
2.465494153729103,3.4253809236087833,42.50018382313187,0.46497093023255814,230.54883720930232,157.52497383706765,0.2441860465116279,293,290,PommelHorse/v_PommelHorse_g15_c04.avi
1.7983806324956984,4.2666216914647075,114.27160627207444,0.6587209302325582,350.54883720930235,336.2678558392713,0.2680232558139535,300,297,PommelHorse/v_PommelHorse_g16_c01.avi
3.0080097452247796,8.202830994830677,77.2795251020605,0.704360465116279,300.7627906976744,306.5823225105011,0.33430232558139533,303,300,PommelHorse/v_PommelHorse_g16_c02.avi
3.4540714510099724,7.902442866387669,82.02438661763951,0.6100290697674419,255.88837209302326,253.61209457743647,0.3494186046511628,203,200,PommelHorse/v_PommelHorse_g16_c03.avi
2.2399538587414356,7.123904920636399,150.86417732516887,0.5575581395348838,310.3627906976744,306.91769749245884,0.3005813953488372,381,377,PommelHorse/v_PommelHorse_g16_c04.avi
1.8828869953036202,6.581151616767953,180.00555546982432,0.6111918604651163,244.94883720930233,190.50403691272072,0.2436046511627907,302,299,PommelHorse/v_PommelHorse_g17_c01.avi
1.7157648283680025,7.655645062714466,184.53154371272137,0.5991279069767442,241.26511627906976,181.78617503619137,0.24186046511627907,491,486,PommelHorse/v_PommelHorse_g17_c02.avi
0.8727845004031224,2.0179973611422297,30.66859142510461,0.8306686046511628,267.3860465116279,229.2413266664887,0.23837209302325582,524,519,PommelHorse/v_PommelHorse_g17_c03.avi
2.712736502014881,9.458352909390307,298.81777473905396,0.7036337209302326,254.43720930232558,218.8101747381876,0.26627906976744187,496,491,PommelHorse/v_PommelHorse_g17_c04.avi
0.7986859774899009,1.6087805717719872,24.16221223315448,0.7765988372093023,245.95348837209303,219.36800910356965,0.30348837209302326,509,504,PommelHorse/v_PommelHorse_g17_c05.avi
1.2395934920765872,3.277504714440613,148.52945835759317,0.647093023255814,239.5906976744186,203.6171051136473,0.2947674418604651,482,478,PommelHorse/v_PommelHorse_g17_c06.avi
3.1933775889143194,7.521470624301874,204.29635336931494,0.5197674418604651,247.96279069767442,170.0359428805621,0.19069767441860466,260,257,PommelHorse/v_PommelHorse_g18_c01.avi
2.8077167345220095,5.663161514662635,39.698866482558415,0.40392441860465117,247.1813953488372,160.06207989810957,0.17616279069767443,257,254,PommelHorse/v_PommelHorse_g18_c02.avi
2.3878447042513566,8.508740269146625,152.50573759698355,0.8655523255813954,234.7906976744186,178.64301913469708,0.26395348837209304,228,225,PommelHorse/v_PommelHorse_g18_c03.avi
0.5500391519050747,0.9860436392735256,17.392527130926087,0.8555232558139535,224.74418604651163,154.54721458494612,0.2651162790697674,279,276,PommelHorse/v_PommelHorse_g18_c04.avi
1.4690124546757408,2.374888834365677,66.12110101926616,0.5072674418604651,213.24651162790698,153.38466517578303,0.31569767441860463,308,305,PommelHorse/v_PommelHorse_g19_c01.avi
1.3330611277921351,8.492709456288377,143.0,0.7536337209302325,219.72093023255815,148.11534248079917,0.27732558139534885,339,335,PommelHorse/v_PommelHorse_g19_c02.avi
2.431220118799293,3.1855303339718577,78.10249675906654,0.5020348837209302,259.2372093023256,397.9919065574516,0.2505813953488372,289,286,PommelHorse/v_PommelHorse_g19_c03.avi
1.5743535916138105,1.9087785779291078,17.5,0.4813953488372093,211.5720930232558,152.55725013921122,0.32209302325581396,395,391,PommelHorse/v_PommelHorse_g19_c04.avi
1.3761215153399822,2.3619864290787347,78.91332270282376,0.6629360465116279,204.2046511627907,156.2305838406933,0.3627906976744186,424,420,PommelHorse/v_PommelHorse_g19_c05.avi
0.6484979615592477,1.3780115321221518,12.90348790056394,0.8357558139534884,495.21860465116276,971.6168369235899,0.2680232558139535,350,346,PommelHorse/v_PommelHorse_g19_c06.avi
0.10661182252781362,0.6872576332582393,16.00195300580526,0.9780523255813953,226.75348837209302,182.97431430977844,0.3081395348837209,310,307,PommelHorse/v_PommelHorse_g20_c01.avi
0.08245042370609287,0.463817734992396,10.784827305061496,0.9754360465116279,241.6,195.28309325599056,0.2680232558139535,278,275,PommelHorse/v_PommelHorse_g20_c02.avi
0.2503753473898292,0.7586024061158594,16.50189383070925,0.9420058139534884,203.53488372093022,132.69642725552873,0.32906976744186045,322,319,PommelHorse/v_PommelHorse_g20_c03.avi
0.21211185287997275,0.6998257056318905,16.694404002539294,0.9555232558139535,218.82790697674417,151.33183363841013,0.2866279069767442,380,376,PommelHorse/v_PommelHorse_g20_c04.avi
0.17533283972485306,1.4903020869222952,67.0,0.9678779069767441,216.37209302325581,146.52518209728493,0.29011627906976745,302,299,PommelHorse/v_PommelHorse_g20_c05.avi
0.08874949886594523,0.5575807001742954,15.436361294035587,0.9786337209302326,201.9720930232558,95.75462421423809,0.29069767441860467,455,451,PommelHorse/v_PommelHorse_g20_c06.avi
0.23644432258788536,0.9789684099719116,32.250968977691194,0.9329941860465116,243.27441860465117,182.0556368997883,0.23372093023255813,491,486,PommelHorse/v_PommelHorse_g20_c07.avi
3.389847824099567,8.352313269019366,63.387695966961914,0.7136627906976745,243.94418604651162,200.79673084331014,0.26976744186046514,296,293,PommelHorse/v_PommelHorse_g21_c01.avi
0.7099482301330688,2.717271072690135,35.63289386227282,0.8875,201.52558139534884,183.41032419144463,0.4255813953488372,303,300,PommelHorse/v_PommelHorse_g21_c02.avi
0.5902969423103682,1.7903907172276883,19.591531971747386,0.8978197674418604,239.47906976744187,226.575945025616,0.3488372093023256,302,299,PommelHorse/v_PommelHorse_g21_c03.avi
0.5572564500339732,2.0208102350698285,49.040799340956916,0.8981104651162791,218.3813953488372,182.32193256908894,0.3447674418604651,320,317,PommelHorse/v_PommelHorse_g21_c04.avi
1.679637698218515,5.101232152509705,58.01131355175471,0.7857558139534884,249.9720930232558,183.57154150114778,0.20813953488372092,390,386,PommelHorse/v_PommelHorse_g22_c01.avi
1.473633194513621,3.1765155655623882,21.273516399504807,0.8042151162790697,299.646511627907,558.6237787713316,0.3308139534883721,434,430,PommelHorse/v_PommelHorse_g22_c02.avi
2.1134394626213093,4.208301574789483,171.95929750961417,0.545203488372093,239.5906976744186,178.96815334988162,0.2436046511627907,412,408,PommelHorse/v_PommelHorse_g22_c03.avi
0.9200699962249526,1.5292541867669645,19.11028845936136,0.754796511627907,240.26046511627908,192.52623395936038,0.2680232558139535,358,354,PommelHorse/v_PommelHorse_g22_c04.avi
2.636112066644493,8.435428671240455,90.2551937563706,0.663953488372093,210.56744186046512,142.74372502142015,0.311046511627907,423,419,PommelHorse/v_PommelHorse_g22_c05.avi
1.144538277270339,8.69230171334979,301.2806001056158,0.617296511627907,249.30232558139534,173.0916593967809,0.19069767441860466,455,451,PommelHorse/v_PommelHorse_g22_c06.avi
1.4782968843541093,4.534429404268009,136.1800279042415,0.7543604651162791,227.4232558139535,169.3356716457736,0.27906976744186046,498,493,PommelHorse/v_PommelHorse_g22_c07.avi
0.4927625393022165,1.1553812480765575,18.27737672643424,0.8909883720930233,220.6139534883721,186.25312806038158,0.34244186046511627,248,245,PommelHorse/v_PommelHorse_g23_c01.avi
1.0625637223537654,2.339186144939321,17.707696066964782,0.7734011627906977,214.47441860465116,168.93311748381817,0.3372093023255814,253,250,PommelHorse/v_PommelHorse_g23_c02.avi
0.8794764221445888,1.679820640926421,13.5,0.7674418604651163,203.4232558139535,161.83655958190243,0.37616279069767444,253,250,PommelHorse/v_PommelHorse_g23_c03.avi
0.4963719690192482,0.9852964942588087,15.495967217311735,0.8629360465116279,329.7860465116279,554.8677200757351,0.20174418604651162,356,352,PommelHorse/v_PommelHorse_g23_c04.avi
0.5337444099277558,1.5087373282502674,18.571231111587622,0.8982558139534884,203.75813953488372,170.77012187959352,0.39069767441860465,319,316,PommelHorse/v_PommelHorse_g24_c01.avi
0.33992869063598063,1.070402126657752,15.252049042669643,0.9039244186046511,223.29302325581395,187.65813225780497,0.33313953488372094,305,302,PommelHorse/v_PommelHorse_g24_c02.avi
0.397240538021871,0.8819381850331327,17.67766952966369,0.8534883720930233,206.88372093023256,166.11192770445342,0.3674418604651163,298,295,PommelHorse/v_PommelHorse_g24_c03.avi
0.37675405341569995,0.9303389129630191,17.139592323039658,0.9226744186046512,186.90232558139536,165.38717012242304,0.4622093023255814,312,309,PommelHorse/v_PommelHorse_g24_c04.avi
0.09592860601701532,0.7254381763810894,23.0,0.9806686046511628,291.8325581395349,299.99548812183144,0.34593023255813954,305,302,PommelHorse/v_PommelHorse_g25_c01.avi
0.10672741398664301,0.9873443229978333,41.012193308819754,0.9780523255813953,361.71162790697673,590.9066353708147,0.32383720930232557,358,354,PommelHorse/v_PommelHorse_g25_c02.avi
0.10887490103228879,0.7287966313778952,16.32482771731451,0.9773255813953489,274.6418604651163,284.5104111656636,0.3633720930232558,329,325,PommelHorse/v_PommelHorse_g25_c03.avi
0.041177130009116325,0.33140632543720966,14.091220671041953,0.9912790697674418,266.9395348837209,252.57120767938073,0.30116279069767443,386,382,PommelHorse/v_PommelHorse_g25_c04.avi
2.963981194604037,4.529541466007108,54.817880294662984,0.36002906976744187,265.93488372093026,184.3922397647244,0.1436046511627907,97,95,PullUps/v_PullUps_g08_c01.avi
1.3811836079084516,2.8042682977421642,58.034472514187634,0.5995639534883721,209.22790697674418,160.1663645634742,0.34593023255813954,104,102,PullUps/v_PullUps_g08_c02.avi
1.398331537518545,3.7836230706217937,192.81597444195333,0.5921511627906977,217.71162790697673,133.74453470129612,0.26453488372093026,105,103,PullUps/v_PullUps_g08_c03.avi
1.484812343759734,3.14470376847551,50.21951811795888,0.6462209302325581,215.03255813953487,128.3551535840905,0.2691860465116279,107,105,PullUps/v_PullUps_g08_c04.avi
1.20311108796754,3.528230868750972,155.66630977832037,0.6050872093023256,268.1674418604651,192.22827965236306,0.15058139534883722,108,106,PullUps/v_PullUps_g09_c01.avi
0.8911862877386757,6.3638684470798434,258.1937257177254,0.7203488372093023,265.8232558139535,417.877634719426,0.3116279069767442,102,100,PullUps/v_PullUps_g09_c02.avi
0.6648892000048859,2.386521248754672,161.83942659315127,0.81875,237.13488372093022,209.73333110994744,0.3191860465116279,106,104,PullUps/v_PullUps_g09_c03.avi
0.8184527502789326,3.4327795566230277,96.00520819205592,0.888953488372093,260.9116279069767,220.8084650480701,0.2441860465116279,100,98,PullUps/v_PullUps_g09_c04.avi
0.7426887539399901,3.59767114026853,62.51399843235114,0.8438953488372093,228.09302325581396,217.8174842912133,0.37790697674418605,143,141,PullUps/v_PullUps_g10_c01.avi
1.1594567042722383,3.129759557744053,33.015148038438355,0.8170058139534884,252.87441860465117,228.09752717583712,0.29534883720930233,174,171,PullUps/v_PullUps_g10_c02.avi
0.6321540728534916,1.8123313764722147,31.064449134018133,0.8210755813953489,272.8558139534884,255.07597163082067,0.28430232558139534,200,197,PullUps/v_PullUps_g10_c03.avi
0.34929328655030867,2.767382549103276,93.64827814754524,0.8693313953488372,279.3302325581395,262.1150426771045,0.27848837209302324,103,101,PullUps/v_PullUps_g10_c04.avi
1.9323227327033734,5.934283832546629,223.6604569431083,0.43517441860465117,262.13953488372096,211.30354902921485,0.21686046511627907,96,94,PullUps/v_PullUps_g11_c01.avi
1.611017085674368,9.814663447613821,196.45864704817652,0.6431686046511628,252.09302325581396,204.65919645965363,0.2436046511627907,115,113,PullUps/v_PullUps_g11_c02.avi
1.2719500695954447,1.8731090360315708,22.003550849806036,0.5572674418604651,267.9441860465116,244.3736305402186,0.275,92,90,PullUps/v_PullUps_g11_c03.avi
1.8473492511470366,3.872379688810945,106.21205204683694,0.6700581395348837,270.4,196.48664786874878,0.15058139534883722,101,99,PullUps/v_PullUps_g11_c04.avi
0.4688795442332843,2.2724876101127296,62.64982043070834,0.8786337209302325,200.74418604651163,162.531727567875,0.3901162790697674,83,81,PullUps/v_PullUps_g12_c01.avi
0.5528641357015709,3.272249678020275,143.0,0.8834302325581396,203.53488372093022,150.8381773950819,0.3569767441860465,74,72,PullUps/v_PullUps_g12_c02.avi
0.5457422674633581,1.8251304477999677,88.09086218218096,0.8707848837209302,193.0418604651163,127.54845177432394,0.37209302325581395,70,68,PullUps/v_PullUps_g12_c03.avi
0.5585348905452894,1.3607056554210115,17.640950229508615,0.8691860465116279,199.29302325581395,141.78484419834263,0.3627906976744186,80,78,PullUps/v_PullUps_g12_c04.avi
1.6775456246287146,2.094670900732682,21.095023109728988,0.5017441860465116,291.0511627906977,210.56361174635842,0.10116279069767442,94,92,PullUps/v_PullUps_g13_c01.avi
3.7894195027567723,4.177504237730289,43.76785350002899,0.3803779069767442,247.51627906976745,261.58456050220434,0.4069767441860465,83,81,PullUps/v_PullUps_g13_c02.avi
0.5379545190757633,1.1042072409199961,39.50711961153331,0.8255813953488372,238.69767441860466,200.78677049022428,0.2924418604651163,79,77,PullUps/v_PullUps_g13_c03.avi
3.3425906141933464,4.090742721413323,70.32469338717375,0.38502906976744183,250.30697674418604,257.3239722519282,0.38313953488372093,82,80,PullUps/v_PullUps_g13_c04.avi
0.39026735889149855,2.305572527754227,44.51755271800102,0.922093023255814,210.56744186046512,186.9489517699271,0.3901162790697674,80,78,PullUps/v_PullUps_g14_c01.avi
0.3558057479031638,2.7352560820587355,51.0,0.9497093023255814,198.1767441860465,182.96886612425354,0.44069767441860463,82,80,PullUps/v_PullUps_g14_c02.avi
0.2692161452444576,1.2397982871687068,20.125,0.9486918604651163,209.78604651162792,172.87137519971228,0.36627906976744184,87,85,PullUps/v_PullUps_g14_c03.avi
0.525025806084423,6.466731454775123,185.06755523321746,0.9446220930232558,189.35813953488372,151.42073562737045,0.42616279069767443,87,85,PullUps/v_PullUps_g14_c04.avi
0.370839303537659,5.529168616622115,222.83079342855646,0.9510174418604651,255.4418604651163,298.77465275927005,0.4866279069767442,166,163,PullUps/v_PullUps_g15_c01.avi
0.230152877286656,0.7504345531950132,14.422205101855956,0.9191860465116279,352.446511627907,342.7726423568491,0.28604651162790695,198,195,PullUps/v_PullUps_g15_c02.avi
0.3114790459190698,1.2418726588324873,16.893508368601236,0.929796511627907,344.9674418604651,360.79740351314615,0.3784883720930233,208,205,PullUps/v_PullUps_g15_c03.avi
0.20680213170656453,0.7702153577813925,17.02388028623322,0.9376453488372093,356.4651162790698,355.2714879897835,0.3209302325581395,193,190,PullUps/v_PullUps_g15_c04.avi
0.6583405906704171,2.003462029813011,16.51703665915893,0.8806686046511628,889.4883720930233,1409.0881163476731,0.18895348837209303,133,131,PullUps/v_PullUps_g16_c01.avi
1.0397120785019058,2.747579846837482,68.63171642906798,0.8290697674418605,698.939534883721,1224.4905503808009,0.20930232558139536,135,133,PullUps/v_PullUps_g16_c02.avi
0.837130148812167,2.9988129458426056,70.02856560004639,0.8281976744186047,933.1348837209302,1439.4847060721709,0.19186046511627908,143,141,PullUps/v_PullUps_g16_c03.avi
1.3078203124745973,3.4232684149426498,69.46221994724903,0.7866279069767442,620.8,1133.2691184726252,0.21627906976744185,145,143,PullUps/v_PullUps_g16_c04.avi
0.471614830677362,1.8640924157170966,23.75,0.8563953488372092,180.76279069767443,166.26953324417335,0.4941860465116279,165,162,PullUps/v_PullUps_g17_c01.avi
0.3782471348791391,1.1843670647457905,18.45602882529175,0.8949127906976744,196.16744186046512,145.588812055671,0.38372093023255816,187,184,PullUps/v_PullUps_g17_c02.avi
0.38724705209502647,2.6810082872842322,145.3994497926316,0.8867732558139535,197.50697674418603,134.52455018504182,0.36046511627906974,203,200,PullUps/v_PullUps_g17_c03.avi
0.408531051553131,1.3050841157750286,22.0,0.8917151162790697,194.49302325581397,120.23310188352598,0.35523255813953486,227,224,PullUps/v_PullUps_g17_c04.avi
0.2954740546805782,0.7958860127052875,13.117259622344905,0.911046511627907,1050.0093023255813,1492.0558315842707,0.28313953488372096,156,154,PullUps/v_PullUps_g18_c01.avi
0.697487416175379,2.7978962332247552,83.09632964216891,0.8263081395348837,1076.1302325581396,1483.6921581813333,0.2680232558139535,165,162,PullUps/v_PullUps_g18_c02.avi
0.9707621889890143,2.5586962065701484,32.7566787083184,0.7652616279069767,1044.539534883721,1497.0239770864985,0.3395348837209302,162,160,PullUps/v_PullUps_g18_c03.avi
0.7765570617772641,2.9314986336028688,40.527768258318886,0.817296511627907,1074.120930232558,1486.6619528729673,0.3063953488372093,164,161,PullUps/v_PullUps_g18_c04.avi
0.441201337837786,1.5099355393454783,24.0,0.907703488372093,208.11162790697674,142.08961012914435,0.32151162790697674,112,110,PullUps/v_PullUps_g19_c01.avi
0.37954279637079213,2.421046463698256,60.40695324215582,0.9190406976744186,219.27441860465117,133.05929451646782,0.2563953488372093,103,101,PullUps/v_PullUps_g19_c02.avi
0.323733124650638,1.2974891575670042,32.984845004941285,0.928343023255814,218.3813953488372,171.4159462553328,0.32383720930232557,109,107,PullUps/v_PullUps_g19_c03.avi
0.45123495151582754,3.210962346067282,65.29787515685331,0.9152616279069767,213.24651162790698,158.87561223249418,0.325,105,103,PullUps/v_PullUps_g19_c04.avi
0.1899666375446112,0.9253795352060331,36.23577307026856,0.9558139534883721,446.2139534883721,835.4713421334272,0.21395348837209302,153,151,PullUps/v_PullUps_g20_c01.avi
0.4729082861036042,1.4235880826620255,11.543396380615196,0.882703488372093,621.5813953488372,1135.973841668985,0.24941860465116278,218,215,PullUps/v_PullUps_g20_c02.avi
0.24939147624275446,0.6183380586735736,6.329494450586082,0.9319767441860465,705.413953488372,1177.3066980191054,0.1941860465116279,198,195,PullUps/v_PullUps_g20_c03.avi
0.2938802151611199,0.8738202015965579,8.00390529679106,0.934593023255814,338.04651162790697,559.5974447424237,0.20290697674418604,190,187,PullUps/v_PullUps_g20_c04.avi
0.05947806845408923,0.37618304810439057,8.707037383633999,0.9819767441860465,187.7953488372093,165.2394315707015,0.4575581395348837,166,163,PullUps/v_PullUps_g21_c01.avi
0.15239902403639083,1.0041671038011935,17.67766952966369,0.9763081395348837,236.8,226.55394552414694,0.36046511627906974,178,175,PullUps/v_PullUps_g21_c02.avi
0.08656667442310853,0.5754353579169005,16.75,0.977906976744186,180.9860465116279,102.42163103063035,0.4,184,181,PullUps/v_PullUps_g21_c03.avi
0.0907281276552868,0.5532230502561549,12.96630247988994,0.9773255813953489,189.13488372093022,100.40798375493189,0.35755813953488375,194,191,PullUps/v_PullUps_g21_c04.avi
0.3023958060398694,1.6445545547248475,45.357779101274346,0.9226744186046512,222.73488372093024,171.128020735356,0.30348837209302326,107,105,PullUps/v_PullUps_g22_c01.avi
0.3471760774505973,2.859343304784879,193.63109254456012,0.9229651162790697,204.4279069767442,166.7855416264229,0.3802325581395349,106,104,PullUps/v_PullUps_g22_c02.avi
0.29578479709785005,1.2588558022429206,37.48332962798263,0.9228197674418605,190.8093023255814,136.21459098491493,0.3953488372093023,107,105,PullUps/v_PullUps_g22_c03.avi
0.3506916062882313,2.3881375376498877,34.50362299817223,0.9318313953488372,208.89302325581394,183.93068132511334,0.3918604651162791,145,143,PullUps/v_PullUps_g22_c04.avi
1.0787822501890465,1.5374380262107106,19.81673850561691,0.5924418604651163,454.69767441860466,899.3441417741203,0.20232558139534884,179,176,PullUps/v_PullUps_g23_c01.avi
0.46106798684231093,1.1367803657816318,16.1245154965971,0.8639534883720931,944.8558139534883,1432.67901682718,0.12383720930232558,191,188,PullUps/v_PullUps_g23_c02.avi
0.36683716406389044,1.0015492128348795,40.01249804748511,0.8553779069767442,1341.4697674418605,1727.6370413835227,0.20232558139534884,189,186,PullUps/v_PullUps_g23_c03.avi
0.7095945379928338,4.602758019648178,167.2602762164406,0.7079941860465117,992.4093023255814,1540.4616825037565,0.24593023255813953,195,192,PullUps/v_PullUps_g23_c04.avi
0.27768050833935537,0.536356446146852,14.7648230602334,0.8931686046511628,434.04651162790697,394.07931874760374,0.27267441860465114,155,153,PullUps/v_PullUps_g24_c01.avi
0.5310670252918351,1.128599285231222,9.486832980505138,0.8940406976744186,397.2093023255814,389.66894465057726,0.3436046511627907,193,190,PullUps/v_PullUps_g24_c02.avi
0.32382098994503566,0.5540917719671667,8.105746418436738,0.8780523255813953,399.553488372093,392.6238340268848,0.35,182,179,PullUps/v_PullUps_g24_c03.avi
0.1825874864628752,0.41831515974031436,4.0,0.9135174418604651,464.9674418604651,397.45454484637276,0.22325581395348837,199,196,PullUps/v_PullUps_g24_c04.avi
0.13553430611052508,0.4830087176686179,11.715374513859981,0.9594476744186047,349.54418604651164,290.3612451735873,0.11511627906976744,93,91,PullUps/v_PullUps_g25_c01.avi
0.28679101344190605,1.1556587138358705,19.1049731745428,0.9270348837209302,403.7953488372093,345.72487378038005,0.1511627906976744,111,109,PullUps/v_PullUps_g25_c02.avi
0.3568453110775253,1.3037161761682188,28.0178514522438,0.9223837209302326,453.13488372093025,495.18174764598365,0.12441860465116279,68,66,PullUps/v_PullUps_g25_c03.avi
0.09896450283630641,0.4040456684316301,8.503675675847475,0.9718023255813953,382.80930232558137,333.63831678195277,0.16279069767441862,80,78,PullUps/v_PullUps_g25_c04.avi
4.8727678687903655,10.430248056563572,177.1016657177453,0.5315406976744186,218.04651162790697,215.79727281165427,0.4186046511627907,252,249,Punch/v_Punch_g08_c01.avi
5.976560014303863,12.505268439860952,187.06683297688022,0.4880813953488372,224.6325581395349,154.5939312881665,0.26569767441860465,252,249,Punch/v_Punch_g08_c02.avi
4.351518250131858,12.575191337493967,198.01010075246163,0.6488372093023256,241.71162790697673,220.0111003640417,0.32325581395348835,252,249,Punch/v_Punch_g08_c03.avi
5.652574142524698,11.818420610196235,144.37586579826976,0.5393895348837209,206.21395348837208,155.6480549656901,0.35232558139534886,252,249,Punch/v_Punch_g08_c04.avi
3.4096043960760034,8.874570715480356,127.03542812932147,0.5620639534883721,218.71627906976744,206.47614528608668,0.3941860465116279,252,249,Punch/v_Punch_g08_c05.avi
5.558517711237673,10.999188318358923,178.61970775925036,0.571656976744186,207.88837209302326,203.01427743273618,0.4366279069767442,252,249,Punch/v_Punch_g08_c06.avi
4.3022955530747815,11.482754759293364,179.0111728356641,0.5742732558139535,181.54418604651164,166.1700912029117,0.49011627906976746,252,249,Punch/v_Punch_g08_c07.avi
2.5993016251445726,7.0072532417959845,201.50015508678896,0.6449127906976744,208.2232558139535,199.7414757469908,0.42790697674418604,301,298,Punch/v_Punch_g09_c01.avi
3.0761449578968696,5.917080500185889,47.16990566028302,0.5748546511627907,222.4,219.51618682700774,0.40755813953488373,301,298,Punch/v_Punch_g09_c02.avi
2.51842346753148,7.026528685973937,134.01492454200763,0.6741279069767442,225.74883720930234,226.2463612680213,0.4087209302325581,301,298,Punch/v_Punch_g09_c03.avi
4.4404452843239035,9.73515292120824,144.75345419021957,0.6584302325581395,216.03720930232558,192.1944715504002,0.3755813953488372,301,298,Punch/v_Punch_g09_c04.avi
2.0183094143391633,5.795452852449639,98.97979591815695,0.6223837209302325,246.1767441860465,249.45817828842786,0.37906976744186044,301,298,Punch/v_Punch_g09_c05.avi
5.546269646822036,12.745179275596527,220.482602771738,0.6129360465116279,210.34418604651162,165.09608943057287,0.3494186046511628,301,298,Punch/v_Punch_g09_c06.avi
2.4483367651892594,9.268580774886136,200.40618908856084,0.5867732558139535,214.69767441860466,199.14556261908209,0.39651162790697675,301,298,Punch/v_Punch_g09_c07.avi
0.28404113859721986,0.9651368061313956,14.87972613995298,0.920639534883721,316.72558139534885,675.4031175572535,0.4558139534883721,174,171,Punch/v_Punch_g10_c01.avi
1.429900877064932,4.7234420147290175,73.57309290766564,0.7578488372093023,196.39069767441862,177.39089907956787,0.4383720930232558,144,142,Punch/v_Punch_g10_c02.avi
0.41894248777086274,1.2094975265766406,19.4164878389476,0.897093023255814,184.7813953488372,137.43911507115206,0.42674418604651165,69,67,Punch/v_Punch_g10_c03.avi
0.3125951135198608,1.1360126168502884,17.822475277020306,0.9120639534883721,170.26976744186047,137.72983925379478,0.5,101,99,Punch/v_Punch_g10_c04.avi
1.5792517031691902,6.82968650557495,248.0,0.5662790697674419,214.69767441860466,78.89337369637784,0.21511627906976744,77,75,Punch/v_Punch_g10_c05.avi
0.3961252942121118,1.3510534334063506,19.235384061671343,0.9090116279069768,274.4186046511628,542.2517321772386,0.32965116279069767,132,130,Punch/v_Punch_g10_c06.avi
2.515105400464402,3.6356713420300095,29.00107756618709,0.44752906976744183,422.66046511627906,375.84953826463214,0.22267441860465118,295,292,Punch/v_Punch_g11_c01.avi
3.99233071030313,13.700368243687901,184.0,0.592296511627907,444.2046511627907,368.6609269344042,0.14534883720930233,301,298,Punch/v_Punch_g11_c02.avi
2.284230026700701,6.381155888295582,245.03265088555034,0.5226744186046511,434.26976744186044,367.4635900551577,0.1622093023255814,297,294,Punch/v_Punch_g11_c03.avi
1.1633310174685771,2.70150982073508,81.0,0.6859011627906977,410.6046511627907,382.3149888194826,0.27848837209302324,301,298,Punch/v_Punch_g11_c04.avi
1.5887264449140965,4.63281266497512,172.78545222327023,0.7149709302325581,450.2325581395349,383.43495474638587,0.1930232558139535,278,275,Punch/v_Punch_g11_c05.avi
3.113741686265322,9.936055670256408,191.0,0.5430232558139535,427.57209302325583,377.51348432752394,0.2180232558139535,301,298,Punch/v_Punch_g11_c06.avi
0.6879976328683043,1.4151058394919165,36.66486738009562,0.7434593023255814,435.9441860465116,371.437830600333,0.1744186046511628,301,298,Punch/v_Punch_g11_c07.avi
3.453578510807476,7.090012894382392,108.00028935146425,0.5872093023255814,220.8372093023256,144.72828273965717,0.2668604651162791,301,298,Punch/v_Punch_g12_c01.avi
3.0828716475734197,6.052661443044938,71.51147198177367,0.5962209302325582,207.2186046511628,131.43070905147675,0.30988372093023253,301,298,Punch/v_Punch_g12_c02.avi
1.9790633734486502,6.1801276424484515,126.0,0.6103197674418605,228.09302325581396,188.2610525435716,0.3127906976744186,290,287,Punch/v_Punch_g12_c03.avi
2.825187963442195,7.823932705623337,162.0,0.49767441860465117,228.53953488372093,135.03765907044425,0.21744186046511627,301,298,Punch/v_Punch_g12_c04.avi
2.77011465803526,8.069681143204802,148.50526084957394,0.7447674418604651,207.33023255813953,155.31225192373054,0.34651162790697676,301,298,Punch/v_Punch_g12_c05.avi
4.111253263589578,9.082064854253586,182.0,0.5824127906976744,245.17209302325583,170.19617453354178,0.20290697674418604,301,298,Punch/v_Punch_g12_c06.avi
1.8943726343543599,5.0555172411056315,127.85783120325482,0.6373546511627907,277.9906976744186,199.6845416964881,0.12732558139534883,301,298,Punch/v_Punch_g12_c07.avi
2.72738461005798,5.624832208919579,132.30646242719968,0.42151162790697677,192.59534883720931,122.52331140983664,0.3674418604651163,301,298,Punch/v_Punch_g13_c01.avi
3.061901939388889,7.7740106810787095,155.93909067324972,0.6042151162790698,209.78604651162792,198.27969624960355,0.4174418604651163,301,298,Punch/v_Punch_g13_c02.avi
2.821158556054321,2.7210831330305076,81.09870529176159,0.2626453488372093,221.17209302325583,165.33355478389655,0.3,200,197,Punch/v_Punch_g13_c03.avi
3.322118071861577,6.56227283614895,51.0,0.6883720930232559,197.6186046511628,172.22673975438627,0.42267441860465116,301,298,Punch/v_Punch_g13_c04.avi
2.625408539375271,5.985399567366122,132.12641910306962,0.65625,193.71162790697673,168.00634153217055,0.43372093023255814,301,298,Punch/v_Punch_g13_c05.avi
1.8696895278964207,3.5600075538773783,55.5,0.6337209302325582,207.7767441860465,174.66881996644233,0.37906976744186044,301,298,Punch/v_Punch_g13_c06.avi
3.5835544990000012,9.069758639680403,184.00271737123884,0.6494186046511627,225.9720930232558,169.90629199182104,0.2866279069767442,301,298,Punch/v_Punch_g13_c07.avi
2.032706355932849,3.997302454039179,40.12519470357745,0.6216569767441861,216.8186046511628,166.87976350600584,0.3226744186046512,301,298,Punch/v_Punch_g14_c01.avi
2.7270930385680643,6.921784544249904,112.18017037337749,0.5719476744186046,220.50232558139535,216.11566400228793,0.40813953488372096,301,298,Punch/v_Punch_g14_c02.avi
4.369580068792417,10.351468171056442,220.03636063160107,0.3979651162790698,212.8,141.9330729932327,0.29941860465116277,276,273,Punch/v_Punch_g14_c03.avi
3.8668603909453187,9.679402570496524,163.75119274374768,0.525,239.47906976744187,215.92011502764927,0.32325581395348835,301,298,Punch/v_Punch_g14_c04.avi
3.6737860204935506,13.306410880876685,236.54280796507004,0.5357558139534884,253.9906976744186,226.6963544540782,0.2872093023255814,301,298,Punch/v_Punch_g14_c05.avi
2.449106006015555,4.937747615980215,148.2518971210824,0.5854651162790697,254.43720930232558,259.16634599140684,0.37093023255813956,301,298,Punch/v_Punch_g14_c06.avi
2.9003325057759946,4.997793294714674,176.7492043829335,0.4703488372093023,251.31162790697675,209.14899686120322,0.2569767441860465,301,298,Punch/v_Punch_g14_c07.avi
2.7687700299374356,4.399808028345235,56.568542494923804,0.5688953488372093,289.2651162790698,433.5567551612092,0.29186046511627906,277,274,Punch/v_Punch_g15_c01.avi
1.6477835517494859,8.609615674301093,272.15069355046666,0.7321220930232558,220.05581395348838,199.75332846698652,0.3732558139534884,301,298,Punch/v_Punch_g15_c02.avi
3.486585706998418,8.323555666762624,125.03199590504823,0.49520348837209305,208.44651162790697,198.61123805862573,0.42441860465116277,301,298,Punch/v_Punch_g15_c03.avi
2.146024780982178,8.604697100775626,140.0,0.846656976744186,560.7441860465116,1032.675191354131,0.2569767441860465,301,298,Punch/v_Punch_g15_c04.avi
3.1848653133592886,8.953088994290479,158.86157496386593,0.6120639534883721,239.25581395348837,253.43960273335307,0.4197674418604651,301,298,Punch/v_Punch_g15_c05.avi
1.8523087695470548,5.328998628870462,128.03515142334936,0.6414244186046512,509.73023255813956,985.5923124169013,0.39476744186046514,151,149,Punch/v_Punch_g15_c06.avi
4.680614955575047,12.364684888474955,177.51113521410426,0.5257267441860465,222.06511627906977,194.78554800949317,0.35348837209302325,301,298,Punch/v_Punch_g16_c01.avi
3.233887672362294,6.595298620305414,91.44704751931579,0.6180232558139535,251.9813953488372,406.64169660932316,0.3186046511627907,301,298,Punch/v_Punch_g16_c02.avi
2.725652084789549,4.165056071526704,46.09772228646444,0.536046511627907,235.7953488372093,180.60826161727263,0.2633720930232558,301,298,Punch/v_Punch_g16_c03.avi
3.027643408551454,5.141235594969415,56.60388679233962,0.5299418604651163,212.24186046511628,164.50545227771875,0.3395348837209302,301,298,Punch/v_Punch_g16_c04.avi
2.210490648841649,4.424025581826021,86.35392289873113,0.5190406976744186,210.34418604651162,165.09608943057287,0.3494186046511628,301,298,Punch/v_Punch_g16_c05.avi
2.326139926016037,3.863239856735495,30.265491900843113,0.5315406976744186,220.72558139534883,181.55461487607937,0.3325581395348837,301,298,Punch/v_Punch_g16_c06.avi
2.7823673630744485,7.412638563457041,192.44804493680886,0.5527616279069767,228.87441860465117,147.03183659840204,0.23430232558139535,301,298,Punch/v_Punch_g16_c07.avi
2.532975490565644,5.962940517826385,223.32263655975405,0.6068313953488372,294.28837209302327,278.87303204922245,0.2703488372093023,301,298,Punch/v_Punch_g17_c01.avi
5.989803942969735,11.015129778009111,133.5,0.4242732558139535,216.8186046511628,171.9402806761209,0.3319767441860465,301,298,Punch/v_Punch_g17_c02.avi
2.763596817883326,14.608543135348647,254.0,0.7734011627906977,381.13488372093025,693.3237878723314,0.38546511627906976,266,263,Punch/v_Punch_g17_c03.avi
3.7988325457484593,8.700405991770138,99.12618221237011,0.5790697674418605,225.86046511627907,211.52531119041586,0.3732558139534884,301,298,Punch/v_Punch_g17_c04.avi
4.8346922201836975,14.039835720385998,211.0,0.75,287.8139534883721,560.3028772225829,0.38546511627906976,301,298,Punch/v_Punch_g17_c05.avi
2.6260612976675297,13.175961773889503,256.0,0.7427325581395349,273.4139534883721,287.99446181803273,0.37906976744186044,301,298,Punch/v_Punch_g17_c06.avi
2.365639068513689,12.694393246368724,201.5293480488636,0.8656976744186047,448.78139534883724,777.1405569362998,0.2936046511627907,301,298,Punch/v_Punch_g17_c07.avi
2.7042544682325373,5.354391574557254,93.00537618869137,0.49011627906976746,259.3488372093023,204.40712722759602,0.2127906976744186,301,298,Punch/v_Punch_g18_c01.avi
2.177556560906279,5.298394943343961,77.00162335951106,0.6696220930232558,199.73953488372092,146.12873289167965,0.3674418604651163,301,298,Punch/v_Punch_g18_c02.avi
2.153393524116147,4.69613122799259,55.02982146073163,0.698110465116279,207.55348837209303,165.92143188147426,0.363953488372093,301,298,Punch/v_Punch_g18_c03.avi
2.515541824963765,10.330294698258875,251.27101902129502,0.7308139534883721,187.0139534883721,212.9559727195461,0.5593023255813954,285,282,Punch/v_Punch_g18_c04.avi
2.1616380965309587,6.560435872098937,108.00007233793873,0.6215116279069768,227.53488372093022,182.68734873487318,0.3040697674418605,301,298,Punch/v_Punch_g18_c05.avi
1.754538728011837,3.369878019088304,45.37654956031805,0.6324127906976744,265.71162790697673,202.25273299593917,0.1819767441860465,301,298,Punch/v_Punch_g18_c06.avi
2.7498001644103525,4.677068076166273,80.05623023850174,0.5661337209302325,275.646511627907,419.3749786532208,0.27906976744186046,301,298,Punch/v_Punch_g18_c07.avi
3.0492318989112186,10.7320534542816,174.29187086608485,0.6829941860465116,221.17209302325583,179.0261073926856,0.32558139534883723,301,298,Punch/v_Punch_g19_c01.avi
3.339587684712451,7.863316835885725,259.0694887477103,0.5383720930232558,246.28837209302327,214.29275911466962,0.29011627906976745,301,298,Punch/v_Punch_g19_c02.avi
2.4960330659699244,7.597850313117023,121.59358535712317,0.6518895348837209,212.46511627906978,147.96909621366484,0.31046511627906975,301,298,Punch/v_Punch_g19_c03.avi
2.5887137562558173,7.473527258877787,254.03149411047443,0.407703488372093,240.70697674418605,163.42230270404494,0.20988372093023255,301,298,Punch/v_Punch_g19_c04.avi
4.8544890190556504,13.026238497664057,272.26265466457204,0.46075581395348836,213.58139534883722,147.56854655697035,0.30465116279069765,301,298,Punch/v_Punch_g19_c05.avi
3.6758677672102866,9.045193914417142,125.13193037750197,0.6079941860465117,258.2325581395349,413.5539017318564,0.32325581395348835,301,298,Punch/v_Punch_g19_c06.avi
4.078161471581231,6.837625438090566,294.7303852676205,0.5700581395348837,196.6139534883721,163.51168023337667,0.4116279069767442,301,298,Punch/v_Punch_g19_c07.avi
3.3840845361249605,5.649842985305868,56.61271941887264,0.39098837209302323,233.67441860465115,175.47963784747387,0.2627906976744186,301,298,Punch/v_Punch_g20_c01.avi
4.560663477878285,10.46661451165504,195.04102132628407,0.6161337209302326,232.0,145.52678966990206,0.2180232558139535,290,287,Punch/v_Punch_g20_c02.avi
4.322353613904573,6.951524196270701,256.3201123595259,0.45479651162790696,225.63720930232557,175.0052185577464,0.29767441860465116,301,298,Punch/v_Punch_g20_c03.avi
2.5087897939965407,8.054231632432122,199.58456854175876,0.4857558139534884,239.3674418604651,183.79252676171555,0.25406976744186044,301,298,Punch/v_Punch_g20_c04.avi
1.3405855570978056,4.570421669566964,167.97693294021056,0.6353197674418605,226.53023255813955,156.54929461397123,0.26046511627906976,301,298,Punch/v_Punch_g21_c01.avi
2.354157877943992,5.017194373110803,144.87586281020037,0.5059593023255814,233.11627906976744,156.3498178730803,0.23081395348837208,301,298,Punch/v_Punch_g21_c02.avi
2.5211735429198447,6.893762209706757,132.23085872821065,0.6822674418604651,233.33953488372094,144.85633964265213,0.21104651162790697,301,298,Punch/v_Punch_g21_c03.avi
2.2740870410752025,6.550596469288202,212.1675708608646,0.4879360465116279,217.37674418604652,146.13470185782052,0.28488372093023256,301,298,Punch/v_Punch_g21_c04.avi
2.3300171935765657,4.897627373460081,120.22063050907694,0.5623546511627907,234.90232558139536,171.2445952138067,0.24941860465116278,301,298,Punch/v_Punch_g21_c05.avi
4.174594620886551,7.647262251541546,40.37674144851216,0.6311046511627907,241.26511627906976,152.27355873592356,0.1883720930232558,301,298,Punch/v_Punch_g21_c06.avi
2.889245899167222,7.019979387795639,157.08914666519772,0.5020348837209302,215.03255813953487,152.7529510557705,0.3063953488372093,256,253,Punch/v_Punch_g21_c07.avi
2.21893729954783,5.134488083383575,123.50056933067151,0.6149709302325581,239.25581395348837,239.52706241464378,0.3825581395348837,301,298,Punch/v_Punch_g22_c01.avi
1.8409048083023118,5.821507601552886,165.13025161974412,0.6209302325581395,229.2093023255814,254.68782150918528,0.46744186046511627,265,262,Punch/v_Punch_g22_c02.avi
1.4714537248085855,4.385545760499254,131.5287516096766,0.6734011627906977,244.6139534883721,239.48377580760578,0.35930232558139535,301,298,Punch/v_Punch_g22_c03.avi
2.847126564983896,8.028776848163995,56.236387241713885,0.6049418604651163,273.86046511627904,245.19546843145068,0.2534883720930233,301,298,Punch/v_Punch_g22_c04.avi
2.3525670520250506,5.737403728142959,62.75796762164944,0.5111918604651163,221.50697674418603,247.30051147254196,0.4819767441860465,280,277,Punch/v_Punch_g22_c05.avi
2.2371257558343736,5.1386239790084485,37.50083332407428,0.5279069767441861,273.9720930232558,241.6211510123844,0.2436046511627907,301,298,Punch/v_Punch_g22_c06.avi
1.1448438079364183,4.047897491046043,178.84630272946657,0.7409883720930233,267.9441860465116,264.5866572795839,0.3308139534883721,301,298,Punch/v_Punch_g22_c07.avi
3.529230990204351,8.450566545961465,288.01312904102133,0.4196220930232558,214.92093023255813,152.7931213570113,0.30697674418604654,301,298,Punch/v_Punch_g23_c01.avi
1.8760804800881559,8.006904553211434,286.4349838968697,0.6216569767441861,264.2604651162791,412.0755034335531,0.29186046511627906,301,298,Punch/v_Punch_g23_c02.avi
1.9180809570641386,5.063114667924189,156.01281998605114,0.5081395348837209,225.52558139534884,148.55451758337549,0.2517441860465116,301,298,Punch/v_Punch_g23_c03.avi
2.959204464081835,9.462428660759437,187.32325002519042,0.5604651162790698,191.25581395348837,159.3270868551008,0.43023255813953487,301,298,Punch/v_Punch_g23_c04.avi
3.501915054994146,10.092830922189943,163.62457028209425,0.5904069767441861,211.34883720930233,148.36016573769956,0.31627906976744186,301,298,Punch/v_Punch_g23_c05.avi
3.710889384969008,9.458501721918847,219.79080963497995,0.5133720930232558,225.86046511627907,115.98026724611968,0.20348837209302326,301,298,Punch/v_Punch_g23_c06.avi
2.6370472489315415,10.935424918315332,273.1483113621609,0.5997093023255814,357.3581395348837,747.2450468943681,0.2813953488372093,301,298,Punch/v_Punch_g23_c07.avi
1.5958074285841553,4.454340917727419,146.03081866510234,0.5799418604651163,249.86046511627907,169.04073836708903,0.1808139534883721,301,298,Punch/v_Punch_g24_c01.avi
3.590533269984003,12.646925016404905,339.0446135835224,0.5469476744186047,232.66976744186047,210.30528809868642,0.34011627906976744,301,298,Punch/v_Punch_g24_c02.avi
4.0825860947383354,11.607925513583547,174.01149387324966,0.6803779069767442,462.7348837209302,1043.174920979157,0.5116279069767442,286,283,Punch/v_Punch_g24_c03.avi
3.0275428595226197,10.760825460599756,266.48076853686837,0.85,458.3813953488372,913.9774480083305,0.33895348837209305,264,261,Punch/v_Punch_g24_c04.avi
2.548030402158718,4.8158648488006035,80.15609770940699,0.6010174418604651,217.26511627906976,168.00763947708123,0.3226744186046512,301,298,Punch/v_Punch_g24_c05.avi
1.1462742045352323,3.2671318415116715,171.5925406304132,0.6843023255813954,250.08372093023254,407.06629648620117,0.32848837209302323,272,269,Punch/v_Punch_g24_c06.avi
4.251947738903493,6.704393038199845,78.0,0.541860465116279,427.57209302325583,825.6873461788095,0.16686046511627908,301,298,Punch/v_Punch_g24_c07.avi
2.9459949423672014,6.609801983331209,185.33483212823216,0.6306686046511628,202.1953488372093,151.21836659933652,0.363953488372093,301,298,Punch/v_Punch_g25_c01.avi
3.616652119061965,8.664142913005366,162.00308639035245,0.6007267441860465,236.68837209302325,180.23088707402363,0.25872093023255816,301,298,Punch/v_Punch_g25_c02.avi
3.9296198426959865,9.778476864269741,66.15665593876402,0.6344476744186046,229.32093023255814,201.04055885843385,0.33430232558139533,301,298,Punch/v_Punch_g25_c03.avi
4.649937464212538,11.09298217135107,171.3300907604966,0.5053779069767442,187.23720930232557,136.97358262233655,0.413953488372093,301,298,Punch/v_Punch_g25_c04.avi
2.212650184030372,6.523745126450268,239.0188277102873,0.3260174418604651,239.25581395348837,164.13098753998014,0.21744186046511627,301,298,Punch/v_Punch_g25_c05.avi
3.192369298084004,6.965249545405169,90.73080031058913,0.5127906976744186,227.53488372093022,179.13322946735784,0.29709302325581394,301,298,Punch/v_Punch_g25_c06.avi
3.0428248548703776,4.9260254110446375,61.420934948924376,0.5069767441860465,238.36279069767443,153.7872844159294,0.20348837209302326,301,298,Punch/v_Punch_g25_c07.avi
1.8641254306888462,4.202058392766248,60.508263898413084,0.538953488372093,271.06976744186045,262.47457421481465,0.3122093023255814,85,83,PushUps/v_PushUps_g08_c01.avi
1.84838072816359,2.496151988247845,54.20332093147061,0.4965116279069767,224.6325581395349,226.5677779600069,0.4145348837209302,85,83,PushUps/v_PushUps_g08_c02.avi
5.910267323326541,9.803949006892815,147.69436346726303,0.49098837209302326,213.58139534883722,229.4326909005492,0.4720930232558139,85,83,PushUps/v_PushUps_g08_c03.avi
1.9312223164066489,3.0581263568511337,42.20189569201838,0.5084302325581396,202.1953488372093,177.3133318529244,0.4104651162790698,85,83,PushUps/v_PushUps_g08_c04.avi
0.6909469797867707,3.2199149889997356,38.0,0.9129360465116279,144.14883720930231,116.9611193041537,0.608139534883721,85,83,PushUps/v_PushUps_g09_c01.avi
0.4861473288569768,1.6502325364488875,25.31427462914946,0.8796511627906977,163.34883720930233,171.32247354188058,0.5918604651162791,85,83,PushUps/v_PushUps_g09_c02.avi
0.6287594442515568,2.7223882110086524,31.535694062442957,0.8886627906976744,144.70697674418605,137.26288713225867,0.6331395348837209,85,83,PushUps/v_PushUps_g09_c03.avi
0.44594863491029,1.5431170438749064,18.200274723201296,0.8728197674418605,171.1627906976744,149.5980553027062,0.513953488372093,85,83,PushUps/v_PushUps_g09_c04.avi
1.5236427154403074,4.41312056846949,86.51770050111134,0.770639534883721,257.33953488372094,421.46322200965574,0.3627906976744186,70,68,PushUps/v_PushUps_g10_c01.avi
1.2517538396037904,5.923538707313643,246.42696686848214,0.8061046511627907,219.83255813953488,199.8203143069668,0.3744186046511628,63,61,PushUps/v_PushUps_g10_c02.avi
1.5620002598010667,5.439318964617401,63.11324147910643,0.7917151162790698,207.10697674418606,185.55486293985226,0.40348837209302324,67,65,PushUps/v_PushUps_g10_c03.avi
1.2100825482314221,3.8026268829855137,54.91812087098393,0.7520348837209302,266.9395348837209,417.59336075735314,0.3058139534883721,72,70,PushUps/v_PushUps_g10_c04.avi
0.5233643828642784,1.8768213215153011,56.74339168572848,0.8611918604651163,492.31627906976746,851.3475678962727,0.2738372093023256,67,65,PushUps/v_PushUps_g11_c01.avi
0.6233017537101095,2.001289807605433,132.0,0.7627906976744186,411.3860465116279,684.5048013426306,0.23953488372093024,60,58,PushUps/v_PushUps_g11_c02.avi
0.7884186618980835,3.2737730886478,107.5,0.9265988372093024,465.9720930232558,776.0774710566374,0.2505813953488372,56,54,PushUps/v_PushUps_g11_c03.avi
0.646082176507272,3.9212206342328333,115.00434774390054,0.8533430232558139,295.293023255814,291.1810476481335,0.30465116279069765,64,62,PushUps/v_PushUps_g11_c04.avi
1.9414413620942002,3.7449800612562405,116.50670581558815,0.6283430232558139,354.1209302325581,358.9540934295531,0.34244186046511627,75,73,PushUps/v_PushUps_g12_c01.avi
1.6422828886746415,4.167302844772507,82.0792300158816,0.6425872093023256,394.86511627906975,376.5681697349693,0.29534883720930233,75,73,PushUps/v_PushUps_g12_c02.avi
1.89467498689826,4.715888650871991,87.86353054595519,0.6420058139534883,415.1813953488372,520.729577302003,0.35,71,69,PushUps/v_PushUps_g12_c03.avi
1.396690914544024,3.4524788398578528,78.2368199762746,0.7404069767441861,370.1953488372093,363.0140736290885,0.30988372093023253,73,71,PushUps/v_PushUps_g12_c04.avi
1.416682906550269,3.512190978418901,36.05551275463989,0.7296511627906976,294.95813953488374,314.6782381998137,0.38313953488372093,73,71,PushUps/v_PushUps_g13_c01.avi
2.2482129190474245,11.414683445222645,318.8828154667479,0.5370639534883721,316.72558139534885,326.8312615580688,0.34651162790697676,73,71,PushUps/v_PushUps_g13_c02.avi
1.0635885174241155,2.937175256625426,123.03657992645927,0.6850290697674418,297.30232558139534,278.1730710123684,0.2569767441860465,52,50,PushUps/v_PushUps_g13_c03.avi
2.1098519470282384,5.969571701444343,56.42818998514838,0.7348837209302326,354.5674418604651,332.0278411700751,0.24011627906976743,60,58,PushUps/v_PushUps_g13_c04.avi
2.3110786205087406,7.954943397531995,236.93247983339052,0.6914244186046512,255.2186046511628,417.8641412996567,0.35523255813953486,104,102,PushUps/v_PushUps_g14_c01.avi
3.377129240430619,7.759585565709553,262.5476147292144,0.6587209302325582,180.53953488372093,148.60118960920883,0.46511627906976744,99,97,PushUps/v_PushUps_g14_c02.avi
3.5234070586008097,9.091704844323287,172.28464818433474,0.7052325581395349,263.1441860465116,435.60956772028516,0.4046511627906977,101,99,PushUps/v_PushUps_g14_c03.avi
2.4318510298873526,7.997330302962721,271.9750965162068,0.6792151162790697,249.4139534883721,232.26114170225514,0.32034883720930235,95,93,PushUps/v_PushUps_g14_c04.avi
0.07200429600853518,0.6571441664385542,20.953818267800262,0.9847383720930233,642.6790697674419,1234.0949736468947,0.3186046511627907,106,104,PushUps/v_PushUps_g15_c01.avi
0.4279692623473074,3.180166411977465,128.22636234409833,0.9377906976744186,200.29767441860466,96.47125005728353,0.29941860465116277,87,85,PushUps/v_PushUps_g15_c02.avi
0.28382611053064016,4.962172045123534,214.7342834761138,0.967296511627907,120.93023255813954,105.4455431697543,0.7220930232558139,86,84,PushUps/v_PushUps_g15_c03.avi
0.434195908707483,5.117824403004049,184.53184007102948,0.9343023255813954,193.6,115.0254491557776,0.35290697674418603,91,89,PushUps/v_PushUps_g15_c04.avi
1.467966852915228,5.011568802805544,174.1034175425629,0.6149709302325581,326.2139534883721,312.65538022244925,0.26453488372093026,72,70,PushUps/v_PushUps_g16_c01.avi
0.5003676359772319,1.1461325330747618,17.88854381999832,0.8517441860465116,359.5906976744186,349.2554471376605,0.28837209302325584,77,75,PushUps/v_PushUps_g16_c02.avi
1.3615277355592121,2.9988424277147847,51.62363799656123,0.6777616279069767,318.1767441860465,308.57214514841206,0.27848837209302324,34,32,PushUps/v_PushUps_g16_c03.avi
1.0104603237637466,2.2303114686801053,19.4164878389476,0.7832848837209302,316.83720930232556,307.86594260402984,0.28081395348837207,30,28,PushUps/v_PushUps_g16_c04.avi
0.3457221455194882,1.4231999158315682,26.476404589747453,0.9372093023255814,382.25116279069766,373.9704654251132,0.3191860465116279,81,79,PushUps/v_PushUps_g17_c01.avi
1.3299353757155497,7.862180647998949,109.26401511934293,0.8587209302325581,275.0883720930233,316.4378282808763,0.46569767441860466,82,80,PushUps/v_PushUps_g17_c02.avi
0.35710788523509795,2.2991832222667496,96.18731725128839,0.9479651162790698,365.1720930232558,360.5660190657483,0.31511627906976747,75,73,PushUps/v_PushUps_g17_c03.avi
0.4319115058315231,3.1841368141579123,83.05419917138447,0.9334302325581395,380.9116279069767,378.7454279157933,0.34244186046511627,80,78,PushUps/v_PushUps_g17_c04.avi
3.3111586568445315,7.968222176249582,86.53900854527974,0.6379360465116279,246.1767441860465,155.17547881868762,0.17209302325581396,73,71,PushUps/v_PushUps_g18_c01.avi
2.0208647638793513,5.84884540720559,218.58636736997119,0.8100290697674418,218.6046511627907,191.42721484422702,0.3622093023255814,72,70,PushUps/v_PushUps_g18_c02.avi
1.8624830092601046,10.565814881218149,205.86646157157313,0.7771802325581395,229.43255813953488,196.69065278618586,0.3244186046511628,76,74,PushUps/v_PushUps_g18_c03.avi
1.5169702763771942,6.348897437612349,182.98907071188705,0.7994186046511628,274.0837209302326,555.2107267788876,0.40813953488372096,72,70,PushUps/v_PushUps_g18_c04.avi
0.8002220614778903,2.7706818148579497,39.319206502675,0.8700581395348838,308.68837209302325,306.3362654652733,0.30465116279069765,73,71,PushUps/v_PushUps_g19_c01.avi
0.9137503454597022,2.905638593013102,46.7294406664578,0.8625,371.646511627907,485.5491119982096,0.2744186046511628,76,74,PushUps/v_PushUps_g19_c02.avi
1.2121900052130625,5.553465880958562,128.25,0.8486918604651162,307.7953488372093,294.6516665989342,0.26976744186046514,77,75,PushUps/v_PushUps_g19_c03.avi
1.0254914058958506,4.162565723778638,105.65036677645753,0.8488372093023255,335.0325581395349,458.31346423393137,0.24883720930232558,77,75,PushUps/v_PushUps_g19_c04.avi
1.1126085223117712,1.7291137556573992,22.014199962751317,0.5765988372093023,256.6697674418605,151.71723321176898,0.12209302325581395,95,93,PushUps/v_PushUps_g20_c01.avi
4.981211481807333,10.768846100907117,204.0,0.5260174418604651,206.21395348837208,118.06222557459157,0.29651162790697677,89,87,PushUps/v_PushUps_g20_c02.avi
0.9504934570460061,2.613871614156473,33.5,0.7829941860465116,210.0093023255814,174.04276380934937,0.3674418604651163,96,94,PushUps/v_PushUps_g20_c03.avi
1.5409598024568762,4.375073455596286,73.0,0.6854651162790698,195.83255813953488,141.1887401151961,0.3784883720930233,95,93,PushUps/v_PushUps_g20_c04.avi
0.1698450176743752,0.6524859933899182,12.639842760097928,0.9604651162790697,204.53953488372093,143.24948823243116,0.34011627906976744,91,89,PushUps/v_PushUps_g21_c01.avi
0.3088942003939542,1.3820302823930277,24.429746212353496,0.9343023255813954,195.83255813953488,141.18874011519608,0.3784883720930233,167,164,PushUps/v_PushUps_g21_c02.avi
0.4307801344580878,0.9562076608048343,21.0,0.8008720930232558,216.93023255813952,209.03648233372454,0.40813953488372096,125,123,PushUps/v_PushUps_g21_c03.avi
0.1612490354053273,0.7426314522504075,24.020824298928627,0.9478197674418605,209.56279069767442,165.332348898248,0.35348837209302325,103,101,PushUps/v_PushUps_g21_c04.avi
0.6270813375486098,1.805598782910602,26.7946473199406,0.8613372093023256,202.97674418604652,149.57202330931253,0.35755813953488375,58,56,PushUps/v_PushUps_g22_c01.avi
0.617295812698273,1.577906781565763,21.863568441587937,0.852906976744186,212.353488372093,143.59874869707653,0.3040697674418605,109,107,PushUps/v_PushUps_g22_c02.avi
1.6624164989278254,5.019228571227482,54.91641375763716,0.7914244186046512,252.65116279069767,226.30200892354884,0.29186046511627906,68,66,PushUps/v_PushUps_g22_c03.avi
2.4652350219233563,12.857957188164491,200.81085628023203,0.8197674418604651,227.31162790697675,187.4016470222507,0.31453488372093025,97,95,PushUps/v_PushUps_g22_c04.avi
5.0291555665570105,12.396663150209106,187.29922583929704,0.42892441860465114,227.2,169.42439351014087,0.2802325581395349,64,62,PushUps/v_PushUps_g23_c01.avi
2.258347783215033,8.603119982284486,180.78751339625202,0.5668604651162791,241.48837209302326,200.74099615975405,0.2802325581395349,62,60,PushUps/v_PushUps_g23_c02.avi
2.512981348306064,5.968467678484349,186.3866948041088,0.4763081395348837,230.43720930232558,162.924706569681,0.25406976744186044,63,61,PushUps/v_PushUps_g23_c03.avi
2.956760897488964,7.814877257300917,130.58695618246105,0.6104651162790697,960.1488372093023,1506.681422225695,0.16511627906976745,61,59,PushUps/v_PushUps_g23_c04.avi
0.8656774364044749,3.1144528867762653,60.008462944821375,0.8488372093023255,441.74883720930234,377.418295098942,0.18604651162790697,72,70,PushUps/v_PushUps_g24_c01.avi
0.7205523304220571,2.7114790029529523,69.2314957226839,0.8619186046511628,391.51627906976745,349.8021081286832,0.19883720930232557,69,67,PushUps/v_PushUps_g24_c02.avi
0.7077920666919032,3.0206852055880034,57.706152185014034,0.8668604651162791,464.52093023255816,610.3833551626386,0.19767441860465115,70,68,PushUps/v_PushUps_g24_c03.avi
0.6180671323543753,3.900784457330164,247.25,0.848546511627907,417.52558139534887,363.2240874689966,0.18430232558139534,71,69,PushUps/v_PushUps_g24_c04.avi
0.2175405425781677,1.1568806672786822,28.4000440140504,0.95,239.92558139534884,232.9507264927482,0.3627906976744186,91,89,PushUps/v_PushUps_g25_c01.avi
0.21396146617769835,0.9548876507653206,21.2602916254693,0.9444767441860465,269.95348837209303,227.07912292684816,0.22267441860465118,110,108,PushUps/v_PushUps_g25_c02.avi
0.24630694112073512,1.24710880980302,28.621724703448603,0.9385174418604652,325.9906976744186,569.3464387833889,0.30290697674418604,112,110,PushUps/v_PushUps_g25_c03.avi
0.19428036115125635,0.795121308751943,15.25,0.9379360465116279,247.51627906976745,421.5833592597784,0.4046511627906977,102,100,PushUps/v_PushUps_g25_c04.avi
3.6873427355191764,6.641246411331041,82.0,0.4440406976744186,244.50232558139535,188.44136400750838,0.24127906976744187,185,182,Rafting/v_Rafting_g08_c01.avi
2.5205883247785805,9.345407644159101,232.0,0.6119186046511628,257.45116279069765,219.44669572834712,0.2552325581395349,235,232,Rafting/v_Rafting_g08_c02.avi
1.4183855675355659,6.82078658901254,151.5,0.6843023255813954,321.6372093023256,319.7724750893518,0.30465116279069765,262,259,Rafting/v_Rafting_g08_c03.avi
3.4447076083406136,12.384523497866322,200.0,0.6395348837209303,321.30232558139534,309.0374805961186,0.2691860465116279,224,221,Rafting/v_Rafting_g08_c04.avi
2.716728788727971,8.51178812190756,236.0,0.6581395348837209,318.7348837209302,300.54072113807774,0.25,230,227,Rafting/v_Rafting_g08_c05.avi
5.972084154496882,28.888764695968227,325.25470788291443,0.848546511627907,363.27441860465115,363.4128590044362,0.3319767441860465,246,243,Rafting/v_Rafting_g08_c06.avi
3.1214879416233003,5.4776001381772685,43.50646503681953,0.45741279069767443,309.4697674418605,293.8058174854916,0.261046511627907,199,196,Rafting/v_Rafting_g09_c01.avi
5.930033836061342,16.919688924547586,221.0814329607984,0.5239825581395349,336.1488372093023,320.15062761005646,0.2569767441860465,187,184,Rafting/v_Rafting_g09_c02.avi
3.4729819993384257,6.832345803268442,42.42640687119285,0.4313953488372093,297.07906976744187,275.9629706859823,0.25116279069767444,77,75,Rafting/v_Rafting_g09_c03.avi
2.493989604805168,7.444563863165638,163.24827717314508,0.6363372093023256,263.1441860465116,198.24010025703396,0.18372093023255814,112,110,Rafting/v_Rafting_g09_c04.avi
1.8794288048057983,4.386489926956878,143.0,0.6449127906976744,292.3906976744186,283.58331027575497,0.29186046511627906,268,265,Rafting/v_Rafting_g10_c01.avi
1.1724048577862076,4.776789025841985,222.9910312097776,0.6239825581395348,306.0093023255814,289.6811075985337,0.26046511627906976,274,271,Rafting/v_Rafting_g10_c02.avi
5.870131151482821,22.416836922621542,304.0,0.8260174418604651,219.3860465116279,252.1055422962037,0.5046511627906977,244,241,Rafting/v_Rafting_g10_c03.avi
2.859635811844371,9.899047424349392,245.03265088555034,0.7241279069767442,240.26046511627908,222.47973948992436,0.3354651162790698,252,249,Rafting/v_Rafting_g10_c04.avi
3.532574774345119,16.889918678420585,252.03174403237384,0.6598837209302325,234.7906976744186,238.27525202467044,0.3988372093023256,204,201,Rafting/v_Rafting_g10_c05.avi
7.70338608414828,11.740481435583353,108.04165863221463,0.4376453488372093,733.7674418604652,1258.7708444907546,0.10465116279069768,262,259,Rafting/v_Rafting_g11_c01.avi
4.911478066257053,7.717871291647932,212.30314411237532,0.3251453488372093,246.4,180.59325491537672,0.21744186046511627,258,255,Rafting/v_Rafting_g11_c02.avi
3.6099553578393886,6.572385904021723,330.21810973960834,0.5792151162790697,1249.2651162790698,1661.6751758928322,0.11976744186046512,269,266,Rafting/v_Rafting_g11_c03.avi
4.6179041954498725,13.947113885411374,383.0013054808038,0.7075581395348837,1072.6697674418604,1587.7704238501972,0.2,257,254,Rafting/v_Rafting_g11_c04.avi
3.290338006738024,6.795852039579519,213.32135383031863,0.54375,268.9488372093023,202.65381682907454,0.1697674418604651,152,150,Rafting/v_Rafting_g12_c01.avi
2.7906965258969523,13.777751998342023,340.0,0.5142441860465117,285.69302325581396,229.28393831651115,0.16627906976744186,157,155,Rafting/v_Rafting_g12_c02.avi
2.2663852992732827,10.512004455978193,319.35246985110354,0.6045058139534883,287.8139534883721,251.35310618997065,0.21569767441860466,177,174,Rafting/v_Rafting_g12_c03.avi
4.451630482429066,26.008116230649023,339.50009204711563,0.7129360465116279,268.5023255813953,244.12632784703916,0.27209302325581397,183,180,Rafting/v_Rafting_g12_c04.avi
4.820952666435742,9.910317037038423,124.65151423067431,0.7375,330.6790697674419,359.5208753250408,0.42034883720930233,243,240,Rafting/v_Rafting_g13_c01.avi
2.5998052414461137,4.880681997980978,75.43208866258443,0.5700581395348837,335.47906976744184,342.49974133966776,0.3395348837209302,260,257,Rafting/v_Rafting_g13_c02.avi
3.190281073140185,8.445581832862935,96.00520819205592,0.5078488372093023,369.9720930232558,311.6926022397197,0.12267441860465116,240,237,Rafting/v_Rafting_g13_c03.avi
2.161300733710892,5.370213616894308,98.00510190801293,0.5052325581395349,390.28837209302327,321.930529274167,0.10058139534883721,270,267,Rafting/v_Rafting_g13_c04.avi
1.586991071598014,3.6644794015197264,68.5,0.5947674418604652,375.66511627906976,313.302290228137,0.11162790697674418,241,238,Rafting/v_Rafting_g13_c05.avi
5.320433489425707,10.876006039866818,262.5907283683108,0.7241279069767442,993.8604651162791,1509.5935935672617,0.336046511627907,172,169,Rafting/v_Rafting_g14_c01.avi
5.382165007236181,24.888387538456325,280.0071427660373,0.9158430232558139,218.71627906976744,440.87970037200415,0.622093023255814,166,163,Rafting/v_Rafting_g14_c02.avi
0.7044054391197148,10.870230836835459,216.80521211446924,0.989389534883721,2612.9116279069767,1848.4493530510983,0.1569767441860465,201,198,Rafting/v_Rafting_g14_c03.avi
0.3717535182639038,6.413669568508581,175.32826355154492,0.9925872093023256,2998.586046511628,1684.0295668814374,0.11569767441860465,121,119,Rafting/v_Rafting_g14_c04.avi
2.4647370158492987,8.674474123074456,159.0,0.8302325581395349,1483.906976744186,1825.2989027471444,0.3023255813953488,140,138,Rafting/v_Rafting_g14_c05.avi
4.691231887012728,5.865592077289275,33.52331278379271,0.43299418604651163,296.1860465116279,221.28244140705698,0.10697674418604651,259,256,Rafting/v_Rafting_g15_c01.avi
2.307182208300543,4.032897267066576,81.9084855189009,0.3194767441860465,287.70232558139537,222.46363642059663,0.14186046511627906,241,238,Rafting/v_Rafting_g15_c02.avi
20.241591547439423,34.20451199309084,199.32385707686876,0.6542151162790698,233.22790697674418,235.14211272056102,0.39767441860465114,247,244,Rafting/v_Rafting_g15_c03.avi
3.360505927610404,5.861275215246885,119.21828718783037,0.36627906976744184,303.88837209302324,246.01937266251392,0.14127906976744187,230,227,Rafting/v_Rafting_g15_c04.avi
1.9080574129085022,18.11990589885384,316.45694809878955,0.9677325581395348,2239.739534883721,1886.2111961135133,0.2377906976744186,145,143,Rafting/v_Rafting_g16_c01.avi
5.2793608591891426,28.2706655236664,387.07234465923807,0.9383720930232559,368.63255813953486,493.4109941747606,0.325,244,241,Rafting/v_Rafting_g16_c02.avi
3.259269269908636,22.826188240389083,332.43204192736897,0.9652616279069768,1236.093023255814,1644.6318003700812,0.32325581395348835,284,281,Rafting/v_Rafting_g16_c03.avi
11.357001530208425,43.47607168560188,335.503353187416,0.8946220930232558,196.8372093023256,239.9636532780279,0.577906976744186,246,243,Rafting/v_Rafting_g16_c04.avi
5.3855900413017155,21.047511784095853,342.1363945855512,0.7521802325581395,1192.6697674418604,1622.2765049116372,0.2517441860465116,254,251,Rafting/v_Rafting_g16_c05.avi
1.7147175121859344,5.005674789653155,136.02940858505562,0.7936046511627907,453.0232558139535,848.9078479687228,0.3226744186046512,254,251,Rafting/v_Rafting_g16_c06.avi
3.097885085933204,9.751423396033683,124.67958934805648,0.8774709302325582,1438.6976744186047,1750.4344116617096,0.23313953488372094,189,186,Rafting/v_Rafting_g16_c07.avi
4.513374002076979,12.24129161029017,307.4296667532267,0.37136627906976744,260.68837209302325,207.9156595658412,0.21511627906976744,241,238,Rafting/v_Rafting_g17_c01.avi
3.3118442349414727,11.9737450636179,115.00434774390054,0.40145348837209305,247.62790697674419,148.7030790966635,0.15523255813953488,280,277,Rafting/v_Rafting_g17_c02.avi
2.9835201467012133,6.6356368696432355,100.71742649611338,0.40392441860465117,255.10697674418606,166.14553076500587,0.15348837209302327,233,230,Rafting/v_Rafting_g17_c03.avi
3.6335917036445537,7.947112528537302,269.0669061776271,0.3808139534883721,256.5581395348837,189.47090373981047,0.19244186046511627,193,190,Rafting/v_Rafting_g17_c04.avi
2.611130912219246,3.783819518008695,63.28506932918696,0.4518895348837209,250.75348837209302,192.31875109493353,0.22267441860465118,258,255,Rafting/v_Rafting_g17_c05.avi
7.424789170049308,14.905913724297166,238.03361107205006,0.37049418604651163,266.9395348837209,183.81140757110813,0.13837209302325582,253,250,Rafting/v_Rafting_g17_c06.avi
3.0476845514843727,13.571269839599996,175.0,0.8133720930232559,1173.5813953488373,1445.393037921683,0.17209302325581396,77,75,Rafting/v_Rafting_g18_c01.avi
1.2612959527908978,9.348026267193932,335.1078184704141,0.9299418604651163,1170.5674418604651,1445.2791969303034,0.15290697674418605,80,78,Rafting/v_Rafting_g18_c02.avi
1.9041568870814336,18.981490433153958,310.0,0.9799418604651163,1308.6511627906978,1542.1931662517288,0.24069767441860465,103,101,Rafting/v_Rafting_g18_c03.avi
3.1509070890114086,17.967869174459373,295.625,0.8276162790697674,729.6372093023256,1039.8437085208295,0.3470930232558139,130,128,Rafting/v_Rafting_g18_c04.avi
2.470192428055277,7.4984085838674295,89.20919935746537,0.7027616279069767,262.3627906976744,245.02035703111255,0.29941860465116277,172,169,Rafting/v_Rafting_g19_c01.avi
4.6871898275807045,9.056451764481228,191.09421759959145,0.5084302325581396,296.52093023255816,285.3981116266625,0.2819767441860465,130,128,Rafting/v_Rafting_g19_c02.avi
3.048164489355569,17.966917614482433,304.0,0.577906976744186,386.9395348837209,357.61565840251933,0.24127906976744187,183,180,Rafting/v_Rafting_g19_c03.avi
2.1503243852748715,6.689248299369766,164.0,0.4390988372093023,337.3767441860465,320.81089469786014,0.2552325581395349,236,233,Rafting/v_Rafting_g19_c04.avi
3.832999776863384,13.04217640020905,171.55902774264024,0.5803779069767442,243.83255813953488,250.25570153199288,0.39127906976744187,265,262,Rafting/v_Rafting_g19_c05.avi
3.817215796029578,8.483939572109131,319.4010018769509,0.45465116279069767,188.8,163.76373224862704,0.45,235,232,Rafting/v_Rafting_g20_c01.avi
3.5284791673618803,6.550830960533739,214.85343841791317,0.4594476744186046,180.87441860465117,136.52558511906784,0.44476744186046513,234,231,Rafting/v_Rafting_g20_c02.avi
4.89162175237387,9.018544561441319,135.76818478568535,0.5609011627906977,201.86046511627907,156.87494373505504,0.375,175,172,Rafting/v_Rafting_g20_c03.avi
3.9195466104213095,6.918963360735056,155.76905982896602,0.4027616279069767,193.8232558139535,141.68352029888092,0.38895348837209304,241,238,Rafting/v_Rafting_g20_c04.avi
3.6503860980417357,18.573639620876218,339.9752978158854,0.6875,212.13023255813954,179.492363684019,0.3680232558139535,127,125,Rafting/v_Rafting_g21_c01.avi
3.8547157734208986,16.940699473883157,337.84056890787997,0.46468023255813956,176.52093023255813,118.68813259015967,0.4418604651162791,119,117,Rafting/v_Rafting_g21_c02.avi
4.970099820188351,16.296508998078597,254.78618486880328,0.6947674418604651,210.34418604651162,180.00147971268484,0.37732558139534883,128,126,Rafting/v_Rafting_g21_c03.avi
4.521633421575733,15.00276343809292,340.0,0.5152616279069767,227.2,169.42439351014087,0.2802325581395349,142,140,Rafting/v_Rafting_g21_c04.avi
2.8957905164434767,13.7262857418954,289.0017300986276,0.6795058139534884,203.08837209302325,203.03407115762195,0.45930232558139533,127,125,Rafting/v_Rafting_g22_c01.avi
4.339948566166698,10.433105556624689,186.60117898877274,0.41177325581395346,273.86046511627904,227.04139376665344,0.2069767441860465,161,159,Rafting/v_Rafting_g22_c02.avi
6.17139447050568,8.957416286638935,120.5,0.39578488372093024,265.48837209302326,202.3692655326733,0.18313953488372092,127,125,Rafting/v_Rafting_g22_c03.avi
5.636242210172148,15.808534720957214,167.01197561851666,0.3752906976744186,354.6790697674419,302.2224104461462,0.1372093023255814,109,107,Rafting/v_Rafting_g22_c04.avi
3.5802688172597734,9.951124110054876,211.8810102392378,0.4879360465116279,204.87441860465117,181.4424325298148,0.40581395348837207,103,101,Rafting/v_Rafting_g23_c01.avi
5.571855676242286,8.969930706603376,61.30099917619614,0.32063953488372093,225.07906976744187,170.25034447684243,0.29127906976744183,155,153,Rafting/v_Rafting_g23_c02.avi
4.943237028402345,13.512847080608507,135.5020756298589,0.6155523255813954,208.89302325581394,175.58455909670846,0.3755813953488372,127,125,Rafting/v_Rafting_g23_c03.avi
3.842809119931419,7.690370022787851,176.80851223852318,0.6207848837209302,191.8139534883721,153.73781000100405,0.4180232558139535,152,150,Rafting/v_Rafting_g23_c04.avi
3.916552663759432,10.522548668238992,69.58448102845921,0.5087209302325582,245.3953488372093,219.58588292139063,0.3063953488372093,103,101,Rafting/v_Rafting_g24_c01.avi
3.1396505629547153,4.704806265035861,26.0,0.42165697674418606,245.17209302325583,161.14024849899215,0.1866279069767442,134,132,Rafting/v_Rafting_g24_c02.avi
5.59164653966367,9.432909790847658,205.0,0.2815406976744186,226.41860465116278,169.73224228905832,0.28430232558139534,103,101,Rafting/v_Rafting_g24_c03.avi
3.701905724580289,6.879286792627201,64.62197768561404,0.3251453488372093,262.69767441860466,410.3840251936308,0.29069767441860467,104,102,Rafting/v_Rafting_g24_c04.avi
4.20630020930228,8.984876719306849,189.01058171435798,0.5188953488372093,243.3860465116279,194.52715429674214,0.25872093023255816,127,125,Rafting/v_Rafting_g25_c01.avi
2.42821531640756,7.1682327023866135,188.51259904844557,0.6350290697674419,268.9488372093023,226.61905785341366,0.2255813953488372,137,135,Rafting/v_Rafting_g25_c02.avi
3.9684506475986576,16.527932623219705,275.10906927980403,0.7261627906976744,275.646511627907,241.71254439051822,0.2372093023255814,127,125,Rafting/v_Rafting_g25_c03.avi
5.450536556576903,18.842033086650762,319.6904753038476,0.6841569767441861,641.8976744186047,1078.341245011182,0.15058139534883722,131,129,Rafting/v_Rafting_g25_c04.avi
1.9774562133716835,1.5197084765518474,10.144271782636741,0.30625,343.8511627906977,449.6345349912387,0.17732558139534885,491,486,RockClimbingIndoor/v_RockClimbingIndoor_g08_c01.avi
1.390111540180772,2.9190220835109915,50.28046340279692,0.6920058139534884,326.10232558139535,443.6314925220958,0.2069767441860465,541,536,RockClimbingIndoor/v_RockClimbingIndoor_g08_c02.avi
0.6696200329978834,0.9217431664494645,14.25,0.7757267441860465,386.8279069767442,576.9184240933981,0.16279069767441862,481,477,RockClimbingIndoor/v_RockClimbingIndoor_g08_c03.avi
1.8229714468768263,4.6896638934029085,37.33630940518894,0.8738372093023256,420.98604651162793,484.0451207016425,0.13604651162790699,521,516,RockClimbingIndoor/v_RockClimbingIndoor_g08_c04.avi
0.9513964865594668,1.6672469969274095,9.5,0.8193313953488373,343.6279069767442,291.20926889604334,0.13662790697674418,481,477,RockClimbingIndoor/v_RockClimbingIndoor_g08_c05.avi
1.345394570812718,2.2769290921200813,16.278820596099706,0.6018895348837209,343.8511627906977,460.4673623623866,0.23081395348837208,501,496,RockClimbingIndoor/v_RockClimbingIndoor_g08_c06.avi
1.0810139781927484,1.3289886158884847,8.811391774288554,0.6373546511627907,304.446511627907,434.2019096017252,0.23837209302325582,491,486,RockClimbingIndoor/v_RockClimbingIndoor_g08_c07.avi
0.15074440388954105,0.4957102115095312,8.508268037620818,0.9623546511627907,301.7674418604651,560.7710985656083,0.336046511627907,253,250,RockClimbingIndoor/v_RockClimbingIndoor_g09_c01.avi
0.33348353059281355,1.3366551950858891,19.235384061671343,0.9271802325581395,204.87441860465117,207.86770848141168,0.46162790697674416,247,244,RockClimbingIndoor/v_RockClimbingIndoor_g09_c02.avi
0.2677976028995711,1.7943363679349627,83.24061508662703,0.9475290697674419,177.63720930232557,171.697946003962,0.5197674418604651,247,244,RockClimbingIndoor/v_RockClimbingIndoor_g09_c03.avi
0.12029037701415105,0.4755124338666097,18.35755975068582,0.9742732558139535,301.8790697674419,554.9799948450435,0.3005813953488372,297,294,RockClimbingIndoor/v_RockClimbingIndoor_g09_c04.avi
3.157703445089839,3.5737058530450847,20.13237442528824,0.4623546511627907,205.54418604651164,125.358487439721,0.30930232558139537,419,415,RockClimbingIndoor/v_RockClimbingIndoor_g10_c01.avi
8.680980515754941,25.236254632015893,403.72515403427616,0.30886627906976744,238.25116279069766,148.1668204582066,0.19476744186046513,413,409,RockClimbingIndoor/v_RockClimbingIndoor_g10_c02.avi
2.6709064220036494,4.626186727119099,32.984845004941285,0.5828488372093024,301.3209302325581,412.9937487888522,0.15232558139534882,442,438,RockClimbingIndoor/v_RockClimbingIndoor_g10_c03.avi
7.284895180684717,11.766524195033497,151.7003625572464,0.3667151162790698,198.73488372093024,168.19888405420383,0.40988372093023256,404,400,RockClimbingIndoor/v_RockClimbingIndoor_g10_c04.avi
4.803286028863456,7.901189345317872,28.703767174362323,0.34636627906976747,245.95348837209303,410.0544463842078,0.35930232558139535,427,423,RockClimbingIndoor/v_RockClimbingIndoor_g10_c05.avi
3.064444796685251,2.839189535696655,11.40175425099138,0.3986918604651163,246.62325581395348,160.36482366301357,0.17906976744186046,413,409,RockClimbingIndoor/v_RockClimbingIndoor_g10_c06.avi
3.334483146441651,11.194665548174546,105.99712555064878,0.7495639534883721,213.8046511627907,178.99756780663884,0.35930232558139535,427,423,RockClimbingIndoor/v_RockClimbingIndoor_g10_c07.avi
2.536616264088147,4.6735981532846385,149.20120642943877,0.45959302325581397,219.60930232558138,175.93507234462544,0.3267441860465116,168,165,RockClimbingIndoor/v_RockClimbingIndoor_g11_c01.avi
7.270877408705608,16.635187713111396,250.0079998720041,0.6979651162790698,134.32558139534885,124.15813639856353,0.6709302325581395,167,164,RockClimbingIndoor/v_RockClimbingIndoor_g11_c02.avi
3.130535170723528,3.985049880028668,25.317977802344327,0.36613372093023255,210.34418604651162,130.2654629527373,0.2936046511627907,168,165,RockClimbingIndoor/v_RockClimbingIndoor_g11_c03.avi
4.526856463933869,5.563269247737167,51.84426800524818,0.5107558139534883,213.46976744186045,141.6821131230604,0.29593023255813955,170,167,RockClimbingIndoor/v_RockClimbingIndoor_g11_c04.avi
2.2791739555783255,5.602931068309772,125.01599897613104,0.5707848837209303,1049.6744186046512,1366.2941172847766,0.11744186046511627,479,475,RockClimbingIndoor/v_RockClimbingIndoor_g12_c01.avi
3.314120366224697,5.245103016444628,21.125,0.4940406976744186,835.5720930232558,1160.29944938557,0.16279069767441862,492,487,RockClimbingIndoor/v_RockClimbingIndoor_g12_c02.avi
1.5955692040829887,2.822650551376395,19.704060495238032,0.6726744186046512,1035.7209302325582,1369.0314064649892,0.09709302325581395,517,512,RockClimbingIndoor/v_RockClimbingIndoor_g12_c03.avi
2.845829405927567,5.952703072515728,182.0,0.5776162790697674,639.4418604651163,784.9067283449606,0.16104651162790698,494,489,RockClimbingIndoor/v_RockClimbingIndoor_g12_c04.avi
1.3336855467845374,2.2528084609797574,26.39720629157563,0.6152616279069767,556.1674418604651,711.0075457424894,0.19476744186046513,492,487,RockClimbingIndoor/v_RockClimbingIndoor_g12_c05.avi
2.243728097624294,3.955159526055497,111.46299834474219,0.5408430232558139,1022.5488372093023,1334.372709060214,0.12848837209302325,502,497,RockClimbingIndoor/v_RockClimbingIndoor_g12_c06.avi
1.4035715258484684,1.833791879849144,26.076809620810597,0.5574127906976745,456.93023255813955,504.51862368413316,0.16744186046511628,168,165,RockClimbingIndoor/v_RockClimbingIndoor_g13_c01.avi
0.5551178092139123,1.3619448660589177,12.582850432235139,0.8896802325581395,543.2186046511628,783.7178322483799,0.20174418604651162,158,156,RockClimbingIndoor/v_RockClimbingIndoor_g13_c02.avi
1.372526678734708,2.5137255855032774,46.75,0.6013081395348837,555.8325581395349,784.2850276024418,0.1941860465116279,150,148,RockClimbingIndoor/v_RockClimbingIndoor_g13_c03.avi
1.5759478259266295,4.674650790817518,105.58556956326939,0.7257267441860465,370.5302325581395,348.3542673739197,0.25232558139534883,225,222,RockClimbingIndoor/v_RockClimbingIndoor_g13_c04.avi
0.9814408079023424,2.798953285231745,134.3726162579266,0.7767441860465116,360.1488372093023,347.7052697208818,0.28081395348837207,187,184,RockClimbingIndoor/v_RockClimbingIndoor_g13_c05.avi
1.359099997557504,2.338674580927497,17.08800749063506,0.68125,373.54418604651164,339.6430364863084,0.21104651162790697,250,247,RockClimbingIndoor/v_RockClimbingIndoor_g13_c06.avi
2.1763662138476976,8.929541853434245,315.29827148273426,0.8178779069767442,197.06046511627906,212.45040147798204,0.5093023255813953,327,323,RockClimbingIndoor/v_RockClimbingIndoor_g14_c01.avi
0.5748698061398396,2.7219896490072655,86.5,0.9106104651162791,354.7906976744186,580.8103624443775,0.28081395348837207,307,304,RockClimbingIndoor/v_RockClimbingIndoor_g14_c02.avi
1.0266347992939524,3.215651365317484,93.5,0.7034883720930233,599.0325581395349,1089.629676311226,0.2924418604651163,416,412,RockClimbingIndoor/v_RockClimbingIndoor_g14_c03.avi
1.7350874010653137,6.074355724992223,66.25,0.8356104651162791,417.86046511627904,684.2881747563753,0.22209302325581395,423,419,RockClimbingIndoor/v_RockClimbingIndoor_g14_c04.avi
1.2265118610878551,2.0188163857513755,18.5,0.6824127906976745,200.74418604651163,151.61580776380924,0.3715116279069767,404,400,RockClimbingIndoor/v_RockClimbingIndoor_g14_c05.avi
1.6455796555232929,2.8350918398698206,98.6154146165801,0.4816860465116279,196.94883720930233,151.17398627592942,0.38895348837209304,343,339,RockClimbingIndoor/v_RockClimbingIndoor_g15_c01.avi
1.8670676271066136,3.0467157561504807,42.37924020083418,0.6319767441860465,537.7488372093023,1033.0410073969786,0.2837209302325581,334,330,RockClimbingIndoor/v_RockClimbingIndoor_g15_c02.avi
2.710836424380195,5.088560593210702,49.75251249937032,0.7193313953488372,558.2883720930232,1033.6248478746345,0.26976744186046514,334,330,RockClimbingIndoor/v_RockClimbingIndoor_g15_c03.avi
1.9508752409091896,5.232402734341974,152.02816350926562,0.5927325581395348,233.56279069767442,208.9714668664242,0.33313953488372094,334,330,RockClimbingIndoor/v_RockClimbingIndoor_g15_c04.avi
2.329687509932121,2.5311225494682668,22.25140445005663,0.44636627906976745,238.69767441860466,129.3812708640846,0.16453488372093023,248,245,RockClimbingIndoor/v_RockClimbingIndoor_g16_c01.avi
1.0089311313035447,1.2362201641431934,10.253048327204938,0.6155523255813954,252.53953488372093,151.46714148164568,0.13895348837209304,249,246,RockClimbingIndoor/v_RockClimbingIndoor_g16_c02.avi
0.2821491076863702,0.7135538810813125,12.577882373436317,0.9566860465116279,257.5627906976744,396.78852021985034,0.25232558139534883,251,248,RockClimbingIndoor/v_RockClimbingIndoor_g16_c03.avi
1.1031964062602428,1.3910613289501408,18.841858321301537,0.5491279069767442,239.92558139534884,152.98090486256433,0.19534883720930232,251,248,RockClimbingIndoor/v_RockClimbingIndoor_g16_c04.avi
1.7260481196293114,2.3495964452613096,18.0,0.5718023255813953,240.93023255813952,183.10975173107434,0.24593023255813953,253,250,RockClimbingIndoor/v_RockClimbingIndoor_g16_c05.avi
0.6766684921351458,1.1860534421938669,8.75,0.845203488372093,547.7953488372093,842.6932874554969,0.12209302325581395,320,317,RockClimbingIndoor/v_RockClimbingIndoor_g17_c01.avi
3.4542138732837873,7.958688181109084,206.0024271701671,0.5806686046511628,182.32558139534885,124.80379409301152,0.42093023255813955,405,401,RockClimbingIndoor/v_RockClimbingIndoor_g17_c02.avi
0.26432789710073035,0.7494277393492759,9.370832406995657,0.9489825581395349,489.74883720930234,904.0832603075977,0.18488372093023256,309,306,RockClimbingIndoor/v_RockClimbingIndoor_g17_c03.avi
0.7758828476252142,1.6895826650972234,12.854960132182441,0.8638081395348837,296.1860465116279,249.50772517415015,0.17906976744186046,238,235,RockClimbingIndoor/v_RockClimbingIndoor_g17_c04.avi
1.8521389421880738,4.084579716291902,112.25,0.6710755813953488,274.86511627906975,260.8359645659183,0.2924418604651163,261,258,RockClimbingIndoor/v_RockClimbingIndoor_g17_c05.avi
2.690694106163297,7.6962512453885825,80.0,0.5396802325581396,277.9906976744186,219.1307561378817,0.17151162790697674,419,415,RockClimbingIndoor/v_RockClimbingIndoor_g17_c06.avi
2.379720319977372,4.959211707785854,75.1065909225016,0.6979651162790698,233.45116279069768,165.51960801724607,0.2453488372093023,379,375,RockClimbingIndoor/v_RockClimbingIndoor_g17_c07.avi
4.25478525463925,8.909370379656712,45.31004303683677,0.38968023255813955,233.0046511627907,182.9296343984686,0.2802325581395349,168,165,RockClimbingIndoor/v_RockClimbingIndoor_g18_c01.avi
3.817962347757471,6.437625125295726,76.4198926981712,0.565406976744186,337.6,304.2248372962125,0.19825581395348837,170,167,RockClimbingIndoor/v_RockClimbingIndoor_g18_c02.avi
5.375832762740085,7.303157521835082,107.20074626605917,0.5569767441860465,205.7674418604651,219.70856354146943,0.4848837209302326,167,164,RockClimbingIndoor/v_RockClimbingIndoor_g18_c03.avi
3.2469822387669645,3.792581960279066,19.923682516041055,0.4438953488372093,268.0558139534884,232.6411282624403,0.2441860465116279,168,165,RockClimbingIndoor/v_RockClimbingIndoor_g18_c04.avi
1.5195103812110378,3.120533856839657,64.11561822208377,0.6450581395348837,410.3813953488372,396.2232676072946,0.3377906976744186,447,443,RockClimbingIndoor/v_RockClimbingIndoor_g19_c01.avi
0.47412662782211296,0.8497335733816171,14.430869689661812,0.8140988372093023,422.8837209302326,394.06983263224527,0.2982558139534884,394,390,RockClimbingIndoor/v_RockClimbingIndoor_g19_c02.avi
2.843387693949692,7.609846215963656,92.02173656261873,0.7090116279069767,379.01395348837207,390.41939857292476,0.39651162790697675,408,404,RockClimbingIndoor/v_RockClimbingIndoor_g19_c03.avi
1.8000468789783153,5.685495887145966,80.25,0.7885174418604651,446.8837209302326,397.97658043181536,0.2616279069767442,403,399,RockClimbingIndoor/v_RockClimbingIndoor_g19_c04.avi
4.921210247827728,3.9598923218073834,25.78032195299353,0.26584302325581394,249.1906976744186,174.38262103236636,0.1936046511627907,401,397,RockClimbingIndoor/v_RockClimbingIndoor_g20_c01.avi
3.876009691064537,6.193988662398337,36.61966684720111,0.4258720930232558,256.446511627907,225.6624886127533,0.2744186046511628,398,394,RockClimbingIndoor/v_RockClimbingIndoor_g20_c02.avi
7.366806714687618,10.802583957815033,122.41323457861898,0.529796511627907,156.76279069767443,126.74359581684631,0.5540697674418604,405,401,RockClimbingIndoor/v_RockClimbingIndoor_g20_c03.avi
1.834266066103025,4.2510948565188285,202.47468977627796,0.3793604651162791,267.16279069767444,407.14050658690286,0.25813953488372093,398,394,RockClimbingIndoor/v_RockClimbingIndoor_g20_c04.avi
3.19381454109681,5.269582386843357,25.811818998280614,0.6199127906976745,225.63720930232557,187.99465235251307,0.32325581395348835,398,394,RockClimbingIndoor/v_RockClimbingIndoor_g20_c05.avi
3.0563663241230827,6.892820243836476,36.7859093268061,0.6065406976744186,615.8883720930232,1186.5775787237462,0.2930232558139535,401,397,RockClimbingIndoor/v_RockClimbingIndoor_g20_c06.avi
4.035622065607616,3.7667263842819856,23.380012831476375,0.20799418604651163,191.5906976744186,129.58028814699185,0.3819767441860465,368,364,RockClimbingIndoor/v_RockClimbingIndoor_g21_c01.avi
7.055122357278865,7.206101030085593,41.7612260356422,0.24811046511627907,169.71162790697673,119.43826119332446,0.47732558139534886,326,322,RockClimbingIndoor/v_RockClimbingIndoor_g21_c02.avi
1.8698807187201656,1.6268789574181455,16.48104972384951,0.39127906976744187,264.2604651162791,407.8933821817788,0.27325581395348836,409,405,RockClimbingIndoor/v_RockClimbingIndoor_g21_c03.avi
3.214026951497018,2.818981929037971,11.27635801134391,0.26744186046511625,246.73488372093024,170.66556291332287,0.19709302325581396,410,406,RockClimbingIndoor/v_RockClimbingIndoor_g21_c04.avi
2.7342714220162607,3.69039257332482,25.0,0.4704941860465116,219.05116279069767,172.4338287266904,0.3226744186046512,439,435,RockClimbingIndoor/v_RockClimbingIndoor_g21_c05.avi
1.1938899424427274,1.311384038070096,8.139410298049853,0.6399709302325581,225.52558139534884,136.52558511906784,0.23313953488372094,409,405,RockClimbingIndoor/v_RockClimbingIndoor_g21_c06.avi
2.611148799072331,3.630586946826035,21.2602916254693,0.5441860465116279,240.48372093023255,163.5323692163222,0.21104651162790697,451,447,RockClimbingIndoor/v_RockClimbingIndoor_g21_c07.avi
1.844306013077234,3.6687166576923715,41.10960958218893,0.6563953488372093,285.0232558139535,256.95764634917293,0.24186046511627907,428,424,RockClimbingIndoor/v_RockClimbingIndoor_g22_c01.avi
5.358469790740479,7.091785667807301,53.16483800407935,0.46831395348837207,175.40465116279069,94.75598515425149,0.4197674418604651,407,403,RockClimbingIndoor/v_RockClimbingIndoor_g22_c02.avi
1.1637281946072164,2.3091662502293597,22.16768481371025,0.7620639534883721,846.2883720930232,1295.5614713875455,0.20232558139534884,428,424,RockClimbingIndoor/v_RockClimbingIndoor_g22_c03.avi
0.557474349430502,0.8559947859445453,13.124404748406688,0.7917151162790698,703.9627906976744,1180.159200341357,0.22965116279069767,414,410,RockClimbingIndoor/v_RockClimbingIndoor_g22_c04.avi
1.3485118184343965,1.9886219490784844,14.317821063276353,0.6552325581395348,407.92558139534884,588.9169199878008,0.18313953488372092,421,417,RockClimbingIndoor/v_RockClimbingIndoor_g22_c05.avi
0.8190839798576663,0.8396851691043387,14.422205101855956,0.6729651162790697,336.48372093023255,456.81924415244936,0.23662790697674418,414,410,RockClimbingIndoor/v_RockClimbingIndoor_g22_c06.avi
1.3908144248012113,2.878477779545057,17.5,0.7747093023255814,534.5116279069767,776.9589008343505,0.15406976744186046,434,430,RockClimbingIndoor/v_RockClimbingIndoor_g22_c07.avi
6.75206613299855,12.162004243236535,129.6919426949878,0.5857558139534884,153.74883720930234,133.22892411026277,0.5790697674418605,325,321,RockClimbingIndoor/v_RockClimbingIndoor_g23_c01.avi
1.9342841619228577,5.069474505440608,207.03864373589778,0.7494186046511628,167.8139534883721,145.4550607198701,0.5244186046511627,344,340,RockClimbingIndoor/v_RockClimbingIndoor_g23_c02.avi
2.33540581031422,2.981037054066982,176.05112893702216,0.34840116279069766,187.46046511627907,147.47918124979287,0.4290697674418605,337,333,RockClimbingIndoor/v_RockClimbingIndoor_g23_c03.avi
3.27172786797138,3.4047169009797793,26.566543809837214,0.2921511627906977,211.68372093023257,142.34335319960735,0.30523255813953487,333,329,RockClimbingIndoor/v_RockClimbingIndoor_g23_c04.avi
2.287982188491808,2.591037890285327,16.95812858189252,0.41017441860465115,232.33488372093024,227.07695538483634,0.3813953488372093,341,337,RockClimbingIndoor/v_RockClimbingIndoor_g23_c05.avi
3.007463105266002,3.8375598754474187,37.56743935910458,0.42194767441860465,205.2093023255814,125.47964870467297,0.311046511627907,333,329,RockClimbingIndoor/v_RockClimbingIndoor_g23_c06.avi
0.6958222578742825,1.7581083411513083,36.40054944640259,0.7843023255813953,415.7395348837209,383.3978892224744,0.2703488372093023,459,455,RockClimbingIndoor/v_RockClimbingIndoor_g24_c01.avi
0.8311846592042497,2.1230711308604455,30.01666203960727,0.7351744186046512,423.553488372093,389.24186977444464,0.2761627906976744,418,414,RockClimbingIndoor/v_RockClimbingIndoor_g24_c02.avi
1.2693307949504193,1.7691725925430941,16.0,0.5914244186046511,473.6744186046512,390.6195270682042,0.17790697674418604,398,394,RockClimbingIndoor/v_RockClimbingIndoor_g24_c03.avi
1.569772204194638,4.802133003033907,64.0,0.7155523255813954,484.83720930232556,522.2695076447292,0.21511627906976744,418,414,RockClimbingIndoor/v_RockClimbingIndoor_g24_c04.avi
0.8390194243842306,1.1515215553451699,7.0,0.742296511627907,415.6279069767442,369.81535450884536,0.21511627906976744,439,435,RockClimbingIndoor/v_RockClimbingIndoor_g24_c05.avi
1.8437124416367134,2.2075508499756933,23.0,0.4604651162790698,338.49302325581397,327.47143841040673,0.275,409,405,RockClimbingIndoor/v_RockClimbingIndoor_g24_c06.avi
0.8077775188896454,1.998665416903612,17.08800749063506,0.8640988372093024,418.1953488372093,363.92805189365504,0.18546511627906978,439,435,RockClimbingIndoor/v_RockClimbingIndoor_g24_c07.avi
2.0672517489950333,4.800986766368028,92.68562455958313,0.6484011627906977,222.4,110.36602106015764,0.21220930232558138,415,411,RockClimbingIndoor/v_RockClimbingIndoor_g25_c01.avi
1.0655627834540398,1.6614812107060697,15.524174696260024,0.8107558139534884,239.03255813953487,164.23860651564266,0.2186046511627907,439,435,RockClimbingIndoor/v_RockClimbingIndoor_g25_c02.avi
1.8261914417479697,2.4095575877467357,12.0,0.5960755813953489,216.26046511627908,173.3644288231557,0.3372093023255814,392,388,RockClimbingIndoor/v_RockClimbingIndoor_g25_c03.avi
1.5406517503354131,1.6470703312834705,14.56504806033952,0.4625,248.74418604651163,201.9316132250874,0.2517441860465116,415,411,RockClimbingIndoor/v_RockClimbingIndoor_g25_c04.avi
1.6016622292346012,1.6442615859516607,16.15549442140351,0.4870639534883721,222.73488372093024,179.68126674847133,0.31976744186046513,427,423,RockClimbingIndoor/v_RockClimbingIndoor_g25_c05.avi
1.3217004491320958,1.298111609705571,13.66107609231425,0.45741279069767443,215.25581395348837,156.82727767941864,0.3122093023255814,428,424,RockClimbingIndoor/v_RockClimbingIndoor_g25_c06.avi
8.535951387557695,17.928848387285807,134.8332303254654,0.3588662790697674,202.97674418604652,132.8782426364221,0.3319767441860465,404,400,RockClimbingIndoor/v_RockClimbingIndoor_g25_c07.avi
0.1373225175342708,0.48362464650503456,11.180339887498949,0.9675872093023256,458.15813953488373,920.5923033272522,0.4052325581395349,180,177,RopeClimbing/v_RopeClimbing_g08_c01.avi
0.1409038690464631,0.5045328026610292,12.700885795880538,0.9568313953488372,383.70232558139537,755.5517711128741,0.27209302325581397,104,102,RopeClimbing/v_RopeClimbing_g08_c02.avi
0.1063293062134515,0.44865294361520097,8.860022573334675,0.9664244186046511,463.6279069767442,839.0647346829936,0.2116279069767442,119,117,RopeClimbing/v_RopeClimbing_g08_c03.avi
0.1484587324594748,1.8263139815259013,145.2618325645109,0.9623546511627907,444.98604651162793,843.2939153772408,0.2877906976744186,185,182,RopeClimbing/v_RopeClimbing_g08_c04.avi
1.2240290637529745,2.7404866563153827,21.95449840010015,0.8309593023255814,204.87441860465117,156.03952405247344,0.35930232558139535,153,151,RopeClimbing/v_RopeClimbing_g09_c01.avi
2.3992133168904624,6.7561668055263535,49.0,0.6853197674418605,218.15813953488373,157.14414392089733,0.29941860465116277,159,157,RopeClimbing/v_RopeClimbing_g09_c02.avi
0.9151037135671842,1.1518768576370195,30.14962686336267,0.6277616279069768,229.43255813953488,217.39419529801128,0.37093023255813956,155,153,RopeClimbing/v_RopeClimbing_g09_c03.avi
1.8528840433963263,2.501642583653663,16.55294535724685,0.5536337209302326,308.68837209302325,435.729007531432,0.2302325581395349,168,165,RopeClimbing/v_RopeClimbing_g09_c04.avi
0.3302409141156769,1.0510002180143139,14.950438956766453,0.916860465116279,356.68837209302325,573.8559989572387,0.2313953488372093,152,150,RopeClimbing/v_RopeClimbing_g10_c01.avi
0.49530493604885883,1.6498612688260026,28.533149580794618,0.8777616279069768,283.3488372093023,413.04399696506965,0.22034883720930232,155,153,RopeClimbing/v_RopeClimbing_g10_c02.avi
0.46567434424395027,1.515557542717328,34.0147027033899,0.8629360465116279,243.94418604651162,201.86128474809482,0.27209302325581397,157,155,RopeClimbing/v_RopeClimbing_g10_c03.avi
0.4372321950335787,1.1927688234531033,11.816302298096474,0.8790697674418605,253.09767441860464,213.4413153793584,0.2593023255813954,157,155,RopeClimbing/v_RopeClimbing_g10_c04.avi
0.5124972561034425,2.832763099962596,58.97669031066426,0.8712209302325581,295.293023255814,430.71966029574105,0.2558139534883721,152,150,RopeClimbing/v_RopeClimbing_g10_c05.avi
3.202456276108262,7.369785251028131,143.25,0.42747093023255817,208.33488372093024,155.00253393835877,0.3412790697674419,102,100,RopeClimbing/v_RopeClimbing_g11_c01.avi
1.794651557374285,5.585554258645855,210.875,0.36351744186046514,228.09302325581396,187.11914050150702,0.31046511627906975,108,106,RopeClimbing/v_RopeClimbing_g11_c02.avi
4.2463993630425145,6.402848548805575,122.0245876862528,0.3930232558139535,210.34418604651162,159.81900417067092,0.34011627906976744,159,157,RopeClimbing/v_RopeClimbing_g11_c03.avi
2.0284247211964757,7.79160393608436,176.0,0.7344476744186047,223.40465116279069,416.2056054702751,0.48604651162790696,102,100,RopeClimbing/v_RopeClimbing_g11_c04.avi
4.509317551406403,24.966855956169777,337.85573844467996,0.6468023255813954,242.3813953488372,224.58458525227573,0.3313953488372093,223,220,RopeClimbing/v_RopeClimbing_g12_c01.avi
4.335241497851123,10.570121240610758,333.4528639853015,0.5122093023255814,232.5581395348837,188.86900866406847,0.2941860465116279,135,133,RopeClimbing/v_RopeClimbing_g12_c02.avi
4.64926577220771,17.81401916256254,320.5635662392094,0.5354651162790698,266.3813953488372,169.59328537582093,0.11337209302325581,191,188,RopeClimbing/v_RopeClimbing_g12_c03.avi
3.429367145876695,7.360536333802272,121.06609764917675,0.3683139534883721,254.66046511627906,192.66394666353563,0.2069767441860465,73,71,RopeClimbing/v_RopeClimbing_g12_c04.avi
1.8084204592140969,2.5641099734171444,95.01184136727379,0.3656976744186046,324.09302325581393,255.82768673496278,0.09651162790697675,78,76,RopeClimbing/v_RopeClimbing_g13_c01.avi
7.601497534304669,13.521115257978375,99.0,0.3199127906976744,256.446511627907,175.4336174048128,0.16511627906976745,78,76,RopeClimbing/v_RopeClimbing_g13_c02.avi
2.3099583909622727,3.7133975831651407,26.019223662515376,0.3741279069767442,294.4,226.19417054976836,0.12558139534883722,78,76,RopeClimbing/v_RopeClimbing_g13_c03.avi
8.545782735484886,11.155437945155189,71.82356855517554,0.3616279069767442,295.9627906976744,229.03250203314124,0.12674418604651164,90,88,RopeClimbing/v_RopeClimbing_g13_c04.avi
3.296425690156014,16.0318103425107,326.01380338875225,0.4796511627906977,308.68837209302325,239.59665836985513,0.10697674418604651,78,76,RopeClimbing/v_RopeClimbing_g13_c05.avi
1.9131116339268002,1.7252970618752368,15.5,0.3861918604651163,459.27441860465115,358.3349531484722,0.07383720930232558,99,97,RopeClimbing/v_RopeClimbing_g13_c06.avi
10.47567370454725,12.96831524865967,236.0,0.3920058139534884,402.0093023255814,382.2465537064311,0.3,85,83,RopeClimbing/v_RopeClimbing_g13_c07.avi
2.5098395668511824,12.66059299400546,339.72939599039705,0.7155523255813954,235.46046511627907,251.2055529488586,0.43023255813953487,183,180,RopeClimbing/v_RopeClimbing_g14_c01.avi
5.665121417136387,11.039774396019324,201.1829080712375,0.21453488372093024,249.30232558139534,151.9944207794485,0.15348837209302327,228,225,RopeClimbing/v_RopeClimbing_g14_c02.avi
7.1247697759174695,10.252758989000922,115.24464466950297,0.19491279069767442,246.9581395348837,180.32516654522166,0.21453488372093024,218,215,RopeClimbing/v_RopeClimbing_g14_c03.avi
5.044661057652083,5.755093280317249,53.653547180032746,0.27848837209302324,270.28837209302327,185.32438086733634,0.12790697674418605,181,178,RopeClimbing/v_RopeClimbing_g14_c04.avi
5.449512925121681,6.848003915397392,39.05124837953327,0.2895348837209302,231.7767441860465,172.57800775734057,0.26569767441860465,182,179,RopeClimbing/v_RopeClimbing_g14_c05.avi
1.9565975640550617,3.8261919301044727,25.22399651125888,0.6982558139534883,193.48837209302326,164.1803279852672,0.42790697674418604,227,224,RopeClimbing/v_RopeClimbing_g15_c01.avi
1.016385816446175,1.908570458432557,17.64404998859389,0.817296511627907,1103.367441860465,1572.0451528696299,0.07965116279069767,229,226,RopeClimbing/v_RopeClimbing_g15_c02.avi
7.298755704724695,12.847623058426471,291.7601754866486,0.4875,184.0,175.86887292843005,0.49593023255813956,246,243,RopeClimbing/v_RopeClimbing_g15_c03.avi
0.6287594175980947,1.8079242520975267,64.4980619863884,0.8454941860465116,739.7953488372093,1262.3036729603,0.15930232558139534,229,226,RopeClimbing/v_RopeClimbing_g15_c04.avi
7.007711425398979,10.153186019067133,194.74342094150447,0.27398255813953487,241.8232558139535,250.0642269472025,0.3994186046511628,328,324,RopeClimbing/v_RopeClimbing_g15_c05.avi
2.5940747244551576,6.373944037130997,119.21828718783037,0.5633720930232559,275.7581395348837,415.23527331043283,0.25988372093023254,220,217,RopeClimbing/v_RopeClimbing_g16_c01.avi
5.990442056628798,14.025775724398091,166.96406799069075,0.583139534883721,214.5860465116279,407.05601099157093,0.48546511627906974,162,160,RopeClimbing/v_RopeClimbing_g16_c02.avi
