av1_mv_mean,av1_mv_std,av1_mv_max,av1_mv_sparsity,av1_block_area_mean,av1_block_area_std,av1_fine_partition_frac,av1_total_frames,av1_usable_frames,clip_path
2.979082455007817,16.415102596485777,383.01174916704576,0.49520348837209305,242.3813953488372,201.44294276233822,0.2779069767441861,169,166,RopeClimbing/v_RopeClimbing_g16_c03.avi
1.6984751615140126,1.6613259985308027,27.65863337187866,0.35944767441860465,346.6418604651163,455.59526828124496,0.19767441860465115,152,150,RopeClimbing/v_RopeClimbing_g16_c04.avi
0.6958340780734755,1.1719952772847178,15.033296378372908,0.7697674418604651,241.15348837209302,220.21758727141938,0.3261627906976744,152,150,RopeClimbing/v_RopeClimbing_g16_c05.avi
6.460182292883644,12.903644968133728,297.3297832374012,0.3127906976744186,224.52093023255813,180.24073895912105,0.3127906976744186,181,178,RopeClimbing/v_RopeClimbing_g17_c01.avi
5.079903900000987,13.700374727800762,182.33211456021672,0.7226744186046512,341.0604651162791,566.6291934374699,0.23604651162790696,186,183,RopeClimbing/v_RopeClimbing_g17_c02.avi
3.9751609158096883,16.182887638643475,216.31458573105976,0.6324127906976744,330.1209302325581,656.6703071957975,0.2744186046511628,196,193,RopeClimbing/v_RopeClimbing_g17_c03.avi
2.6509216746277118,7.898087654790281,249.55961211702507,0.49549418604651163,305.6744186046512,554.7690791726385,0.2854651162790698,195,192,RopeClimbing/v_RopeClimbing_g17_c04.avi
2.93544925726477,4.200225850658646,72.80109889280519,0.49636627906976744,234.56744186046512,178.73632355671919,0.2651162790697674,250,247,RopeClimbing/v_RopeClimbing_g17_c05.avi
1.1610085943252644,1.3064902887398278,15.620499351813308,0.5709302325581396,394.1953488372093,588.349982046159,0.21511627906976744,189,186,RopeClimbing/v_RopeClimbing_g18_c01.avi
2.2270439331039062,2.0574617092064353,25.177494911130456,0.38401162790697674,370.9767441860465,674.915101926164,0.2779069767441861,182,179,RopeClimbing/v_RopeClimbing_g18_c02.avi
2.1751309291383385,3.357295838413565,25.50122546074992,0.5377906976744186,295.1813953488372,439.6195391344096,0.2982558139534884,204,201,RopeClimbing/v_RopeClimbing_g18_c03.avi
4.294576253169605,7.939634399792517,120.83873551142449,0.647093023255814,261.9162790697674,227.99521101685403,0.2575581395348837,205,202,RopeClimbing/v_RopeClimbing_g18_c04.avi
1.0500524904603419,2.010192540886323,33.068347781526676,0.6468023255813954,386.04651162790697,671.9348651119002,0.21337209302325583,184,181,RopeClimbing/v_RopeClimbing_g18_c05.avi
3.6622630003667926,8.168177033668755,98.71676655968832,0.35101744186046513,258.5674418604651,188.4334287739371,0.1819767441860465,156,154,RopeClimbing/v_RopeClimbing_g19_c01.avi
4.030279394749405,5.629059281327585,121.30050494536286,0.33982558139534885,238.36279069767443,213.33480295149113,0.32209302325581396,172,169,RopeClimbing/v_RopeClimbing_g19_c02.avi
3.666336815819818,6.501506643347175,64.0,0.43037790697674416,245.17209302325583,171.4508354854024,0.2052325581395349,169,166,RopeClimbing/v_RopeClimbing_g19_c03.avi
2.2032202450808334,3.8064386938270305,85.25,0.4440406976744186,238.25116279069766,200.96120691490293,0.2947674418604651,172,169,RopeClimbing/v_RopeClimbing_g19_c04.avi
6.39390226234973,16.078903025635015,212.42601653281548,0.815406976744186,148.39069767441862,156.56521312213124,0.6441860465116279,165,162,RopeClimbing/v_RopeClimbing_g19_c05.avi
1.488253637225324,2.3384327869486197,135.09256086106296,0.4543604651162791,243.3860465116279,165.99152343361325,0.20290697674418604,191,188,RopeClimbing/v_RopeClimbing_g19_c06.avi
3.536655831102189,5.433851124500197,269.80919183749097,0.3126453488372093,244.6139534883721,156.03313539176185,0.18023255813953487,180,177,RopeClimbing/v_RopeClimbing_g19_c07.avi
1.2989743973998644,4.892623806640033,182.17573932881405,0.6232558139534884,239.70232558139534,228.38218629710917,0.35232558139534886,158,156,RopeClimbing/v_RopeClimbing_g20_c01.avi
5.5648511410834764,17.46464636194878,241.6115166957072,0.5876453488372093,238.5860465116279,240.63994292486348,0.3883720930232558,164,161,RopeClimbing/v_RopeClimbing_g20_c02.avi
2.275748355108556,6.110692803227189,124.27791436936813,0.5747093023255814,245.3953488372093,203.3704535415986,0.2691860465116279,176,173,RopeClimbing/v_RopeClimbing_g20_c03.avi
1.8351335231277184,7.140959773174007,181.01933598375618,0.5239825581395349,393.74883720930234,480.23830536568863,0.18488372093023256,152,150,RopeClimbing/v_RopeClimbing_g20_c04.avi
1.8379072183690157,2.7135215095036855,19.313207915827967,0.45159883720930233,256.0,180.49234989908305,0.17674418604651163,154,152,RopeClimbing/v_RopeClimbing_g21_c01.avi
5.548987666680604,6.706759951245548,256.00781238079435,0.42747093023255817,197.84186046511627,183.03842045860353,0.4424418604651163,163,160,RopeClimbing/v_RopeClimbing_g21_c02.avi
1.5082490959012265,1.6143548853839829,34.03307215048327,0.3861918604651163,267.8325581395349,215.53276308539117,0.20348837209302326,171,168,RopeClimbing/v_RopeClimbing_g21_c03.avi
2.4895537388377624,3.5315286082374278,26.627053911388696,0.373546511627907,244.39069767441862,171.83679630576663,0.20930232558139536,176,173,RopeClimbing/v_RopeClimbing_g21_c04.avi
0.7224567845387406,1.0307232000461999,8.0,0.701453488372093,346.1953488372093,323.8166851163819,0.2372093023255814,156,154,RopeClimbing/v_RopeClimbing_g22_c01.avi
1.7479293799705673,4.3780899558717925,21.695693697137227,0.6449127906976744,339.6093023255814,329.47292073076665,0.27848837209302324,160,158,RopeClimbing/v_RopeClimbing_g22_c02.avi
1.1627340993682407,1.4506704529297947,27.073972741361768,0.4873546511627907,320.29767441860463,315.7295055775847,0.29534883720930233,161,159,RopeClimbing/v_RopeClimbing_g22_c03.avi
1.0243923133495432,2.0284837880709454,25.632011235952593,0.6979651162790698,364.72558139534885,348.12239767673213,0.2686046511627907,213,210,RopeClimbing/v_RopeClimbing_g22_c04.avi
1.941478434490935,14.211198149991416,236.57583350798956,0.8579941860465117,546.1209302325582,1080.911641196242,0.22848837209302325,153,151,RopeClimbing/v_RopeClimbing_g23_c01.avi
3.104521633263864,8.940576166406592,73.97972695272672,0.8540697674418605,600.4837209302326,1083.7171811892433,0.22209302325581395,154,152,RopeClimbing/v_RopeClimbing_g23_c02.avi
1.7204454221622425,2.9823028859550966,21.37755832643195,0.5928779069767441,776.2976744186046,1307.2031086269242,0.23662790697674418,152,150,RopeClimbing/v_RopeClimbing_g23_c03.avi
11.077611472423053,26.754774065807535,246.13004692641653,0.679796511627907,165.69302325581396,162.26409337199857,0.5633720930232559,167,164,RopeClimbing/v_RopeClimbing_g23_c04.avi
2.1785962240370336,5.421925647061451,100.5,0.5693313953488373,326.66046511627906,334.2906562493149,0.33895348837209305,158,156,RopeClimbing/v_RopeClimbing_g24_c01.avi
2.0620641762161243,2.8847835429554873,46.0,0.45145348837209304,343.4046511627907,338.32190392589285,0.2982558139534884,152,150,RopeClimbing/v_RopeClimbing_g24_c02.avi
0.7982168006847024,2.0478542533659705,117.27318534089538,0.7478197674418605,422.8837209302326,502.161523597242,0.22848837209302325,152,150,RopeClimbing/v_RopeClimbing_g24_c03.avi
1.8215888717558257,2.2248546120579062,16.76305461424021,0.40581395348837207,337.48837209302326,336.40399107862703,0.31046511627906975,181,178,RopeClimbing/v_RopeClimbing_g24_c04.avi
0.2501487821244315,0.9635918970545079,39.05124837953327,0.9420058139534884,461.6186046511628,408.4848733391363,0.2779069767441861,153,151,RopeClimbing/v_RopeClimbing_g25_c01.avi
1.3124572098127045,4.351337968823184,73.0,0.7931686046511628,290.8279069767442,319.1155847502641,0.413953488372093,164,161,RopeClimbing/v_RopeClimbing_g25_c02.avi
1.7130803518193798,11.139488339124185,196.0,0.8414244186046511,330.6790697674419,334.8271394060756,0.32732558139534884,166,163,RopeClimbing/v_RopeClimbing_g25_c03.avi
0.4889715631763206,1.117944086140403,16.5,0.8484011627906977,567.553488372093,423.29501029854487,0.2005813953488372,169,166,RopeClimbing/v_RopeClimbing_g25_c04.avi
0.6816826639847495,5.079214026087392,89.0,0.9071220930232559,637.7674418604652,416.65181700598185,0.14186046511627906,158,156,RopeClimbing/v_RopeClimbing_g25_c05.avi
5.3166259695400155,16.80392260668694,289.0276803352925,0.5321220930232559,377.2279069767442,355.2484085528606,0.2593023255813954,199,196,Rowing/v_Rowing_g08_c01.avi
4.264629895917751,18.85265901621462,383.01174916704576,0.5616279069767441,291.4976744186047,235.2971179498846,0.15930232558139534,176,173,Rowing/v_Rowing_g08_c02.avi
3.4855191326488275,2.7147826637779735,35.0,0.24040697674418604,317.84186046511627,242.66695162401527,0.08255813953488372,199,196,Rowing/v_Rowing_g08_c03.avi
1.86327442067862,8.689105190049142,314.00159235265033,0.53125,403.57209302325583,502.936385235045,0.2802325581395349,282,279,Rowing/v_Rowing_g08_c04.avi
2.683368056032903,3.8672631869089926,37.815547397862694,0.5162790697674419,237.02325581395348,148.8088345045716,0.20116279069767443,320,317,Rowing/v_Rowing_g09_c01.avi
2.539912864828325,6.21596298547168,130.0,0.5709302325581396,214.25116279069766,188.20491599749636,0.3755813953488372,305,302,Rowing/v_Rowing_g09_c02.avi
1.6183235202982433,4.7579346504254625,157.5,0.6703488372093023,247.29302325581395,187.16495074808833,0.22674418604651161,320,317,Rowing/v_Rowing_g09_c03.avi
1.5052981758765256,6.141518749222511,169.04733065032408,0.784156976744186,216.8186046511628,157.6334270650916,0.3063953488372093,427,423,Rowing/v_Rowing_g09_c04.avi
4.81735213429839,13.524920298036529,134.5929047164077,0.5055232558139535,233.33953488372094,144.85633964265213,0.21104651162790697,396,392,Rowing/v_Rowing_g09_c05.avi
1.6124969152092166,3.3266503995541146,66.12110101926616,0.5885174418604651,258.34418604651165,173.14344812608024,0.15290697674418605,442,438,Rowing/v_Rowing_g09_c06.avi
3.621029928511346,8.507851462945627,118.25,0.5308139534883721,287.0325581395349,231.3407511140527,0.16627906976744186,502,497,Rowing/v_Rowing_g10_c01.avi
3.2529448246906627,9.514342950935308,147.62505292124368,0.5149709302325581,260.0186046511628,177.09069973586054,0.15348837209302327,493,488,Rowing/v_Rowing_g10_c02.avi
4.002192409164616,18.646984327405537,242.0,0.5377906976744186,255.55348837209303,216.3527388412505,0.2558139534883721,332,328,Rowing/v_Rowing_g10_c03.avi
1.99898827312731,8.27200346052305,243.51847979157557,0.6136627906976744,239.14418604651163,237.76793973089045,0.3784883720930233,508,503,Rowing/v_Rowing_g10_c04.avi
2.1516130731721614,6.707599844010247,148.0,0.5229651162790697,291.4976744186047,229.76689652510373,0.14534883720930233,440,436,Rowing/v_Rowing_g10_c05.avi
2.243001339374524,7.957257281704085,164.25,0.6489825581395349,308.2418604651163,262.0764616215534,0.1697674418604651,482,478,Rowing/v_Rowing_g10_c06.avi
2.2519232787427796,11.264564166603021,205.01680571358045,0.7004360465116279,301.9906976744186,268.72470551723967,0.2116279069767442,492,487,Rowing/v_Rowing_g10_c07.avi
1.9102699188379868,4.38909962391996,75.18643494673756,0.5457848837209303,294.6232558139535,261.24660437291124,0.21744186046511627,273,270,Rowing/v_Rowing_g11_c01.avi
3.47824831611559,5.742552878345662,146.00342461736986,0.45334302325581394,263.1441860465116,403.9546056135893,0.26046511627906976,193,190,Rowing/v_Rowing_g11_c02.avi
3.8740685320879527,8.341450263591154,45.13590588434002,0.4340116279069767,280.0,235.97556042158067,0.2052325581395349,341,337,Rowing/v_Rowing_g11_c03.avi
1.2730851332037638,2.7835938763791592,25.269794221560254,0.7203488372093023,272.29767441860463,236.13363332081548,0.23604651162790696,369,365,Rowing/v_Rowing_g11_c04.avi
3.146523781703774,5.4223407799362615,55.00227268031749,0.620203488372093,167.3674418604651,112.2093137968424,0.48023255813953486,326,322,Rowing/v_Rowing_g11_c05.avi
13.336972639723557,28.970665099961977,276.08875384557047,0.5449127906976744,277.2093023255814,420.4728544256045,0.2779069767441861,169,166,Rowing/v_Rowing_g11_c06.avi
1.809874525200268,4.223756354081231,85.70880934886448,0.6348837209302326,575.3674418604651,1081.172373951435,0.2063953488372093,251,248,Rowing/v_Rowing_g12_c01.avi
2.7570091407799566,6.904737797316466,76.40026177965623,0.7627906976744186,1190.9953488372093,1688.3185070873667,0.2372093023255814,621,616,Rowing/v_Rowing_g12_c02.avi
6.897279689588425,26.673291018532336,312.10254725009855,0.8811046511627907,179.53488372093022,210.74257953635671,0.5912790697674418,244,241,Rowing/v_Rowing_g12_c03.avi
2.5366338980629797,8.810337268874882,202.5617189895465,0.6529069767441861,1365.1348837209302,1747.6481087561478,0.16744186046511628,441,437,Rowing/v_Rowing_g12_c04.avi
1.7162812204119766,5.695106173905295,80.15609770940699,0.8401162790697675,1360.6697674418604,1786.1081291696742,0.2744186046511628,754,748,Rowing/v_Rowing_g12_c05.avi
3.0497687662414186,14.942238993208539,340.2595516660774,0.7888081395348837,720.2604651162791,1275.3029834512986,0.3191860465116279,289,286,Rowing/v_Rowing_g12_c06.avi
2.21545834571947,6.088214700183718,75.50496672405067,0.7375,1617.9720930232559,1840.95869341197,0.15290697674418605,834,827,Rowing/v_Rowing_g12_c07.avi
1.7712050897631515,10.47071933702712,308.81074807234285,0.7135174418604651,298.0837209302326,455.4942651109291,0.36453488372093024,218,215,Rowing/v_Rowing_g13_c01.avi
2.2739523371688635,13.135645708846686,319.9015473548073,0.7107558139534884,244.50232558139535,258.46021464188874,0.41104651162790695,140,138,Rowing/v_Rowing_g13_c02.avi
3.744278885050416,11.502582811363444,281.3254343282882,0.3819767441860465,219.1627906976744,151.2012258828978,0.28488372093023256,117,115,Rowing/v_Rowing_g13_c03.avi
6.0917464058957425,25.645395152230492,332.56127254988667,0.5590116279069768,241.15348837209302,198.73125402170783,0.27732558139534885,217,214,Rowing/v_Rowing_g13_c04.avi
5.8958342312821355,13.802901385730083,319.22562553780045,0.4875,235.23720930232557,174.8152899268597,0.25465116279069766,188,185,Rowing/v_Rowing_g13_c05.avi
5.258586382833915,11.213450762880319,221.8828519737386,0.614389534883721,232.89302325581394,156.45402831049398,0.23197674418604652,179,176,Rowing/v_Rowing_g13_c06.avi
2.023976592390362,4.05599052989541,109.763951277275,0.5802325581395349,266.04651162790697,287.07911181644624,0.40581395348837207,121,119,Rowing/v_Rowing_g13_c07.avi
2.2949435977733064,6.043399157890021,130.15087398861368,0.7002906976744186,324.42790697674417,447.1400833127372,0.22965116279069767,211,208,Rowing/v_Rowing_g14_c01.avi
0.9084944340643629,2.951829666985574,94.2244660372241,0.8338662790697674,450.1209302325581,768.3179358131358,0.21686046511627907,293,290,Rowing/v_Rowing_g14_c02.avi
1.2118994707322976,5.287125591493217,145.2205219657332,0.8986918604651163,244.72558139534883,422.66044873750315,0.42151162790697677,263,260,Rowing/v_Rowing_g14_c03.avi
1.5868524416072636,4.941177637671446,38.948684188300895,0.811046511627907,234.7906976744186,234.64971995776477,0.38953488372093026,349,345,Rowing/v_Rowing_g14_c04.avi
2.382350597069999,5.29554864116866,132.06153868556885,0.6941860465116279,367.06976744186045,677.074328486389,0.30523255813953487,376,372,Rowing/v_Rowing_g14_c05.avi
1.1456646114400457,7.205194052204654,229.00218339570478,0.9372093023255814,435.4976744186047,857.7598778994775,0.4418604651162791,223,220,Rowing/v_Rowing_g14_c06.avi
2.497871839377785,13.247610129966239,295.5067681120011,0.8504360465116279,254.32558139534885,254.19748054029583,0.35755813953488375,417,413,Rowing/v_Rowing_g14_c07.avi
1.0444630562018293,8.75018746654411,319.4526568992658,0.8513081395348837,1502.7720930232558,1778.9929053711078,0.16686046511627908,779,773,Rowing/v_Rowing_g15_c01.avi
1.9063331009840423,4.812285627793768,163.11039206623224,0.4813953488372093,239.14418604651163,169.3259211771104,0.22732558139534884,824,817,Rowing/v_Rowing_g15_c02.avi
2.089747577200673,7.225065157351417,76.00657866263946,0.8654069767441861,1265.0046511627907,1767.480475857232,0.40755813953488373,847,840,Rowing/v_Rowing_g15_c03.avi
2.162413538281063,9.0218859191577,123.62847568420473,0.775,522.6790697674419,968.3667786195571,0.19476744186046513,846,839,Rowing/v_Rowing_g15_c04.avi
1.1589433258601654,7.143167174723606,318.5215848258953,0.9203488372093023,1291.125581395349,1757.9645042442698,0.4063953488372093,847,840,Rowing/v_Rowing_g15_c05.avi
0.864540349806756,7.838853750586939,275.4061773090792,0.8767441860465116,590.4372093023255,1138.3882913449531,0.29069767441860467,801,795,Rowing/v_Rowing_g15_c06.avi
2.404089059319522,6.247160885603635,234.75332798492974,0.517296511627907,222.28837209302327,134.89141405486862,0.2453488372093023,824,817,Rowing/v_Rowing_g15_c07.avi
3.651332663086433,19.655519105390567,318.0,0.6443313953488372,419.86976744186046,670.8680816967527,0.1186046511627907,169,166,Rowing/v_Rowing_g16_c01.avi
5.45207217886484,19.187345472241024,244.5,0.6125,218.49302325581397,216.66812838602215,0.4186046511627907,167,164,Rowing/v_Rowing_g16_c02.avi
1.4000015344771823,2.4709365814125417,17.44455502441951,0.6318313953488373,272.74418604651163,243.95997508391028,0.25465116279069766,136,134,Rowing/v_Rowing_g16_c03.avi
5.732391315789091,13.387609283788098,292.5032318197527,0.5334302325581395,230.43720930232558,134.05758745778886,0.20755813953488372,130,128,Rowing/v_Rowing_g16_c04.avi
2.2676417018353603,12.420660910911359,183.25004263301005,0.8316860465116279,268.1674418604651,292.2144638676462,0.41337209302325584,303,300,Rowing/v_Rowing_g17_c01.avi
1.0276444969032048,3.756627395163782,178.02527910383964,0.7640988372093023,348.98604651162793,345.3138710980809,0.3063953488372093,363,359,Rowing/v_Rowing_g17_c02.avi
2.240960167838468,6.11670781661236,90.14198869006607,0.7103197674418604,211.34883720930233,182.0869819901352,0.3767441860465116,274,271,Rowing/v_Rowing_g17_c03.avi
0.7681748352525227,5.659678197150836,130.00384609695206,0.8976744186046511,298.6418604651163,316.4771450894686,0.3755813953488372,215,212,Rowing/v_Rowing_g17_c04.avi
2.3862150880653243,8.62451904997956,135.5000576568143,0.6873546511627907,278.2139534883721,219.98683003010774,0.17267441860465116,171,168,Rowing/v_Rowing_g17_c05.avi
1.094213548522472,2.326633436007836,27.5,0.6838662790697675,279.3302325581395,283.3335084189111,0.3412790697674419,334,330,Rowing/v_Rowing_g17_c06.avi
1.401258303523804,5.5035109419903865,171.42053552593984,0.7723837209302326,279.10697674418606,301.0294626663402,0.39825581395348836,384,380,Rowing/v_Rowing_g17_c07.avi
2.833572024482354,7.971228709110226,144.02625628683126,0.7754360465116279,262.3627906976744,409.9452016829928,0.29011627906976745,256,253,Rowing/v_Rowing_g18_c01.avi
4.814703009823398,14.728117415763537,224.32342722060932,0.6409883720930233,837.9162790697675,1372.1493350368135,0.10174418604651163,258,255,Rowing/v_Rowing_g18_c02.avi
2.470248067792515,8.602622546207687,240.41630560342617,0.5444767441860465,230.10232558139535,152.19170513162254,0.2372093023255814,254,251,Rowing/v_Rowing_g18_c03.avi
1.5556882374368264,9.633228459750933,197.18519214180358,0.8497093023255814,643.5720930232558,1023.7379221141948,0.12325581395348838,367,363,Rowing/v_Rowing_g18_c04.avi
5.933645848636931,19.699412292550203,281.1778796420515,0.504796511627907,321.74883720930234,558.7999701903128,0.25290697674418605,271,268,Rowing/v_Rowing_g19_c01.avi
6.738194431065282,23.942631806133463,276.2540723681734,0.6174418604651163,250.53023255813955,404.8551825695631,0.3168604651162791,348,344,Rowing/v_Rowing_g19_c02.avi
5.517840190804234,6.553848383716218,42.1070065428546,0.32296511627906976,225.86046511627907,142.5125994259192,0.24069767441860465,161,159,Rowing/v_Rowing_g19_c03.avi
2.3836443012495128,4.12323048523423,18.128878895287485,0.6206395348837209,483.3860465116279,838.8344487224161,0.17383720930232557,371,367,Rowing/v_Rowing_g19_c04.avi
2.632086645495687,6.676912198040471,33.015148038438355,0.733139534883721,939.9441860465116,1477.1566642838839,0.21453488372093024,391,387,Rowing/v_Rowing_g19_c05.avi
7.578863837523284,21.63439719458297,276.3837911311009,0.6379360465116279,253.7674418604651,420.7468905609544,0.3744186046511628,205,202,Rowing/v_Rowing_g19_c06.avi
2.998099952740481,12.018943908676762,158.75,0.8574127906976744,164.5767441860465,145.59287747274942,0.5412790697674419,167,164,Rowing/v_Rowing_g20_c01.avi
2.2951027423635866,6.151462675322877,173.0028901492689,0.7495639534883721,301.54418604651164,433.18210000936506,0.2441860465116279,210,207,Rowing/v_Rowing_g20_c02.avi
2.050716807060441,13.715987590166671,252.0972034751675,0.7136627906976745,334.25116279069766,552.7067199814034,0.17383720930232557,169,166,Rowing/v_Rowing_g20_c03.avi
2.0785084680319015,5.155363220537844,56.00502209623705,0.5725290697674419,193.71162790697673,174.26814570935744,0.44534883720930235,307,304,Rowing/v_Rowing_g20_c04.avi
1.8270809309543274,5.511890450328571,232.86047324524614,0.6501453488372093,250.64186046511628,183.24175698654335,0.20465116279069767,172,169,Rowing/v_Rowing_g21_c01.avi
4.944325924268083,22.217155668091088,337.8943298207296,0.6457848837209302,211.12558139534883,193.55892810180003,0.4011627906976744,124,122,Rowing/v_Rowing_g21_c02.avi
1.4312878356956333,4.864177926910726,109.29318368498559,0.7495639534883721,234.90232558139536,201.17067783973548,0.30988372093023253,298,295,Rowing/v_Rowing_g21_c03.avi
1.5146932541289009,3.0539275256771017,48.56181627575312,0.6276162790697675,362.9395348837209,560.6974984036069,0.1313953488372093,147,145,Rowing/v_Rowing_g21_c04.avi
3.240922113149478,9.773627982673988,244.96530366564158,0.4619186046511628,220.8372093023256,111.23512291068947,0.22034883720930232,114,112,Rowing/v_Rowing_g21_c05.avi
3.6885387573502992,14.530942600041445,295.265240927543,0.698110465116279,235.23720930232557,222.30842708948916,0.3569767441860465,164,161,Rowing/v_Rowing_g22_c01.avi
0.8451838374085867,3.851123722354118,97.67292357659824,0.7768895348837209,422.8837209302326,378.5350716019142,0.23313953488372094,141,139,Rowing/v_Rowing_g22_c02.avi
3.7931409216379173,11.996536197223739,227.03523955544875,0.641860465116279,309.69302325581396,250.35825251524628,0.13197674418604652,180,177,Rowing/v_Rowing_g22_c03.avi
2.696523372619855,5.3285865695837735,101.0,0.640843023255814,340.3906976744186,273.56226434142246,0.09302325581395349,115,113,Rowing/v_Rowing_g22_c04.avi
3.6158035235036996,17.204095044500395,294.0,0.7462209302325581,458.26976744186044,385.6451939252197,0.18604651162790697,251,248,Rowing/v_Rowing_g23_c01.avi
1.4788302028338793,3.1621408880252617,48.75,0.7319767441860465,425.33953488372094,392.4204568426841,0.2854651162790698,217,214,Rowing/v_Rowing_g23_c02.avi
2.7051293257264364,6.198027087318636,160.54380243410208,0.6754360465116279,402.34418604651165,376.38240407078666,0.275,260,257,Rowing/v_Rowing_g23_c03.avi
2.3708875587431084,13.00485734304734,338.00002311390455,0.6696220930232558,413.50697674418603,371.27245521023593,0.22616279069767442,160,158,Rowing/v_Rowing_g23_c04.avi
2.8247141343872544,7.575732036889153,128.00024414039217,0.6354651162790698,409.153488372093,382.1422232191844,0.2813953488372093,201,198,Rowing/v_Rowing_g23_c05.avi
3.931943983182834,9.97102144410687,150.00333329629711,0.5159883720930233,292.6139534883721,243.63173656384367,0.17674418604651163,390,386,Rowing/v_Rowing_g24_c01.avi
1.6927498485625583,2.6106222081265473,22.292445469261555,0.651453488372093,358.0279069767442,345.8326240717661,0.2802325581395349,233,230,Rowing/v_Rowing_g24_c02.avi
3.255853299231002,4.870092310066292,31.5,0.5504360465116279,374.9953488372093,315.8048779050115,0.12209302325581395,147,145,Rowing/v_Rowing_g24_c03.avi
7.66577136338281,10.816674427927287,108.01851693112621,0.4273255813953488,300.98604651162793,225.0245563668349,0.09825581395348837,134,132,Rowing/v_Rowing_g24_c04.avi
3.515337307345458,3.633876449292783,71.02816342831905,0.37892441860465115,334.25116279069766,260.7910545370659,0.07616279069767441,200,197,Rowing/v_Rowing_g24_c05.avi
3.6342821441390374,9.545017159803807,163.00306745579974,0.6058139534883721,286.3627906976744,238.99261156552456,0.1883720930232558,418,414,Rowing/v_Rowing_g25_c01.avi
1.8573106847463334,4.019385149089653,28.217902119044926,0.590843023255814,275.31162790697675,218.60013533188254,0.1808139534883721,418,414,Rowing/v_Rowing_g25_c02.avi
1.1756421910050394,2.751738891783603,24.515301344262525,0.7728197674418604,251.31162790697675,209.14899686120322,0.2569767441860465,434,430,Rowing/v_Rowing_g25_c03.avi
1.3427648790788858,2.215498418549122,53.0,0.5981104651162791,272.74418604651163,207.91278281263902,0.16627906976744186,338,334,Rowing/v_Rowing_g25_c04.avi
1.6141799250560211,3.7850549068334285,33.015148038438355,0.6130813953488372,240.8186046511628,191.17477606291098,0.2627906976744186,354,350,Rowing/v_Rowing_g25_c05.avi
3.2418955784284846,7.4259262324361455,96.04686356149273,0.7370639534883721,214.69767441860466,183.46072830936046,0.363953488372093,367,363,Rowing/v_Rowing_g25_c06.avi
0.3223148377106823,1.4158021349618268,31.00226806219184,0.9130813953488373,209.22790697674418,160.1663645634742,0.34593023255813954,201,198,SalsaSpin/v_SalsaSpin_g08_c01.avi
0.3874094368514887,2.8578880048554303,65.00192304847603,0.9415697674418605,254.43720930232558,398.62080193054015,0.27325581395348836,201,198,SalsaSpin/v_SalsaSpin_g08_c02.avi
0.15549254546994543,0.8186179176193635,34.0,0.9620639534883721,295.51627906976745,544.1056570318505,0.2593023255813954,201,198,SalsaSpin/v_SalsaSpin_g08_c03.avi
0.36537665235258454,2.0013935216166527,62.75,0.9148255813953489,245.50697674418603,393.61532242069575,0.2895348837209302,201,198,SalsaSpin/v_SalsaSpin_g08_c04.avi
0.1609784484914754,0.7965172770862279,17.0,0.9670058139534884,196.6139534883721,106.32322282679785,0.32790697674418606,201,198,SalsaSpin/v_SalsaSpin_g08_c05.avi
1.8928899983235423,2.724591554764349,40.049968789001575,0.5030523255813953,223.62790697674419,180.55792387032875,0.3174418604651163,168,165,SalsaSpin/v_SalsaSpin_g09_c01.avi
1.076758981570279,2.0287253042594555,33.24154027718932,0.6111918604651163,251.86976744186046,234.0640774271148,0.31453488372093025,168,165,SalsaSpin/v_SalsaSpin_g09_c02.avi
1.3809402311626153,2.3515097105475804,26.08669440538605,0.6943313953488373,257.7860465116279,223.17274733743224,0.2627906976744186,168,165,SalsaSpin/v_SalsaSpin_g09_c03.avi
3.170275091424676,10.945494313237603,205.23157651784484,0.6122093023255814,326.10232558139535,555.210053477928,0.21627906976744185,168,165,SalsaSpin/v_SalsaSpin_g09_c04.avi
1.049930617231062,3.3311796271664,57.63855588926565,0.7017441860465117,341.50697674418603,565.7291312556964,0.22906976744186047,168,165,SalsaSpin/v_SalsaSpin_g09_c05.avi
1.3617396613768455,2.793740836207772,72.11102550927978,0.6234011627906977,339.9441860465116,563.5723239537789,0.22093023255813954,168,165,SalsaSpin/v_SalsaSpin_g09_c06.avi
1.491679749429608,9.927447590042899,223.0560467685196,0.7941860465116279,374.66046511627906,670.8834516116009,0.2377906976744186,169,166,SalsaSpin/v_SalsaSpin_g10_c01.avi
1.2149976235624087,3.600260833275224,145.58159224297555,0.7191860465116279,419.86976744186046,767.4287978592326,0.27674418604651163,169,166,SalsaSpin/v_SalsaSpin_g10_c02.avi
2.035465536087836,8.215687352732706,255.23714463220279,0.6776162790697674,296.52093023255816,429.33478916788505,0.24476744186046512,169,166,SalsaSpin/v_SalsaSpin_g10_c03.avi
1.272339428738298,3.202454026120455,58.215118311311535,0.7058139534883721,509.1720930232558,909.8106949341437,0.2116279069767442,169,166,SalsaSpin/v_SalsaSpin_g10_c04.avi
1.2805514054365668,4.5157981386615464,134.55133778599156,0.71875,273.86046511627904,415.75963434810745,0.26976744186046514,169,166,SalsaSpin/v_SalsaSpin_g10_c05.avi
1.514870107958305,3.4809182582818536,91.02197536858887,0.6949127906976744,316.27906976744185,444.301506971121,0.2441860465116279,169,166,SalsaSpin/v_SalsaSpin_g10_c06.avi
3.54235056004056,8.376850236154779,318.1571938523471,0.6079941860465117,208.89302325581394,124.09067464044344,0.29186046511627906,168,165,SalsaSpin/v_SalsaSpin_g11_c01.avi
3.3618369368928662,8.505665172034131,268.7042984397533,0.38982558139534884,266.6046511627907,219.0973171834181,0.21686046511627907,168,165,SalsaSpin/v_SalsaSpin_g11_c02.avi
3.0185405761388364,6.908959947870519,242.30688186677654,0.5386627906976744,272.63255813953486,240.47249972920824,0.24593023255813953,168,165,SalsaSpin/v_SalsaSpin_g11_c03.avi
1.2216178852157686,1.8606947843364854,22.115110784257897,0.6568313953488372,323.42325581395346,449.41988697431304,0.2441860465116279,168,165,SalsaSpin/v_SalsaSpin_g11_c04.avi
2.4612866927298342,3.31248159166439,52.08646657242167,0.47747093023255816,236.353488372093,176.7723688668792,0.2534883720930233,168,165,SalsaSpin/v_SalsaSpin_g11_c05.avi
1.5990936836455936,3.5429233954437835,236.61889189158165,0.5357558139534884,239.5906976744186,187.16345277057064,0.25988372093023254,168,165,SalsaSpin/v_SalsaSpin_g11_c06.avi
0.5517758968369189,1.1650938999567055,8.246211251235321,0.829360465116279,465.74883720930234,409.6102199238805,0.275,201,198,SalsaSpin/v_SalsaSpin_g12_c01.avi
1.6643445570414037,6.666708222880482,37.77978957061566,0.8652616279069767,480.3720930232558,408.8980667460321,0.2453488372093023,201,198,SalsaSpin/v_SalsaSpin_g12_c02.avi
0.29151261351719143,1.3646826354793928,32.55764119219941,0.9061046511627907,493.7674418604651,402.85613089014976,0.19651162790697674,201,198,SalsaSpin/v_SalsaSpin_g12_c03.avi
0.18061858106634696,0.6544018289667096,18.027756377319946,0.976453488372093,484.1674418604651,405.89577062884774,0.2255813953488372,201,198,SalsaSpin/v_SalsaSpin_g12_c04.avi
1.0780658931702334,3.65175621303377,38.253267834264825,0.8513081395348837,471.3302325581395,405.38422516943723,0.24593023255813953,201,198,SalsaSpin/v_SalsaSpin_g12_c05.avi
0.823275192677135,3.6882762445687733,88.05112151472007,0.9340116279069768,816.9302325581396,1069.1551412506683,0.21337209302325583,201,198,SalsaSpin/v_SalsaSpin_g12_c06.avi
1.2215627708890864,2.3051869288335354,118.0889495253472,0.5667151162790698,233.56279069767442,227.62567091022112,0.37732558139534883,201,198,SalsaSpin/v_SalsaSpin_g13_c01.avi
1.2085862942356054,1.3049869901212985,24.73863375370596,0.5053779069767442,276.98604651162793,283.55457173908763,0.3511627906976744,201,198,SalsaSpin/v_SalsaSpin_g13_c02.avi
1.4914537788757483,3.349206675704248,112.0,0.5585755813953488,248.74418604651163,222.1472477333452,0.2982558139534884,201,198,SalsaSpin/v_SalsaSpin_g13_c03.avi
0.6078253336479793,1.915656627656392,71.25,0.8465116279069768,242.3813953488372,233.9332117525079,0.3546511627906977,188,185,SalsaSpin/v_SalsaSpin_g13_c04.avi
0.614544867960823,0.9865342613018148,19.40078928806764,0.8181686046511628,245.84186046511627,219.4117147585399,0.3040697674418605,334,330,SalsaSpin/v_SalsaSpin_g14_c01.avi
1.0854543381934139,1.9535229707965187,102.16958940898216,0.708139534883721,394.6418604651163,752.5111678789791,0.21744186046511627,334,330,SalsaSpin/v_SalsaSpin_g14_c02.avi
1.8727700452720109,3.4059105841096993,24.08318915758459,0.6736918604651163,264.2604651162791,416.2156049841738,0.31046511627906975,334,330,SalsaSpin/v_SalsaSpin_g14_c03.avi
1.1409130560291727,1.3400563731333086,28.071337695236398,0.5473837209302326,378.2325581395349,673.5592664729626,0.24709302325581395,334,330,SalsaSpin/v_SalsaSpin_g14_c04.avi
1.0311112098755524,4.802567813331535,192.89893727027115,0.7109011627906977,340.9488372093023,671.8772259012018,0.34825581395348837,334,330,SalsaSpin/v_SalsaSpin_g14_c05.avi
1.0823465126656486,1.4493434165236716,18.236296224836885,0.5744186046511628,378.34418604651165,669.693614535721,0.2186046511627907,334,330,SalsaSpin/v_SalsaSpin_g14_c06.avi
3.824392625516341,7.953586939874386,87.87953402243323,0.5441860465116279,350.7720930232558,470.5737805510746,0.25988372093023254,168,165,SalsaSpin/v_SalsaSpin_g15_c01.avi
1.1812931262245956,3.246452018826859,75.56991795681665,0.6565406976744186,309.3581395348837,294.59101663986763,0.26395348837209304,168,165,SalsaSpin/v_SalsaSpin_g15_c02.avi
0.937024308012286,2.2071082515987954,96.2616876020777,0.74375,350.7720930232558,318.46091967576734,0.20406976744186048,168,165,SalsaSpin/v_SalsaSpin_g15_c03.avi
1.5255793265270332,3.8109755073091898,68.15423684555495,0.5334302325581395,346.9767441860465,297.11429860562305,0.1447674418604651,168,165,SalsaSpin/v_SalsaSpin_g15_c04.avi
2.4446162537196723,5.728288651124008,84.61973765026691,0.5441860465116279,290.04651162790697,256.9667387297676,0.22267441860465118,168,165,SalsaSpin/v_SalsaSpin_g15_c05.avi
2.0038599255881704,6.242207538628287,128.2692480682724,0.5915697674418605,320.29767441860463,292.4715923302177,0.2186046511627907,168,165,SalsaSpin/v_SalsaSpin_g15_c06.avi
3.021357309874025,6.512627118082322,28.4849192556342,0.6433139534883721,422.9953488372093,588.5666902022031,0.14418604651162792,334,330,SalsaSpin/v_SalsaSpin_g16_c01.avi
0.8435038874878417,2.176916801875323,79.81227975693966,0.7936046511627907,415.4046511627907,580.197319263621,0.10930232558139535,334,330,SalsaSpin/v_SalsaSpin_g16_c02.avi
2.2676028066240193,7.727754706857356,100.18740252646538,0.6832848837209302,515.646511627907,839.3186747813184,0.12906976744186047,334,330,SalsaSpin/v_SalsaSpin_g16_c03.avi
1.3811353442685852,3.6385517101506206,62.96824596572466,0.6991279069767442,349.9906976744186,447.0749376932985,0.14534883720930233,334,330,SalsaSpin/v_SalsaSpin_g16_c04.avi
1.7159046510501645,3.3090942601041773,75.0066663703967,0.6142441860465117,393.4139534883721,469.5717700705194,0.1308139534883721,334,330,SalsaSpin/v_SalsaSpin_g16_c05.avi
1.4421071911105032,5.293768344103604,106.0,0.8492732558139535,236.91162790697675,178.94197215766764,0.2552325581395349,169,166,SalsaSpin/v_SalsaSpin_g17_c01.avi
0.44964044765929,2.0269933201329593,84.34128956211187,0.9133720930232558,224.1860465116279,156.1584251930985,0.2703488372093023,169,166,SalsaSpin/v_SalsaSpin_g17_c02.avi
0.798800971166359,4.222842894331716,79.125,0.8809593023255814,256.446511627907,239.48554488478314,0.30930232558139537,169,166,SalsaSpin/v_SalsaSpin_g17_c03.avi
0.5599096438530794,2.532607662521184,41.22878242199253,0.9061046511627907,226.86511627906978,187.56142669303307,0.3168604651162791,169,166,SalsaSpin/v_SalsaSpin_g17_c04.avi
3.1768146308034537,6.511082831393632,33.875,0.6520348837209302,353.33953488372094,315.55327721729395,0.18604651162790697,169,166,SalsaSpin/v_SalsaSpin_g18_c01.avi
2.7307241705604177,8.776863459501346,227.54340245324627,0.6805232558139535,339.0511627906977,302.6657257907069,0.1883720930232558,169,166,SalsaSpin/v_SalsaSpin_g18_c02.avi
0.8720695466518434,1.9009871288589335,34.132096331752024,0.7809593023255814,341.95348837209303,310.05040501605856,0.20348837209302326,169,166,SalsaSpin/v_SalsaSpin_g18_c03.avi
1.155610270572393,3.2213543658704666,72.0,0.7473837209302325,339.6093023255814,314.8365923990836,0.22732558139534884,169,166,SalsaSpin/v_SalsaSpin_g18_c04.avi
0.8956733721420079,3.430512433813093,89.15716460273958,0.7351744186046512,367.9627906976744,755.225540630161,0.31453488372093025,334,330,SalsaSpin/v_SalsaSpin_g19_c01.avi
1.3081399966944196,6.035767884008607,155.125,0.790406976744186,207.55348837209303,148.18048603415914,0.33372093023255817,334,330,SalsaSpin/v_SalsaSpin_g19_c02.avi
1.4065076445335014,4.621517904645814,47.603177414958346,0.7921511627906976,627.2744186046511,1187.7471792867925,0.3058139534883721,334,330,SalsaSpin/v_SalsaSpin_g19_c03.avi
1.1178874473630065,4.582491511661186,200.7211996775627,0.7074127906976744,261.24651162790695,402.3090674390092,0.261046511627907,277,274,SalsaSpin/v_SalsaSpin_g19_c04.avi
0.42255181647498724,2.116249750726938,48.58240422210494,0.9190406976744186,302.9953488372093,287.4768423057545,0.26453488372093026,168,165,SalsaSpin/v_SalsaSpin_g20_c01.avi
0.5547127269277426,2.9277756075015207,70.02856560004639,0.9132267441860465,286.0279069767442,269.5059030510096,0.2738372093023256,168,165,SalsaSpin/v_SalsaSpin_g20_c02.avi
0.4487761927529161,3.7662639441090833,146.75,0.9225290697674419,268.5023255813953,256.12258827981145,0.30465116279069765,168,165,SalsaSpin/v_SalsaSpin_g20_c03.avi
0.3411113642760656,1.5773010470804307,24.020824298928627,0.9299418604651163,294.4,284.14913869877523,0.28604651162790695,168,165,SalsaSpin/v_SalsaSpin_g20_c04.avi
0.2135405356154564,1.0793104175536163,29.5,0.9526162790697674,298.9767441860465,282.69808765092966,0.26453488372093026,168,165,SalsaSpin/v_SalsaSpin_g20_c05.avi
0.2990414251809137,1.0225196912058343,13.308831654206164,0.926889534883721,313.04186046511626,556.6457293603745,0.2703488372093023,201,198,SalsaSpin/v_SalsaSpin_g21_c01.avi
0.2593359520249203,1.0988432269384432,34.40930106817051,0.9242732558139535,226.30697674418604,160.6962719287232,0.2686046511627907,201,198,SalsaSpin/v_SalsaSpin_g21_c02.avi
0.24643135284638565,1.5115531837443854,111.75866856758807,0.9370639534883721,343.06976744186045,659.7086529373486,0.2534883720930233,201,198,SalsaSpin/v_SalsaSpin_g21_c03.avi
0.2205684143050306,0.7496944700664223,8.782084035125148,0.9402616279069768,238.13953488372093,190.04302834631812,0.27209302325581397,201,198,SalsaSpin/v_SalsaSpin_g21_c04.avi
0.17148329469632295,0.6918692440490647,25.298221281347036,0.9485465116279069,219.05116279069767,143.98524532305711,0.2738372093023256,201,198,SalsaSpin/v_SalsaSpin_g21_c05.avi
1.352968877103294,11.554472713187701,232.24340679554285,0.8245639534883721,242.04651162790697,203.69493303380236,0.28430232558139534,334,330,SalsaSpin/v_SalsaSpin_g22_c01.avi
0.5753225846629523,1.9047564963019938,32.984845004941285,0.9046511627906977,513.3023255813954,979.9530015992751,0.32965116279069767,334,330,SalsaSpin/v_SalsaSpin_g22_c02.avi
0.9661286227389084,3.522059300488283,54.27505181941331,0.8635174418604651,206.54883720930232,187.98984679670312,0.41104651162790695,334,330,SalsaSpin/v_SalsaSpin_g22_c03.avi
0.9334545504661963,5.878591399232691,121.27654348636426,0.8710755813953488,260.57674418604654,419.1713224908188,0.33895348837209305,334,330,SalsaSpin/v_SalsaSpin_g22_c04.avi
0.9473182284317393,3.171846762394113,61.555361261225656,0.8229651162790698,255.33023255813953,413.71483018366575,0.336046511627907,334,330,SalsaSpin/v_SalsaSpin_g22_c05.avi
1.8094801132422107,3.1711910373718735,35.510561809129406,0.6607558139534884,329.6744186046512,304.5212575869481,0.2255813953488372,169,166,SalsaSpin/v_SalsaSpin_g23_c01.avi
2.0879991704908143,5.3673819660704485,153.55129436120035,0.6350290697674419,380.9116279069767,356.59410396285415,0.25406976744186044,169,166,SalsaSpin/v_SalsaSpin_g23_c02.avi
2.1157556716717685,4.96639982940866,87.38072227327947,0.5773255813953488,436.72558139534885,601.7868540585489,0.19825581395348837,169,166,SalsaSpin/v_SalsaSpin_g23_c03.avi
2.5731076596664093,5.881000651372714,104.0096149401583,0.6183139534883721,327.4418604651163,323.4667807483505,0.29767441860465116,169,166,SalsaSpin/v_SalsaSpin_g23_c04.avi
0.4677757454887451,3.0251383463774255,81.74350127074322,0.9122093023255814,546.1209302325582,414.9514113097723,0.1819767441860465,169,166,SalsaSpin/v_SalsaSpin_g24_c01.avi
0.4824089890711888,2.4149976996285085,99.00505037623081,0.8597383720930233,487.1813953488372,401.3398022414041,0.2005813953488372,169,166,SalsaSpin/v_SalsaSpin_g24_c02.avi
0.557469441834846,3.6609161347528305,82.37718130647589,0.884156976744186,470.3255813953488,393.8298369961105,0.19767441860465115,169,166,SalsaSpin/v_SalsaSpin_g24_c03.avi
0.5066521177461814,2.960400765175146,81.90257169344562,0.9114825581395349,514.6418604651162,408.3914414021089,0.19011627906976744,169,166,SalsaSpin/v_SalsaSpin_g24_c04.avi
0.3763119095026341,1.9291119752857533,42.720018726587654,0.9004360465116279,583.5162790697674,529.4925244570712,0.14302325581395348,154,152,SalsaSpin/v_SalsaSpin_g24_c05.avi
2.1628451049569497,6.707570901064467,168.14577009250038,0.6457848837209302,365.3953488372093,679.4793540178438,0.32790697674418606,334,330,SalsaSpin/v_SalsaSpin_g25_c01.avi
2.128107577065452,6.44090868358131,135.09256086106296,0.5947674418604652,370.5302325581395,668.6744942934121,0.23372093023255813,334,330,SalsaSpin/v_SalsaSpin_g25_c02.avi
1.729557170971796,6.74943504022765,319.0767932645682,0.5691860465116279,369.19069767441863,676.7388255841403,0.29651162790697677,334,330,SalsaSpin/v_SalsaSpin_g25_c03.avi
1.1058564808579772,5.354757019789299,115.46766322221993,0.7758720930232558,1044.3162790697675,1522.2834660897886,0.1569767441860465,269,266,SalsaSpin/v_SalsaSpin_g25_c04.avi
1.530011151688415,2.057662516713038,24.770193782043773,0.5729651162790698,329.1162790697674,293.36644354818117,0.19127906976744186,151,149,ShavingBeard/v_ShavingBeard_g08_c01.avi
2.1538175737241194,2.894618854838362,35.500880270776385,0.3925872093023256,344.29767441860463,289.3079870828673,0.12848837209302325,147,145,ShavingBeard/v_ShavingBeard_g08_c02.avi
3.8151669423979677,7.268513627625442,141.718029904455,0.45159883720930233,292.27906976744185,303.352303097378,0.35523255813953486,103,101,ShavingBeard/v_ShavingBeard_g08_c03.avi
2.5163268735861317,6.24971481551737,66.0,0.5425872093023256,356.57674418604654,344.7997766397116,0.28081395348837207,156,154,ShavingBeard/v_ShavingBeard_g08_c04.avi
2.2920801673564917,4.311085508235486,40.8166632639171,0.6149709302325581,363.3860465116279,326.04361926859616,0.19186046511627908,154,152,ShavingBeard/v_ShavingBeard_g08_c05.avi
2.0280735072516847,4.047255517530843,36.124783736376884,0.5537790697674418,294.6232558139535,283.28787629285506,0.28255813953488373,105,103,ShavingBeard/v_ShavingBeard_g08_c06.avi
1.3498019867877205,3.1722454007849286,83.0,0.63125,319.6279069767442,316.7460301144967,0.30116279069767443,158,156,ShavingBeard/v_ShavingBeard_g08_c07.avi
0.41219719439055147,0.9766984010129274,22.847319317591726,0.8418604651162791,370.1953488372093,355.2558972578868,0.2796511627906977,162,160,ShavingBeard/v_ShavingBeard_g09_c01.avi
0.15981451539592023,0.8660751338822935,18.24828759089466,0.9578488372093024,488.29767441860463,393.9519327829588,0.16686046511627908,135,133,ShavingBeard/v_ShavingBeard_g09_c02.avi
0.40142575370795985,1.5280323890521936,21.005951537600005,0.8997093023255814,451.12558139534883,394.88419031938577,0.23953488372093024,203,200,ShavingBeard/v_ShavingBeard_g09_c03.avi
0.20609452695054697,0.7041948066817462,8.933784192602818,0.94375,448.446511627907,392.5009917622412,0.23488372093023255,138,136,ShavingBeard/v_ShavingBeard_g09_c04.avi
0.1643832665939043,0.758475810065565,13.67707936658993,0.9577034883720931,590.9953488372093,626.6639876893668,0.15290697674418605,194,191,ShavingBeard/v_ShavingBeard_g09_c05.avi
0.1894788439596682,0.7344678149381904,12.947007376224052,0.9370639534883721,472.6697674418605,400.0891037587221,0.22034883720930232,210,207,ShavingBeard/v_ShavingBeard_g09_c06.avi
0.1681221668202473,0.8445804046054067,22.360679774997898,0.9507267441860465,558.4,534.7925031218639,0.19244186046511627,294,291,ShavingBeard/v_ShavingBeard_g09_c07.avi
0.3364457366214047,0.6901041695684732,7.280109889280518,0.897093023255814,377.5627906976744,352.0121754126178,0.24593023255813953,277,274,ShavingBeard/v_ShavingBeard_g10_c01.avi
0.52524673605951,1.1733393933989664,11.918997441060217,0.8379360465116279,500.9116279069767,621.5888917362569,0.21046511627906977,190,187,ShavingBeard/v_ShavingBeard_g10_c02.avi
0.5489221844980573,1.5370062151546495,13.152946437965905,0.8613372093023256,437.1720930232558,379.6647274474049,0.2052325581395349,280,277,ShavingBeard/v_ShavingBeard_g10_c03.avi
0.7458369175598849,1.784167974967311,15.700318468107582,0.8055232558139535,451.46046511627907,516.4872470293626,0.24476744186046512,130,128,ShavingBeard/v_ShavingBeard_g10_c04.avi
0.49805036916216766,1.2947405450709746,16.76305461424021,0.8556686046511628,385.48837209302326,357.9341482954016,0.24651162790697675,227,224,ShavingBeard/v_ShavingBeard_g10_c05.avi
0.5226346894687076,1.5090493629800381,12.0,0.873546511627907,376.0,346.84813378044396,0.23081395348837208,184,181,ShavingBeard/v_ShavingBeard_g10_c06.avi
0.3695782092895189,1.1845966924113207,13.383758814324173,0.8941860465116279,461.1720930232558,386.722571268057,0.18488372093023256,239,236,ShavingBeard/v_ShavingBeard_g10_c07.avi
1.1371969604155523,1.428182265976418,11.305419054595014,0.5888081395348838,395.646511627907,356.77786154389014,0.21453488372093024,160,158,ShavingBeard/v_ShavingBeard_g11_c01.avi
2.1121208237451676,7.425042934368135,59.033888572581766,0.8350290697674418,410.71627906976744,507.50181437651725,0.2872093023255814,147,145,ShavingBeard/v_ShavingBeard_g11_c02.avi
0.45375113598129446,1.715781311762475,57.9396237474839,0.9126453488372093,427.57209302325583,387.5979254063936,0.25988372093023254,156,154,ShavingBeard/v_ShavingBeard_g11_c03.avi
5.312614097927842,7.6240995880099645,63.017854612800015,0.5521802325581395,202.86511627906978,188.86386247921513,0.43023255813953487,167,164,ShavingBeard/v_ShavingBeard_g11_c04.avi
3.5176738304908897,10.019962527688973,209.0861066642162,0.6232558139534884,291.6093023255814,298.66169070515565,0.34244186046511627,152,150,ShavingBeard/v_ShavingBeard_g12_c01.avi
1.7658386898121476,5.4391681687219515,130.18832512940628,0.6212209302325581,348.98604651162793,319.52405709291145,0.21337209302325583,157,155,ShavingBeard/v_ShavingBeard_g12_c02.avi
1.7588701409017324,6.532551821052844,51.97249873731299,0.7965116279069767,324.2046511627907,337.4147885218584,0.35872093023255813,152,150,ShavingBeard/v_ShavingBeard_g12_c03.avi
2.9556607023768673,4.557854242083247,53.52102390649865,0.5498546511627908,330.5674418604651,319.82546673541447,0.2744186046511628,186,183,ShavingBeard/v_ShavingBeard_g12_c04.avi
1.5076822589711942,3.678909502685358,27.85677655436824,0.7635174418604651,322.9767441860465,341.16527321111334,0.3767441860465116,149,147,ShavingBeard/v_ShavingBeard_g12_c05.avi
6.030084526108072,15.719718841023868,274.8268773246169,0.6556686046511628,241.37674418604652,269.9863259562476,0.4575581395348837,164,161,ShavingBeard/v_ShavingBeard_g12_c06.avi
2.357596973440309,3.2632557613782156,30.24302605560495,0.46017441860465114,356.9116279069767,322.7707756066556,0.2,171,168,ShavingBeard/v_ShavingBeard_g13_c01.avi
1.8165575906544695,3.164309156928335,26.875,0.6001453488372093,349.65581395348835,322.46748190290845,0.22151162790697673,181,178,ShavingBeard/v_ShavingBeard_g13_c02.avi
1.249346388252043,1.9037949472038171,29.0,0.6515988372093023,420.53953488372093,611.427979420625,0.2988372093023256,173,170,ShavingBeard/v_ShavingBeard_g13_c03.avi
2.122616967523611,2.6406708021805763,86.37509044857782,0.31569767441860463,365.84186046511627,306.14681554167134,0.11627906976744186,169,166,ShavingBeard/v_ShavingBeard_g13_c04.avi
7.930179464064177,18.02027625790443,172.0,0.6748546511627908,211.68372093023257,216.4208915357559,0.4494186046511628,165,162,ShavingBeard/v_ShavingBeard_g13_c05.avi
2.420105498566615,3.1979157207786115,31.5,0.33997093023255814,326.9953488372093,300.343051884967,0.22093023255813954,174,171,ShavingBeard/v_ShavingBeard_g13_c06.avi
1.7856698188782603,3.936068253720619,54.62600113499065,0.5892441860465116,238.25116279069766,184.27055989179055,0.25988372093023254,208,205,ShavingBeard/v_ShavingBeard_g14_c01.avi
1.6929045509456815,2.4812668155351156,20.574559533559885,0.45392441860465116,232.0,177.3856657641892,0.2738372093023256,208,205,ShavingBeard/v_ShavingBeard_g14_c02.avi
1.7638274944936876,2.9131185958331756,28.160255680657446,0.6117732558139535,232.0,234.6092248230939,0.40174418604651163,264,261,ShavingBeard/v_ShavingBeard_g14_c03.avi
1.9132144432181726,8.349400807951401,191.1674658512792,0.7646802325581395,241.26511627906976,233.40687987680158,0.3581395348837209,223,220,ShavingBeard/v_ShavingBeard_g14_c04.avi
1.1150853928463118,5.554620128339035,189.97368238785077,0.8652616279069767,261.0232558139535,247.31502257121318,0.311046511627907,242,239,ShavingBeard/v_ShavingBeard_g14_c05.avi
4.211074098208994,5.966999577229325,118.08160578599869,0.4247093023255814,282.5674418604651,419.4535912577664,0.25232558139534883,221,218,ShavingBeard/v_ShavingBeard_g14_c06.avi
0.6169589640146638,2.0038057199903734,25.298221281347036,0.85625,341.6186046511628,471.4620344061917,0.2936046511627907,210,207,ShavingBeard/v_ShavingBeard_g15_c01.avi
0.5499838747151176,3.6052218347981957,73.5,0.9159883720930233,307.01395348837207,310.61276990580404,0.325,210,207,ShavingBeard/v_ShavingBeard_g15_c02.avi
0.4093845926989485,2.4878398126312398,52.375,0.9040697674418605,320.74418604651163,456.05977234850485,0.28604651162790695,206,203,ShavingBeard/v_ShavingBeard_g15_c03.avi
0.30310242633587403,0.8128916845473835,8.06225774829855,0.9125,443.2,601.6239975421564,0.18313953488372092,198,195,ShavingBeard/v_ShavingBeard_g15_c04.avi
0.22271212099026766,0.8677882631116007,10.398317171542711,0.9430232558139535,339.9441860465116,479.75923869933,0.34186046511627904,210,207,ShavingBeard/v_ShavingBeard_g15_c05.avi
0.2107021172486921,0.7652724112539621,13.601470508735444,0.9430232558139535,418.4186046511628,591.678190052751,0.175,202,199,ShavingBeard/v_ShavingBeard_g15_c06.avi
0.237760509606336,1.2512708692294408,31.5,0.9505813953488372,524.1302325581395,781.6038738373936,0.2058139534883721,234,231,ShavingBeard/v_ShavingBeard_g15_c07.avi
0.37641001837290694,1.925192105776483,45.0111097397076,0.94375,431.5906976744186,383.11814912966014,0.23197674418604652,220,217,ShavingBeard/v_ShavingBeard_g16_c01.avi
0.2833170707232098,1.0426673147736456,12.419742348374221,0.9222383720930233,386.9395348837209,364.1484888412488,0.2668604651162791,265,262,ShavingBeard/v_ShavingBeard_g16_c02.avi
0.40067490225628527,1.1287655619847934,17.62677296047124,0.864389534883721,465.86046511627904,391.87596408518175,0.19767441860465115,228,225,ShavingBeard/v_ShavingBeard_g16_c03.avi
0.5291402542541692,1.4645815907452633,54.64487624654301,0.8420058139534884,494.3255813953488,399.7210492988441,0.1819767441860465,253,250,ShavingBeard/v_ShavingBeard_g16_c04.avi
0.2512029014864655,1.8342349893566334,64.0,0.951889534883721,515.646511627907,524.7628263160227,0.18255813953488373,241,238,ShavingBeard/v_ShavingBeard_g16_c05.avi
0.559568158157666,2.013502822063439,38.8329756778952,0.8767441860465116,307.3488372093023,331.1644630216463,0.3953488372093023,262,259,ShavingBeard/v_ShavingBeard_g16_c06.avi
0.9507472781023157,3.198035262548964,70.88469951265928,0.8341569767441861,461.0604651162791,513.4615685623232,0.20872093023255814,270,267,ShavingBeard/v_ShavingBeard_g17_c01.avi
0.8500775204650856,4.280959496667413,160.0781059358212,0.8866279069767442,451.2372093023256,513.2835061496086,0.22732558139534884,309,306,ShavingBeard/v_ShavingBeard_g17_c02.avi
0.7558570172059103,2.04492626048463,17.154172233016666,0.8281976744186047,472.11162790697676,516.8695635058667,0.2069767441860465,311,308,ShavingBeard/v_ShavingBeard_g17_c03.avi
0.8612803268148728,1.7620316453275893,15.532224567009067,0.7513081395348837,406.3627906976744,370.30782733769064,0.24011627906976743,298,295,ShavingBeard/v_ShavingBeard_g17_c04.avi
1.079300619425942,3.958701546075552,80.0,0.8309593023255814,530.6046511627907,714.8336003976286,0.25116279069767444,304,301,ShavingBeard/v_ShavingBeard_g17_c05.avi
0.757554736643467,2.433963462270804,32.07900403690863,0.8388081395348838,459.9441860465116,517.4387699097671,0.23313953488372094,304,301,ShavingBeard/v_ShavingBeard_g17_c06.avi
1.4511560058738604,4.234573435481136,49.8196748283246,0.7915697674418605,251.4232558139535,280.8421263348563,0.44709302325581396,324,320,ShavingBeard/v_ShavingBeard_g17_c07.avi
0.37131562243031824,1.4438746986191153,16.694404002539294,0.9338662790697675,229.2093023255814,151.18886358328865,0.23953488372093024,337,333,ShavingBeard/v_ShavingBeard_g18_c01.avi
0.4146172012076589,1.7277668628251561,16.920771259017716,0.9430232558139535,299.9813953488372,547.6902873126907,0.26395348837209304,298,295,ShavingBeard/v_ShavingBeard_g18_c02.avi
0.25952059624306806,1.0850265013016065,17.88854381999832,0.9388081395348837,255.33023255813953,184.3680791809584,0.1872093023255814,308,305,ShavingBeard/v_ShavingBeard_g18_c03.avi
0.5269493067601521,2.4837118795532755,39.630322986319456,0.9061046511627907,287.70232558139537,423.522575378287,0.25116279069767444,271,268,ShavingBeard/v_ShavingBeard_g18_c04.avi
0.549740328507214,1.9850366519133908,22.70600140931908,0.904796511627907,219.72093023255815,167.15044408338915,0.30988372093023253,291,288,ShavingBeard/v_ShavingBeard_g18_c05.avi
0.38812268559929736,1.202250738546656,16.25,0.90625,312.1488372093023,550.3089501708861,0.23546511627906977,302,299,ShavingBeard/v_ShavingBeard_g18_c06.avi
0.5598120903702473,7.8054766834317935,254.95097567963924,0.9492732558139535,320.8558139534884,428.8941026680214,0.15523255813953488,312,309,ShavingBeard/v_ShavingBeard_g18_c07.avi
2.270367650699405,15.385428127389579,307.4833328816377,0.8636627906976744,213.58139534883722,225.66513909486366,0.4627906976744186,162,160,ShavingBeard/v_ShavingBeard_g19_c01.avi
1.3879817941552866,6.123354111015464,102.9417310909429,0.859593023255814,593.8976744186047,1039.1810589355473,0.3075581395348837,204,201,ShavingBeard/v_ShavingBeard_g19_c02.avi
1.7289484352659619,6.925118562501512,92.63368717696602,0.8633720930232558,502.25116279069766,914.5483328924297,0.2686046511627907,205,202,ShavingBeard/v_ShavingBeard_g19_c03.avi
0.22836317860905855,1.1337218692537303,33.421549934136806,0.9473837209302326,650.046511627907,1079.2398262146517,0.16162790697674417,215,212,ShavingBeard/v_ShavingBeard_g19_c04.avi
0.2920625165278573,1.3409503673149898,20.317787773278862,0.9513081395348837,725.5069767441861,1222.1336274891125,0.19883720930232557,241,238,ShavingBeard/v_ShavingBeard_g19_c05.avi
0.9283897695737476,6.098766357551879,163.9176622576103,0.8800872093023255,531.8325581395349,972.8526692923599,0.23081395348837208,222,219,ShavingBeard/v_ShavingBeard_g19_c06.avi
1.0761561123005758,6.447337245189529,68.74636354019026,0.8260174418604651,325.3209302325581,299.1261136836882,0.22267441860465118,273,270,ShavingBeard/v_ShavingBeard_g19_c07.avi
1.2456542621552895,2.5983530676403896,24.300205760445735,0.6761627906976744,321.30232558139534,335.6340431553752,0.3622093023255814,239,236,ShavingBeard/v_ShavingBeard_g20_c01.avi
5.139383992734667,10.43250101263887,282.5806300863525,0.5796511627906977,225.63720930232557,256.4687541812487,0.4883720930232558,247,244,ShavingBeard/v_ShavingBeard_g20_c02.avi
1.2683510079674496,2.1154404764827213,17.322312201320006,0.6190406976744186,327.66511627906976,348.2432181905114,0.3872093023255814,281,278,ShavingBeard/v_ShavingBeard_g20_c03.avi
3.5435910239387334,7.285735922917537,65.7671080404179,0.49040697674418604,317.84186046511627,293.0738348374111,0.22906976744186047,250,247,ShavingBeard/v_ShavingBeard_g20_c04.avi
3.2341791695492432,5.055134398917029,23.08679276123039,0.5046511627906977,307.01395348837207,277.0601727787375,0.2180232558139535,249,246,ShavingBeard/v_ShavingBeard_g20_c05.avi
1.2666762271963046,2.046875475783203,17.84525497156037,0.5986918604651162,308.4651162790698,286.19227142777015,0.24069767441860465,258,255,ShavingBeard/v_ShavingBeard_g20_c06.avi
0.7963314898023258,1.882165802913587,42.5,0.8377906976744186,326.2139534883721,333.87156810867657,0.33895348837209305,295,292,ShavingBeard/v_ShavingBeard_g20_c07.avi
1.270130878764819,6.77536542178894,180.27756377319946,0.7318313953488372,226.75348837209302,179.4258794286975,0.30116279069767443,163,160,ShavingBeard/v_ShavingBeard_g21_c01.avi
0.6073104212705622,2.9343762610331705,58.008620049092706,0.8920058139534883,401.45116279069765,591.963022247125,0.2191860465116279,175,172,ShavingBeard/v_ShavingBeard_g21_c02.avi
0.5510458338433827,1.7756459981259858,27.294688127912362,0.8828488372093023,222.62325581395348,166.08488280507774,0.2947674418604651,91,89,ShavingBeard/v_ShavingBeard_g21_c03.avi
1.2980269698135298,9.336122912068015,290.9518860567843,0.8498546511627907,529.7116279069768,975.2003064867076,0.25813953488372093,175,172,ShavingBeard/v_ShavingBeard_g21_c04.avi
0.9126018392107225,3.5579677026415144,72.40338389882064,0.8579941860465117,343.4046511627907,458.78052611369344,0.2238372093023256,206,203,ShavingBeard/v_ShavingBeard_g21_c05.avi
1.0208185824076563,5.069466227708316,62.80127387243033,0.8447674418604652,283.12558139534883,259.52926625578596,0.2563953488372093,210,207,ShavingBeard/v_ShavingBeard_g21_c06.avi
0.45240121610437767,1.127410901890772,7.152359750459984,0.8755813953488372,316.27906976744185,446.70693403031316,0.2558139534883721,208,205,ShavingBeard/v_ShavingBeard_g21_c07.avi
1.0262663991714842,8.929342508699616,269.0074348414928,0.8598837209302326,441.19069767441863,606.1121823457152,0.21686046511627907,302,299,ShavingBeard/v_ShavingBeard_g22_c01.avi
0.2176052445955702,0.998441905558106,23.345235059857504,0.9482558139534883,462.28837209302327,394.0945118666287,0.21395348837209302,268,265,ShavingBeard/v_ShavingBeard_g22_c02.avi
0.4427256869108532,1.2254461834029087,10.077822185373186,0.8709302325581395,346.30697674418604,354.71054520771946,0.3505813953488372,205,202,ShavingBeard/v_ShavingBeard_g22_c03.avi
0.38194199573526394,1.2504416513862893,13.0,0.9104651162790698,384.93023255813955,357.6864545711326,0.24709302325581395,256,253,ShavingBeard/v_ShavingBeard_g22_c04.avi
0.43684236586273384,2.651007216086388,67.47592163134935,0.9502906976744186,388.27906976744185,360.94284322251536,0.2505813953488372,209,206,ShavingBeard/v_ShavingBeard_g22_c05.avi
0.3369738479947901,0.8283492441261283,8.620469824783333,0.8880813953488372,381.4697674418605,354.43827522779975,0.2441860465116279,212,209,ShavingBeard/v_ShavingBeard_g22_c06.avi
0.19875656739630695,0.5372196286322453,6.914658342969665,0.9133720930232558,338.04651162790697,336.10892154031563,0.3075581395348837,204,201,ShavingBeard/v_ShavingBeard_g22_c07.avi
2.035199871356478,4.665630330218273,41.7889040296584,0.6274709302325582,239.14418604651163,237.76793973089045,0.3784883720930233,162,160,ShavingBeard/v_ShavingBeard_g23_c01.avi
0.9435888282373369,2.548148596821132,25.904874058755816,0.8002906976744186,363.4976744186047,482.4014045490236,0.2819767441860465,180,177,ShavingBeard/v_ShavingBeard_g23_c02.avi
0.9076723812273572,3.124079055848983,56.859475903318,0.8271802325581395,595.3488372093024,914.3409084784803,0.1744186046511628,186,183,ShavingBeard/v_ShavingBeard_g23_c03.avi
0.7364134901887801,2.488190374125822,29.267089025046545,0.858139534883721,556.6139534883721,853.2739001296767,0.21104651162790697,194,191,ShavingBeard/v_ShavingBeard_g23_c04.avi
0.5927124994833206,1.7708552871956513,21.26323117496492,0.8867732558139535,445.09767441860464,696.8575742802836,0.25465116279069766,186,183,ShavingBeard/v_ShavingBeard_g23_c05.avi
0.7747766906592314,2.1043667319867336,21.273516399504807,0.8168604651162791,383.0325581395349,478.6377120590101,0.2058139534883721,286,283,ShavingBeard/v_ShavingBeard_g23_c06.avi
0.7374450506307721,1.9466137901190297,33.32604086896612,0.8348837209302326,484.9488372093023,703.9826056162722,0.23313953488372094,145,143,ShavingBeard/v_ShavingBeard_g23_c07.avi
0.3417382781062691,0.9321835769199585,8.452995031348356,0.9126453488372093,412.83720930232556,361.2016720860984,0.1877906976744186,153,151,ShavingBeard/v_ShavingBeard_g24_c01.avi
0.43014918703771043,1.187157930353034,9.82344135219425,0.892296511627907,341.6186046511628,330.3218777339474,0.275,102,100,ShavingBeard/v_ShavingBeard_g24_c02.avi
0.528552259259226,1.6266405700448054,16.439757449548942,0.9123546511627907,411.9441860465116,371.1816914229382,0.22965116279069767,95,93,ShavingBeard/v_ShavingBeard_g24_c03.avi
0.3833094929792813,1.0296758047193906,11.510864433221338,0.8645348837209302,420.42790697674417,363.5148865033903,0.17848837209302326,270,267,ShavingBeard/v_ShavingBeard_g24_c04.avi
0.42650647807517517,1.4167192400469517,14.316184023684524,0.8991279069767442,390.7348837209302,355.17872270477545,0.22151162790697673,127,125,ShavingBeard/v_ShavingBeard_g24_c05.avi
0.5192826560477021,1.2712374129925523,36.124783736376884,0.8377906976744186,357.8046511627907,322.88873305189054,0.19767441860465115,205,202,ShavingBeard/v_ShavingBeard_g24_c06.avi
0.6230000719335276,4.203959051868776,161.37224048763778,0.8969476744186047,365.50697674418603,345.8073111762575,0.2575581395348837,183,180,ShavingBeard/v_ShavingBeard_g24_c07.avi
0.9010151572016203,2.341677260306125,22.886950430321644,0.8101744186046511,801.7488372093023,1120.0624202647573,0.19476744186046513,211,208,ShavingBeard/v_ShavingBeard_g25_c01.avi
1.0047635207003043,3.336787762936492,22.02271554554524,0.9021802325581395,847.7395348837209,1208.8435400211836,0.2180232558139535,227,224,ShavingBeard/v_ShavingBeard_g25_c02.avi
0.2749579841900912,1.2640884607995728,16.1245154965971,0.952906976744186,776.7441860465116,1122.6259103366629,0.18546511627906978,231,228,ShavingBeard/v_ShavingBeard_g25_c03.avi
0.8266074873298714,2.3360227159592015,26.792023066577112,0.7677325581395349,308.68837209302325,320.69234783171095,0.35348837209302325,162,160,ShavingBeard/v_ShavingBeard_g25_c04.avi
0.9617083799980294,3.2467589615178114,65.43699259593154,0.7690406976744186,311.0325581395349,331.44637766243414,0.38313953488372093,243,240,ShavingBeard/v_ShavingBeard_g25_c05.avi
0.1345938731146651,0.6950650417659557,10.688779163215974,0.9614825581395349,953.5627906976745,1310.47225803547,0.12034883720930233,236,233,ShavingBeard/v_ShavingBeard_g25_c06.avi
0.06612509585044754,0.3205209309748042,6.5431261641512,0.9840116279069767,337.3767441860465,332.6189277342378,0.29709302325581394,147,145,Shotput/v_Shotput_g08_c01.avi
0.06549274283507697,0.3883826211023229,8.631338250816034,0.9828488372093023,342.6232558139535,343.1446944360822,0.3186046511627907,113,111,Shotput/v_Shotput_g08_c02.avi
0.12556746102637548,0.8358335991475504,21.126109438322995,0.9675872093023256,341.84186046511627,311.49504922159184,0.20872093023255814,108,106,Shotput/v_Shotput_g08_c03.avi
0.12751168170270918,0.7124291330201612,16.15549442140351,0.9688953488372093,350.9953488372093,334.09542568963553,0.25872093023255816,127,125,Shotput/v_Shotput_g08_c04.avi
0.15380459572567504,0.8029159341743715,17.029386365926403,0.958139534883721,336.2604651162791,327.37172821884445,0.2819767441860465,127,125,Shotput/v_Shotput_g08_c05.avi
0.08589988611676425,0.6574531658101066,18.04335057576613,0.9825581395348837,346.5302325581395,335.9714242658172,0.2796511627906977,103,101,Shotput/v_Shotput_g08_c06.avi
0.030593683129828884,0.19000788986125908,5.533985905294664,0.9917151162790697,404.57674418604654,342.6798389419878,0.1377906976744186,117,115,Shotput/v_Shotput_g08_c07.avi
2.7690542589191325,5.945574049237799,265.29252722230984,0.563953488372093,292.72558139534885,215.56267970239176,0.1063953488372093,66,64,Shotput/v_Shotput_g09_c01.avi
0.48099056850187644,0.9605477496003213,16.50426081349904,0.845203488372093,312.8186046511628,271.5436658155823,0.1808139534883721,73,71,Shotput/v_Shotput_g09_c02.avi
8.807014966593705,28.65559041945134,131.0,0.5425872093023256,212.13023255813954,229.76676094428808,0.4796511627906977,83,81,Shotput/v_Shotput_g09_c03.avi
0.5933511136023534,1.402469481966475,16.977926846349646,0.8911337209302326,367.6279069767442,307.03965528718777,0.11395348837209303,78,76,Shotput/v_Shotput_g09_c04.avi
4.5876655337925305,13.162687364947502,104.00480758118829,0.6726744186046512,157.43255813953488,151.41415208492057,0.5877906976744186,85,83,Shotput/v_Shotput_g09_c05.avi
1.5684054520431894,2.2736601910376444,74.0,0.5388081395348837,307.12558139534883,233.32304792803777,0.09651162790697675,78,76,Shotput/v_Shotput_g09_c06.avi
2.713336414810783,3.3761086134741816,40.39125059960387,0.39665697674418604,307.01395348837207,238.8396655746524,0.11104651162790698,77,75,Shotput/v_Shotput_g09_c07.avi
10.1763526231424,19.69908309809728,144.67101687967772,0.32834302325581394,302.54883720930235,252.80384193806853,0.16453488372093023,57,55,Shotput/v_Shotput_g10_c01.avi
6.430541796290292,9.340715845379771,173.18487231857176,0.30203488372093024,341.95348837209303,272.5253095554546,0.08488372093023255,87,85,Shotput/v_Shotput_g10_c02.avi
2.989782250867919,3.814886043679606,73.3822398472546,0.38313953488372093,302.8837209302326,227.62241371043402,0.09767441860465116,73,71,Shotput/v_Shotput_g10_c03.avi
3.47424854204601,5.972935336493623,83.09632964216891,0.3581395348837209,308.68837209302325,299.2580757662246,0.2813953488372093,97,95,Shotput/v_Shotput_g10_c04.avi
3.668678961188201,7.67553437411895,91.14000219442613,0.509156976744186,231.66511627906976,231.03028985316544,0.3941860465116279,83,81,Shotput/v_Shotput_g10_c05.avi
0.9635416308120933,1.8213169041980457,18.49493173818168,0.8186046511627907,315.0511627906977,243.58117349262295,0.09476744186046511,72,70,Shotput/v_Shotput_g10_c06.avi
0.24109159551310694,1.8066668432222157,57.706152185014034,0.9497093023255814,205.2093023255814,211.88067705389176,0.46918604651162793,85,83,Shotput/v_Shotput_g11_c01.avi
0.1600101345220586,0.8863228405243297,17.88854381999832,0.9603197674418604,198.51162790697674,186.38100163849458,0.4459302325581395,85,83,Shotput/v_Shotput_g11_c02.avi
0.1393353886346362,0.7778990244283591,17.26674911498977,0.9722383720930232,332.4651162790698,316.1056159118863,0.2552325581395349,88,86,Shotput/v_Shotput_g11_c03.avi
0.126536310354758,0.6817859192097873,10.612492638395562,0.9654069767441861,346.9767441860465,342.0475615216224,0.3005813953488372,80,78,Shotput/v_Shotput_g11_c04.avi
0.1965961167320891,1.0009575010562368,16.547280743372912,0.9579941860465117,296.9674418604651,320.56594410723494,0.3959302325581395,94,92,Shotput/v_Shotput_g11_c05.avi
0.15820880219622194,0.8818587335424414,28.0178514522438,0.9622093023255814,322.5302325581395,340.12024927915326,0.3744186046511628,77,75,Shotput/v_Shotput_g11_c06.avi
0.17176243806121164,0.9675190648709255,17.50178562318714,0.9691860465116279,310.69767441860466,318.4096772284586,0.3383720930232558,90,88,Shotput/v_Shotput_g11_c07.avi
0.1524276734983771,2.267775152017432,105.56573781298552,0.9771802325581396,208.5581395348837,188.62061125944723,0.4029069767441861,83,81,Shotput/v_Shotput_g12_c01.avi
0.11978369801078916,0.6432372462280508,14.323276510631217,0.9642441860465116,426.45581395348836,687.8764063210591,0.22848837209302325,88,86,Shotput/v_Shotput_g12_c02.avi
0.08523852490950384,0.48415765076042794,12.509996003196804,0.9707848837209302,504.93023255813955,767.4246086855861,0.1127906976744186,80,78,Shotput/v_Shotput_g12_c03.avi
0.0908426205941374,0.5767539747182997,16.16032951396722,0.9748546511627907,555.1627906976744,773.8962411743837,0.10697674418604651,80,78,Shotput/v_Shotput_g12_c04.avi
0.08523942929662394,0.5391612132016663,14.235738477507937,0.9748546511627907,564.0930232558139,696.1429889858231,0.07441860465116279,76,74,Shotput/v_Shotput_g12_c05.avi
0.08865491694333995,0.5580903939541179,12.837932076467768,0.9744186046511628,944.5209302325582,1265.9314167392745,0.06279069767441861,68,66,Shotput/v_Shotput_g12_c06.avi
0.1684910962185364,0.9485128900178214,14.125553086516648,0.9614825581395349,297.30232558139534,291.7121498441309,0.2988372093023256,75,73,Shotput/v_Shotput_g12_c07.avi
0.9496149313142456,1.3618618543827106,18.24828759089466,0.6780523255813954,265.71162790697673,214.5925953005253,0.20988372093023255,69,67,Shotput/v_Shotput_g13_c01.avi
0.1935430443152446,0.7148308416320256,13.748295348878711,0.9577034883720931,260.4651162790698,256.8897464018014,0.3395348837209302,80,78,Shotput/v_Shotput_g13_c02.avi
4.0614890564495525,5.01334911815768,207.2839236409809,0.33997093023255814,181.87906976744185,171.20911809849645,0.49767441860465117,84,82,Shotput/v_Shotput_g13_c03.avi
0.4845093338894871,1.0935570745446972,16.53027525481654,0.8462209302325582,414.06511627906974,384.5095159458261,0.27906976744186046,76,74,Shotput/v_Shotput_g13_c04.avi
1.0296020422725307,1.261276726368352,15.556349186104045,0.6590116279069768,229.32093023255814,167.29143010083084,0.2668604651162791,73,71,Shotput/v_Shotput_g14_c01.avi
0.994197617114806,1.3060968061436298,22.47220505424423,0.6492732558139535,319.4046511627907,270.1214524026815,0.15348837209302327,88,86,Shotput/v_Shotput_g14_c02.avi
0.8688410675106977,2.2148842042124146,47.265209192385896,0.7440406976744186,249.52558139534884,229.43258227790682,0.3127906976744186,76,74,Shotput/v_Shotput_g14_c03.avi
2.957294490247299,3.2093890826985794,31.042309836737342,0.2552325581395349,296.07441860465116,221.3511028681381,0.10755813953488372,71,69,Shotput/v_Shotput_g14_c04.avi
3.2020257818968214,5.021230734637595,256.632032295269,0.2056686046511628,244.94883720930233,176.48788662838842,0.21569767441860466,67,65,Shotput/v_Shotput_g15_c01.avi
1.6371260565939347,2.467489090883551,38.52211215652641,0.5363372093023255,207.2186046511628,124.7374307520046,0.3005813953488372,74,72,Shotput/v_Shotput_g15_c02.avi
6.184390453456291,15.477590228323166,269.23595599399425,0.682703488372093,131.9813953488372,136.81588248583782,0.7017441860465117,83,81,Shotput/v_Shotput_g15_c03.avi
3.0851833629119563,5.216396105564389,191.2968896767535,0.47252906976744186,215.3674418604651,152.63188688297055,0.30465116279069765,70,68,Shotput/v_Shotput_g15_c04.avi
2.202522646486939,2.724497734487884,43.27185141636535,0.26729651162790696,218.15813953488373,139.82298814981507,0.27151162790697675,90,88,Shotput/v_Shotput_g15_c05.avi
1.4287654070522762,2.6141967368126497,61.250510201956686,0.6284883720930232,230.77209302325582,162.77951748983625,0.25232558139534883,67,65,Shotput/v_Shotput_g15_c06.avi
4.131494890861343,5.183554560787851,175.58188972670274,0.38372093023255816,203.86976744186046,111.51348554361242,0.29941860465116277,74,72,Shotput/v_Shotput_g15_c07.avi
0.08517928836660119,0.4872587481724353,19.224008426964446,0.977906976744186,336.706976744186,308.24083410831565,0.21453488372093024,152,150,Shotput/v_Shotput_g16_c01.avi
0.11639763874258231,0.6635501425891152,19.0,0.9667151162790698,358.69767441860466,480.84555054920054,0.28837209302325584,66,64,Shotput/v_Shotput_g16_c02.avi
0.17106575841519697,0.7210792302499313,17.714753738056874,0.9664244186046511,224.6325581395349,170.42035542921133,0.2936046511627907,138,136,Shotput/v_Shotput_g16_c03.avi
0.29046307243769104,1.6256418759316624,36.02820075996024,0.9351744186046511,280.33488372093024,242.0837438071465,0.21976744186046512,97,95,Shotput/v_Shotput_g16_c04.avi
1.3041785656616522,5.086645190454905,324.0,0.8088662790697675,260.8,223.7517561318638,0.2517441860465116,78,76,Shotput/v_Shotput_g16_c05.avi
0.12630634868369495,0.6152259835117555,10.796411440844592,0.9575581395348837,357.13488372093025,472.95525668887285,0.25232558139534883,121,119,Shotput/v_Shotput_g16_c06.avi
0.25533049558014714,3.2453356814681764,113.50440520085553,0.9572674418604651,161.22790697674418,182.26068517575462,0.6238372093023256,86,84,Shotput/v_Shotput_g16_c07.avi
1.5579730576345276,1.3239379529035373,13.152946437965905,0.4450581395348837,257.6744186046512,214.40623482454683,0.2424418604651163,206,203,Shotput/v_Shotput_g17_c01.avi
3.5237164815337034,12.86214780361963,254.6369965264278,0.7238372093023255,442.9767441860465,694.3343303120369,0.24011627906976743,103,101,Shotput/v_Shotput_g17_c02.avi
0.9523341112106892,1.59175666569225,27.768012172281978,0.6094476744186047,401.2279069767442,589.8780158980375,0.2063953488372093,93,91,Shotput/v_Shotput_g17_c03.avi
0.24711366267576276,1.100516638948585,18.15988023088258,0.9420058139534884,452.0186046511628,858.0414255885086,0.40930232558139534,88,86,Shotput/v_Shotput_g17_c04.avi
0.76979963275761,1.3176619508376641,21.009298536600408,0.7074127906976744,308.4651162790698,232.4729890623664,0.08953488372093023,77,75,Shotput/v_Shotput_g17_c05.avi
2.0424045378445643,4.278636099552822,46.5,0.7370639534883721,454.25116279069766,600.5944901249222,0.15348837209302327,103,101,Shotput/v_Shotput_g18_c01.avi
0.1653620200987747,0.5862915630733103,17.11724276862369,0.9460755813953489,1168.1116279069768,1449.6569174245626,0.20755813953488372,136,134,Shotput/v_Shotput_g18_c02.avi
0.13113473543487714,0.4180886744914363,8.631338250816034,0.9498546511627907,1241.8976744186045,1416.7931456061085,0.14883720930232558,111,109,Shotput/v_Shotput_g18_c03.avi
0.4538679930234588,1.5893919646495571,16.0312195418814,0.9367732558139535,1189.6558139534884,1439.208106758443,0.1697674418604651,117,115,Shotput/v_Shotput_g18_c04.avi
0.9444026797034044,2.757040475441046,32.11794669651221,0.8771802325581395,284.68837209302325,243.41823631718418,0.2063953488372093,80,78,Shotput/v_Shotput_g19_c01.avi
0.9574308737096484,1.5488621090411483,32.14031735997639,0.6595930232558139,262.69767441860466,236.8722091824276,0.27674418604651163,72,70,Shotput/v_Shotput_g19_c02.avi
0.2010740606333422,0.7001406626036776,15.002083188677497,0.9601744186046511,455.92558139534884,688.9151255966332,0.17267441860465116,87,85,Shotput/v_Shotput_g19_c03.avi
0.21425198695620998,0.8772222981425927,18.56239478084657,0.94375,489.9720930232558,700.4192094657617,0.19767441860465115,158,156,Shotput/v_Shotput_g19_c04.avi
4.566970744730414,7.162549924553294,150.50005191029004,0.42950581395348836,320.4093023255814,246.25609643163315,0.08313953488372093,116,114,Shotput/v_Shotput_g20_c01.avi
6.433297928569977,7.306669167102736,28.67844355957973,0.33488372093023255,300.2046511627907,212.7987475412176,0.07209302325581396,97,95,Shotput/v_Shotput_g20_c02.avi
3.814084249990402,3.6309421746952903,115.10864433221339,0.31976744186046513,300.53953488372093,212.5777276608678,0.07034883720930232,87,85,Shotput/v_Shotput_g20_c03.avi
4.0432815671181235,8.263948061263722,82.82530561368307,0.575,311.0325581395349,239.91927685178578,0.09941860465116278,114,112,Shotput/v_Shotput_g20_c04.avi
15.261884410076439,36.11754347114562,328.2808439431092,0.690406976744186,205.9906976744186,218.68405564315043,0.4813953488372093,82,80,Shotput/v_Shotput_g21_c01.avi
1.4506332038072256,6.371847228934799,189.61746029835965,0.6901162790697675,421.8790697674419,385.9531291931942,0.26627906976744187,127,125,Shotput/v_Shotput_g21_c02.avi
3.4870216699062464,10.910202247704374,97.45255255764212,0.5515988372093024,313.93488372093026,290.01692884327315,0.23313953488372094,109,107,Shotput/v_Shotput_g21_c03.avi
2.813416722016749,3.356987588955973,57.55866572463264,0.4263081395348837,335.8139534883721,281.8991454002533,0.13313953488372093,77,75,Shotput/v_Shotput_g21_c04.avi
3.005281751807158,13.46262918294195,203.0,0.7008720930232558,211.46046511627907,153.9930746548173,0.325,103,101,Shotput/v_Shotput_g22_c01.avi
1.5154300224835093,2.7808762828890283,33.13348947816997,0.608139534883721,385.153488372093,757.6707572826865,0.2854651162790698,115,113,Shotput/v_Shotput_g22_c02.avi
1.361567128893685,5.538664010031319,190.0,0.7941860465116279,249.52558139534884,221.8334972640131,0.2941860465116279,65,63,Shotput/v_Shotput_g22_c03.avi
1.3484868750248034,2.260078511365701,24.2706097986845,0.6572674418604652,275.31162790697675,416.90461862107315,0.2691860465116279,78,76,Shotput/v_Shotput_g22_c04.avi
1.6265810965176972,1.6768297498113662,17.617906373914014,0.34113372093023253,194.49302325581397,127.16368758296186,0.36453488372093024,71,69,Shotput/v_Shotput_g22_c05.avi
2.015138272639907,1.828442911273743,20.288543565273482,0.2856104651162791,373.65581395348835,318.06322707865223,0.13372093023255813,87,85,Shotput/v_Shotput_g23_c01.avi
4.1901002960516,4.927287413294899,41.10960958218893,0.28851744186046513,341.6186046511628,273.53327016365864,0.08895348837209302,57,55,Shotput/v_Shotput_g23_c02.avi
1.1187074801891852,1.8001178967578948,17.46424919657298,0.7097383720930233,348.7627906976744,332.79570451111476,0.261046511627907,136,134,Shotput/v_Shotput_g23_c03.avi
3.43798100884209,6.482211793866704,63.63961030678928,0.47238372093023256,343.1813953488372,275.6173951169923,0.09011627906976744,80,78,Shotput/v_Shotput_g23_c04.avi
5.1026023777855585,7.675280964978958,130.77389838954866,0.4731104651162791,276.31627906976746,281.5555006877863,0.34767441860465115,86,84,Shotput/v_Shotput_g23_c05.avi
1.0099159654830294,1.6304479541463204,25.079872407968907,0.6796511627906977,317.6186046511628,247.18603036449153,0.09534883720930233,77,75,Shotput/v_Shotput_g23_c06.avi
3.200504464186806,3.6134496982743096,70.02187158309894,0.3683139534883721,281.6744186046512,273.8571789489391,0.30348837209302326,82,80,Shotput/v_Shotput_g23_c07.avi
2.4690295880121322,3.6523978162970656,30.59411708155671,0.31875,258.5674418604651,396.5401459021023,0.24709302325581395,112,110,Shotput/v_Shotput_g24_c01.avi
2.443409175981021,3.1276584709324804,20.374616560809187,0.4517441860465116,221.06046511627906,181.44226083905681,0.3308139534883721,77,75,Shotput/v_Shotput_g24_c02.avi
4.4980436218643645,7.984569370628631,132.49174502586945,0.34156976744186046,200.52093023255813,167.77756115476717,0.4005813953488372,104,102,Shotput/v_Shotput_g24_c03.avi
5.070716144378867,6.665717849640308,93.25134047293905,0.2680232558139535,263.47906976744184,397.44976371637773,0.23081395348837208,111,109,Shotput/v_Shotput_g24_c04.avi
4.209120158173898,17.108270343426405,272.0073528417936,0.3783430232558139,311.1441860465116,297.3052501529759,0.26627906976744187,96,94,Shotput/v_Shotput_g25_c01.avi
1.336724591148355,3.1613474319414054,126.03000634769484,0.7056686046511628,258.0093023255814,273.17417547422906,0.39651162790697675,81,79,Shotput/v_Shotput_g25_c02.avi
2.4509431856670325,8.191446326856918,248.04044529068238,0.6139534883720931,298.30697674418604,281.5077655134016,0.2633720930232558,88,86,Shotput/v_Shotput_g25_c03.avi
1.9699530448142262,2.2279434960139017,17.08800749063506,0.3056686046511628,316.0558139534884,259.98510986192815,0.13604651162790699,90,88,Shotput/v_Shotput_g25_c04.avi
9.034795867133807,27.914405034405306,340.0,0.6779069767441861,178.97674418604652,166.4828349797301,0.5034883720930232,85,83,Shotput/v_Shotput_g25_c05.avi
2.941845317930083,8.39412379007687,232.5,0.5924418604651163,355.3488372093023,579.8841457555534,0.27325581395348836,138,136,SkateBoarding/v_SkateBoarding_g08_c01.avi
2.0685249554969896,5.484727442871251,114.0,0.7389534883720931,504.2604651162791,967.5644258675671,0.2116279069767442,110,108,SkateBoarding/v_SkateBoarding_g08_c02.avi
1.6893734268003742,5.257791230540508,129.0,0.7180232558139535,214.13953488372093,141.42753611612093,0.2924418604651163,89,87,SkateBoarding/v_SkateBoarding_g08_c03.avi
2.335177154879291,6.380830167141234,70.45565981523414,0.6799418604651163,213.02325581395348,141.84982041648968,0.2982558139534884,89,87,SkateBoarding/v_SkateBoarding_g08_c04.avi
0.6803923838144122,3.947378248612986,173.25,0.8867732558139535,837.8046511627907,1258.9807686348192,0.27209302325581397,109,107,SkateBoarding/v_SkateBoarding_g08_c05.avi
3.511293457640546,18.074863225683078,177.75,0.8203488372093023,383.36744186046514,749.0989377077312,0.22034883720930232,141,139,SkateBoarding/v_SkateBoarding_g09_c01.avi
1.696022034038364,5.852204352118244,150.0,0.7494186046511628,516.9860465116279,975.3264139552402,0.2755813953488372,187,184,SkateBoarding/v_SkateBoarding_g09_c02.avi
1.3811436593399211,3.5094359754748337,59.59197198448798,0.7159883720930232,241.0418604651163,163.2564913522023,0.20813953488372092,92,90,SkateBoarding/v_SkateBoarding_g09_c03.avi
2.179966334425223,4.18978587126499,72.2357252334328,0.60625,676.0558139534884,1221.3922961402898,0.1563953488372093,115,113,SkateBoarding/v_SkateBoarding_g09_c04.avi
1.1172145210924,7.073442936572095,125.99206324209474,0.9363372093023256,262.0279069767442,255.43538601866223,0.32906976744186045,146,144,SkateBoarding/v_SkateBoarding_g10_c01.avi
2.0360588458052526,4.900785672206708,67.20305052599919,0.5994186046511628,233.89767441860465,211.90952159690437,0.3383720930232558,96,94,SkateBoarding/v_SkateBoarding_g10_c02.avi
1.2392864662760628,3.381434944647449,34.655446902326915,0.760610465116279,281.1162790697674,257.16063293268803,0.2575581395348837,60,58,SkateBoarding/v_SkateBoarding_g10_c03.avi
3.1712677071987807,6.663330399452843,153.9415473483361,0.5896802325581395,238.0279069767442,163.41193250897234,0.22151162790697673,116,114,SkateBoarding/v_SkateBoarding_g10_c04.avi
3.701249443134099,9.697397931048343,231.27689032845456,0.5271802325581395,246.84651162790698,149.16078315702595,0.15930232558139534,100,98,SkateBoarding/v_SkateBoarding_g10_c05.avi
1.6129216096832064,8.912663493325724,171.82840277439584,0.9045058139534884,214.13953488372093,233.01038816999665,0.47848837209302325,142,140,SkateBoarding/v_SkateBoarding_g10_c06.avi
1.257635972989584,4.109053105130153,225.3619311241364,0.7789244186046511,497.45116279069765,850.586126881243,0.25872093023255816,133,131,SkateBoarding/v_SkateBoarding_g10_c07.avi
3.168752646571614,7.946972038855869,121.49897118905987,0.6257267441860465,218.26976744186047,217.71494434918603,0.42209302325581394,127,125,SkateBoarding/v_SkateBoarding_g11_c01.avi
2.968425493767235,15.69349010523651,213.67732682715777,0.9030523255813954,169.48837209302326,195.63805832401778,0.6087209302325581,166,163,SkateBoarding/v_SkateBoarding_g11_c02.avi
5.748578433416741,19.60111431723753,240.20824298928628,0.6308139534883721,196.39069767441862,168.72158408669165,0.42209302325581394,125,123,SkateBoarding/v_SkateBoarding_g11_c03.avi
3.2537506711555424,7.206127133942077,166.5893153836704,0.5722383720930233,244.72558139534883,218.86811160108448,0.3075581395348837,95,93,SkateBoarding/v_SkateBoarding_g11_c04.avi
2.1338908320210477,12.466829922128486,224.7420743875076,0.9127906976744186,215.3674418604651,243.52246419555328,0.5,165,162,SkateBoarding/v_SkateBoarding_g11_c05.avi
1.1178623187637007,4.072729465241222,88.0,0.8372093023255814,347.9813953488372,338.97673601715456,0.28604651162790695,224,221,SkateBoarding/v_SkateBoarding_g12_c01.avi
2.6074629825364015,12.153168004104174,304.0148022712052,0.7174418604651163,387.3860465116279,485.49581924355914,0.22965116279069767,129,127,SkateBoarding/v_SkateBoarding_g12_c02.avi
9.548518242010838,15.794167734617252,98.26144971452436,0.6045058139534883,277.3209302325581,282.6589436036558,0.3470930232558139,83,81,SkateBoarding/v_SkateBoarding_g12_c03.avi
2.62640665184514,6.1715152787087435,144.0,0.6515988372093023,386.8279069767442,338.60216508159664,0.1697674418604651,168,165,SkateBoarding/v_SkateBoarding_g12_c04.avi
2.7485772230334073,9.138944169775092,135.81432637980427,0.7075581395348837,310.25116279069766,337.5647840472707,0.40813953488372096,168,165,SkateBoarding/v_SkateBoarding_g12_c05.avi
1.7445485986385594,6.2538634821767065,179.0111728356641,0.6780523255813954,403.90697674418607,360.22059223148824,0.2063953488372093,130,128,SkateBoarding/v_SkateBoarding_g12_c06.avi
1.6673045708291738,4.303405432975503,80.0,0.678343023255814,275.42325581395346,299.6132117722272,0.40813953488372096,101,99,SkateBoarding/v_SkateBoarding_g13_c01.avi
0.9734385172499908,4.146279583707987,70.7248188403477,0.8534883720930233,394.1953488372093,335.47103847096145,0.13837209302325582,112,110,SkateBoarding/v_SkateBoarding_g13_c02.avi
1.3421099360426294,3.7224150768828452,81.78630692236935,0.7505813953488372,347.9813953488372,320.1161411736582,0.2186046511627907,127,125,SkateBoarding/v_SkateBoarding_g13_c03.avi
0.8915096690159902,2.5213137108192134,21.530501619795114,0.7943313953488372,561.3023255813954,704.1763631787906,0.1377906976744186,94,92,SkateBoarding/v_SkateBoarding_g13_c04.avi
6.130638655908576,11.214939162690975,134.7664646712972,0.6350290697674419,861.5813953488372,1369.622902312015,0.11802325581395348,191,188,SkateBoarding/v_SkateBoarding_g14_c01.avi
8.025470761313903,24.764425969992708,238.18598300487793,0.4383720930232558,388.27906976744185,572.240570876685,0.1296511627906977,358,354,SkateBoarding/v_SkateBoarding_g14_c02.avi
5.6868563849291585,18.768288770345425,228.55469804841027,0.720203488372093,725.5069767441861,1260.4646609799229,0.11976744186046512,118,116,SkateBoarding/v_SkateBoarding_g14_c03.avi
11.865258322073151,32.50929658602384,170.13083200878083,0.6936046511627907,600.706976744186,1074.2902741843745,0.11162790697674418,113,111,SkateBoarding/v_SkateBoarding_g14_c04.avi
1.8776043054761733,5.415677436953488,83.54639429682169,0.7728197674418604,622.3627906976744,1188.4060063062498,0.31511627906976747,107,105,SkateBoarding/v_SkateBoarding_g15_c01.avi
3.0861111836452815,5.964803370165496,64.8459713474939,0.6184593023255814,209.56279069767442,189.49355885629979,0.4,131,129,SkateBoarding/v_SkateBoarding_g15_c02.avi
3.5562882972855276,14.115086581279835,173.63557383209238,0.8736918604651163,193.0418604651163,221.97915912290227,0.5511627906976744,85,83,SkateBoarding/v_SkateBoarding_g15_c03.avi
6.771381527633891,9.501591299830826,162.01234520862909,0.5138081395348837,582.7348837209303,1082.2809502595685,0.21453488372093024,127,125,SkateBoarding/v_SkateBoarding_g15_c04.avi
1.4883583747899312,5.271435089420312,187.77113729218343,0.7469476744186047,466.75348837209305,973.2986681237945,0.33488372093023255,97,95,SkateBoarding/v_SkateBoarding_g15_c05.avi
5.467066846636481,18.09653211299465,255.0,0.801889534883721,926.7720930232558,1444.6654071985265,0.25290697674418605,132,130,SkateBoarding/v_SkateBoarding_g15_c06.avi
1.8606950599973204,4.484996795092105,159.75,0.4809593023255814,251.86976744186046,182.62922603535148,0.19825581395348837,201,198,SkateBoarding/v_SkateBoarding_g16_c01.avi
2.3446020858086523,7.761232654683333,124.16923934694937,0.4888081395348837,251.9813953488372,157.35275029677737,0.1511627906976744,201,198,SkateBoarding/v_SkateBoarding_g16_c02.avi
4.426608486657163,12.849536750423217,164.54178800535746,0.7052325581395349,186.56744186046512,217.984923439545,0.5732558139534883,127,125,SkateBoarding/v_SkateBoarding_g16_c03.avi
4.535086449868548,19.05837471742251,337.0300431712283,0.7325581395348837,230.88372093023256,182.5918321745317,0.288953488372093,123,121,SkateBoarding/v_SkateBoarding_g16_c04.avi
1.8537699386661135,6.309273549839723,212.60291625469299,0.5997093023255814,219.94418604651162,201.92099917556473,0.3784883720930233,105,103,SkateBoarding/v_SkateBoarding_g17_c01.avi
3.223652095324679,5.488089793130738,95.1892851112981,0.5053779069767442,232.89302325581394,132.73825511106318,0.19476744186046513,157,155,SkateBoarding/v_SkateBoarding_g17_c02.avi
2.3338615051056446,3.2641295458793493,46.57587895037516,0.46613372093023253,232.0,133.2247619975443,0.1994186046511628,152,150,SkateBoarding/v_SkateBoarding_g17_c03.avi
3.150784191286699,5.5866150680793565,214.979650199734,0.43386627906976744,227.9813953488372,153.15084410219814,0.24825581395348836,154,152,SkateBoarding/v_SkateBoarding_g17_c04.avi
2.122250694396189,6.376662319660035,173.0,0.5699127906976744,283.68372093023254,227.56591166867798,0.1697674418604651,149,147,SkateBoarding/v_SkateBoarding_g18_c01.avi
2.104618469479316,11.321739957672031,178.0,0.671656976744186,324.6511627906977,311.42335528919176,0.26569767441860465,78,76,SkateBoarding/v_SkateBoarding_g18_c02.avi
1.91752182698499,4.097540854810881,101.0,0.6380813953488372,220.16744186046512,196.47396385997632,0.3656976744186046,117,115,SkateBoarding/v_SkateBoarding_g18_c03.avi
3.217819561692782,13.416209980090123,256.75,0.7161337209302325,237.02325581395348,241.14470116721947,0.39651162790697675,124,122,SkateBoarding/v_SkateBoarding_g18_c04.avi
3.5211571170705493,12.285681192671,193.0,0.6265988372093023,240.93023255813952,178.36641087338415,0.23662790697674418,92,90,SkateBoarding/v_SkateBoarding_g18_c05.avi
1.7026033509129939,7.7288170467011605,249.0,0.7376453488372093,270.28837209302327,257.86423434273286,0.3023255813953488,153,151,SkateBoarding/v_SkateBoarding_g18_c06.avi
1.6837143905518446,3.9545417273417414,100.75,0.6979651162790698,391.1813953488372,599.9910073961047,0.2982558139534884,116,114,SkateBoarding/v_SkateBoarding_g19_c01.avi
1.7016583416442435,3.904308036382852,121.75025667324073,0.6225290697674418,271.51627906976745,250.58411476428665,0.27732558139534885,97,95,SkateBoarding/v_SkateBoarding_g19_c02.avi
1.8732701680661243,3.509544638867122,44.0,0.5979651162790698,318.95813953488374,275.0993615274629,0.1697674418604651,115,113,SkateBoarding/v_SkateBoarding_g19_c03.avi
2.3310943007325715,5.337868813905435,59.84419875810854,0.7084302325581395,712.1116279069768,1220.7167953771893,0.1686046511627907,113,111,SkateBoarding/v_SkateBoarding_g19_c04.avi
2.414068588815608,10.675684000590808,214.17589150042076,0.8952034883720931,183.7767441860465,215.34151657655963,0.5808139534883721,164,161,SkateBoarding/v_SkateBoarding_g19_c05.avi
3.6890568003392223,8.047518452158059,136.5,0.5898255813953488,220.16744186046512,188.68349248229532,0.3494186046511628,209,206,SkateBoarding/v_SkateBoarding_g20_c01.avi
2.5045349141699664,8.214500055889552,270.0,0.5976744186046512,242.71627906976744,195.90996618669237,0.26453488372093026,172,169,SkateBoarding/v_SkateBoarding_g20_c02.avi
2.1845958195972344,4.776439882478217,86.70063436907483,0.6722383720930233,263.5906976744186,250.5646458978837,0.30930232558139537,212,209,SkateBoarding/v_SkateBoarding_g20_c03.avi
5.186520681130707,10.819337574108566,125.5,0.5688953488372093,260.57674418604654,201.6915499460308,0.20174418604651162,172,169,SkateBoarding/v_SkateBoarding_g20_c04.avi
3.133452267413413,17.303822474196576,175.5,0.6665697674418605,306.2325581395349,279.78104705073355,0.22906976744186047,153,151,SkateBoarding/v_SkateBoarding_g20_c05.avi
4.818277787419508,10.004541752913466,192.5,0.5780523255813953,255.88837209302326,198.6386847371229,0.21453488372093024,99,97,SkateBoarding/v_SkateBoarding_g21_c01.avi
7.174203775738207,18.719191375846847,296.0,0.5388081395348837,234.56744186046512,155.66294494303918,0.22325581395348837,108,106,SkateBoarding/v_SkateBoarding_g21_c02.avi
2.2786206076228415,7.977173827857804,108.5,0.7843023255813953,461.0604651162791,690.7322646729693,0.17616279069767443,112,110,SkateBoarding/v_SkateBoarding_g21_c03.avi
2.440312684591079,4.745028265666729,140.356688476182,0.5507267441860465,255.66511627906976,210.27423830501425,0.24127906976744187,191,188,SkateBoarding/v_SkateBoarding_g21_c04.avi
3.4588167342111213,13.364040596916436,336.0,0.6595930232558139,337.93488372093026,568.3731295236619,0.2569767441860465,95,93,SkateBoarding/v_SkateBoarding_g22_c01.avi
3.9830475111740196,18.635609188234454,340.0,0.7922965116279069,383.36744186046514,473.52867338880645,0.17848837209302326,90,88,SkateBoarding/v_SkateBoarding_g22_c02.avi
3.3033227972182857,17.353620496715802,234.0,0.7703488372093024,710.4372093023255,1181.3336155267941,0.24941860465116278,144,142,SkateBoarding/v_SkateBoarding_g22_c03.avi
6.8586121723026,21.706801454941374,234.0,0.6207848837209302,315.72093023255815,256.0340026093369,0.12616279069767442,87,85,SkateBoarding/v_SkateBoarding_g22_c04.avi
10.194748080384436,36.2178322330461,383.0,0.7443313953488372,210.90232558139536,217.59322993954083,0.4558139534883721,167,164,SkateBoarding/v_SkateBoarding_g22_c05.avi
4.081469899414297,8.855941120075213,289.0847626562147,0.6119186046511628,278.10232558139535,205.95987133236133,0.14069767441860465,182,179,SkateBoarding/v_SkateBoarding_g23_c01.avi
4.253717444705659,22.481900805474737,277.25,0.9340116279069768,185.67441860465115,189.71161969662742,0.5151162790697674,166,163,SkateBoarding/v_SkateBoarding_g23_c02.avi
5.627185580858393,20.05926609016227,304.00164473239283,0.6100290697674419,315.3860465116279,287.7562191608815,0.22093023255813954,142,140,SkateBoarding/v_SkateBoarding_g23_c03.avi
2.324631666547009,3.7857208273292002,93.1933474020544,0.4754360465116279,262.25116279069766,196.53309606141437,0.18372093023255814,88,86,SkateBoarding/v_SkateBoarding_g23_c04.avi
2.409069686597574,8.658106864491108,176.5,0.6101744186046512,394.86511627906975,336.2795839038818,0.13953488372093023,161,159,SkateBoarding/v_SkateBoarding_g24_c01.avi
3.0749732625324415,12.753797528173813,235.00013297868577,0.801889534883721,370.75348837209305,308.3973421211119,0.10930232558139535,101,99,SkateBoarding/v_SkateBoarding_g24_c02.avi
2.1876123949559436,6.8545166710419565,306.0,0.7024709302325581,611.2,967.0213927072599,0.11046511627906977,101,99,SkateBoarding/v_SkateBoarding_g24_c03.avi
3.146014988734797,12.985037955029743,248.20153101864622,0.7200581395348837,565.0976744186047,843.7087917898147,0.11569767441860465,101,99,SkateBoarding/v_SkateBoarding_g24_c04.avi
1.6801922560908273,4.1132320847666515,38.62661808908463,0.7482558139534884,395.7581395348837,494.22625184741383,0.2534883720930233,153,151,SkateBoarding/v_SkateBoarding_g24_c05.avi
3.1058302715235007,16.77656254126398,256.875,0.6156976744186047,304.33488372093024,286.05837661155397,0.2552325581395349,175,172,SkateBoarding/v_SkateBoarding_g25_c01.avi
4.655828296127997,16.942647711558877,236.0,0.5492732558139535,430.5860465116279,678.7254339488252,0.1511627906976744,89,87,SkateBoarding/v_SkateBoarding_g25_c02.avi
6.506269880391011,28.05910189663413,254.0,0.5459302325581395,208.7813953488372,214.1112591195847,0.4575581395348837,102,100,SkateBoarding/v_SkateBoarding_g25_c03.avi
2.7661726089397143,11.084726171020426,215.0,0.448546511627907,294.1767441860465,437.97413794158973,0.2941860465116279,197,194,SkateBoarding/v_SkateBoarding_g25_c04.avi
4.211183310739471,10.26489945286456,282.0,0.5479651162790697,353.33953488372094,298.80803679887464,0.13023255813953488,99,97,SkateBoarding/v_SkateBoarding_g25_c05.avi
6.736000614396051,18.25605303239704,164.98484778912274,0.43299418604651163,383.0325581395349,463.16295174614316,0.12674418604651164,201,198,Skiing/v_Skiing_g08_c01.avi
10.327371300578543,39.44438663639899,309.74868845565754,0.8091569767441861,323.646511627907,564.3565635836304,0.2802325581395349,204,201,Skiing/v_Skiing_g08_c02.avi
1.7530932258584149,5.716692656912779,62.20128616033595,0.6901162790697675,370.30697674418604,333.40219262078693,0.19767441860465115,199,196,Skiing/v_Skiing_g08_c03.avi
5.406980851455774,14.432711519833104,298.0603965641863,0.4950581395348837,400.6697674418605,353.4088057331245,0.1883720930232558,201,198,Skiing/v_Skiing_g08_c04.avi
2.9566287057153637,13.854083973830702,223.6604569431083,0.6225290697674418,325.3209302325581,446.3307401041579,0.22267441860465118,201,198,Skiing/v_Skiing_g08_c05.avi
0.36324301287593314,1.5411048000950112,61.40032573203501,0.8572674418604651,466.5302325581395,601.2329639939657,0.13372093023255813,201,198,Skiing/v_Skiing_g08_c06.avi
3.2570559063658573,17.210100000790142,187.29655629509048,0.8492732558139535,637.2093023255813,523.0476236994608,0.08895348837209302,201,198,Skiing/v_Skiing_g08_c07.avi
2.227798961216766,3.681055599640636,29.71216081001178,0.4357558139534884,402.5674418604651,479.4346611257938,0.15755813953488373,161,159,Skiing/v_Skiing_g09_c01.avi
3.1011772178640586,8.661169002079742,300.1283058959951,0.6763081395348837,462.846511627907,513.6634403280924,0.2063953488372093,193,190,Skiing/v_Skiing_g09_c02.avi
5.17867003308462,6.996900558278857,122.78436382536663,0.2119186046511628,298.75348837209305,420.54176539473417,0.19593023255813954,152,150,Skiing/v_Skiing_g09_c03.avi
3.8414675203815065,8.921178559481065,145.43469324751916,0.39738372093023255,314.6046511627907,269.73735197064224,0.1691860465116279,280,277,Skiing/v_Skiing_g09_c04.avi
0.8843182553432917,1.0903575838992439,19.69295559330798,0.6700581395348837,307.57209302325583,259.9927783662385,0.16627906976744186,313,310,Skiing/v_Skiing_g09_c05.avi
7.1038136004428205,32.22782078468878,327.23233336576016,0.9261627906976744,285.4697674418605,414.47825175636865,0.2186046511627907,245,242,Skiing/v_Skiing_g09_c06.avi
1.8351041257328555,4.417379154687173,107.60140565996338,0.7238372093023255,326.54883720930235,319.26237104991776,0.28604651162790695,156,154,Skiing/v_Skiing_g10_c01.avi
3.450016582053322,7.785754192212293,304.2586276508852,0.6420058139534883,328.2232558139535,319.0557382501213,0.2796511627906977,196,193,Skiing/v_Skiing_g10_c02.avi
2.3621658885297667,6.136520347946713,90.0499861188218,0.6626453488372093,305.7860465116279,289.7935284088065,0.2616279069767442,192,189,Skiing/v_Skiing_g10_c03.avi
1.9780305632237924,5.977750999293733,104.01081674518281,0.6670058139534883,438.6232558139535,367.6878889020056,0.15348837209302327,201,198,Skiing/v_Skiing_g10_c04.avi
3.6362523221188883,11.921765724609429,193.58202395883765,0.6116279069767442,404.8,340.6380224308223,0.1296511627906977,234,231,Skiing/v_Skiing_g10_c05.avi
0.7348991294923678,2.6565109370866318,35.06645476805433,0.8667151162790697,1240.1116279069768,1451.613628716021,0.08372093023255814,301,298,Skiing/v_Skiing_g11_c01.avi
1.171064356130608,5.042366563732212,60.502324335516235,0.8601744186046512,1285.7674418604652,1432.1489599867502,0.0877906976744186,300,297,Skiing/v_Skiing_g11_c02.avi
1.3550066237931826,4.497272512011738,44.2501765533201,0.8058139534883721,1251.7209302325582,1448.2403488946773,0.10697674418604651,300,297,Skiing/v_Skiing_g11_c03.avi
1.2966799491860288,3.7608630953578017,35.0,0.8071220930232558,1198.2511627906977,1432.4213723901366,0.11569767441860465,335,331,Skiing/v_Skiing_g11_c04.avi
2.1274357330349827,8.249648217248211,106.6770828247567,0.6515988372093023,284.9116279069767,257.844493615915,0.24476744186046512,351,347,Skiing/v_Skiing_g12_c01.avi
0.49790159300843595,1.833224062801783,19.209372712298546,0.9079941860465116,462.4,518.0800045965783,0.23197674418604652,330,326,Skiing/v_Skiing_g12_c02.avi
2.067139027796807,10.036081975442986,306.00653587791226,0.6802325581395349,373.3209302325581,462.1837390385915,0.1494186046511628,320,317,Skiing/v_Skiing_g12_c03.avi
5.397175607198122,14.491193584529528,261.1700834705231,0.5656976744186046,347.9813953488372,755.0713624847419,0.3744186046511628,282,279,Skiing/v_Skiing_g12_c04.avi
1.3496686056783365,4.54907973060471,60.0,0.8347383720930233,378.34418604651165,359.9625983816094,0.2744186046511628,221,218,Skiing/v_Skiing_g13_c01.avi
1.5357317947406974,5.877211620026132,113.125,0.8343023255813954,373.2093023255814,343.6163733096693,0.22674418604651161,168,165,Skiing/v_Skiing_g13_c02.avi
1.1759450652855234,3.8910646403719276,70.0,0.8017441860465117,381.3581395348837,376.781988801098,0.33313953488372094,185,182,Skiing/v_Skiing_g13_c03.avi
1.4619096547577455,3.2525705305109347,24.250322162808477,0.7813953488372093,370.9767441860465,342.4976311832592,0.22906976744186047,230,227,Skiing/v_Skiing_g13_c04.avi
1.128078816134993,7.989554974672143,143.8401890988746,0.9158430232558139,384.706976744186,358.4252154461292,0.2505813953488372,186,183,Skiing/v_Skiing_g13_c05.avi
1.6192385284181126,6.0820652881036175,51.79044313384468,0.861046511627907,410.49302325581397,348.36607142310356,0.14418604651162792,169,166,Skiing/v_Skiing_g13_c06.avi
2.940491428357325,10.123345130330208,137.0,0.7859011627906977,463.7395348837209,609.3673173930158,0.19244186046511627,169,166,Skiing/v_Skiing_g13_c07.avi
4.983310597363282,14.400107397237706,255.0019607767752,0.642296511627907,235.46046511627907,234.435188782142,0.386046511627907,209,206,Skiing/v_Skiing_g14_c01.avi
1.9553183226912842,16.32051754506069,294.4003439196361,0.8802325581395349,365.28372093023256,468.1041311951526,0.20290697674418604,183,180,Skiing/v_Skiing_g14_c02.avi
5.275785235840358,13.114466444899223,207.65731988061486,0.7093023255813954,316.6139534883721,457.49456704431753,0.3075581395348837,193,190,Skiing/v_Skiing_g14_c03.avi
3.4861966361016554,13.265546665897416,228.25424421026653,0.7498546511627907,232.7813953488372,224.08300710333125,0.37209302325581395,210,207,Skiing/v_Skiing_g14_c04.avi
1.5898018785842316,5.376344182714404,186.19646881721468,0.7309593023255814,234.2325581395349,244.66064178294388,0.4180232558139535,237,234,Skiing/v_Skiing_g15_c01.avi
3.766774252082395,17.116680724565935,199.9199839935968,0.8598837209302326,195.3860465116279,189.27797889261248,0.46686046511627904,205,202,Skiing/v_Skiing_g15_c02.avi
2.6702921798300077,9.675326267592622,73.0,0.8273255813953488,318.4,304.9636623416587,0.26569767441860465,253,250,Skiing/v_Skiing_g15_c03.avi
2.648146101755941,8.329224073049938,119.0,0.7821220930232559,337.153488372093,580.1841645662286,0.33313953488372094,188,185,Skiing/v_Skiing_g15_c04.avi
3.2525998767250344,14.149053240259837,129.25006044486014,0.773546511627907,293.3953488372093,280.0676113996598,0.27732558139534885,208,205,Skiing/v_Skiing_g15_c05.avi
3.7206350129964276,9.041210112384624,49.73178058344583,0.7459302325581395,275.5348837209302,406.95644866337653,0.2238372093023256,115,113,Skiing/v_Skiing_g16_c01.avi
7.821799607613701,18.54212594953114,263.32679316772914,0.5593023255813954,208.44651162790697,194.24679979865127,0.41511627906976745,204,201,Skiing/v_Skiing_g16_c02.avi
1.7702550969927098,12.738106468856355,169.80577139779436,0.9582848837209302,236.68837209302325,423.68682006016985,0.461046511627907,206,203,Skiing/v_Skiing_g16_c03.avi
9.779905339399349,22.499427923300388,191.40794131905812,0.6109011627906977,202.64186046511628,156.66434900034363,0.37093023255813956,181,178,Skiing/v_Skiing_g16_c04.avi
3.077316087262924,6.285252135971604,165.25,0.49127906976744184,396.87441860465117,342.46153821932427,0.1569767441860465,193,190,Skiing/v_Skiing_g16_c05.avi
1.839223401149913,6.204361298551129,124.32618388738553,0.7947674418604651,390.28837209302327,478.3360797740737,0.18430232558139534,201,198,Skiing/v_Skiing_g17_c01.avi
2.482309086384121,9.285698041142773,181.24017214734707,0.767296511627907,324.53953488372093,312.1696722152017,0.2686046511627907,220,217,Skiing/v_Skiing_g17_c02.avi
3.6355641792096676,14.969244346209399,272.2356515961861,0.661046511627907,226.86511627906978,206.07367262842646,0.3563953488372093,207,204,Skiing/v_Skiing_g17_c03.avi
0.7790199013405972,4.7207878411022675,148.13950350936108,0.8640988372093024,531.8325581395349,616.2511492402814,0.13313953488372093,350,346,Skiing/v_Skiing_g17_c04.avi
3.619189364269074,5.579893953176991,61.0,0.5212209302325581,282.90232558139536,271.73541294015115,0.2924418604651163,136,134,Skiing/v_Skiing_g18_c01.avi
1.9350389573486746,6.551036579467382,194.02319448973105,0.672093023255814,325.9906976744186,312.7739653517198,0.26569767441860465,147,145,Skiing/v_Skiing_g18_c02.avi
1.8895166477023995,3.631409205188313,32.31485726411305,0.5859011627906977,345.30232558139534,314.94108233672677,0.20930232558139536,201,198,Skiing/v_Skiing_g18_c03.avi
9.313028430318601,27.372339714949693,338.0,0.6837209302325581,281.0046511627907,271.79834347039423,0.3,204,201,Skiing/v_Skiing_g18_c04.avi
5.053787988072135,14.16847694897867,143.17821063276352,0.7417151162790697,193.93488372093023,179.0778846846422,0.45348837209302323,150,148,Skiing/v_Skiing_g19_c01.avi
3.854456986265277,11.819330170670726,134.25023277447232,0.4994186046511628,226.53023255813955,193.30601782627693,0.3302325581395349,185,182,Skiing/v_Skiing_g19_c02.avi
3.4833318098176718,10.685953541070981,319.0141062711804,0.5847383720930233,214.8093023255814,141.16932240357798,0.288953488372093,288,285,Skiing/v_Skiing_g19_c03.avi
1.716460995723281,6.1627041870048345,113.0223982226532,0.8302325581395349,342.846511627907,485.3305655289685,0.3616279069767442,290,287,Skiing/v_Skiing_g19_c04.avi
1.1109727747731242,4.764667248849537,121.0,0.6997093023255814,258.34418604651165,246.6607738371038,0.32034883720930235,160,158,Skiing/v_Skiing_g19_c05.avi
4.055593308120474,10.613186444666121,123.25988804148737,0.7065406976744186,181.9906976744186,155.44726139838372,0.46918604651162793,180,177,Skiing/v_Skiing_g19_c06.avi
6.173982345917175,9.860683881678597,111.83022847155415,0.5293604651162791,329.0046511627907,287.52809363526467,0.17325581395348838,251,248,Skiing/v_Skiing_g20_c01.avi
2.4853602066643328,16.968347515333473,311.0,0.9444767441860465,264.93023255813955,245.68285430600548,0.29069767441860467,246,243,Skiing/v_Skiing_g20_c02.avi
0.9751249118338856,5.389623272452938,193.14502323383846,0.692296511627907,348.31627906976746,321.92278789004496,0.2238372093023256,200,197,Skiing/v_Skiing_g20_c03.avi
1.8155227489193706,4.001205528354298,62.96824596572466,0.6656976744186046,353.2279069767442,338.55548020182596,0.2680232558139535,188,185,Skiing/v_Skiing_g20_c04.avi
5.133727811100957,18.310433214107,207.37560277187865,0.6824127906976745,275.9813953488372,255.3542721495565,0.27267441860465114,178,175,Skiing/v_Skiing_g20_c05.avi
2.0408483684129526,8.28784454857076,319.0,0.6398255813953488,226.64186046511628,156.50180804744738,0.25988372093023254,223,220,Skiing/v_Skiing_g20_c06.avi
2.3024907057953627,4.93680554561552,74.16872656315464,0.5994186046511628,247.29302325581395,209.83896970567451,0.2755813953488372,221,218,Skiing/v_Skiing_g20_c07.avi
4.381174920919625,8.690405507343852,194.81529714065064,0.5095930232558139,373.2093023255814,468.2241839387353,0.18023255813953487,355,351,Skiing/v_Skiing_g21_c01.avi
0.6710880372372986,1.6149368765287202,24.186773244895647,0.7617732558139535,697.9348837209302,909.6574440564493,0.13546511627906976,199,196,Skiing/v_Skiing_g21_c02.avi
1.790936892587094,4.2496992548649315,68.63308240200203,0.5165697674418605,352.446511627907,456.9417709322655,0.18604651162790697,198,195,Skiing/v_Skiing_g21_c03.avi
2.5429533902384835,8.775597735587466,304.0031095646885,0.48430232558139535,534.5116279069767,848.6802989729358,0.19127906976744186,237,234,Skiing/v_Skiing_g21_c04.avi
0.8948583292114782,2.707280137630008,66.06814663663572,0.7343023255813953,512.1860465116279,625.6340878647227,0.22151162790697673,200,197,Skiing/v_Skiing_g21_c05.avi
2.2398131611204253,3.6768207715130568,71.02816342831905,0.49447674418604654,269.50697674418603,224.44813706153772,0.2180232558139535,200,197,Skiing/v_Skiing_g21_c06.avi
1.6777766681087187,9.05000605031932,220.60145058453264,0.7636627906976744,263.36744186046514,249.80031068643075,0.3081395348837209,207,204,Skiing/v_Skiing_g21_c07.avi
1.627552398268822,13.586989142336531,210.85065804972012,0.9097383720930232,269.3953488372093,231.08864095486538,0.23488372093023255,171,168,Skiing/v_Skiing_g22_c01.avi
3.8356320393188432,9.780538781183264,83.02409288875127,0.6167151162790697,286.5860465116279,254.51270501608064,0.22906976744186047,225,222,Skiing/v_Skiing_g22_c02.avi
4.9934449757546,6.095115411081388,30.001041648582802,0.3588662790697674,218.26976744186047,167.6618461886537,0.3174418604651163,257,254,Skiing/v_Skiing_g22_c03.avi
11.271522962377867,32.214823535294855,304.00010279603526,0.6366279069767442,266.26976744186044,244.23043211220292,0.2813953488372093,265,262,Skiing/v_Skiing_g22_c04.avi
1.9746979360800099,13.348453871829633,383.0,0.8611918604651163,379.90697674418607,361.3900691003397,0.2755813953488372,330,326,Skiing/v_Skiing_g22_c05.avi
1.7748263263247215,5.617823721387346,176.97898886591028,0.6840116279069768,298.30697674418604,288.27848082967375,0.28430232558139534,110,108,Skiing/v_Skiing_g23_c01.avi
1.5579511590186104,7.165570865452919,194.5,0.8574127906976744,1414.586046511628,1792.5971001667472,0.2424418604651163,108,106,Skiing/v_Skiing_g23_c02.avi
8.70642404770927,22.04996410308972,151.75,0.7441860465116279,959.0325581395349,1507.5580728867508,0.1755813953488372,168,165,Skiing/v_Skiing_g23_c03.avi
1.4325208696736735,4.655350082861212,71.5,0.8475290697674419,301.4325581395349,553.547371020063,0.2936046511627907,263,260,Skiing/v_Skiing_g23_c04.avi
2.2827461857395535,9.105186686361645,175.5,0.8662790697674418,630.5116279069767,1131.7361918770323,0.19593023255813954,135,133,Skiing/v_Skiing_g24_c01.avi
1.0222274913414806,4.831028877831896,133.1362084483406,0.8203488372093023,479.0325581395349,914.5060396817432,0.3058139534883721,147,145,Skiing/v_Skiing_g24_c02.avi
2.6978793353915402,17.882873694257803,235.58013498595335,0.9626453488372093,265.71162790697673,270.28689426908767,0.3563953488372093,162,160,Skiing/v_Skiing_g24_c03.avi
4.754606467978301,22.09621260127741,274.0,0.89375,373.65581395348835,762.1186702754874,0.3546511627906977,168,165,Skiing/v_Skiing_g24_c04.avi
1.6061267434284259,3.4337851700525865,94.39312739813212,0.6140988372093024,426.90232558139536,357.59140609852733,0.14011627906976745,256,253,Skiing/v_Skiing_g24_c05.avi
2.56809976818188,5.83376282737077,40.86333931533252,0.5931686046511628,532.7255813953489,912.2416622122806,0.2052325581395349,202,199,Skiing/v_Skiing_g24_c06.avi
3.504352413607298,13.465966878748759,180.02499826412998,0.6379360465116279,351.10697674418606,352.14767343376474,0.32558139534883723,223,220,Skiing/v_Skiing_g25_c01.avi
7.31385760568065,15.93503590748873,293.82477771624366,0.42848837209302326,358.92093023255813,312.75095713655674,0.15930232558139534,224,221,Skiing/v_Skiing_g25_c02.avi
4.289592805189531,13.685012913081907,218.64368845223956,0.557703488372093,336.1488372093023,309.94621616863236,0.22209302325581395,106,104,Skiing/v_Skiing_g25_c03.avi
8.030947409288377,19.847204199161094,320.31546949843056,0.48546511627906974,344.8558139534884,302.0079355975143,0.16744186046511628,238,235,Skiing/v_Skiing_g25_c04.avi
7.98415833948431,18.59424191364972,255.0,0.4731104651162791,329.7860465116279,296.61446402766074,0.1994186046511628,121,119,Skiing/v_Skiing_g25_c05.avi
4.035436380218841,11.94549923931956,214.25003646440763,0.5398255813953489,329.33953488372094,273.5751774911579,0.1296511627906977,211,208,Skijet/v_Skijet_g08_c01.avi
2.342561063988041,5.356056553127063,84.25704718301016,0.6242732558139535,300.98604651162793,239.78004415034627,0.13546511627906976,210,207,Skijet/v_Skijet_g08_c02.avi
2.9659224404012616,11.52838539088162,337.0033382623976,0.5811046511627908,312.3720930232558,244.3905588759768,0.1063953488372093,210,207,Skijet/v_Skijet_g08_c03.avi
3.6730014272601577,10.39090870242575,303.4528896715271,0.5953488372093023,317.0604651162791,261.0267937236408,0.13546511627906976,210,207,Skijet/v_Skijet_g08_c04.avi
7.981361372216713,12.885573437867862,303.94900888142405,0.2761627906976744,278.7720930232558,194.86997254052469,0.11395348837209303,151,149,Skijet/v_Skijet_g09_c01.avi
16.025326495644112,25.916826184122286,319.329375410406,0.24040697674418604,288.2604651162791,218.24894484364654,0.1296511627906977,150,148,Skijet/v_Skijet_g09_c02.avi
14.17634662719716,11.070018155178959,128.39003076563228,0.2700581395348837,314.26976744186044,236.04158436832418,0.07790697674418605,150,148,Skijet/v_Skijet_g09_c03.avi
6.341535253590053,14.372170763501114,260.3211958331476,0.31729651162790695,250.1953488372093,135.00683523348746,0.12325581395348838,156,154,Skijet/v_Skijet_g09_c04.avi
1.729187080400649,1.8352289236802828,16.76305461424021,0.4390988372093023,234.12093023255815,155.87605177003212,0.2255813953488372,156,154,Skijet/v_Skijet_g10_c01.avi
4.419787883383303,4.828472244468994,21.772976369803004,0.32063953488372093,204.4279069767442,103.30232516256034,0.2872093023255814,154,152,Skijet/v_Skijet_g10_c02.avi
7.020305262312661,18.7438916328572,233.34309503390068,0.44796511627906976,242.15813953488373,127.21193858073583,0.14651162790697675,154,152,Skijet/v_Skijet_g10_c03.avi
7.209192332069448,32.793549691791235,334.0239512370333,0.9130813953488373,244.50232558139535,262.57368178605543,0.42267441860465116,165,162,Skijet/v_Skijet_g10_c04.avi
7.324133115074827,15.645341618970557,153.0,0.47587209302325584,274.5302325581395,230.45483392921327,0.2127906976744186,211,208,Skijet/v_Skijet_g11_c01.avi
3.920951987252711,10.833259492895165,126.00396819148197,0.7113372093023256,323.0883720930233,428.0501455134599,0.1436046511627907,211,208,Skijet/v_Skijet_g11_c02.avi
9.213358575437532,24.334391670321796,146.875,0.7077034883720931,787.5720930232558,1300.0157291223006,0.15232558139534882,211,208,Skijet/v_Skijet_g11_c03.avi
7.947800994387289,33.23527779749375,272.7425526022663,0.6619186046511628,258.2325581395349,194.20689485632323,0.19534883720930232,211,208,Skijet/v_Skijet_g11_c04.avi
2.2827485416666975,7.103138716514116,184.69434208984313,0.5912790697674418,261.0232558139535,218.80707105321812,0.23895348837209301,211,208,Skijet/v_Skijet_g12_c01.avi
5.523195877872984,6.689892460138837,42.00669589482134,0.3995639534883721,244.72558139534883,166.60325814539755,0.19825581395348837,211,208,Skijet/v_Skijet_g12_c02.avi
2.2548573084834103,9.9734178564841,237.69728648009425,0.7010174418604651,318.51162790697674,423.23320154265735,0.1372093023255814,211,208,Skijet/v_Skijet_g12_c03.avi
2.422207593357656,3.3631015013311885,18.707034104849438,0.5308139534883721,292.5023255813953,403.3496593143599,0.14244186046511628,211,208,Skijet/v_Skijet_g12_c04.avi
8.719901769296504,16.72853869052232,166.0,0.5565406976744186,264.3720930232558,164.44480564895196,0.11220930232558139,211,208,Skijet/v_Skijet_g13_c01.avi
8.470844225148822,15.47547609708912,84.44228798416111,0.5223837209302326,237.24651162790698,152.95614107476175,0.2069767441860465,211,208,Skijet/v_Skijet_g13_c02.avi
4.084823655881696,11.968447197841897,175.2826289168439,0.5148255813953488,246.28837209302327,160.5452645138281,0.1808139534883721,211,208,Skijet/v_Skijet_g13_c03.avi
8.15255013488716,17.25865734444702,170.2292571798397,0.5614825581395348,332.2418604651163,271.7572396781158,0.11453488372093024,211,208,Skijet/v_Skijet_g13_c04.avi
6.4020165955864705,13.217462438929632,77.96032644877778,0.5565406976744186,278.2139534883721,419.681131215502,0.2703488372093023,211,208,Skijet/v_Skijet_g14_c01.avi
9.507126100229684,24.811846521848775,203.8848096965539,0.5825581395348837,229.87906976744185,185.3064947695731,0.2988372093023256,211,208,Skijet/v_Skijet_g14_c02.avi
6.440597356029685,13.208531901072897,306.1976485866604,0.5058139534883721,230.43720930232558,146.28959654510055,0.22616279069767442,211,208,Skijet/v_Skijet_g14_c03.avi
5.722254155895205,7.754646415124024,63.0317380372777,0.45886627906976746,236.13023255813954,149.26767517930426,0.2058139534883721,210,207,Skijet/v_Skijet_g14_c04.avi
13.443293615713248,17.411072518432096,175.09426032854418,0.4290697674418605,221.06046511627906,160.10691506286187,0.29127906976744183,252,249,Skijet/v_Skijet_g15_c01.avi
19.164104151853547,23.55233443335072,196.3998631618668,0.35290697674418603,235.7953488372093,137.48638825393178,0.18895348837209303,250,247,Skijet/v_Skijet_g15_c02.avi
17.025899323969096,34.07427155423978,304.0263146505578,0.43343023255813956,260.353488372093,187.4883330929442,0.17267441860465116,250,247,Skijet/v_Skijet_g15_c03.avi
11.13011604882052,16.476339413583933,192.35384061671346,0.39723837209302326,251.08837209302325,152.34424483569842,0.14651162790697675,250,247,Skijet/v_Skijet_g15_c04.avi
4.541753714649976,16.132034884155274,339.02986594104067,0.7622093023255814,373.54418604651164,572.6852267850339,0.17383720930232557,211,208,Skijet/v_Skijet_g16_c01.avi
3.7411457377174187,17.687735342570285,312.0,0.7986918604651163,230.88372093023256,165.34406822678153,0.2563953488372093,210,207,Skijet/v_Skijet_g16_c02.avi
6.807905855109255,22.915793030391054,316.00158227451965,0.7744186046511627,224.4093023255814,143.17431206189528,0.24825581395348836,211,208,Skijet/v_Skijet_g16_c03.avi
2.4784263866049994,10.286442317945708,191.02355875650522,0.8489825581395349,274.4186046511628,232.36241065719966,0.2180232558139535,211,208,Skijet/v_Skijet_g16_c04.avi
8.090824124221,22.79177613435724,219.6041893953756,0.5795058139534883,250.08372093023254,192.63338469170546,0.22616279069767442,252,249,Skijet/v_Skijet_g17_c01.avi
6.069608849447532,22.58298450731726,329.5034142463474,0.5752906976744186,271.293023255814,202.43747860024024,0.15988372093023256,252,249,Skijet/v_Skijet_g17_c02.avi
6.636848419534724,12.68600209024066,175.09426032854418,0.6309593023255814,285.8046511627907,238.38951704895035,0.18895348837209303,252,249,Skijet/v_Skijet_g17_c03.avi
4.65007096468778,8.859279856125584,55.78530272392541,0.7087209302325581,413.1720930232558,754.193167016706,0.18372093023255814,236,233,Skijet/v_Skijet_g17_c04.avi
3.2497164050414007,13.928733917118878,240.87551894080062,0.6293604651162791,225.1906976744186,100.54843057060079,0.1883720930232558,214,211,Skijet/v_Skijet_g18_c01.avi
5.988437536454777,9.81387242531022,94.266245284301,0.5002906976744186,288.93023255813955,238.51765039742594,0.17732558139534885,214,211,Skijet/v_Skijet_g18_c02.avi
2.770548492281929,8.45098413309969,95.94171407682896,0.7693313953488372,210.67906976744186,136.56450653682418,0.30116279069767443,214,211,Skijet/v_Skijet_g18_c03.avi
8.135933796781508,10.14243647573265,90.63603381106215,0.47267441860465115,263.47906976744184,184.6242904703842,0.15406976744186046,214,211,Skijet/v_Skijet_g18_c04.avi
3.540321901643496,17.272230651627893,174.68632602467773,0.8600290697674419,263.92558139534884,186.68374961106824,0.1563953488372093,252,249,Skijet/v_Skijet_g19_c01.avi
5.3129290907969375,18.23325906544618,190.12890364171355,0.7905523255813953,256.78139534883724,192.7226314606636,0.19825581395348837,252,249,Skijet/v_Skijet_g19_c02.avi
6.70692233251046,17.904067690449285,189.87483541796686,0.7593023255813953,259.90697674418607,209.31869703413795,0.22151162790697673,252,249,Skijet/v_Skijet_g19_c03.avi
9.72324109961444,28.15524109219991,320.14059411452337,0.776453488372093,246.73488372093024,143.36565526201667,0.15058139534883722,252,249,Skijet/v_Skijet_g19_c04.avi
8.957496209060396,33.873059737787166,336.51569428482827,0.8582848837209303,553.9348837209302,1088.180070359365,0.3063953488372093,210,207,Skijet/v_Skijet_g20_c01.avi
7.8269664908090935,20.851154251383264,288.20999288713085,0.733139534883721,295.06976744186045,261.8358615398548,0.21744186046511627,210,207,Skijet/v_Skijet_g20_c02.avi
2.035802562680881,4.764954858972894,93.00537618869137,0.7928779069767442,185.56279069767442,117.07415464241141,0.39476744186046514,210,207,Skijet/v_Skijet_g20_c03.avi
10.580749835967245,24.13294777329215,307.5411557824416,0.7145348837209302,222.62325581395348,143.96447371391756,0.2575581395348837,211,208,Skijet/v_Skijet_g20_c04.avi
3.197320697394882,7.978798304836405,110.27692415006868,0.8228197674418605,455.36744186046514,837.1578328364983,0.21046511627906977,189,186,Skijet/v_Skijet_g21_c01.avi
4.772687238945921,23.56141678576104,184.71599822430107,0.9476744186046512,445.9906976744186,852.3092679805611,0.3686046511627907,187,184,Skijet/v_Skijet_g21_c02.avi
5.069865904959657,23.56498608276117,335.9643768318302,0.9244186046511628,842.8279069767442,1427.4844366561827,0.35755813953488375,187,184,Skijet/v_Skijet_g21_c03.avi
3.1136860523433314,8.721076133366989,154.11683879446787,0.8152616279069768,1010.7162790697674,1499.0159092706854,0.22965116279069767,189,186,Skijet/v_Skijet_g21_c04.avi
3.617602188750653,11.467676277595457,212.02122535255756,0.6472383720930233,217.48837209302326,125.57891470418173,0.25406976744186044,211,208,Skijet/v_Skijet_g22_c01.avi
4.507813533886813,8.42906326434595,105.75029550786135,0.579796511627907,285.3581395348837,411.91863851897904,0.20755813953488372,210,207,Skijet/v_Skijet_g22_c02.avi
4.442643959097198,18.016202798366894,322.29955010828047,0.4875,295.293023255814,217.9306113116601,0.10232558139534884,210,207,Skijet/v_Skijet_g22_c03.avi
5.220699485054832,15.759399650282669,196.65277140177812,0.5882267441860465,254.88372093023256,161.03462133924992,0.14534883720930233,210,207,Skijet/v_Skijet_g22_c04.avi
8.43091032655858,16.059993936055466,271.773803005367,0.5597383720930232,243.72093023255815,150.93727722119746,0.1755813953488372,252,249,Skijet/v_Skijet_g23_c01.avi
7.278931253471382,20.359399167510666,188.45908873015384,0.6481104651162791,293.95348837209303,222.6410139495471,0.1186046511627907,252,249,Skijet/v_Skijet_g23_c02.avi
5.421371953797642,23.409694567025543,329.9594672077163,0.6729651162790697,273.9720930232558,210.3218777123684,0.16686046511627908,252,249,Skijet/v_Skijet_g23_c03.avi
5.50734590099485,18.536403604443457,325.46735627402023,0.688953488372093,294.95813953488374,236.0691130891083,0.14825581395348839,252,249,Skijet/v_Skijet_g23_c04.avi
4.370686916163684,10.409824537345356,109.375,0.563953488372093,438.51162790697674,364.84698111980265,0.14244186046511628,211,208,Skijet/v_Skijet_g24_c01.avi
5.945990623355329,24.280821034081455,322.0000970496748,0.6677325581395349,433.71162790697673,363.7784792395162,0.14883720930232558,210,207,Skijet/v_Skijet_g24_c02.avi
5.61742305634887,15.510778943057296,255.5,0.5184593023255814,434.49302325581397,360.82102591454213,0.13546511627906976,210,207,Skijet/v_Skijet_g24_c03.avi
5.840983369421247,19.769115986560024,249.25,0.6738372093023256,539.2,699.0580452992974,0.12034883720930233,211,208,Skijet/v_Skijet_g24_c04.avi
2.097901897174784,5.1262824932938855,176.40861656959956,0.6465116279069767,389.1720930232558,478.8718944709784,0.19011627906976744,308,305,Skijet/v_Skijet_g25_c01.avi
9.897181475308408,13.945558188047096,81.00781212327611,0.24156976744186046,232.11162790697674,126.56281317490246,0.18953488372093022,254,251,Skijet/v_Skijet_g25_c02.avi
3.0801443250265863,7.238561338933359,121.23530838827442,0.7316860465116279,632.1860465116279,1023.8190078014438,0.12441860465116279,353,349,Skijet/v_Skijet_g25_c03.avi
4.744574521014529,12.020412953276661,200.02249873451737,0.6579941860465116,348.87441860465117,656.7662414110673,0.21395348837209302,335,331,Skijet/v_Skijet_g25_c04.avi
3.905840556743406,7.776176519604501,85.90692637965812,0.413953488372093,413.84186046511627,495.6747180910867,0.21511627906976744,181,178,SkyDiving/v_SkyDiving_g08_c01.avi
12.268614303530471,32.491753108145524,320.50273009757655,0.6751453488372093,249.30232558139534,269.06725491781845,0.42093023255813955,245,242,SkyDiving/v_SkyDiving_g08_c02.avi
3.72116427996798,4.44346832820465,22.933667936028026,0.4191860465116279,350.3255813953488,329.3113124512775,0.2436046511627907,208,205,SkyDiving/v_SkyDiving_g08_c03.avi
2.9036267517128933,3.584236271767461,37.25,0.37732558139534883,331.68372093023254,327.83951329755524,0.2988372093023256,212,209,SkyDiving/v_SkyDiving_g08_c04.avi
5.371196120834268,20.832808324073387,254.0,0.6199127906976745,376.33488372093024,326.9107828535436,0.1569767441860465,199,196,SkyDiving/v_SkyDiving_g09_c01.avi
8.026245641119091,31.09186095558889,276.0,0.6399709302325581,294.28837209302327,264.67800640418557,0.22848837209302325,209,206,SkyDiving/v_SkyDiving_g09_c02.avi
5.893159281795038,28.402222481744335,319.0015673942685,0.7443313953488372,203.2,178.27752600670047,0.40755813953488373,204,201,SkyDiving/v_SkyDiving_g09_c03.avi
0.6384745340358605,3.0054704509121857,63.5,0.8200581395348837,544.1116279069768,521.022810378355,0.12732558139534883,216,213,SkyDiving/v_SkyDiving_g09_c04.avi
5.651529761471649,9.216679441290891,56.131124387455486,0.31119186046511627,243.72093023255815,175.8591304083239,0.21976744186046512,197,194,SkyDiving/v_SkyDiving_g10_c01.avi
4.323422040190914,7.285528297314273,253.0,0.3911337209302326,267.6093023255814,415.36238692448586,0.2930232558139535,201,198,SkyDiving/v_SkyDiving_g10_c02.avi
4.400842468002042,9.82833985269417,83.19855767980596,0.31569767441860463,228.87441860465117,181.00632918784174,0.2947674418604651,190,187,SkyDiving/v_SkyDiving_g10_c03.avi
4.663528901237932,8.202512460773828,138.0,0.4146802325581395,221.28372093023256,144.53977794853046,0.26453488372093026,180,177,SkyDiving/v_SkyDiving_g10_c04.avi
11.857843263822808,26.027000235649773,253.17977802344325,0.5018895348837209,180.76279069767443,190.3117992691184,0.5406976744186046,167,164,SkyDiving/v_SkyDiving_g10_c05.avi
6.42105199635444,15.820663250393485,186.0,0.35683139534883723,347.86976744186046,566.6819146062511,0.21453488372093024,210,207,SkyDiving/v_SkyDiving_g11_c01.avi
4.403184496159774,5.385107029654148,38.25,0.3293604651162791,316.72558139534885,557.160637390349,0.26046511627906976,201,198,SkyDiving/v_SkyDiving_g11_c02.avi
9.237576430263907,37.843380788266394,318.0,0.588953488372093,301.09767441860464,278.5849705360021,0.2441860465116279,213,210,SkyDiving/v_SkyDiving_g11_c03.avi
7.0293224841110025,18.100945316325447,243.27517855301227,0.6130813953488372,245.84186046511627,232.68566103727284,0.33662790697674416,204,201,SkyDiving/v_SkyDiving_g11_c04.avi
2.192688000381641,4.95005532784029,44.04543109109048,0.6495639534883721,723.1627906976744,1220.4089465236652,0.17383720930232557,229,226,SkyDiving/v_SkyDiving_g12_c01.avi
2.0500815767752045,5.657560181183427,135.20355024924456,0.5652616279069768,210.67906976744186,154.2519964186353,0.32906976744186045,152,150,SkyDiving/v_SkyDiving_g12_c02.avi
5.775599590687728,25.057360535574425,266.2864118294435,0.7218023255813953,795.6093023255814,1348.4594055015373,0.26627906976744187,313,310,SkyDiving/v_SkyDiving_g12_c03.avi
3.630549025788002,12.381066292656383,166.5893153836704,0.5813953488372093,389.95348837209303,755.0932778814712,0.25116279069767444,357,353,SkyDiving/v_SkyDiving_g12_c04.avi
2.7554344454169803,11.60214086613415,158.14234094637652,0.78125,487.4046511627907,388.1235226259496,0.1436046511627907,118,116,SkyDiving/v_SkyDiving_g13_c01.avi
2.1204510269074928,6.207905419333798,57.0,0.8148255813953489,534.2883720930232,402.8915609252591,0.14127906976744187,217,214,SkyDiving/v_SkyDiving_g13_c02.avi
1.6383564758465798,7.972317486574618,106.25029411723997,0.9055232558139535,565.3209302325581,406.89312267824783,0.12848837209302325,197,194,SkyDiving/v_SkyDiving_g13_c03.avi
5.925032132725413,18.415617343944355,153.5,0.7220930232558139,696.706976744186,910.3824612575082,0.14186046511627906,124,122,SkyDiving/v_SkyDiving_g13_c04.avi
3.085323081215401,10.608963477486459,192.89893727027115,0.6765988372093024,683.646511627907,911.6311502552653,0.14709302325581394,211,208,SkyDiving/v_SkyDiving_g14_c01.avi
3.090423814419468,6.0403989558845845,192.0,0.4738372093023256,386.71627906976744,356.55706150220175,0.2377906976744186,199,196,SkyDiving/v_SkyDiving_g14_c02.avi
4.368038740264642,14.808809243916414,184.0205491242758,0.5699127906976744,413.84186046511627,373.92056502066833,0.23604651162790696,202,199,SkyDiving/v_SkyDiving_g14_c03.avi
3.6084710461961302,12.804818263322964,319.0,0.5640988372093023,350.4372093023256,354.9339860163032,0.3383720930232558,168,165,SkyDiving/v_SkyDiving_g14_c04.avi
4.636308615198172,20.529941550662578,319.0141062711804,0.7688953488372093,369.6372093023256,353.16635320210287,0.27325581395348836,207,204,SkyDiving/v_SkyDiving_g15_c01.avi
3.665477571463964,10.278664343598166,383.0,0.5956395348837209,330.0093023255814,351.4005200549113,0.39127906976744187,173,170,SkyDiving/v_SkyDiving_g15_c02.avi
2.9431919880447963,9.87019096134261,97.0,0.5334302325581395,417.4139534883721,394.96035808225486,0.31511627906976747,199,196,SkyDiving/v_SkyDiving_g15_c03.avi
1.6235584266840588,8.894842760269043,132.61221663180206,0.6353197674418605,386.9395348837209,349.124394529511,0.20872093023255814,223,220,SkyDiving/v_SkyDiving_g15_c04.avi
4.994000120147269,22.933264879562195,319.0,0.7604651162790698,448.446511627907,396.84535758487647,0.2534883720930233,49,47,SkyDiving/v_SkyDiving_g15_c05.avi
3.266786214573964,9.401560055852046,119.93878647043249,0.5866279069767442,503.47906976744184,519.7747171021975,0.17151162790697674,199,196,SkyDiving/v_SkyDiving_g16_c01.avi
3.1435168823081017,11.17973094105681,108.18964830333815,0.7170058139534884,444.7627906976744,382.5043723861697,0.2005813953488372,214,211,SkyDiving/v_SkyDiving_g16_c02.avi
3.150729383223693,16.97914222043969,260.0,0.5281976744186047,418.86511627906975,380.7319944184146,0.2517441860465116,201,198,SkyDiving/v_SkyDiving_g16_c03.avi
4.680816168414585,13.86355365597409,96.25,0.5803779069767442,379.01395348837207,357.16318306928537,0.2616279069767442,264,261,SkyDiving/v_SkyDiving_g16_c04.avi
3.2658502585882827,13.267321498506353,201.8249550972327,0.4072674418604651,521.0046511627907,716.4463432589104,0.2755813953488372,199,196,SkyDiving/v_SkyDiving_g17_c01.avi
6.268106307518912,13.66237710202057,349.02292188336287,0.3638081395348837,391.06976744186045,345.78534781047483,0.18488372093023256,182,179,SkyDiving/v_SkyDiving_g17_c02.avi
3.2612288593697945,6.420638724050646,70.0,0.44651162790697674,337.04186046511626,345.4374955964979,0.3453488372093023,201,198,SkyDiving/v_SkyDiving_g17_c03.avi
7.586110179055651,15.023511697857991,251.8307033008485,0.40406976744186046,338.26976744186044,309.4246450211384,0.21337209302325583,209,206,SkyDiving/v_SkyDiving_g17_c04.avi
2.8195436508280847,11.60239076941435,164.03734330938184,0.6805232558139535,312.0372093023256,324.4467756711026,0.3546511627906977,183,180,SkyDiving/v_SkyDiving_g17_c05.avi
3.3735952121081154,12.55780406430661,136.74440116509342,0.8119186046511628,224.4093023255814,184.97491949910207,0.3226744186046512,176,173,SkyDiving/v_SkyDiving_g18_c01.avi
4.242696484359071,15.083315923761482,231.0,0.6286337209302325,225.63720930232557,179.83723522565444,0.30697674418604654,266,263,SkyDiving/v_SkyDiving_g18_c02.avi
4.567382191076674,10.298175861762735,216.00130207940876,0.5678779069767442,208.66976744186047,189.72488715749094,0.4046511627906977,174,171,SkyDiving/v_SkyDiving_g18_c03.avi
3.4425470633245707,10.921016369842642,167.75074515482785,0.6047965116279069,244.8372093023256,214.87139801573232,0.29767441860465116,177,174,SkyDiving/v_SkyDiving_g18_c04.avi
4.552835466393166,12.391586656533883,238.0,0.5316860465116279,248.1860465116279,209.46523892266245,0.2709302325581395,225,222,SkyDiving/v_SkyDiving_g18_c05.avi
3.1461967005614717,7.2113935264902285,62.2625489359374,0.559593023255814,490.5302325581395,903.3234748686556,0.17616279069767443,173,170,SkyDiving/v_SkyDiving_g18_c06.avi
16.749850702108002,29.32315955559094,220.01619258590947,0.5571220930232558,298.0837209302326,446.4646161297915,0.32034883720930235,83,81,SkyDiving/v_SkyDiving_g19_c01.avi
2.36323148720252,5.409748182755886,81.40331688573875,0.5859011627906977,650.046511627907,1085.181154172681,0.2313953488372093,98,96,SkyDiving/v_SkyDiving_g19_c02.avi
4.035012871906411,5.939922484152097,39.5,0.4375,480.93023255813955,841.3069952453643,0.2005813953488372,169,166,SkyDiving/v_SkyDiving_g19_c03.avi
1.900745609961179,5.757431486812606,99.00505037623081,0.6254360465116279,262.0279069767442,234.43465725768075,0.27325581395348836,178,175,SkyDiving/v_SkyDiving_g19_c04.avi
4.127872868185834,10.398535388321601,72.00390614404193,0.545203488372093,403.90697674418607,477.40966825848204,0.1436046511627907,138,136,SkyDiving/v_SkyDiving_g20_c01.avi
5.952736168140829,19.583666751256803,144.04274539177598,0.5325581395348837,467.9813953488372,620.1562590995744,0.2563953488372093,199,196,SkyDiving/v_SkyDiving_g20_c02.avi
3.2642273938242914,12.563516942567258,203.0,0.6238372093023256,295.1813953488372,276.1223854505285,0.25872093023255816,227,224,SkyDiving/v_SkyDiving_g20_c03.avi
7.189689212652582,12.473767901069042,172.18594600024707,0.4558139534883721,398.2139534883721,341.53112261150795,0.15,249,246,SkyDiving/v_SkyDiving_g20_c04.avi
4.021924974598485,20.902102220120298,314.10189429546585,0.6399709302325581,324.98604651162793,313.3050742850202,0.2709302325581395,223,220,SkyDiving/v_SkyDiving_g20_c05.avi
3.883972340247263,13.321356988333818,195.5102299113783,0.5386627906976744,393.86046511627904,481.52111602834094,0.19127906976744186,249,246,SkyDiving/v_SkyDiving_g20_c06.avi
5.362145376925649,10.04759180957463,105.7157154826093,0.5989825581395349,524.1302325581395,919.2106126896823,0.28488372093023256,210,207,SkyDiving/v_SkyDiving_g21_c01.avi
3.0092376130567495,9.020467681305258,165.01212076693034,0.6502906976744186,477.4697674418605,845.9190778645998,0.24883720930232558,209,206,SkyDiving/v_SkyDiving_g21_c02.avi
2.304756350406715,11.499514906205853,240.0,0.7633720930232558,667.1255813953488,1239.5621950479547,0.3959302325581395,204,201,SkyDiving/v_SkyDiving_g21_c03.avi
3.909567132781244,10.142266672735216,160.04999218994044,0.538953488372093,342.51162790697674,453.50030753524214,0.2005813953488372,210,207,SkyDiving/v_SkyDiving_g21_c04.avi
8.559774016724596,26.28308792234875,260.0,0.5893895348837209,278.10232558139535,240.52216209677636,0.22441860465116278,330,326,SkyDiving/v_SkyDiving_g22_c01.avi
6.558496050375735,16.694844254679943,246.0,0.6652616279069767,175.73953488372092,141.82100434774208,0.47848837209302325,323,320,SkyDiving/v_SkyDiving_g22_c02.avi
4.748561109024399,14.375883206157726,296.5948414925654,0.5484011627906977,233.89767441860465,186.05917724329572,0.28255813953488373,299,296,SkyDiving/v_SkyDiving_g22_c03.avi
3.9272857249100754,9.9207110839875,161.5,0.5956395348837209,202.08372093023254,145.4709511963424,0.35523255813953486,305,302,SkyDiving/v_SkyDiving_g22_c04.avi
19.42835770820822,32.29994965761907,249.5,0.4575581395348837,415.4046511627907,372.2795885774426,0.2255813953488372,167,164,SkyDiving/v_SkyDiving_g23_c01.avi
8.115228350587222,29.83878185474556,383.0013054808038,0.5819767441860465,422.9953488372093,381.27857724600625,0.2441860465116279,183,180,SkyDiving/v_SkyDiving_g23_c02.avi
12.071924026435463,36.761857090799424,338.547725586807,0.4984011627906977,467.31162790697675,387.43393207778905,0.17616279069767443,186,183,SkyDiving/v_SkyDiving_g23_c03.avi
8.45120295877125,34.70911982253207,319.0,0.6109011627906977,577.3767441860465,703.6586133277485,0.12151162790697674,168,165,SkyDiving/v_SkyDiving_g23_c04.avi
5.795918775695317,8.890863721941829,91.0,0.4132267441860465,374.3255813953488,472.2744433173454,0.19767441860465115,137,135,SkyDiving/v_SkyDiving_g24_c01.avi
3.5525960958310607,12.00362031775384,192.0318983919078,0.5324127906976744,298.9767441860465,271.08751597894036,0.22965116279069767,230,227,SkyDiving/v_SkyDiving_g24_c02.avi
3.7089153403190984,12.17709032392659,91.58542801668833,0.5036337209302325,364.27906976744185,344.67364581595865,0.2569767441860465,189,186,SkyDiving/v_SkyDiving_g24_c03.avi
12.91979020522597,43.2472834864375,336.16402246522455,0.7136627906976745,282.0093023255814,270.55783873233696,0.2924418604651163,287,284,SkyDiving/v_SkyDiving_g24_c04.avi
2.6686017468447285,4.368120269784386,28.600699292150182,0.4931686046511628,389.0604651162791,343.395021120016,0.1813953488372093,135,133,SkyDiving/v_SkyDiving_g25_c01.avi
5.815069911273344,8.633938329027217,96.08329719571451,0.4357558139534884,316.1674418604651,274.35948216089685,0.17732558139534885,181,178,SkyDiving/v_SkyDiving_g25_c02.avi
2.9340500192025236,8.943136518178777,141.2028682428229,0.47834302325581396,444.31627906976746,507.52768050538674,0.20988372093023255,193,190,SkyDiving/v_SkyDiving_g25_c03.avi
4.652673074990055,18.05677670424439,198.65123332111483,0.5597383720930232,610.753488372093,780.5956519159948,0.12906976744186047,202,199,SkyDiving/v_SkyDiving_g25_c04.avi
2.1077152276508655,9.016360150504495,193.05180651835403,0.6594476744186046,209.0046511627907,116.93144474034501,0.2819767441860465,302,299,SoccerJuggling/v_SoccerJuggling_g08_c01.avi
2.5089607467837096,7.547843202554138,324.2298567374695,0.6491279069767442,270.06511627906974,418.320335074228,0.29651162790697677,302,299,SoccerJuggling/v_SoccerJuggling_g08_c02.avi
4.440125193403917,7.404458700814953,33.52610922848042,0.4741279069767442,275.7581395348837,404.78056888316155,0.21337209302325583,302,299,SoccerJuggling/v_SoccerJuggling_g08_c03.avi
2.2111200886284985,12.6471672478959,318.912213626258,0.7111918604651163,298.86511627906975,547.1915743281179,0.2651162790697674,302,299,SoccerJuggling/v_SoccerJuggling_g08_c04.avi
1.8574146260097981,3.6184809448466915,17.707696066964782,0.6841569767441861,258.34418604651165,228.6230830299183,0.2738372093023256,112,110,SoccerJuggling/v_SoccerJuggling_g09_c01.avi
2.2042864461120466,5.013182004548119,44.34241761564202,0.7239825581395349,257.2279069767442,208.53093945401181,0.23081395348837208,252,249,SoccerJuggling/v_SoccerJuggling_g09_c02.avi
1.229088652042467,2.7189060645582006,32.2490309931942,0.7335755813953488,243.60930232558138,233.49716577529296,0.34825581395348837,252,249,SoccerJuggling/v_SoccerJuggling_g09_c03.avi
2.1759796603877275,6.181009549499915,93.80631641845874,0.5723837209302326,196.50232558139535,154.08982202081233,0.3959302325581395,187,184,SoccerJuggling/v_SoccerJuggling_g09_c04.avi
3.1508498425323124,8.817564364790703,75.61084578286372,0.49738372093023253,316.72558139534885,539.1753169135694,0.15348837209302327,241,238,SoccerJuggling/v_SoccerJuggling_g09_c05.avi
4.060817505620461,12.108925492917328,299.6965131595628,0.534156976744186,404.2418604651163,667.4663354397552,0.1325581395348837,241,238,SoccerJuggling/v_SoccerJuggling_g09_c06.avi
0.7399388209481268,2.2164742439192437,123.36936410632909,0.8186046511627907,275.2,550.3264418126205,0.3744186046511628,317,314,SoccerJuggling/v_SoccerJuggling_g09_c07.avi
3.577623152945721,5.0458818117992275,60.0,0.37194767441860466,275.0883720930233,205.58451349839848,0.15174418604651163,202,199,SoccerJuggling/v_SoccerJuggling_g10_c01.avi
1.2855401148396135,1.995684430024648,96.0,0.5265988372093023,322.4186046511628,566.2272628037607,0.29593023255813955,202,199,SoccerJuggling/v_SoccerJuggling_g10_c02.avi
1.6468718558738025,4.815277310373298,151.25,0.7093023255813954,257.2279069767442,240.06382709951487,0.3075581395348837,202,199,SoccerJuggling/v_SoccerJuggling_g10_c03.avi
0.8200252955537279,1.8336306884350035,18.35755975068582,0.8181686046511628,228.76279069767443,173.8008871752664,0.2813953488372093,140,138,SoccerJuggling/v_SoccerJuggling_g10_c04.avi
0.1314282856355912,0.6556755844272067,12.755513513771211,0.9603197674418604,327.7767441860465,318.61880179066014,0.2796511627906977,302,299,SoccerJuggling/v_SoccerJuggling_g11_c01.avi
0.14477366803204592,0.6978364587250672,15.0,0.9744186046511628,335.36744186046514,308.31051979195615,0.2191860465116279,302,299,SoccerJuggling/v_SoccerJuggling_g11_c02.avi
2.1888021778294187,5.406829418891628,33.75370350050495,0.7934593023255814,249.86046511627907,201.4373445660714,0.24593023255813953,331,327,SoccerJuggling/v_SoccerJuggling_g11_c03.avi
1.172660494530879,1.734953744030964,21.0,0.6642441860465116,215.47906976744187,159.4596348400457,0.31569767441860463,239,236,SoccerJuggling/v_SoccerJuggling_g11_c04.avi
0.5459253449530869,1.5958572030433347,13.038404810405298,0.9069767441860465,780.6511627906976,1304.156055787606,0.2,271,268,SoccerJuggling/v_SoccerJuggling_g11_c05.avi
0.38239442515339084,1.195346807941928,39.21734310225516,0.8847383720930233,267.16279069767444,420.6047103117107,0.3186046511627907,308,305,SoccerJuggling/v_SoccerJuggling_g11_c06.avi
2.481515403357043,8.267803947874485,252.57276179350774,0.6617732558139535,225.63720930232557,172.53847164288658,0.2930232558139535,302,299,SoccerJuggling/v_SoccerJuggling_g12_c01.avi
1.884598243560663,8.84488431781572,214.0,0.6517441860465116,213.58139534883722,161.44035295069102,0.32790697674418606,302,299,SoccerJuggling/v_SoccerJuggling_g12_c02.avi
1.3371803429982938,1.8167403941688474,11.125,0.5167151162790697,254.54883720930232,148.7875219388186,0.12616279069767442,302,299,SoccerJuggling/v_SoccerJuggling_g12_c03.avi
4.164011248259624,14.240865202000457,197.5001582277847,0.6286337209302325,230.32558139534885,171.93234485127377,0.2709302325581395,302,299,SoccerJuggling/v_SoccerJuggling_g12_c04.avi
2.4843735887953655,7.692577642713394,60.0,0.7265988372093023,341.3953488372093,645.7283660867505,0.15988372093023256,361,357,SoccerJuggling/v_SoccerJuggling_g12_c05.avi
3.24172882740133,16.5252946142422,215.0,0.7340116279069767,405.24651162790695,826.3903068357091,0.22732558139534884,361,357,SoccerJuggling/v_SoccerJuggling_g12_c06.avi
0.17814591608510447,0.7819691730940602,15.875,0.9361918604651163,530.939534883721,919.5190608794979,0.2796511627906977,252,249,SoccerJuggling/v_SoccerJuggling_g13_c01.avi
0.14087724416154868,0.6043354036706545,16.810060231896852,0.9664244186046511,769.6,1270.9839908969268,0.31569767441860463,252,249,SoccerJuggling/v_SoccerJuggling_g13_c02.avi
0.16145046460038862,1.2672443413133805,31.064449134018133,0.9872093023255814,650.046511627907,1084.1931938347514,0.21976744186046512,252,249,SoccerJuggling/v_SoccerJuggling_g13_c03.avi
0.11364608727605392,0.5632909419706178,16.62077013859466,0.975,737.0046511627907,1178.8131023240812,0.24127906976744187,252,249,SoccerJuggling/v_SoccerJuggling_g13_c04.avi
0.08107875201920434,0.5739477072951685,20.0,0.9869186046511628,833.2279069767442,1301.4082887798593,0.2563953488372093,301,298,SoccerJuggling/v_SoccerJuggling_g13_c05.avi
0.2649935963249273,1.1371317989613636,19.76937340939262,0.9351744186046511,546.5674418604651,1083.7226255700884,0.261046511627907,241,238,SoccerJuggling/v_SoccerJuggling_g14_c01.avi
0.22464064962767524,0.8743728886737321,16.00781059358212,0.940406976744186,282.45581395348836,543.2620821556188,0.3040697674418605,241,238,SoccerJuggling/v_SoccerJuggling_g14_c02.avi
0.20048030603280367,0.9060576468376575,16.251922963145006,0.9408430232558139,384.93023255813955,833.6936416668655,0.3470930232558139,241,238,SoccerJuggling/v_SoccerJuggling_g14_c03.avi
0.17929644372746964,1.1714741934816262,32.000976547599294,0.9600290697674418,267.8325581395349,535.6563023887658,0.3174418604651163,241,238,SoccerJuggling/v_SoccerJuggling_g14_c04.avi
0.20449505805514545,0.9533740828607402,19.0,0.948110465116279,404.68837209302325,840.1862310750204,0.35348837209302325,241,238,SoccerJuggling/v_SoccerJuggling_g14_c05.avi
0.24771977797499084,0.9998054910255819,19.235384061671343,0.9258720930232558,230.88372093023256,162.73093919780956,0.2517441860465116,241,238,SoccerJuggling/v_SoccerJuggling_g14_c06.avi
0.25706669905214,1.120133619209684,17.016536075241635,0.9348837209302325,241.15348837209302,406.83848537903305,0.3656976744186046,241,238,SoccerJuggling/v_SoccerJuggling_g14_c07.avi
0.6466952463265444,2.3311208604933995,20.626515095866292,0.9322674418604651,1086.9581395348837,1623.6331218987775,0.29767441860465116,600,595,SoccerJuggling/v_SoccerJuggling_g15_c01.avi
0.26957690465927436,0.9900075263414397,15.6469845337688,0.9520348837209303,1004.5767441860465,1532.7062196449249,0.16395348837209303,600,595,SoccerJuggling/v_SoccerJuggling_g15_c02.avi
1.2174923941992217,4.8810664184437105,25.622255950637914,0.9392441860465116,1180.5023255813953,1619.2721100153801,0.12674418604651164,600,595,SoccerJuggling/v_SoccerJuggling_g15_c03.avi
0.3499263736150583,0.8602690790831212,10.04987562112089,0.8962209302325581,1152.3720930232557,1558.173245036245,0.10348837209302325,600,595,SoccerJuggling/v_SoccerJuggling_g15_c04.avi
1.4152544974581165,5.618248356128938,99.82484660644363,0.9373546511627907,1461.9162790697674,1767.7618624388103,0.17267441860465116,600,595,SoccerJuggling/v_SoccerJuggling_g16_c01.avi
0.28066506682977965,2.3849983305415234,136.41847382227965,0.9212209302325581,1707.4976744186047,1882.7787402874276,0.2052325581395349,600,595,SoccerJuggling/v_SoccerJuggling_g16_c02.avi
0.7851008820573097,2.5377438161118167,21.043110511518965,0.9107558139534884,1328.8558139534885,1768.2429835794132,0.2819767441860465,600,595,SoccerJuggling/v_SoccerJuggling_g16_c03.avi
0.8177829109662195,2.9996709343619736,103.08855416582387,0.8943313953488372,729.3023255813954,1316.6756506688955,0.313953488372093,585,580,SoccerJuggling/v_SoccerJuggling_g16_c04.avi
0.14164286771869597,0.7540000390753216,17.902950175878836,0.967296511627907,458.26976744186044,837.1528613533128,0.20465116279069767,202,199,SoccerJuggling/v_SoccerJuggling_g16_c05.avi
0.0784238148581914,0.4763289964102833,17.0,0.984156976744186,232.2232558139535,115.88842436165736,0.175,309,306,SoccerJuggling/v_SoccerJuggling_g16_c06.avi
0.08512034498815321,0.4632469447400147,16.766782637107216,0.984593023255814,190.25116279069766,128.23899267708697,0.3866279069767442,241,238,SoccerJuggling/v_SoccerJuggling_g16_c07.avi
0.4778008093722372,1.1062838281225849,16.194134740701646,0.8668604651162791,270.846511627907,246.57265484180974,0.2691860465116279,202,199,SoccerJuggling/v_SoccerJuggling_g17_c01.avi
0.31516832035402936,0.9470283032575116,22.56795294217001,0.9042151162790698,292.0558139534884,250.86521286208153,0.19825581395348837,202,199,SoccerJuggling/v_SoccerJuggling_g17_c02.avi
0.18746929204382054,0.6380613232173986,15.127065974603271,0.9588662790697674,266.6046511627907,228.67038729332293,0.24011627906976743,202,199,SoccerJuggling/v_SoccerJuggling_g17_c03.avi
0.20403263043536654,1.9735825588702711,74.79179433600989,0.9680232558139535,248.07441860465116,202.22463688729144,0.2552325581395349,202,199,SoccerJuggling/v_SoccerJuggling_g17_c04.avi
0.4447374494144639,1.2612065703730975,17.11724276862369,0.8761627906976744,298.4186046511628,422.6852274616799,0.2069767441860465,301,298,SoccerJuggling/v_SoccerJuggling_g17_c05.avi
0.5740843945825882,1.72896965941784,15.0,0.9103197674418605,387.16279069767444,758.484932021619,0.2866279069767442,335,331,SoccerJuggling/v_SoccerJuggling_g17_c06.avi
0.4289987481973031,1.0108721974024182,26.25505903630765,0.8588662790697674,310.3627906976744,559.6777798163145,0.2982558139534884,301,298,SoccerJuggling/v_SoccerJuggling_g17_c07.avi
0.6183693201392254,1.0248991450172373,16.1245154965971,0.7642441860465117,237.8046511627907,192.421095823461,0.27848837209302324,302,299,SoccerJuggling/v_SoccerJuggling_g18_c01.avi
0.4707078941054063,1.1121807720446903,24.031879868208396,0.8755813953488372,235.68372093023257,169.64195527877484,0.24302325581395348,302,299,SoccerJuggling/v_SoccerJuggling_g18_c02.avi
0.4659854452456082,1.6594629617318821,36.44109116094083,0.8909883720930233,312.0372093023256,550.3398007503059,0.23604651162790696,302,299,SoccerJuggling/v_SoccerJuggling_g18_c03.avi
0.4361705830491696,1.3104405038201143,19.001644665659864,0.8998546511627907,249.07906976744187,196.40155419995517,0.23837209302325582,302,299,SoccerJuggling/v_SoccerJuggling_g18_c04.avi
0.2887829222072718,1.4933029853679631,40.000781242370756,0.9470930232558139,621.5813953488372,1083.0448514957916,0.20755813953488372,361,357,SoccerJuggling/v_SoccerJuggling_g18_c05.avi
0.2313109439168,0.9251644692644845,19.0,0.9559593023255814,623.8139534883721,1080.1081611603997,0.17267441860465116,361,357,SoccerJuggling/v_SoccerJuggling_g18_c06.avi
0.2739991938057429,0.7356607222996893,11.0,0.9328488372093023,331.57209302325583,559.7049415064887,0.225,361,357,SoccerJuggling/v_SoccerJuggling_g18_c07.avi
3.408990899988563,8.146137652904857,176.0454486773231,0.40755813953488373,205.87906976744185,130.2692891723151,0.31453488372093025,378,374,SoccerJuggling/v_SoccerJuggling_g19_c01.avi
2.9230795973285217,3.818674496240031,64.28063471995279,0.3946220930232558,223.51627906976745,142.0720697069126,0.2505813953488372,222,219,SoccerJuggling/v_SoccerJuggling_g19_c02.avi
1.9214971388945157,2.7226327858608856,23.823898190682396,0.36947674418604654,306.7906976744186,437.3531678195996,0.24476744186046512,294,291,SoccerJuggling/v_SoccerJuggling_g19_c03.avi
4.745861140129821,21.34571304866735,322.7413825340655,0.4311046511627907,245.84186046511627,185.53884597027258,0.22965116279069767,280,277,SoccerJuggling/v_SoccerJuggling_g19_c04.avi
3.115003367698953,5.580549443353975,46.88549882426335,0.4443313953488372,229.43255813953488,172.29491714746342,0.2755813953488372,302,299,SoccerJuggling/v_SoccerJuggling_g19_c05.avi
1.2539566418829227,1.6784659636121455,19.250405839877764,0.59375,700.0558139534884,1220.1402880268308,0.15232558139534882,301,298,SoccerJuggling/v_SoccerJuggling_g19_c06.avi
1.7338001473566267,3.1226035002094528,26.384180866572304,0.6359011627906976,784.6697674418605,1298.940161096441,0.1325581395348837,301,298,SoccerJuggling/v_SoccerJuggling_g19_c07.avi
0.10123167661708843,0.4390666138518087,13.152946437965905,0.9774709302325582,262.25116279069766,227.8452191598427,0.2558139534883721,302,299,SoccerJuggling/v_SoccerJuggling_g20_c01.avi
0.11294730217033758,0.5417163184944128,15.982901019527088,0.9768895348837209,237.35813953488372,150.07005221989783,0.20174418604651162,302,299,SoccerJuggling/v_SoccerJuggling_g20_c02.avi
0.11577609963427034,0.526737642914172,16.3783393541592,0.9659883720930232,256.2232558139535,202.75008426254584,0.22209302325581395,202,199,SoccerJuggling/v_SoccerJuggling_g20_c03.avi
0.17917044895754144,0.9338371097031458,19.875,0.9655523255813954,282.1209302325581,417.5355874308533,0.2453488372093023,202,199,SoccerJuggling/v_SoccerJuggling_g20_c04.avi
0.12348038626440545,0.42632174738029555,6.4031242374328485,0.9652616279069768,232.0,169.98166795822561,0.25988372093023254,241,238,SoccerJuggling/v_SoccerJuggling_g20_c05.avi
0.11218259067150671,0.6351422750209861,16.15549442140351,0.9781976744186046,382.80930232558137,756.0991173532105,0.27906976744186046,241,238,SoccerJuggling/v_SoccerJuggling_g20_c06.avi
0.06058332161850752,0.46670551329684173,16.28889575753986,0.9888081395348837,354.0093023255814,749.8384445577078,0.3127906976744186,417,413,SoccerJuggling/v_SoccerJuggling_g21_c01.avi
0.06646793794012545,0.5077225928095416,10.991473968490304,0.9859011627906977,374.2139534883721,750.3408284740126,0.2563953488372093,417,413,SoccerJuggling/v_SoccerJuggling_g21_c02.avi
0.08120174617085192,0.5442047592804161,16.751865567750954,0.9816860465116279,221.28372093023256,223.6962817732515,0.42267441860465116,84,82,SoccerJuggling/v_SoccerJuggling_g21_c03.avi
0.09523359608377881,0.569478962667751,15.662455107677085,0.9777616279069767,290.8279069767442,540.5144518970541,0.2558139534883721,417,413,SoccerJuggling/v_SoccerJuggling_g21_c04.avi
0.03957786912125593,0.49828302435767374,30.4138126514911,0.9943313953488372,323.2,664.9028549432074,0.3569767441860465,241,238,SoccerJuggling/v_SoccerJuggling_g21_c05.avi
0.09104846927350528,0.5475957144687854,15.988276955319481,0.9783430232558139,204.2046511627907,150.64325632447375,0.35348837209302325,252,249,SoccerJuggling/v_SoccerJuggling_g22_c01.avi
0.1402216337501831,0.7516294394269779,17.19238566924323,0.9731104651162791,238.36279069767443,140.68641861569182,0.18255813953488373,252,249,SoccerJuggling/v_SoccerJuggling_g22_c02.avi
1.1639317023828322,1.9642506961741821,24.626269002835162,0.648546511627907,243.3860465116279,174.7962928421157,0.2191860465116279,261,258,SoccerJuggling/v_SoccerJuggling_g22_c03.avi
1.6766958707386612,3.9879668893480416,36.87817782917155,0.5190406976744186,225.4139534883721,154.26492100218957,0.2616279069767442,202,199,SoccerJuggling/v_SoccerJuggling_g22_c04.avi
0.036575116813865105,0.2713702657805744,17.46424919657298,0.9965116279069768,360.3720930232558,646.756092311569,0.10755813953488372,202,199,SoccerJuggling/v_SoccerJuggling_g22_c05.avi
0.01604174106611166,0.15914961527935853,4.031128874149275,0.997093023255814,370.1953488372093,314.28184503388286,0.1308139534883721,202,199,SoccerJuggling/v_SoccerJuggling_g22_c06.avi
0.023267027219634463,0.1661652742041415,8.0,0.9968023255813954,463.06976744186045,785.1718044952738,0.33313953488372094,202,199,SoccerJuggling/v_SoccerJuggling_g22_c07.avi
1.7121702400281489,4.924406778194411,90.00555538409837,0.6383720930232558,263.1441860465116,403.9546056135893,0.26046511627906976,241,238,SoccerJuggling/v_SoccerJuggling_g23_c01.avi
1.7827968050375886,12.690672805238584,215.0,0.7704941860465117,209.11627906976744,143.2495317257374,0.3186046511627907,241,238,SoccerJuggling/v_SoccerJuggling_g23_c02.avi
1.2327614940770104,8.266352096755204,239.5,0.6648255813953489,421.9906976744186,831.6091098234637,0.23313953488372094,241,238,SoccerJuggling/v_SoccerJuggling_g23_c03.avi
1.0476241731456284,4.340446390742628,84.2503709190648,0.8547965116279069,247.29302325581395,399.1735913081384,0.3058139534883721,241,238,SoccerJuggling/v_SoccerJuggling_g23_c04.avi
2.410235886507915,16.856831489841525,336.32201830983354,0.5781976744186047,208.44651162790697,117.16379182895302,0.28488372093023256,241,238,SoccerJuggling/v_SoccerJuggling_g23_c05.avi
1.6521330027671255,6.356941981475676,177.0,0.5325581395348837,302.2139534883721,542.393601861401,0.22441860465116278,222,219,SoccerJuggling/v_SoccerJuggling_g23_c06.avi
0.11829384903119068,0.6652593281658051,14.035668847618199,0.9659883720930232,273.19069767441863,197.07950445507376,0.14069767441860465,252,249,SoccerJuggling/v_SoccerJuggling_g24_c01.avi
0.15450709487595254,1.1417623214230557,53.0,0.967296511627907,233.22790697674418,197.4919466424961,0.30930232558139537,252,249,SoccerJuggling/v_SoccerJuggling_g24_c02.avi
0.1175729865781949,0.39880612323751347,10.0,0.9761627906976744,299.9813953488372,288.21374437136865,0.2779069767441861,252,249,SoccerJuggling/v_SoccerJuggling_g24_c03.avi
0.12767919159108881,0.7178440225771628,16.00195300580526,0.9732558139534884,254.66046511627906,203.4844170246869,0.2302325581395349,252,249,SoccerJuggling/v_SoccerJuggling_g24_c04.avi
0.02589075060182211,0.16939503033063316,5.25594901040716,0.9965116279069768,323.0883720930233,445.71108235555374,0.22732558139534884,361,357,SoccerJuggling/v_SoccerJuggling_g24_c05.avi
0.10921317937149083,1.0481742794565996,75.0066663703967,0.984156976744186,289.8232558139535,232.56760241212717,0.15872093023255815,301,298,SoccerJuggling/v_SoccerJuggling_g24_c06.avi
0.07284602418282977,0.4101844996663923,16.766782637107216,0.9883720930232558,369.30232558139534,338.4954078822671,0.2191860465116279,301,298,SoccerJuggling/v_SoccerJuggling_g24_c07.avi
0.17094057096118737,0.7681349028022042,17.507141400011598,0.954796511627907,218.71627906976744,191.39300481765633,0.3616279069767442,110,108,SoccerJuggling/v_SoccerJuggling_g25_c01.avi
0.6154466442386882,2.3770841626501324,52.92447448959697,0.9280523255813954,327.88837209302324,667.2770817421202,0.3581395348837209,228,225,SoccerJuggling/v_SoccerJuggling_g25_c02.avi
0.9559458893534136,1.6017634087701038,20.024984394500787,0.6911337209302325,274.9767441860465,240.25427309048405,0.23604651162790696,252,249,SoccerJuggling/v_SoccerJuggling_g25_c03.avi
2.3554530467021064,5.682545920264568,139.84634424968,0.6308139534883721,240.93023255813952,211.3625118406143,0.3063953488372093,138,136,SoccerJuggling/v_SoccerJuggling_g25_c04.avi
0.237790939358085,1.1212766552544031,50.25062188669907,0.9188953488372092,586.4186046511628,1140.2756548116745,0.31627906976744186,144,142,SoccerJuggling/v_SoccerJuggling_g25_c05.avi
0.43483153825911125,5.131997883340783,105.01904589168576,0.9696220930232559,243.60930232558138,194.43130168843038,0.2575581395348837,141,139,SoccerJuggling/v_SoccerJuggling_g25_c06.avi
0.5721849504711439,1.235338398775501,19.0,0.8167151162790698,318.06511627906974,344.0918961108682,0.4046511627906977,111,109,SoccerPenalty/v_SoccerPenalty_g08_c01.avi
1.918237530033131,2.910464802576245,23.599854342770847,0.6236918604651163,270.1767441860465,327.4758523582644,0.5238372093023256,88,86,SoccerPenalty/v_SoccerPenalty_g08_c02.avi
0.2150149676688585,0.3156000808968221,4.8541219597369,0.9675872093023256,377.5627906976744,351.4027895107449,0.2436046511627907,130,128,SoccerPenalty/v_SoccerPenalty_g08_c03.avi
0.04234585995430714,0.19327016826515633,6.625,0.9924418604651163,485.3953488372093,625.0681875188772,0.25872093023255816,170,167,SoccerPenalty/v_SoccerPenalty_g08_c04.avi
2.168749344631526,6.449913672438145,86.0,0.7581395348837209,326.9953488372093,326.99135181899413,0.3116279069767442,126,124,SoccerPenalty/v_SoccerPenalty_g08_c05.avi
1.2031931318362417,2.731539980029964,58.66270109703439,0.7308139534883721,227.75813953488372,262.53096759311245,0.49593023255813956,83,81,SoccerPenalty/v_SoccerPenalty_g08_c06.avi
0.7551173936982553,3.9513476772674845,63.0,0.8549418604651163,322.75348837209305,338.1171527732055,0.36627906976744184,104,102,SoccerPenalty/v_SoccerPenalty_g09_c01.avi
0.3650519652214944,1.4726905200755804,19.0,0.8963662790697674,327.4418604651163,350.19152914499625,0.3953488372093023,93,91,SoccerPenalty/v_SoccerPenalty_g09_c02.avi
0.3514136699759081,3.2657594598661475,106.0,0.9699127906976744,348.42790697674417,341.2502909620236,0.2930232558139535,120,118,SoccerPenalty/v_SoccerPenalty_g09_c03.avi
0.5584077446828232,3.6861601347777544,33.0,0.9453488372093023,399.88837209302324,385.25375099470403,0.31802325581395346,92,90,SoccerPenalty/v_SoccerPenalty_g09_c04.avi
0.068592775081856,0.6799237479371458,17.25,0.9892441860465117,394.86511627906975,373.7115607572117,0.2837209302325581,147,145,SoccerPenalty/v_SoccerPenalty_g09_c05.avi
1.4462073906892292,1.3514506528105754,7.251077506136588,0.4223837209302326,311.92558139534884,237.55716873072814,0.09011627906976744,91,89,SoccerPenalty/v_SoccerPenalty_g10_c01.avi
1.540245666298207,2.339303870180746,25.0,0.5531976744186047,177.52558139534884,156.01376816556967,0.4924418604651163,72,70,SoccerPenalty/v_SoccerPenalty_g10_c02.avi
1.2575832880322348,1.7401913102274424,38.07968618568173,0.6261627906976744,205.32093023255814,203.60281507413254,0.45,120,118,SoccerPenalty/v_SoccerPenalty_g10_c03.avi
2.284450212563778,4.6892422613643,67.90445953691112,0.611046511627907,211.34883720930233,214.51154722764167,0.44651162790697674,141,139,SoccerPenalty/v_SoccerPenalty_g10_c04.avi
0.618706391527187,0.7210459431276547,8.0,0.6396802325581395,212.0186046511628,188.83417021268548,0.3872093023255814,132,130,SoccerPenalty/v_SoccerPenalty_g10_c05.avi
0.6485844390055041,1.4635998022011247,25.0,0.8670058139534884,350.2139534883721,287.69662767008936,0.10465116279069768,116,114,SoccerPenalty/v_SoccerPenalty_g11_c01.avi
0.2688437552172727,0.8864466282130075,17.52007776809224,0.9699127906976744,297.07906976744187,305.4531186638307,0.34418604651162793,139,137,SoccerPenalty/v_SoccerPenalty_g11_c02.avi
0.21619991671293237,0.8441218827811925,15.502015997927495,0.9752906976744186,228.65116279069767,250.59843572340992,0.45872093023255817,98,96,SoccerPenalty/v_SoccerPenalty_g11_c03.avi
2.1939634414991094,3.0871344846835487,16.280740155164935,0.5308139534883721,191.8139534883721,129.52565622012364,0.3808139534883721,78,76,SoccerPenalty/v_SoccerPenalty_g11_c04.avi
1.7587017263415783,3.57002413771501,68.4470598345904,0.6680232558139535,206.9953488372093,149.79612494365173,0.33895348837209305,106,104,SoccerPenalty/v_SoccerPenalty_g11_c05.avi
4.471135384736808,11.33827128280149,283.0017667789373,0.6140988372093024,219.27441860465117,216.45566503787225,0.4145348837209302,82,80,SoccerPenalty/v_SoccerPenalty_g12_c01.avi
1.0724486934916884,1.2534759312779353,7.566372975210778,0.5715116279069767,289.3767441860465,211.59654988747664,0.10988372093023256,95,93,SoccerPenalty/v_SoccerPenalty_g12_c02.avi
1.2562340007736807,2.3387803416134645,39.0,0.7366279069767442,264.706976744186,197.41912137938604,0.1755813953488372,61,59,SoccerPenalty/v_SoccerPenalty_g12_c03.avi
1.1261895397305346,1.4154743298450747,8.5,0.5700581395348837,351.7767441860465,454.4020414491122,0.1755813953488372,77,75,SoccerPenalty/v_SoccerPenalty_g12_c04.avi
1.037880921795837,2.068782660184293,20.524375751773793,0.640843023255814,279.66511627906976,253.64886815834552,0.2534883720930233,76,74,SoccerPenalty/v_SoccerPenalty_g12_c05.avi
5.292971152079993,14.265096157212824,172.5,0.6324127906976744,263.0325581395349,422.65089652728335,0.3447674418604651,46,44,SoccerPenalty/v_SoccerPenalty_g12_c06.avi
2.4945224068371856,6.302111108105704,87.96590248499699,0.445203488372093,282.1209302325581,227.46809493440648,0.1755813953488372,66,64,SoccerPenalty/v_SoccerPenalty_g12_c07.avi
2.2019571957156994,5.081299572710252,30.39145644749524,0.6915697674418605,380.13023255813954,330.90880043037765,0.16046511627906976,99,97,SoccerPenalty/v_SoccerPenalty_g13_c01.avi
6.066391180696614,7.5120117574795175,27.751126103277322,0.3691860465116279,396.6511627906977,327.91255809203443,0.10465116279069768,88,86,SoccerPenalty/v_SoccerPenalty_g13_c02.avi
1.2592739694528992,1.8893565825105065,8.024376922852017,0.7319767441860465,442.1953488372093,387.7333283738387,0.22790697674418606,80,78,SoccerPenalty/v_SoccerPenalty_g13_c03.avi
0.7633672116824591,1.045193510991551,12.75,0.6924418604651162,392.52093023255816,345.43221093670905,0.17965116279069768,78,76,SoccerPenalty/v_SoccerPenalty_g13_c04.avi
1.0059918328611672,1.8527259486868422,21.751436734156208,0.7549418604651162,368.52093023255816,352.0046884982017,0.27209302325581397,103,101,SoccerPenalty/v_SoccerPenalty_g13_c05.avi
0.4759760450293728,0.8596532279301664,11.067971810589327,0.8745639534883721,392.1860465116279,356.04227968259505,0.22093023255813954,77,75,SoccerPenalty/v_SoccerPenalty_g13_c06.avi
0.1619888442508936,1.1089750480584162,85.32914214967826,0.9725290697674419,198.1767441860465,163.1538763442164,0.40348837209302324,141,139,SoccerPenalty/v_SoccerPenalty_g14_c01.avi
0.5184923843830535,0.764573253984776,14.985409570645709,0.7662790697674419,234.2325581395349,190.48101134799134,0.29011627906976745,136,134,SoccerPenalty/v_SoccerPenalty_g14_c02.avi
0.7460239517246234,0.8463221713202916,13.138683343470912,0.6712209302325581,333.4697674418605,274.12059435362227,0.11744186046511627,88,86,SoccerPenalty/v_SoccerPenalty_g14_c03.avi
0.25107814141007706,0.6450809729588242,17.986540106424027,0.9729651162790698,272.63255813953486,244.88829890374004,0.2575581395348837,87,85,SoccerPenalty/v_SoccerPenalty_g14_c04.avi
0.5313096159734506,0.7444121839932718,9.89002022242624,0.6822674418604651,235.12558139534883,230.85857554730723,0.3784883720930233,118,116,SoccerPenalty/v_SoccerPenalty_g14_c05.avi
0.41831690552239514,0.6260181184098614,10.201102881551583,0.8258720930232558,227.08837209302325,206.00109867544265,0.35523255813953486,134,132,SoccerPenalty/v_SoccerPenalty_g14_c06.avi
1.8696212485062154,2.6265229764843747,32.01562118716424,0.5072674418604651,540.8744186046512,391.23082825040666,0.08372093023255814,101,99,SoccerPenalty/v_SoccerPenalty_g15_c01.avi
1.5329311078725374,4.580814481874799,95.5,0.5811046511627908,482.15813953488373,389.1990500672925,0.1569767441860465,103,101,SoccerPenalty/v_SoccerPenalty_g15_c02.avi
0.6747028849756771,0.7172171087643793,7.75,0.6074127906976744,468.98604651162793,382.19439202279284,0.1511627906976744,111,109,SoccerPenalty/v_SoccerPenalty_g15_c03.avi
1.614192992518455,3.1445517849764384,42.190046219457976,0.5883720930232558,461.73023255813956,362.82660573637446,0.08662790697674419,80,78,SoccerPenalty/v_SoccerPenalty_g15_c04.avi
1.8294292999886936,3.2892903746706548,20.524375751773793,0.5872093023255814,469.2093023255814,368.30274188622144,0.0941860465116279,79,77,SoccerPenalty/v_SoccerPenalty_g15_c05.avi
1.297243464034863,2.0819896116766032,29.274562336608895,0.6058139534883721,483.3860465116279,376.40610774114043,0.10174418604651163,77,75,SoccerPenalty/v_SoccerPenalty_g15_c06.avi
3.1168399064855126,4.161316432955829,43.983661739332256,0.5321220930232559,471.21860465116276,373.5560150741157,0.11162790697674418,87,85,SoccerPenalty/v_SoccerPenalty_g15_c07.avi
0.4500683181234529,0.9249819838022445,16.194134740701646,0.8305232558139535,365.95348837209303,371.8327927222735,0.35755813953488375,135,133,SoccerPenalty/v_SoccerPenalty_g16_c01.avi
0.711820180677915,1.2198425644827475,20.643552262147132,0.7257267441860465,331.90697674418607,497.5650390560614,0.4627906976744186,90,88,SoccerPenalty/v_SoccerPenalty_g16_c02.avi
0.3072243778534703,0.9166276260883489,36.013886210738214,0.8793604651162791,376.0,374.76690429937855,0.34011627906976744,129,127,SoccerPenalty/v_SoccerPenalty_g16_c03.avi
1.7559703437689516,2.292955042029622,34.68721846732597,0.5155523255813953,312.5953488372093,358.11010256590373,0.47732558139534886,91,89,SoccerPenalty/v_SoccerPenalty_g16_c04.avi
0.8765171810015955,1.7799821499339352,18.875,0.7867732558139535,369.74883720930234,333.75360942014316,0.2005813953488372,115,113,SoccerPenalty/v_SoccerPenalty_g16_c05.avi
4.278222051718481,12.756584779936256,95.08417323613851,0.7097383720930233,514.306976744186,855.0590126228739,0.2755813953488372,102,100,SoccerPenalty/v_SoccerPenalty_g17_c01.avi
0.5377340944765842,0.6757820900055961,11.0,0.6751453488372093,409.153488372093,497.6173272187137,0.2372093023255814,95,93,SoccerPenalty/v_SoccerPenalty_g17_c02.avi
0.20073630219973387,0.3983730934340325,6.394577781214331,0.9367732558139535,349.54418604651164,363.75621359822054,0.3755813953488372,99,97,SoccerPenalty/v_SoccerPenalty_g17_c03.avi
0.41090718527010434,0.8349540103128952,10.0,0.7944767441860465,271.4046511627907,462.74306395037473,0.5034883720930232,85,83,SoccerPenalty/v_SoccerPenalty_g17_c04.avi
0.10058745842604075,0.7936900758250688,27.459060435491963,0.9822674418604651,457.04186046511626,498.4692783948831,0.13430232558139535,72,70,SoccerPenalty/v_SoccerPenalty_g18_c01.avi
0.13370949470568447,0.883987350092968,15.004686767806918,0.9760174418604651,345.07906976744187,331.64266042396923,0.2686046511627907,124,122,SoccerPenalty/v_SoccerPenalty_g18_c02.avi
0.0989660426347043,0.47964183056940535,9.5524865872714,0.9713662790697675,415.4046511627907,351.55270070604706,0.14418604651162792,81,79,SoccerPenalty/v_SoccerPenalty_g18_c03.avi
0.07431157788377674,0.49643638363548104,16.757461024868892,0.9864825581395349,487.1813953488372,604.9536285345537,0.12151162790697674,74,72,SoccerPenalty/v_SoccerPenalty_g18_c04.avi
0.23108561693559665,0.7240133127470996,30.0,0.9530523255813953,378.6790697674419,342.6725663099692,0.20755813953488372,92,90,SoccerPenalty/v_SoccerPenalty_g18_c05.avi
0.08498213982460813,0.7792503839657897,50.00999900019995,0.9815406976744186,387.8325581395349,371.17444010394786,0.2924418604651163,94,92,SoccerPenalty/v_SoccerPenalty_g19_c01.avi
0.16177090644590272,0.43232745347172363,7.7479836086558675,0.9722383720930232,338.6046511627907,356.85331098332557,0.38372093023255816,98,96,SoccerPenalty/v_SoccerPenalty_g19_c02.avi
0.6999665678396453,6.531378623534615,126.38087276166438,0.9135174418604651,404.9116279069767,366.03680918555887,0.22674418604651161,85,83,SoccerPenalty/v_SoccerPenalty_g19_c03.avi
0.17855598187126065,0.716966652410965,19.28770657698836,0.9696220930232559,423.4418604651163,517.8428109497636,0.313953488372093,91,89,SoccerPenalty/v_SoccerPenalty_g19_c04.avi
1.9040886553223764,3.1638483672235447,14.824494089175522,0.6703488372093023,363.9441860465116,312.2564191548466,0.14244186046511628,139,137,SoccerPenalty/v_SoccerPenalty_g20_c01.avi
0.9163691992143045,1.4952124888479617,11.704699910719626,0.7691860465116279,537.7488372093023,774.0068818791744,0.12558139534883722,71,69,SoccerPenalty/v_SoccerPenalty_g20_c02.avi
1.695004758608327,4.208595263693793,53.009433122794285,0.7459302325581395,370.30697674418604,345.4003389363878,0.24186046511627907,184,181,SoccerPenalty/v_SoccerPenalty_g20_c03.avi
1.8243317250908466,2.1853249326662776,32.01562118716424,0.4399709302325581,380.4651162790698,320.81664319447003,0.12383720930232558,87,85,SoccerPenalty/v_SoccerPenalty_g20_c04.avi
3.551640238865386,6.31983121488244,193.06475597581243,0.639389534883721,324.42790697674417,317.67252871513836,0.2877906976744186,124,122,SoccerPenalty/v_SoccerPenalty_g20_c05.avi
2.4647884299003167,3.9910009201535823,42.71197138976378,0.7171511627906977,337.04186046511626,362.9847752797777,0.4127906976744186,124,122,SoccerPenalty/v_SoccerPenalty_g21_c01.avi
0.9363340829134387,1.4790805844970984,19.1049731745428,0.7306686046511628,370.4186046511628,375.65361534748257,0.3598837209302326,73,71,SoccerPenalty/v_SoccerPenalty_g21_c02.avi
0.8932370893458308,1.3219566761150412,19.60229578391266,0.672093023255814,357.13488372093025,370.84739598480047,0.3802325581395349,97,95,SoccerPenalty/v_SoccerPenalty_g21_c03.avi
1.3238673506237237,1.9113448550964545,52.27152666605405,0.5030523255813953,357.24651162790695,373.6669947332083,0.39127906976744187,71,69,SoccerPenalty/v_SoccerPenalty_g21_c04.avi
2.5905817756117155,5.036557017883517,77.0,0.5052325581395349,312.706976744186,345.8840008504995,0.43023255813953487,83,81,SoccerPenalty/v_SoccerPenalty_g21_c05.avi
1.8955325739304616,3.5849269158900863,43.174066289845804,0.4796511627906977,188.8,136.65353236187033,0.40581395348837207,64,62,SoccerPenalty/v_SoccerPenalty_g22_c01.avi
1.7843118356147278,2.365918393612272,16.07210316044543,0.5515988372093024,350.66046511627906,660.1574379309814,0.23255813953488372,72,70,SoccerPenalty/v_SoccerPenalty_g22_c02.avi
2.0132149943643403,3.193582033399769,31.38470965295043,0.5135174418604651,205.2093023255814,118.45057023030891,0.30174418604651165,78,76,SoccerPenalty/v_SoccerPenalty_g22_c03.avi
1.231372641635193,7.858055149839975,137.0,0.9431686046511628,289.2651162790698,419.48686199662694,0.22674418604651161,102,100,SoccerPenalty/v_SoccerPenalty_g22_c04.avi
0.7843769166059423,1.2098027795828756,9.519716382329886,0.7046511627906977,296.8558139534884,419.12264137446635,0.19651162790697674,91,89,SoccerPenalty/v_SoccerPenalty_g22_c05.avi
0.8908476217075685,3.8274410196741138,112.75,0.8098837209302325,463.4046511627907,391.04955848034024,0.19883720930232557,78,76,SoccerPenalty/v_SoccerPenalty_g23_c01.avi
0.06874465115542559,0.5323883235076501,16.507574019219177,0.9857558139534883,502.5860465116279,511.22216605025466,0.125,106,104,SoccerPenalty/v_SoccerPenalty_g23_c02.avi
0.16949994156599904,1.3018397587470094,28.251106173033296,0.9754360465116279,413.6186046511628,360.6534426570452,0.18372093023255814,85,83,SoccerPenalty/v_SoccerPenalty_g23_c03.avi
0.0511575898938084,0.2510408880038176,5.625,0.9870639534883721,417.74883720930234,364.24442622163986,0.1877906976744186,90,88,SoccerPenalty/v_SoccerPenalty_g23_c04.avi
0.08244936884788581,0.4676070109534975,8.514693182963201,0.9771802325581396,416.1860465116279,362.99114319478696,0.1866279069767442,97,95,SoccerPenalty/v_SoccerPenalty_g23_c05.avi
0.08951202323154671,0.657228608345093,30.01666203960727,0.9819767441860465,483.4976744186047,504.3258901573106,0.11744186046511627,105,103,SoccerPenalty/v_SoccerPenalty_g23_c06.avi
3.4612670038355704,7.480940505340102,101.00030940546668,0.7438953488372093,330.90232558139536,334.71324032730706,0.3261627906976744,83,81,SoccerPenalty/v_SoccerPenalty_g24_c01.avi
1.9631516677164613,2.6855634435241407,69.8751118067084,0.45828488372093024,359.5906976744186,361.9130306771667,0.3372093023255814,92,90,SoccerPenalty/v_SoccerPenalty_g24_c02.avi
0.2883176823652186,0.40620662086192116,4.123105625617661,0.9081395348837209,346.86511627906975,348.931839071773,0.3267441860465116,117,115,SoccerPenalty/v_SoccerPenalty_g24_c03.avi
2.1382843692352727,5.643250725092324,81.78630692236935,0.545639534883721,378.7906976744186,502.8214606685116,0.34651162790697676,76,74,SoccerPenalty/v_SoccerPenalty_g24_c04.avi
1.2604068940835493,2.782496373957212,78.00640999302557,0.7126453488372093,317.6186046511628,340.5411611605338,0.3930232558139535,88,86,SoccerPenalty/v_SoccerPenalty_g24_c05.avi
1.2761413375950776,2.402326022364792,47.38143096192854,0.6975290697674419,362.6046511627907,370.2106339190418,0.36104651162790696,95,93,SoccerPenalty/v_SoccerPenalty_g24_c06.avi
1.3363328155648062,1.8356765341083467,13.892443989449804,0.6329941860465116,355.46046511627907,322.98872767394664,0.2052325581395349,65,63,SoccerPenalty/v_SoccerPenalty_g25_c01.avi
2.9977435637328083,3.8434690653537302,16.012202378186455,0.4443313953488372,380.13023255813954,342.3687414652571,0.20232558139534884,111,109,SoccerPenalty/v_SoccerPenalty_g25_c02.avi
2.8207047239209353,4.4898423538728345,63.0317380372777,0.5004360465116279,573.4697674418604,929.2966871817216,0.3372093023255814,99,97,SoccerPenalty/v_SoccerPenalty_g25_c03.avi
2.0745108226351805,1.8298078383817322,8.696263565463044,0.4126453488372093,341.84186046511627,329.549309034188,0.27151162790697675,88,86,SoccerPenalty/v_SoccerPenalty_g25_c04.avi
2.950870281938709,5.2947862108044035,166.7117647318269,0.5212209302325581,414.4,355.30934834768397,0.16104651162790698,208,205,StillRings/v_StillRings_g08_c01.avi
2.3999816459162058,6.556117915488891,196.75428839036775,0.6590116279069768,350.66046511627906,335.56648538167747,0.2651162790697674,142,140,StillRings/v_StillRings_g08_c02.avi
1.939364097527121,2.0832612541834785,16.5,0.4377906976744186,379.7953488372093,335.63151856975,0.17848837209302326,198,195,StillRings/v_StillRings_g08_c03.avi
1.8474869335427975,3.6801075964402186,73.99366526939993,0.6649709302325582,476.9116279069767,642.2212518878674,0.39127906976744187,135,133,StillRings/v_StillRings_g08_c04.avi
1.26631706527781,1.7143620923803837,15.875,0.5892441860465116,327.66511627906976,323.35111514705955,0.29651162790697677,149,147,StillRings/v_StillRings_g09_c01.avi
1.0712239290924301,1.8416182262534342,29.0,0.6755813953488372,338.49302325581397,659.6633099615776,0.2680232558139535,120,118,StillRings/v_StillRings_g09_c02.avi
1.794683829016224,2.048614117214705,19.6468827043885,0.45741279069767443,264.3720930232558,207.12843148196097,0.19825581395348837,108,106,StillRings/v_StillRings_g09_c03.avi
2.1851041894596386,6.035438952658214,124.0,0.6588662790697675,276.09302325581393,323.4436663472671,0.48604651162790696,121,119,StillRings/v_StillRings_g09_c04.avi
13.899217628636464,22.74296693698263,306.0016339825655,0.17122093023255813,246.28837209302327,175.83684457844265,0.20872093023255814,138,136,StillRings/v_StillRings_g10_c01.avi
3.584421771642864,4.619987822272216,47.16990566028302,0.32906976744186045,309.69302325581396,446.5635179151118,0.27848837209302324,102,100,StillRings/v_StillRings_g10_c02.avi
6.666022623583725,18.97087044041586,126.64498855067262,0.3816860465116279,273.07906976744187,261.61521234318013,0.30174418604651165,123,121,StillRings/v_StillRings_g10_c03.avi
0.7633942537229788,0.5904789933438876,8.667467911679857,0.665406976744186,303.7767441860465,249.54407993631136,0.1511627906976744,159,157,StillRings/v_StillRings_g10_c04.avi
4.071389057684987,5.0446211881951415,16.29800601300662,0.48284883720930233,285.13488372093025,252.69754959995888,0.22965116279069767,110,108,StillRings/v_StillRings_g10_c05.avi
16.02538600570751,22.300246126357578,187.72320048411703,0.3875,283.3488372093023,305.6928754919795,0.39709302325581397,163,160,StillRings/v_StillRings_g10_c06.avi
8.36208264489309,18.781119625341887,339.0487612423912,0.37267441860465117,233.0046511627907,220.1500439219393,0.3616279069767442,162,160,StillRings/v_StillRings_g11_c01.avi
2.311592195979787,1.7856079148542088,13.5,0.3193313953488372,249.1906976744186,201.7347923019097,0.24941860465116278,398,394,StillRings/v_StillRings_g11_c02.avi
4.05301751252752,6.1570277801303135,47.875,0.5223837209302326,253.43255813953488,195.46779633761628,0.2180232558139535,136,134,StillRings/v_StillRings_g11_c03.avi
5.49624103109536,7.3893715933151025,34.0,0.44898255813953486,244.94883720930233,178.90018572415255,0.22034883720930232,96,94,StillRings/v_StillRings_g11_c04.avi
0.67200709915791,2.5021635495876082,53.875580043281204,0.8584302325581395,877.7674418604652,1202.7185647177446,0.21046511627906977,218,215,StillRings/v_StillRings_g12_c01.avi
4.340861588186449,6.427456093870409,92.04890004774636,0.4770348837209302,263.0325581395349,211.88349993479605,0.21453488372093024,259,256,StillRings/v_StillRings_g12_c02.avi
0.07376068714913217,0.3810449608564303,9.173671565954386,0.9872093023255814,519.7767441860465,786.3476634614362,0.2517441860465116,169,166,StillRings/v_StillRings_g12_c03.avi
1.0750336032504635,3.4335225362547916,63.12685640834652,0.8082848837209302,422.10232558139535,369.9197257283852,0.2,139,137,StillRings/v_StillRings_g12_c04.avi
0.12534934986877388,0.6930839725158892,14.763235587092689,0.9738372093023255,362.04651162790697,351.5180337752625,0.2895348837209302,338,334,StillRings/v_StillRings_g13_c01.avi
2.3003128329639857,4.471584298589992,177.0,0.5010174418604652,329.1162790697674,304.83157448787904,0.22848837209302325,227,224,StillRings/v_StillRings_g13_c02.avi
0.08340262236894964,0.3828725932214553,8.54400374531753,0.9767441860465116,444.53953488372093,610.1932953903365,0.23662790697674418,189,186,StillRings/v_StillRings_g13_c03.avi
2.5863446387131237,6.436623240412242,33.83784863137726,0.8367732558139535,235.7953488372093,174.57401968924157,0.2517441860465116,141,139,StillRings/v_StillRings_g13_c04.avi
1.6032090153881955,4.6139079469994835,129.79069689311325,0.7059593023255814,367.06976744186045,385.37625198968914,0.40988372093023256,158,156,StillRings/v_StillRings_g14_c01.avi
5.195341455886452,10.005016529428193,248.58197842965205,0.6537790697674418,313.04186046511626,356.11854978857167,0.4680232558139535,169,166,StillRings/v_StillRings_g14_c02.avi
1.2757253949146328,4.001483896293119,61.95562928419015,0.7760174418604651,203.9813953488372,144.9085024160819,0.3453488372093023,140,138,StillRings/v_StillRings_g14_c03.avi
5.51938845810214,18.281571199083093,346.09834223815636,0.7390988372093024,363.8325581395349,323.7848982508548,0.18255813953488373,140,138,StillRings/v_StillRings_g14_c04.avi
6.832784328326359,12.139083151303632,214.0023364358436,0.6097383720930233,270.6232558139535,307.0542447624018,0.4517441860465116,167,164,StillRings/v_StillRings_g15_c01.avi
1.3138580492018808,1.9489257184544624,35.625,0.6296511627906977,280.2232558139535,222.7772825013852,0.17151162790697674,176,173,StillRings/v_StillRings_g15_c02.avi
1.5464501330305354,5.493203672719068,192.89893727027115,0.6398255813953488,291.27441860465115,290.07417503116477,0.31627906976744186,104,102,StillRings/v_StillRings_g15_c03.avi
3.945166718561518,12.347605246746014,127.09838708654017,0.7879360465116279,451.90697674418607,532.1804124041714,0.33313953488372094,84,82,StillRings/v_StillRings_g15_c04.avi
0.22571912363279956,0.8575252056026591,29.567718883945037,0.9356104651162791,337.6,358.5518781185305,0.3936046511627907,108,106,StillRings/v_StillRings_g16_c01.avi
4.8716046380088605,7.402051113900188,52.67619244022863,0.5436046511627907,333.3581395348837,290.87994345350694,0.1691860465116279,196,193,StillRings/v_StillRings_g16_c02.avi
0.5613491735143805,1.098204684844008,22.081171277810423,0.8065406976744186,257.89767441860465,218.26812771448562,0.2505813953488372,181,178,StillRings/v_StillRings_g16_c03.avi
1.553201695577361,4.7952735039405185,83.67795408588812,0.8100290697674418,434.04651162790697,631.4842594472896,0.4029069767441861,223,220,StillRings/v_StillRings_g16_c04.avi
0.5290973320081277,0.9005888534086874,13.64047286570374,0.7883720930232558,348.98604651162793,357.51180795682257,0.35290697674418603,215,212,StillRings/v_StillRings_g17_c01.avi
3.3531148352557625,6.01357935155351,240.03333101883996,0.5161337209302326,350.54883720930235,294.10831130336607,0.12383720930232558,131,129,StillRings/v_StillRings_g17_c02.avi
0.6811269201965218,1.215502001510744,14.426538046253508,0.8065406976744186,339.0511627906977,348.114164895618,0.3488372093023256,133,131,StillRings/v_StillRings_g17_c03.avi
1.3158117474810445,1.9099969848810845,17.878059178781125,0.6655523255813953,354.1209302325581,291.0274410126827,0.10290697674418604,208,205,StillRings/v_StillRings_g17_c04.avi
4.316595613277775,5.070597945159934,281.3294332273109,0.3507267441860465,256.0,165.63113964048142,0.14883720930232558,214,211,StillRings/v_StillRings_g18_c01.avi
1.4724591143909695,2.670241632089402,52.51487884400001,0.5747093023255814,256.11162790697676,219.06046017852924,0.25988372093023254,194,191,StillRings/v_StillRings_g18_c02.avi
0.8520308531381925,1.6455168632524793,18.66815470259447,0.7473837209302325,229.54418604651164,152.44755606410644,0.24011627906976743,148,146,StillRings/v_StillRings_g18_c03.avi
0.6035056197428476,2.4395564127360037,53.75523230346977,0.8681686046511627,278.10232558139535,434.7621950833139,0.34069767441860466,190,187,StillRings/v_StillRings_g18_c04.avi
3.9384436534497276,10.183031379089725,168.8579284487406,0.5758720930232558,229.43255813953488,178.40626191029497,0.2872093023255814,196,193,StillRings/v_StillRings_g19_c01.avi
4.470806730089208,14.238689472631675,335.1127142470127,0.807703488372093,331.01395348837207,373.97474705280183,0.47674418604651164,129,127,StillRings/v_StillRings_g19_c02.avi
0.8738989247269058,1.3275198781635238,16.5,0.7859011627906977,247.51627906976745,189.3383054773608,0.2302325581395349,131,129,StillRings/v_StillRings_g19_c03.avi
3.2530286724796076,5.776679851791626,30.886890422961002,0.7199127906976744,264.706976744186,231.4053781161805,0.25465116279069766,180,177,StillRings/v_StillRings_g19_c04.avi
0.3464002270912725,2.2146604089900235,170.07351351694948,0.8988372093023256,616.1116279069768,1036.6777645629381,0.2709302325581395,189,186,StillRings/v_StillRings_g20_c01.avi
1.9497414769140733,3.5706624153703106,15.876476309307428,0.7745639534883721,247.62790697674419,206.6104100639221,0.2668604651162791,213,210,StillRings/v_StillRings_g20_c02.avi
1.3931107987673523,3.4935625790146525,54.25057603380816,0.8123546511627907,306.7906976744186,438.3321750994561,0.24941860465116278,149,147,StillRings/v_StillRings_g20_c03.avi
0.24568207162331288,0.8704387258715175,17.08800749063506,0.9356104651162791,250.30697674418604,205.4535509044125,0.25290697674418605,170,167,StillRings/v_StillRings_g20_c04.avi
1.183536779337659,1.0356623162180378,14.2587692315992,0.5175872093023256,224.74418604651163,143.02318774814034,0.24651162790697675,201,198,StillRings/v_StillRings_g21_c01.avi
1.1004812402614903,1.0139241333144293,13.509256086106296,0.4138081395348837,239.14418604651163,213.04615211571928,0.31802325581395346,281,278,StillRings/v_StillRings_g21_c02.avi
3.8604947863537387,4.0088774658889665,131.04197800704932,0.1688953488372093,244.50232558139535,205.83626083288004,0.27848837209302324,277,274,StillRings/v_StillRings_g21_c03.avi
12.994601198256076,22.02379808492705,171.618763542918,0.40508720930232556,246.1767441860465,235.31035699758286,0.34186046511627904,162,160,StillRings/v_StillRings_g21_c04.avi
5.263680951156275,4.982526613712481,24.50765186630494,0.4127906976744186,188.13023255813954,175.25567175227528,0.4744186046511628,1777,1764,StillRings/v_StillRings_g21_c05.avi
3.302903349896113,2.6253810927234764,17.240939649566666,0.33924418604651163,263.92558139534884,217.44356989752134,0.2238372093023256,355,351,StillRings/v_StillRings_g21_c06.avi
3.022559753333441,5.380053321661806,22.847319317591726,0.46744186046511627,251.646511627907,198.48305105877097,0.23197674418604652,396,392,StillRings/v_StillRings_g21_c07.avi
0.2070237731582487,0.6455811799948951,9.192388155425117,0.9620639534883721,285.0232558139535,426.33677529717636,0.2744186046511628,220,217,StillRings/v_StillRings_g22_c01.avi
0.1523528390701096,0.817455485462151,14.916433890176299,0.9633720930232558,192.59534883720931,160.40025220865223,0.4255813953488372,273,270,StillRings/v_StillRings_g22_c02.avi
0.14990608876713243,1.0171273564173926,17.029386365926403,0.9744186046511628,708.7627906976744,1324.2351559987032,0.4046511627906977,128,126,StillRings/v_StillRings_g22_c03.avi
0.15757425080529652,1.180424732988339,62.80127387243033,0.9729651162790698,203.53488372093022,192.08759494554357,0.43372093023255814,273,270,StillRings/v_StillRings_g22_c04.avi
1.272834803934442,3.933884764206491,117.9682160583943,0.8254360465116279,256.0,238.7689356913139,0.30930232558139537,243,240,StillRings/v_StillRings_g23_c01.avi
0.49857529963226205,1.81035635961384,61.98386886924694,0.9004360465116279,382.13953488372096,574.6517481856355,0.16162790697674417,252,249,StillRings/v_StillRings_g23_c02.avi
0.6038566346895013,4.270220171319483,104.18763122367261,0.9274709302325581,257.7860465116279,258.7510805113,0.3558139534883721,237,234,StillRings/v_StillRings_g23_c03.avi
1.841019310406146,4.03320595541548,73.80125337689056,0.7498546511627907,224.07441860465116,218.0525945655199,0.39651162790697675,152,150,StillRings/v_StillRings_g23_c04.avi
2.380538911557209,4.3144309027430925,147.36349615830918,0.6005813953488373,245.6186046511628,199.01446395468164,0.25872093023255816,132,130,StillRings/v_StillRings_g24_c01.avi
3.8687345336140844,5.870393708023413,20.662844068520673,0.6630813953488373,749.7302325581395,1216.2827936801011,0.14709302325581394,133,131,StillRings/v_StillRings_g24_c02.avi
13.725978854827556,29.509975501434862,207.04105872990507,0.553343023255814,197.73023255813953,192.19965822257893,0.46162790697674416,83,81,StillRings/v_StillRings_g24_c03.avi
5.228303300329409,26.616369169591916,259.724854413281,0.8183139534883721,337.3767441860465,464.38656954179356,0.27151162790697675,186,183,StillRings/v_StillRings_g24_c04.avi
2.6901422048818167,5.503700931525658,41.66027034237776,0.6347383720930233,388.5023255813953,480.5317681768291,0.2005813953488372,133,131,StillRings/v_StillRings_g25_c01.avi
0.8865317904572644,1.1604882928416773,14.0,0.6401162790697674,407.70232558139537,359.41480181265985,0.1936046511627907,189,186,StillRings/v_StillRings_g25_c02.avi
5.001287967815212,22.798053679345742,306.00653587791226,0.7635174418604651,335.5906976744186,310.95277426072835,0.22732558139534884,142,140,StillRings/v_StillRings_g25_c03.avi
2.4805903650007473,4.133645079215209,23.42307889667795,0.6739825581395349,516.2046511627907,780.3191445942022,0.2052325581395349,135,133,StillRings/v_StillRings_g25_c04.avi
4.806852132959966,8.833162866777402,93.26306878931231,0.5949127906976744,333.9162790697674,299.2676525696133,0.1941860465116279,127,125,StillRings/v_StillRings_g25_c05.avi
1.8644690478595616,11.3294742957719,174.26416728633572,0.8671511627906977,256.5581395348837,248.23032274769008,0.3319767441860465,165,162,StillRings/v_StillRings_g25_c06.avi
0.4967125303656785,0.898381766332603,8.667467911679857,0.8013081395348837,398.10232558139535,372.23364598581634,0.2691860465116279,156,154,StillRings/v_StillRings_g25_c07.avi
0.5771599478029967,2.189361447046794,79.1012010022604,0.8014534883720931,307.57209302325583,306.8755723344875,0.31046511627906975,146,144,SumoWrestling/v_SumoWrestling_g08_c01.avi
0.7867435371126951,4.394439308294327,139.2300254973761,0.8502906976744186,380.68837209302325,332.476389236402,0.16453488372093023,177,174,SumoWrestling/v_SumoWrestling_g08_c02.avi
0.8135779849116269,2.7017651290076623,68.11754546370561,0.8385174418604651,302.54883720930235,303.6457792277607,0.31802325581395346,93,91,SumoWrestling/v_SumoWrestling_g08_c03.avi
0.7138706071459892,3.558754972959104,153.0,0.8713662790697675,290.26976744186044,273.8164752334093,0.2703488372093023,62,60,SumoWrestling/v_SumoWrestling_g08_c04.avi
0.4080161666188422,1.062929293746489,15.967251642032826,0.8707848837209302,304.446511627907,321.29381709960734,0.37093023255813956,253,250,SumoWrestling/v_SumoWrestling_g08_c05.avi
3.041425061044554,9.467450969335465,160.5007788143098,0.679796511627907,218.71627906976744,205.43550669105497,0.3918604651162791,246,243,SumoWrestling/v_SumoWrestling_g08_c06.avi
1.1404753743707396,3.3820796043633323,150.47923444781344,0.7395348837209302,207.33023255813953,195.620510094707,0.4232558139534884,246,243,SumoWrestling/v_SumoWrestling_g08_c07.avi
2.486522171009248,3.577298289585659,33.0,0.5412790697674419,290.6046511627907,306.1841777036186,0.37093023255813956,244,241,SumoWrestling/v_SumoWrestling_g09_c01.avi
2.289509398364533,3.3047748753021557,107.05606008068857,0.640406976744186,266.26976744186044,411.04081364426725,0.27906976744186046,152,150,SumoWrestling/v_SumoWrestling_g09_c02.avi
2.1461244432276856,2.1277774857764538,18.301724645508138,0.2924418604651163,258.34418604651165,174.3769044104733,0.15523255813953488,127,125,SumoWrestling/v_SumoWrestling_g09_c03.avi
0.9907011423573043,1.2903787739469612,13.831576193623054,0.6947674418604651,386.8279069767442,321.7242545494304,0.10930232558139535,175,172,SumoWrestling/v_SumoWrestling_g09_c04.avi
1.0038843528236505,2.7589465497614714,48.010415536631214,0.6684593023255814,379.2372093023256,381.40666755751437,0.3581395348837209,308,305,SumoWrestling/v_SumoWrestling_g10_c01.avi
1.3952412602232345,3.670553745438746,111.64816388996283,0.6800872093023256,344.29767441860463,332.0775263142084,0.27267441860465114,318,315,SumoWrestling/v_SumoWrestling_g10_c02.avi
2.564820204742315,6.0650701746637345,191.84629264074925,0.49375,325.3209302325581,311.0683231300619,0.2622093023255814,181,178,SumoWrestling/v_SumoWrestling_g10_c03.avi
2.6303811078732244,9.380599932461461,243.50051334648145,0.513953488372093,311.0325581395349,338.48465852420344,0.4087209302325581,267,264,SumoWrestling/v_SumoWrestling_g10_c04.avi
0.9798780339441289,1.5249595858410279,61.29437168288782,0.5380813953488373,285.13488372093025,236.93950840581888,0.1877906976744186,136,134,SumoWrestling/v_SumoWrestling_g11_c01.avi
1.5468082984008067,2.789387169489448,25.700194551792794,0.7941860465116279,282.7906976744186,250.444865411813,0.23255813953488372,258,255,SumoWrestling/v_SumoWrestling_g11_c02.avi
3.5175470455302533,4.875209218728642,90.91754506144565,0.4011627906976744,205.09767441860464,195.05148931234484,0.4325581395348837,258,255,SumoWrestling/v_SumoWrestling_g11_c03.avi
3.156776390950836,8.013950517533612,191.01047091717248,0.5434593023255814,228.31627906976743,204.55204026567998,0.34651162790697676,121,119,SumoWrestling/v_SumoWrestling_g11_c04.avi
0.3547890218890319,0.743848332822986,20.0,0.9521802325581395,453.3581395348837,372.5164920541809,0.14186046511627906,252,249,SumoWrestling/v_SumoWrestling_g12_c01.avi
1.5213197613999194,1.5632914480663382,24.193232524819827,0.3936046511627907,333.9162790697674,311.8923673396951,0.23604651162790696,244,241,SumoWrestling/v_SumoWrestling_g12_c02.avi
5.439297970702192,13.276817491347854,49.327983944207574,0.6991279069767442,378.45581395348836,345.3066539423989,0.2180232558139535,265,262,SumoWrestling/v_SumoWrestling_g12_c03.avi
2.693392197925378,3.676355205371439,66.21933252457322,0.5656976744186046,275.86976744186046,213.33947566423356,0.16627906976744186,262,259,SumoWrestling/v_SumoWrestling_g12_c04.avi
5.579088353296356,10.366079845085535,67.88317169961934,0.38648255813953486,311.25581395348837,265.24197754549425,0.1680232558139535,89,87,SumoWrestling/v_SumoWrestling_g12_c05.avi
1.3158427840901803,3.6950572798963184,116.59873766469343,0.5880813953488372,310.3627906976744,319.91068304621484,0.3447674418604651,108,106,SumoWrestling/v_SumoWrestling_g13_c01.avi
2.745506539278476,10.964511930630389,245.65219315121126,0.6007267441860465,356.353488372093,489.31133920427163,0.34011627906976744,122,120,SumoWrestling/v_SumoWrestling_g13_c02.avi
1.930819914725444,10.023136183260142,251.45377308761942,0.8017441860465117,301.4325581395349,324.6186941850179,0.3936046511627907,123,121,SumoWrestling/v_SumoWrestling_g13_c03.avi
2.561176448203529,10.505416525010242,336.7693015997747,0.42209302325581394,259.2372093023256,278.1770801446327,0.4063953488372093,129,127,SumoWrestling/v_SumoWrestling_g13_c04.avi
1.274346617574508,2.901658209990937,82.00609733428362,0.7164244186046511,407.70232558139537,385.8716797724415,0.3005813953488372,217,214,SumoWrestling/v_SumoWrestling_g13_c05.avi
0.408373401661005,2.9564510948353306,145.18888559390487,0.85,323.86976744186046,344.49059361032266,0.386046511627907,110,108,SumoWrestling/v_SumoWrestling_g14_c01.avi
0.4889932008619708,2.8832951021144266,46.54651571277919,0.9319767441860465,325.2093023255814,293.4009525942855,0.20465116279069767,127,125,SumoWrestling/v_SumoWrestling_g14_c02.avi
0.16659971050459266,0.7510178326819528,17.88854381999832,0.9488372093023256,388.9488372093023,355.12763795969744,0.22616279069767442,293,290,SumoWrestling/v_SumoWrestling_g14_c03.avi
0.17555070802048975,1.2809957877999363,59.852422674441506,0.965843023255814,332.353488372093,292.21073261479137,0.17674418604651163,113,111,SumoWrestling/v_SumoWrestling_g14_c04.avi
2.494000772454142,10.811432941105512,220.67580859713644,0.3992732558139535,182.43720930232558,137.84121134733397,0.438953488372093,262,259,SumoWrestling/v_SumoWrestling_g15_c01.avi
2.8543406568582506,10.81726114456396,226.07299706068392,0.515406976744186,238.69767441860466,192.05759006498133,0.2738372093023256,213,210,SumoWrestling/v_SumoWrestling_g15_c02.avi
2.334102206807449,11.751965433193424,241.6212169905615,0.6718023255813953,208.66976744186047,160.3368482288021,0.3488372093023256,267,264,SumoWrestling/v_SumoWrestling_g15_c03.avi
6.007423210635711,16.012004779386267,309.0582469373694,0.6321220930232558,148.05581395348838,181.87303685803838,0.6924418604651162,245,242,SumoWrestling/v_SumoWrestling_g15_c04.avi
0.5751677290743488,2.3029571401234135,116.06894502837527,0.8623546511627908,370.1953488372093,361.2385142318205,0.30290697674418604,199,196,SumoWrestling/v_SumoWrestling_g16_c01.avi
0.6858641561355909,1.088615676517571,19.418499555835925,0.7353197674418605,332.353488372093,300.88357583750144,0.20465116279069767,249,246,SumoWrestling/v_SumoWrestling_g16_c02.avi
1.205165916510601,2.0403782337575618,9.82344135219425,0.8093023255813954,349.8790697674419,313.5730830271225,0.19011627906976744,149,147,SumoWrestling/v_SumoWrestling_g16_c03.avi
4.117108507628207,4.862933815548966,174.07182425654074,0.14578488372093024,214.8093023255814,134.95989380820717,0.2796511627906977,277,274,SumoWrestling/v_SumoWrestling_g16_c04.avi
1.0991661688451348,2.537240895949823,20.63446752402397,0.7074127906976744,340.5023255813953,310.8974686952328,0.21104651162790697,113,111,SumoWrestling/v_SumoWrestling_g17_c01.avi
0.9911835685315811,3.634131965734619,104.625,0.7401162790697674,740.6883720930233,1223.0812369545913,0.22674418604651161,88,86,SumoWrestling/v_SumoWrestling_g17_c02.avi
0.42348475459868234,1.2046707479737593,16.15549442140351,0.8941860465116279,508.1674418604651,918.8667893739473,0.30290697674418604,155,153,SumoWrestling/v_SumoWrestling_g17_c03.avi
0.7134225421593846,2.112130021826419,40.70165844286937,0.8127906976744186,323.9813953488372,298.42962573164897,0.225,90,88,SumoWrestling/v_SumoWrestling_g17_c04.avi
0.3274097352944919,0.6119104558120128,11.662573686798297,0.9335755813953488,397.7674418604651,331.01203780606784,0.1127906976744186,248,245,SumoWrestling/v_SumoWrestling_g17_c05.avi
1.8631880270380785,2.1806680559483023,39.45883931389772,0.3686046511627907,248.85581395348837,147.97263307996025,0.14883720930232558,130,128,SumoWrestling/v_SumoWrestling_g18_c01.avi
3.3436793645732443,4.350189198332359,63.875,0.43866279069767444,249.52558139534884,158.762827488376,0.16395348837209303,77,75,SumoWrestling/v_SumoWrestling_g18_c02.avi
3.6787276664189332,4.995429879255867,80.375,0.31715116279069766,261.8046511627907,190.11697495072133,0.17209302325581396,173,170,SumoWrestling/v_SumoWrestling_g18_c03.avi
2.7291746733552644,4.31766941886489,50.0,0.5981104651162791,276.42790697674417,433.2392680808691,0.34011627906976744,203,200,SumoWrestling/v_SumoWrestling_g18_c04.avi
1.5811213918680889,1.4820573867652658,16.5,0.4359011627906977,276.7627906976744,200.40501899584163,0.13372093023255813,237,234,SumoWrestling/v_SumoWrestling_g18_c05.avi
4.290434571847142,9.76199226805319,172.246915792417,0.44534883720930235,227.75813953488372,153.24974939477693,0.24941860465116278,303,300,SumoWrestling/v_SumoWrestling_g18_c06.avi
1.8948506707470907,2.1768814457241135,29.614185789921695,0.34156976744186046,240.14883720930231,163.69675931513066,0.2127906976744186,113,111,SumoWrestling/v_SumoWrestling_g18_c07.avi
2.9884858124489533,8.35607991543593,51.419840528729765,0.7598837209302326,348.7627906976744,304.54824265432876,0.1633720930232558,103,101,SumoWrestling/v_SumoWrestling_g19_c01.avi
1.8915251039580174,2.237638902371147,28.160255680657446,0.4305232558139535,392.4093023255814,344.88644562896786,0.17790697674418604,233,230,SumoWrestling/v_SumoWrestling_g19_c02.avi
3.622649487226451,16.040570239683177,337.51814766024063,0.6018895348837209,345.4139534883721,309.3821160939794,0.19011627906976744,227,224,SumoWrestling/v_SumoWrestling_g19_c03.avi
1.3533513426120174,1.9995682014593699,18.01561822419647,0.5334302325581395,406.92093023255813,330.7852648205335,0.08837209302325581,202,199,SumoWrestling/v_SumoWrestling_g19_c04.avi
4.496031001562004,6.172551520949683,181.0,0.4247093023255814,239.5906976744186,262.47590349109527,0.4436046511627907,327,323,SumoWrestling/v_SumoWrestling_g19_c05.avi
0.7862012423725359,1.055599977684364,13.92838827718412,0.651453488372093,715.5720930232558,1174.008645886626,0.15988372093023256,230,227,SumoWrestling/v_SumoWrestling_g20_c01.avi
1.0922067811357894,1.6604969544562376,20.09975124224178,0.5986918604651162,328.33488372093024,555.3096931395615,0.20930232558139536,77,75,SumoWrestling/v_SumoWrestling_g20_c02.avi
1.421478290626356,3.1982069001637026,49.040799340956916,0.7593023255813953,1245.1348837209302,1704.8331993542167,0.2854651162790698,227,224,SumoWrestling/v_SumoWrestling_g20_c03.avi
1.4520056940715598,1.4124912386515855,13.514459848621401,0.33982558139534885,303.10697674418606,264.1050226227832,0.1941860465116279,277,274,SumoWrestling/v_SumoWrestling_g20_c04.avi
0.8473040200080441,1.30270924233381,23.43608329051593,0.6286337209302325,258.45581395348836,243.1151256640834,0.31046511627906975,94,92,SumoWrestling/v_SumoWrestling_g21_c01.avi
0.9602483099289477,1.2788309694384472,15.26280200356409,0.6559593023255814,308.4651162790698,552.4792050737656,0.2616279069767442,157,155,SumoWrestling/v_SumoWrestling_g21_c02.avi
0.3959497009199801,0.654894292383152,23.00135865552294,0.8335755813953488,221.06046511627906,212.9605074639863,0.39825581395348836,279,276,SumoWrestling/v_SumoWrestling_g21_c03.avi
2.3096922143036305,3.064384330741386,21.319005605327842,0.3686046511627907,273.9720930232558,238.04658360368603,0.23430232558139535,177,174,SumoWrestling/v_SumoWrestling_g21_c04.avi
1.8010428062640178,6.055734641209356,69.1504247998521,0.7754360465116279,238.8093023255814,171.99263344683797,0.23372093023255813,304,301,SumoWrestling/v_SumoWrestling_g22_c01.avi
0.738202677991677,1.0899973131565392,13.148787966957258,0.638953488372093,264.93023255813955,194.0143120288783,0.16744186046511628,302,299,SumoWrestling/v_SumoWrestling_g22_c02.avi
0.6809235956766443,1.0335582153256142,18.031222920256962,0.7277616279069767,292.83720930232556,438.3822761139148,0.30116279069767443,277,274,SumoWrestling/v_SumoWrestling_g22_c03.avi
1.1293079625560425,1.5096963158577612,36.26379048031245,0.5774709302325581,351.4418604651163,280.07650967361985,0.07732558139534884,252,249,SumoWrestling/v_SumoWrestling_g22_c04.avi
0.07232661870227365,0.4099912272817873,8.678277478854891,0.9768895348837209,384.0372093023256,492.73765698946517,0.27732558139534885,217,214,SumoWrestling/v_SumoWrestling_g23_c01.avi
0.3132680067185392,0.5506181796887953,5.755432216610669,0.9245639534883721,338.49302325581397,334.59334387473774,0.3005813953488372,117,115,SumoWrestling/v_SumoWrestling_g23_c02.avi
0.9723072390164721,0.6830070492479885,5.875,0.4943313953488372,337.8232558139535,261.6656955035436,0.06686046511627906,252,249,SumoWrestling/v_SumoWrestling_g23_c03.avi
1.1334935641881099,1.7677557059785485,19.25,0.6325581395348837,362.04651162790697,340.3662837870314,0.24767441860465117,117,115,SumoWrestling/v_SumoWrestling_g23_c04.avi
3.226641068311514,2.3509902099238156,21.10094784600919,0.13546511627906976,279.4418604651163,390.75986216039183,0.13837209302325582,280,277,SumoWrestling/v_SumoWrestling_g24_c01.avi
1.6947232685384472,2.3852725321275217,105.30432089900205,0.46395348837209305,329.45116279069765,551.8718895709836,0.18488372093023256,254,251,SumoWrestling/v_SumoWrestling_g24_c02.avi
3.505478199255366,4.982697319361949,68.59300255857006,0.38459302325581396,224.96744186046513,136.79206375886508,0.23604651162790696,252,249,SumoWrestling/v_SumoWrestling_g24_c03.avi
3.4328769728508934,6.984871821252573,120.39025085113828,0.48415697674418606,246.4,205.04694414286107,0.2686046511627907,127,125,SumoWrestling/v_SumoWrestling_g24_c04.avi
1.4527203564146898,3.6417360760293604,66.73127078064675,0.7479651162790698,284.4651162790698,248.75684857579012,0.22151162790697673,137,135,SumoWrestling/v_SumoWrestling_g25_c01.avi
1.1555848554765897,1.6678360675839359,24.839484696748443,0.5422965116279069,380.68837209302325,480.61577808459595,0.22267441860465118,177,174,SumoWrestling/v_SumoWrestling_g25_c02.avi
1.4062987890920366,2.944126223667301,86.91662671779203,0.5527616279069767,306.1209302325581,294.03136089511327,0.2738372093023256,127,125,SumoWrestling/v_SumoWrestling_g25_c03.avi
1.082385725100164,1.2262285490883793,18.59855505140117,0.6151162790697674,296.8558139534884,220.8688396462096,0.10348837209302325,302,299,SumoWrestling/v_SumoWrestling_g25_c04.avi
3.5168068998855824,14.149643887888576,285.0070174574654,0.6287790697674419,459.4976744186047,505.12474051759114,0.16569767441860464,193,190,Surfing/v_Surfing_g08_c01.avi
5.367146931363131,20.63282741458891,197.50253162934393,0.8111918604651163,211.23720930232557,174.91487500835584,0.3633720930232558,326,322,Surfing/v_Surfing_g08_c02.avi
2.638936627340502,8.339888305650017,231.07790893982056,0.7180232558139535,489.52558139534887,384.0988947829702,0.12325581395348838,338,334,Surfing/v_Surfing_g08_c03.avi
2.0800745607821893,5.730937375416629,121.10326172320876,0.7281976744186046,507.72093023255815,505.6285209418396,0.08662790697674419,238,235,Surfing/v_Surfing_g08_c04.avi
2.3399125486143975,5.375701138925077,98.73702446397704,0.6340116279069767,470.2139534883721,376.6736306026036,0.12616279069767442,268,265,Surfing/v_Surfing_g08_c05.avi
3.2519265250715588,12.495940883173565,193.00259065618783,0.659156976744186,553.6,706.3896862477603,0.16162790697674417,250,247,Surfing/v_Surfing_g08_c06.avi
3.991260347763933,12.66476989617816,182.83274460555472,0.686046511627907,422.7720930232558,365.3607827159095,0.18023255813953487,265,262,Surfing/v_Surfing_g08_c07.avi
1.080947934999314,3.5373894406119994,152.5319638633162,0.7274709302325582,298.4186046511628,277.61930036101006,0.25116279069767444,207,204,Surfing/v_Surfing_g09_c01.avi
1.8041816776864688,4.8723077188669714,52.773099207835045,0.6662790697674419,322.6418604651163,306.94124445897955,0.2575581395348837,257,254,Surfing/v_Surfing_g09_c02.avi
1.7493241709337246,4.456962298278046,66.03029607687671,0.6883720930232559,297.74883720930234,239.87390522027334,0.14767441860465116,220,217,Surfing/v_Surfing_g09_c03.avi
2.4794709558677157,5.768374681970273,106.40018796975878,0.6133720930232558,249.30232558139534,196.30014215110788,0.2372093023255814,143,141,Surfing/v_Surfing_g09_c04.avi
3.2689004213305326,13.13062969209803,324.1249758966439,0.6704941860465117,326.4372093023256,273.78935123197533,0.14011627906976745,256,253,Surfing/v_Surfing_g09_c05.avi
3.2043754160688205,20.137119811191408,310.1032086257735,0.9465116279069767,423.4418604651163,501.01410193798415,0.22093023255813954,245,242,Surfing/v_Surfing_g10_c01.avi
4.39199680337487,17.947859476081977,230.01100517149175,0.6949127906976744,301.9906976744186,309.497627307247,0.3395348837209302,241,238,Surfing/v_Surfing_g10_c02.avi
7.245910497060611,20.275945397326364,191.01047091717248,0.7100290697674418,477.4697674418605,688.3457201736212,0.12790697674418605,127,125,Surfing/v_Surfing_g10_c03.avi
6.724581278123974,28.9074381638681,339.52982195972123,0.5741279069767442,257.7860465116279,241.61766990423388,0.30930232558139537,267,264,Surfing/v_Surfing_g10_c04.avi
3.796828158749099,8.479075288816825,200.03515316063823,0.6119186046511628,378.5674418604651,325.42236434983585,0.14534883720930233,254,251,Surfing/v_Surfing_g10_c05.avi
3.5693010533021132,12.302275575699822,208.00240383226344,0.7079941860465117,305.7860465116279,260.17598836475906,0.17325581395348838,193,190,Surfing/v_Surfing_g10_c06.avi
1.2303531254866849,4.532653480543878,86.99497111902504,0.8114825581395348,373.4325581395349,330.1140519760717,0.17674418604651163,197,194,Surfing/v_Surfing_g11_c01.avi
1.9092205582050938,5.39531790986399,95.33624704172071,0.7372093023255814,421.09767441860464,387.5896952384787,0.275,256,253,Surfing/v_Surfing_g11_c02.avi
3.8305197021495094,6.5992409964572705,111.22050170719426,0.5856104651162791,270.7348837209302,202.74332367492136,0.16279069767441862,151,149,Surfing/v_Surfing_g11_c03.avi
2.8739983664667728,8.371944477715287,134.51486906658312,0.7398255813953488,302.8837209302326,263.41347895994727,0.1930232558139535,179,176,Surfing/v_Surfing_g11_c04.avi
2.071031588456387,9.18420753762723,128.0197738632591,0.7883720930232558,350.8837209302326,318.3940230611096,0.20348837209302326,365,361,Surfing/v_Surfing_g12_c01.avi
6.169744493971414,10.745294064832283,83.3160398722839,0.5386627906976744,356.13023255813954,333.04333368084133,0.23895348837209301,252,249,Surfing/v_Surfing_g12_c02.avi
2.539692782875917,8.289616171885376,191.06543381784158,0.5623546511627907,336.8186046511628,297.5620625167392,0.17906976744186046,211,208,Surfing/v_Surfing_g12_c03.avi
7.287854613910878,21.627803662000687,176.0,0.5219476744186047,351.10697674418606,321.6095895505293,0.21395348837209302,227,224,Surfing/v_Surfing_g12_c04.avi
4.546158863012449,11.544846654980773,98.83097945482479,0.672093023255814,344.29767441860463,310.73887152022263,0.19825581395348837,211,208,Surfing/v_Surfing_g12_c05.avi
3.993298294874052,11.73577604067357,209.0598000573042,0.6700581395348837,404.13023255813954,342.3726539930891,0.1377906976744186,169,166,Surfing/v_Surfing_g12_c06.avi
1.6210421239547677,3.8482286789891327,120.0,0.6335755813953489,352.89302325581394,310.3499940205161,0.1697674418604651,268,265,Surfing/v_Surfing_g12_c07.avi
6.027554507190873,23.873865723209132,338.1334795609568,0.6344476744186046,304.33488372093024,294.9122052122055,0.28313953488372096,205,202,Surfing/v_Surfing_g13_c01.avi
7.541754822962974,33.01993481603189,334.08990182284765,0.8912790697674419,243.05116279069767,247.93621120003692,0.3883720930232558,247,244,Surfing/v_Surfing_g13_c02.avi
1.9269167656535113,12.422247208095172,210.0,0.7968023255813953,340.3906976744186,445.7762875233696,0.1697674418604651,176,173,Surfing/v_Surfing_g13_c03.avi
4.627988911878722,13.993492127415697,226.0,0.6972383720930233,282.6790697674419,228.10908096290095,0.175,127,125,Surfing/v_Surfing_g13_c04.avi
4.101078410592661,16.569148618417646,207.50941243712296,0.9100290697674419,417.52558139534887,759.5206677203915,0.21686046511627907,250,247,Surfing/v_Surfing_g13_c05.avi
5.193028731741984,13.286572251397008,171.2636855845395,0.6513081395348838,412.83720930232556,492.28508143774326,0.1994186046511628,178,175,Surfing/v_Surfing_g14_c01.avi
5.11974156698718,18.051214248866597,282.04432275796654,0.6863372093023256,295.06976744186045,296.3904868815789,0.32209302325581396,206,203,Surfing/v_Surfing_g14_c02.avi
3.4035095350653006,15.185962335651828,239.05294915562118,0.7007267441860465,339.16279069767444,298.31970755850745,0.17383720930232557,151,149,Surfing/v_Surfing_g14_c03.avi
3.0122775070756895,10.629904865212874,130.02403623945844,0.7178779069767441,541.5441860465116,852.8611417560074,0.22209302325581395,212,209,Surfing/v_Surfing_g14_c04.avi
2.7570803052417525,5.831099727621822,112.40217969416786,0.6247093023255814,423.21860465116276,361.49928576327136,0.16395348837209303,156,154,Surfing/v_Surfing_g15_c01.avi
4.235526910953224,16.94214264802619,141.47636728443376,0.9197674418604651,488.63255813953486,532.1135478233728,0.2651162790697674,164,161,Surfing/v_Surfing_g15_c02.avi
4.0541009131339365,6.459310976393713,161.76931878449633,0.6277616279069768,367.9627906976744,565.7148912220284,0.14709302325581394,110,108,Surfing/v_Surfing_g15_c03.avi
2.240949677594642,8.082820497968033,122.06555615733703,0.7953488372093023,477.13488372093025,776.8429702398246,0.23662790697674418,128,126,Surfing/v_Surfing_g15_c04.avi
1.5968030401400155,4.793062076574322,123.35720489699821,0.6699127906976744,417.6372093023256,374.7629309702619,0.2302325581395349,143,141,Surfing/v_Surfing_g15_c05.avi
2.865435486988448,6.404852998591777,68.26419266350405,0.6428779069767442,348.09302325581393,294.95918629402274,0.13430232558139535,179,176,Surfing/v_Surfing_g15_c06.avi
2.114699850233886,8.844114080218265,264.3564118760882,0.6568313953488372,402.1209302325581,678.4244156141937,0.2180232558139535,159,157,Surfing/v_Surfing_g15_c07.avi
5.139048573114096,9.20002285307953,249.81593223811808,0.5444767441860465,340.0558139534884,565.8140023513872,0.23430232558139535,260,257,Surfing/v_Surfing_g16_c01.avi
1.5012205752232337,8.53372044116496,269.2885302050572,0.6313953488372093,430.92093023255813,479.89707062987446,0.09127906976744186,240,237,Surfing/v_Surfing_g16_c02.avi
2.30721254188237,4.248382016257182,36.21118611699981,0.6084302325581395,526.1395348837209,841.1886822435664,0.1325581395348837,252,249,Surfing/v_Surfing_g16_c03.avi
3.885235198531531,5.678500311192538,58.137767414994535,0.41104651162790695,349.9906976744186,456.09250378239057,0.18953488372093022,249,246,Surfing/v_Surfing_g16_c04.avi
1.6463147314745679,3.029824917300301,63.663667032303444,0.5138081395348837,501.3581395348837,602.7848681888663,0.08488372093023255,254,251,Surfing/v_Surfing_g16_c05.avi
2.383600412144852,6.136127709305204,156.92354826475216,0.6215116279069768,494.66046511627906,605.1138282845461,0.11046511627906977,249,246,Surfing/v_Surfing_g16_c06.avi
0.6945944779062188,1.755514927584351,45.60701700396552,0.7590116279069767,742.0279069767441,958.0367421039763,0.0686046511627907,237,234,Surfing/v_Surfing_g16_c07.avi
3.6130835378978734,14.0323776734163,168.01190434013895,0.5901162790697675,331.46046511627907,289.7922384403157,0.17209302325581396,233,230,Surfing/v_Surfing_g17_c01.avi
2.629857441219221,9.631926560578092,256.25012195119047,0.7106104651162791,374.3255813953488,342.92122093010937,0.22093023255813954,251,248,Surfing/v_Surfing_g17_c02.avi
2.1684192261315065,7.089418930128571,152.25738898326085,0.7181686046511628,368.8558139534884,354.8390957343156,0.2819767441860465,252,249,Surfing/v_Surfing_g17_c03.avi
3.1623453869409692,18.894665896079722,242.05164738129753,0.6880813953488372,369.74883720930234,366.21029945767566,0.32383720930232557,174,171,Surfing/v_Surfing_g17_c04.avi
2.2859168213713015,8.907976035407799,119.75528433017058,0.7908430232558139,378.6790697674419,346.4049576409155,0.22151162790697673,194,191,Surfing/v_Surfing_g17_c05.avi
4.24033764007329,19.59315569499817,268.25943599433737,0.8456395348837209,300.98604651162793,325.47204329725594,0.39825581395348836,247,244,Surfing/v_Surfing_g17_c06.avi
1.1952441142158858,3.7742286303992376,112.0,0.7273255813953489,391.4046511627907,358.34941889848,0.23197674418604652,230,227,Surfing/v_Surfing_g17_c07.avi
0.9615306496858608,7.501616380916168,168.54172332096286,0.8622093023255814,444.09302325581393,377.93218377470896,0.18313953488372092,127,125,Surfing/v_Surfing_g18_c01.avi
0.6329193050368547,1.3311090789472706,37.013511046643494,0.8052325581395349,451.90697674418607,387.7294557827115,0.20755813953488372,157,155,Surfing/v_Surfing_g18_c02.avi
0.996956965303161,4.570148728850108,94.54793757666002,0.8004360465116279,481.71162790697673,400.95519740977056,0.20813953488372092,77,75,Surfing/v_Surfing_g18_c03.avi
0.9987133346279545,5.311861572454288,63.0317380372777,0.8545058139534883,483.9441860465116,398.61630050003913,0.1941860465116279,121,119,Surfing/v_Surfing_g18_c04.avi
9.494522763022886,36.382166177826164,299.5,0.745203488372093,500.2418604651163,521.8995155144456,0.1883720930232558,331,327,Surfing/v_Surfing_g19_c01.avi
1.1213206420957764,3.526556246051295,63.50590523722971,0.7616279069767442,464.07441860465116,370.8235386102839,0.11395348837209303,233,230,Surfing/v_Surfing_g19_c02.avi
2.75169152604904,17.982036371419596,226.0,0.8123546511627907,611.9813953488372,707.2488984120299,0.13197674418604652,175,172,Surfing/v_Surfing_g19_c03.avi
2.4503147131098166,7.345993772367714,113.6455564463477,0.6978197674418605,469.09767441860464,387.6726319067099,0.17383720930232557,267,264,Surfing/v_Surfing_g19_c04.avi
1.9524222791521588,4.395618194045495,65.19202405202648,0.7629360465116279,239.5906976744186,178.96815334988162,0.2436046511627907,273,270,Surfing/v_Surfing_g20_c01.avi
2.52730366035568,15.26847454624246,265.33940529065785,0.9123546511627907,215.25581395348837,196.8255151052081,0.38895348837209304,244,241,Surfing/v_Surfing_g20_c02.avi
3.807746647625503,21.26053347786178,248.78303800701525,0.9162790697674419,158.10232558139535,139.64249617783878,0.5656976744186046,165,162,Surfing/v_Surfing_g20_c03.avi
2.5248148004646667,10.293208766264906,166.5893153836704,0.8082848837209302,225.74883720930234,202.2369602225154,0.35290697674418603,258,255,Surfing/v_Surfing_g20_c04.avi
2.817962943925669,14.838197801865034,229.67150454507848,0.9059593023255814,245.50697674418603,241.8398445592482,0.3616279069767442,247,244,Surfing/v_Surfing_g20_c05.avi
2.245959579844183,6.593996892402535,83.75149252401417,0.723546511627907,224.52093023255813,170.46264892405148,0.2941860465116279,260,257,Surfing/v_Surfing_g20_c06.avi
1.905652633896159,6.056648881166762,116.03878661895772,0.6113372093023256,358.80930232558137,314.8706281500488,0.16686046511627908,131,129,Surfing/v_Surfing_g21_c01.avi
2.382201303058109,8.602325860553988,145.03641784048585,0.6575581395348837,287.36744186046514,264.85985738923637,0.2552325581395349,187,184,Surfing/v_Surfing_g21_c02.avi
1.9506941540225726,6.4626582710718985,119.5261477669217,0.7013081395348837,319.6279069767442,283.16327964997663,0.19186046511627908,138,136,Surfing/v_Surfing_g21_c03.avi
3.2029234101665085,8.554725098370756,119.68291440301745,0.6898255813953489,521.7860465116279,518.4863217596119,0.13895348837209304,153,151,Surfing/v_Surfing_g21_c04.avi
2.0679840208353286,11.03797393946946,181.1501880346802,0.6180232558139535,333.13488372093025,298.2867910474056,0.1936046511627907,77,75,Surfing/v_Surfing_g22_c01.avi
1.119298039837589,3.314316270016482,77.91180911774543,0.747093023255814,356.13023255813954,318.5710855175857,0.1877906976744186,77,75,Surfing/v_Surfing_g22_c02.avi
1.4467679516468586,5.466876484187366,284.0,0.6748546511627908,362.71627906976744,315.10215171284005,0.1558139534883721,77,75,Surfing/v_Surfing_g22_c03.avi
2.00761556672434,3.6493843053580672,62.0,0.5334302325581395,336.2604651162791,307.1037504708662,0.21220930232558138,77,75,Surfing/v_Surfing_g22_c04.avi
3.874056401502171,13.830900155025006,166.6302043448306,0.6515988372093023,420.09302325581393,501.05265071500656,0.22906976744186047,130,128,Surfing/v_Surfing_g23_c01.avi
4.192390056654056,19.064546181799226,238.20999139414786,0.6473837209302326,363.8325581395349,333.56622697326065,0.21744186046511627,103,101,Surfing/v_Surfing_g23_c02.avi
2.6167085071618,6.437182483750122,239.10248848558643,0.6188953488372093,346.86511627906975,314.01634595560796,0.20116279069767443,116,114,Surfing/v_Surfing_g23_c03.avi
4.596159856683848,24.27165814595142,319.0015673942685,0.6678779069767442,345.30232558139534,317.65152289040213,0.2186046511627907,187,184,Surfing/v_Surfing_g23_c04.avi
2.9655500978914784,7.348688084242183,104.23531071570709,0.6024709302325582,452.4651162790698,516.7492014074323,0.2441860465116279,250,247,Surfing/v_Surfing_g24_c01.avi
4.320716884656147,10.371499601583247,179.02513789968157,0.6606104651162791,393.30232558139534,496.6864873728474,0.27325581395348836,248,245,Surfing/v_Surfing_g24_c02.avi
4.126650559413377,18.201029386575566,239.60227461357707,0.8989825581395349,493.65581395348835,624.8279634119674,0.2436046511627907,246,243,Surfing/v_Surfing_g24_c03.avi
6.073766743874914,12.71343582845546,135.95587519485872,0.6309593023255814,348.7627906976744,316.9626997519936,0.2052325581395349,251,248,Surfing/v_Surfing_g24_c04.avi
3.6011098967849637,11.569278001109053,280.178514522438,0.5561046511627907,225.07906976744187,123.56513499034095,0.21686046511627907,112,110,Surfing/v_Surfing_g25_c01.avi
3.3586388162080705,15.816618508044145,266.7376988728815,0.639389534883721,252.87441860465117,389.1986018360981,0.23953488372093024,154,152,Surfing/v_Surfing_g25_c02.avi
6.108393487361661,18.372460222533007,237.501184207574,0.7164244186046511,210.67906976744186,179.90748081986092,0.3755813953488372,130,128,Surfing/v_Surfing_g25_c03.avi
1.676596247734753,8.59316719716759,247.50012626259405,0.6933139534883721,290.49302325581397,545.3321912270853,0.2854651162790698,179,176,Surfing/v_Surfing_g25_c04.avi
2.3827249655583516,3.2900973620886043,109.11003620199197,0.5094476744186046,241.93488372093023,177.9071496579187,0.2313953488372093,161,159,Swing/v_Swing_g08_c01.avi
1.0135308108202967,2.1437530784493286,22.090722034374522,0.8008720930232558,232.44651162790697,139.2800948212366,0.2063953488372093,161,159,Swing/v_Swing_g08_c02.avi
0.8755016048611093,2.477009280168849,108.5973785365006,0.7965116279069767,229.9906976744186,145.03343610314604,0.22616279069767442,161,159,Swing/v_Swing_g08_c03.avi
1.3636331011543887,2.4955579442152938,22.02271554554524,0.7053779069767442,226.08372093023254,129.81207334510407,0.22093023255813954,161,159,Swing/v_Swing_g08_c04.avi
1.8403348334612748,2.980977344953659,35.35533905932738,0.6027616279069767,280.89302325581394,415.3204900871238,0.24011627906976743,170,167,Swing/v_Swing_g08_c05.avi
2.1116929511115416,6.115437389470042,198.70832896484234,0.35159883720930235,272.8558139534884,202.63091123303025,0.15406976744186046,127,125,Swing/v_Swing_g09_c01.avi
1.1415232413168044,4.066504868351948,104.42536210135927,0.688953488372093,252.4279069767442,162.45661506796264,0.15813953488372093,127,125,Swing/v_Swing_g09_c02.avi
1.6795621449774985,3.6927302479734587,145.03103116229988,0.6430232558139535,259.57209302325583,178.54659521553782,0.15813953488372093,127,125,Swing/v_Swing_g09_c03.avi
1.2541990446574218,3.6368475349638003,76.4198926981712,0.7024709302325581,237.46976744186045,128.46252830695684,0.1686046511627907,127,125,Swing/v_Swing_g09_c04.avi
2.0982593469422812,10.323961932340278,255.56603843233944,0.336046511627907,261.5813953488372,186.82590236207034,0.16627906976744186,152,150,Swing/v_Swing_g09_c05.avi
1.6520575374692041,6.916567522449302,184.69434208984313,0.4736918604651163,285.0232558139535,238.8002462283111,0.1930232558139535,141,139,Swing/v_Swing_g09_c06.avi
1.3667038618103418,2.9814394968612214,102.17631819555841,0.39912790697674416,372.98604651162793,567.2536160498047,0.14186046511627906,252,249,Swing/v_Swing_g10_c01.avi
3.098066073372162,4.283684628024692,37.013511046643494,0.5582848837209302,837.4697674418604,1373.7746735681055,0.125,252,249,Swing/v_Swing_g10_c02.avi
1.424047622722809,8.77768201512361,156.80341992443914,0.8039244186046511,402.45581395348836,747.7404826829575,0.15813953488372093,252,249,Swing/v_Swing_g10_c03.avi
2.35102514969825,11.269666049998133,267.41914665932205,0.7680232558139535,761.4511627906977,1310.3435857557383,0.26046511627906976,232,229,Swing/v_Swing_g10_c04.avi
4.315219207177491,7.874550796986851,143.0873858870865,0.5053779069767442,210.45581395348836,130.22226670300174,0.2930232558139535,127,125,Swing/v_Swing_g11_c01.avi
8.510076158290833,23.279789530848085,332.4653412387523,0.5309593023255814,235.5720930232558,117.44141800515317,0.1622093023255814,127,125,Swing/v_Swing_g11_c02.avi
5.235134718982597,7.738138141555425,200.0,0.3816860465116279,194.6046511627907,121.97104870645629,0.3569767441860465,127,125,Swing/v_Swing_g11_c03.avi
3.512953128725544,6.210521659522706,60.37616458504134,0.5039244186046512,194.82790697674417,128.74797144589584,0.36511627906976746,127,125,Swing/v_Swing_g11_c04.avi
4.527278538782174,14.178586081325854,283.1960451701259,0.4877906976744186,191.5906976744186,127.915596834267,0.37965116279069766,152,150,Swing/v_Swing_g11_c05.avi
5.296446801638066,13.42231072729193,252.4836628378161,0.5505813953488372,218.6046511627907,151.41843142007355,0.2877906976744186,252,249,Swing/v_Swing_g11_c06.avi
1.926411507283419,6.786634391544142,244.10038918445008,0.6755813953488372,216.48372093023255,97.23578853591508,0.22441860465116278,127,125,Swing/v_Swing_g12_c01.avi
2.739188769515835,10.490528126278639,193.76274151652584,0.49026162790697675,254.66046511627906,203.4844170246869,0.2302325581395349,127,125,Swing/v_Swing_g12_c02.avi
4.4058786593202,16.34000363232711,344.0726667435238,0.4183139534883721,260.68837209302325,200.57009585968663,0.19883720930232557,127,125,Swing/v_Swing_g12_c03.avi
2.734664591105664,8.873336921399105,302.5359482772254,0.640843023255814,239.3674418604651,153.2712138220324,0.19825581395348837,127,125,Swing/v_Swing_g12_c04.avi
2.495305717697937,14.447657099641752,380.1463533956363,0.5893895348837209,212.13023255813954,129.56105418068745,0.28430232558139534,161,159,Swing/v_Swing_g13_c01.avi
1.7372500540319054,11.235727341809051,314.91586177898375,0.6963662790697674,197.28372093023256,106.09021376131788,0.3244186046511628,161,159,Swing/v_Swing_g13_c02.avi
1.0974364171278768,4.156107998103782,96.77293009927931,0.7449127906976745,201.1906976744186,112.53061973784298,0.3133720930232558,161,159,Swing/v_Swing_g13_c03.avi
3.0837778780455944,5.707811979757246,205.0,0.46758720930232556,218.3813953488372,133.45353211984425,0.261046511627907,161,159,Swing/v_Swing_g13_c04.avi
4.869428798206587,11.058150604534577,330.64784892692103,0.6911337209302325,211.68372093023257,153.91828839495892,0.32383720930232557,114,112,Swing/v_Swing_g14_c01.avi
1.4390197366705342,7.5676315831882315,176.22996340009834,0.7853197674418605,213.69302325581396,141.59765698256786,0.2947674418604651,152,150,Swing/v_Swing_g14_c02.avi
1.1301470145928394,5.483974465441666,193.4140636044856,0.9232558139534883,492.6511627906977,981.4930933359082,0.3767441860465116,152,150,Swing/v_Swing_g14_c03.avi
1.424113778139138,5.0357492847617245,99.32270636667126,0.8693313953488372,323.7581395348837,573.7404138055363,0.3377906976744186,152,150,Swing/v_Swing_g14_c04.avi
1.400154769023771,10.279607070715457,332.1716658973188,0.8742732558139535,365.84186046511627,756.0898882923472,0.32790697674418606,152,150,Swing/v_Swing_g14_c05.avi
1.8460555115623518,4.253977129395069,115.24755962709145,0.6825581395348838,302.7720930232558,263.47399882798675,0.1936046511627907,89,87,Swing/v_Swing_g15_c01.avi
2.320054172638603,3.629950994304369,41.371034553175,0.5591569767441861,239.03255813953487,174.36607804422763,0.2372093023255814,89,87,Swing/v_Swing_g15_c02.avi
6.50533085289117,18.50380420258312,301.0813843464919,0.6239825581395348,211.5720930232558,148.28270661700833,0.31511627906976747,89,87,Swing/v_Swing_g15_c03.avi
2.6686895606807544,12.081308598388608,233.3859464492239,0.41569767441860467,280.5581395348837,206.61719489056483,0.1325581395348837,89,87,Swing/v_Swing_g15_c04.avi
2.350718495031176,9.798127440291237,250.06911544611023,0.6751453488372093,200.4093023255814,167.80448176229754,0.4011627906976744,202,199,Swing/v_Swing_g15_c05.avi
1.3687968421342724,2.6424239763807047,68.15423684555495,0.7180232558139535,242.6046511627907,208.66955512048384,0.2930232558139535,202,199,Swing/v_Swing_g15_c06.avi
0.8989204049697321,4.244304854829886,115.41230437002807,0.8542151162790698,249.74883720930234,209.82436107051038,0.2651162790697674,202,199,Swing/v_Swing_g15_c07.avi
3.721894725575979,7.298357679317118,254.95097567963924,0.4693313953488372,223.1813953488372,93.02322604650686,0.18953488372093022,127,125,Swing/v_Swing_g16_c01.avi
1.7466505263589511,4.229651344088431,79.1580697086532,0.6168604651162791,206.77209302325582,137.95145476711522,0.32151162790697674,127,125,Swing/v_Swing_g16_c02.avi
0.7640984161424222,1.4183793422632418,27.202941017470888,0.7475290697674418,213.69302325581396,127.24793121240387,0.2738372093023256,110,108,Swing/v_Swing_g16_c03.avi
0.8623257476123911,1.6404284491757621,17.0,0.7143895348837209,201.74883720930234,139.5538145297745,0.34767441860465115,110,108,Swing/v_Swing_g16_c04.avi
4.1207779440517704,6.588472165858575,44.32056520397726,0.34186046511627904,239.92558139534884,152.98090486256433,0.19534883720930232,152,150,Swing/v_Swing_g16_c05.avi
1.8301222425752945,3.4603161740191966,132.9661611087573,0.5936046511627907,242.15813953488373,171.67138190152875,0.2186046511627907,161,159,Swing/v_Swing_g17_c01.avi
2.8854981328745435,5.8086017965717724,115.91807451816995,0.37194767441860466,266.26976744186044,201.9600277453998,0.17906976744186046,169,166,Swing/v_Swing_g17_c02.avi
1.2148585552396143,2.7179124202310128,44.721359549995796,0.7953488372093023,223.85116279069769,160.35674237221616,0.27906976744186046,161,159,Swing/v_Swing_g17_c03.avi
2.5257641959144044,4.193422644906795,45.343997673341505,0.5443313953488372,226.08372093023254,153.9791966169646,0.25813953488372093,161,159,Swing/v_Swing_g17_c04.avi
1.375595222721645,3.6344757306941062,61.9339365776147,0.7402616279069767,453.0232558139535,836.1889596277587,0.2063953488372093,336,332,Swing/v_Swing_g18_c01.avi
2.2525305165895357,8.071437114708106,250.16994223927063,0.6466569767441861,355.01395348837207,653.3312666567755,0.17034883720930233,336,332,Swing/v_Swing_g18_c02.avi
1.0621406749606521,7.129371102262414,272.04893861215487,0.8456395348837209,772.1674418604651,1305.371532200508,0.20465116279069767,336,332,Swing/v_Swing_g18_c03.avi
2.466262845101428,4.018471032988921,34.8209706929603,0.5488372093023256,673.8232558139534,1225.1354311158607,0.2052325581395349,249,246,Swing/v_Swing_g18_c04.avi
1.5344263428175546,4.908924412448244,191.01047091717248,0.6001453488372093,238.92093023255813,152.09895273272093,0.19825581395348837,277,274,Swing/v_Swing_g19_c01.avi
1.5417138391794218,4.2488299706823645,170.23806859806652,0.5383720930232558,235.90697674418604,180.56137447229688,0.2627906976744186,277,274,Swing/v_Swing_g19_c02.avi
2.726521763137775,10.050390497460494,366.77240899500606,0.5712209302325582,230.32558139534885,132.50848519214833,0.2058139534883721,277,274,Swing/v_Swing_g19_c03.avi
4.633391517390982,5.051459321517615,239.38462774372127,0.2501453488372093,224.6325581395349,136.95061021274043,0.2377906976744186,161,159,Swing/v_Swing_g19_c04.avi
2.8829884646796864,6.063725673705407,142.89856542317,0.6165697674418604,492.2046511627907,779.0942116817715,0.2302325581395349,152,150,Swing/v_Swing_g20_c01.avi
1.2602334272504012,10.352215952020655,253.17977802344325,0.8947674418604651,327.10697674418606,569.3963369709857,0.29941860465116277,152,150,Swing/v_Swing_g20_c02.avi
1.1716139119733682,3.5858722785742385,132.62470546621395,0.5936046511627907,261.9162790697674,212.42268626954288,0.22034883720930232,89,87,Swing/v_Swing_g20_c03.avi
2.767446021950879,8.313489365691531,249.8259394058191,0.642296511627907,237.24651162790698,189.2788018067862,0.2744186046511628,89,87,Swing/v_Swing_g20_c04.avi
2.1617103322916127,9.27617539457354,251.26878039263056,0.7156976744186047,418.86511627906975,690.7687766080734,0.2680232558139535,152,150,Swing/v_Swing_g20_c05.avi
2.190985864942202,7.053810781872085,263.53937087274073,0.7315406976744186,287.8139534883721,430.0178068683956,0.28081395348837207,152,150,Swing/v_Swing_g20_c06.avi
4.353151045916363,9.530437376212195,131.01526628603247,0.46642441860465117,250.41860465116278,152.7427130767717,0.15,169,166,Swing/v_Swing_g21_c01.avi
3.3549928006086738,8.070123314651266,239.80408670412604,0.3558139534883721,241.48837209302326,163.0340772044546,0.2058139534883721,169,166,Swing/v_Swing_g21_c02.avi
4.539122310828143,10.018190559419509,171.0263137648707,0.47819767441860467,288.0372093023256,427.95278864980213,0.2703488372093023,169,166,Swing/v_Swing_g21_c03.avi
0.5739463445011771,2.9084420061652865,97.73944955850733,0.8912790697674419,220.05581395348838,203.99999236471209,0.3825581395348837,152,150,Swing/v_Swing_g21_c04.avi
2.56690629862487,4.60696072002815,74.30343195303969,0.48328488372093026,250.53023255813955,173.69097864522672,0.1866279069767442,202,199,Swing/v_Swing_g21_c05.avi
5.19323310153103,10.6868838311959,116.4500966079462,0.3315406976744186,245.73023255813953,160.84400001804974,0.18372093023255814,202,199,Swing/v_Swing_g21_c06.avi
1.499961842770525,3.230535337283271,172.6528308484978,0.5236918604651163,254.9953488372093,173.7741784461827,0.1680232558139535,152,150,Swing/v_Swing_g22_c01.avi
1.8797684379118376,12.048529604961463,272.389427107588,0.5337209302325582,210.90232558139536,159.64211353272768,0.3372093023255814,202,199,Swing/v_Swing_g22_c02.avi
4.9616795325980565,12.949564567911192,261.457453517776,0.3747093023255814,279.4418604651163,217.35934263126765,0.16162790697674417,192,189,Swing/v_Swing_g22_c03.avi
3.031415622707577,13.291335762443921,272.79811674569896,0.5693313953488373,227.4232558139535,164.19489955708875,0.26976744186046514,102,100,Swing/v_Swing_g22_c04.avi
1.0586306033848882,4.717790437544122,226.497240601293,0.5809593023255814,234.7906976744186,159.63571293322585,0.22906976744186047,158,156,Swing/v_Swing_g22_c05.avi
2.492459642049376,3.285218328762765,96.51942809610924,0.4251453488372093,243.94418604651162,132.66806507013567,0.14651162790697675,127,125,Swing/v_Swing_g23_c01.avi
1.72146534683903,4.365197127119798,47.67598976424087,0.6623546511627907,227.86976744186046,162.69881367027037,0.2651162790697674,127,125,Swing/v_Swing_g23_c02.avi
4.42054709562319,14.45327539122307,249.9039815609187,0.4390988372093023,256.5581395348837,180.19437855175988,0.17383720930232557,127,125,Swing/v_Swing_g23_c03.avi
2.43810272512388,3.8824019276049015,128.14054783713078,0.5824127906976744,210.12093023255815,147.33188063110256,0.32034883720930235,127,125,Swing/v_Swing_g23_c04.avi
3.1968041667166487,10.078041194717587,191.5,0.4536337209302326,211.12558139534883,146.98627699435747,0.31511627906976747,152,150,Swing/v_Swing_g23_c05.avi
2.1466936659449014,4.1906273899737085,100.24470060806208,0.5215116279069767,224.6325581395349,116.66900052779056,0.20988372093023255,127,125,Swing/v_Swing_g24_c01.avi
2.986584949410655,9.890151600238976,310.1032086257735,0.5145348837209303,206.32558139534885,110.51585615589865,0.2866279069767442,152,150,Swing/v_Swing_g24_c02.avi
2.581063055403506,4.283505267178262,101.53324578678651,0.4008720930232558,235.46046511627907,131.29567934146635,0.1813953488372093,127,125,Swing/v_Swing_g24_c03.avi
5.9862749033370894,18.962362750967078,338.71079108879894,0.507703488372093,232.5581395348837,172.25093948852123,0.2616279069767442,127,125,Swing/v_Swing_g24_c04.avi
2.9049613362643067,14.403215675061542,296.952858211535,0.49447674418604654,215.5906976744186,158.07063451148062,0.3127906976744186,152,150,Swing/v_Swing_g24_c05.avi
2.1286258895049626,6.243275064158581,134.6476884316994,0.7109011627906977,671.5906976744186,1232.3463647466017,0.3005813953488372,319,316,Swing/v_Swing_g25_c01.avi
2.8750546004577604,8.138390653714533,170.75128110793196,0.6819767441860465,803.3116279069767,1341.7703718576531,0.1819767441860465,319,316,Swing/v_Swing_g25_c02.avi
2.486781066412636,8.453542009576429,154.03839821615907,0.6859011627906977,397.65581395348835,827.5698762887738,0.2575581395348837,319,316,Swing/v_Swing_g25_c03.avi
3.0701178189959673,8.21826758446317,169.0562036720333,0.6674418604651163,819.7209302325581,1381.9205766829004,0.21046511627906977,319,316,Swing/v_Swing_g25_c04.avi
1.9611023803766237,6.218914954938887,104.6900186264192,0.60625,231.55348837209303,271.96734700450435,0.5063953488372093,88,86,TableTennisShot/v_TableTennisShot_g08_c01.avi
0.9615800313205503,2.8691382860891834,37.0,0.8209302325581396,477.4697674418605,841.8554909784955,0.2116279069767442,53,51,TableTennisShot/v_TableTennisShot_g08_c02.avi
1.1799567503891504,3.0592169065006187,99.0,0.6594476744186046,443.646511627907,837.6268279806633,0.23895348837209301,67,65,TableTennisShot/v_TableTennisShot_g08_c03.avi
1.8417947264082168,5.360249893679723,54.42023980101521,0.833139534883721,325.7674418604651,451.8928066559695,0.24825581395348836,66,64,TableTennisShot/v_TableTennisShot_g08_c04.avi
1.6364078072112527,7.977131602846827,161.01242188104618,0.7460755813953488,322.5302325581395,339.48951796325423,0.37209302325581395,102,100,TableTennisShot/v_TableTennisShot_g09_c01.avi
1.2663738978202195,3.334062649344915,29.0,0.7806686046511628,292.83720930232556,274.9289066863411,0.26395348837209304,78,76,TableTennisShot/v_TableTennisShot_g09_c02.avi
0.3477227261606364,1.4378186475088595,48.093658625644196,0.9079941860465116,339.9441860465116,324.7020769032248,0.26046511627906976,79,77,TableTennisShot/v_TableTennisShot_g09_c03.avi
0.456203693610294,2.037629073588999,47.802981078589646,0.915406976744186,356.2418604651163,341.24262270417955,0.2686046511627907,152,150,TableTennisShot/v_TableTennisShot_g09_c04.avi
0.7078383917211504,6.712627379600956,157.25496812501663,0.9553779069767442,228.9860465116279,274.9782144278912,0.5267441860465116,166,163,TableTennisShot/v_TableTennisShot_g09_c05.avi
0.30021895625705985,1.1002612793376558,21.0,0.9180232558139535,367.293023255814,350.9015931723022,0.27151162790697675,120,118,TableTennisShot/v_TableTennisShot_g09_c06.avi
0.39693295795647654,1.628611568301467,18.508866118701057,0.9178779069767442,459.3860465116279,389.7600869595238,0.20116279069767443,78,76,TableTennisShot/v_TableTennisShot_g09_c07.avi
0.1912937247923895,1.1018988826695075,16.982067748068843,0.9662790697674418,187.7953488372093,104.95392112618774,0.3691860465116279,179,176,TableTennisShot/v_TableTennisShot_g10_c01.avi
0.19153362059695409,1.0813088148142396,29.142162325400633,0.9604651162790697,191.92558139534884,131.1427911521392,0.3825581395348837,209,206,TableTennisShot/v_TableTennisShot_g10_c02.avi
0.28080676420941447,2.958230173405825,106.0212242902335,0.9497093023255814,197.73023255813953,137.6130799875755,0.363953488372093,145,143,TableTennisShot/v_TableTennisShot_g10_c03.avi
0.2275022773713335,0.8804275599700467,11.261105629555209,0.934593023255814,200.07441860465116,103.00776239213273,0.3075581395348837,135,133,TableTennisShot/v_TableTennisShot_g10_c04.avi
0.24135093702071783,0.8340476818018193,18.607794065928395,0.9620639534883721,246.73488372093024,197.4479959602209,0.2505813953488372,99,97,TableTennisShot/v_TableTennisShot_g11_c01.avi
0.2008259729682886,0.611640323210209,15.811388300841896,0.9627906976744186,223.1813953488372,164.57618474159472,0.2895348837209302,101,99,TableTennisShot/v_TableTennisShot_g11_c02.avi
0.23659649370780794,1.199786131453904,20.885476413048373,0.9659883720930232,212.24186046511628,134.38887383445163,0.29069767441860467,137,135,TableTennisShot/v_TableTennisShot_g11_c03.avi
0.3442819450642663,1.6975588750211965,39.20459156782532,0.9376453488372093,561.3023255813954,1034.7393680352716,0.2796511627906977,173,170,TableTennisShot/v_TableTennisShot_g11_c04.avi
0.2689298625143685,1.197186071868492,30.75101624336991,0.9402616279069768,318.1767441860465,441.2072512198032,0.22267441860465118,155,153,TableTennisShot/v_TableTennisShot_g11_c05.avi
0.8505198804425819,1.9433441303560668,39.319206502675,0.752906976744186,351.3302325581395,334.54501941625875,0.2593023255813954,146,144,TableTennisShot/v_TableTennisShot_g12_c01.avi
1.004357300090763,2.7743199146113344,68.73136110975832,0.7334302325581395,416.8558139534884,597.4022622415438,0.21569767441860466,89,87,TableTennisShot/v_TableTennisShot_g12_c02.avi
1.8936468135834983,10.005322470799145,261.0,0.7738372093023256,355.90697674418607,343.9367041520183,0.2796511627906977,104,102,TableTennisShot/v_TableTennisShot_g12_c03.avi
0.6346883466486399,1.6678756390678107,28.30415163893806,0.8114825581395348,389.84186046511627,345.9838322829404,0.18895348837209303,130,128,TableTennisShot/v_TableTennisShot_g12_c04.avi
0.8058428273515188,4.119476301362812,136.88316185711082,0.8104651162790698,225.4139534883721,148.60370520498134,0.25232558139534883,152,150,TableTennisShot/v_TableTennisShot_g13_c01.avi
0.23584539384449266,0.8119758186047463,16.875,0.9350290697674418,220.72558139534883,147.70628947422438,0.27209302325581397,136,134,TableTennisShot/v_TableTennisShot_g13_c02.avi
0.30051260245771283,1.5169162256524957,25.001249968751562,0.9447674418604651,239.70232558139534,190.5212061545687,0.26627906976744187,127,125,TableTennisShot/v_TableTennisShot_g13_c03.avi
0.9667267201731089,7.671771508260451,129.75216761195168,0.8888081395348837,237.13488372093022,183.57680210608885,0.2633720930232558,133,131,TableTennisShot/v_TableTennisShot_g13_c04.avi
0.0695144355387688,0.4055989324178141,12.589678312014172,0.9745639534883721,286.0279069767442,291.6578740584084,0.3412790697674419,239,236,TableTennisShot/v_TableTennisShot_g14_c01.avi
0.0980203271601394,0.45429358198418773,8.427076895341587,0.9582848837209302,300.09302325581393,307.5865402106648,0.34011627906976744,222,219,TableTennisShot/v_TableTennisShot_g14_c02.avi
0.06875674592540343,0.3458622720070651,8.94863816454772,0.98125,297.52558139534887,281.1289831368258,0.2651162790697674,188,185,TableTennisShot/v_TableTennisShot_g14_c03.avi
0.09417907569781661,0.548417663137688,14.035668847618199,0.9681686046511628,283.7953488372093,272.9049838513852,0.2924418604651163,252,249,TableTennisShot/v_TableTennisShot_g14_c04.avi
0.13606426036554317,1.8745761046924014,69.46221994724903,0.9828488372093023,224.4093023255814,222.8164327516362,0.4063953488372093,162,160,TableTennisShot/v_TableTennisShot_g14_c05.avi
0.1553650110460083,0.7882872438075162,13.038404810405298,0.9699127906976744,223.51627906976745,124.3756817071093,0.225,97,95,TableTennisShot/v_TableTennisShot_g15_c01.avi
0.18155647141875167,0.9664778315350863,18.90147150356289,0.9627906976744186,186.56744186046512,116.85026737872352,0.38953488372093026,179,176,TableTennisShot/v_TableTennisShot_g15_c02.avi
0.10895680332137399,0.6693031558483734,16.194134740701646,0.9734011627906977,226.53023255813955,148.10730794727104,0.24651162790697675,107,105,TableTennisShot/v_TableTennisShot_g15_c03.avi
0.14602664537697452,0.8145319413750327,15.524174696260024,0.9751453488372093,224.07441860465116,160.26766577956212,0.2779069767441861,77,75,TableTennisShot/v_TableTennisShot_g15_c04.avi
0.19417047486954483,0.9655387735355652,16.592543506045118,0.954796511627907,220.05581395348838,150.8487511450191,0.2802325581395349,107,105,TableTennisShot/v_TableTennisShot_g15_c05.avi
0.12984197307399467,0.8462812918671302,17.029386365926403,0.973546511627907,196.6139534883721,114.10185083266484,0.3372093023255814,88,86,TableTennisShot/v_TableTennisShot_g15_c06.avi
0.3760881420799681,4.190559920554642,117.88162759734868,0.9489825581395349,232.7813953488372,173.39720130760134,0.2627906976744186,179,176,TableTennisShot/v_TableTennisShot_g15_c07.avi
0.1650148904487008,0.8808245770266386,16.474411977366596,0.9609011627906977,394.75348837209305,335.0807048561601,0.13546511627906976,209,206,TableTennisShot/v_TableTennisShot_g16_c01.avi
0.1634313158870589,0.8837256263137917,31.785413321207574,0.9640988372093023,427.68372093023254,366.48643804358653,0.17325581395348838,271,268,TableTennisShot/v_TableTennisShot_g16_c02.avi
0.18332668443014674,0.9800221323154772,14.420579912056242,0.9699127906976744,400.0,342.7885645700568,0.15,256,253,TableTennisShot/v_TableTennisShot_g16_c03.avi
0.23767189222057075,1.330984213173868,19.42010877930399,0.9671511627906977,338.3813953488372,332.7259975134327,0.2941860465116279,261,258,TableTennisShot/v_TableTennisShot_g16_c04.avi
0.17021098080174396,1.0343144509053896,17.553489681541958,0.9713662790697675,388.3906976744186,342.5919206570892,0.18023255813953487,262,259,TableTennisShot/v_TableTennisShot_g16_c05.avi
0.21287099557501177,1.0579033528272495,12.625,0.9638081395348838,437.28372093023256,359.87396820387806,0.12558139534883722,236,233,TableTennisShot/v_TableTennisShot_g16_c06.avi
0.19585084779565076,1.1151013989816119,24.764515945198685,0.9601744186046511,513.6372093023256,514.1695300114661,0.12558139534883722,72,70,TableTennisShot/v_TableTennisShot_g16_c07.avi
0.5631759494705891,2.655217378149781,87.36704184073076,0.9008720930232558,508.72558139534885,707.8179729520608,0.2255813953488372,129,127,TableTennisShot/v_TableTennisShot_g17_c01.avi
0.6327983770446692,3.0697074195003045,85.37564055396598,0.9143895348837209,460.83720930232556,513.1749296126125,0.20755813953488372,77,75,TableTennisShot/v_TableTennisShot_g17_c02.avi
0.8740058293599253,6.4628521930085245,114.0,0.9505813953488372,237.69302325581396,264.66842564371063,0.45813953488372094,85,83,TableTennisShot/v_TableTennisShot_g17_c03.avi
0.4509623938636355,1.828108792312449,29.954392415804396,0.9024709302325581,469.7674418604651,512.4556855354831,0.1866279069767442,108,106,TableTennisShot/v_TableTennisShot_g17_c04.avi
0.3539576743657017,1.79762342411642,33.13608305156178,0.9286337209302326,334.69767441860466,338.49540788226705,0.32732558139534884,203,200,TableTennisShot/v_TableTennisShot_g18_c01.avi
0.3094785560122235,1.4079499428378814,27.202941017470888,0.9270348837209302,362.9395348837209,347.9367906638476,0.27325581395348836,147,145,TableTennisShot/v_TableTennisShot_g18_c02.avi
0.2671110603817352,1.3138575381485056,30.562436094002717,0.9309593023255814,348.53953488372093,336.76271001344196,0.2761627906976744,173,170,TableTennisShot/v_TableTennisShot_g18_c03.avi
0.49077200362025786,2.0981317908973653,24.456913644202942,0.9238372093023256,369.07906976744187,497.5483973458866,0.34593023255813954,172,169,TableTennisShot/v_TableTennisShot_g18_c04.avi
0.23183216867193884,1.3068203985798688,40.70626487409524,0.9395348837209302,247.40465116279069,233.9426663547233,0.33313953488372094,227,224,TableTennisShot/v_TableTennisShot_g19_c01.avi
0.17764631341714635,0.6942933522555677,16.278820596099706,0.9462209302325582,337.153488372093,674.7962928961864,0.3819767441860465,256,253,TableTennisShot/v_TableTennisShot_g19_c02.avi
0.3183223335638452,1.9254346802964228,57.4543296888929,0.9337209302325581,239.70232558139534,227.44179883006726,0.35,218,215,TableTennisShot/v_TableTennisShot_g19_c03.avi
0.2209274180529106,0.8174317212039066,8.276472678623424,0.9386627906976744,248.29767441860466,225.19858883482445,0.3075581395348837,217,214,TableTennisShot/v_TableTennisShot_g19_c04.avi
0.1993729215629979,1.3561860926672071,37.20215047547655,0.9523255813953488,234.90232558139536,193.56932474688176,0.2936046511627907,233,230,TableTennisShot/v_TableTennisShot_g19_c05.avi
0.26317955642496704,1.3357326614023235,23.559101213756012,0.9462209302325582,186.90232558139536,143.1589935576949,0.425,261,258,TableTennisShot/v_TableTennisShot_g19_c06.avi
0.2620837696707306,1.117618856641964,14.212670403551895,0.9427325581395349,214.47441860465116,168.93311748381817,0.3372093023255814,293,290,TableTennisShot/v_TableTennisShot_g19_c07.avi
0.3945308236072569,2.4034155286188734,55.5,0.9199127906976744,345.6372093023256,308.5543765151138,0.1866279069767442,99,97,TableTennisShot/v_TableTennisShot_g20_c01.avi
0.3839732205134251,1.334468205235029,27.294688127912362,0.9015988372093023,398.4372093023256,340.7468875957131,0.14651162790697675,153,151,TableTennisShot/v_TableTennisShot_g20_c02.avi
0.642054775505553,1.5846883704325703,45.45327270945405,0.8024709302325581,277.09767441860464,248.88765513442527,0.2505813953488372,143,141,TableTennisShot/v_TableTennisShot_g20_c03.avi
0.6305931232643643,1.7742139508977768,20.0,0.8738372093023256,296.07441860465116,277.2339018272051,0.25872093023255816,152,150,TableTennisShot/v_TableTennisShot_g20_c04.avi
0.3318322417869228,0.8798650100925051,17.707696066964782,0.9026162790697675,324.87441860465117,288.4338754522133,0.19011627906976744,119,117,TableTennisShot/v_TableTennisShot_g20_c05.avi
0.6652089892754621,1.9843438580797297,39.291379461657996,0.8542151162790698,310.92093023255813,278.0520083174499,0.2069767441860465,111,109,TableTennisShot/v_TableTennisShot_g20_c06.avi
0.5634667768079279,4.4354643130723455,80.0097650290263,0.9290697674418604,339.9441860465116,306.3622975333598,0.19767441860465115,149,147,TableTennisShot/v_TableTennisShot_g20_c07.avi
1.1917913267699882,1.8403509966835052,19.235384061671343,0.5699127906976744,191.03255813953487,148.22218978485884,0.4127906976744186,77,75,TableTennisShot/v_TableTennisShot_g21_c01.avi
0.6082133323776906,1.118120624001733,15.297058540778355,0.7925872093023256,208.33488372093024,180.55140205250694,0.3877906976744186,77,75,TableTennisShot/v_TableTennisShot_g21_c02.avi
0.8351257705653552,1.470077175620206,20.615528128088304,0.6646802325581396,221.6186046511628,131.99007583520526,0.2441860465116279,77,75,TableTennisShot/v_TableTennisShot_g21_c03.avi
0.9046935145442113,1.3704280600260488,24.908896503056894,0.5982558139534884,1476.9860465116278,1789.084379252239,0.12441860465116279,59,57,TableTennisShot/v_TableTennisShot_g21_c04.avi
0.27300820388385355,2.753929216919704,165.42369842317032,0.9476744186046512,270.51162790697674,260.2510748446873,0.3081395348837209,252,249,TableTennisShot/v_TableTennisShot_g22_c01.avi
0.14418622384132518,0.8562156430925988,24.186773244895647,0.9674418604651163,295.6279069767442,452.4577340279043,0.35872093023255813,205,202,TableTennisShot/v_TableTennisShot_g22_c02.avi
0.18265739974573258,0.8244857291864311,17.88854381999832,0.948110465116279,267.0511627906977,282.1850822389142,0.3866279069767442,207,204,TableTennisShot/v_TableTennisShot_g22_c03.avi
0.07848213700543419,0.45854906373396165,15.264337522473747,0.9742732558139535,368.63255813953486,318.02865142312896,0.14825581395348839,217,214,TableTennisShot/v_TableTennisShot_g22_c04.avi
0.12165503670827842,0.8227292223231393,30.34823924052267,0.9593023255813954,374.9953488372093,465.56899418932494,0.16162790697674417,232,229,TableTennisShot/v_TableTennisShot_g22_c05.avi
0.3607551070115028,3.0840470217818714,108.25346414780452,0.9489825581395349,296.1860465116279,287.8009046815745,0.29069767441860467,252,249,TableTennisShot/v_TableTennisShot_g22_c06.avi
0.2091647279689369,0.6769708578999348,13.536986370680884,0.9254360465116279,309.0232558139535,284.398793734734,0.23313953488372094,237,234,TableTennisShot/v_TableTennisShot_g22_c07.avi
0.5771120449243138,1.8472503011905632,43.00072673804479,0.8399709302325581,433.48837209302326,905.0724337476577,0.30348837209302326,225,222,TableTennisShot/v_TableTennisShot_g23_c01.avi
0.35723844514605163,1.4342343680094263,28.5,0.9164244186046512,591.4418604651163,1033.1738704689517,0.24127906976744187,229,226,TableTennisShot/v_TableTennisShot_g23_c02.avi
0.6587443689536511,1.3255371630460016,15.846923991740478,0.7542151162790698,722.3813953488373,1266.778335863069,0.20348837209302326,257,254,TableTennisShot/v_TableTennisShot_g23_c03.avi
1.327853001392176,2.7875808193793588,26.019223662515376,0.736046511627907,547.2372093023256,1082.097916951734,0.24127906976744187,292,289,TableTennisShot/v_TableTennisShot_g23_c04.avi
0.5592108469598848,1.4321029175422784,22.5,0.8655523255813954,345.30232558139534,655.1711842658117,0.21395348837209302,130,128,TableTennisShot/v_TableTennisShot_g23_c05.avi
0.6243506456632839,1.3708829574522752,21.702894392223357,0.80625,241.6,152.09436483299928,0.1866279069767442,302,299,TableTennisShot/v_TableTennisShot_g23_c06.avi
2.2756841444315516,4.907403152107222,34.77157603560701,0.6986918604651163,300.98604651162793,544.2914359487578,0.24011627906976743,277,274,TableTennisShot/v_TableTennisShot_g23_c07.avi
0.40551524560648866,3.8434816353242653,151.92103211866353,0.9258720930232558,322.0837209302326,324.8678192242963,0.3209302325581395,227,224,TableTennisShot/v_TableTennisShot_g24_c01.avi
0.42965049363652397,3.694197863570308,133.0460446612375,0.9215116279069767,313.3767441860465,326.45245021268386,0.3569767441860465,227,224,TableTennisShot/v_TableTennisShot_g24_c02.avi
0.3791779691867414,3.3113173148815838,225.3778078028092,0.95,339.8325581395349,337.7049350039381,0.3075581395348837,252,249,TableTennisShot/v_TableTennisShot_g24_c03.avi
0.3553628304817862,1.447153963887233,16.759791913982703,0.9300872093023256,307.46046511627907,321.925265153218,0.3622093023255814,261,258,TableTennisShot/v_TableTennisShot_g24_c04.avi
0.34817209954077494,1.636924974752248,25.124689052802225,0.940406976744186,296.74418604651163,315.2688105907627,0.3784883720930233,209,206,TableTennisShot/v_TableTennisShot_g24_c05.avi
0.21867785822411978,1.053257827413857,18.027756377319946,0.9398255813953489,331.57209302325583,333.0859839584559,0.31802325581395346,227,224,TableTennisShot/v_TableTennisShot_g24_c06.avi
0.29455998541468476,1.2937390966930962,23.00135865552294,0.9215116279069767,294.7348837209302,319.5045575128751,0.4005813953488372,283,280,TableTennisShot/v_TableTennisShot_g24_c07.avi
0.24105515324274782,1.0718118236581866,27.892651361962706,0.9440406976744186,209.89767441860465,174.07480013230892,0.3680232558139535,177,174,TableTennisShot/v_TableTennisShot_g25_c01.avi
0.23980433029750345,0.8467068488099815,19.460296117993682,0.9420058139534884,203.2,149.50769444304333,0.3563953488372093,232,229,TableTennisShot/v_TableTennisShot_g25_c02.avi
0.25155432458119564,0.9817196514841087,16.76305461424021,0.9383720930232559,204.9860465116279,130.58036745023998,0.3191860465116279,233,230,TableTennisShot/v_TableTennisShot_g25_c03.avi
0.20881817444914272,0.8703479338626764,17.18011204852867,0.9517441860465117,225.74883720930234,192.46279540453264,0.3319767441860465,210,207,TableTennisShot/v_TableTennisShot_g25_c04.avi
0.19668195097375687,0.7661946943989564,13.0,0.9428779069767442,223.51627906976745,187.58268493781682,0.3319767441860465,205,202,TableTennisShot/v_TableTennisShot_g25_c05.avi
0.38677139993169213,1.6450922704321411,22.580757848221126,0.9181686046511628,235.7953488372093,153.68041432078633,0.21453488372093024,219,216,TableTennisShot/v_TableTennisShot_g25_c06.avi
0.1697115041952845,0.8301757266839167,15.751984002023365,0.9651162790697675,257.89767441860465,225.98713432032497,0.2691860465116279,353,349,TableTennisShot/v_TableTennisShot_g25_c07.avi
1.0618584563740838,1.6793360728324698,16.0,0.7473837209302325,426.5674418604651,754.4085833073975,0.15348837209302327,170,167,TaiChi/v_TaiChi_g08_c01.avi
1.6921357655539013,3.250134311746611,27.291253177529242,0.7351744186046512,371.86976744186046,671.769992314605,0.25232558139534883,187,184,TaiChi/v_TaiChi_g08_c02.avi
1.9667075418153817,3.7356238775550628,20.615528128088304,0.7292151162790698,293.3953488372093,434.28241478595487,0.2796511627906977,187,184,TaiChi/v_TaiChi_g08_c03.avi
1.893800830449747,1.9618490789261027,12.083045973594572,0.4627906976744186,758.7720930232558,1217.1512218683508,0.1697674418604651,169,166,TaiChi/v_TaiChi_g08_c04.avi
0.12699678823323696,0.36494028114432386,7.615773105863909,0.9636627906976745,280.33488372093024,282.1496872095171,0.33372093023255817,171,168,TaiChi/v_TaiChi_g09_c01.avi
0.15694168125482783,0.6086275118820966,15.75,0.9505813953488372,263.1441860465116,265.68905177601846,0.35348837209302325,170,167,TaiChi/v_TaiChi_g09_c02.avi
0.21431210070014772,0.6109489676566277,8.77852493303972,0.9354651162790698,305.5627906976744,280.89414460955385,0.23488372093023255,174,171,TaiChi/v_TaiChi_g09_c03.avi
0.21179379372280666,0.6093773051131891,6.768493185340442,0.9292151162790697,291.3860465116279,281.0158230928571,0.2877906976744186,171,168,TaiChi/v_TaiChi_g09_c04.avi
0.02514265229230668,0.2061390337874524,5.75,0.9924418604651163,857.5627906976745,1419.7384674033349,0.27151162790697675,176,173,TaiChi/v_TaiChi_g10_c01.avi
0.09037389572166082,0.529978198011427,16.347782724271816,0.9795058139534883,901.5441860465116,1498.2334517539548,0.4377906976744186,173,170,TaiChi/v_TaiChi_g10_c02.avi
1.395546979437994,2.280019768213232,17.5,0.6257267441860465,502.80930232558137,898.2583229768526,0.10755813953488372,182,179,TaiChi/v_TaiChi_g10_c03.avi
0.1317329637694952,0.7010877696153166,13.875,0.9805232558139535,840.3720930232558,1422.643151308643,0.27732558139534885,173,170,TaiChi/v_TaiChi_g10_c04.avi
0.02241511045953443,0.2001870880848152,4.527692569068709,0.9931686046511627,403.12558139534883,495.85809864996156,0.24302325581395348,190,187,TaiChi/v_TaiChi_g11_c01.avi
0.03145548710588641,0.35722570893966055,9.013878188659973,0.9956395348837209,296.52093023255816,298.6097839158949,0.32383720930232557,171,168,TaiChi/v_TaiChi_g11_c02.avi
0.035857997467171686,0.32260493237044174,5.367727638395972,0.9921511627906977,336.8186046511628,334.201053020354,0.30465116279069765,183,180,TaiChi/v_TaiChi_g11_c03.avi
0.04890784243479819,0.3366630876355172,6.768493185340442,0.9880813953488372,293.73023255813956,272.14315960271824,0.25232558139534883,171,168,TaiChi/v_TaiChi_g11_c04.avi
1.1469423882071732,1.4583868979732841,24.06371750166628,0.5245639534883721,220.8372093023256,161.52426993569267,0.2947674418604651,183,180,TaiChi/v_TaiChi_g12_c01.avi
0.8727789212162945,1.2563422879558352,10.295630140987,0.7405523255813954,484.5023255813953,897.6615660725895,0.1308139534883721,177,174,TaiChi/v_TaiChi_g12_c02.avi
1.757895594627158,2.473060471674527,13.601470508735444,0.648546511627907,223.40465116279069,189.89137403224785,0.3372093023255814,177,174,TaiChi/v_TaiChi_g12_c03.avi
2.043761035501962,3.82693082885787,33.27348794460839,0.6670058139534883,412.9488372093023,763.5874645297813,0.2616279069767442,183,180,TaiChi/v_TaiChi_g12_c04.avi
0.30069060293323,0.6508386008974234,25.578311124857326,0.8776162790697675,423.7767441860465,496.1082650208096,0.1936046511627907,172,169,TaiChi/v_TaiChi_g13_c01.avi
0.3560576210957335,0.9430667314641794,18.0,0.8809593023255814,378.1209302325581,347.99064980631744,0.22906976744186047,203,200,TaiChi/v_TaiChi_g13_c02.avi
0.14937804317172576,0.3188055258297468,5.25,0.9789244186046512,324.98604651162793,332.55218130944843,0.3383720930232558,172,169,TaiChi/v_TaiChi_g13_c03.avi
0.12092065144388169,0.39477800261043544,8.31038506929733,0.9758720930232558,475.12558139534883,617.5986941534211,0.22616279069767442,171,168,TaiChi/v_TaiChi_g13_c04.avi
0.40528253152891347,1.1421354380640245,18.021254812026825,0.8776162790697675,442.4186046511628,375.207615864476,0.1755813953488372,171,168,TaiChi/v_TaiChi_g14_c01.avi
0.337443586403024,0.8869314292280106,9.303897032964198,0.9161337209302326,464.9674418604651,380.9338267144524,0.15348837209302327,171,168,TaiChi/v_TaiChi_g14_c02.avi
0.47401784783257234,1.0584612593948182,23.40939982143925,0.842296511627907,449.2279069767442,374.5897093941467,0.15872093023255815,182,179,TaiChi/v_TaiChi_g14_c03.avi
0.4323290533348485,1.300904349840253,8.753570700005799,0.9218023255813953,470.3255813953488,382.23064514737473,0.14883720930232558,182,179,TaiChi/v_TaiChi_g14_c04.avi
0.08128882103604687,0.3246525899687337,8.375932783875477,0.9792151162790698,311.1441860465116,546.2869955764693,0.21511627906976744,174,171,TaiChi/v_TaiChi_g15_c01.avi
0.4261279738135558,1.075096828761309,10.000781219484805,0.8709302325581395,629.6186046511627,1079.9811125083609,0.17034883720930233,174,171,TaiChi/v_TaiChi_g15_c02.avi
0.09612942238621273,0.3403574061897357,8.4335638967165,0.9800872093023256,178.75348837209302,125.39029180334867,0.43953488372093025,178,175,TaiChi/v_TaiChi_g15_c03.avi
0.09472053251289726,0.3374941391732413,8.4335638967165,0.9815406976744186,183.88837209302326,101.78384120236403,0.38488372093023254,178,175,TaiChi/v_TaiChi_g15_c04.avi
0.052927732185945396,0.2883609763728834,6.768493185340442,0.9888081395348837,431.70232558139537,369.3659995485489,0.1755813953488372,173,170,TaiChi/v_TaiChi_g16_c01.avi
0.2465480169869781,0.7100998397703536,16.0312195418814,0.9811046511627907,423.553488372093,378.069054445999,0.22965116279069767,200,197,TaiChi/v_TaiChi_g16_c02.avi
0.1626565301908274,0.3493153769113887,8.246211251235321,0.9796511627906976,421.8790697674419,380.9225084828962,0.2453488372093023,192,189,TaiChi/v_TaiChi_g16_c03.avi
0.551951732032391,1.2717281225851245,8.59142013871979,0.8530523255813953,428.353488372093,368.3312281773322,0.17906976744186046,183,180,TaiChi/v_TaiChi_g16_c04.avi
0.8004893892242346,3.4108484914724824,113.0622063290824,0.7257267441860465,276.6511627906977,263.31826032308913,0.2924418604651163,191,188,TaiChi/v_TaiChi_g17_c01.avi
1.420458345518209,2.8839193884762224,72.86159825312646,0.5896802325581395,263.5906976744186,258.1482175786773,0.3302325581395349,175,172,TaiChi/v_TaiChi_g17_c02.avi
3.4262286339297843,9.322264193412975,46.997672814725625,0.8200581395348837,506.8279069767442,920.0723344479768,0.3168604651162791,177,174,TaiChi/v_TaiChi_g17_c03.avi
1.7204481156670628,5.78486991133215,95.5,0.6677325581395349,257.6744186046512,247.79321094837087,0.3261627906976744,183,180,TaiChi/v_TaiChi_g17_c04.avi
2.49170706309142,4.80684682118348,25.495097567963924,0.6693313953488372,268.83720930232556,423.22400084888574,0.32383720930232557,213,210,TaiChi/v_TaiChi_g18_c01.avi
0.6151572392044411,0.7001167841591477,9.899494936611665,0.8098837209302325,289.93488372093026,557.8972944088431,0.3627906976744186,180,177,TaiChi/v_TaiChi_g18_c02.avi
2.2928762240468115,2.482590116512956,16.750466411416728,0.4565406976744186,488.9674418604651,830.7485858510119,0.09127906976744186,171,168,TaiChi/v_TaiChi_g18_c03.avi
2.485873241506366,3.2661643105439095,21.5,0.47732558139534886,610.1953488372093,1076.9363346157359,0.13895348837209304,172,169,TaiChi/v_TaiChi_g18_c04.avi
2.6569321442817815,5.0626487388441825,24.261595166023195,0.48125,781.2093023255813,1303.5614999299087,0.19244186046511627,169,166,TaiChi/v_TaiChi_g19_c01.avi
1.1158390542735328,3.4346509662832565,77.52267813356296,0.7402616279069767,599.3674418604651,1030.6605557920361,0.20930232558139536,181,178,TaiChi/v_TaiChi_g19_c02.avi
0.7089027098932913,7.328623901935233,255.32724100651697,0.9037790697674418,660.2046511627907,1081.9240204491616,0.19476744186046513,175,172,TaiChi/v_TaiChi_g19_c03.avi
3.803377544339597,10.707775041744332,290.0431002454635,0.7058139534883721,1031.5906976744186,1530.0254382767405,0.2302325581395349,185,182,TaiChi/v_TaiChi_g19_c04.avi
0.0329598026115774,0.3289343527036208,13.038404810405298,0.9931686046511627,467.42325581395346,842.0199204507642,0.2313953488372093,174,171,TaiChi/v_TaiChi_g20_c01.avi
1.1698903126092763,2.6759223489040433,12.083045973594572,0.8440406976744186,962.8279069767442,1392.8458413714893,0.1697674418604651,179,176,TaiChi/v_TaiChi_g20_c02.avi
0.2643241572227223,0.5785011112291673,7.632168761236874,0.9084302325581395,565.0976744186047,977.6231569328418,0.24825581395348836,174,171,TaiChi/v_TaiChi_g20_c03.avi
0.28598670968831846,1.451374627630815,14.036782038629795,0.9659883720930232,998.7720930232558,1422.7378712833895,0.16395348837209303,171,168,TaiChi/v_TaiChi_g20_c04.avi
2.009902308718451,1.5620697705701785,19.76937340939262,0.21511627906976744,331.90697674418607,265.5899807189679,0.09767441860465116,172,169,TaiChi/v_TaiChi_g21_c01.avi
2.1255593575386365,3.6826630867230437,46.09772228646444,0.6075581395348837,663.553488372093,1130.583395677141,0.18430232558139534,183,180,TaiChi/v_TaiChi_g21_c02.avi
0.9837452358401747,1.0790059546665833,16.97056274847714,0.6427325581395349,253.09767441860464,145.34124958799885,0.12674418604651164,172,169,TaiChi/v_TaiChi_g21_c03.avi
1.9671669468978192,1.771944744715086,21.02379604162864,0.32979651162790696,293.0604651162791,248.61557336722473,0.1883720930232558,172,169,TaiChi/v_TaiChi_g21_c04.avi
0.2237529482498102,0.4072946404125889,10.816653826391969,0.9354651162790698,532.2790697674419,905.5863403312152,0.14011627906976745,216,213,TaiChi/v_TaiChi_g22_c01.avi
0.17322799214050613,0.5448892624914751,23.561090806666826,0.9757267441860465,661.9906976744186,1172.0345021935452,0.1063953488372093,216,213,TaiChi/v_TaiChi_g22_c02.avi
0.6574005183228308,1.8984456554295515,94.13288479590966,0.765843023255814,474.6790697674419,840.1009708301928,0.2005813953488372,223,220,TaiChi/v_TaiChi_g22_c03.avi
2.5661629240421817,6.830241658002956,40.792156108742276,0.78125,556.6139534883721,1028.2414316033785,0.21104651162790697,216,213,TaiChi/v_TaiChi_g22_c04.avi
0.7509967394873794,2.0724271292727288,119.62650208043367,0.8340116279069767,395.86976744186046,759.2177502810418,0.2691860465116279,232,229,TaiChi/v_TaiChi_g23_c01.avi
1.3324322621293523,2.124684995661791,38.63935817272331,0.5561046511627907,518.5488372093023,959.6848979893769,0.10930232558139535,250,247,TaiChi/v_TaiChi_g23_c02.avi
0.6171725446736773,1.898182900204848,33.02461203405726,0.8875,914.6046511627907,1443.802443155603,0.20232558139534884,231,228,TaiChi/v_TaiChi_g23_c03.avi
0.3279699978380098,0.7532169363420836,19.026297590440446,0.9,247.73953488372092,254.86888023336937,0.3872093023255814,268,265,TaiChi/v_TaiChi_g23_c04.avi
0.05473054549739166,0.2251253845212419,9.055385138137417,0.9890988372093024,570.6790697674419,1022.0762290230697,0.1308139534883721,215,212,TaiChi/v_TaiChi_g24_c01.avi
2.7824743100064,6.100372382104742,59.43904440685432,0.7063953488372093,463.6279069767442,693.0178367198771,0.1883720930232558,215,212,TaiChi/v_TaiChi_g24_c02.avi
0.2559276396245468,1.0602398791857166,20.144012758137343,0.9668604651162791,655.1813953488372,1183.1078661346485,0.24651162790697675,222,219,TaiChi/v_TaiChi_g24_c03.avi
0.2251854894233391,0.46831625095174395,11.543396380615196,0.9661337209302325,364.1674418604651,655.4522173068954,0.15755813953488373,222,219,TaiChi/v_TaiChi_g24_c04.avi
0.10929212450486653,0.5423273949594823,9.031195934094221,0.9744186046511628,949.0976744186047,1435.2833039343598,0.17848837209302326,191,188,TaiChi/v_TaiChi_g25_c01.avi
0.09089658237197643,0.40836600390396094,10.0,0.9895348837209302,232.89302325581394,186.4550639740246,0.2877906976744186,183,180,TaiChi/v_TaiChi_g25_c02.avi
0.0955924972804986,0.34044856424976205,8.514693182963201,0.9866279069767442,351.4418604651163,757.8866977456421,0.3866279069767442,184,181,TaiChi/v_TaiChi_g25_c03.avi
0.1017209353829906,0.23526692441440658,4.123105625617661,0.9899709302325581,303.66511627906976,551.4196135235624,0.27267441860465114,183,180,TaiChi/v_TaiChi_g25_c04.avi
1.8067226163663144,4.310371096635199,29.309767996352342,0.6688953488372092,239.14418604651163,185.0506219896493,0.2575581395348837,193,190,TennisSwing/v_TennisSwing_g08_c01.avi
2.202776127283006,9.99871293444445,143.5002177698696,0.7902616279069767,221.84186046511627,155.73129247843477,0.2802325581395349,235,232,TennisSwing/v_TennisSwing_g08_c02.avi
1.9083566840061665,3.940093655171382,31.832815222659775,0.6847383720930232,290.71627906976744,223.60045027436522,0.13313953488372093,211,208,TennisSwing/v_TennisSwing_g08_c03.avi
3.3947486084961507,9.638338340679672,123.77524994925278,0.8015988372093024,180.53953488372093,184.62000463495707,0.5302325581395348,285,282,TennisSwing/v_TennisSwing_g08_c04.avi
1.5365188316614964,6.714614036326966,115.57248807566617,0.8299418604651163,195.1627906976744,145.8347153350778,0.38895348837209304,120,118,TennisSwing/v_TennisSwing_g08_c05.avi
1.555076808095725,2.8999439464798518,19.49118390452463,0.6799418604651163,221.95348837209303,176.3429472532735,0.3168604651162791,181,178,TennisSwing/v_TennisSwing_g08_c06.avi
0.18981748493528122,0.8455796431312431,17.26267650163207,0.9648255813953488,391.51627906976745,755.7508070079261,0.25232558139534883,103,101,TennisSwing/v_TennisSwing_g09_c01.avi
0.086860802357992,0.5006147976015884,9.490949636364109,0.9821220930232558,575.2558139534884,1085.764891528318,0.26046511627906976,121,119,TennisSwing/v_TennisSwing_g09_c02.avi
0.13966845678113585,1.529370105109063,57.0087712549569,0.9754360465116279,279.66511627906976,425.86325946231875,0.2930232558139535,134,132,TennisSwing/v_TennisSwing_g09_c03.avi
0.09440106582286217,0.6718370753220766,17.029386365926403,0.9763081395348837,292.5023255813953,428.09602133512493,0.25406976744186044,114,112,TennisSwing/v_TennisSwing_g09_c04.avi
0.08765265540601426,1.2701402792057024,38.118237105091836,0.9895348837209302,686.660465116279,1224.9324275885276,0.20813953488372092,117,115,TennisSwing/v_TennisSwing_g09_c05.avi
0.08564244061155896,0.7340392552037317,18.027756377319946,0.990843023255814,599.5906976744186,1135.8289340192596,0.25465116279069766,121,119,TennisSwing/v_TennisSwing_g09_c06.avi
0.3526613317001201,1.5704734023558689,56.2638871746345,0.9315406976744186,225.07906976744187,248.11825440014792,0.4680232558139535,124,122,TennisSwing/v_TennisSwing_g09_c07.avi
0.1581620822208476,1.7707599156047897,59.00847396772772,0.9802325581395349,388.9488372093023,355.73064305120613,0.22848837209302325,138,136,TennisSwing/v_TennisSwing_g10_c01.avi
0.061570183807719475,0.6149275510083603,30.251033040212032,0.9838662790697674,547.7953488372093,703.2214742446591,0.14302325581395348,336,332,TennisSwing/v_TennisSwing_g10_c02.avi
0.24084742647897894,1.8161326775136424,50.262591705959615,0.945203488372093,446.9953488372093,373.4443017238241,0.15872093023255815,101,99,TennisSwing/v_TennisSwing_g10_c03.avi
0.5290390582646148,7.2035196876716805,147.3295625460145,0.9566860465116279,318.846511627907,311.68524623470614,0.2866279069767442,125,123,TennisSwing/v_TennisSwing_g10_c04.avi
0.13380533594011415,1.4613328372221437,34.4183817167513,0.9784883720930233,442.6418604651163,372.7465590954112,0.16511627906976745,113,111,TennisSwing/v_TennisSwing_g10_c05.avi
0.1947139070777823,1.658601970069145,67.00746227100382,0.953343023255814,417.6372093023256,370.7380426795805,0.21395348837209302,100,98,TennisSwing/v_TennisSwing_g10_c06.avi
0.215493591668989,1.2764806343672885,35.12588966844826,0.9478197674418605,346.86511627906975,340.2239145606022,0.2941860465116279,193,190,TennisSwing/v_TennisSwing_g10_c07.avi
1.099362583220117,3.121042584800606,117.03845521878696,0.7713662790697674,212.5767441860465,163.08982378418898,0.3354651162790698,126,124,TennisSwing/v_TennisSwing_g11_c01.avi
0.9400701735458897,3.0215238035962813,83.75037313349715,0.8382267441860465,272.29767441860463,226.8756953871048,0.2127906976744186,92,90,TennisSwing/v_TennisSwing_g11_c02.avi
0.6337986788386755,2.9708587671991764,46.00611372415627,0.8561046511627907,242.71627906976744,213.700221381993,0.3040697674418605,204,201,TennisSwing/v_TennisSwing_g11_c03.avi
0.5949822644680836,2.0546096456753413,53.03772242470448,0.821656976744186,278.2139534883721,240.46731787935522,0.2238372093023256,236,233,TennisSwing/v_TennisSwing_g11_c04.avi
0.32061146099314547,1.8228583041982427,68.0294054067798,0.9094476744186046,266.04651162790697,213.42543531950363,0.2058139534883721,297,294,TennisSwing/v_TennisSwing_g11_c05.avi
0.3649117200280763,1.9489829571856458,45.510987684294435,0.8718023255813954,334.47441860465113,459.4601261101197,0.2563953488372093,189,186,TennisSwing/v_TennisSwing_g11_c06.avi
0.2923068043008676,0.8028222558299724,18.0,0.9129360465116279,309.69302325581396,277.17276737547803,0.20872093023255814,95,93,TennisSwing/v_TennisSwing_g11_c07.avi
0.21862363507282623,2.6046154178847387,79.00039556862991,0.9707848837209302,386.3813953488372,583.7404836157987,0.2069767441860465,226,223,TennisSwing/v_TennisSwing_g12_c01.avi
0.3357491624305826,2.0194181493665733,29.80273687096539,0.952906976744186,312.3720930232558,455.6439360185791,0.3133720930232558,250,247,TennisSwing/v_TennisSwing_g12_c02.avi
0.13922190917987054,0.790785401628489,16.0312195418814,0.9688953488372093,303.553488372093,294.5666516346905,0.28488372093023256,369,365,TennisSwing/v_TennisSwing_g12_c03.avi
0.32951644218205756,2.2077466144147033,46.00271731104588,0.9578488372093024,256.78139534883724,224.56669103772802,0.2703488372093023,249,246,TennisSwing/v_TennisSwing_g12_c04.avi
0.11066179470495824,0.9458180248272002,37.013511046643494,0.9738372093023255,445.4325581395349,690.5406536104914,0.2063953488372093,188,185,TennisSwing/v_TennisSwing_g12_c05.avi
0.19849451761406794,1.1638600520717919,24.0,0.9620639534883721,302.9953488372093,274.51022766856204,0.225,93,91,TennisSwing/v_TennisSwing_g12_c06.avi
0.20562358233287986,1.1469790609994377,24.0,0.959593023255814,312.1488372093023,290.9578986343517,0.2424418604651163,189,186,TennisSwing/v_TennisSwing_g12_c07.avi
0.07945848881235143,0.35772965425360204,8.0,0.9792151162790698,249.9720930232558,240.2144374624196,0.3383720930232558,70,68,TennisSwing/v_TennisSwing_g13_c01.avi
0.048328525915584945,0.28370844195461475,10.056092680559383,0.9896802325581395,253.2093023255814,253.7657368830401,0.36104651162790696,70,68,TennisSwing/v_TennisSwing_g13_c02.avi
0.1418558999314222,0.5134111614100928,8.875,0.9784883720930233,325.3209302325581,290.40078845281806,0.19476744186046513,89,87,TennisSwing/v_TennisSwing_g13_c03.avi
0.09844243350467885,0.7050400234521427,16.24855762829427,0.9857558139534883,256.11162790697676,194.1645109350631,0.20406976744186048,89,87,TennisSwing/v_TennisSwing_g13_c04.avi
0.10560729507816652,0.6133417676431104,16.50189383070925,0.979360465116279,296.63255813953486,259.3763716990842,0.20465116279069767,82,80,TennisSwing/v_TennisSwing_g13_c05.avi
0.06849118265799047,0.49882547446345515,16.1245154965971,0.9872093023255814,290.8279069767442,232.00393573804917,0.15348837209302327,173,170,TennisSwing/v_TennisSwing_g13_c06.avi
0.08377906901731966,1.5873041558857792,57.752164461602646,0.9933139534883721,242.71627906976744,221.57841483555745,0.3226744186046512,225,222,TennisSwing/v_TennisSwing_g13_c07.avi
3.168279963092884,17.464882665807007,217.00345619367448,0.8553779069767442,263.36744186046514,252.3611473809101,0.31511627906976747,122,120,TennisSwing/v_TennisSwing_g14_c01.avi
1.845989246631556,4.5754730969659345,90.09439494219383,0.6672965116279069,179.646511627907,142.84115645080502,0.4604651162790698,114,112,TennisSwing/v_TennisSwing_g14_c02.avi
2.0053445524820854,8.237195121477319,94.92101980067429,0.7716569767441861,262.80930232558137,256.7965730173725,0.32965116279069767,114,112,TennisSwing/v_TennisSwing_g14_c03.avi
2.1002225290599856,4.990010061312949,57.17762892950354,0.6739825581395349,228.65116279069767,228.2176525101697,0.4005813953488372,92,90,TennisSwing/v_TennisSwing_g14_c04.avi
1.923713444646612,10.218674378429064,187.3679951992869,0.8497093023255814,208.89302325581394,219.03420715681244,0.4686046511627907,92,90,TennisSwing/v_TennisSwing_g14_c05.avi
1.7232588130774125,4.5705300544738465,74.73285756613352,0.752906976744186,219.72093023255815,188.82529461782062,0.35174418604651164,114,112,TennisSwing/v_TennisSwing_g14_c06.avi
1.8904698890113842,6.315294961594347,91.32702228803915,0.70625,211.7953488372093,195.58483551989255,0.40232558139534885,181,178,TennisSwing/v_TennisSwing_g14_c07.avi
0.2074750309500196,3.0039891546381208,132.015150645674,0.9520348837209303,231.88837209302326,228.16001444243727,0.386046511627907,162,160,TennisSwing/v_TennisSwing_g15_c01.avi
0.3325064175221567,2.4707550884032465,68.11754546370561,0.9476744186046512,396.31627906976746,369.33001876133454,0.2622093023255814,137,135,TennisSwing/v_TennisSwing_g15_c02.avi
0.1540374591100843,1.6185101356807667,64.28063471995279,0.9626453488372093,413.50697674418603,499.721111707529,0.2377906976744186,187,184,TennisSwing/v_TennisSwing_g15_c03.avi
0.1529966534999173,1.2403900215490786,72.00694410957877,0.9577034883720931,393.9720930232558,355.4745785079246,0.21395348837209302,187,184,TennisSwing/v_TennisSwing_g15_c04.avi
0.16967387807663756,0.8490500640658917,45.76468343602958,0.9331395348837209,414.95813953488374,360.8974255049121,0.1813953488372093,262,259,TennisSwing/v_TennisSwing_g15_c05.avi
0.19027125246435353,1.0815043612184296,33.40845701315761,0.936046511627907,462.06511627906974,378.7389300761397,0.15,76,74,TennisSwing/v_TennisSwing_g15_c06.avi
0.14480079376788846,0.9962829397150254,42.720018726587654,0.9594476744186047,458.3813953488372,384.44545822722546,0.1808139534883721,101,99,TennisSwing/v_TennisSwing_g15_c07.avi
0.1697457391968872,0.7735797725818315,8.0,0.9693313953488372,487.4046511627907,376.91755804122744,0.09709302325581395,311,308,TennisSwing/v_TennisSwing_g16_c01.avi
0.16081431742005262,0.8893264665908699,57.0701322935211,0.9417151162790698,432.8186046511628,374.3125912027763,0.1930232558139535,299,296,TennisSwing/v_TennisSwing_g16_c02.avi
0.1433634798655718,0.594764785681014,20.50190539925497,0.9722383720930232,487.4046511627907,522.7179941170149,0.21337209302325583,289,286,TennisSwing/v_TennisSwing_g16_c03.avi
0.6243385527302091,2.784679452436985,60.00833275470999,0.8761627906976744,406.69767441860466,393.65736104075125,0.336046511627907,323,320,TennisSwing/v_TennisSwing_g16_c04.avi
0.06410142362511656,0.6894770865214236,27.073972741361768,0.984156976744186,444.31627906976746,362.713253988206,0.12151162790697674,309,306,TennisSwing/v_TennisSwing_g16_c05.avi
0.10556222609624047,0.5843160128767347,9.013878188659973,0.9808139534883721,471.21860465116276,511.57568139367396,0.17906976744186046,253,250,TennisSwing/v_TennisSwing_g16_c06.avi
0.06505857020130437,0.4723319870492295,21.755746367339366,0.9795058139534883,446.10232558139535,363.08134618578254,0.11918604651162791,177,174,TennisSwing/v_TennisSwing_g16_c07.avi
0.06729591530702385,0.2695309818740076,4.5069390943299865,0.9859011627906977,226.64186046511628,195.47289615550895,0.33430232558139533,254,251,TennisSwing/v_TennisSwing_g17_c01.avi
0.06791423456098271,0.34018731553509246,9.529559276272959,0.9816860465116279,248.1860465116279,201.11309508483652,0.25232558139534883,194,191,TennisSwing/v_TennisSwing_g17_c02.avi
0.061323198619937215,0.36311145730656696,14.7648230602334,0.9886627906976744,241.48837209302326,214.1714562108813,0.31046511627906975,279,276,TennisSwing/v_TennisSwing_g17_c03.avi
0.08799238018963892,0.40192451389007283,11.040408733375772,0.9783430232558139,203.646511627907,182.91720245222302,0.4145348837209302,261,258,TennisSwing/v_TennisSwing_g17_c04.avi
0.10286243045199688,0.3892756203877303,7.106335201775948,0.9741279069767442,240.03720930232558,216.70513352142257,0.3226744186046512,202,199,TennisSwing/v_TennisSwing_g17_c05.avi
0.0552031114036665,0.20854615149963301,3.0,0.9896802325581395,228.4279069767442,175.1609045335591,0.2854651162790698,202,199,TennisSwing/v_TennisSwing_g17_c06.avi
0.06330106604571477,0.2683179445524868,7.634215742301235,0.9829941860465117,224.1860465116279,179.1680068790773,0.3122093023255814,178,175,TennisSwing/v_TennisSwing_g17_c07.avi
0.07406805746885077,0.44543359612905875,13.601470508735444,0.9765988372093023,315.6093023255814,313.9972980286306,0.3058139534883721,144,142,TennisSwing/v_TennisSwing_g18_c01.avi
0.04409105678474138,0.2830570522797933,8.31038506929733,0.979360465116279,350.8837209302326,293.8910737388326,0.12209302325581395,149,147,TennisSwing/v_TennisSwing_g18_c02.avi
0.07093099425938618,0.8258733641881593,29.652150006365474,0.9813953488372092,330.34418604651165,284.48529230166787,0.15930232558139534,151,149,TennisSwing/v_TennisSwing_g18_c03.avi
0.057411396151540235,0.6441218641866819,18.0,0.9851744186046512,305.7860465116279,277.7082470921139,0.22441860465116278,146,144,TennisSwing/v_TennisSwing_g18_c04.avi
0.14521212981435347,0.7946084168897212,18.256848030259768,0.9630813953488372,506.04651162790697,776.6414860388727,0.1883720930232558,155,153,TennisSwing/v_TennisSwing_g18_c05.avi
0.29185024160934264,3.821919672682523,118.5379686007821,0.9700581395348837,193.71162790697673,169.27723402104326,0.436046511627907,165,162,TennisSwing/v_TennisSwing_g18_c06.avi
0.33847172456409313,1.5687763277089284,56.2638871746345,0.9316860465116279,257.0046511627907,248.0561732645365,0.32965116279069767,124,122,TennisSwing/v_TennisSwing_g19_c01.avi
0.09868897039537963,2.031886359224485,83.00602387778854,0.9879360465116279,281.5627906976744,279.3303862131355,0.32034883720930235,80,78,TennisSwing/v_TennisSwing_g19_c02.avi
2.273743121137932,3.9673678598116293,55.036351623268054,0.6642441860465116,914.4930232558139,1481.5185794022686,0.2052325581395349,174,171,TennisSwing/v_TennisSwing_g19_c03.avi
2.0739280332244574,4.497589876868025,50.62515432075244,0.7136627906976745,500.8,962.351631331075,0.1622093023255814,176,173,TennisSwing/v_TennisSwing_g19_c04.avi
11.454147972651839,24.670918880468196,313.43579884882325,0.5306686046511628,168.59534883720931,126.49323532512658,0.4924418604651163,166,163,TennisSwing/v_TennisSwing_g19_c05.avi
2.439764516582026,9.768497754357272,88.3911760301898,0.84375,253.32093023255814,401.5611908875678,0.29069767441860467,142,140,TennisSwing/v_TennisSwing_g19_c06.avi
4.1723309876398345,9.978041633050474,84.32266895681137,0.6345930232558139,289.3767441860465,267.1132194731415,0.25406976744186044,73,71,TennisSwing/v_TennisSwing_g20_c01.avi
0.05321599059584536,0.5546694118620281,14.035668847618199,0.9899709302325581,371.42325581395346,666.7874543110488,0.21744186046511627,142,140,TennisSwing/v_TennisSwing_g20_c02.avi
0.03483916510868354,0.5968735806159632,19.90131905176137,0.992296511627907,320.29767441860463,264.7795129153839,0.13488372093023257,132,130,TennisSwing/v_TennisSwing_g20_c03.avi
0.7804984064013067,1.6289711704286174,31.544611267219636,0.7880813953488373,742.6976744186046,1214.913750118563,0.12093023255813953,172,169,TennisSwing/v_TennisSwing_g20_c04.avi
1.0007860093862493,3.257961213095243,91.4166286842826,0.7097383720930233,205.87906976744185,221.6278974108688,0.488953488372093,122,120,TennisSwing/v_TennisSwing_g20_c05.avi
0.796543607193052,1.8804801273373808,24.020824298928627,0.7741279069767442,797.5069767441861,1346.1311034315133,0.23546511627906977,173,170,TennisSwing/v_TennisSwing_g20_c06.avi
1.5669465742856032,6.605191599626939,174.23260314877925,0.8254360465116279,201.63720930232557,175.01287264716274,0.4087209302325581,103,101,TennisSwing/v_TennisSwing_g21_c01.avi
1.1634338061243883,3.961360497752818,46.04345773288535,0.8267441860465117,233.89767441860465,215.91722949915712,0.34767441860465115,109,107,TennisSwing/v_TennisSwing_g21_c02.avi
1.3963901429769146,6.784550296809224,220.32702966272657,0.751453488372093,200.29767441860466,183.6840177225136,0.43197674418604654,105,103,TennisSwing/v_TennisSwing_g21_c03.avi
1.8531042690793176,7.78479435180511,268.0,0.6565406976744186,176.85581395348837,116.82056465649815,0.4377906976744186,116,114,TennisSwing/v_TennisSwing_g21_c04.avi
2.924445777186992,4.743494931732166,18.607794065928395,0.6636627906976744,249.63720930232557,197.23709852376265,0.2377906976744186,147,145,TennisSwing/v_TennisSwing_g21_c05.avi
2.2794854477682467,4.945624695969531,34.76101444146877,0.4257267441860465,263.5906976744186,160.9926761499785,0.10930232558139535,155,153,TennisSwing/v_TennisSwing_g21_c06.avi
1.0127044962959657,2.0289728083345535,23.84749724813906,0.7559593023255814,224.1860465116279,149.13818406040437,0.25872093023255816,219,216,TennisSwing/v_TennisSwing_g22_c01.avi
1.6887626362175783,2.9294126981931417,23.049539040943966,0.6375,370.30697674418604,756.2784024711722,0.31627906976744186,193,190,TennisSwing/v_TennisSwing_g22_c02.avi
1.1559164751835642,2.3915050341608417,19.844709622466134,0.7893895348837209,397.65581395348835,760.0717791386166,0.27151162790697675,224,221,TennisSwing/v_TennisSwing_g22_c03.avi
1.5539576898680532,2.993348248931122,36.840874039577294,0.5972383720930232,215.25581395348837,134.77769690300028,0.27732558139534885,201,198,TennisSwing/v_TennisSwing_g22_c04.avi
5.746544743019479,6.934112128922866,35.875,0.4741279069767442,208.5581395348837,140.41952132318247,0.3168604651162791,246,243,TennisSwing/v_TennisSwing_g22_c05.avi
1.5512427046220787,2.947332565981707,18.001736027394692,0.6268895348837209,286.13953488372096,393.0364549868382,0.12209302325581395,219,216,TennisSwing/v_TennisSwing_g22_c06.avi
1.9721169597960022,4.253553551398822,30.516389039334257,0.7037790697674419,613.0976744186047,1078.7029182349258,0.15872093023255815,271,268,TennisSwing/v_TennisSwing_g23_c01.avi
0.22424673834515013,0.6483393023124212,10.51189802081432,0.901453488372093,321.07906976744187,280.05372952772916,0.17732558139534885,80,78,TennisSwing/v_TennisSwing_g23_c02.avi
0.19737895395296362,1.8581093715435135,51.10772935672255,0.9693313953488372,206.10232558139535,168.88793241532065,0.37616279069767444,133,131,TennisSwing/v_TennisSwing_g23_c03.avi
0.10164440326943117,1.1893210071977658,44.32268042436062,0.985610465116279,241.48837209302326,216.1636301070808,0.31511627906976747,121,119,TennisSwing/v_TennisSwing_g23_c04.avi
0.06219745983232102,0.4681163631820393,15.0,0.989389534883721,198.4,140.51217939431277,0.36511627906976746,96,94,TennisSwing/v_TennisSwing_g23_c05.avi
0.20763078534547286,2.0677597473290983,125.0,0.975,192.37209302325581,135.85166727085252,0.3872093023255814,75,73,TennisSwing/v_TennisSwing_g23_c06.avi
0.2664162534331762,0.619327701741979,15.033296378372908,0.9075581395348837,278.2139534883721,240.4673178793552,0.2238372093023256,188,185,TennisSwing/v_TennisSwing_g24_c01.avi
0.089964299468779,0.6555301924788243,23.25033601907723,0.9781976744186046,876.7627906976744,1330.0499499316338,0.17151162790697674,109,107,TennisSwing/v_TennisSwing_g24_c02.avi
0.1076435490147719,0.5046048701024255,18.24828759089466,0.9786337209302326,271.6279069767442,430.53655130766583,0.34651162790697676,104,102,TennisSwing/v_TennisSwing_g24_c03.avi
0.10468777721201997,0.7596450128912491,45.08758836974983,0.9664244186046511,198.84651162790698,196.3920371483353,0.46511627906976744,97,95,TennisSwing/v_TennisSwing_g24_c04.avi
0.17447032414119676,0.7052957542101443,14.560219778561036,0.9408430232558139,260.4651162790698,230.5055464032501,0.26976744186046514,71,69,TennisSwing/v_TennisSwing_g24_c05.avi
0.12289316536467901,0.43428262016791036,8.26513762740827,0.9773255813953489,222.4,121.46013988710595,0.22616279069767442,282,279,TennisSwing/v_TennisSwing_g24_c06.avi
0.122233748593311,0.33740894134419924,8.06225774829855,0.9789244186046512,175.62790697674419,132.4567543741737,0.46511627906976744,259,256,TennisSwing/v_TennisSwing_g25_c01.avi
0.10657311208072132,0.45885862519424314,9.303897032964198,0.9811046511627907,208.7813953488372,99.18131682608035,0.2622093023255814,313,310,TennisSwing/v_TennisSwing_g25_c02.avi
0.1157973716011941,0.42899153561067355,15.876476309307428,0.9834302325581395,202.86511627906978,111.90351093629816,0.30465116279069765,229,226,TennisSwing/v_TennisSwing_g25_c03.avi
0.13877580843042206,0.3475019809133019,5.798706752371601,0.9771802325581396,196.27906976744185,114.20876958577855,0.33895348837209305,334,330,TennisSwing/v_TennisSwing_g25_c04.avi
0.13218182078759808,0.37048736518929126,6.519202405202649,0.975,209.78604651162792,116.60089269552435,0.2779069767441861,252,249,TennisSwing/v_TennisSwing_g25_c05.avi
0.13584210406662486,0.6477907534557377,17.11724276862369,0.986046511627907,219.60930232558138,389.10683163508526,0.38488372093023254,274,271,TennisSwing/v_TennisSwing_g25_c06.avi
0.8711428607064401,1.2287331568514026,10.2599037519852,0.6813953488372093,508.27906976744185,638.6482208751871,0.31627906976744186,68,66,ThrowDiscus/v_ThrowDiscus_g08_c01.avi
0.27375042303954966,0.4915361253984432,8.5,0.9191860465116279,428.2418604651163,389.8929812812134,0.2680232558139535,99,97,ThrowDiscus/v_ThrowDiscus_g08_c02.avi
0.9586256382280018,1.4761596876769987,16.00195300580526,0.6784883720930233,481.3767441860465,528.0714913004521,0.25406976744186044,116,114,ThrowDiscus/v_ThrowDiscus_g08_c03.avi
1.6664919733365642,2.5241512749941917,16.0,0.6138081395348837,451.3488372093023,379.21135321298686,0.17325581395348838,97,95,ThrowDiscus/v_ThrowDiscus_g08_c04.avi
1.9005516029609553,3.6388732857578745,135.988970140964,0.5736918604651163,183.2186046511628,149.645359458138,0.45348837209302323,84,82,ThrowDiscus/v_ThrowDiscus_g09_c01.avi
0.4255033014204023,0.5905392780175601,11.149551560488879,0.8912790697674419,235.34883720930233,165.96089252436892,0.2377906976744186,113,111,ThrowDiscus/v_ThrowDiscus_g09_c02.avi
0.6741238774939563,2.5994721210492493,68.86547121017905,0.8136627906976744,204.9860465116279,138.54417410123452,0.3308139534883721,95,93,ThrowDiscus/v_ThrowDiscus_g09_c03.avi
1.9122980226213613,2.9613217797613443,25.89642832515712,0.6729651162790697,196.50232558139535,139.4889301073696,0.37267441860465117,72,70,ThrowDiscus/v_ThrowDiscus_g09_c04.avi
1.498851525361665,3.242822291204654,80.05623023850174,0.6343023255813953,337.8232558139535,675.2552016579687,0.38313953488372093,107,105,ThrowDiscus/v_ThrowDiscus_g09_c05.avi
0.58884365482383,0.9508710127442115,11.313708498984761,0.7734011627906977,294.95813953488374,243.2238381758741,0.16686046511627908,101,99,ThrowDiscus/v_ThrowDiscus_g09_c06.avi
0.5989229709414748,1.6458815804207094,23.24663954209296,0.8734011627906977,337.6,447.85359734087524,0.18895348837209303,80,78,ThrowDiscus/v_ThrowDiscus_g10_c01.avi
0.12520510581429609,0.6743260851571589,15.799525309324961,0.9729651162790698,396.2046511627907,704.948960696921,0.4325581395348837,154,152,ThrowDiscus/v_ThrowDiscus_g10_c02.avi
0.41398186090774697,0.8518326877951652,9.253377761660873,0.8787790697674419,336.3720930232558,302.11387220606105,0.19534883720930232,112,110,ThrowDiscus/v_ThrowDiscus_g10_c03.avi
0.9475629514526943,2.0873238763215847,24.56242048333185,0.8020348837209302,278.2139534883721,195.20906095701287,0.11686046511627907,132,130,ThrowDiscus/v_ThrowDiscus_g10_c04.avi
0.0639579406685765,0.3080084888589205,8.338540040078959,0.989389534883721,346.9767441860465,475.7127083172321,0.2982558139534884,138,136,ThrowDiscus/v_ThrowDiscus_g10_c05.avi
1.1523787790948647,1.7923266076212723,19.014796869806418,0.5593023255813954,248.29767441860466,146.85409542613675,0.1494186046511628,90,88,ThrowDiscus/v_ThrowDiscus_g11_c01.avi
1.8877862091930557,3.390646408650833,16.43262760485979,0.7270348837209303,246.4,147.97852766926286,0.15930232558139534,74,72,ThrowDiscus/v_ThrowDiscus_g11_c02.avi
2.864101078459954,5.045210081021184,34.875,0.6238372093023256,196.05581395348838,128.40950718683328,0.35872093023255813,65,63,ThrowDiscus/v_ThrowDiscus_g11_c03.avi
0.2550937046423205,0.7061396058751962,17.18284027743958,0.9380813953488372,229.7674418604651,187.64697646692008,0.3040697674418605,86,84,ThrowDiscus/v_ThrowDiscus_g11_c04.avi
0.2135950949894565,1.0987772135640634,48.53156189532746,0.9601744186046511,236.353488372093,228.5877892004562,0.3674418604651163,66,64,ThrowDiscus/v_ThrowDiscus_g11_c05.avi
1.0703999331536915,2.5653569539965635,111.61541112229978,0.7197674418604652,223.06976744186048,184.27651055358731,0.32732558139534884,65,63,ThrowDiscus/v_ThrowDiscus_g11_c06.avi
0.19047744365028466,1.3144464569097312,65.73431371817918,0.967296511627907,365.0604651162791,766.1565029689718,0.41337209302325584,65,63,ThrowDiscus/v_ThrowDiscus_g11_c07.avi
0.2114045318303998,1.011525461776782,20.0,0.9473837209302326,254.88372093023256,238.31708497463174,0.3127906976744186,117,115,ThrowDiscus/v_ThrowDiscus_g12_c01.avi
0.254621510937052,1.2056617997046146,32.035136959282696,0.9293604651162791,172.16744186046512,170.9226667523503,0.5459302325581395,86,84,ThrowDiscus/v_ThrowDiscus_g12_c02.avi
0.2990984352350189,1.0809981604250254,17.2373141759382,0.9223837209302326,234.45581395348836,189.26481177922602,0.2866279069767442,147,145,ThrowDiscus/v_ThrowDiscus_g12_c03.avi
0.25107613694957187,1.420882821930777,49.16299421312742,0.9406976744186046,193.8232558139535,219.92088729465752,0.5424418604651163,86,84,ThrowDiscus/v_ThrowDiscus_g12_c04.avi
0.22090757857409182,1.0721521167707375,29.154759474226502,0.9460755813953489,233.45116279069768,253.49702293751457,0.44534883720930235,109,107,ThrowDiscus/v_ThrowDiscus_g12_c05.avi
0.6348911535344853,4.6987190911392975,153.8473269186046,0.813953488372093,200.1860465116279,231.22879596704632,0.5395348837209303,85,83,ThrowDiscus/v_ThrowDiscus_g12_c06.avi
0.3687559010479278,1.9933733125543642,23.25,0.9578488372093024,446.9953488372093,519.3944550901238,0.2703488372093023,105,103,ThrowDiscus/v_ThrowDiscus_g13_c01.avi
0.13310294203346082,0.5724117004282437,12.509996003196804,0.9642441860465116,409.6,377.3337650311169,0.26046511627906976,136,134,ThrowDiscus/v_ThrowDiscus_g13_c02.avi
0.1865614616483144,0.8062603991280131,14.519383595731604,0.9454941860465116,410.49302325581397,374.4590376550653,0.24651162790697675,115,113,ThrowDiscus/v_ThrowDiscus_g13_c03.avi
0.2921401538917141,0.9632610188146548,16.0,0.9343023255813954,456.3720930232558,525.6450753766388,0.2866279069767442,136,134,ThrowDiscus/v_ThrowDiscus_g13_c04.avi
0.41467728268566484,1.1147004957678681,16.26729848499744,0.895639534883721,348.42790697674417,353.588439202245,0.3395348837209302,166,163,ThrowDiscus/v_ThrowDiscus_g13_c05.avi
0.40471899490462043,1.4537345560440702,38.0,0.8947674418604651,267.8325581395349,251.33994372574477,0.2941860465116279,103,101,ThrowDiscus/v_ThrowDiscus_g14_c01.avi
0.11037470190156616,0.5791852092167835,16.604310434342043,0.9722383720930232,334.13953488372096,570.2995370201216,0.2813953488372093,72,70,ThrowDiscus/v_ThrowDiscus_g14_c02.avi
0.1129682306672891,0.6287599744407554,15.264337522473747,0.9821220930232558,342.06511627906974,582.7216140497968,0.33313953488372094,111,109,ThrowDiscus/v_ThrowDiscus_g14_c03.avi
0.11817161310239821,0.8697453543909759,52.03844732503075,0.9777616279069767,729.413953488372,1318.0916193552716,0.33430232558139533,80,78,ThrowDiscus/v_ThrowDiscus_g14_c04.avi
0.5383701552266352,0.653869199926416,8.514693182963201,0.826453488372093,274.75348837209305,174.1830357115518,0.08837209302325581,100,98,ThrowDiscus/v_ThrowDiscus_g15_c01.avi
1.1398151245071981,1.8368129963058648,40.0,0.6909883720930232,281.0046511627907,214.50411168985795,0.14883720930232558,89,87,ThrowDiscus/v_ThrowDiscus_g15_c02.avi
0.717183860048221,1.248510398708335,24.875,0.766860465116279,264.5953488372093,160.34178313910306,0.10406976744186046,100,98,ThrowDiscus/v_ThrowDiscus_g15_c03.avi
0.2925537124806197,0.6704208423349193,11.522396669096235,0.8781976744186046,270.51162790697674,416.66228431082817,0.2872093023255814,78,76,ThrowDiscus/v_ThrowDiscus_g15_c04.avi
0.37423090159851935,0.9618515240835162,13.777245733454855,0.8734011627906977,217.26511627906976,196.25033714528402,0.3784883720930233,111,109,ThrowDiscus/v_ThrowDiscus_g15_c05.avi
0.7417959380138202,1.2815636867880857,8.139410298049853,0.8441860465116279,330.6790697674419,342.4222937198219,0.35523255813953486,108,106,ThrowDiscus/v_ThrowDiscus_g16_c01.avi
0.20661163319292716,0.7911688057869076,11.160757142774857,0.9316860465116279,350.4372093023256,344.5156958136733,0.2988372093023256,107,105,ThrowDiscus/v_ThrowDiscus_g16_c02.avi
0.16485289301056558,0.8255859413082411,20.6284088092126,0.965843023255814,352.5581395348837,333.19714831170194,0.2505813953488372,59,57,ThrowDiscus/v_ThrowDiscus_g16_c03.avi
0.3192772276476184,1.365779638661521,22.135943621178654,0.9255813953488372,352.78139534883724,364.99886413064036,0.37034883720930234,142,140,ThrowDiscus/v_ThrowDiscus_g16_c04.avi
1.4080631248715976,5.2403468794164185,79.30676200677972,0.796656976744186,191.70232558139534,159.23884282535815,0.42790697674418604,104,102,ThrowDiscus/v_ThrowDiscus_g17_c01.avi
3.3867274868685535,9.811135231533262,209.0792313932687,0.7388081395348837,226.53023255813955,257.90598208963735,0.4883720930232558,57,55,ThrowDiscus/v_ThrowDiscus_g17_c02.avi
0.849182476120136,2.655399769154116,60.326196631314325,0.8456395348837209,223.73953488372092,207.06176377687004,0.37267441860465117,104,102,ThrowDiscus/v_ThrowDiscus_g17_c03.avi
1.3890459982327183,4.271923221862202,43.41658669218482,0.8565406976744186,187.34883720930233,158.6992011704416,0.44825581395348835,64,62,ThrowDiscus/v_ThrowDiscus_g17_c04.avi
1.455165223639397,3.112669654308399,60.5,0.766860465116279,282.45581395348836,239.2327205029053,0.20406976744186048,90,88,ThrowDiscus/v_ThrowDiscus_g17_c05.avi
0.6611781698643561,1.7537647796266107,20.015618901248097,0.845203488372093,248.07441860465116,229.0597851207097,0.31802325581395346,150,148,ThrowDiscus/v_ThrowDiscus_g18_c01.avi
0.9731306086790216,1.6552860055931307,12.61199825562944,0.7780523255813954,319.8511627906977,551.2404415126969,0.21395348837209302,132,130,ThrowDiscus/v_ThrowDiscus_g18_c02.avi
4.0510429788048175,18.988133142061372,306.72626232522055,0.24840116279069768,269.28372093023256,177.66587000011808,0.11686046511627907,93,91,ThrowDiscus/v_ThrowDiscus_g18_c03.avi
0.9835089446503839,1.7095890478353957,22.612220147522002,0.7324127906976744,303.88837209302324,262.86603999199065,0.1877906976744186,118,116,ThrowDiscus/v_ThrowDiscus_g18_c04.avi
2.1820441968317104,3.7268833742918566,21.104279779229614,0.6545058139534884,303.66511627906976,253.01964156105385,0.16104651162790698,132,130,ThrowDiscus/v_ThrowDiscus_g18_c05.avi
1.6403175796775342,2.0332953807878957,17.50178562318714,0.6299418604651162,310.5860465116279,231.10479006577654,0.07848837209302326,98,96,ThrowDiscus/v_ThrowDiscus_g18_c06.avi
2.6727795772042895,5.342984676284507,38.63450530290248,0.6008720930232558,251.646511627907,196.31153616641407,0.22732558139534884,105,103,ThrowDiscus/v_ThrowDiscus_g18_c07.avi
3.400031597481269,7.541467724852718,32.96209944769902,0.5880813953488372,555.1627906976744,982.1175255356687,0.30465116279069765,69,67,ThrowDiscus/v_ThrowDiscus_g19_c01.avi
2.8019899365471996,7.111476048273555,173.40126873814967,0.6055232558139535,878.660465116279,1460.5595840873975,0.36627906976744184,82,80,ThrowDiscus/v_ThrowDiscus_g19_c02.avi
1.5706258777715816,3.777906615147061,168.1071087134628,0.5975290697674419,276.87441860465117,267.2594733396334,0.30290697674418604,72,70,ThrowDiscus/v_ThrowDiscus_g19_c03.avi
4.533793162757684,11.008495901022348,259.6247291765559,0.7077034883720931,572.4651162790698,1083.0747649435586,0.23081395348837208,104,102,ThrowDiscus/v_ThrowDiscus_g19_c04.avi
0.18546473432923008,0.847626805132713,22.0,0.9571220930232558,298.75348837209305,459.04119455859814,0.37965116279069766,103,101,ThrowDiscus/v_ThrowDiscus_g20_c01.avi
0.19261790161041864,1.8063155056351043,63.0,0.9738372093023255,336.93023255813955,680.2324293380916,0.42267441860465116,81,79,ThrowDiscus/v_ThrowDiscus_g20_c02.avi
0.30815273537740195,1.1051184983128035,14.952529050297812,0.9425872093023255,470.54883720930235,771.2064702191951,0.20116279069767443,90,88,ThrowDiscus/v_ThrowDiscus_g20_c03.avi
0.21232567855803172,1.0717909957133962,16.401219466856727,0.9681686046511628,220.8372093023256,206.89969822862412,0.38546511627906976,93,91,ThrowDiscus/v_ThrowDiscus_g20_c04.avi
0.3523815472331565,2.167480681151219,152.64337522473747,0.9165697674418605,221.84186046511627,206.6016346910251,0.3802325581395349,56,54,ThrowDiscus/v_ThrowDiscus_g21_c01.avi
1.1179363379156866,1.6760791531585097,16.507574019219177,0.6228197674418605,407.1441860465116,507.986753765373,0.2988372093023256,117,115,ThrowDiscus/v_ThrowDiscus_g21_c02.avi
0.6024352905324454,1.0350303113582666,16.625,0.8104651162790698,264.93023255813955,416.0472577891836,0.30697674418604654,70,68,ThrowDiscus/v_ThrowDiscus_g21_c03.avi
2.352463938524304,3.0011088355468503,79.53929846308678,0.27252906976744184,239.92558139534884,163.80588070913248,0.21395348837209302,90,88,ThrowDiscus/v_ThrowDiscus_g21_c04.avi
0.12435762731479519,1.6193078208327254,120.30378215168466,0.9890988372093024,231.4418604651163,167.67983089674775,0.25813953488372093,111,109,ThrowDiscus/v_ThrowDiscus_g21_c05.avi
2.825224678628951,4.129553187758642,127.01574705523721,0.2873546511627907,268.0558139534884,257.1461201678157,0.30930232558139537,83,81,ThrowDiscus/v_ThrowDiscus_g21_c06.avi
1.7212700602019078,3.284738538858255,28.0,0.732703488372093,414.6232558139535,373.3889080683429,0.23197674418604652,70,68,ThrowDiscus/v_ThrowDiscus_g21_c07.avi
1.8262364942212626,4.429551992267784,125.00399993600205,0.7882267441860465,292.5023255813953,281.2542816115414,0.28430232558139534,77,75,ThrowDiscus/v_ThrowDiscus_g22_c01.avi
0.6372152985542352,1.4458506799543596,17.65334600012134,0.817296511627907,328.2232558139535,321.06466264399455,0.2866279069767442,93,91,ThrowDiscus/v_ThrowDiscus_g22_c02.avi
0.8272408438045947,1.8479166515746979,34.058772731852805,0.8450581395348837,330.1209302325581,328.65318438809777,0.30697674418604654,88,86,ThrowDiscus/v_ThrowDiscus_g22_c03.avi
0.6677861130805461,3.008446522539349,120.0,0.9021802325581395,315.9441860465116,330.46368642801485,0.3622093023255814,74,72,ThrowDiscus/v_ThrowDiscus_g22_c04.avi
0.3286798645122306,1.0585501037269176,12.2837545156194,0.9127906976744186,310.92093023255813,453.2985958546373,0.30697674418604654,110,108,ThrowDiscus/v_ThrowDiscus_g23_c01.avi
0.2859145378289338,1.1119847362517636,35.22250700901343,0.9236918604651163,240.26046511627908,200.16720236369707,0.28430232558139534,56,54,ThrowDiscus/v_ThrowDiscus_g23_c02.avi
0.31486162973407417,1.151411568615729,17.070167691033383,0.9254360465116279,233.67441860465115,210.97379104614606,0.3372093023255814,95,93,ThrowDiscus/v_ThrowDiscus_g23_c03.avi
0.22087423162419817,0.6797074244232205,17.507141400011598,0.9232558139534883,276.53953488372093,432.71423200136115,0.3372093023255814,102,100,ThrowDiscus/v_ThrowDiscus_g23_c04.avi
0.2011491771448758,0.8728056166381506,15.132745950421556,0.9486918604651163,350.8837209302326,672.6366450369915,0.32209302325581396,72,70,ThrowDiscus/v_ThrowDiscus_g23_c05.avi
0.2479235858164274,1.1111502591922036,20.288543565273482,0.9377906976744186,207.2186046511628,129.78975352077387,0.3075581395348837,68,66,ThrowDiscus/v_ThrowDiscus_g24_c01.avi
0.22293714802138362,0.969457342128322,19.886003243487618,0.9440406976744186,214.0279069767442,141.47021763259787,0.2930232558139535,94,92,ThrowDiscus/v_ThrowDiscus_g24_c02.avi
0.2501375608226307,1.079263182360737,15.82126733229674,0.9418604651162791,233.56279069767442,168.0405668397959,0.24941860465116278,87,85,ThrowDiscus/v_ThrowDiscus_g24_c03.avi
0.260306760684851,1.2460120694098495,21.56132243161351,0.9427325581395349,190.92093023255813,122.95655606027861,0.37616279069767444,87,85,ThrowDiscus/v_ThrowDiscus_g24_c04.avi
0.2638295816908596,1.2051379687705888,41.48493702538308,0.9373546511627907,288.93023255813955,538.189790823328,0.24941860465116278,68,66,ThrowDiscus/v_ThrowDiscus_g24_c05.avi
2.8204289808899694,5.822726144764544,39.88264033385954,0.7252906976744186,323.31162790697675,253.8063913367755,0.0936046511627907,89,87,ThrowDiscus/v_ThrowDiscus_g25_c01.avi
0.6474127284866186,2.263392719512792,61.25,0.8808139534883721,287.0325581395349,230.41243882052757,0.16395348837209303,97,95,ThrowDiscus/v_ThrowDiscus_g25_c02.avi
1.1649696459489296,3.0489786004487427,84.38009243891595,0.7540697674418605,322.1953488372093,242.44571480958265,0.06686046511627906,113,111,ThrowDiscus/v_ThrowDiscus_g25_c03.avi
1.9288372292814286,4.181170568689902,112.0,0.6523255813953488,264.706976744186,251.8083115492388,0.3081395348837209,122,120,ThrowDiscus/v_ThrowDiscus_g25_c04.avi
0.6053491265903647,1.0040341594619753,16.88425672038897,0.8421511627906977,362.49302325581397,299.91583113480107,0.1058139534883721,97,95,ThrowDiscus/v_ThrowDiscus_g25_c05.avi
2.5779339092015165,4.691784944734554,63.0317380372777,0.5745639534883721,251.2,198.68861228354984,0.23430232558139535,181,178,TrampolineJumping/v_TrampolineJumping_g08_c01.avi
1.7362246767565102,9.428878231858299,176.13914953808538,0.8984011627906977,276.6511627906977,259.21660904661314,0.28081395348837207,297,294,TrampolineJumping/v_TrampolineJumping_g08_c02.avi
1.5751972740955984,11.488521742070677,224.51057881534223,0.9188953488372092,449.33953488372094,847.1398836027502,0.313953488372093,218,215,TrampolineJumping/v_TrampolineJumping_g08_c03.avi
0.7075867190909728,5.335631080342643,202.33264689614475,0.9059593023255814,466.6418604651163,855.6844545096994,0.35872093023255813,297,294,TrampolineJumping/v_TrampolineJumping_g08_c04.avi
0.2557647292533904,1.6435423290203293,67.77905281132217,0.9563953488372093,598.6976744186046,1131.8271610774902,0.2058139534883721,175,172,TrampolineJumping/v_TrampolineJumping_g09_c01.avi
0.2586828439602954,1.321246456142275,74.88658090739622,0.9469476744186046,272.07441860465116,192.22001455820103,0.13488372093023257,202,199,TrampolineJumping/v_TrampolineJumping_g09_c02.avi
0.24387866398704264,1.2477024435573059,50.38973109672248,0.953343023255814,457.8232558139535,905.6799097882491,0.25813953488372093,202,199,TrampolineJumping/v_TrampolineJumping_g09_c03.avi
0.21805319291017472,1.120489199564524,13.892443989449804,0.9620639534883721,859.7953488372093,1416.5226846956728,0.22732558139534884,202,199,TrampolineJumping/v_TrampolineJumping_g09_c04.avi
0.1688385968340456,1.2814334723512313,65.52098900352466,0.9654069767441861,647.7023255813954,1132.0337840074062,0.1994186046511628,241,238,TrampolineJumping/v_TrampolineJumping_g09_c05.avi
0.1472656820232021,1.0482832861245133,33.7094664004045,0.9723837209302325,249.52558139534884,192.89341085232377,0.22906976744186047,193,190,TrampolineJumping/v_TrampolineJumping_g09_c06.avi
0.2581892979381899,1.0114011163313155,10.521555255759482,0.9507267441860465,221.28372093023256,150.35408893865602,0.2738372093023256,202,199,TrampolineJumping/v_TrampolineJumping_g10_c01.avi
0.47692334423110627,2.7939881036677163,88.12810278225669,0.9184593023255814,229.32093023255814,172.33985968528572,0.2761627906976744,202,199,TrampolineJumping/v_TrampolineJumping_g10_c02.avi
0.24171095151865368,1.0043800144591772,16.547280743372912,0.945203488372093,251.08837209302325,394.54021117863874,0.26976744186046514,202,199,TrampolineJumping/v_TrampolineJumping_g10_c03.avi
0.3594937366736027,1.6599706700377188,67.06713054842886,0.9361918604651163,232.2232558139535,177.29488356474613,0.27267441860465114,202,199,TrampolineJumping/v_TrampolineJumping_g10_c04.avi
0.29060774148956414,1.2466212666430811,47.0,0.9430232558139535,531.4976744186047,1085.2346391852848,0.29534883720930233,241,238,TrampolineJumping/v_TrampolineJumping_g10_c05.avi
0.35487082598542885,1.5542712447921294,40.81206929328627,0.9373546511627907,252.2046511627907,408.6942053256185,0.3267441860465116,241,238,TrampolineJumping/v_TrampolineJumping_g10_c06.avi
1.2586635141076874,2.062624508884115,18.66815470259447,0.5972383720930232,233.11627906976744,132.61540990508686,0.1936046511627907,202,199,TrampolineJumping/v_TrampolineJumping_g11_c01.avi
0.8306171338313799,1.308154230840529,16.15549442140351,0.7313953488372092,248.1860465116279,148.3727637223304,0.15232558139534882,152,150,TrampolineJumping/v_TrampolineJumping_g11_c02.avi
1.2358022010067922,2.208020537323551,26.0,0.5752906976744186,224.6325581395349,116.66900052779056,0.20988372093023255,202,199,TrampolineJumping/v_TrampolineJumping_g11_c03.avi
1.3229578208635697,1.9139161971188348,17.95132307101624,0.6345930232558139,243.94418604651162,150.81322701587592,0.1744186046511628,202,199,TrampolineJumping/v_TrampolineJumping_g11_c04.avi
2.4134731416018904,10.940116890106108,309.8033650559658,0.5770348837209303,412.27906976744185,834.6065589045994,0.2837209302325581,307,304,TrampolineJumping/v_TrampolineJumping_g11_c05.avi
0.8851415081616295,2.490544469823595,116.18089343777659,0.7604651162790698,250.41860465116278,178.61511597249256,0.19651162790697674,241,238,TrampolineJumping/v_TrampolineJumping_g11_c06.avi
3.2027751099624777,6.719383828930971,86.40023148117139,0.6696220930232558,280.89302325581394,579.1187713644532,0.5284883720930232,181,178,TrampolineJumping/v_TrampolineJumping_g12_c01.avi
1.957583587657204,8.678711488662346,241.67126432408136,0.6475290697674418,220.6139534883721,125.81564509029157,0.24011627906976743,181,178,TrampolineJumping/v_TrampolineJumping_g12_c02.avi
1.6927743173582617,4.983875866569128,246.01384615504875,0.5726744186046512,264.3720930232558,205.0484937828025,0.1936046511627907,181,178,TrampolineJumping/v_TrampolineJumping_g12_c03.avi
2.041467806981507,4.438897589417578,80.78540245613684,0.6773255813953488,261.4697674418605,218.6003633424114,0.23662790697674418,181,178,TrampolineJumping/v_TrampolineJumping_g12_c04.avi
2.430183090027629,4.4999148623201535,63.0317380372777,0.6033430232558139,256.0,209.0990640931976,0.2372093023255814,181,178,TrampolineJumping/v_TrampolineJumping_g12_c05.avi
1.8730874471970942,4.112791459528586,170.85666507338834,0.6479651162790697,235.0139534883721,143.9963655571635,0.20232558139534884,188,185,TrampolineJumping/v_TrampolineJumping_g13_c01.avi
2.3576242018106104,5.769244072123708,184.93782739072068,0.5861918604651163,241.48837209302326,182.86204891819193,0.24302325581395348,188,185,TrampolineJumping/v_TrampolineJumping_g13_c02.avi
3.5279753350286045,12.009523165678582,354.09364933587835,0.40843023255813954,238.36279069767443,146.65358172943638,0.19186046511627908,188,185,TrampolineJumping/v_TrampolineJumping_g13_c03.avi
3.964563038895761,17.13018892841295,308.0,0.7462209302325581,191.5906976744186,169.68583804901624,0.44709302325581396,126,124,TrampolineJumping/v_TrampolineJumping_g13_c04.avi
1.0946433948509888,9.826003305414766,291.5017152608197,0.8501453488372093,191.8139534883721,122.72852548650157,0.3715116279069767,350,346,TrampolineJumping/v_TrampolineJumping_g14_c01.avi
2.546315085117503,4.344139805960146,136.40014662748717,0.6447674418604651,275.0883720930233,417.4799999160535,0.27267441860465114,230,227,TrampolineJumping/v_TrampolineJumping_g14_c02.avi
0.20666117485603624,0.9163102432361261,10.822430410956681,0.9540697674418605,182.77209302325582,153.94876575346294,0.4627906976744186,202,199,TrampolineJumping/v_TrampolineJumping_g14_c03.avi
1.3660869529207027,2.364231559421717,56.71860364994893,0.563953488372093,261.0232558139535,255.8343839621771,0.33430232558139533,202,199,TrampolineJumping/v_TrampolineJumping_g14_c04.avi
1.2413182222629493,2.7324229795634785,84.29116205154607,0.6582848837209302,233.33953488372094,125.8552548810697,0.18313953488372092,152,150,TrampolineJumping/v_TrampolineJumping_g15_c01.avi
0.7096711198937788,3.5706344789894158,247.42069436488129,0.8752906976744186,236.0186046511628,143.46852706610642,0.19709302325581396,152,150,TrampolineJumping/v_TrampolineJumping_g15_c02.avi
1.5009858497922703,3.500992417930867,60.74537019394976,0.5890988372093023,235.34883720930233,110.05260554398522,0.15406976744186046,152,150,TrampolineJumping/v_TrampolineJumping_g15_c03.avi
1.0396283637072017,7.189114327695981,190.12906800381683,0.8002906976744186,212.68837209302325,99.34356923582276,0.2441860465116279,152,150,TrampolineJumping/v_TrampolineJumping_g15_c04.avi
1.5561972751648148,6.745108864274539,127.1416532848303,0.6222383720930232,235.0139534883721,124.86448390228458,0.1744186046511628,181,178,TrampolineJumping/v_TrampolineJumping_g15_c05.avi
2.0559026874484756,7.325470766595285,202.6153992173349,0.5015988372093023,213.91627906976746,141.5127982218332,0.2936046511627907,145,143,TrampolineJumping/v_TrampolineJumping_g16_c01.avi
3.92705894603059,10.335196742240832,193.8953084141027,0.49215116279069765,265.48837209302326,210.671613974354,0.20174418604651162,172,169,TrampolineJumping/v_TrampolineJumping_g16_c02.avi
2.7982451740731813,5.836861861900113,110.22250223978767,0.4476744186046512,242.15813953488373,133.78147094658397,0.1558139534883721,117,115,TrampolineJumping/v_TrampolineJumping_g16_c03.avi
1.9039254834126726,3.087218864185867,102.90286682109493,0.45406976744186045,236.5767441860465,137.05270559288462,0.18488372093023256,152,150,TrampolineJumping/v_TrampolineJumping_g16_c04.avi
0.7894670615186477,4.0161561473516985,108.81176406988355,0.7965116279069767,156.4279069767442,171.3179640393733,0.627906976744186,181,178,TrampolineJumping/v_TrampolineJumping_g16_c05.avi
2.324457011733586,5.966126073096286,211.03791128610044,0.41540697674418603,234.0093023255814,110.9578587802353,0.16104651162790698,181,178,TrampolineJumping/v_TrampolineJumping_g16_c06.avi
0.26186152944374186,0.9880240073534077,15.231546211727817,0.9406976744186046,267.4976744186047,540.899482338994,0.3494186046511628,202,199,TrampolineJumping/v_TrampolineJumping_g17_c01.avi
0.4624362690496093,5.614512946125678,222.44100341438852,0.951889534883721,243.49767441860465,194.47926593421883,0.25813953488372093,252,249,TrampolineJumping/v_TrampolineJumping_g17_c02.avi
0.28184740931488045,1.0529084387088703,34.32928778754374,0.9279069767441861,312.48372093023255,657.0859336141632,0.3383720930232558,202,199,TrampolineJumping/v_TrampolineJumping_g17_c03.avi
0.2514702616374683,1.5493878281776345,110.11953732194846,0.9393895348837209,252.09302325581396,400.2413117429829,0.29011627906976745,202,199,TrampolineJumping/v_TrampolineJumping_g17_c04.avi
1.6802435451661104,7.553010558249372,323.878063474512,0.6313953488372093,214.36279069767443,135.1403697852732,0.2819767441860465,202,199,TrampolineJumping/v_TrampolineJumping_g18_c01.avi
1.5451197497225022,10.463593859478227,272.6187814513153,0.7781976744186047,257.5627906976744,405.3388069046803,0.2895348837209302,152,150,TrampolineJumping/v_TrampolineJumping_g18_c02.avi
1.2050030602782196,5.685841844066503,131.47243057006287,0.8521802325581396,194.93953488372094,144.4117854810686,0.3877906976744186,202,199,TrampolineJumping/v_TrampolineJumping_g18_c03.avi
2.978513752560157,6.142440883575747,293.833286065415,0.49127906976744184,233.67441860465115,171.77645301585574,0.2558139534883721,152,150,TrampolineJumping/v_TrampolineJumping_g18_c04.avi
2.999989180001667,5.5057382001370625,36.0,0.565406976744186,217.8232558139535,138.42202546410638,0.2709302325581395,107,105,TrampolineJumping/v_TrampolineJumping_g19_c01.avi
1.5022530704166457,6.9333834340268305,210.0608542779925,0.7678779069767442,219.49767441860465,164.64684897778216,0.3063953488372093,107,105,TrampolineJumping/v_TrampolineJumping_g19_c02.avi
2.5329833280444407,5.665418593852518,91.41115905621152,0.6539244186046511,208.0,131.1473518870158,0.3058139534883721,107,105,TrampolineJumping/v_TrampolineJumping_g19_c03.avi
1.8613046536890323,4.363215068165715,102.17631819555841,0.6059593023255814,225.86046511627907,168.68376652231763,0.28488372093023256,107,105,TrampolineJumping/v_TrampolineJumping_g19_c04.avi
3.0682083170574916,6.572559695145392,242.5963726027246,0.5619186046511628,268.27906976744185,402.6086059213407,0.23372093023255813,241,238,TrampolineJumping/v_TrampolineJumping_g19_c05.avi
2.015168792430548,6.385716915912039,191.02355875650522,0.7223837209302325,196.39069767441862,128.3150044951214,0.3569767441860465,241,238,TrampolineJumping/v_TrampolineJumping_g19_c06.avi
0.33950466686096625,5.078079765322908,161.02794788483146,0.9665697674418605,360.48372093023255,756.9621958949215,0.3511627906976744,202,199,TrampolineJumping/v_TrampolineJumping_g20_c01.avi
0.8700144262354989,5.257407292462682,128.5955384140523,0.9197674418604651,192.37209302325581,129.3872901374305,0.37790697674418605,202,199,TrampolineJumping/v_TrampolineJumping_g20_c02.avi
0.853967673665085,2.7934451775817633,165.95180023127196,0.8318313953488372,254.9953488372093,201.20907783105238,0.2238372093023256,252,249,TrampolineJumping/v_TrampolineJumping_g20_c03.avi
0.6032424922708536,1.8693555359513891,17.029386365926403,0.9026162790697675,451.3488372093023,772.0286439956815,0.2453488372093023,202,199,TrampolineJumping/v_TrampolineJumping_g20_c04.avi
0.24894537053186502,0.9842990897741842,22.47220505424423,0.9468023255813953,395.0883720930233,765.9233470692234,0.3267441860465116,241,238,TrampolineJumping/v_TrampolineJumping_g20_c05.avi
1.1013174798179837,2.941888802913105,185.02432272541898,0.6847383720930232,294.28837209302327,234.63089390875123,0.14709302325581394,202,199,TrampolineJumping/v_TrampolineJumping_g21_c01.avi
1.2774498611557967,2.385176719306191,25.76941016011038,0.5888081395348838,312.3720930232558,424.97808552287614,0.16686046511627908,202,199,TrampolineJumping/v_TrampolineJumping_g21_c02.avi
0.8539868207380147,3.129894238100039,113.86395390991831,0.7145348837209302,293.84186046511627,415.4777951319438,0.19127906976744186,202,199,TrampolineJumping/v_TrampolineJumping_g21_c03.avi
2.655240963024239,6.982837675970042,259.95576546789647,0.4359011627906977,265.93488372093026,203.19342472849232,0.18313953488372092,202,199,TrampolineJumping/v_TrampolineJumping_g21_c04.avi
0.6894899652205199,3.771034891258227,205.00243900988104,0.9098837209302325,196.39069767441862,133.23172995557445,0.363953488372093,241,238,TrampolineJumping/v_TrampolineJumping_g22_c01.avi
0.8523017052399932,3.9268499090290563,224.0089283934906,0.8515988372093023,215.03255813953487,106.44825737468456,0.24127906976744187,181,178,TrampolineJumping/v_TrampolineJumping_g22_c02.avi
0.5323464433107707,3.414019804963631,146.50767897963573,0.9079941860465116,489.30232558139534,1035.0953115284021,0.3732558139534884,241,238,TrampolineJumping/v_TrampolineJumping_g22_c03.avi
1.2081484567703868,8.602900510933821,318.0062892459833,0.7473837209302325,234.2325581395349,181.2561899131393,0.27151162790697675,181,178,TrampolineJumping/v_TrampolineJumping_g22_c04.avi
0.9654725729138542,6.049253034458436,214.1313849018868,0.8145348837209302,238.36279069767443,392.3779840108235,0.31511627906976747,241,238,TrampolineJumping/v_TrampolineJumping_g22_c05.avi
1.8645909819752682,7.6509163111940905,229.24222996647018,0.6802325581395349,241.26511627906976,182.96137460425768,0.2441860465116279,181,178,TrampolineJumping/v_TrampolineJumping_g22_c06.avi
0.8978703169709629,3.3872368261077987,243.87086746883074,0.7255813953488373,217.26511627906976,144.70486223765616,0.28313953488372096,152,150,TrampolineJumping/v_TrampolineJumping_g23_c01.avi
1.4848107945772993,2.1652689634554045,49.01020301937138,0.5691860465116279,230.54883720930232,168.0575100514536,0.2627906976744186,152,150,TrampolineJumping/v_TrampolineJumping_g23_c02.avi
0.7148425743416879,9.149324276867063,375.1812895121504,0.8944767441860465,198.28837209302327,173.32011143425473,0.42151162790697677,152,150,TrampolineJumping/v_TrampolineJumping_g23_c03.avi
1.4373496647881685,11.763057836536268,336.48774123287166,0.7348837209302326,258.1209302325581,188.6663211193669,0.18430232558139534,152,150,TrampolineJumping/v_TrampolineJumping_g23_c04.avi
0.5998692183553653,6.252256114488627,184.87833837418594,0.9459302325581396,388.1674418604651,771.0771022048435,0.3883720930232558,226,223,TrampolineJumping/v_TrampolineJumping_g24_c01.avi
0.6456236949962192,3.7958600943966156,114.14601394704941,0.9290697674418604,548.353488372093,1032.0128833134986,0.261046511627907,226,223,TrampolineJumping/v_TrampolineJumping_g24_c02.avi
2.728703241603347,9.513504488117203,252.40047543536838,0.5161337209302326,238.47441860465116,159.2093781464467,0.21220930232558138,132,130,TrampolineJumping/v_TrampolineJumping_g24_c03.avi
0.4976305889081284,4.300972234484726,147.13938969562162,0.9379360465116279,264.93023255813955,230.3757694127229,0.25116279069767444,226,223,TrampolineJumping/v_TrampolineJumping_g24_c04.avi
1.4349596863653964,2.8484527752871402,25.25,0.5431686046511628,195.60930232558138,121.68153595569258,0.35174418604651164,132,130,TrampolineJumping/v_TrampolineJumping_g25_c01.avi
6.308739326211415,11.568851522764652,195.5326059765992,0.4569767441860465,229.09767441860464,192.4032218078313,0.3168604651162791,124,122,TrampolineJumping/v_TrampolineJumping_g25_c02.avi
1.4947181306038468,2.229613744220338,19.60269433011697,0.47151162790697676,255.33023255813953,171.10355294434558,0.16162790697674417,152,150,TrampolineJumping/v_TrampolineJumping_g25_c03.avi
1.5860976483110714,4.169143219838111,259.0077218926108,0.5469476744186047,239.8139534883721,135.19310148458425,0.1680232558139535,152,150,TrampolineJumping/v_TrampolineJumping_g25_c04.avi
0.2776621409654667,1.1660723321799709,20.615528128088304,0.9363372093023256,476.353488372093,625.9374407216217,0.2802325581395349,177,174,Typing/v_Typing_g08_c01.avi
0.2960557235867092,0.9836790360842046,17.50044642287733,0.9177325581395349,369.19069767441863,363.59394155028406,0.31511627906976747,251,248,Typing/v_Typing_g08_c02.avi
0.2868013346722817,0.8801892376041368,10.854146673046206,0.9183139534883721,356.8,361.07152161438904,0.34244186046511627,251,248,Typing/v_Typing_g08_c03.avi
0.322836446463895,0.9245267159236976,15.033296378372908,0.8877906976744186,365.95348837209303,367.7758387987312,0.3412790697674419,251,248,Typing/v_Typing_g08_c04.avi
0.2023548343323252,0.6534095610354732,15.132745950421556,0.9441860465116279,418.1953488372093,368.6093274151326,0.20406976744186048,251,248,Typing/v_Typing_g08_c05.avi
0.3279866618403858,1.1013012439325394,19.863990661495993,0.89375,378.5674418604651,372.12525255769776,0.32209302325581396,251,248,Typing/v_Typing_g08_c06.avi
0.3094891474637423,1.3553620390310304,31.069478592342033,0.921656976744186,352.0,364.82349985508284,0.37209302325581395,251,248,Typing/v_Typing_g08_c07.avi
0.21335538790703196,0.8532457214393332,15.988276955319481,0.9364825581395348,542.3255813953489,402.7923304118581,0.13197674418604652,191,188,Typing/v_Typing_g09_c01.avi
0.17129901988494753,0.6978777627951032,13.316460678423528,0.9497093023255814,460.83720930232556,393.0281326242085,0.21220930232558138,251,248,Typing/v_Typing_g09_c02.avi
0.25106571830562213,1.0312234309495476,15.425729318252671,0.9370639534883721,462.51162790697674,396.634233244019,0.22441860465116278,251,248,Typing/v_Typing_g09_c03.avi
0.21682856645615986,0.7979857445439178,26.0,0.9254360465116279,459.72093023255815,396.05063838678063,0.22732558139534884,251,248,Typing/v_Typing_g09_c04.avi
0.16433174241420734,0.5412285181076637,11.971319893812879,0.9415697674418605,476.57674418604654,392.1160274638756,0.17906976744186046,251,248,Typing/v_Typing_g09_c05.avi
0.18380875875295274,0.6324025611607496,12.904698756654492,0.9369186046511628,467.7581395348837,392.5772886324769,0.19709302325581396,251,248,Typing/v_Typing_g09_c06.avi
0.2848576278442862,0.9701470749196769,11.706034768443155,0.9295058139534884,452.57674418604654,399.7519724268626,0.2575581395348837,251,248,Typing/v_Typing_g09_c07.avi
0.05397083974971478,0.23633345129476838,6.486765372664561,0.9806686046511628,553.8232558139534,415.97561021816705,0.17906976744186046,252,249,Typing/v_Typing_g10_c01.avi
0.07082730620621694,0.3457990314713172,16.047293385490278,0.9844476744186047,562.9767441860465,411.30453202440924,0.15,262,259,Typing/v_Typing_g10_c02.avi
0.06027513385645685,0.4188922794874209,18.55102759956979,0.9825581395348837,564.5395348837209,407.67000684806897,0.1325581395348837,262,259,Typing/v_Typing_g10_c03.avi
0.04002637680856436,0.2642322350571552,16.62077013859466,0.9914244186046511,590.3255813953489,527.6420439605761,0.12848837209302325,258,255,Typing/v_Typing_g10_c04.avi
0.045640127372082846,0.28759716228784,8.105746418436738,0.9918604651162791,556.5023255813953,413.4227508553735,0.16511627906976745,252,249,Typing/v_Typing_g10_c05.avi
0.04380278229517322,0.23180110506577245,6.654415827103082,0.9872093023255814,557.8418604651163,416.27338190215767,0.17674418604651163,252,249,Typing/v_Typing_g10_c06.avi
0.044546056753601904,0.25122451968870624,9.370832406995657,0.9885174418604651,562.9767441860465,413.38362656856776,0.15930232558139534,252,249,Typing/v_Typing_g10_c07.avi
0.4081772760084333,1.1000223618294103,15.033296378372908,0.8760174418604652,268.3906976744186,254.49103955894466,0.3005813953488372,133,131,Typing/v_Typing_g11_c01.avi
0.41617878343202547,1.210526324010429,15.620499351813308,0.8864825581395349,324.98604651162793,457.36278897121997,0.2779069767441861,109,107,Typing/v_Typing_g11_c02.avi
0.4061928481554649,1.42744559911098,24.08318915758459,0.8786337209302325,260.68837209302325,260.94192636400777,0.35,143,141,Typing/v_Typing_g11_c03.avi
0.36819102961028105,1.2199254359192997,13.009611831257688,0.9074127906976744,269.28372093023256,248.1345255264726,0.2796511627906977,121,119,Typing/v_Typing_g11_c04.avi
0.5502558032120451,1.4985255534897295,36.4170718894312,0.8328488372093024,230.9953488372093,225.607263153625,0.38372093023255816,131,129,Typing/v_Typing_g11_c05.avi
0.2594300532415672,1.072113362141904,25.80697580112788,0.9255813953488372,361.3767441860465,479.28276105088787,0.27209302325581397,120,118,Typing/v_Typing_g11_c06.avi
0.4132455487165475,1.4341259412280252,26.516504294495533,0.8736918604651163,249.1906976744186,220.02874211185957,0.29127906976744183,132,130,Typing/v_Typing_g11_c07.avi
0.2086191039355517,0.9969412061907335,17.88854381999832,0.9502906976744186,412.27906976744185,497.334585125472,0.22790697674418606,144,142,Typing/v_Typing_g12_c01.avi
0.20192617621502268,0.8084597568035204,19.501602498256393,0.9420058139534884,555.2744186046511,788.109775169478,0.22732558139534884,138,136,Typing/v_Typing_g12_c02.avi
0.24757955700629844,1.1702321867675451,17.251811499086116,0.9414244186046512,379.90697674418607,351.77317043756636,0.23837209302325582,114,112,Typing/v_Typing_g12_c03.avi
0.2353585314198232,0.8946037366899,12.165525060596439,0.9248546511627908,395.86976744186046,373.6523216281219,0.28081395348837207,141,139,Typing/v_Typing_g12_c04.avi
0.25048872508009074,0.8813519149728758,15.033296378372908,0.9200581395348837,457.48837209302326,508.001115732753,0.18546511627906978,111,109,Typing/v_Typing_g12_c05.avi
0.2075611070731684,0.8461439231715226,17.775070323348935,0.9319767441860465,359.47906976744184,353.58799869019776,0.30523255813953487,140,138,Typing/v_Typing_g12_c06.avi
0.243805063645257,0.8901524640503365,17.609035322810843,0.9316860465116279,433.153488372093,372.9206034014742,0.1866279069767442,112,110,Typing/v_Typing_g12_c07.avi
0.6127401709112587,1.4540359800250666,17.46424919657298,0.8392441860465116,328.89302325581394,580.4311009711496,0.3622093023255814,172,169,Typing/v_Typing_g13_c01.avi
0.6693356304800648,1.749550369718644,15.524174696260024,0.8443313953488372,228.76279069767443,191.40667654178145,0.31627906976744186,77,75,Typing/v_Typing_g13_c02.avi
0.45411964685744394,1.7163865624628933,22.360679774997898,0.8725290697674418,205.87906976744185,152.9701119281826,0.3494186046511628,77,75,Typing/v_Typing_g13_c03.avi
0.6350844094794904,1.385347529792147,21.633307652783937,0.8031976744186047,287.70232558139537,564.8996821780166,0.413953488372093,99,97,Typing/v_Typing_g13_c04.avi
0.7066581180694268,2.535220784089497,20.53236773974205,0.9117732558139535,635.4232558139535,976.2057934099112,0.20290697674418604,252,249,Typing/v_Typing_g14_c01.avi
1.1737543494465699,4.556193987562493,196.65277140177812,0.8280523255813953,405.69302325581396,505.7323114865784,0.29011627906976745,230,227,Typing/v_Typing_g14_c02.avi
1.3322514650734723,3.791534066785431,41.773197148410844,0.8350290697674418,405.4697674418605,492.96581113344723,0.22151162790697673,250,247,Typing/v_Typing_g14_c03.avi
0.287492454884657,1.1881020030428338,17.315094570922792,0.9241279069767442,652.5023255813953,975.4226126404932,0.19534883720930232,258,255,Typing/v_Typing_g14_c04.avi
0.9748234685965124,2.9970538617819837,71.66349314678988,0.8007267441860465,343.8511627906977,360.1793560785509,0.37965116279069766,258,255,Typing/v_Typing_g14_c05.avi
0.306842796890273,1.8205787841201533,23.384022322945214,0.9723837209302325,647.4790697674418,918.030180523834,0.2005813953488372,215,212,Typing/v_Typing_g14_c06.avi
0.5950144496121661,3.316980549659085,61.741396161732524,0.9318313953488372,754.6418604651162,1078.310969133987,0.22151162790697673,229,226,Typing/v_Typing_g14_c07.avi
0.597571807901632,2.177458379561121,29.104338164610443,0.8972383720930233,441.9720930232558,840.4901223291257,0.2686046511627907,265,262,Typing/v_Typing_g15_c01.avi
0.6299657249459566,1.8546423962455552,29.481191037676886,0.8600290697674419,351.4418604651163,678.5064755162391,0.3633720930232558,251,248,Typing/v_Typing_g15_c02.avi
0.43455599546481566,1.6735537850330973,25.179356624028344,0.9107558139534884,483.3860465116279,910.8604032583175,0.2622093023255814,251,248,Typing/v_Typing_g15_c03.avi
0.5235510608590949,2.373728226424271,31.729570198790906,0.901453488372093,311.25581395348837,459.7603062579283,0.3377906976744186,251,248,Typing/v_Typing_g15_c04.avi
0.8453939171403757,2.2292859663847953,27.018512172212592,0.7936046511627907,441.74883720930234,621.2233333838229,0.31627906976744186,274,271,Typing/v_Typing_g16_c01.avi
1.450834545541647,3.0794696400362227,37.21558813185679,0.7354651162790697,324.42790697674417,339.20690422272276,0.36453488372093024,252,249,Typing/v_Typing_g16_c02.avi
1.001360313694071,2.0013021733772054,18.458145221012863,0.7203488372093023,296.8558139534884,327.23019797414474,0.4197674418604651,242,239,Typing/v_Typing_g16_c03.avi
1.8831726540343987,3.9045533826216783,24.559239605492674,0.7119186046511627,299.42325581395346,315.4549942743901,0.3691860465116279,260,257,Typing/v_Typing_g16_c04.avi
0.11832536755781879,0.5352069779831369,14.545188207788856,0.9773255813953489,542.2139534883721,1027.858614288994,0.22093023255813954,112,110,Typing/v_Typing_g17_c01.avi
0.215240083782922,1.0642872768389464,23.08679276123039,0.9521802325581395,251.53488372093022,253.530544817028,0.3674418604651163,126,124,Typing/v_Typing_g17_c02.avi
0.15375818085825907,0.633938875702775,17.88854381999832,0.96875,300.6511627906977,668.7545829869803,0.46511627906976744,135,133,Typing/v_Typing_g17_c03.avi
0.12384984874867808,0.940977110674732,39.517401230344085,0.9781976744186046,276.7627906976744,543.7262773326111,0.32906976744186045,103,101,Typing/v_Typing_g17_c04.avi
3.488507023303829,12.002026191516505,145.0,0.6765988372093024,253.7674418604651,195.30737101432112,0.21627906976744185,134,132,Typing/v_Typing_g18_c01.avi
6.077886740010784,24.60654382454521,313.63673254260254,0.7908430232558139,224.85581395348837,189.40065236783303,0.32965116279069767,123,121,Typing/v_Typing_g18_c02.avi
2.5347742302464673,7.652380458879069,67.60362416320592,0.7732558139534884,227.86976744186046,153.20034539836547,0.24883720930232558,131,129,Typing/v_Typing_g18_c03.avi
2.3801618173656114,5.880216562322498,77.42092740338364,0.7190406976744186,232.66976744186047,172.20387529724113,0.261046511627907,116,114,Typing/v_Typing_g18_c04.avi
0.5618645364129903,2.751397225912009,46.86216490944481,0.8709302325581395,500.353488372093,514.7971067250498,0.14825581395348839,214,211,Typing/v_Typing_g19_c01.avi
0.8044892669811148,3.631931144194869,54.638013324058555,0.8917151162790697,644.1302325581395,786.3964688980329,0.17383720930232557,251,248,Typing/v_Typing_g19_c02.avi
0.2549630550896267,1.2307442074623607,27.294688127912362,0.9148255813953489,718.6976744186046,908.6866457845355,0.14127906976744187,251,248,Typing/v_Typing_g19_c03.avi
0.6737555826329951,2.8171357304427405,70.9365914038728,0.873546511627907,571.9069767441861,715.3136834740956,0.21511627906976744,251,248,Typing/v_Typing_g19_c04.avi
0.3843933242628956,1.6948262968020904,34.53485558099237,0.911046511627907,321.4139534883721,324.54139491689267,0.32209302325581396,185,182,Typing/v_Typing_g20_c01.avi
0.25631893287607405,1.0206313798407092,17.295230556427978,0.9289244186046511,361.2651162790698,347.0603183843977,0.275,192,189,Typing/v_Typing_g20_c02.avi
0.522212977277468,2.227511933312378,60.214719961152355,0.8885174418604651,328.0,331.03979947614954,0.3226744186046512,185,182,Typing/v_Typing_g20_c03.avi
0.44779374645377956,4.742743119897447,112.53888216967503,0.9212209302325581,330.7906976744186,332.8440208852311,0.31976744186046513,186,183,Typing/v_Typing_g20_c04.avi
0.3066051530807363,1.2682882374918378,21.01338858918285,0.9117732558139535,351.3302325581395,343.39698061470307,0.29186046511627906,198,195,Typing/v_Typing_g20_c05.avi
0.2805462645153455,1.0916113675520291,17.92344832893492,0.928343023255814,354.1209302325581,346.18834002783467,0.2936046511627907,202,199,Typing/v_Typing_g20_c06.avi
0.3839439016476335,2.250329101838096,64.88451279003334,0.9161337209302326,342.95813953488374,328.9308870876367,0.26569767441860465,218,215,Typing/v_Typing_g20_c07.avi
0.4545506642230156,2.060180110463589,40.078048854703496,0.9197674418604651,577.9348837209302,1095.549650915163,0.3744186046511628,142,140,Typing/v_Typing_g21_c01.avi
0.6002383188310465,2.1388595838947695,22.847319317591726,0.8989825581395349,337.93488372093026,576.2375280933427,0.3058139534883721,110,108,Typing/v_Typing_g21_c02.avi
1.6627684792087887,12.223033573173069,192.41463204496688,0.85625,397.9906976744186,754.8735670554693,0.22790697674418606,140,138,Typing/v_Typing_g21_c03.avi
0.6478864364026033,2.9319737380397193,46.486557196677836,0.9145348837209303,356.68837209302325,670.0032701097922,0.28488372093023256,112,110,Typing/v_Typing_g21_c04.avi
1.121561220711022,2.9243399006948625,22.07692517086562,0.7747093023255814,610.5302325581396,1185.9145417140237,0.28604651162790695,254,251,Typing/v_Typing_g22_c01.avi
0.8428413855350353,2.7787288405534585,50.31028721842085,0.8299418604651163,419.5348837209302,837.7685573951019,0.2947674418604651,251,248,Typing/v_Typing_g22_c02.avi
1.204882838679342,2.851037921315138,47.4236228055175,0.702906976744186,210.7906976744186,134.94401218688677,0.2982558139534884,251,248,Typing/v_Typing_g22_c03.avi
1.3061359798535757,5.064758225287789,112.00892821556681,0.8203488372093023,404.13023255813954,831.3741282834196,0.275,251,248,Typing/v_Typing_g22_c04.avi
1.8233158832872025,6.957947783531956,131.25476181838127,0.8209302325581396,329.6744186046512,337.8842323368631,0.34186046511627904,204,201,Typing/v_Typing_g23_c01.avi
1.52896806061319,3.400245353066328,64.39878201487976,0.7165697674418605,389.95348837209303,489.1289815860088,0.24186046511627907,139,137,Typing/v_Typing_g23_c02.avi
0.8387997419053275,1.9591163626710308,19.6468827043885,0.778343023255814,365.1720930232558,346.0061071685655,0.2593023255813954,177,174,Typing/v_Typing_g23_c03.avi
1.1001266574787036,4.419445157680873,56.380958665138,0.8670058139534884,470.8837209302326,704.8537769951255,0.26453488372093026,227,224,Typing/v_Typing_g23_c04.avi
0.6589600382896785,3.7269061125242993,103.1049222879296,0.9008720930232558,588.2046511627907,930.6949816215708,0.34186046511627904,196,193,Typing/v_Typing_g24_c01.avi
0.432214296023676,2.5679643304206463,82.08008665321937,0.8914244186046512,400.11162790697676,512.1860005575293,0.34011627906976744,251,248,Typing/v_Typing_g24_c02.avi
0.8242316976077118,4.74918333069101,81.0,0.8568313953488372,595.3488372093024,990.1892439214423,0.3627906976744186,289,286,Typing/v_Typing_g24_c03.avi
0.42747478414920725,1.7503414461477613,54.589376255824725,0.9162790697674419,823.0697674418604,1215.8692822057699,0.25813953488372093,225,222,Typing/v_Typing_g24_c04.avi
0.8543248079432382,2.492518445181025,40.65095324835569,0.8245639534883721,359.1441860465116,572.6342333958873,0.21627906976744185,251,248,Typing/v_Typing_g25_c01.avi
0.6039212873506927,4.307928062881709,147.36349615830918,0.8751453488372093,280.446511627907,447.7289313593699,0.3936046511627907,251,248,Typing/v_Typing_g25_c02.avi
0.6837550736282418,1.9929222470691672,27.577164466275352,0.8588662790697674,239.8139534883721,221.67557016945128,0.3354651162790698,251,248,Typing/v_Typing_g25_c03.avi
0.9345585199935246,2.6752767071682166,22.831242300847318,0.8258720930232558,438.7348837209302,771.4109570112934,0.2668604651162791,251,248,Typing/v_Typing_g25_c04.avi
2.529066254794005,2.9785928211605563,19.21262605684085,0.44825581395348835,241.0418604651163,175.89540527409653,0.2313953488372093,112,110,UnevenBars/v_UnevenBars_g08_c01.avi
2.922141868816559,4.495058652266665,77.75160770041992,0.45218023255813955,387.0511627906977,322.8969915465468,0.1127906976744186,149,147,UnevenBars/v_UnevenBars_g08_c02.avi
6.969554522889355,16.33935659455366,261.9656466027559,0.6494186046511627,314.49302325581397,353.6780807952989,0.45348837209302323,169,166,UnevenBars/v_UnevenBars_g08_c03.avi
4.281893612539872,8.167935005520532,35.4400902933387,0.5542151162790697,332.13023255813954,438.40410557346155,0.16162790697674417,168,165,UnevenBars/v_UnevenBars_g08_c04.avi
3.2669985766947773,6.768369452229991,120.549069365964,0.702906976744186,514.306976744186,639.0239349869523,0.31046511627906975,168,165,UnevenBars/v_UnevenBars_g09_c01.avi
1.4556661925243095,4.380005375734719,154.4231706221576,0.5561046511627907,348.7627906976744,310.8174585974157,0.18430232558139534,112,110,UnevenBars/v_UnevenBars_g09_c02.avi
1.2190613832570738,1.4492064381055925,15.297058540778355,0.5645348837209302,390.95813953488374,316.7487642328701,0.08081395348837209,148,146,UnevenBars/v_UnevenBars_g09_c03.avi
3.3657722693018615,10.611061286936526,153.8448894178809,0.5636627906976744,518.1023255813953,710.700230361896,0.23488372093023255,142,140,UnevenBars/v_UnevenBars_g09_c04.avi
3.8042328680775164,12.458570360980769,256.0,0.4126453488372093,344.29767441860463,281.80241262635343,0.10523255813953489,190,187,UnevenBars/v_UnevenBars_g10_c01.avi
1.5875111391668197,2.956659601526753,94.11163583744573,0.6715116279069767,425.89767441860465,361.9099319330722,0.15930232558139534,130,128,UnevenBars/v_UnevenBars_g10_c02.avi
1.9555970195568182,7.03243916552912,198.02667118345448,0.5469476744186047,379.2372093023256,313.5592737431817,0.10232558139534884,100,98,UnevenBars/v_UnevenBars_g10_c03.avi
6.29406346235175,15.756556692781835,168.67127793433,0.6428779069767442,295.6279069767442,574.3554131516037,0.4424418604651163,137,135,UnevenBars/v_UnevenBars_g10_c04.avi
3.3509686813500013,8.126870541244058,128.97534890435458,0.45203488372093026,479.70232558139537,726.1299164584717,0.413953488372093,191,188,UnevenBars/v_UnevenBars_g11_c01.avi
3.9514819517709814,10.99636714735071,144.00347218036097,0.3819767441860465,405.8046511627907,330.9686684767161,0.09186046511627907,151,149,UnevenBars/v_UnevenBars_g11_c02.avi
7.59901377714047,19.210449144882432,330.3593687183701,0.5056686046511628,346.5302325581395,342.91684227214535,0.30523255813953487,165,162,UnevenBars/v_UnevenBars_g11_c03.avi
2.1068709079854786,4.357141796998166,109.55363982999378,0.5704941860465116,456.93023255813955,418.61506963779135,0.3325581395348837,196,193,UnevenBars/v_UnevenBars_g11_c04.avi
4.118329041352407,6.472184375823465,38.07886552931954,0.32659883720930233,370.4186046511628,310.01172015040197,0.11569767441860465,132,130,UnevenBars/v_UnevenBars_g12_c01.avi
3.719583009141661,10.768704434928777,171.29214809792072,0.6867732558139535,382.92093023255813,361.9153547178263,0.2691860465116279,203,200,UnevenBars/v_UnevenBars_g12_c02.avi
3.1106811810932506,9.0212193974736,255.04423635910692,0.5667151162790698,265.8232558139535,247.04080525121174,0.29069767441860467,123,121,UnevenBars/v_UnevenBars_g12_c03.avi
7.626858102069096,21.042388133343493,325.1538097577822,0.75625,258.7906976744186,299.12061486806306,0.4738372093023256,162,160,UnevenBars/v_UnevenBars_g12_c04.avi
2.2577803616708643,3.7939631760450627,50.626388869837434,0.6061046511627907,462.95813953488374,418.9037666213589,0.32209302325581396,117,115,UnevenBars/v_UnevenBars_g13_c01.avi
6.736181049074846,16.13912132799172,220.73740054644117,0.71875,394.6418604651163,505.0468429725491,0.31511627906976747,167,164,UnevenBars/v_UnevenBars_g13_c02.avi
3.5494060125547797,10.065574878100339,294.0,0.49593023255813956,277.3209302325581,321.0034909309124,0.47267441860465115,174,171,UnevenBars/v_UnevenBars_g13_c03.avi
7.048368961344262,14.665085905694067,169.84993376507393,0.49200581395348836,346.0837209302326,288.16244201978475,0.11918604651162791,140,138,UnevenBars/v_UnevenBars_g13_c04.avi
7.4277393335176685,22.1282102762173,324.0,0.5376453488372093,333.5813953488372,464.4361538997753,0.28430232558139534,122,120,UnevenBars/v_UnevenBars_g14_c01.avi
3.8285441751216878,4.5965941251613,37.38837553304503,0.33822674418604654,348.7627906976744,287.16198250615133,0.10755813953488372,172,169,UnevenBars/v_UnevenBars_g14_c02.avi
5.926847501151163,19.2487123349642,232.73697600510323,0.596656976744186,385.93488372093026,352.82584865738005,0.2255813953488372,186,183,UnevenBars/v_UnevenBars_g14_c03.avi
0.6843935045332467,1.1978260757899017,16.233645616435023,0.81875,377.89767441860465,373.0927295972311,0.32790697674418606,110,108,UnevenBars/v_UnevenBars_g14_c04.avi
3.5168546980597184,10.442747524293425,115.0,0.8126453488372093,372.98604651162793,332.9869259123486,0.1883720930232558,64,62,UnevenBars/v_UnevenBars_g15_c01.avi
3.839676043848093,7.510418192647092,91.00549433962765,0.5574127906976745,312.706976744186,305.05633897908933,0.28604651162790695,123,121,UnevenBars/v_UnevenBars_g15_c02.avi
1.0515011484395123,1.6779764221668398,17.46424919657298,0.6026162790697674,433.6,355.5204085987646,0.11686046511627907,199,196,UnevenBars/v_UnevenBars_g15_c03.avi
1.5876284149521596,3.1217374926727235,25.720857295199163,0.6515988372093023,306.34418604651165,253.17836832385223,0.15174418604651163,258,255,UnevenBars/v_UnevenBars_g15_c04.avi
6.385199816620528,8.313502573886366,90.60844676408486,0.47834302325581396,225.52558139534884,240.0968371429689,0.44476744186046513,164,161,UnevenBars/v_UnevenBars_g15_c05.avi
3.1097886374568198,6.8166288203789716,132.75847430578585,0.55,365.6186046511628,304.1903682219134,0.11046511627906977,169,166,UnevenBars/v_UnevenBars_g15_c06.avi
1.3389702955729597,2.102879507936402,22.090722034374522,0.6226744186046511,377.7860465116279,338.8417079716045,0.19593023255813954,147,145,UnevenBars/v_UnevenBars_g15_c07.avi
0.24767239063601382,0.42259993949871333,8.097067370350823,0.9796511627906976,316.9488372093023,328.68616852914397,0.35232558139534886,316,313,UnevenBars/v_UnevenBars_g16_c01.avi
0.1710989125107624,0.5817204417175428,22.0014204086918,0.9837209302325581,339.72093023255815,334.57660335925124,0.29651162790697677,304,301,UnevenBars/v_UnevenBars_g16_c02.avi
0.31654103703118996,1.0907118478782387,54.5005733914791,0.9292151162790697,368.07441860465116,335.439613040492,0.2116279069767442,302,299,UnevenBars/v_UnevenBars_g16_c03.avi
2.2983892369180183,4.902065643884894,96.92539012044264,0.5559593023255814,279.4418604651163,287.0443853795681,0.35232558139534886,302,299,UnevenBars/v_UnevenBars_g16_c04.avi
0.5309025969278418,0.8709395977138549,16.55294535724685,0.9046511627906977,247.62790697674419,193.7628643298134,0.23895348837209301,327,323,UnevenBars/v_UnevenBars_g16_c05.avi
7.397186865127882,13.253405213618201,141.1304804073167,0.5638081395348837,347.31162790697675,302.62315287414714,0.16162790697674417,128,126,UnevenBars/v_UnevenBars_g17_c01.avi
3.955804167368647,8.322031332808981,191.0,0.46511627906976744,402.34418604651165,346.1249843507101,0.1563953488372093,133,131,UnevenBars/v_UnevenBars_g17_c02.avi
4.934685732544142,23.977651124475116,319.0000979623674,0.46002906976744184,400.33488372093024,368.4767885048486,0.24825581395348836,136,134,UnevenBars/v_UnevenBars_g17_c03.avi
7.518695129406136,9.688445719263449,65.42708250411293,0.2700581395348837,227.9813953488372,128.8284225028182,0.21104651162790697,139,137,UnevenBars/v_UnevenBars_g17_c04.avi
8.310661774661522,10.223091530906974,112.87749166685093,0.31380813953488373,286.25116279069766,281.8430904154419,0.30988372093023253,167,164,UnevenBars/v_UnevenBars_g18_c01.avi
0.4548423005450173,1.2774457222147184,17.81326752732356,0.8879360465116279,413.0604651162791,508.870368716752,0.288953488372093,191,188,UnevenBars/v_UnevenBars_g18_c02.avi
5.344073638562571,9.304127574254576,191.0,0.4010174418604651,396.98604651162793,322.3954451618604,0.08430232558139535,129,127,UnevenBars/v_UnevenBars_g18_c03.avi
2.501876491050128,10.544443482293994,298.0268444284843,0.7056686046511628,332.57674418604654,293.5428536023788,0.18023255813953487,77,75,UnevenBars/v_UnevenBars_g18_c04.avi
10.482742309471044,15.934230519393566,137.31715115017496,0.4061046511627907,255.33023255813953,176.0426950524823,0.17093023255813952,168,165,UnevenBars/v_UnevenBars_g19_c01.avi
4.251965267677678,10.36164578315497,152.029602380589,0.5385174418604651,325.2093023255814,311.8157295836634,0.2651162790697674,126,124,UnevenBars/v_UnevenBars_g19_c02.avi
1.3368349926226604,2.148817494515982,14.630874888399532,0.6370639534883721,466.86511627906975,390.54134812728796,0.19011627906976744,116,114,UnevenBars/v_UnevenBars_g19_c03.avi
2.514941803791714,6.594491137538648,213.60009363293827,0.5402616279069767,237.02325581395348,228.36297997258185,0.363953488372093,102,100,UnevenBars/v_UnevenBars_g19_c04.avi
1.6503600564037768,2.3064033009010276,16.0,0.6219476744186047,386.8279069767442,749.2035356469241,0.2116279069767442,158,156,UnevenBars/v_UnevenBars_g20_c01.avi
1.1770105723861108,2.1634910521075557,27.65072331784469,0.6912790697674419,296.8558139534884,251.70852957646622,0.18255813953488373,138,136,UnevenBars/v_UnevenBars_g20_c02.avi
9.98598131906841,14.1213874890897,181.00276240985937,0.43197674418604654,227.646511627907,129.00458140203773,0.2127906976744186,101,99,UnevenBars/v_UnevenBars_g20_c03.avi
3.166172637413245,7.7703085254123385,124.5,0.7431686046511627,342.4,315.27412656880193,0.21976744186046512,149,147,UnevenBars/v_UnevenBars_g20_c04.avi
4.661712920645615,9.24519146780096,229.060172225553,0.4680232558139535,386.15813953488373,508.4810331156896,0.3569767441860465,188,185,UnevenBars/v_UnevenBars_g21_c01.avi
1.386430247159084,2.3566061231700135,25.317977802344327,0.7184593023255814,449.7860465116279,841.6565342619075,0.2627906976744186,159,157,UnevenBars/v_UnevenBars_g21_c02.avi
5.181841927629897,11.362524583440742,139.5,0.5215116279069767,324.42790697674417,352.22577743681404,0.41337209302325584,226,223,UnevenBars/v_UnevenBars_g21_c03.avi
0.8902094918860821,1.2549749430942019,15.0,0.6774709302325581,397.4325581395349,325.37708193970184,0.0936046511627907,127,125,UnevenBars/v_UnevenBars_g21_c04.avi
0.8920079534334777,1.6760390709232942,25.019992006393608,0.5498546511627908,341.0604651162791,347.0733332734612,0.3383720930232558,242,239,UnevenBars/v_UnevenBars_g22_c01.avi
2.0642017536006603,3.70271477947796,71.83890397966829,0.5597383720930232,370.6418604651163,378.9373846739266,0.37267441860465117,127,125,UnevenBars/v_UnevenBars_g22_c02.avi
3.6295899430712724,7.748501847362889,201.63581031156147,0.6138081395348837,326.4372093023256,367.38504547507597,0.46569767441860466,140,138,UnevenBars/v_UnevenBars_g22_c03.avi
1.097124760747577,3.182602261925041,57.92451985126851,0.804796511627907,207.66511627906976,163.2849967954033,0.35872093023255813,127,125,UnevenBars/v_UnevenBars_g22_c04.avi
2.905103439868917,10.033824051366361,121.5136309226253,0.5968023255813953,667.5720930232558,793.92786454748,0.2424418604651163,186,183,UnevenBars/v_UnevenBars_g23_c01.avi
5.119161335261092,7.839362758711112,145.15105278639905,0.5571220930232558,354.0093023255814,323.86247426808825,0.2127906976744186,131,129,UnevenBars/v_UnevenBars_g23_c02.avi
5.965512755450158,8.472450810441234,121.0,0.2949127906976744,323.5348837209302,273.1892051424833,0.14825581395348839,168,165,UnevenBars/v_UnevenBars_g23_c03.avi
1.8392310132083909,3.341460786070809,84.14756383877075,0.5267441860465116,305.2279069767442,278.7704217782259,0.22965116279069767,117,115,UnevenBars/v_UnevenBars_g23_c04.avi
0.9529428634453533,2.063510787559602,27.5,0.7239825581395349,301.8790697674419,430.5909452369673,0.23081395348837208,106,104,UnevenBars/v_UnevenBars_g24_c01.avi
2.183950160085872,11.430122841577495,244.00204917172314,0.8521802325581396,463.4046511627907,854.3326180732819,0.35232558139534886,187,184,UnevenBars/v_UnevenBars_g24_c02.avi
1.0415908171812764,1.8882488545514344,34.75,0.6732558139534883,312.0372093023256,451.5035743881052,0.2941860465116279,119,117,UnevenBars/v_UnevenBars_g24_c03.avi
1.3947377119811837,2.1292159895226974,22.20360331117452,0.6765988372093024,301.2093023255814,251.00584243543526,0.16453488372093023,95,93,UnevenBars/v_UnevenBars_g24_c04.avi
0.630522216975974,3.3530936558003126,124.4025723206719,0.9010174418604651,226.08372093023254,164.73858774777517,0.27674418604651163,96,94,UnevenBars/v_UnevenBars_g25_c01.avi
1.651438293811868,3.7506500670991136,29.740544715926102,0.8236918604651163,335.1441860465116,444.01870131488914,0.17848837209302326,160,158,UnevenBars/v_UnevenBars_g25_c02.avi
2.7192592185515307,7.754533747257252,71.8679344353238,0.8574127906976744,237.02325581395348,229.29958958696045,0.36627906976744184,125,123,UnevenBars/v_UnevenBars_g25_c03.avi
1.4094134440247676,3.300880503950481,42.0,0.7619186046511628,497.89767441860465,420.3153287425847,0.2680232558139535,156,154,UnevenBars/v_UnevenBars_g25_c04.avi
0.15357423702476114,0.49356329360867573,16.048753845704034,0.9665697674418605,338.71627906976744,563.5827488943137,0.225,120,118,VolleyballSpiking/v_VolleyballSpiking_g08_c01.avi
0.25290071267538144,1.1970390983901886,34.04500697606038,0.9436046511627907,257.0046511627907,213.70955072572198,0.2436046511627907,111,109,VolleyballSpiking/v_VolleyballSpiking_g08_c02.avi
0.7078133819600027,1.7782147073774472,21.5,0.8675872093023256,241.6,209.06446763595906,0.2982558139534884,75,73,VolleyballSpiking/v_VolleyballSpiking_g08_c03.avi
0.3387944412746983,1.3683767324073888,34.0147027033899,0.9222383720930233,255.55348837209303,233.5042366518066,0.29767441860465116,118,116,VolleyballSpiking/v_VolleyballSpiking_g08_c04.avi
0.5414734462862018,0.9403590623394452,13.009611831257688,0.8116279069767441,243.05116279069767,391.41245976774763,0.29069767441860467,156,154,VolleyballSpiking/v_VolleyballSpiking_g08_c05.avi
0.5877001768627713,1.339511480260318,20.591260281974,0.8777616279069768,296.52093023255816,276.23951231961104,0.25406976744186044,254,251,VolleyballSpiking/v_VolleyballSpiking_g08_c06.avi
1.955361571516702,9.615372595904226,131.01526628603247,0.9071220930232559,253.9906976744186,265.85811901905583,0.3918604651162791,83,81,VolleyballSpiking/v_VolleyballSpiking_g09_c01.avi
1.1244051551504444,3.76778973436561,102.96115772464877,0.611046511627907,258.5674418604651,240.41010283392563,0.30290697674418604,62,60,VolleyballSpiking/v_VolleyballSpiking_g09_c02.avi
4.546063557365503,4.670517287405889,44.553338819890925,0.3944767441860465,232.33488372093024,119.46251505830709,0.17906976744186046,69,67,VolleyballSpiking/v_VolleyballSpiking_g09_c03.avi
0.6704887345164501,1.424803223122087,18.681541692269406,0.8091569767441861,198.4,134.2723646435734,0.3558139534883721,190,187,VolleyballSpiking/v_VolleyballSpiking_g09_c04.avi
0.6728544278414548,1.9545628833603,34.0,0.8986918604651163,268.3906976744186,271.6014794407368,0.3494186046511628,154,152,VolleyballSpiking/v_VolleyballSpiking_g09_c05.avi
1.4056189278406976,4.6402180162749085,173.04623659588788,0.7620639534883721,292.1674418604651,542.9586903301979,0.2651162790697674,106,104,VolleyballSpiking/v_VolleyballSpiking_g09_c06.avi
2.879504766896664,5.8994413497002505,66.06814663663572,0.6017441860465116,225.52558139534884,158.33193876778085,0.2680232558139535,90,88,VolleyballSpiking/v_VolleyballSpiking_g10_c01.avi
2.168977770342276,2.9361038405393045,27.555625559946918,0.5258720930232558,315.4976744186047,428.87132427488007,0.17383720930232557,170,167,VolleyballSpiking/v_VolleyballSpiking_g10_c02.avi
3.4874811750472974,5.900716464608051,225.0,0.5260174418604651,311.0325581395349,275.6687494169112,0.1994186046511628,97,95,VolleyballSpiking/v_VolleyballSpiking_g10_c03.avi
0.4741223628132386,1.0573711067164469,25.051509435560963,0.8835755813953489,253.54418604651164,410.4835454325168,0.32906976744186045,136,134,VolleyballSpiking/v_VolleyballSpiking_g10_c04.avi
3.694372258664834,4.832158980904217,303.02805150678705,0.24796511627906978,241.37674418604652,113.49649075039937,0.13197674418604652,94,92,VolleyballSpiking/v_VolleyballSpiking_g11_c01.avi
0.6668809039320641,5.98685602767952,199.81256842351033,0.9311046511627907,159.4418604651163,177.49802518725633,0.6238372093023256,165,162,VolleyballSpiking/v_VolleyballSpiking_g11_c02.avi
0.05872741628857489,1.807808543544076,139.0,0.9957848837209302,1018.0837209302325,1567.8696114703548,0.21453488372093024,117,115,VolleyballSpiking/v_VolleyballSpiking_g11_c03.avi
0.37797894793299003,1.5168328805751439,16.5,0.9347383720930232,614.2139534883721,1184.8703631535893,0.27151162790697675,179,176,VolleyballSpiking/v_VolleyballSpiking_g11_c04.avi
0.7005669943774964,8.63624516238673,328.05487345869443,0.8555232558139535,304.78139534883724,406.0278643524495,0.10872093023255813,109,107,VolleyballSpiking/v_VolleyballSpiking_g11_c05.avi
0.09571522971431118,0.3906614810367832,10.44030650891055,0.9745639534883721,214.92093023255813,172.5558036574802,0.34186046511627904,75,73,VolleyballSpiking/v_VolleyballSpiking_g11_c06.avi
0.2856489351420697,1.953301998534817,92.76212858704785,0.9286337209302326,185.78604651162792,135.68366353207819,0.4191860465116279,102,100,VolleyballSpiking/v_VolleyballSpiking_g12_c01.avi
1.93615955839984,3.2903936566724696,27.518175811634027,0.6140988372093024,186.45581395348836,116.8755913848002,0.3901162790697674,63,61,VolleyballSpiking/v_VolleyballSpiking_g12_c02.avi
2.006416559408428,9.767989947742649,252.25445982182356,0.9244186046511628,357.9162790697674,670.920597988137,0.2877906976744186,117,115,VolleyballSpiking/v_VolleyballSpiking_g12_c03.avi
1.0665651334942448,2.1110956373058074,26.050431858224538,0.752906976744186,1023.7767441860465,1413.470960015806,0.12209302325581395,138,136,VolleyballSpiking/v_VolleyballSpiking_g12_c04.avi
1.624706439644397,4.6969466484678755,42.5,0.7984011627906977,386.49302325581397,374.863049346396,0.311046511627907,78,76,VolleyballSpiking/v_VolleyballSpiking_g13_c01.avi
4.674364080750029,18.99663893497395,148.5000526094183,0.5853197674418604,394.0837209302326,370.1705106356991,0.27151162790697675,74,72,VolleyballSpiking/v_VolleyballSpiking_g13_c02.avi
2.4833356000812628,9.030252377231598,180.25,0.6688953488372092,387.3860465116279,370.8706974457605,0.2924418604651163,74,72,VolleyballSpiking/v_VolleyballSpiking_g13_c03.avi
1.6597337797209504,5.766342611130697,220.0,0.6542151162790698,396.2046511627907,371.7149632875371,0.27209302325581397,80,78,VolleyballSpiking/v_VolleyballSpiking_g13_c04.avi
5.063783024943649,23.34419364256337,383.0,0.8719476744186047,384.8186046511628,500.1553615631633,0.31511627906976747,106,104,VolleyballSpiking/v_VolleyballSpiking_g13_c05.avi
3.5715971963277817,17.496286728883522,293.5,0.6851744186046511,546.1209302325582,863.7989237807118,0.3191860465116279,105,103,VolleyballSpiking/v_VolleyballSpiking_g13_c06.avi
4.070285571484843,12.144010402909778,336.2909826326005,0.6890988372093023,428.9116279069767,514.6073026214294,0.28313953488372096,103,101,VolleyballSpiking/v_VolleyballSpiking_g13_c07.avi
2.1224214303622495,6.111377772819603,287.75173761421496,0.6843023255813954,400.11162790697676,377.81056728010236,0.2866279069767442,68,66,VolleyballSpiking/v_VolleyballSpiking_g14_c01.avi
2.094694087999946,8.098334185472195,211.0,0.640843023255814,409.8232558139535,369.7253115094976,0.22906976744186047,58,56,VolleyballSpiking/v_VolleyballSpiking_g14_c02.avi
1.616070538527763,3.0189484215394233,31.25399974403276,0.6313953488372093,383.92558139534884,363.06990043434627,0.2709302325581395,101,99,VolleyballSpiking/v_VolleyballSpiking_g14_c03.avi
10.465806550270273,30.396442878020572,321.1385993617086,0.7629360465116279,150.9581395348837,139.36237894893338,0.602906976744186,85,83,VolleyballSpiking/v_VolleyballSpiking_g14_c04.avi
1.0834335078959096,1.9109691763552836,23.644502532301246,0.7555232558139535,224.52093023255813,148.993610848094,0.2569767441860465,131,129,VolleyballSpiking/v_VolleyballSpiking_g15_c01.avi
1.253658768980079,3.734399031961212,63.00991985394046,0.7443313953488372,227.53488372093022,209.97844284007968,0.3622093023255814,103,101,VolleyballSpiking/v_VolleyballSpiking_g15_c02.avi
2.1275672339742924,11.951354404032667,155.46000289463524,0.8497093023255814,209.33953488372094,189.55181182786285,0.4011627906976744,143,141,VolleyballSpiking/v_VolleyballSpiking_g15_c03.avi
1.3336524493616635,1.7196358329441022,33.13608305156178,0.5501453488372093,220.16744186046512,95.0004644319865,0.2052325581395349,87,85,VolleyballSpiking/v_VolleyballSpiking_g15_c04.avi
0.9846797583870891,2.2018694726494425,86.0,0.6504360465116279,357.4697674418605,451.48264049394834,0.1436046511627907,130,128,VolleyballSpiking/v_VolleyballSpiking_g16_c01.avi
2.216614824486531,5.78010299643288,228.02192877001983,0.5354651162790698,234.45581395348836,102.61944442051266,0.1494186046511628,97,95,VolleyballSpiking/v_VolleyballSpiking_g16_c02.avi
2.700090461490869,6.93157271926158,88.68483523128404,0.6120639534883721,258.6790697674419,174.1876141140999,0.15348837209302327,90,88,VolleyballSpiking/v_VolleyballSpiking_g16_c03.avi
0.5884216149607369,7.9925504702213415,330.7659671127004,0.8952034883720931,525.1348837209302,1034.8777505341238,0.3191860465116279,181,178,VolleyballSpiking/v_VolleyballSpiking_g16_c04.avi
1.8480292507336706,4.610822176996248,304.1052449399714,0.5799418604651163,235.90697674418604,115.3824407167037,0.15813953488372093,107,105,VolleyballSpiking/v_VolleyballSpiking_g17_c01.avi
3.3844370210233645,4.486250456076979,47.72970773009196,0.3002906976744186,251.86976744186046,162.77289577082647,0.16104651162790698,88,86,VolleyballSpiking/v_VolleyballSpiking_g17_c02.avi
4.207579605682536,18.252064838866676,317.2168028336456,0.49084302325581397,191.03255813953487,134.58067127006922,0.3918604651162791,105,103,VolleyballSpiking/v_VolleyballSpiking_g17_c03.avi
0.33561511929027144,1.109276682863945,18.256848030259768,0.8828488372093023,659.5348837209302,1235.2018825453558,0.3354651162790698,125,123,VolleyballSpiking/v_VolleyballSpiking_g17_c04.avi
0.6640557618765249,2.4165740775224482,128.0,0.8561046511627907,203.9813953488372,118.91196520039708,0.3081395348837209,113,111,VolleyballSpiking/v_VolleyballSpiking_g18_c01.avi
4.127767827586597,4.353174928959601,25.495097567963924,0.4213662790697674,232.0,126.62635017301704,0.19011627906976744,101,99,VolleyballSpiking/v_VolleyballSpiking_g18_c02.avi
0.658571925759583,2.5793501487996826,93.637599285757,0.9180232558139535,191.5906976744186,136.03549436606693,0.39127906976744187,154,152,VolleyballSpiking/v_VolleyballSpiking_g18_c03.avi
0.9736968772229088,1.667528884815292,17.329526825623372,0.7436046511627907,429.5813953488372,832.7903846527925,0.22616279069767442,159,157,VolleyballSpiking/v_VolleyballSpiking_g18_c04.avi
0.1960998337877722,0.9181140401926511,28.284271247461902,0.9465116279069767,225.9720930232558,197.87818466265222,0.34244186046511627,121,119,VolleyballSpiking/v_VolleyballSpiking_g19_c01.avi
3.108331319640877,11.008111239146123,196.1357947953407,0.6524709302325581,196.94883720930233,134.67891941895442,0.3633720930232558,102,100,VolleyballSpiking/v_VolleyballSpiking_g19_c02.avi
6.075734338013367,9.854969535557336,37.57658845611187,0.5338662790697675,231.4418604651163,151.56751543808306,0.2302325581395349,60,58,VolleyballSpiking/v_VolleyballSpiking_g19_c03.avi
3.442952413854911,4.144689991955854,30.226488797079956,0.4880813953488372,217.0418604651163,105.38519871484125,0.23081395348837208,91,89,VolleyballSpiking/v_VolleyballSpiking_g19_c04.avi
0.7144656200235497,3.7868417232326985,136.8941196691808,0.8347383720930233,245.50697674418603,397.4085809137532,0.3058139534883721,81,79,VolleyballSpiking/v_VolleyballSpiking_g20_c01.avi
3.293854483960294,7.898093781076958,244.13111231467406,0.36584302325581397,215.14418604651163,114.16451878722596,0.25,172,169,VolleyballSpiking/v_VolleyballSpiking_g20_c02.avi
3.436627279407085,9.506185061579286,85.66686932531152,0.5924418604651163,196.72558139534883,134.73997023211172,0.36453488372093024,79,77,VolleyballSpiking/v_VolleyballSpiking_g20_c03.avi
3.553401457517078,6.644769692222207,53.009433122794285,0.43561046511627904,212.13023255813954,115.57187139648406,0.26569767441860465,58,56,VolleyballSpiking/v_VolleyballSpiking_g20_c04.avi
1.6545829981742677,5.01660582730707,168.9630137041832,0.7854651162790698,171.94418604651162,143.69035393872184,0.5005813953488372,122,120,VolleyballSpiking/v_VolleyballSpiking_g21_c01.avi
1.6600779878234737,2.542301633731339,54.037024344425184,0.6238372093023256,235.5720930232558,184.22565324683723,0.27151162790697675,120,118,VolleyballSpiking/v_VolleyballSpiking_g21_c02.avi
2.0496537381907363,7.755775209201974,154.74742526129472,0.5063953488372093,208.33488372093024,109.65196290615378,0.2761627906976744,113,111,VolleyballSpiking/v_VolleyballSpiking_g21_c03.avi
1.5764207865500006,2.622956390987806,76.54502351557547,0.5479651162790697,202.1953488372093,86.22964998482958,0.2802325581395349,107,105,VolleyballSpiking/v_VolleyballSpiking_g21_c04.avi
0.061839609164288975,0.3066722434760612,6.915788096811527,0.9808139534883721,191.70232558139534,137.57631199628318,0.3930232558139535,114,112,VolleyballSpiking/v_VolleyballSpiking_g22_c01.avi
3.151636500884972,12.579794364261424,246.73264883269908,0.5773255813953488,244.6139534883721,138.573177010183,0.15232558139534882,112,110,VolleyballSpiking/v_VolleyballSpiking_g22_c02.avi
0.5409402725483465,1.6791122806534213,31.0,0.8313953488372093,215.70232558139534,146.781105000914,0.2936046511627907,201,198,VolleyballSpiking/v_VolleyballSpiking_g22_c03.avi
0.29516515708474866,0.9894017716776888,16.757461024868892,0.9329941860465116,253.54418604651164,185.2806711920073,0.19651162790697674,172,169,VolleyballSpiking/v_VolleyballSpiking_g22_c04.avi
0.5287905192484803,2.104981147268919,21.540659228538015,0.9380813953488372,1942.2511627906977,1815.7247389444597,0.09186046511627907,201,198,VolleyballSpiking/v_VolleyballSpiking_g23_c01.avi
0.04823031867088583,0.42298584271126694,15.033296378372908,0.9863372093023256,995.2,1457.407712024939,0.09651162790697675,121,119,VolleyballSpiking/v_VolleyballSpiking_g23_c02.avi
0.1994518635156934,1.0077276925816474,16.51183287827248,0.9502906976744186,709.0976744186047,1233.074819866962,0.3308139534883721,209,206,VolleyballSpiking/v_VolleyballSpiking_g23_c03.avi
1.0418522068229155,2.7233554971268887,34.0,0.8654069767441861,712.0,1269.3117710369754,0.22965116279069767,263,260,VolleyballSpiking/v_VolleyballSpiking_g23_c04.avi
5.441727232249028,8.504805989269778,100.77822185373186,0.40741279069767444,244.6139534883721,132.24190234389673,0.14302325581395348,118,116,VolleyballSpiking/v_VolleyballSpiking_g24_c01.avi
0.22320279978176252,1.0981395329653891,28.86634069292469,0.9515988372093023,183.66511627906976,137.63571549011127,0.4325581395348837,102,100,VolleyballSpiking/v_VolleyballSpiking_g24_c02.avi
0.7443018893742752,4.46241449772528,105.0,0.8914244186046512,222.06511627906977,250.6056207574344,0.4883720930232558,122,120,VolleyballSpiking/v_VolleyballSpiking_g24_c03.avi
0.13305352897110612,0.4770198521944735,14.142135623730951,0.9671511627906977,361.48837209302326,356.0768385911541,0.30872093023255814,134,132,VolleyballSpiking/v_VolleyballSpiking_g24_c04.avi
1.312390250719964,3.0571886218379496,49.570656642816424,0.6315406976744186,222.73488372093024,99.97748324107302,0.19883720930232557,77,75,VolleyballSpiking/v_VolleyballSpiking_g25_c01.avi
1.1907837525165228,6.882514761065418,243.0,0.8619186046511628,264.1488372093023,222.21275408950603,0.23430232558139535,102,100,VolleyballSpiking/v_VolleyballSpiking_g25_c02.avi
4.900618785104043,10.571144770828653,312.27071588607214,0.43473837209302324,625.8232558139534,1178.3554746236155,0.18546511627906978,180,177,VolleyballSpiking/v_VolleyballSpiking_g25_c03.avi
0.3242960420269859,1.3984566511615426,24.0,0.9242732558139535,257.0046511627907,285.0435380481688,0.4366279069767442,103,101,VolleyballSpiking/v_VolleyballSpiking_g25_c04.avi
1.3925517491420203,3.288598944817815,20.396078054371138,0.7191860465116279,247.29302325581395,184.8605324642146,0.22209302325581395,202,199,WalkingWithDog/v_WalkingWithDog_g08_c01.avi
1.3076653109880856,3.053792213197569,101.78715537826962,0.7130813953488372,404.8,829.6285702958662,0.2575581395348837,241,238,WalkingWithDog/v_WalkingWithDog_g08_c02.avi
2.9786976787794446,12.25903816214645,247.0,0.6090116279069767,806.3255813953489,1389.7790977376167,0.30348837209302326,241,238,WalkingWithDog/v_WalkingWithDog_g08_c03.avi
1.9979310395755958,11.525395183410188,330.311973746033,0.8132267441860465,309.24651162790695,432.57550992879476,0.21337209302325583,229,226,WalkingWithDog/v_WalkingWithDog_g08_c04.avi
1.5324357715702221,6.926689669497516,269.0167281044062,0.9151162790697674,626.939534883721,1293.098903057363,0.5331395348837209,204,201,WalkingWithDog/v_WalkingWithDog_g08_c05.avi
5.146383870361055,15.708358259678535,340.073521462639,0.6524709302325581,537.413953488372,979.2741549244391,0.2924418604651163,207,204,WalkingWithDog/v_WalkingWithDog_g09_c01.avi
2.6792587986047756,4.997161646858871,140.42791745233566,0.5212209302325581,773.7302325581395,1344.761876307368,0.17790697674418604,241,238,WalkingWithDog/v_WalkingWithDog_g09_c02.avi
3.1247699543438654,10.614048633474743,342.44744122273715,0.46511627906976744,343.06976744186045,646.5829105758852,0.16046511627906976,241,238,WalkingWithDog/v_WalkingWithDog_g09_c03.avi
2.817122720584371,9.60084083319516,206.73427993441243,0.44229651162790695,221.28372093023256,118.46235184546747,0.22732558139534884,241,238,WalkingWithDog/v_WalkingWithDog_g09_c04.avi
2.0886827794082268,10.986513811632669,325.16149833582693,0.6447674418604651,469.2093023255814,966.3308826676232,0.2569767441860465,241,238,WalkingWithDog/v_WalkingWithDog_g09_c05.avi
2.3784333569195435,9.992149202368331,311.2940731848263,0.6218023255813954,195.83255813953488,134.9802047863078,0.3691860465116279,241,238,WalkingWithDog/v_WalkingWithDog_g09_c06.avi
0.9019515220318087,1.7357440735801053,18.027756377319946,0.8125,262.5860465116279,176.83209955550245,0.14244186046511628,194,191,WalkingWithDog/v_WalkingWithDog_g10_c01.avi
1.205586961825104,1.6020477202541443,11.335784048754634,0.6193313953488372,424.33488372093024,831.8981374595735,0.2302325581395349,241,238,WalkingWithDog/v_WalkingWithDog_g10_c02.avi
2.587028806793714,7.310234068877206,59.440095894942836,0.609593023255814,489.86046511627904,962.1546938765205,0.17732558139534885,241,238,WalkingWithDog/v_WalkingWithDog_g10_c03.avi
3.0611033913119594,8.096806481970376,210.59217103206853,0.5156976744186047,728.0744186046512,1306.9148169057987,0.17383720930232557,241,238,WalkingWithDog/v_WalkingWithDog_g10_c04.avi
4.076101801832442,6.897586400524256,40.01249804748511,0.45901162790697675,224.74418604651163,116.60709081779137,0.20930232558139536,241,238,WalkingWithDog/v_WalkingWithDog_g10_c05.avi
2.6192649120326386,7.70997644874592,137.1288171756761,0.5010174418604652,648.706976744186,1232.5900515043936,0.2988372093023256,241,238,WalkingWithDog/v_WalkingWithDog_g11_c01.avi
1.3607191420516935,2.24287905637202,29.182614687515578,0.5543604651162791,351.10697674418606,748.5819044204474,0.3116279069767442,241,238,WalkingWithDog/v_WalkingWithDog_g11_c02.avi
1.852736530213457,5.275987769723274,131.0953851209111,0.5427325581395349,277.65581395348835,535.1889843576995,0.2755813953488372,241,238,WalkingWithDog/v_WalkingWithDog_g11_c03.avi
2.674003446657855,4.909091199667353,89.05054744357274,0.5010174418604652,245.84186046511627,397.3363792150191,0.3040697674418605,241,238,WalkingWithDog/v_WalkingWithDog_g11_c04.avi
3.60573101477023,6.81209182404217,64.90618229413897,0.6244186046511628,344.29767441860463,656.7611471556431,0.22848837209302325,241,238,WalkingWithDog/v_WalkingWithDog_g11_c05.avi
0.710400937101657,7.020425441985126,228.5012308500766,0.9684593023255814,198.9581395348837,160.31722365731588,0.39476744186046514,202,199,WalkingWithDog/v_WalkingWithDog_g12_c01.avi
1.127636125180521,5.260584930531873,47.12748667179272,0.9556686046511628,195.60930232558138,177.5494059167017,0.4424418604651163,241,238,WalkingWithDog/v_WalkingWithDog_g12_c02.avi
2.365977331147934,8.483294952796316,204.15680248279753,0.8911337209302326,188.13023255813954,154.45430352272513,0.4372093023255814,231,228,WalkingWithDog/v_WalkingWithDog_g12_c03.avi
2.0420480211629313,10.544863681994743,181.49655644116226,0.8470930232558139,312.1488372093023,662.3611999829353,0.37732558139534883,241,238,WalkingWithDog/v_WalkingWithDog_g12_c04.avi
1.7846544263142974,7.634560755896059,121.50102880222866,0.8704941860465116,394.75348837209305,837.9159139000172,0.35872093023255813,241,238,WalkingWithDog/v_WalkingWithDog_g12_c05.avi
1.7406746497097312,9.793310371659842,92.34717104492157,0.9361918604651163,201.1906976744186,190.3653180914827,0.44127906976744186,202,199,WalkingWithDog/v_WalkingWithDog_g13_c01.avi
2.660807459114019,10.877871205067683,75.1065909225016,0.8184593023255814,411.72093023255815,765.1144412220805,0.27732558139534885,241,238,WalkingWithDog/v_WalkingWithDog_g13_c02.avi
0.8711515273713449,5.2951458507119575,121.0,0.807703488372093,445.65581395348835,830.0007355845229,0.16569767441860464,121,119,WalkingWithDog/v_WalkingWithDog_g13_c03.avi
4.705520307137565,5.676198518394212,28.00446392988089,0.19854651162790699,259.2372093023256,163.71209701329673,0.13197674418604652,128,126,WalkingWithDog/v_WalkingWithDog_g13_c04.avi
0.09744606168025757,0.5573342377451859,18.375,0.9728197674418605,286.25116279069766,654.8177038606589,0.4191860465116279,121,119,WalkingWithDog/v_WalkingWithDog_g13_c05.avi
0.46936913807537944,0.9655920149096404,5.70087712549569,0.8197674418604651,321.74883720930234,567.9304839429481,0.30872093023255814,241,238,WalkingWithDog/v_WalkingWithDog_g14_c01.avi
2.989237318699865,7.250915755488387,68.79543952908507,0.5981104651162791,238.92093023255813,156.26914254184217,0.2052325581395349,241,238,WalkingWithDog/v_WalkingWithDog_g14_c02.avi
1.1242543252894992,1.501407792330311,8.75,0.6718023255813953,263.36744186046514,227.3409689195282,0.25,217,214,WalkingWithDog/v_WalkingWithDog_g14_c03.avi
3.610260169441831,5.644648055355229,23.472390696305308,0.48953488372093024,351.3302325581395,650.8070108450448,0.16395348837209303,241,238,WalkingWithDog/v_WalkingWithDog_g14_c04.avi
4.419609936351159,12.49540791195841,73.824115301167,0.8165697674418605,236.24186046511628,203.8458540201145,0.30988372093023253,217,214,WalkingWithDog/v_WalkingWithDog_g15_c01.avi
2.5522469634395866,12.346999418114807,184.39088914585776,0.9311046511627907,185.45116279069768,124.20409380230818,0.4046511627906977,241,238,WalkingWithDog/v_WalkingWithDog_g15_c02.avi
1.2972809546261754,9.65404326721646,240.2401142607121,0.9561046511627908,238.36279069767443,233.48107539789214,0.37093023255813956,241,238,WalkingWithDog/v_WalkingWithDog_g15_c03.avi
1.1596737287401608,3.5279371490239044,160.1998751560063,0.7899709302325582,461.28372093023256,974.1260261646185,0.3540697674418605,241,238,WalkingWithDog/v_WalkingWithDog_g15_c04.avi
2.6289364121199386,5.129629673797438,162.49615380063616,0.6484011627906977,218.3813953488372,133.45353211984425,0.261046511627907,119,117,WalkingWithDog/v_WalkingWithDog_g16_c01.avi
2.884008183930968,9.7179669061218,224.5,0.6518895348837209,436.6139534883721,830.7390236329912,0.19186046511627908,241,238,WalkingWithDog/v_WalkingWithDog_g16_c02.avi
2.033078324177192,5.261028659916647,32.094586770980555,0.7492732558139535,219.83255813953488,393.4547872852,0.40232558139534885,241,238,WalkingWithDog/v_WalkingWithDog_g16_c03.avi
1.5946284393697479,3.2550604724946957,30.4138126514911,0.6127906976744186,521.4511627906977,1024.1028909908698,0.20348837209302326,241,238,WalkingWithDog/v_WalkingWithDog_g16_c04.avi
3.040860088288049,6.620025724974858,184.43969204051496,0.36584302325581397,227.9813953488372,128.8284225028182,0.21104651162790697,200,197,WalkingWithDog/v_WalkingWithDog_g16_c05.avi
1.9943809725472683,4.0641811644005434,56.5,0.6210755813953488,296.4093023255814,539.9274196761247,0.2313953488372093,241,238,WalkingWithDog/v_WalkingWithDog_g17_c01.avi
2.303786081436792,4.8811367267018015,280.5095809415429,0.5138081395348837,337.8232558139535,649.0368581059919,0.19476744186046513,241,238,WalkingWithDog/v_WalkingWithDog_g17_c02.avi
1.3004030101092847,6.775616355220395,158.5339080449353,0.6645348837209303,440.52093023255816,826.0618301533752,0.14127906976744187,241,238,WalkingWithDog/v_WalkingWithDog_g17_c03.avi
1.6040629034291793,2.65040559296502,19.235384061671343,0.6800872093023256,393.19069767441863,740.9106627293368,0.12732558139534883,241,238,WalkingWithDog/v_WalkingWithDog_g17_c04.avi
2.437694550624093,3.5101012382840118,22.375,0.3886627906976744,450.34418604651165,826.2998907436343,0.12267441860465116,241,238,WalkingWithDog/v_WalkingWithDog_g17_c05.avi
1.7543972085414823,5.359028431441024,82.00609733428362,0.7017441860465117,275.42325581395346,251.37960254453066,0.26395348837209304,241,238,WalkingWithDog/v_WalkingWithDog_g18_c01.avi
2.8833716357331256,5.67285511869902,97.0,0.438953488372093,463.51627906976745,903.5507776957124,0.22616279069767442,241,238,WalkingWithDog/v_WalkingWithDog_g18_c02.avi
1.8632588124286453,3.743332356127392,98.61446394926051,0.670639534883721,321.6372093023256,558.0646945172492,0.24883720930232558,241,238,WalkingWithDog/v_WalkingWithDog_g18_c03.avi
2.937567839435128,9.70690508951819,224.5,0.6071220930232558,327.66511627906976,553.1925434950067,0.19883720930232557,241,238,WalkingWithDog/v_WalkingWithDog_g18_c04.avi
2.8567844937803044,10.243231361006545,249.6237168219398,0.5795058139534883,219.83255813953488,137.56544272814597,0.26046511627906976,241,238,WalkingWithDog/v_WalkingWithDog_g19_c01.avi
4.337687738078001,6.957085390121727,75.61084578286372,0.515843023255814,452.9116279069767,896.1087904285932,0.1744186046511628,241,238,WalkingWithDog/v_WalkingWithDog_g19_c02.avi
3.239673606932232,5.682392530411342,223.00896842952304,0.48183139534883723,265.8232558139535,392.48753073791846,0.2,241,238,WalkingWithDog/v_WalkingWithDog_g19_c03.avi
2.1988197716069457,6.6096494855092525,287.0435507026765,0.56875,239.3674418604651,179.0672729515171,0.24476744186046512,241,238,WalkingWithDog/v_WalkingWithDog_g19_c04.avi
1.6594096849328999,4.067945538004063,87.65842800324451,0.6343023255813953,363.27441860465115,653.765674575049,0.14825581395348839,241,238,WalkingWithDog/v_WalkingWithDog_g19_c05.avi
4.132296620305986,10.986692900090844,313.6504822250398,0.6129360465116279,217.8232558139535,127.12237802232475,0.25465116279069766,241,238,WalkingWithDog/v_WalkingWithDog_g20_c01.avi
2.8422998144041034,7.94788019007365,229.83162994896938,0.5434593023255814,232.11162790697674,162.19054715279188,0.2453488372093023,241,238,WalkingWithDog/v_WalkingWithDog_g20_c02.avi
2.70466858015001,12.822269565647753,288.01562457616774,0.5363372093023255,281.2279069767442,536.3927571461746,0.2686046511627907,241,238,WalkingWithDog/v_WalkingWithDog_g20_c03.avi
3.1261094935207927,8.409145284098921,240.4100663449848,0.45828488372093024,574.6976744186046,1132.5429615524674,0.22848837209302325,241,238,WalkingWithDog/v_WalkingWithDog_g20_c04.avi
2.4098192779606173,4.077909601720928,179.06702655709677,0.4796511627906977,310.25116279069766,544.9624114932225,0.21046511627906977,241,238,WalkingWithDog/v_WalkingWithDog_g20_c05.avi
2.651098758679241,15.265386414764551,304.2581141070851,0.5405523255813953,275.86976744186046,404.21875469123387,0.21046511627906977,241,238,WalkingWithDog/v_WalkingWithDog_g20_c06.avi
1.3943921635563468,2.729298581792237,51.419840528729765,0.5755813953488372,549.8046511627907,1078.794270525155,0.2,241,238,WalkingWithDog/v_WalkingWithDog_g20_c07.avi
5.094516562140355,19.972306187844545,339.75064385516623,0.44069767441860463,238.8093023255814,146.41411771736736,0.18953488372093022,241,238,WalkingWithDog/v_WalkingWithDog_g21_c01.avi
3.6863737435296953,13.490249678769622,233.57439928211312,0.5392441860465116,348.98604651162793,656.7341289169995,0.21337209302325583,241,238,WalkingWithDog/v_WalkingWithDog_g21_c02.avi
3.7191971989277413,6.24388607011167,80.29204506051643,0.45290697674418606,239.8139534883721,389.8927256050294,0.2982558139534884,241,238,WalkingWithDog/v_WalkingWithDog_g21_c03.avi
3.9370734259613274,19.45532125303493,266.01691675530714,0.5579941860465116,269.0604651162791,395.9546028356791,0.20174418604651162,241,238,WalkingWithDog/v_WalkingWithDog_g21_c04.avi
0.7576712746168659,3.389364807203041,38.118237105091836,0.9433139534883721,279.66511627906976,414.64344945805533,0.24186046511627907,241,238,WalkingWithDog/v_WalkingWithDog_g22_c01.avi
0.937912333946574,4.126490245208611,106.10372283760829,0.8530523255813953,776.4093023255814,1306.658489895425,0.22906976744186047,241,238,WalkingWithDog/v_WalkingWithDog_g22_c02.avi
2.2241926203502524,10.281552125875027,316.53751752359466,0.6501453488372093,330.90232558139536,652.8661850455934,0.24476744186046512,241,238,WalkingWithDog/v_WalkingWithDog_g22_c03.avi
1.7496040476838925,5.140521099050897,162.0863967148385,0.7071220930232558,272.52093023255816,407.80007445403453,0.23953488372093024,241,238,WalkingWithDog/v_WalkingWithDog_g22_c04.avi
1.7804320586687676,3.2009884610504993,10.800028935146424,0.6930232558139535,302.54883720930235,281.675743292022,0.24825581395348836,241,238,WalkingWithDog/v_WalkingWithDog_g23_c01.avi
3.155294256599488,6.203457354038079,63.953107821277925,0.520639534883721,373.4325581395349,740.501673983608,0.17906976744186046,241,238,WalkingWithDog/v_WalkingWithDog_g23_c02.avi
1.6873029689918455,4.070077009030167,87.65842800324451,0.6255813953488372,600.8186046511628,1127.2064170464128,0.14825581395348839,241,238,WalkingWithDog/v_WalkingWithDog_g23_c03.avi
1.4553449044895128,9.80476644989715,342.4329313894912,0.7318313953488372,211.46046511627907,178.48876472951284,0.3691860465116279,205,202,WalkingWithDog/v_WalkingWithDog_g23_c04.avi
2.4272613602819106,6.069617670501384,197.6866206904251,0.45319767441860465,271.9627906976744,403.7288504206498,0.2238372093023256,241,238,WalkingWithDog/v_WalkingWithDog_g24_c01.avi
4.423226390176668,8.906761036236606,191.44189719076647,0.4027616279069767,212.68837209302325,115.31848963127419,0.2627906976744186,241,238,WalkingWithDog/v_WalkingWithDog_g24_c02.avi
3.743829783347937,9.041868023890663,115.43396380615195,0.5037790697674419,266.15813953488373,184.26379754284554,0.14244186046511628,241,238,WalkingWithDog/v_WalkingWithDog_g24_c03.avi
2.3786990529960312,10.529509371949276,199.24858845171275,0.48401162790697677,286.3627906976744,410.0464846157084,0.19534883720930232,241,238,WalkingWithDog/v_WalkingWithDog_g24_c04.avi
4.258200938310132,14.159621865540032,191.5097908724251,0.5840116279069767,232.0,124.92230143312618,0.1877906976744186,241,238,WalkingWithDog/v_WalkingWithDog_g24_c05.avi
2.182088979916346,6.448521535856718,115.81909384898502,0.6228197674418605,231.88837209302326,117.92810819308974,0.17906976744186046,241,238,WalkingWithDog/v_WalkingWithDog_g24_c06.avi
2.6872992047002793,7.149460322603055,44.91102314577124,0.5593023255813954,247.51627906976745,130.33933695645263,0.12790697674418605,241,238,WalkingWithDog/v_WalkingWithDog_g25_c01.avi
4.041986620175167,6.177693732219022,43.01162633521314,0.5066860465116279,314.6046511627907,535.0014187998959,0.13662790697674418,241,238,WalkingWithDog/v_WalkingWithDog_g25_c02.avi
3.0606965145954343,9.835274647810754,255.07057846799972,0.4375,511.06976744186045,958.8764111587532,0.11104651162790698,241,238,WalkingWithDog/v_WalkingWithDog_g25_c03.avi
4.816716375692967,29.652839766836358,337.3166168453609,0.7843023255813953,446.54883720930235,975.0511477036385,0.3936046511627907,206,203,WalkingWithDog/v_WalkingWithDog_g25_c04.avi
0.2802538554343985,1.170108929063709,20.65187642806338,0.9263081395348837,396.42790697674417,344.64067322329396,0.16627906976744186,142,140,WallPushups/v_WallPushups_g08_c01.avi
0.11970609231486817,0.2870897809148342,2.25,0.9517441860465117,458.71627906976744,361.1818178548657,0.08604651162790698,152,150,WallPushups/v_WallPushups_g08_c02.avi
0.17965576916681847,0.3427381568194043,2.692582403567252,0.9468023255813953,461.95348837209303,367.3385076901376,0.10406976744186046,154,152,WallPushups/v_WallPushups_g08_c03.avi
0.22937243476412728,0.815029897070071,9.5524865872714,0.9242732558139535,390.846511627907,343.4472704857477,0.17674418604651163,123,121,WallPushups/v_WallPushups_g08_c04.avi
0.15824894113699772,0.32747959187426523,3.3541019662496847,0.9540697674418605,450.45581395348836,355.4116861503635,0.08023255813953488,132,130,WallPushups/v_WallPushups_g08_c05.avi
0.2256418165462217,1.2802236800894473,14.866068747318506,0.958139534883721,474.2325581395349,693.2387365956347,0.17034883720930233,77,75,WallPushups/v_WallPushups_g09_c01.avi
0.24954111344707464,0.8990086793348336,12.973530745329121,0.9295058139534884,285.24651162790695,216.06030526472713,0.13604651162790699,89,87,WallPushups/v_WallPushups_g09_c02.avi
0.187335432586596,0.5539321676054371,4.808846015417836,0.9379360465116279,370.30697674418604,455.1646762540614,0.12325581395348838,114,112,WallPushups/v_WallPushups_g09_c03.avi
0.24796979098227637,1.6124805326655336,24.044230077089182,0.95625,372.53953488372093,465.77583895896015,0.1697674418604651,106,104,WallPushups/v_WallPushups_g09_c04.avi
0.25223823449247856,0.6466104468749262,7.273668262988077,0.9177325581395349,317.6186046511628,259.0406336589399,0.12790697674418605,127,125,WallPushups/v_WallPushups_g09_c05.avi
2.20816387206194,6.4557352261757694,130.26895255585654,0.6787790697674418,323.31162790697675,576.1041658110031,0.3540697674418605,94,92,WallPushups/v_WallPushups_g10_c01.avi
1.8862534310703851,5.510780465306021,56.32051136131489,0.7188953488372093,353.6744186046512,674.0678221666393,0.32383720930232557,71,69,WallPushups/v_WallPushups_g10_c02.avi
2.009077281049677,7.418897442099218,202.54382241875462,0.6729651162790697,257.89767441860465,414.15113379356893,0.32732558139534884,73,71,WallPushups/v_WallPushups_g10_c03.avi
1.5070205481343033,5.3625647192712815,60.29925372672534,0.7473837209302325,410.3813953488372,687.0600282686838,0.261046511627907,81,79,WallPushups/v_WallPushups_g10_c04.avi
2.343745930404996,8.65631498690512,110.44002897500525,0.7318313953488372,251.53488372093022,248.40658239763866,0.35348837209302325,65,63,WallPushups/v_WallPushups_g10_c05.avi
0.5858771624107351,1.42364105566047,26.90724809414742,0.8469476744186046,351.4418604651163,350.1341472041811,0.3168604651162791,155,153,WallPushups/v_WallPushups_g11_c01.avi
2.5317875146777546,5.7969831659624536,42.60575078554537,0.639389534883721,272.63255813953486,297.80850700902465,0.41337209302325584,163,160,WallPushups/v_WallPushups_g11_c02.avi
1.6010921410996444,4.396185061036828,36.75,0.6531976744186047,360.8186046511628,334.10885237488446,0.22848837209302325,141,139,WallPushups/v_WallPushups_g11_c03.avi
1.6098639657646234,4.9490156760883925,146.5479870213167,0.6767441860465117,327.4418604651163,342.7685708045917,0.3674418604651163,126,124,WallPushups/v_WallPushups_g11_c04.avi
1.3019464140198764,2.7774242921343917,19.4164878389476,0.6462209302325581,374.3255813953488,349.7286470320877,0.24651162790697675,121,119,WallPushups/v_WallPushups_g11_c05.avi
0.9157967915288899,1.616968331620196,28.635642126552707,0.6841569767441861,378.5674418604651,351.389261209639,0.24069767441860465,119,117,WallPushups/v_WallPushups_g11_c06.avi
0.444544534855179,2.6068918044996807,84.57245414436073,0.9359011627906977,1857.6372093023256,1754.6044140427377,0.1325581395348837,102,100,WallPushups/v_WallPushups_g12_c01.avi
0.38750394289029216,2.7845261172914504,88.14193099768123,0.928343023255814,1833.0790697674418,1772.2414944578532,0.14883720930232558,123,121,WallPushups/v_WallPushups_g12_c02.avi
0.1182470009633704,0.3854299612744868,4.0,0.9498546511627907,1871.2558139534883,1743.293062568965,0.09883720930232558,118,116,WallPushups/v_WallPushups_g12_c03.avi
0.132602617650836,0.4381475000940412,5.783867650629637,0.9427325581395349,1880.1860465116279,1737.4448929633336,0.10813953488372093,121,119,WallPushups/v_WallPushups_g12_c04.avi
0.23464902233869486,0.6238122957718871,5.88430114796991,0.9,1878.846511627907,1739.755922382383,0.13372093023255813,107,105,WallPushups/v_WallPushups_g12_c05.avi
0.1673275606419653,0.5320631067021683,6.519202405202649,0.9296511627906977,607.9627906976744,853.9836273751213,0.18546511627906978,109,107,WallPushups/v_WallPushups_g13_c01.avi
0.20158953188584325,1.512030190832411,26.75116819879087,0.9707848837209302,534.8465116279069,859.8235890857476,0.2941860465116279,126,124,WallPushups/v_WallPushups_g13_c02.avi
1.2573344777938171,3.3326931949604712,22.20360331117452,0.8534883720930233,561.0790697674419,918.5203208391654,0.23895348837209301,96,94,WallPushups/v_WallPushups_g13_c03.avi
0.6859249452409398,1.6944345758972854,16.535000755972163,0.8280523255813953,503.5906976744186,861.9114182656606,0.3546511627906977,102,100,WallPushups/v_WallPushups_g13_c04.avi
0.22641481106108757,0.7798862840412443,12.589678312014172,0.9203488372093023,552.706976744186,859.0801043938095,0.2686046511627907,160,158,WallPushups/v_WallPushups_g13_c05.avi
0.11164875853461234,0.48478207559926456,8.06225774829855,0.951453488372093,527.3674418604651,406.05744794670466,0.1633720930232558,106,104,WallPushups/v_WallPushups_g14_c01.avi
0.19639793437133427,1.3370760367753436,51.0098029794274,0.9542151162790697,545.7860465116279,413.1931366533006,0.1744186046511628,138,136,WallPushups/v_WallPushups_g14_c02.avi
0.1429897861687992,1.1473169837353931,62.517997408746226,0.9566860465116279,629.6186046511627,522.5420367003818,0.08662790697674419,121,119,WallPushups/v_WallPushups_g14_c03.avi
0.2773118194191638,1.8646587275080826,88.95504482602435,0.9303779069767442,595.5720930232558,528.2111304118536,0.12906976744186047,131,129,WallPushups/v_WallPushups_g14_c04.avi
0.25002905881867155,1.417201864173208,31.33089529521938,0.9351744186046511,576.0372093023256,409.7621755066382,0.13313953488372093,116,114,WallPushups/v_WallPushups_g14_c05.avi
1.0315424643691378,1.5698868688001546,16.401219466856727,0.6626453488372093,236.353488372093,101.21543073100966,0.13953488372093023,71,69,WallPushups/v_WallPushups_g15_c01.avi
1.4781563128308262,2.7555459651403322,34.48187929913333,0.6053779069767442,227.86976744186046,164.0108384604629,0.26744186046511625,63,61,WallPushups/v_WallPushups_g15_c02.avi
1.2792278504151586,3.0186924585071253,39.66106403010388,0.6231104651162791,214.69767441860466,163.70528466469798,0.3267441860465116,62,60,WallPushups/v_WallPushups_g15_c03.avi
0.975953332299406,1.8121076696890224,31.32091952673165,0.7261627906976744,233.22790697674418,150.71272276286433,0.22093023255813954,55,53,WallPushups/v_WallPushups_g15_c04.avi
1.1415501213489476,2.2030674561900696,24.73863375370596,0.7704941860465117,227.75813953488372,135.43142816965917,0.22151162790697673,115,113,WallPushups/v_WallPushups_g15_c05.avi
0.11269586623841857,0.5760673593327315,8.31038506929733,0.973546511627907,1887.106976744186,1732.050835146798,0.1,182,179,WallPushups/v_WallPushups_g16_c01.avi
0.11116457377199492,0.5710682971747694,12.539936203984453,0.9713662790697675,1905.3023255813953,1718.211232308706,0.08895348837209302,154,152,WallPushups/v_WallPushups_g16_c02.avi
0.11425276237798877,0.42068009500748954,8.5,0.9654069767441861,1907.5348837209303,1716.440060515154,0.08662790697674419,151,149,WallPushups/v_WallPushups_g16_c03.avi
0.11304542680741558,0.5055740186256851,7.0,0.9614825581395349,1926.9581395348837,1700.9806072247497,0.06918604651162791,160,158,WallPushups/v_WallPushups_g16_c04.avi
0.10804483725826265,0.39463736470891053,6.251249875024993,0.9664244186046511,1900.7255813953489,1722.3501073057969,0.10348837209302325,140,138,WallPushups/v_WallPushups_g16_c05.avi
0.09852704177536198,0.5361300298972264,8.31038506929733,0.9736918604651162,1891.7953488372093,1728.8514361709797,0.10348837209302325,178,175,WallPushups/v_WallPushups_g16_c06.avi
0.05834871113976873,0.275691597056199,7.0,0.9880813953488372,1897.6,1724.0121426216747,0.09186046511627907,231,228,WallPushups/v_WallPushups_g16_c07.avi
0.7031699800867016,1.4649905865858321,14.67353059082919,0.7771802325581395,350.4372093023256,343.89302624390155,0.29651162790697677,126,124,WallPushups/v_WallPushups_g17_c01.avi
0.42493652761320444,0.5988610233281676,7.710585256645568,0.8838662790697674,328.0,315.11858233089424,0.2668604651162791,131,129,WallPushups/v_WallPushups_g17_c02.avi
0.3476376469987618,0.809289661412647,15.953056133543816,0.8722383720930232,307.3488372093023,304.17734145854365,0.3023255813953488,114,112,WallPushups/v_WallPushups_g17_c03.avi
0.41388788933439735,0.968321808041416,15.532224567009067,0.8671511627906977,393.86046511627904,485.068855404575,0.20988372093023255,116,114,WallPushups/v_WallPushups_g17_c04.avi
0.26778274399282226,0.6584381957999393,10.816653826391969,0.8808139534883721,322.86511627906975,347.4429857084608,0.4005813953488372,117,115,WallPushups/v_WallPushups_g17_c05.avi
0.5454076216568312,1.1262007494149633,13.44258624670119,0.782703488372093,298.6418604651163,313.7565596331298,0.36627906976744184,126,124,WallPushups/v_WallPushups_g17_c06.avi
0.5096455362794867,0.7237768345801163,8.634958019585271,0.8265988372093023,365.3953488372093,322.13114038582745,0.17209302325581396,94,92,WallPushups/v_WallPushups_g17_c07.avi
0.04793377961652865,0.4499104096975666,16.446884203398525,0.9895348837209302,441.74883720930234,511.8967121343883,0.23953488372093024,115,113,WallPushups/v_WallPushups_g18_c01.avi
0.04689740389474418,0.2981615137881562,4.527692569068709,0.9843023255813953,360.0372093023256,335.8560025210526,0.2372093023255814,126,124,WallPushups/v_WallPushups_g18_c02.avi
0.05278019983810849,0.39797412003087795,13.704470073665746,0.985610465116279,409.93488372093026,373.68646905556943,0.24476744186046512,106,104,WallPushups/v_WallPushups_g18_c03.avi
0.053369760550144314,0.3274020369578801,7.766112283504533,0.9803779069767442,368.52093023255816,345.86238462256784,0.24883720930232558,122,120,WallPushups/v_WallPushups_g18_c04.avi
0.051804177640130844,0.3680877144800173,9.300537618869138,0.9851744186046512,402.6790697674419,363.415687773746,0.22209302325581395,111,109,WallPushups/v_WallPushups_g18_c05.avi
0.5378949494810275,2.0482433094882797,24.255154091450336,0.9050872093023256,326.54883720930235,479.68235244048117,0.386046511627907,89,87,WallPushups/v_WallPushups_g19_c01.avi
0.5157816567134562,1.873015758769243,18.76832437912346,0.8930232558139535,283.46046511627907,295.66783227406415,0.363953488372093,87,85,WallPushups/v_WallPushups_g19_c02.avi
0.2507588604486354,0.9052591763242682,15.644987216357832,0.9120639534883721,360.8186046511628,358.8520192877424,0.32151162790697674,81,79,WallPushups/v_WallPushups_g19_c03.avi
0.47984067491890736,1.8475870404902588,19.636143333149715,0.9004360465116279,323.5348837209302,318.80615593522623,0.2947674418604651,87,85,WallPushups/v_WallPushups_g19_c04.avi
0.18720018381879117,0.7032864253773645,9.314806761280666,0.9425872093023255,382.3627906976744,494.3633900342596,0.29069767441860467,74,72,WallPushups/v_WallPushups_g19_c05.avi
0.2459542106160016,0.876379095988095,13.0,0.9331395348837209,242.04651162790697,202.6400122899091,0.2819767441860465,94,92,WallPushups/v_WallPushups_g20_c01.avi
0.1310760423892146,0.3655945419131652,5.001562255935639,0.9523255813953488,233.22790697674418,213.1497981010139,0.34418604651162793,111,109,WallPushups/v_WallPushups_g20_c02.avi
0.19232243851890418,0.570502823268438,7.690294207636012,0.9287790697674418,254.66046511627906,241.087750250223,0.3209302325581395,107,105,WallPushups/v_WallPushups_g20_c03.avi
0.3321058992479842,1.8003345748966795,37.28018910896242,0.9476744186046512,222.06511627906977,217.65048884565806,0.4046511627906977,102,100,WallPushups/v_WallPushups_g20_c04.avi
0.20643198903636004,0.8136049206443372,12.41219158730641,0.9332848837209302,230.9953488372093,206.7710451070114,0.3395348837209302,102,100,WallPushups/v_WallPushups_g20_c05.avi
0.37673353286295735,1.3629353059734424,14.97706580075016,0.9119186046511628,222.62325581395348,183.2629383575582,0.32732558139534884,90,88,WallPushups/v_WallPushups_g20_c06.avi
0.15203353950853438,0.8327738871962198,16.00781059358212,0.9531976744186047,363.0511627906977,747.727342537183,0.2680232558139535,73,71,WallPushups/v_WallPushups_g21_c01.avi
1.058657373661315,4.083656885519623,49.72926703662542,0.8818313953488373,159.4418604651163,156.99404555818262,0.5866279069767442,82,80,WallPushups/v_WallPushups_g21_c02.avi
0.397695875543405,1.4229587966424198,16.372614330032942,0.9061046511627907,511.06976744186045,1028.9585024594855,0.27151162790697675,151,149,WallPushups/v_WallPushups_g21_c03.avi
0.6837843902617108,3.0376574944700403,38.71772849742092,0.9135174418604651,247.51627906976745,410.76861416879785,0.3558139534883721,141,139,WallPushups/v_WallPushups_g21_c04.avi
0.20210909838939686,1.413149073031523,32.0673120170681,0.9508720930232558,349.7674418604651,664.6202215852054,0.26744186046511625,134,132,WallPushups/v_WallPushups_g21_c05.avi
0.4425820312234944,1.8508514100677325,25.495097567963924,0.9183139534883721,325.9906976744186,663.8889091063331,0.34011627906976744,113,111,WallPushups/v_WallPushups_g21_c06.avi
0.28687269384932174,1.810116748722632,40.496913462633174,0.9484011627906976,1377.1906976744185,1747.8776807574984,0.26744186046511625,55,53,WallPushups/v_WallPushups_g21_c07.avi
0.22520109956401937,0.8378548031434238,13.038404810405298,0.9497093023255814,205.32093023255814,155.91042234078998,0.3569767441860465,76,74,WallPushups/v_WallPushups_g22_c01.avi
0.14509350707961524,0.32924031093241385,4.3535186918169995,0.9584302325581395,286.69767441860466,433.82021433617484,0.30290697674418604,94,92,WallPushups/v_WallPushups_g22_c02.avi
0.2332656982123269,1.1057665458895227,19.235384061671343,0.9418604651162791,232.7813953488372,198.7383078389875,0.313953488372093,81,79,WallPushups/v_WallPushups_g22_c03.avi
0.3348645882202264,1.0627329903904543,21.18962010041709,0.9087209302325582,215.14418604651163,192.4525979720667,0.3802325581395349,71,69,WallPushups/v_WallPushups_g22_c04.avi
0.1288745390263915,0.9834764039886077,21.3731724364915,0.9755813953488373,422.10232558139535,504.2727655620665,0.24186046511627907,144,142,WallPushups/v_WallPushups_g23_c01.avi
0.5428192800914532,0.7287497817650612,9.46374661537385,0.8072674418604651,259.46046511627907,173.74262459104176,0.1494186046511628,115,113,WallPushups/v_WallPushups_g23_c02.avi
0.6827389480358239,1.715953426686129,29.614185789921695,0.80625,295.1813953488372,419.66569156546836,0.2052325581395349,71,69,WallPushups/v_WallPushups_g23_c03.avi
0.9167385171175267,2.737957115909367,83.48652585896721,0.7357558139534883,219.3860465116279,208.35210535365405,0.3953488372093023,62,60,WallPushups/v_WallPushups_g23_c04.avi
0.11623641005595386,0.5811680971558252,14.317821063276353,0.9526162790697674,288.93023255813955,237.61737812777497,0.175,110,108,WallPushups/v_WallPushups_g24_c01.avi
0.6649735299479076,3.3216494791907465,89.62700485902673,0.86875,241.48837209302326,253.57723213153318,0.4104651162790698,107,105,WallPushups/v_WallPushups_g24_c02.avi
1.4122448890319124,2.638017153889867,48.56439024635232,0.7004360465116279,275.646511627907,205.27106452126105,0.14883720930232558,69,67,WallPushups/v_WallPushups_g24_c03.avi
0.58360164017344,1.6345419662830194,32.984845004941285,0.8771802325581395,249.07906976744187,225.84165739094317,0.3058139534883721,177,174,WallPushups/v_WallPushups_g24_c04.avi
0.11352073443493617,0.4027059607436535,11.543396380615196,0.9633720930232558,424.446511627907,504.32395059028676,0.23662790697674418,112,110,WallPushups/v_WallPushups_g25_c01.avi
0.11035712004528038,0.5986116702688444,18.439088914585774,0.9723837209302325,387.3860465116279,353.1083960205193,0.22267441860465118,155,153,WallPushups/v_WallPushups_g25_c02.avi
0.197625470655125,2.4592707595927443,99.40824915468535,0.9675872093023256,374.10232558139535,346.78886914379694,0.23604651162790696,151,149,WallPushups/v_WallPushups_g25_c03.avi
0.13678031932098336,0.6036452010031425,16.24855762829427,0.9635174418604651,366.4,340.2728973209044,0.23430232558139535,151,149,WallPushups/v_WallPushups_g25_c04.avi
0.15700319891678402,0.6377409735221398,11.75265927354316,0.9625,366.4,347.7491317094137,0.2622093023255814,144,142,WallPushups/v_WallPushups_g25_c05.avi
0.20488857090302517,0.8994566236593686,19.69295559330798,0.9652616279069768,279.3302325581395,415.77220705063957,0.24825581395348836,254,251,WritingOnBoard/v_WritingOnBoard_g08_c01.avi
0.16286007861242607,0.5461534155985255,10.201102881551583,0.9630813953488372,312.2604651162791,432.5160645703366,0.20232558139534884,152,150,WritingOnBoard/v_WritingOnBoard_g08_c02.avi
0.13673434929351175,0.6763962817258697,19.026297590440446,0.9690406976744186,247.06976744186048,196.21125247452133,0.24651162790697675,97,95,WritingOnBoard/v_WritingOnBoard_g08_c03.avi
0.15554418994741365,0.6210026605355307,14.115594213493104,0.9601744186046511,247.96279069767442,228.16525735084963,0.31627906976744186,105,103,WritingOnBoard/v_WritingOnBoard_g08_c04.avi
0.28148754364464484,0.7318233136057211,6.708203932499369,0.9114825581395349,413.50697674418603,371.272455210236,0.22616279069767442,184,181,WritingOnBoard/v_WritingOnBoard_g09_c01.avi
1.172524592820151,2.9773547782062386,85.00588214941364,0.7565406976744186,280.78139534883724,325.0361606042912,0.47325581395348837,164,161,WritingOnBoard/v_WritingOnBoard_g09_c02.avi
1.5574672500764555,12.708314521377005,295.10845463998487,0.8513081395348837,433.2651162790698,379.6743273249294,0.21395348837209302,157,155,WritingOnBoard/v_WritingOnBoard_g09_c03.avi
0.29314904092308364,1.1282027064884967,14.75211849193193,0.9218023255813953,373.65581395348835,351.3603234356471,0.25465116279069766,131,129,WritingOnBoard/v_WritingOnBoard_g09_c04.avi
0.16538764301244288,0.9542173438541371,26.05073175555727,0.954360465116279,517.3209302325581,409.2042013458985,0.19011627906976744,108,106,WritingOnBoard/v_WritingOnBoard_g09_c05.avi
0.48213279124255554,1.6413178374132744,14.035668847618199,0.9068313953488372,434.3813953488372,383.9259420203231,0.22906976744186047,177,174,WritingOnBoard/v_WritingOnBoard_g09_c06.avi
0.3797871162797846,1.0672229716923665,17.771553815015725,0.9043604651162791,453.4697674418605,514.515764910859,0.22965116279069767,139,137,WritingOnBoard/v_WritingOnBoard_g10_c01.avi
0.16578488350264423,0.6700564707551535,22.090722034374522,0.9597383720930233,470.4372093023256,382.1399895832987,0.14825581395348839,108,106,WritingOnBoard/v_WritingOnBoard_g10_c02.avi
0.22322796327680122,0.7838134336658259,10.44030650891055,0.9585755813953488,425.45116279069765,368.6885068140685,0.1872093023255814,77,75,WritingOnBoard/v_WritingOnBoard_g10_c03.avi
0.47920735294671735,2.021332032882044,55.623314581207765,0.8704941860465116,449.89767441860465,509.0133536368552,0.2063953488372093,105,103,WritingOnBoard/v_WritingOnBoard_g10_c04.avi
0.32095185119639447,1.3342753428223155,20.248456731316587,0.9308139534883721,451.90697674418607,374.2278757315933,0.15174418604651163,132,130,WritingOnBoard/v_WritingOnBoard_g10_c05.avi
0.494889285882737,1.8674763349059047,17.553489681541958,0.9063953488372093,444.42790697674417,381.6318976025357,0.19767441860465115,104,102,WritingOnBoard/v_WritingOnBoard_g10_c06.avi
0.9318384696900708,3.0723634049355333,32.01562118716424,0.8380813953488372,587.8697674418605,786.8596528428934,0.19244186046511627,266,263,WritingOnBoard/v_WritingOnBoard_g10_c07.avi
0.7450013887538601,2.908401492038944,53.25,0.8007267441860465,369.19069767441863,666.5272693924078,0.22209302325581395,169,166,WritingOnBoard/v_WritingOnBoard_g11_c01.avi
0.7485160956924851,2.458797054824749,22.5,0.8931686046511628,550.1395348837209,849.4683859153035,0.1819767441860465,107,105,WritingOnBoard/v_WritingOnBoard_g11_c02.avi
1.2163320496646204,1.6656467227003402,20.155644370746373,0.5847383720930233,234.67906976744186,190.3063974509595,0.2877906976744186,96,94,WritingOnBoard/v_WritingOnBoard_g11_c03.avi
0.21174953479837474,1.008337552597238,15.26843148460247,0.9603197674418604,303.66511627906976,551.0307967942302,0.2703488372093023,160,158,WritingOnBoard/v_WritingOnBoard_g11_c04.avi
0.6637627397585741,2.1846328725126427,31.459547437940046,0.826453488372093,681.413953488372,1179.803787703582,0.21220930232558138,223,220,WritingOnBoard/v_WritingOnBoard_g11_c05.avi
1.4061230273128955,3.4002755357226087,102.39628899525607,0.7488372093023256,176.52093023255813,166.74444526592674,0.5162790697674419,165,162,WritingOnBoard/v_WritingOnBoard_g11_c06.avi
2.1694577645012125,8.818039068803595,383.0,0.6994186046511628,480.3720930232558,625.9479517427692,0.27325581395348836,103,101,WritingOnBoard/v_WritingOnBoard_g12_c01.avi
2.687529847985318,12.207772659022844,191.0026177831079,0.7925872093023256,631.9627906976744,862.3486364043787,0.25813953488372093,103,101,WritingOnBoard/v_WritingOnBoard_g12_c02.avi
1.1742683428551406,4.647073261549942,63.198101237299845,0.7414244186046511,705.0790697674419,920.4200599569893,0.24709302325581395,103,101,WritingOnBoard/v_WritingOnBoard_g12_c03.avi
0.919228811438123,2.270586087177936,24.587852691928997,0.7819767441860465,681.6372093023256,924.2161825589509,0.27151162790697675,172,169,WritingOnBoard/v_WritingOnBoard_g12_c04.avi
0.8218888095074626,1.9148628962042933,15.662455107677085,0.7940406976744186,396.87441860465117,361.34206952146786,0.22906976744186047,103,101,WritingOnBoard/v_WritingOnBoard_g13_c01.avi
1.1342669955214781,2.700130116350938,56.32051136131489,0.7409883720930233,399.7767441860465,364.7499894557974,0.23488372093023255,127,125,WritingOnBoard/v_WritingOnBoard_g13_c02.avi
0.8770760315016287,2.1925540635839766,24.34292761768806,0.8074127906976745,364.72558139534885,351.187214428644,0.2802325581395349,113,111,WritingOnBoard/v_WritingOnBoard_g13_c03.avi
2.5994098470869753,5.195725585414536,30.726871383204635,0.7116279069767442,428.2418604651163,501.46147072312,0.21220930232558138,208,205,WritingOnBoard/v_WritingOnBoard_g13_c04.avi
0.5180719683255992,1.1718858954327886,9.055385138137417,0.8078488372093023,603.0511627906977,784.446711953079,0.16453488372093023,147,145,WritingOnBoard/v_WritingOnBoard_g13_c05.avi
1.4853099110244818,3.478358196570401,22.178607372871724,0.8130813953488372,365.28372093023256,339.05640398586945,0.23313953488372094,103,101,WritingOnBoard/v_WritingOnBoard_g13_c06.avi
0.4997618086751508,1.9233446802024328,31.32091952673165,0.8549418604651163,475.68372093023254,608.9240014176102,0.16744186046511628,205,202,WritingOnBoard/v_WritingOnBoard_g14_c01.avi
0.48952841971788413,1.0396521302893846,15.524174696260024,0.7702034883720931,351.553488372093,323.338552034887,0.2186046511627907,163,160,WritingOnBoard/v_WritingOnBoard_g14_c02.avi
0.15325768677885432,0.4109102108198156,6.562202374203344,0.9428779069767442,460.9488372093023,592.2213855268924,0.08604651162790698,225,222,WritingOnBoard/v_WritingOnBoard_g14_c03.avi
0.14441884508883368,0.35753076010544815,4.257346591481601,0.9643895348837209,415.9627906976744,336.815840250091,0.0877906976744186,161,159,WritingOnBoard/v_WritingOnBoard_g14_c04.avi
0.781214423262502,1.9901171134326074,24.931155207891994,0.8276162790697674,445.3209302325581,388.2094427269776,0.22325581395348837,139,137,WritingOnBoard/v_WritingOnBoard_g15_c01.avi
0.8959918258460634,3.0103829939245372,36.671685262610985,0.8388081395348838,444.87441860465117,384.65648588876013,0.20930232558139536,102,100,WritingOnBoard/v_WritingOnBoard_g15_c02.avi
0.45923384763014974,1.2210402541524075,9.5524865872714,0.8982558139534884,427.7953488372093,376.78675108384607,0.21453488372093024,89,87,WritingOnBoard/v_WritingOnBoard_g15_c03.avi
1.5390861311487567,8.427268384032633,206.0,0.8872093023255814,367.51627906976745,361.6006643144704,0.3122093023255814,207,204,WritingOnBoard/v_WritingOnBoard_g15_c04.avi
0.3410420296011228,1.1185412221220299,15.103807466993215,0.9122093023255814,489.6372093023256,386.7837067726227,0.13430232558139535,230,227,WritingOnBoard/v_WritingOnBoard_g15_c05.avi
0.38555044056616533,0.759224117848122,6.005206074732157,0.8888081395348837,263.1441860465116,233.02774093998616,0.2651162790697674,195,192,WritingOnBoard/v_WritingOnBoard_g16_c01.avi
0.5003819031929473,1.077936742248078,19.001644665659864,0.8194767441860465,237.91627906976746,228.9976794136839,0.3616279069767442,270,267,WritingOnBoard/v_WritingOnBoard_g16_c02.avi
0.6119730187796603,1.7615781385149651,18.0,0.8707848837209302,194.93953488372094,185.9343997089632,0.4622093023255814,127,125,WritingOnBoard/v_WritingOnBoard_g16_c03.avi
0.20024145694536616,0.4966632094878472,13.341664064126334,0.9276162790697674,218.15813953488373,200.31406298384746,0.38313953488372093,147,145,WritingOnBoard/v_WritingOnBoard_g16_c04.avi
2.1475244449494717,5.515204122487664,42.0,0.8149709302325582,204.4279069767442,185.05994795600617,0.41511627906976745,287,284,WritingOnBoard/v_WritingOnBoard_g16_c05.avi
0.5345259268608584,1.6543852387675344,27.443123000125187,0.8656976744186047,318.51162790697674,291.2440335424815,0.22093023255813954,277,274,WritingOnBoard/v_WritingOnBoard_g16_c06.avi
0.5718502361814443,2.9071382782242123,29.120439557122072,0.926889534883721,155.9813953488372,162.31419324349167,0.6139534883720931,246,243,WritingOnBoard/v_WritingOnBoard_g16_c07.avi
0.5496308475977313,1.5787921969916718,14.508618128546908,0.8329941860465117,505.3767441860465,408.45998058345555,0.20348837209302326,184,181,WritingOnBoard/v_WritingOnBoard_g17_c01.avi
0.3531916702521872,1.0842470951081755,10.63014581273465,0.8876453488372092,630.2883720930232,397.99428604598944,0.05988372093023256,237,234,WritingOnBoard/v_WritingOnBoard_g17_c02.avi
0.9085323204886047,3.4150493182425286,20.5,0.9175872093023256,696.0372093023256,610.3872339422359,0.047674418604651166,117,115,WritingOnBoard/v_WritingOnBoard_g17_c03.avi
0.37915239268319884,1.7079178491798206,26.248809496813376,0.9126453488372093,464.9674418604651,371.82275579994456,0.11627906976744186,208,205,WritingOnBoard/v_WritingOnBoard_g17_c04.avi
0.23674466744343636,0.5428201587927146,6.020797289396148,0.921656976744186,458.49302325581397,370.7344799212609,0.12441860465116279,288,285,WritingOnBoard/v_WritingOnBoard_g17_c05.avi
0.5818968914730975,1.6509602411090993,17.08800749063506,0.8715116279069768,186.56744186046512,141.71715643611975,0.42441860465116277,131,129,WritingOnBoard/v_WritingOnBoard_g18_c01.avi
0.3244386793862354,1.2562278681973098,18.66815470259447,0.9309593023255814,197.3953488372093,160.68894399600967,0.4029069767441861,257,254,WritingOnBoard/v_WritingOnBoard_g18_c02.avi
0.37632658654490436,1.0173650491749342,16.779824194549835,0.9238372093023256,218.3813953488372,195.92116028958125,0.37267441860465117,120,118,WritingOnBoard/v_WritingOnBoard_g18_c03.avi
1.5139947100534745,4.432991719458831,144.88616221019868,0.7940406976744186,240.48372093023255,206.40476933627124,0.29709302325581394,220,217,WritingOnBoard/v_WritingOnBoard_g18_c04.avi
0.8464601805940786,3.0704020447569578,42.05948168962618,0.8484011627906977,202.97674418604652,180.7191690546918,0.41337209302325584,103,101,WritingOnBoard/v_WritingOnBoard_g18_c05.avi
0.32838477018937134,0.9770060412434912,10.00624804809475,0.9218023255813953,236.5767441860465,205.81364887640052,0.3127906976744186,133,131,WritingOnBoard/v_WritingOnBoard_g18_c06.avi
0.9470580868047693,3.159493719881954,42.01190307520001,0.8832848837209303,194.04651162790697,162.75390946447584,0.42267441860465116,102,100,WritingOnBoard/v_WritingOnBoard_g18_c07.avi
0.9592983538196271,3.1090570981770713,30.99193443462347,0.8478197674418605,282.5674418604651,261.43808704657437,0.26395348837209304,223,220,WritingOnBoard/v_WritingOnBoard_g19_c01.avi
0.7680672925378037,3.7820517907919355,99.5,0.8460755813953489,219.27441860465117,182.0335620639371,0.34011627906976744,103,101,WritingOnBoard/v_WritingOnBoard_g19_c02.avi
0.26900710066285455,1.2533587889829758,28.861739379323623,0.9309593023255814,221.73023255813953,163.82288157596574,0.2947674418604651,240,237,WritingOnBoard/v_WritingOnBoard_g19_c03.avi
0.28364214469406607,0.9377700603447158,16.00781059358212,0.915406976744186,209.56279069767442,123.82468669079066,0.28837209302325584,147,145,WritingOnBoard/v_WritingOnBoard_g19_c04.avi
2.095013456601375,8.667245672131243,176.47680442483085,0.8873546511627907,458.9395348837209,909.327781907394,0.29186046511627906,298,295,WritingOnBoard/v_WritingOnBoard_g20_c01.avi
0.6286468289449899,1.6219433526828426,13.157697366940766,0.8623546511627908,292.5023255813953,410.199235476237,0.17267441860465116,137,135,WritingOnBoard/v_WritingOnBoard_g20_c02.avi
2.418998528485585,5.003326880831595,73.5,0.6232558139534884,257.0046511627907,197.0110490981122,0.2063953488372093,172,169,WritingOnBoard/v_WritingOnBoard_g20_c03.avi
0.8637517630335915,2.018212706451991,21.02379604162864,0.8136627906976744,798.0651162790698,1302.8184029667018,0.20930232558139536,216,213,WritingOnBoard/v_WritingOnBoard_g20_c04.avi
0.6373958841138752,1.7843694932295218,16.5,0.8447674418604652,637.3209302325581,1081.1681384111416,0.18372093023255814,145,143,WritingOnBoard/v_WritingOnBoard_g20_c05.avi
0.7644660743733657,3.727645733066443,37.75331111306662,0.9055232558139535,765.246511627907,1310.3952216436214,0.26627906976744187,216,213,WritingOnBoard/v_WritingOnBoard_g20_c06.avi
1.3669254225251484,4.181919234395189,73.0,0.7404069767441861,583.8511627906977,1076.6810571277445,0.14825581395348839,112,110,WritingOnBoard/v_WritingOnBoard_g20_c07.avi
1.7581192150236422,4.185482063440355,61.750506070800746,0.6813953488372093,242.3813953488372,217.8019233005114,0.31511627906976747,133,131,WritingOnBoard/v_WritingOnBoard_g21_c01.avi
2.3185553530331755,5.168411101421142,30.516389039334257,0.6992732558139535,249.4139534883721,221.87851440402554,0.2947674418604651,311,308,WritingOnBoard/v_WritingOnBoard_g21_c02.avi
2.882881854279191,5.598086464613173,73.0,0.5981104651162791,226.64186046511628,225.0345236899277,0.40174418604651163,204,201,WritingOnBoard/v_WritingOnBoard_g21_c03.avi
1.0279027472595073,2.8935440194200783,37.21558813185679,0.7409883720930233,239.92558139534884,418.504084664028,0.4232558139534884,144,142,WritingOnBoard/v_WritingOnBoard_g21_c04.avi
1.651774291118507,2.6032548028151576,17.5,0.5930232558139535,255.4418604651163,238.09410903953372,0.30988372093023253,222,219,WritingOnBoard/v_WritingOnBoard_g21_c05.avi
2.761841768956783,5.138029234503435,54.0,0.5715116279069767,211.12558139534883,201.16067405795962,0.4174418604651163,306,303,WritingOnBoard/v_WritingOnBoard_g21_c06.avi
1.7291002885863807,4.541098367481618,61.91223627038519,0.7191860465116279,193.8232558139535,205.82536381456896,0.5098837209302326,323,320,WritingOnBoard/v_WritingOnBoard_g21_c07.avi
0.5370116231099883,3.862719623742419,61.3417679888671,0.9482558139534883,367.7395348837209,759.8136901805797,0.35290697674418603,203,200,WritingOnBoard/v_WritingOnBoard_g22_c01.avi
0.12468133481672995,0.33484106140868564,4.438820226141176,0.9710755813953489,366.846511627907,665.3284621056214,0.22034883720930232,189,186,WritingOnBoard/v_WritingOnBoard_g22_c02.avi
0.1374557246288325,0.5747526174762777,15.75,0.9629360465116279,229.9906976744186,161.79774887610063,0.25406976744186044,216,213,WritingOnBoard/v_WritingOnBoard_g22_c03.avi
0.09927672736924471,0.36662233515623516,8.355387483534201,0.9781976744186046,215.8139534883721,184.29087925720356,0.36046511627906974,139,137,WritingOnBoard/v_WritingOnBoard_g22_c04.avi
0.2280652935492201,0.8104307466613799,11.855905701379376,0.9318313953488372,197.28372093023256,149.66650823908554,0.38488372093023254,219,216,WritingOnBoard/v_WritingOnBoard_g22_c05.avi
0.5377674799964011,1.5131840647825394,16.5,0.8728197674418605,693.8046511627907,1231.7939796696767,0.30348837209302326,127,125,WritingOnBoard/v_WritingOnBoard_g22_c06.avi
0.30945581882589,0.7335506540368029,4.75,0.8924418604651163,189.8046511627907,108.42920303769618,0.3633720930232558,135,133,WritingOnBoard/v_WritingOnBoard_g22_c07.avi
0.617450205168264,4.316350896164248,74.0,0.9456395348837209,434.8279069767442,377.9780271241207,0.20348837209302326,253,250,WritingOnBoard/v_WritingOnBoard_g23_c01.avi
0.408457481455239,1.6532553731551878,28.570089254323307,0.8997093023255814,346.75348837209305,350.2176993049265,0.3319767441860465,203,200,WritingOnBoard/v_WritingOnBoard_g23_c02.avi
0.27395495587101953,1.1267150240324533,10.816653826391969,0.9405523255813953,383.92558139534884,354.7092278505542,0.23837209302325582,152,150,WritingOnBoard/v_WritingOnBoard_g23_c03.avi
0.25306332273015203,0.8150945923721714,6.082762530298219,0.9165697674418605,407.70232558139537,362.38412710270165,0.2052325581395349,303,300,WritingOnBoard/v_WritingOnBoard_g23_c04.avi
0.4187266410677854,2.1831324826572813,55.758407437802596,0.9388081395348837,353.5627906976744,341.5165282685219,0.2779069767441861,180,177,WritingOnBoard/v_WritingOnBoard_g23_c05.avi
0.35391028026256605,1.2272834314381544,14.15317985471816,0.9351744186046511,431.1441860465116,382.3147280754526,0.22965116279069767,190,187,WritingOnBoard/v_WritingOnBoard_g23_c06.avi
2.509081380564314,4.601910495811635,40.13882160701781,0.6793604651162791,175.1813953488372,170.68136947665113,0.5302325581395348,164,161,WritingOnBoard/v_WritingOnBoard_g23_c07.avi
4.535603127661559,11.139475954662746,234.0,0.5449127906976744,156.2046511627907,119.77232268221346,0.5476744186046512,167,164,WritingOnBoard/v_WritingOnBoard_g24_c01.avi
1.523865813913503,3.0119717140414415,26.479355165864593,0.6321220930232558,215.25581395348837,163.51773860438192,0.32383720930232557,137,135,WritingOnBoard/v_WritingOnBoard_g24_c02.avi
3.212483540875848,10.638223363807725,68.5,0.7475290697674418,204.87441860465117,165.37500175678707,0.3755813953488372,120,118,WritingOnBoard/v_WritingOnBoard_g24_c03.avi
1.1189017112975113,2.8709978785677266,78.68965942231546,0.776453488372093,226.08372093023254,228.03633424301464,0.4116279069767442,126,124,WritingOnBoard/v_WritingOnBoard_g24_c04.avi
0.6545796808847428,2.4059970808379494,19.0,0.8620639534883721,214.8093023255814,182.2552156575964,0.36104651162790696,109,107,WritingOnBoard/v_WritingOnBoard_g24_c05.avi
0.3154169265774798,1.0932905132854875,16.0312195418814,0.9158430232558139,208.7813953488372,157.60623180899208,0.3436046511627907,224,221,WritingOnBoard/v_WritingOnBoard_g24_c06.avi
1.535410130239378,2.580466707434767,19.661192741031762,0.7254360465116279,258.34418604651165,153.45646349088125,0.11802325581395348,180,177,WritingOnBoard/v_WritingOnBoard_g24_c07.avi
1.7995939034227912,10.600854902521034,171.75040938815837,0.8399709302325581,588.7627906976744,853.8003984983452,0.19244186046511627,132,130,WritingOnBoard/v_WritingOnBoard_g25_c01.avi
0.5506256860535629,3.2932904695667884,81.04936767180853,0.951453488372093,371.86976744186046,333.05539977389736,0.19186046511627908,107,105,WritingOnBoard/v_WritingOnBoard_g25_c02.avi
2.9743913788413634,11.242775979808556,166.35823544387577,0.7728197674418604,535.4046511627907,910.4364907555589,0.18430232558139534,147,145,WritingOnBoard/v_WritingOnBoard_g25_c03.avi
0.3088366620780477,0.8302883402347316,17.778146697561027,0.8915697674418605,367.9627906976744,569.1143985311458,0.1680232558139535,138,136,WritingOnBoard/v_WritingOnBoard_g25_c04.avi
1.0896328917565263,4.794152519547022,38.41874542459709,0.9450581395348837,916.5023255813953,1320.7382180781574,0.14825581395348839,136,134,WritingOnBoard/v_WritingOnBoard_g25_c05.avi
1.6352533304119365,6.116658412523374,100.0,0.8947674418604651,308.9116279069767,459.5931735933737,0.3453488372093023,177,174,WritingOnBoard/v_WritingOnBoard_g25_c06.avi
2.057022239433158,5.542779288320574,41.773197148410844,0.8045058139534884,576.4837209302326,983.3451727673042,0.3005813953488372,177,174,WritingOnBoard/v_WritingOnBoard_g25_c07.avi
0.7025120262072629,1.6620366277602683,33.32604086896612,0.8309593023255814,357.9162790697674,351.42888719945563,0.30174418604651165,190,187,YoYo/v_YoYo_g08_c01.avi
2.753565006681389,11.799019067564107,189.2643653728826,0.8771802325581395,322.0837209302326,329.4535750406799,0.3372093023255814,162,160,YoYo/v_YoYo_g08_c02.avi
2.9957134600201116,8.001834762616381,90.63612000742309,0.6556686046511628,328.89302325581394,302.8395579482671,0.22267441860465118,177,174,YoYo/v_YoYo_g08_c03.avi
1.419055207379991,4.734201424988297,78.0,0.6872093023255814,314.15813953488373,319.4438672039472,0.32965116279069767,191,188,YoYo/v_YoYo_g08_c04.avi
1.8248685208814983,8.203259412162947,184.0244548966251,0.7928779069767442,340.5023255813953,347.3639318602068,0.3412790697674419,177,174,YoYo/v_YoYo_g08_c05.avi
0.1614128177929401,0.5946899301383513,12.61199825562944,0.9696220930232559,430.69767441860466,841.9007159849592,0.3063953488372093,152,150,YoYo/v_YoYo_g09_c01.avi
0.3656892453616697,3.1856347184969422,191.0,0.9348837209302325,212.13023255813954,184.20671342825415,0.37732558139534883,191,188,YoYo/v_YoYo_g09_c02.avi
0.48140407716191197,1.4607431824298012,17.08800749063506,0.8931686046511628,212.46511627906978,195.40623741409925,0.3988372093023256,156,154,YoYo/v_YoYo_g09_c03.avi
1.9972607487056313,5.558976478376657,33.61547262794322,0.8587209302325581,232.7813953488372,189.9149959860426,0.29534883720930233,178,175,YoYo/v_YoYo_g09_c04.avi
2.1151285627119663,2.930360767902218,56.386223938121624,0.501453488372093,229.32093023255814,195.63754877875033,0.3226744186046512,179,176,YoYo/v_YoYo_g09_c05.avi
3.1219292506539955,11.676570267806696,215.5017401321855,0.4934593023255814,266.04651162790697,202.07734571352117,0.18023255813953487,191,188,YoYo/v_YoYo_g09_c06.avi
2.416999222930235,2.287031782641847,22.224001664866748,0.32703488372093026,243.83255813953488,199.7733829151494,0.2680232558139535,174,171,YoYo/v_YoYo_g10_c01.avi
1.3330724660414237,2.450070618225904,34.0,0.6678779069767442,266.04651162790697,214.42730144296067,0.20813953488372092,212,209,YoYo/v_YoYo_g10_c02.avi
1.9229340376867863,6.685205540909388,191.01047091717248,0.4931686046511628,220.16744186046512,161.77495094705188,0.2982558139534884,177,174,YoYo/v_YoYo_g10_c03.avi
0.9168283554935936,1.2926133516010623,22.090722034374522,0.6449127906976744,223.51627906976745,197.59839107036404,0.35290697674418603,177,174,YoYo/v_YoYo_g10_c04.avi
1.4669723940410087,2.804138424541105,44.40720662234904,0.5946220930232559,246.62325581395348,161.69578792058914,0.1813953488372093,173,170,YoYo/v_YoYo_g10_c05.avi
3.6653833276146512,3.944776987298832,29.410882339705484,0.17688953488372092,305.5627906976744,237.9320491460044,0.11395348837209303,176,173,YoYo/v_YoYo_g11_c01.avi
2.571474619679197,2.301002140239427,14.035668847618199,0.41758720930232557,317.95348837209303,254.66274583405055,0.11453488372093024,193,190,YoYo/v_YoYo_g11_c02.avi
2.4319810382946825,4.608721098364996,39.81205847478876,0.6859011627906977,1036.3906976744186,1484.5848518151627,0.10290697674418604,182,179,YoYo/v_YoYo_g11_c03.avi
2.7908448286628103,3.3037582937097985,16.15549442140351,0.22848837209302325,314.9395348837209,249.73375789496663,0.11162790697674418,196,193,YoYo/v_YoYo_g11_c04.avi
1.9401045099393937,2.0125729518674365,76.47875521999558,0.28415697674418605,907.3488372093024,1317.6698051947246,0.07732558139534884,169,166,YoYo/v_YoYo_g11_c05.avi
2.159622626613773,4.707204895730083,18.601075237738275,0.7781976744186047,967.9627906976744,1464.948427860137,0.11511627906976744,179,176,YoYo/v_YoYo_g11_c06.avi
1.7204548291777462,3.5359203560508194,53.48831648126533,0.6212209302325581,347.5348837209302,319.70824991262856,0.2186046511627907,183,180,YoYo/v_YoYo_g12_c01.avi
0.9498340618916108,2.8545631265884843,92.43916918709297,0.6879360465116279,330.34418604651165,354.27616694634986,0.4011627906976744,199,196,YoYo/v_YoYo_g12_c02.avi
1.8259264870139411,3.074335593103155,88.2854036633463,0.6079941860465117,302.66046511627906,274.68441269305373,0.22674418604651161,200,197,YoYo/v_YoYo_g12_c03.avi
2.2789005633708235,3.7255530325228543,71.17583859709698,0.5030523255813953,331.3488372093023,286.1372969943032,0.16104651162790698,172,169,YoYo/v_YoYo_g12_c04.avi
0.4555330617468744,3.460887352230629,160.88524637144326,0.8569767441860465,321.52558139534887,331.02504373257074,0.3447674418604651,185,182,YoYo/v_YoYo_g13_c01.avi
0.32478561491510427,1.709568193087116,41.012193308819754,0.9388081395348837,338.8279069767442,309.7950157432172,0.2127906976744186,179,176,YoYo/v_YoYo_g13_c02.avi
1.104593382627837,1.964886899198527,21.18962010041709,0.6787790697674418,415.06976744186045,479.6516854119774,0.12732558139534883,170,167,YoYo/v_YoYo_g13_c03.avi
1.1064339456839423,3.324685853996236,29.410882339705484,0.8821220930232558,344.29767441860463,339.7341570058156,0.3005813953488372,175,172,YoYo/v_YoYo_g13_c04.avi
3.11866911390902,8.744476032291253,144.0,0.5893895348837209,335.25581395348837,305.5812679196931,0.21046511627906977,177,174,YoYo/v_YoYo_g13_c05.avi
0.4707973080447001,1.3958758373556885,72.00694410957877,0.8446220930232559,401.7860465116279,675.0604250581712,0.1941860465116279,191,188,YoYo/v_YoYo_g14_c01.avi
0.8765013958818135,5.946252555105007,163.783393541592,0.8404069767441861,237.58139534883722,312.2505130655207,0.6075581395348837,167,164,YoYo/v_YoYo_g14_c02.avi
0.49128658018594346,1.8481712254000282,27.0,0.9343023255813954,236.5767441860465,200.53927857121855,0.30116279069767443,191,188,YoYo/v_YoYo_g14_c03.avi
1.049408632048765,5.715535510706265,178.0,0.8390988372093023,237.69302325581396,271.0693358442559,0.47674418604651164,167,164,YoYo/v_YoYo_g14_c04.avi
2.5425999370853134,11.25429382546006,336.0,0.6286337209302325,370.4186046511628,492.6519707714867,0.31569767441860463,180,177,YoYo/v_YoYo_g15_c01.avi
1.2324172606110988,5.54693712162063,69.00769884585343,0.8302325581395349,371.2,340.4767546619244,0.22093023255813954,178,175,YoYo/v_YoYo_g15_c02.avi
1.1066342835749974,2.573385029083413,50.00999900019995,0.7731104651162791,362.26976744186044,344.6150015866264,0.2627906976744186,190,187,YoYo/v_YoYo_g15_c03.avi
0.4264956138531586,2.742312792670919,67.11114847773058,0.9290697674418604,422.7720930232558,498.36433778380353,0.20813953488372092,173,170,YoYo/v_YoYo_g15_c04.avi
1.3366319378259934,7.393524251325255,100.5003109447926,0.8623546511627908,297.74883720930234,292.96837226876676,0.30116279069767443,163,160,YoYo/v_YoYo_g16_c01.avi
0.4333335286004141,1.988322453040243,57.9396237474839,0.8677325581395349,388.27906976744185,351.9232425283855,0.21569767441860466,190,187,YoYo/v_YoYo_g16_c02.avi
1.037044325346848,5.338497869901808,116.50590113809686,0.8473837209302325,373.8790697674419,488.09541983535445,0.2813953488372093,169,166,YoYo/v_YoYo_g16_c03.avi
0.5346627794081755,3.2320513001710873,94.36630754670864,0.8547965116279069,324.87441860465117,302.9308894190172,0.23662790697674418,185,182,YoYo/v_YoYo_g16_c04.avi
0.5755363843423943,2.4965007602983373,74.08272403199008,0.8678779069767442,445.3209302325581,389.86218707482084,0.2302325581395349,174,171,YoYo/v_YoYo_g16_c05.avi
1.2518607511858129,7.763581755396274,140.2355161861645,0.9242732558139535,252.09302325581396,251.63057213909042,0.3598837209302326,164,161,YoYo/v_YoYo_g16_c06.avi
1.0675119857743145,3.25148051737209,27.323295921246398,0.8370639534883721,554.1581395348837,1087.9022327466487,0.30290697674418604,206,203,YoYo/v_YoYo_g17_c01.avi
0.7793591033590318,1.6067692147670225,16.592543506045118,0.7877906976744186,645.9162790697675,1236.296033061216,0.34825581395348837,194,191,YoYo/v_YoYo_g17_c02.avi
1.2817119832835786,3.1097486267008367,36.91967632577512,0.7604651162790698,739.7953488372093,1307.3432513011082,0.19186046511627908,182,179,YoYo/v_YoYo_g17_c03.avi
0.4582637284962795,1.4449946142067618,16.98528775146303,0.8909883720930233,555.9441860465116,1086.4646813686797,0.28430232558139534,214,211,YoYo/v_YoYo_g17_c04.avi
0.841139465673204,1.780024141302132,20.250385798794056,0.795203488372093,569.2279069767442,1026.4235759961555,0.18023255813953487,181,178,YoYo/v_YoYo_g17_c05.avi
0.6167312026609225,1.6860156047035706,20.375,0.8414244186046511,865.8232558139534,1415.9526816488146,0.23313953488372094,184,181,YoYo/v_YoYo_g17_c06.avi
0.9572355290790027,8.207958479994321,249.0,0.9491279069767442,314.26976744186044,304.269008528816,0.2779069767441861,164,161,YoYo/v_YoYo_g18_c01.avi
0.782458015761833,3.1517331262671324,71.14246270688132,0.8088662790697675,522.6790697674419,399.1286838929413,0.13895348837209304,174,171,YoYo/v_YoYo_g18_c02.avi
0.9891203140244449,3.3540105448197526,86.70063436907483,0.7848837209302325,503.47906976744184,391.33615868816554,0.13197674418604652,174,171,YoYo/v_YoYo_g18_c03.avi
1.4734796956093588,7.99708320460619,180.34688796871433,0.846656976744186,513.8604651162791,400.0626451756025,0.15465116279069768,179,176,YoYo/v_YoYo_g18_c04.avi
0.862429986990973,1.9222937932122839,48.39825022663526,0.7902616279069767,284.353488372093,268.69196623715675,0.2779069767441861,172,169,YoYo/v_YoYo_g19_c01.avi
0.31114566368336544,1.8771214414010484,66.26285252688719,0.9145348837209303,377.45116279069765,340.94781185047174,0.20465116279069767,173,170,YoYo/v_YoYo_g19_c02.avi
0.499543612004739,2.3222340235079275,74.02068967525229,0.8752906976744186,371.31162790697675,353.9881099102271,0.27151162790697675,183,180,YoYo/v_YoYo_g19_c03.avi
0.7004226537866431,3.1382681908344248,94.66784036831093,0.8343023255813954,236.13023255813954,251.85581287979292,0.4290697674418605,167,164,YoYo/v_YoYo_g19_c04.avi
0.42391387648616313,1.6782924582645968,66.48308055437865,0.8722383720930232,352.446511627907,327.422443398921,0.2302325581395349,188,185,YoYo/v_YoYo_g19_c05.avi
0.7874819086104484,2.65807621315651,73.17103251970687,0.760610465116279,277.3209302325581,274.19138500039895,0.32151162790697674,203,200,YoYo/v_YoYo_g19_c06.avi
1.4623113394265677,8.510693882051996,130.01538370516005,0.7927325581395349,611.8697674418605,795.4590552761822,0.2558139534883721,199,196,YoYo/v_YoYo_g20_c01.avi
0.5462836372640762,1.3927755176622654,16.551529385528095,0.8414244186046511,536.7441860465116,714.9222788469943,0.24476744186046512,181,178,YoYo/v_YoYo_g20_c02.avi
0.8278466200397145,3.231056951162257,92.76313923105448,0.8651162790697674,601.8232558139534,719.0244207248471,0.22674418604651161,169,166,YoYo/v_YoYo_g20_c03.avi
0.6535296382961167,1.8901945460063807,102.7277956543408,0.7661337209302326,675.7209302325581,1042.6261638137141,0.34186046511627904,187,184,YoYo/v_YoYo_g20_c04.avi
2.2814206167933726,17.535181505912266,192.03661760195632,0.8873546511627907,321.6372093023256,344.30100204736067,0.3930232558139535,186,183,YoYo/v_YoYo_g21_c01.avi
5.232140705416983,15.722173019076308,322.2503878973616,0.7395348837209302,366.4,358.0733561326408,0.30174418604651165,195,192,YoYo/v_YoYo_g21_c02.avi
6.007564680716845,23.263342098138583,207.01222789970646,0.6401162790697674,374.54883720930235,334.5545545057015,0.18953488372093022,179,176,YoYo/v_YoYo_g21_c03.avi
5.537020857471918,24.91858619759852,311.25010040159026,0.8860465116279069,349.09767441860464,307.8414341820198,0.17325581395348838,178,175,YoYo/v_YoYo_g21_c04.avi
0.860404059730358,2.0702940523054076,40.26649506723921,0.709593023255814,370.30697674418604,338.50588081549466,0.21627906976744185,168,165,YoYo/v_YoYo_g21_c05.avi
2.207475315840538,12.239783302037125,116.0010775812018,0.8789244186046512,266.04651162790697,287.82471680540283,0.40813953488372096,184,181,YoYo/v_YoYo_g21_c06.avi
1.1031876591662035,6.101653608037048,218.0,0.8193313953488373,320.63255813953486,570.8813014413034,0.3308139534883721,192,189,YoYo/v_YoYo_g22_c01.avi
0.823740679110112,1.8731176559099372,22.1348847975317,0.8116279069767441,281.5627906976744,429.83671806496847,0.3040697674418605,191,188,YoYo/v_YoYo_g22_c02.avi
1.054867767955921,2.466257424812269,27.400387770978718,0.7777616279069768,256.6697674418605,410.28144369381465,0.31511627906976747,183,180,YoYo/v_YoYo_g22_c03.avi
0.8109283733065795,2.1767689668058257,33.07000151194433,0.8398255813953488,283.90697674418607,431.159810330634,0.30116279069767443,199,196,YoYo/v_YoYo_g22_c04.avi
0.6621574063593526,1.9960851638312953,64.4980619863884,0.8383720930232558,223.1813953488372,165.87336057031646,0.29186046511627906,213,210,YoYo/v_YoYo_g22_c05.avi
0.6472262779925392,1.5922795422649438,24.501275477003233,0.8475290697674419,269.73023255813956,416.86875048689376,0.29127906976744183,200,197,YoYo/v_YoYo_g22_c06.avi
0.5925123656453755,3.6745827348607065,75.21303078589507,0.8933139534883721,559.4046511627907,525.9548295900174,0.14069767441860465,206,203,YoYo/v_YoYo_g23_c01.avi
0.7525812710296401,3.566810424073628,79.30952023559341,0.8603197674418605,623.9255813953488,539.6521136474838,0.18604651162790697,173,170,YoYo/v_YoYo_g23_c02.avi
0.6588113551118623,5.118566458955275,181.6645259812713,0.9095930232558139,335.5906976744186,303.9820984738024,0.20406976744186048,166,163,YoYo/v_YoYo_g23_c03.avi
0.36934726662806816,1.1020137249496478,24.825012588113626,0.8699127906976745,768.706976744186,693.8443647601848,0.11569767441860465,213,210,YoYo/v_YoYo_g23_c04.avi
0.5110941366304793,3.965882855582048,150.95032295427526,0.8995639534883721,607.293023255814,540.1908557621089,0.1936046511627907,219,216,YoYo/v_YoYo_g23_c05.avi
0.8733975984994936,4.086109452920157,71.45103218288732,0.8864825581395349,673.6,627.6784601229563,0.15290697674418605,186,183,YoYo/v_YoYo_g23_c06.avi
0.3617374418257962,0.9691535835615354,16.507574019219177,0.901453488372093,403.90697674418607,386.62233323487175,0.3133720930232558,194,191,YoYo/v_YoYo_g24_c01.avi
0.46053589629232616,1.4614171485655876,19.0,0.8763081395348837,380.57674418604654,387.8844738328185,0.3813953488372093,194,191,YoYo/v_YoYo_g24_c02.avi
0.43421879323842616,1.6206872294054355,30.14962686336267,0.8905523255813953,465.52558139534887,629.9339042821849,0.32732558139534884,196,193,YoYo/v_YoYo_g24_c03.avi
0.300722576762236,0.9953928106647925,24.331050121192877,0.8978197674418604,445.2093023255814,522.8427020397793,0.2936046511627907,195,192,YoYo/v_YoYo_g24_c04.avi
0.27295924948767053,0.8640342603513984,16.25,0.9186046511627907,301.54418604651164,455.3731275085253,0.3511627906976744,176,173,YoYo/v_YoYo_g25_c01.avi
0.21114150911165153,0.799394259258037,26.076809620810597,0.958139534883721,254.9953488372093,231.89066183901005,0.29593023255813955,201,198,YoYo/v_YoYo_g25_c02.avi
0.22037192234435352,0.7264163855949691,12.238515024299312,0.9476744186046512,239.70232558139534,212.8379769054299,0.31511627906976747,202,199,YoYo/v_YoYo_g25_c03.avi
0.24279935140222358,1.036690047581808,14.569874742083407,0.9546511627906977,335.0325581395349,468.0308813707827,0.29767441860465116,201,198,YoYo/v_YoYo_g25_c04.avi
0.31121071295800257,1.1448993858076482,19.557607215607945,0.9133720930232558,244.39069767441862,220.94611761742033,0.313953488372093,197,194,YoYo/v_YoYo_g25_c05.avi
