av1_mv_mean,av1_mv_std,av1_mv_max,av1_mv_sparsity,av1_block_area_mean,av1_block_area_std,av1_fine_partition_frac,av1_total_frames,av1_usable_frames,clip_path
0.9317106923972169,1.310841191645043,15.372967345311054,0.6665697674418605,309.4697674418605,298.86856062130875,0.27732558139534885,99,97,CricketShot/v_CricketShot_g16_c03.avi
0.2615799599734466,0.6165885857955151,8.602325267042627,0.9043604651162791,397.8790697674419,372.3763591015672,0.2703488372093023,74,72,CricketShot/v_CricketShot_g16_c04.avi
0.4946925507568711,1.159157811127438,23.789769334737148,0.857703488372093,449.33953488372094,612.1479005582909,0.23953488372093024,48,46,CricketShot/v_CricketShot_g16_c05.avi
0.236656307276541,1.7649507656070547,88.23831367382311,0.9553779069767442,361.2651162790698,360.39033030656475,0.3261627906976744,58,56,CricketShot/v_CricketShot_g16_c06.avi
0.20282611148421548,2.3065305011960864,76.05918747922567,0.9590116279069767,355.46046511627907,352.800684318494,0.31453488372093025,51,49,CricketShot/v_CricketShot_g16_c07.avi
1.8437083072652185,6.649760848861606,158.11388300841898,0.6857558139534884,322.6418604651163,329.8288451377635,0.33662790697674416,106,104,CricketShot/v_CricketShot_g17_c01.avi
0.2697653276348157,2.289275588073972,62.93647591023825,0.9531976744186047,367.51627906976745,498.2022270497368,0.3540697674418605,97,95,CricketShot/v_CricketShot_g17_c02.avi
0.11516069515640427,0.48725229072252657,10.502975768800002,0.9674418604651163,380.4651162790698,373.3077381836294,0.32151162790697674,107,105,CricketShot/v_CricketShot_g17_c03.avi
0.29456830900700764,2.3935371941639416,63.97655820689325,0.9546511627906977,343.06976744186045,349.10099793671606,0.3395348837209302,91,89,CricketShot/v_CricketShot_g17_c04.avi
0.1766982621280899,1.6081148455344705,62.65144152371915,0.9537790697674419,355.2372093023256,350.48672404492993,0.3063953488372093,96,94,CricketShot/v_CricketShot_g17_c05.avi
0.27250718438562344,2.3954173085869583,79.37883848986453,0.9450581395348837,331.2372093023256,347.1187110279427,0.37093023255813956,89,87,CricketShot/v_CricketShot_g17_c06.avi
0.2654871024420734,1.698569922486692,78.84795495128583,0.9270348837209302,428.13023255813954,613.0516437651902,0.29186046511627906,63,61,CricketShot/v_CricketShot_g18_c01.avi
0.3552850376208015,2.063863034959407,55.0,0.9366279069767441,275.646511627907,306.5990877797358,0.43023255813953487,86,84,CricketShot/v_CricketShot_g18_c02.avi
0.2052244121331543,1.0694826729581104,47.38143096192854,0.9388081395348837,375.553488372093,364.5918338066953,0.3005813953488372,72,70,CricketShot/v_CricketShot_g18_c03.avi
0.3341651158153908,0.7185731644506342,10.378011611093909,0.9130813953488373,356.68837209302325,359.347484360131,0.336046511627907,68,66,CricketShot/v_CricketShot_g18_c04.avi
0.1648876194523856,0.7397166443576197,23.65441290753165,0.9411337209302325,443.86976744186046,518.635689466429,0.27267441860465114,78,76,CricketShot/v_CricketShot_g18_c05.avi
0.237045188594751,1.591305148276206,55.036351623268054,0.952906976744186,412.1674418604651,371.60725687016964,0.23081395348837208,62,60,CricketShot/v_CricketShot_g19_c01.avi
0.15044378603868158,0.5893292644376146,8.94427190999916,0.9744186046511628,426.2325581395349,377.89261654290357,0.22267441860465118,56,54,CricketShot/v_CricketShot_g19_c02.avi
0.314622558145268,2.3156865852317767,67.5074070010099,0.9531976744186047,261.9162790697674,294.45298509722454,0.4459302325581395,82,80,CricketShot/v_CricketShot_g19_c03.avi
0.301057792092531,2.426263253921964,66.18912297349165,0.9601744186046511,241.37674418604652,261.10812590315055,0.43197674418604654,85,83,CricketShot/v_CricketShot_g19_c04.avi
0.7489781105470824,4.685020777929445,77.20629831820717,0.9049418604651163,327.7767441860465,353.68595506183783,0.40755813953488373,88,86,CricketShot/v_CricketShot_g19_c05.avi
2.0540029777893185,2.852899652861377,32.14031735997639,0.48502906976744187,395.2,658.7763371020405,0.0936046511627907,134,132,CricketShot/v_CricketShot_g20_c01.avi
6.860078910091001,10.052310176997276,53.2634959423431,0.4052325581395349,267.3860465116279,221.63568428726953,0.21976744186046512,126,124,CricketShot/v_CricketShot_g20_c02.avi
5.208122890916431,9.845714293364985,38.80157857613528,0.36438953488372094,303.3302325581395,235.67355776620016,0.11627906976744186,137,135,CricketShot/v_CricketShot_g20_c03.avi
7.166799438823301,12.290661761141768,59.65159260237735,0.24738372093023256,271.7395348837209,190.1740868801896,0.13197674418604652,137,135,CricketShot/v_CricketShot_g20_c04.avi
4.08386226711147,5.871113225737173,44.28317965096906,0.37456395348837207,296.9674418604651,232.15574936499715,0.1308139534883721,63,61,CricketShot/v_CricketShot_g20_c05.avi
4.595689669097454,5.087600736197897,27.87135626409307,0.19680232558139535,285.5813953488372,207.77114339089528,0.11569767441860465,90,88,CricketShot/v_CricketShot_g20_c06.avi
4.295867252926109,9.72731542368824,255.21608491629206,0.509156976744186,240.59534883720931,146.90487026848103,0.18255813953488373,102,100,CricketShot/v_CricketShot_g20_c07.avi
0.15049685679840807,0.6120665040631819,10.770329614269007,0.9675872093023256,400.33488372093024,362.61361259464593,0.225,47,45,CricketShot/v_CricketShot_g21_c01.avi
0.1228819375012118,0.6121873107297361,9.503288904374106,0.9789244186046512,393.30232558139534,380.9293125468062,0.3174418604651163,80,78,CricketShot/v_CricketShot_g21_c02.avi
0.056781495425363225,0.21624052406565633,4.0,0.9921511627906977,428.4651162790698,386.97991948607824,0.2552325581395349,54,52,CricketShot/v_CricketShot_g21_c03.avi
0.07765849127005099,0.42652742576007924,10.752906583803284,0.9857558139534883,348.7627906976744,380.84783570909923,0.44709302325581396,71,69,CricketShot/v_CricketShot_g21_c04.avi
0.10055982987498463,0.3998868876833742,8.94427190999916,0.9800872093023256,418.6418604651163,378.05969396537085,0.24127906976744187,57,55,CricketShot/v_CricketShot_g21_c05.avi
0.08891244090271991,0.3849163814786626,7.163274390947201,0.9757267441860465,372.87441860465117,381.63932570817116,0.37732558139534883,102,100,CricketShot/v_CricketShot_g21_c06.avi
3.206480279830131,6.51148672846034,167.86899654194636,0.4376453488372093,254.77209302325582,155.68787846287336,0.13662790697674418,171,168,CricketShot/v_CricketShot_g22_c01.avi
1.8847201030601035,3.450468917005332,38.897300677553446,0.5712209302325582,285.9162790697674,436.5095938796138,0.3186046511627907,185,182,CricketShot/v_CricketShot_g22_c02.avi
1.1885011702659298,1.963008177678118,40.45985664828782,0.6656976744186046,234.34418604651162,199.2376462305763,0.3081395348837209,159,157,CricketShot/v_CricketShot_g22_c03.avi
0.7292800873402906,0.9405244963271804,17.67059704707229,0.7204941860465116,414.846511627907,682.2822505859106,0.21453488372093024,133,131,CricketShot/v_CricketShot_g22_c04.avi
1.9628764980247475,4.751231493085327,117.98728745080972,0.6447674418604651,261.3581395348837,406.52082199171264,0.27906976744186046,184,181,CricketShot/v_CricketShot_g22_c05.avi
3.225767974083899,6.458010275796055,80.10305861825752,0.5232558139534884,233.0046511627907,164.41862333475768,0.2453488372093023,137,135,CricketShot/v_CricketShot_g22_c06.avi
2.302511521354443,3.196637256440368,60.4860521112099,0.42441860465116277,241.26511627906976,213.25359822338064,0.30930232558139537,263,260,CricketShot/v_CricketShot_g22_c07.avi
3.326301299629403,4.042615154529337,28.935272592460574,0.38313953488372093,346.9767441860465,305.64803351142257,0.17267441860465116,89,87,CricketShot/v_CricketShot_g23_c01.avi
3.922576542898075,14.165454304870057,212.75235016328256,0.4857558139534884,343.06976744186045,354.5833713325081,0.36046511627906974,106,104,CricketShot/v_CricketShot_g23_c02.avi
1.3051107722612851,1.6247314480792057,73.50170066059697,0.4578488372093023,352.11162790697676,362.99773412663455,0.36453488372093024,79,77,CricketShot/v_CricketShot_g23_c03.avi
2.9731258014937407,4.410213733799591,18.034688796871432,0.4357558139534884,360.706976744186,329.00507198702195,0.21046511627906977,138,136,CricketShot/v_CricketShot_g23_c04.avi
3.041836943500381,7.692289028281594,204.08331631958552,0.629796511627907,341.84186046511627,340.4259344591017,0.311046511627907,142,140,CricketShot/v_CricketShot_g23_c05.avi
0.08357359901717824,0.5117944051475545,13.892443989449804,0.977906976744186,212.46511627906978,193.20014310231224,0.3941860465116279,72,70,CricketShot/v_CricketShot_g24_c01.avi
0.12081920109252535,1.0281053688345536,37.05401462729781,0.970203488372093,193.26511627906976,164.22570810238776,0.4290697674418605,64,62,CricketShot/v_CricketShot_g24_c02.avi
0.045464891720463724,0.2848758277311322,14.142135623730951,0.9895348837209302,309.24651162790695,662.6978614052463,0.3901162790697674,81,79,CricketShot/v_CricketShot_g24_c03.avi
0.11925914668588285,0.8850587757064561,19.39474800042527,0.9789244186046512,272.4093023255814,248.46554186619542,0.2680232558139535,88,86,CricketShot/v_CricketShot_g24_c04.avi
0.1253631515519894,0.7373786086539227,26.476404589747453,0.9706395348837209,204.76279069767443,181.47000395767355,0.4063953488372093,101,99,CricketShot/v_CricketShot_g24_c05.avi
0.09969590131834277,0.6855143421598375,20.202103850836924,0.9783430232558139,256.2232558139535,546.166910699365,0.42674418604651165,70,68,CricketShot/v_CricketShot_g24_c06.avi
0.15966652892485056,0.9974471706621961,16.250480762119007,0.9707848837209302,298.86511627906975,293.17288405634775,0.29767441860465116,90,88,CricketShot/v_CricketShot_g24_c07.avi
3.387991404107266,6.499941502536231,72.0,0.2992732558139535,267.72093023255815,192.47885121897554,0.15290697674418605,88,86,CricketShot/v_CricketShot_g25_c01.avi
1.2212530352648967,1.9454017553449727,20.12461179749811,0.6982558139534883,293.1720930232558,226.91927293754262,0.13197674418604652,92,90,CricketShot/v_CricketShot_g25_c02.avi
2.288545648503163,4.365947314311654,43.104524124504614,0.45290697674418606,286.0279069767442,203.32706877250567,0.10406976744186046,77,75,CricketShot/v_CricketShot_g25_c03.avi
1.5999093557504656,3.8591861055321144,132.0115998691024,0.4882267441860465,281.7860465116279,249.22087110833604,0.23313953488372094,73,71,CricketShot/v_CricketShot_g25_c04.avi
1.7551086468467136,2.2570582678326683,22.5,0.502906976744186,327.4418604651163,286.9510372565069,0.17674418604651163,80,78,CricketShot/v_CricketShot_g25_c05.avi
2.7628121528304015,5.007589117364469,73.55270219373317,0.49956395348837207,310.69767441860466,272.72641840664653,0.19186046511627908,78,76,CricketShot/v_CricketShot_g25_c06.avi
2.213190137509816,1.9552415365118896,19.79780606531946,0.30174418604651165,282.2325581395349,185.92582131858612,0.08197674418604652,91,89,CricketShot/v_CricketShot_g25_c07.avi
0.7957041645709737,2.7770875166389013,47.0,0.8524709302325582,468.98604651162793,694.0507285197448,0.18604651162790697,192,189,CuttingInKitchen/v_CuttingInKitchen_g08_c01.avi
0.9801301725304647,3.4966778909341545,48.75208328881956,0.8171511627906977,356.57674418604654,473.18751130446793,0.2552325581395349,195,192,CuttingInKitchen/v_CuttingInKitchen_g08_c02.avi
0.9421666346507975,2.9663835570523904,28.653097563788805,0.872093023255814,395.7581395348837,593.8925258000725,0.24651162790697675,255,252,CuttingInKitchen/v_CuttingInKitchen_g08_c03.avi
0.5308546056451586,1.5960467892603731,24.830991220650052,0.8694767441860465,540.6511627906976,915.0731292093402,0.22441860465116278,250,247,CuttingInKitchen/v_CuttingInKitchen_g08_c04.avi
1.235247778107066,2.7222133696993573,74.16619850039504,0.5738372093023256,415.7395348837209,369.7381689158857,0.21453488372093024,210,207,CuttingInKitchen/v_CuttingInKitchen_g09_c01.avi
1.5382320837326349,5.980097603490535,100.7983754829412,0.8049418604651163,442.6418604651163,509.3044021620616,0.22325581395348837,123,121,CuttingInKitchen/v_CuttingInKitchen_g09_c02.avi
2.2534292660070947,6.801871398842203,168.96153408394468,0.70625,342.51162790697674,340.0673238470769,0.3075581395348837,159,157,CuttingInKitchen/v_CuttingInKitchen_g09_c03.avi
0.7536155552428462,1.7984016152142768,37.12142238654117,0.7633720930232558,467.7581395348837,387.07934060360293,0.17383720930232557,132,130,CuttingInKitchen/v_CuttingInKitchen_g09_c04.avi
0.32397198229363955,1.4144752678369639,16.00781059358212,0.9524709302325581,938.8279069767442,1356.6068900403395,0.1436046511627907,320,317,CuttingInKitchen/v_CuttingInKitchen_g10_c01.avi
0.4839628204948166,4.445054586328796,86.89361311396829,0.9399709302325582,771.3860465116279,1257.917598066833,0.13895348837209304,311,308,CuttingInKitchen/v_CuttingInKitchen_g10_c02.avi
0.7575756586655786,2.2818149779903574,31.016124838541646,0.8563953488372092,497.89767441860465,918.5021420107372,0.31453488372093025,329,325,CuttingInKitchen/v_CuttingInKitchen_g10_c03.avi
0.7077853009407691,3.1135109582903793,34.03307215048327,0.9010174418604651,527.2558139534884,982.9108193245547,0.3430232558139535,286,283,CuttingInKitchen/v_CuttingInKitchen_g10_c04.avi
1.3673937208191176,4.0575419253801845,71.449282711585,0.7896802325581396,258.2325581395349,233.31033701611292,0.28604651162790695,352,348,CuttingInKitchen/v_CuttingInKitchen_g10_c05.avi
0.5272221003258352,2.2297825266997875,23.0,0.9489825581395349,956.6883720930233,1430.3348154482558,0.12732558139534883,156,154,CuttingInKitchen/v_CuttingInKitchen_g10_c06.avi
1.2389649455202043,5.250399644157113,63.0317380372777,0.848546511627907,205.54418604651164,150.24369862934637,0.34651162790697676,395,391,CuttingInKitchen/v_CuttingInKitchen_g10_c07.avi
2.943680446710082,19.309295186569482,318.0,0.7739825581395349,309.13488372093025,433.1091440313759,0.21627906976744185,120,118,CuttingInKitchen/v_CuttingInKitchen_g11_c01.avi
1.843713368324621,6.10659284654818,101.25,0.5954941860465116,319.6279069767442,272.36065549756097,0.15930232558139534,129,127,CuttingInKitchen/v_CuttingInKitchen_g11_c02.avi
1.2049090059199403,4.778872743827482,110.63679315670714,0.8113372093023256,209.45116279069768,130.60708405605212,0.2982558139534884,71,69,CuttingInKitchen/v_CuttingInKitchen_g11_c03.avi
1.5467120056686765,4.739764236775099,67.875,0.7816860465116279,239.14418604651163,405.12348120583863,0.36686046511627907,55,53,CuttingInKitchen/v_CuttingInKitchen_g11_c04.avi
1.832902091230928,4.264571814175911,65.90381248455965,0.6808139534883721,493.2093023255814,914.3720823766141,0.28081395348837207,175,172,CuttingInKitchen/v_CuttingInKitchen_g12_c01.avi
2.853143435544988,8.125136260477287,127.34991166074674,0.7415697674418604,345.74883720930234,465.72661127762103,0.25116279069767444,111,109,CuttingInKitchen/v_CuttingInKitchen_g12_c02.avi
1.5096012737921825,3.4030963741370917,29.94187076653695,0.7094476744186047,490.4186046511628,907.8609214395798,0.22093023255813954,150,148,CuttingInKitchen/v_CuttingInKitchen_g12_c03.avi
2.767582152190616,14.8791843838921,263.751777245197,0.7258720930232558,435.6093023255814,764.4453078871478,0.21569767441860466,117,115,CuttingInKitchen/v_CuttingInKitchen_g12_c04.avi
2.122572231057333,6.924598546552793,115.96146989409888,0.6957848837209303,227.86976744186046,234.9266521208058,0.42093023255813955,149,147,CuttingInKitchen/v_CuttingInKitchen_g13_c01.avi
2.7664290161887726,14.83959129456783,227.875,0.645639534883721,236.13023255813954,257.74388183015355,0.44534883720930235,139,137,CuttingInKitchen/v_CuttingInKitchen_g13_c02.avi
1.923807362331776,5.542699228903345,74.375,0.7308139534883721,338.15813953488373,571.3122822319654,0.2744186046511628,147,145,CuttingInKitchen/v_CuttingInKitchen_g13_c03.avi
2.2380165656304816,4.899175628721875,39.92571226665844,0.7186046511627907,252.31627906976743,258.2750156102604,0.37732558139534883,139,137,CuttingInKitchen/v_CuttingInKitchen_g13_c04.avi
0.7695606924032311,2.7820881112189393,52.630789467763066,0.8332848837209302,355.3488372093023,345.4969379409243,0.2872093023255814,102,100,CuttingInKitchen/v_CuttingInKitchen_g14_c01.avi
1.2382485916134127,5.385632302879662,196.75619431164043,0.7869186046511628,242.93953488372094,274.24028009701755,0.4633720930232558,84,82,CuttingInKitchen/v_CuttingInKitchen_g14_c02.avi
1.1410773686271523,2.892318216634861,32.61613864331583,0.7642441860465117,332.0186046511628,338.60111626061826,0.33662790697674416,106,104,CuttingInKitchen/v_CuttingInKitchen_g14_c03.avi
1.3305189531927613,3.8288690273836257,44.87517409436982,0.7914244186046512,316.5023255813953,327.59312362403836,0.35,100,98,CuttingInKitchen/v_CuttingInKitchen_g14_c04.avi
0.33065720661651354,2.7265787820252827,98.79271228182775,0.934593023255814,506.71627906976744,903.1874865062643,0.15,119,117,CuttingInKitchen/v_CuttingInKitchen_g15_c01.avi
1.4897806086622876,4.30577221617548,91.23664285800963,0.7527616279069768,271.06976744186045,261.656742596971,0.30988372093023253,156,154,CuttingInKitchen/v_CuttingInKitchen_g15_c02.avi
1.1517272429803325,6.02691570017784,139.91783303067555,0.8091569767441861,305.7860465116279,560.1225869070446,0.3174418604651163,101,99,CuttingInKitchen/v_CuttingInKitchen_g15_c03.avi
1.2074845417198128,6.2202476996402485,100.25,0.8430232558139535,245.50697674418603,219.54243897129453,0.3058139534883721,100,98,CuttingInKitchen/v_CuttingInKitchen_g15_c04.avi
3.480802289581006,13.039107680428403,290.30694962401435,0.7941860465116279,364.27906976744185,497.38845076788243,0.35930232558139535,177,174,CuttingInKitchen/v_CuttingInKitchen_g16_c01.avi
0.8773363406263347,3.8368673329790166,107.15409464878138,0.85,372.42790697674417,353.3193603299872,0.26569767441860465,199,196,CuttingInKitchen/v_CuttingInKitchen_g16_c02.avi
1.4575603749617256,9.77092524504869,255.01764644824092,0.8149709302325582,338.26976744186044,477.2506355008785,0.33430232558139533,207,204,CuttingInKitchen/v_CuttingInKitchen_g16_c03.avi
2.993607020105865,14.68763218531863,233.0,0.8281976744186047,403.2372093023256,376.3757826670819,0.27267441860465114,197,194,CuttingInKitchen/v_CuttingInKitchen_g16_c04.avi
0.27118849122603844,1.5863781995640653,49.5,0.9331395348837209,515.5348837209302,622.3611211042956,0.19476744186046513,186,183,CuttingInKitchen/v_CuttingInKitchen_g17_c01.avi
0.40600451065432364,1.558313286010683,24.501275477003233,0.9248546511627908,667.7953488372093,920.3218218603319,0.22732558139534884,181,178,CuttingInKitchen/v_CuttingInKitchen_g17_c02.avi
0.2458568072455161,0.9368949195159306,17.625,0.9328488372093023,380.57674418604654,381.7580414999333,0.3558139534883721,244,241,CuttingInKitchen/v_CuttingInKitchen_g17_c03.avi
0.21492656907795296,0.9070967736812785,15.0,0.9463662790697674,519.106976744186,628.5445296598153,0.23197674418604652,141,139,CuttingInKitchen/v_CuttingInKitchen_g17_c04.avi
3.561622296037144,5.289733678962833,44.40720662234904,0.30276162790697675,236.8,123.77395751182692,0.16511627906976745,98,96,CuttingInKitchen/v_CuttingInKitchen_g18_c01.avi
2.916220891781475,5.671137721632316,82.24696043015815,0.595203488372093,224.52093023255813,175.4198373313783,0.30348837209302326,174,171,CuttingInKitchen/v_CuttingInKitchen_g18_c02.avi
2.8974506423507487,2.9594402031193177,24.253865671269807,0.3556686046511628,188.5767441860465,142.8341774571646,0.41627906976744183,83,81,CuttingInKitchen/v_CuttingInKitchen_g18_c03.avi
1.0969669562786035,1.4980947739628214,25.310570914145735,0.6575581395348837,190.69767441860466,148.29190805499695,0.4145348837209302,157,155,CuttingInKitchen/v_CuttingInKitchen_g18_c04.avi
1.0368216166687483,2.9579886090180425,37.270967253346136,0.7975290697674419,352.89302325581394,338.1130988674406,0.26744186046511625,59,57,CuttingInKitchen/v_CuttingInKitchen_g19_c01.avi
1.6712020780467174,3.4729066655116996,28.160255680657446,0.7127906976744186,313.6,310.87568441869286,0.3023255813953488,50,48,CuttingInKitchen/v_CuttingInKitchen_g19_c02.avi
2.4742661953723046,8.424638931912789,152.8201557386983,0.7465116279069768,356.13023255813954,468.823268895738,0.23430232558139535,51,49,CuttingInKitchen/v_CuttingInKitchen_g19_c03.avi
0.866752827287698,2.1512924306436343,29.752363351505373,0.8550872093023256,315.9441860465116,320.5877112519019,0.32732558139534884,54,52,CuttingInKitchen/v_CuttingInKitchen_g19_c04.avi
1.519266674886444,2.4390764525459985,41.0556025409444,0.5620639534883721,360.706976744186,328.3529902869697,0.20813953488372092,290,287,CuttingInKitchen/v_CuttingInKitchen_g20_c01.avi
2.1714946029428805,6.072245336292689,68.0294054067798,0.6574127906976744,361.3767441860465,364.46783431444914,0.34186046511627904,278,275,CuttingInKitchen/v_CuttingInKitchen_g20_c02.avi
5.544777788282256,9.584270303141913,103.77379245262264,0.4989825581395349,357.3581395348837,334.88699533282903,0.24186046511627907,252,249,CuttingInKitchen/v_CuttingInKitchen_g20_c03.avi
1.5625778560426251,4.312651894078967,72.51551558114994,0.6643895348837209,360.706976744186,348.6151509038256,0.28255813953488373,277,274,CuttingInKitchen/v_CuttingInKitchen_g20_c04.avi
2.0484519117199294,3.7934803429078086,53.84076638570443,0.640843023255814,266.49302325581397,256.1291075195611,0.3127906976744186,210,207,CuttingInKitchen/v_CuttingInKitchen_g21_c01.avi
1.600562101317305,3.5020614149194227,52.99823110255662,0.7045058139534883,336.48372093023255,336.2954244792658,0.3133720930232558,174,171,CuttingInKitchen/v_CuttingInKitchen_g21_c02.avi
2.0460923177645567,4.795581022434841,169.52880470586703,0.7136627906976745,436.72558139534885,689.7390636010259,0.2191860465116279,171,168,CuttingInKitchen/v_CuttingInKitchen_g21_c03.avi
1.4060419691781818,7.471882949244968,277.0884335370208,0.7617732558139535,320.8558139534884,307.1840788194457,0.26453488372093026,176,173,CuttingInKitchen/v_CuttingInKitchen_g21_c04.avi
1.0051679244016332,2.3488390289397,27.11232422718495,0.7995639534883721,322.86511627906975,571.7498033408804,0.32848837209302323,151,149,CuttingInKitchen/v_CuttingInKitchen_g22_c01.avi
1.763200919871175,6.501136148873865,193.6620768245554,0.7670058139534883,252.31627906976743,233.8883304706345,0.3122093023255814,178,175,CuttingInKitchen/v_CuttingInKitchen_g22_c02.avi
1.4010702802960684,3.647579273317609,31.049355870935553,0.7876453488372093,382.13953488372096,679.2583363542625,0.2779069767441861,138,136,CuttingInKitchen/v_CuttingInKitchen_g22_c03.avi
1.4564831673453673,4.625451530342497,113.01451787270518,0.8220930232558139,240.59534883720931,200.0325996146609,0.28255813953488373,262,259,CuttingInKitchen/v_CuttingInKitchen_g22_c04.avi
0.7011393439147917,1.588436824541689,19.768978223469215,0.8120639534883721,220.94883720930233,251.7322907764877,0.4965116279069767,124,122,CuttingInKitchen/v_CuttingInKitchen_g23_c01.avi
0.4631083377971532,1.1909163901895297,22.67156809750927,0.8305232558139535,255.2186046511628,240.86785652101807,0.31802325581395346,121,119,CuttingInKitchen/v_CuttingInKitchen_g23_c02.avi
0.6717576587837435,2.0400285053552305,41.23105625617661,0.7963662790697674,215.25581395348837,220.4523988089414,0.4424418604651163,100,98,CuttingInKitchen/v_CuttingInKitchen_g23_c03.avi
0.4271406880223394,2.527163018490366,191.5006527404019,0.8340116279069767,213.35813953488372,214.0205969576762,0.436046511627907,92,90,CuttingInKitchen/v_CuttingInKitchen_g23_c04.avi
0.7448907341748838,2.280836850089811,21.466907672042566,0.8356104651162791,408.2604651162791,479.2026779730345,0.14186046511627906,195,192,CuttingInKitchen/v_CuttingInKitchen_g24_c01.avi
0.5916041979490069,1.8971594921531472,16.44403387250221,0.8652616279069767,412.1674418604651,476.7089208511178,0.11918604651162791,115,113,CuttingInKitchen/v_CuttingInKitchen_g24_c02.avi
0.6784351710478685,2.805651800061986,69.55135243113537,0.8707848837209302,523.6837209302325,849.0961610237232,0.20813953488372092,178,175,CuttingInKitchen/v_CuttingInKitchen_g24_c03.avi
0.5427332742240676,5.230715942081149,99.973121387701,0.9515988372093023,480.5953488372093,769.3164703854154,0.16744186046511628,105,103,CuttingInKitchen/v_CuttingInKitchen_g24_c04.avi
0.18801321292523668,0.4872864542048918,6.73145600891813,0.9578488372093024,516.8744186046512,848.4513377922191,0.21104651162790697,175,172,CuttingInKitchen/v_CuttingInKitchen_g25_c01.avi
0.3780484394916718,1.7308750377463016,62.51399843235114,0.9204941860465117,765.8046511627907,1168.8677005434429,0.1494186046511628,158,156,CuttingInKitchen/v_CuttingInKitchen_g25_c02.avi
0.2803164694870195,1.4761686660297508,21.286732957408002,0.948110465116279,549.3581395348838,703.5769455061054,0.14418604651162792,108,106,CuttingInKitchen/v_CuttingInKitchen_g25_c03.avi
0.43729913667362763,1.7663007240467261,21.617411963507564,0.9148255813953489,709.2093023255813,1129.6104403245442,0.19534883720930232,130,128,CuttingInKitchen/v_CuttingInKitchen_g25_c04.avi
0.7870358452310647,1.6448313314272314,16.039502018454314,0.7709302325581395,524.6883720930233,973.7941001051894,0.24941860465116278,250,247,CuttingInKitchen/v_CuttingInKitchen_g25_c05.avi
2.0008557556669113,4.025296569597359,36.24913792078372,0.6273255813953489,180.31627906976743,155.6749519518938,0.47790697674418603,328,324,CuttingInKitchen/v_CuttingInKitchen_g25_c06.avi
0.9014366715027545,1.4874445922169282,18.0,0.7026162790697674,270.6232558139535,190.82558070097625,0.1377906976744186,169,166,Diving/v_Diving_g08_c01.avi
0.3469149072248739,0.5988506978680226,12.727922061357855,0.9046511627906977,200.6325581395349,151.64576182505868,0.37209302325581395,149,147,Diving/v_Diving_g08_c02.avi
0.4651098432484565,0.8832959382490955,20.796634343085422,0.8542151162790698,227.4232558139535,186.2140863919672,0.3116279069767442,159,157,Diving/v_Diving_g08_c03.avi
1.0077160465552293,2.502919681930551,51.0098029794274,0.8090116279069768,193.0418604651163,200.68152049031846,0.5023255813953489,146,144,Diving/v_Diving_g08_c04.avi
1.0702667242027217,2.2120586079803486,17.5,0.7718023255813954,242.26976744186047,112.85084524290875,0.12732558139534883,156,154,Diving/v_Diving_g08_c05.avi
0.5728065068917632,1.6804140337573066,35.12833614050059,0.8082848837209302,214.0279069767442,147.40565500745686,0.3023255813953488,220,217,Diving/v_Diving_g08_c06.avi
1.222481492333748,5.813476320869833,200.0024999843752,0.6428779069767442,872.6325581395349,1411.6272153862142,0.18372093023255814,193,190,Diving/v_Diving_g09_c01.avi
0.6095472965502313,2.5001644321414243,188.09572031282372,0.7424418604651163,846.0651162790698,1370.9101561462685,0.10116279069767442,179,176,Diving/v_Diving_g09_c02.avi
0.5481883042144405,2.810851524823937,107.5174404457249,0.8588662790697674,1468.5023255813953,1794.7015269745618,0.1569767441860465,213,210,Diving/v_Diving_g09_c03.avi
1.4055527903343334,2.627246413167591,17.72004514666935,0.6300872093023255,768.5953488372093,1300.4650971154806,0.13023255813953488,177,174,Diving/v_Diving_g09_c04.avi
2.987547930207577,5.818454903705675,232.5001344085633,0.5440406976744186,393.07906976744187,747.2823993950656,0.17906976744186046,114,112,Diving/v_Diving_g09_c05.avi
1.9806251205050558,2.732402028162564,16.0,0.5819767441860465,269.84186046511627,232.7259554513091,0.2372093023255814,114,112,Diving/v_Diving_g09_c06.avi
0.4389761112041435,1.0922875651378983,12.041594578792296,0.9052325581395348,601.3767441860465,974.1879683093515,0.18953488372093022,116,114,Diving/v_Diving_g09_c07.avi
0.2005626317618649,0.5940520296070787,8.00390529679106,0.9456395348837209,205.09767441860464,150.37832830065193,0.3488372093023256,137,135,Diving/v_Diving_g10_c01.avi
0.25006879190439074,0.9864300630929788,16.5,0.9515988372093023,242.04651162790697,150.4359484327284,0.1819767441860465,129,127,Diving/v_Diving_g10_c02.avi
0.360111718473858,1.291942676808714,59.0,0.9090116279069768,177.30232558139534,103.10787642386096,0.4191860465116279,105,103,Diving/v_Diving_g10_c03.avi
1.8003278392437116,10.290699790338738,258.98455552406983,0.640843023255814,238.69767441860466,164.39933441891537,0.22034883720930232,102,100,Diving/v_Diving_g10_c04.avi
0.4143580885989298,1.5164135768452314,52.0,0.9188953488372092,244.39069767441862,238.6662082977693,0.3581395348837209,164,161,Diving/v_Diving_g10_c05.avi
0.23201136164596997,0.6671487278072689,8.5,0.93125,368.63255813953486,670.2290409345603,0.2505813953488372,168,165,Diving/v_Diving_g10_c06.avi
0.1728211787061903,0.528390672548212,11.0,0.967296511627907,320.07441860465116,657.5636455509408,0.31511627906976747,153,151,Diving/v_Diving_g10_c07.avi
0.33528263420886534,1.3431749645636348,19.5,0.9251453488372093,192.70697674418605,157.6821138274487,0.42034883720930233,123,121,Diving/v_Diving_g11_c01.avi
0.29654990989455743,0.9886051883986545,16.0312195418814,0.9203488372093023,187.7953488372093,157.26462656638446,0.4436046511627907,126,124,Diving/v_Diving_g11_c02.avi
0.16991832307862736,0.6535554746117104,11.045361017187261,0.9600290697674418,194.6046511627907,139.97178113194963,0.3825581395348837,135,133,Diving/v_Diving_g11_c03.avi
0.2442880258965314,1.0015252063913802,19.0,0.9502906976744186,183.10697674418606,137.7305177973291,0.43546511627906975,159,157,Diving/v_Diving_g11_c04.avi
0.8261498467685536,1.7952683173053385,22.666743259674515,0.823110465116279,224.6325581395349,130.5406641107635,0.22848837209302325,171,168,Diving/v_Diving_g11_c05.avi
0.7242535431770939,1.3875919370203178,19.25,0.7289244186046512,243.49767441860465,132.94954015396146,0.14883720930232558,182,179,Diving/v_Diving_g11_c06.avi
2.791112090955647,5.7045740537207505,63.12685640834652,0.6462209302325581,157.65581395348838,162.34700891426132,0.6052325581395349,162,160,Diving/v_Diving_g12_c01.avi
1.9857838636211929,4.623748556102838,120.00416659433121,0.49011627906976746,243.1627906976744,131.53988346144,0.14825581395348839,159,157,Diving/v_Diving_g12_c02.avi
2.002937177461795,5.9605609021125305,104.01922899156675,0.5584302325581395,237.46976744186045,154.2390707520554,0.20813953488372092,192,189,Diving/v_Diving_g12_c03.avi
2.9460882862263276,7.350312452682303,76.24303246854758,0.6151162790697674,213.24651162790698,153.38466517578303,0.31569767441860463,203,200,Diving/v_Diving_g12_c04.avi
0.8940386339177784,2.620855145619125,34.0,0.7165697674418605,966.7348837209303,1423.6391100836865,0.05872093023255814,279,276,Diving/v_Diving_g12_c05.avi
0.7198712367311236,1.3913680798522918,46.647615158762406,0.7103197674418604,235.90697674418604,198.64749823739587,0.3,309,306,Diving/v_Diving_g12_c06.avi
1.987364283486855,3.161744990959947,32.0570780015896,0.5850290697674418,775.0697674418604,1255.7792243259892,0.11511627906976744,214,211,Diving/v_Diving_g12_c07.avi
2.1571088919364727,5.983050631139777,37.16517186829626,0.7915697674418605,1033.7116279069767,1566.8935021481498,0.2633720930232558,227,224,Diving/v_Diving_g13_c01.avi
0.48381728261809537,1.0311776125993468,41.78516483155236,0.8463662790697675,219.1627906976744,162.1450585457869,0.30348837209302326,154,152,Diving/v_Diving_g13_c02.avi
0.182989007760282,0.4873231616514145,8.508268037620818,0.9549418604651163,247.40465116279069,191.6398244205731,0.23546511627906977,172,169,Diving/v_Diving_g13_c03.avi
0.47278904140754247,0.874898120613391,15.0,0.8853197674418605,244.39069767441862,181.54088758997273,0.22790697674418606,132,130,Diving/v_Diving_g13_c04.avi
4.9953796394159795,22.514125389430212,318.44151739369664,0.6763081395348837,195.3860465116279,216.72813275214273,0.5273255813953488,163,160,Diving/v_Diving_g13_c05.avi
0.16893379943650386,0.5223299330001557,10.63014581273465,0.9530523255813953,644.4651162790698,1086.3041534945012,0.2441860465116279,129,127,Diving/v_Diving_g13_c06.avi
0.16103139268503275,0.6686399841174745,16.278820596099706,0.9561046511627908,249.9720930232558,267.2448562174565,0.4127906976744186,183,180,Diving/v_Diving_g13_c07.avi
4.3784150026427895,7.756233653025817,63.387695966961914,0.46061046511627907,245.06046511627906,125.28988180816755,0.1313953488372093,219,216,Diving/v_Diving_g14_c01.avi
1.8859878174466285,15.710298189181364,393.49221720384764,0.8420058139534884,215.8139534883721,167.2184556151725,0.32790697674418606,305,302,Diving/v_Diving_g14_c02.avi
2.4104147527396247,5.9478784152009645,56.26944108483752,0.5565406976744186,225.74883720930234,163.56741640054796,0.2761627906976744,223,220,Diving/v_Diving_g14_c03.avi
2.651941678052636,6.845575054922241,179.9222054111165,0.5353197674418605,235.34883720930233,207.3028212734941,0.32151162790697674,204,201,Diving/v_Diving_g14_c04.avi
2.6263015554721285,9.035112042677518,319.0141062711804,0.6287790697674419,221.73023255813953,180.02889113731706,0.325,177,174,Diving/v_Diving_g15_c01.avi
0.9620427102266215,1.9650969211353497,23.752960341818447,0.7495639534883721,258.0093023255814,174.56534701533124,0.1569767441860465,202,199,Diving/v_Diving_g15_c02.avi
1.08829524060504,2.6313254019915426,24.698178070456937,0.8363372093023256,189.69302325581396,159.62572124052437,0.4383720930232558,144,142,Diving/v_Diving_g15_c03.avi
0.29599568417217587,0.8098921810478082,9.75,0.9252906976744186,180.87441860465117,131.73185607032093,0.4377906976744186,147,145,Diving/v_Diving_g15_c04.avi
5.136029255451683,9.475817805924134,57.0,0.45203488372093026,239.5906976744186,107.02496951418979,0.13197674418604652,211,208,Diving/v_Diving_g15_c05.avi
2.576874377055168,4.044718527766684,41.000762188037434,0.5508720930232558,458.71627906976744,898.01736579527,0.1813953488372093,196,193,Diving/v_Diving_g15_c06.avi
1.522009941522321,3.836220361828301,32.55620140618374,0.7811046511627907,267.72093023255815,426.03233448535525,0.3412790697674419,214,211,Diving/v_Diving_g15_c07.avi
2.274946932458418,5.5094977201365545,62.394911651512096,0.5292151162790698,227.646511627907,141.67353784331272,0.2313953488372093,311,308,Diving/v_Diving_g16_c01.avi
0.1598038455561955,0.5629750692702743,12.75245074485685,0.9609011627906977,201.07906976744187,151.52541663861794,0.3697674418604651,173,170,Diving/v_Diving_g16_c02.avi
0.16081720545266098,0.6150763176840297,11.40175425099138,0.9515988372093023,504.706976744186,973.8091034444714,0.27674418604651163,205,202,Diving/v_Diving_g16_c03.avi
0.24855942143468976,0.6691191181311519,9.507398434903209,0.9341569767441861,245.95348837209303,174.77879088620912,0.20813953488372092,112,110,Diving/v_Diving_g16_c04.avi
0.22741920753732667,0.6209733507155588,9.168560410446124,0.926889534883721,261.9162790697674,219.37172967705644,0.23662790697674418,248,245,Diving/v_Diving_g16_c05.avi
6.841308530477578,20.051971548897416,249.52855548012937,0.5401162790697674,255.33023255813953,169.84632662317952,0.15930232558139534,302,299,Diving/v_Diving_g17_c01.avi
0.15445913669516628,0.5276532884612225,15.008331019803634,0.965843023255814,194.15813953488373,157.37413018775553,0.4127906976744186,154,152,Diving/v_Diving_g17_c02.avi
0.16020584969421883,0.5266511458961742,8.786530885394987,0.9584302325581395,258.45581395348836,267.46186279092814,0.37790697674418605,154,152,Diving/v_Diving_g17_c03.avi
0.13231956345654944,0.49025216324123927,8.602325267042627,0.9686046511627907,226.08372093023254,173.60691355089034,0.2930232558139535,109,107,Diving/v_Diving_g17_c04.avi
1.0998888603006693,1.5207365226411296,15.074813431681335,0.6037790697674419,499.3488372093023,896.7077479811054,0.09767441860465116,257,254,Diving/v_Diving_g18_c01.avi
0.8875231708070384,1.0899415528261744,13.038404810405298,0.6084302325581395,252.31627906976743,195.99746667825636,0.2238372093023256,73,71,Diving/v_Diving_g18_c02.avi
0.9065220718627514,1.1983466841347823,13.353955406545284,0.6857558139534884,241.71162790697673,157.57242883800473,0.19534883720930232,155,153,Diving/v_Diving_g18_c03.avi
2.193202171694998,3.6317293004219455,17.787372627794134,0.5334302325581395,271.293023255814,171.48571761716448,0.09709302325581395,137,135,Diving/v_Diving_g18_c04.avi
0.2534082436906996,0.6868795533064914,10.915155747858114,0.9241279069767442,240.70697674418605,187.82937011262763,0.2563953488372093,208,205,Diving/v_Diving_g19_c01.avi
0.1982347187455599,0.6136464104586227,10.077822185373186,0.9395348837209302,244.27906976744185,166.82957821254757,0.2005813953488372,172,169,Diving/v_Diving_g19_c02.avi
0.2480821345903426,0.7638076402658555,16.15549442140351,0.9306686046511627,265.71162790697673,398.4786540980188,0.22616279069767442,172,169,Diving/v_Diving_g19_c03.avi
0.13343142243163664,0.47207052385255777,12.052619009991147,0.9611918604651163,264.8186046511628,235.03119956751704,0.2633720930232558,208,205,Diving/v_Diving_g19_c04.avi
5.057298418915073,8.247838614116429,35.442955929211095,0.501453488372093,278.4372093023256,205.76747886790537,0.13895348837209304,91,89,Diving/v_Diving_g20_c01.avi
3.517328132080559,8.516000341880137,51.62363799656123,0.5796511627906977,275.31162790697675,230.9945546617851,0.21104651162790697,112,110,Diving/v_Diving_g20_c02.avi
3.7118076648111815,12.374933573658979,306.0,0.46656976744186046,264.0372093023256,238.9926115655245,0.27674418604651163,107,105,Diving/v_Diving_g20_c03.avi
1.4878354176847381,3.089374243334249,22.75137358490691,0.6864825581395348,265.8232558139535,234.5805686328204,0.25813953488372093,152,150,Diving/v_Diving_g20_c04.avi
1.319270677047136,5.217050359341428,191.0,0.7122093023255814,432.706976744186,825.8243648495919,0.1563953488372093,93,91,Diving/v_Diving_g20_c05.avi
2.0176601890482586,4.232807150480358,29.427877939124322,0.7026162790697674,323.2,454.7156453648092,0.2709302325581395,115,113,Diving/v_Diving_g20_c06.avi
0.8378514777941846,1.4132637737454947,19.748813255484492,0.7257267441860465,243.49767441860465,218.36016491681502,0.3116279069767442,152,150,Diving/v_Diving_g20_c07.avi
3.0549727404558595,6.4723586246640785,38.5,0.5138081395348837,205.32093023255814,171.61548225020923,0.38488372093023254,144,142,Diving/v_Diving_g21_c01.avi
1.0530587931542013,2.9167682489832645,67.17886572427373,0.7597383720930233,273.74883720930234,179.67720976225738,0.10290697674418604,188,185,Diving/v_Diving_g21_c02.avi
1.3528804369907135,5.907773793462258,210.23796041628637,0.8739825581395348,197.73023255813953,157.9192073901608,0.39651162790697675,264,261,Diving/v_Diving_g21_c03.avi
2.693461814516423,6.219038025779916,130.96946208945045,0.7130813953488372,165.69302325581396,167.46414735399173,0.5726744186046512,323,320,Diving/v_Diving_g21_c04.avi
2.905870567582294,6.501750072005184,44.28317965096906,0.5777616279069767,225.52558139534884,130.09469912698614,0.2238372093023256,182,179,Diving/v_Diving_g21_c05.avi
1.8751894267482931,4.984772233650155,64.76109943476871,0.7941860465116279,512.4093023255814,1021.8103678376157,0.19011627906976744,193,190,Diving/v_Diving_g21_c06.avi
4.497264498657537,16.19281229955592,233.32380932943812,0.6671511627906976,356.9116279069767,659.6208541731686,0.20930232558139536,183,180,Diving/v_Diving_g21_c07.avi
6.015428005009167,9.069266730393176,82.38931969618392,0.6630813953488373,539.5348837209302,1023.0014060059266,0.1697674418604651,150,148,Diving/v_Diving_g22_c01.avi
1.047658906540523,1.3059146899644403,12.313610356024752,0.648546511627907,283.12558139534883,241.56524092812273,0.20755813953488372,154,152,Diving/v_Diving_g22_c02.avi
1.0207727266387567,1.233186067482534,12.041594578792296,0.6504360465116279,267.4976744186047,172.65308338947784,0.11453488372093024,137,135,Diving/v_Diving_g22_c03.avi
0.94862549608049,1.9088842889252906,87.0,0.7625,243.60930232558138,175.91222945436814,0.22034883720930232,221,218,Diving/v_Diving_g22_c04.avi
2.45624601065021,4.607276406689299,38.82331773560833,0.6388081395348837,188.353488372093,193.8049503157776,0.5104651162790698,163,160,Diving/v_Diving_g22_c05.avi
0.5341009678930385,4.038617924357856,307.66865293688926,0.8015988372093024,1083.1627906976744,1544.3957941046153,0.10813953488372093,184,181,Diving/v_Diving_g22_c06.avi
2.9332071823807557,5.036668749244831,44.52597556483182,0.5822674418604651,199.73953488372092,133.88202745029773,0.3488372093023256,134,132,Diving/v_Diving_g23_c01.avi
13.294627769826228,24.260356599793003,141.8238343861849,0.6481104651162791,290.6046511627907,410.28533120454415,0.18023255813953487,87,85,Diving/v_Diving_g23_c02.avi
2.2867336608669495,8.994350604976793,333.7079561532808,0.4436046511627907,245.3953488372093,176.27227083900286,0.21337209302325583,161,159,Diving/v_Diving_g23_c03.avi
3.217895907444344,7.100445637479426,131.01526628603247,0.5248546511627907,219.27441860465117,224.23707148755122,0.4331395348837209,203,200,Diving/v_Diving_g23_c04.avi
2.698772880208738,6.222546589639638,33.06433123473088,0.659156976744186,290.8279069767442,406.5404389768947,0.16279069767441862,190,187,Diving/v_Diving_g23_c05.avi
1.0946041549685106,7.870436910015615,128.04027686630485,0.8816860465116279,288.3720930232558,543.8685299094367,0.28488372093023256,386,382,Diving/v_Diving_g23_c06.avi
4.081759066698755,7.704178182750439,66.91038783328041,0.7079941860465117,314.6046511627907,545.3177498949211,0.19709302325581396,113,111,Diving/v_Diving_g24_c01.avi
1.7014921355111472,2.2201566544292555,22.0,0.40857558139534883,240.59534883720931,140.9483460613726,0.17325581395348838,140,138,Diving/v_Diving_g24_c02.avi
2.8096360258476087,5.877012867915382,101.50123151962246,0.513953488372093,243.83255813953488,150.8753061628542,0.175,151,149,Diving/v_Diving_g24_c03.avi
5.002809839153604,12.944420847141792,240.0,0.7876453488372093,130.08372093023254,154.11832502037163,0.7395348837209302,163,160,Diving/v_Diving_g24_c04.avi
1.2023625524791073,7.687562935852078,234.75053248075923,0.7777616279069768,460.0558139534884,973.6248246683033,0.3511627906976744,142,140,Diving/v_Diving_g24_c05.avi
4.977204035571397,9.058158590186963,61.44764031270851,0.5678779069767442,276.53953488372093,412.9457727446676,0.24651162790697675,171,168,Diving/v_Diving_g24_c06.avi
1.5272146336903776,8.557157883127429,154.0,0.7978197674418605,378.2325581395349,758.281190932073,0.30988372093023253,144,142,Diving/v_Diving_g24_c07.avi
5.2388986751083015,11.307157184271668,135.0,0.5658430232558139,210.67906976744186,189.198073344509,0.3941860465116279,126,124,Diving/v_Diving_g25_c01.avi
1.529979991027288,6.296654334867998,117.75006634817663,0.8257267441860465,257.2279069767442,418.93879129188747,0.35174418604651164,106,104,Diving/v_Diving_g25_c02.avi
3.0535566133214314,3.5504468100036894,35.20298282816387,0.32122093023255816,227.31162790697675,129.17963193418782,0.21453488372093024,147,145,Diving/v_Diving_g25_c03.avi
1.8327322580732306,1.9950695702482626,17.46424919657298,0.4805232558139535,251.86976744186046,172.98619858227394,0.17965116279069768,150,148,Diving/v_Diving_g25_c04.avi
1.1069512754862951,1.489594019094639,17.26267650163207,0.6613372093023255,388.6139534883721,597.7556744330648,0.29069767441860467,301,298,Drumming/v_Drumming_g08_c01.avi
1.1590255789470674,5.940244049650684,233.89313799254566,0.6988372093023256,392.74418604651163,690.755571921513,0.33430232558139533,301,298,Drumming/v_Drumming_g08_c02.avi
0.8458239038134403,1.5094836410810422,17.48079303121,0.7517441860465116,460.1674418604651,850.4499328251447,0.3226744186046512,301,298,Drumming/v_Drumming_g08_c03.avi
0.14659021044519874,0.5031335766547949,12.562344526401112,0.9523255813953488,271.9627906976744,290.7813987711074,0.3936046511627907,301,298,Drumming/v_Drumming_g08_c04.avi
0.8866759184699528,2.6497569309422317,177.45985461506498,0.6970930232558139,660.3162790697675,1027.4090657277866,0.16627906976744186,301,298,Drumming/v_Drumming_g08_c05.avi
0.18189569680895298,0.45146310334296413,4.802343178074636,0.9646802325581395,367.7395348837209,347.5677709652279,0.2575581395348837,301,298,Drumming/v_Drumming_g09_c01.avi
0.36422040871009687,0.8817130968507385,13.416990161731505,0.8789244186046512,350.8837209302326,366.57999598439915,0.3825581395348837,241,238,Drumming/v_Drumming_g09_c02.avi
0.6533165568889298,1.0061013748598069,15.783694117664597,0.804796511627907,328.5581395348837,327.49999483938086,0.3081395348837209,301,298,Drumming/v_Drumming_g09_c03.avi
0.6148653170758406,1.1118497244390237,21.727358905306463,0.7590116279069767,361.6,351.77430396524494,0.29186046511627906,301,298,Drumming/v_Drumming_g09_c04.avi
0.14819779564763622,0.5111769335620291,10.958016471971558,0.9453488372093023,225.86046511627907,186.7725368731073,0.31976744186046513,301,298,Drumming/v_Drumming_g10_c01.avi
0.1269539661579698,0.41181129266626326,5.55090082779363,0.9553779069767442,239.47906976744187,181.3964135925817,0.24883720930232558,301,298,Drumming/v_Drumming_g10_c02.avi
0.15279736630871843,0.5534598035027525,7.00446286306095,0.9559593023255814,190.0279069767442,163.543036545724,0.4436046511627907,301,298,Drumming/v_Drumming_g10_c03.avi
0.14993980770934662,0.5014508147529624,8.602325267042627,0.9505813953488372,321.07906976744187,556.303036273016,0.24011627906976743,301,298,Drumming/v_Drumming_g10_c04.avi
0.10468531718531451,0.5356171521143305,18.00043402254512,0.9684593023255814,276.42790697674417,436.19739841497375,0.3540697674418605,301,298,Drumming/v_Drumming_g10_c05.avi
0.13046021896813417,0.5798593395389157,13.403008057895063,0.9623546511627907,250.75348837209302,196.72596847868812,0.23197674418604652,301,298,Drumming/v_Drumming_g10_c06.avi
0.20666855338505408,0.8444792554978173,18.895270572288716,0.9517441860465117,223.73953488372092,234.25799148914402,0.4377906976744186,301,298,Drumming/v_Drumming_g10_c07.avi
0.5090411233932287,1.598393699350943,26.248809496813376,0.8521802325581396,256.89302325581394,422.0741946213705,0.3674418604651163,301,298,Drumming/v_Drumming_g11_c01.avi
0.7801625076052503,3.326452103721771,97.70011514834566,0.8357558139534884,224.07441860465116,217.06746148136602,0.3941860465116279,301,298,Drumming/v_Drumming_g11_c02.avi
0.7317224582815878,1.9334887054203886,30.66043867918396,0.8343023255813954,244.72558139534883,234.92620127024279,0.3470930232558139,301,298,Drumming/v_Drumming_g11_c03.avi
0.645348005566152,1.6653839482747193,15.31747368204039,0.8261627906976744,224.85581395348837,222.68687506600622,0.40406976744186046,301,298,Drumming/v_Drumming_g11_c04.avi
0.6578621946184489,1.8702095636094413,23.345235059857504,0.8415697674418605,326.54883720930235,563.8870876469215,0.26744186046511625,301,298,Drumming/v_Drumming_g11_c05.avi
0.5847423811072407,1.4666542270486225,17.674575666759303,0.8420058139534884,328.6697674418605,576.4203874252547,0.3377906976744186,301,298,Drumming/v_Drumming_g11_c06.avi
0.6738611906484653,2.0505548282677104,42.0,0.8340116279069767,300.31627906976746,566.0795346083744,0.37383720930232556,301,298,Drumming/v_Drumming_g11_c07.avi
0.3569782511560081,0.9570864512410948,22.33306125456159,0.8840116279069767,199.96279069767442,111.05916508938621,0.3174418604651163,301,298,Drumming/v_Drumming_g12_c01.avi
0.42032337069098524,1.2938597979849542,16.486737093797547,0.8901162790697674,200.1860465116279,125.48089001433061,0.33488372093023255,301,298,Drumming/v_Drumming_g12_c02.avi
0.4751846618986777,2.018123699205258,39.408120990476064,0.8888081395348837,320.74418604651163,557.5542978260839,0.24883720930232558,301,298,Drumming/v_Drumming_g12_c03.avi
0.5348834320089292,1.7168126780680353,24.64149193940984,0.8652616279069767,293.73023255813956,556.2296177754683,0.3383720930232558,301,298,Drumming/v_Drumming_g12_c04.avi
0.5385793229828388,1.92731663447196,24.40542972373156,0.8848837209302326,348.42790697674417,750.6896321865405,0.3372093023255814,301,298,Drumming/v_Drumming_g12_c05.avi
0.42857963316034453,1.7164683596212433,65.96969000988257,0.9027616279069768,254.54883720930232,407.63282176778756,0.3122093023255814,301,298,Drumming/v_Drumming_g12_c06.avi
0.4662907910602707,3.3670713617547716,92.91393867445294,0.9175872093023256,331.7953488372093,666.9249356155523,0.34244186046511627,301,298,Drumming/v_Drumming_g12_c07.avi
0.5653131061658581,1.6797044957416025,18.35287783972857,0.8808139534883721,371.2,482.64499159006795,0.26046511627906976,301,298,Drumming/v_Drumming_g13_c01.avi
0.6437882835906431,4.773774483530122,110.00454536063498,0.8850290697674419,395.646511627907,617.2940392227389,0.4005813953488372,301,298,Drumming/v_Drumming_g13_c02.avi
0.5672493171555525,3.2925809501368377,131.0391759169753,0.8888081395348837,473.33953488372094,785.780791415725,0.3191860465116279,301,298,Drumming/v_Drumming_g13_c03.avi
0.45451555698092383,2.874384871914781,160.00019531238078,0.9142441860465116,493.65581395348835,853.3387956378267,0.29011627906976745,301,298,Drumming/v_Drumming_g13_c04.avi
1.1907925462770552,6.4605940912148565,196.16319736382766,0.8087209302325581,336.93023255813955,474.59816027578023,0.325,301,298,Drumming/v_Drumming_g13_c05.avi
1.124689960110109,3.9563367721877176,81.15417426109393,0.8377906976744186,324.42790697674417,312.2284839631785,0.2691860465116279,301,298,Drumming/v_Drumming_g13_c06.avi
1.6324802947215018,10.703934070275533,212.0,0.8481104651162791,321.4139534883721,323.21790589170814,0.3174418604651163,301,298,Drumming/v_Drumming_g13_c07.avi
2.007254739450568,11.177218564517988,318.0062892459833,0.6360465116279069,194.3813953488372,120.26507013978505,0.3558139534883721,259,256,Drumming/v_Drumming_g14_c01.avi
2.2603702732208566,15.948616418736146,255.84577874180374,0.767296511627907,222.4,166.16889138799803,0.29593023255813955,301,298,Drumming/v_Drumming_g14_c02.avi
1.9072431772039213,7.929252934339402,216.15735009478627,0.6082848837209303,191.3674418604651,152.42989958930224,0.4180232558139535,301,298,Drumming/v_Drumming_g14_c03.avi
2.1581683550158424,13.410539277444188,319.22562553780045,0.8074127906976745,190.47441860465116,223.3080218026351,0.5668604651162791,262,259,Drumming/v_Drumming_g14_c04.avi
3.213723709213056,13.973299880623617,230.62523712724936,0.6648255813953489,220.50232558139535,216.11566400228793,0.40813953488372096,301,298,Drumming/v_Drumming_g14_c05.avi
1.796514253092033,9.591089473790301,304.00041118393244,0.5489825581395349,247.73953488372092,179.94626347695737,0.21046511627906977,301,298,Drumming/v_Drumming_g14_c06.avi
0.12569582028154722,0.5997557924842412,16.68270062070287,0.9686046511627907,340.83720930232556,333.9745798871774,0.29069767441860467,301,298,Drumming/v_Drumming_g15_c01.avi
0.13015575470588692,0.8993456292840312,42.941821107167776,0.9661337209302325,357.13488372093025,346.960724862454,0.2872093023255814,301,298,Drumming/v_Drumming_g15_c02.avi
0.1063068451209032,0.5550517856629683,9.875,0.9651162790697675,336.8186046511628,334.84174620662844,0.30697674418604654,301,298,Drumming/v_Drumming_g15_c03.avi
0.14757285688253086,1.0752873022754355,35.20298282816387,0.9694767441860465,393.74883720930234,505.0365790906419,0.3174418604651163,301,298,Drumming/v_Drumming_g15_c04.avi
0.18871986643687996,0.869660202173587,13.334635353094587,0.9558139534883721,366.4,352.645243703891,0.28081395348837207,301,298,Drumming/v_Drumming_g15_c05.avi
0.1140155403893857,0.6316759029560157,17.46424919657298,0.9704941860465116,369.07906976744187,352.28237653584,0.27151162790697675,301,298,Drumming/v_Drumming_g15_c06.avi
0.13185880540672462,0.6068406014853737,11.94060823408925,0.9638081395348838,412.3906976744186,603.5785961860576,0.2668604651162791,301,298,Drumming/v_Drumming_g15_c07.avi
0.04619425601481538,0.3624987377871601,14.615915982243466,0.9892441860465117,266.71627906976744,247.5237521421465,0.28837209302325584,301,298,Drumming/v_Drumming_g16_c01.avi
0.0625699060455518,0.45199500797614767,13.0,0.984156976744186,210.12093023255815,229.28054163235853,0.4877906976744186,301,298,Drumming/v_Drumming_g16_c02.avi
0.04802888504161941,0.29441985629888184,9.017344398435716,0.9808139534883721,312.93023255813955,285.3376127888487,0.22209302325581395,301,298,Drumming/v_Drumming_g16_c03.avi
0.13399872505236637,0.7065923301627364,10.35917467755033,0.9661337209302325,613.7674418604652,977.9482279826403,0.225,301,298,Drumming/v_Drumming_g16_c04.avi
0.04996176375322939,0.3935338870708996,16.492422502470642,0.9879360465116279,252.53953488372093,227.29259305045034,0.2947674418604651,301,298,Drumming/v_Drumming_g16_c05.avi
0.05149087520846168,0.3383312836597065,9.100137361600648,0.9873546511627908,216.03720930232558,167.14377187299843,0.3267441860465116,301,298,Drumming/v_Drumming_g16_c06.avi
0.07790105136312367,0.3634700507543327,3.5794552658190883,0.9736918604651162,374.3255813953488,491.83716916627924,0.3,301,298,Drumming/v_Drumming_g16_c07.avi
0.08367971825192036,0.3838430136315423,7.675040716504376,0.9771802325581396,257.89767441860465,237.9971638372854,0.29941860465116277,301,298,Drumming/v_Drumming_g17_c01.avi
0.10260559799529426,0.4239983473169087,8.980882473343028,0.9700581395348837,263.47906976744184,241.90751313417815,0.2866279069767442,301,298,Drumming/v_Drumming_g17_c02.avi
0.07395364924387313,0.30690421376433535,5.25,0.9799418604651163,295.8511627906977,431.04146046312394,0.2552325581395349,301,298,Drumming/v_Drumming_g17_c03.avi
0.06987405506564959,0.33168982998912927,6.833968466418322,0.9729651162790698,266.15813953488373,236.25062198275026,0.261046511627907,301,298,Drumming/v_Drumming_g17_c04.avi
0.09393298254324822,0.3734429831326262,10.660968530110198,0.9755813953488373,282.7906976744186,260.51188948804145,0.26046511627906976,301,298,Drumming/v_Drumming_g17_c05.avi
0.1131081099246624,0.8611402199609463,30.529186854549533,0.9662790697674418,362.04651162790697,581.2835017997461,0.2616279069767442,301,298,Drumming/v_Drumming_g17_c06.avi
0.09223696285900307,0.49133782170437285,9.534476912762441,0.9751453488372093,401.45116279069765,680.555269997892,0.23546511627906977,301,298,Drumming/v_Drumming_g17_c07.avi
0.7038276577101485,4.654025142756003,120.03749414245534,0.8934593023255814,229.09767441860464,415.2984074179601,0.4563953488372093,203,200,Drumming/v_Drumming_g18_c01.avi
0.23742752368978054,0.42710171019230286,7.893826701923472,0.9683139534883721,276.2046511627907,252.72121781096072,0.26453488372093026,290,287,Drumming/v_Drumming_g18_c02.avi
0.779482286786293,1.086150729624723,16.0,0.7472383720930232,257.33953488372094,211.54050922138796,0.2372093023255814,260,257,Drumming/v_Drumming_g18_c03.avi
1.5669160889044853,7.400656077687707,320.97507691408066,0.7050872093023256,193.0418604651163,158.96629192577805,0.42093023255813955,301,298,Drumming/v_Drumming_g18_c04.avi
0.22053035606091856,0.9334403825694807,16.268258972612895,0.9744186046511628,233.78604651162792,233.13613308426946,0.3901162790697674,301,298,Drumming/v_Drumming_g18_c05.avi
1.4226139547477643,3.5705370664276366,194.37644693995207,0.6799418604651163,224.4093023255814,160.13337437238167,0.2761627906976744,301,298,Drumming/v_Drumming_g18_c06.avi
4.391154312250713,7.216805108839166,64.0,0.5827034883720931,241.48837209302326,226.80801963724414,0.34069767441860466,301,298,Drumming/v_Drumming_g19_c01.avi
0.8288664274104679,1.5670837922511438,13.601470508735444,0.7914244186046512,265.04186046511626,223.7163343336857,0.23430232558139535,301,298,Drumming/v_Drumming_g19_c02.avi
0.6922314339630906,0.9692791402465671,15.837060964711855,0.7375,276.2046511627907,213.15725165204927,0.16453488372093023,301,298,Drumming/v_Drumming_g19_c03.avi
0.7795085253245937,1.1688665833876126,15.82126733229674,0.6843023255813954,310.69767441860466,288.75833098894634,0.24069767441860465,301,298,Drumming/v_Drumming_g19_c04.avi
0.6610421329036834,1.055867442684135,14.560219778561036,0.7675872093023256,296.52093023255816,277.7869156244727,0.25872093023255816,301,298,Drumming/v_Drumming_g19_c05.avi
0.6047934131272287,1.402134578880561,39.080046059338265,0.8184593023255814,264.5953488372093,228.6610144148985,0.24825581395348836,301,298,Drumming/v_Drumming_g19_c06.avi
0.9039290138092583,1.958584497927749,54.25921580708663,0.8165697674418605,275.646511627907,269.3890170141152,0.313953488372093,301,298,Drumming/v_Drumming_g19_c07.avi
1.7919170326047225,2.7734322956495228,116.53359225991449,0.5668604651162791,240.59534883720931,206.3612073170329,0.29651162790697677,301,298,Drumming/v_Drumming_g20_c01.avi
1.3574770479798852,1.5598414812009769,13.777245733454855,0.47078488372093025,331.2372093023256,563.242650432858,0.24767441860465117,301,298,Drumming/v_Drumming_g20_c02.avi
1.11379017699164,1.7518991882425305,13.050383136138187,0.6159883720930233,243.72093023255815,205.11305170693066,0.2802325581395349,301,298,Drumming/v_Drumming_g20_c03.avi
0.6214978504909631,0.8188526011716502,14.615915982243466,0.7382267441860465,331.2372093023256,455.0592647440785,0.2453488372093023,301,298,Drumming/v_Drumming_g20_c04.avi
1.3953132097397154,1.8653734546235574,16.535000755972163,0.6212209302325581,264.1488372093023,238.9439871816737,0.2761627906976744,301,298,Drumming/v_Drumming_g20_c05.avi
0.8110628954652943,1.1108488690984746,11.71003842863037,0.7388081395348837,291.72093023255815,433.8062114548489,0.2837209302325581,301,298,Drumming/v_Drumming_g20_c06.avi
1.0489902533638644,1.5481495332872026,18.24828759089466,0.6893895348837209,324.87441860465117,571.1736249256512,0.31802325581395346,114,112,Drumming/v_Drumming_g20_c07.avi
0.9375512546077639,2.092320257154925,31.942330847951595,0.8113372093023256,253.54418604651164,242.40883522765935,0.32906976744186045,301,298,Drumming/v_Drumming_g21_c01.avi
1.0251671988009785,2.0609610761792205,21.661097040547137,0.6748546511627908,277.9906976744186,208.0940304162089,0.14593023255813953,301,298,Drumming/v_Drumming_g21_c02.avi
0.7715748992194353,1.097201005073388,18.110770276274835,0.7226744186046512,261.13488372093025,191.5960271517531,0.17790697674418604,301,298,Drumming/v_Drumming_g21_c03.avi
0.9813132709323367,2.3569076040380352,77.21924954310292,0.734593023255814,209.45116279069768,141.62898200989636,0.31453488372093025,301,298,Drumming/v_Drumming_g21_c04.avi
0.8262110617711251,1.6752914071435125,18.45602882529175,0.7087209302325581,247.29302325581395,206.75212143716178,0.2686046511627907,301,298,Drumming/v_Drumming_g21_c05.avi
1.1532683210500556,2.705691604029527,54.00925846556311,0.7973837209302326,243.1627906976744,208.4477437423629,0.29011627906976745,301,298,Drumming/v_Drumming_g21_c06.avi
0.5229986699472309,1.8554781468904662,132.01254675219323,0.8344476744186047,254.9953488372093,420.4713578462442,0.3680232558139535,301,298,Drumming/v_Drumming_g21_c07.avi
2.6848166607326713,4.494279446492514,72.20110802473879,0.4029069767441861,228.87441860465117,176.20637489856756,0.2854651162790698,301,298,Drumming/v_Drumming_g22_c01.avi
2.5223847412356695,4.095216850538843,48.093658625644196,0.5603197674418605,219.1627906976744,146.88722619792023,0.2779069767441861,301,298,Drumming/v_Drumming_g22_c02.avi
2.9871652206628743,3.831704077247595,180.49432989709123,0.23357558139534884,223.62790697674419,117.21993307271907,0.21511627906976744,301,298,Drumming/v_Drumming_g22_c03.avi
2.6382052142240413,8.712265367480313,279.20064469839605,0.5539244186046511,239.8139534883721,183.59906467486755,0.2517441860465116,301,298,Drumming/v_Drumming_g22_c04.avi
0.6266265817083122,1.3183619135467854,17.46424919657298,0.798546511627907,266.8279069767442,234.12475935306563,0.25290697674418605,301,298,Drumming/v_Drumming_g23_c01.avi
0.5298752037934292,1.3035812287150963,18.24828759089466,0.8614825581395349,225.74883720930234,207.46817561736248,0.36453488372093024,301,298,Drumming/v_Drumming_g23_c02.avi
0.6222607922636086,2.5436332879662187,31.0,0.8611918604651163,218.15813953488373,206.63405045113208,0.39709302325581397,301,298,Drumming/v_Drumming_g23_c03.avi
0.9109415725959065,4.593550031718791,48.0,0.8305232558139535,269.50697674418603,262.3146321317109,0.31802325581395346,301,298,Drumming/v_Drumming_g23_c04.avi
0.971228762264452,1.9548516280196793,55.5,0.6611918604651162,225.1906976744186,202.41756497681013,0.3558139534883721,301,298,Drumming/v_Drumming_g23_c05.avi
0.6274256014666435,1.9002773846485619,100.0199980003999,0.8026162790697674,237.46976744186045,221.54031134560753,0.3453488372093023,301,298,Drumming/v_Drumming_g23_c06.avi
0.542462142233291,1.1564004044726892,17.0,0.8348837209302326,236.68837209302325,209.89700819887426,0.32151162790697674,301,298,Drumming/v_Drumming_g23_c07.avi
0.24208205363047422,0.8602243552550728,14.405944953386431,0.9356104651162791,215.70232558139534,173.5445650001846,0.34011627906976744,301,298,Drumming/v_Drumming_g24_c01.avi
0.18701772295630512,0.7100115458799222,15.504535626712592,0.9390988372093023,411.4976744186047,833.0433355065036,0.27151162790697675,301,298,Drumming/v_Drumming_g24_c02.avi
0.2617306375448862,1.0300962442889763,18.050277006184697,0.9354651162790698,824.0744186046512,1429.5739336148984,0.3505813953488372,301,298,Drumming/v_Drumming_g24_c03.avi
0.26149446120400693,1.858454862702209,117.33712115098103,0.9510174418604651,217.93488372093023,219.7635419366037,0.42848837209302326,301,298,Drumming/v_Drumming_g24_c04.avi
0.27879040985966186,1.0844722029490286,17.878059178781125,0.9274709302325581,210.2325581395349,161.18930618480758,0.3430232558139535,301,298,Drumming/v_Drumming_g24_c05.avi
0.24497398918247446,0.8548306163828131,16.56804152578089,0.9313953488372093,588.7627906976744,1136.9482835844824,0.2738372093023256,301,298,Drumming/v_Drumming_g24_c06.avi
0.3756383648627116,1.2398772596465415,18.35755975068582,0.9074127906976744,212.353488372093,164.46996099357048,0.33895348837209305,301,298,Drumming/v_Drumming_g24_c07.avi
0.7799828754985323,1.9713530656438047,21.02974084481309,0.8045058139534884,452.0186046511628,908.7481395024784,0.3,301,298,Drumming/v_Drumming_g25_c01.avi
0.8012846465993296,1.8675022232737306,15.477806692164107,0.7992732558139535,488.07441860465116,974.2723529474112,0.3075581395348837,301,298,Drumming/v_Drumming_g25_c02.avi
0.5952602996209563,1.3998670466760719,15.654971255163645,0.811046511627907,838.586046511628,1380.694887666553,0.23081395348837208,301,298,Drumming/v_Drumming_g25_c03.avi
0.7483031573325075,1.5362160387051809,16.43405382125786,0.7694767441860465,410.71627906976744,838.1515367594342,0.31976744186046513,301,298,Drumming/v_Drumming_g25_c04.avi
0.6984638251732247,2.0553026578346785,38.57865342388197,0.8379360465116279,395.31162790697675,836.4792053766683,0.34418604651162793,301,298,Drumming/v_Drumming_g25_c05.avi
0.6291846662003516,1.619306080612275,17.753960825686192,0.8258720930232558,405.3581395348837,832.5585877093764,0.28255813953488373,301,298,Drumming/v_Drumming_g25_c06.avi
0.8076461963286428,2.1599971758333854,31.18092365533773,0.795639534883721,450.1209302325581,909.355756760039,0.30988372093023253,301,298,Drumming/v_Drumming_g25_c07.avi
9.610400635320241,24.460472983985678,312.8274284649605,0.5328488372093023,194.15813953488373,153.2340150357633,0.40581395348837207,125,123,Fencing/v_Fencing_g08_c01.avi
5.397285284840288,17.652821509551586,392.68562489604835,0.4292151162790698,230.9953488372093,96.53742485156383,0.15813953488372093,111,109,Fencing/v_Fencing_g08_c02.avi
5.671317507907786,7.864966985920215,197.9898987322333,0.282703488372093,246.1767441860465,131.22884828404847,0.13488372093023257,129,127,Fencing/v_Fencing_g08_c03.avi
5.536958936487717,16.290909567501775,171.8254928699464,0.5020348837209302,213.91627906976746,163.9642969223009,0.3308139534883721,124,122,Fencing/v_Fencing_g08_c04.avi
0.32686756859793215,1.0136504185799207,14.75,0.945203488372093,372.7627906976744,599.6607525512667,0.34767441860465115,128,126,Fencing/v_Fencing_g09_c01.avi
2.6698201001683937,9.31038143845563,140.00357138301865,0.8010174418604651,254.54883720930232,287.36308155047124,0.45406976744186045,122,120,Fencing/v_Fencing_g09_c02.avi
0.648295388824606,2.3371259432440876,35.28809997718778,0.8155523255813953,288.706976744186,287.5191442728954,0.31802325581395346,133,131,Fencing/v_Fencing_g09_c03.avi
2.8059810841925246,8.47597310855722,182.42806801586207,0.6722383720930233,201.30232558139534,188.07563234763765,0.436046511627907,145,143,Fencing/v_Fencing_g09_c04.avi
1.6063409716272052,7.1647685466292,170.00294115102832,0.7697674418604651,274.4186046511628,253.53484532387623,0.2738372093023256,135,133,Fencing/v_Fencing_g09_c05.avi
1.2139725037351117,2.98469613558952,37.12142238654117,0.6738372093023256,261.5813953488372,253.93079377255526,0.3267441860465116,157,155,Fencing/v_Fencing_g09_c06.avi
1.2961618036274698,2.7902567627241135,74.50041946190639,0.6954941860465116,328.11162790697676,320.4550058822991,0.28488372093023256,146,144,Fencing/v_Fencing_g10_c01.avi
5.5288053785012865,16.739097880164945,253.0,0.5861918604651163,274.6418604651163,274.5427269941345,0.33313953488372094,126,124,Fencing/v_Fencing_g10_c02.avi
2.784473812074708,6.130105549891142,320.68871199342203,0.48531976744186045,304.33488372093024,273.80828370410285,0.2180232558139535,128,126,Fencing/v_Fencing_g10_c03.avi
1.3460101001409,2.670869582830148,50.38632006805022,0.6774709302325581,339.0511627906977,329.7765729703117,0.2813953488372093,134,132,Fencing/v_Fencing_g10_c04.avi
3.285047272878669,6.050437354157163,119.66052241654305,0.31468023255813954,332.68837209302325,276.9450127685096,0.12848837209302325,137,135,Fencing/v_Fencing_g10_c05.avi
1.1819772396537873,2.5975176001034894,35.500880270776385,0.6681686046511628,385.2651162790698,361.6481644217728,0.2616279069767442,135,133,Fencing/v_Fencing_g11_c01.avi
5.060942134340933,16.514854768675377,226.00055309666834,0.6905523255813953,321.52558139534887,328.4249913252455,0.3354651162790698,122,120,Fencing/v_Fencing_g11_c02.avi
5.571321270505282,18.354234665954028,285.7937411840924,0.6876453488372093,351.3302325581395,341.5194471870126,0.28488372093023256,135,133,Fencing/v_Fencing_g11_c03.avi
9.129614220062347,24.794268612334523,277.58827424803087,0.7892441860465116,304.89302325581394,303.94776585776987,0.31046511627906975,125,123,Fencing/v_Fencing_g11_c04.avi
3.0151896947519963,9.989657561400735,193.0195909745951,0.7261627906976744,347.0883720930233,342.61265213017964,0.3023255813953488,146,144,Fencing/v_Fencing_g11_c05.avi
7.4818132848922145,17.528673948048297,332.7957331457241,0.6155523255813954,204.87441860465117,198.3711767475226,0.44069767441860463,164,161,Fencing/v_Fencing_g12_c01.avi
3.0434296560593053,9.057487940924071,319.2647803939545,0.45726744186046514,333.24651162790695,291.6821616384242,0.17209302325581396,131,129,Fencing/v_Fencing_g12_c02.avi
2.6011377638138087,4.017547621687636,124.10076550932311,0.3760174418604651,328.2232558139535,286.49364848449574,0.17267441860465116,114,112,Fencing/v_Fencing_g12_c03.avi
0.9876079486941102,1.5352909417657854,18.140079933671736,0.6873546511627907,349.54418604651164,338.1053594578248,0.2779069767441861,153,151,Fencing/v_Fencing_g12_c04.avi
3.714447241206136,16.929192219560598,339.52982195972123,0.6674418604651163,283.01395348837207,281.7537020919325,0.32209302325581396,123,121,Fencing/v_Fencing_g12_c05.avi
3.370905558209239,8.586040669200054,142.38427318352262,0.6704941860465117,340.0558139534884,311.84432110547215,0.21569767441860466,140,138,Fencing/v_Fencing_g13_c01.avi
3.540653762639308,8.124754666642998,107.0420478129973,0.6475290697674418,355.7953488372093,347.1014796679337,0.29186046511627906,114,112,Fencing/v_Fencing_g13_c02.avi
1.5957505734649322,3.2752070575884265,18.0,0.7598837209302326,424.5581395348837,367.58478233081115,0.18488372093023256,110,108,Fencing/v_Fencing_g13_c03.avi
1.532359240277343,4.026095460076603,23.271495439700473,0.8414244186046511,394.1953488372093,494.96871310731433,0.2616279069767442,116,114,Fencing/v_Fencing_g13_c04.avi
2.8194075402966696,7.5205024083627015,135.78705755704408,0.4736918604651163,232.2232558139535,124.79336005966451,0.1866279069767442,137,135,Fencing/v_Fencing_g14_c01.avi
5.173943890761373,22.721042413782136,341.023459603588,0.641860465116279,222.62325581395348,205.32493231768063,0.37383720930232556,125,123,Fencing/v_Fencing_g14_c02.avi
2.1361884374014006,6.304556812755469,146.76852523616907,0.6322674418604651,207.10697674418606,153.99457162789835,0.3453488372093023,145,143,Fencing/v_Fencing_g14_c03.avi
10.614302155331696,32.02991198995926,298.0268444284843,0.4097383720930233,216.70697674418605,134.17358662074247,0.26976744186046514,143,141,Fencing/v_Fencing_g14_c04.avi
0.2583311554819297,1.074620136174866,25.577394804788074,0.9454941860465116,324.6511627906977,335.284876008512,0.3494186046511628,138,136,Fencing/v_Fencing_g15_c01.avi
0.6677283632428888,2.5249695138470525,52.46903848937962,0.892296511627907,332.9116279069767,345.66819229879593,0.3598837209302326,117,115,Fencing/v_Fencing_g15_c02.avi
2.1425565001736198,4.268343766766722,31.04558140863205,0.6662790697674419,369.86046511627904,350.5969382184558,0.2627906976744186,138,136,Fencing/v_Fencing_g15_c03.avi
1.0661501020486532,7.04114336371103,182.33211456021672,0.8973837209302326,369.4139534883721,371.05196876749005,0.34418604651162793,146,144,Fencing/v_Fencing_g15_c04.avi
4.3247512698607835,11.930635575852968,141.5055210937015,0.6411337209302326,291.3860465116279,280.2521037668857,0.2854651162790698,125,123,Fencing/v_Fencing_g16_c01.avi
1.2133878788862265,6.655282028699818,188.939143641544,0.8875,282.45581395348836,313.66033569313186,0.4273255813953488,126,124,Fencing/v_Fencing_g16_c02.avi
2.3459625304728724,6.3598416850662005,61.032778078668514,0.6305232558139535,266.71627906976744,289.0637790170935,0.40930232558139534,126,124,Fencing/v_Fencing_g16_c03.avi
1.0691243483102377,1.4996785384519018,15.811388300841896,0.6484011627906977,351.66511627906976,354.8768793269018,0.33430232558139533,135,133,Fencing/v_Fencing_g16_c04.avi
1.6331163035985576,4.295677618338442,66.27310917710139,0.7077034883720931,315.16279069767444,281.85770203573145,0.20348837209302326,140,138,Fencing/v_Fencing_g17_c01.avi
0.9445152521883995,1.9361072791124778,23.08679276123039,0.8126453488372093,333.69302325581396,353.25363270756674,0.386046511627907,120,118,Fencing/v_Fencing_g17_c02.avi
1.9979509226576389,3.3169822646400107,28.09025631780529,0.6020348837209303,281.5627906976744,272.3372985781844,0.29941860465116277,126,124,Fencing/v_Fencing_g17_c03.avi
4.4279085577761625,20.626646467602697,240.03333101883996,0.4001453488372093,306.34418604651165,244.5665033466791,0.12848837209302325,115,113,Fencing/v_Fencing_g17_c04.avi
0.6912189534471582,1.1113812588109053,15.767847031221478,0.7936046511627907,263.70232558139537,211.55650131916443,0.21104651162790697,129,127,Fencing/v_Fencing_g18_c01.avi
1.057148400727691,3.7979641447412384,184.0,0.7959302325581395,274.86511627906975,410.29230129757036,0.24127906976744187,138,136,Fencing/v_Fencing_g18_c02.avi
1.648842897427907,6.939440421280575,135.3819827377336,0.6396802325581395,208.33488372093024,142.01381996902902,0.32034883720930235,138,136,Fencing/v_Fencing_g18_c03.avi
0.6108712723295835,1.7828274549536816,19.5,0.8802325581395349,218.71627906976744,171.30152517035438,0.32209302325581396,139,137,Fencing/v_Fencing_g18_c04.avi
1.7188478776826264,6.319150855374395,168.4280261714184,0.7277616279069767,210.90232558139536,244.49477997792127,0.5232558139534884,166,163,Fencing/v_Fencing_g19_c01.avi
0.5406989431796417,1.2913545237625852,16.0312195418814,0.7902616279069767,522.7906976744187,861.7522591746055,0.3267441860465116,147,145,Fencing/v_Fencing_g19_c02.avi
2.080204794267461,5.757810632451219,64.1248781675256,0.7449127906976745,452.353488372093,780.4861607607107,0.31453488372093025,143,141,Fencing/v_Fencing_g19_c03.avi
0.47638779204923165,3.6094105294338052,161.19863522995473,0.9027616279069768,529.9348837209302,853.9542471496858,0.2453488372093023,132,130,Fencing/v_Fencing_g19_c04.avi
6.6284725515033776,13.015551757543653,122.18646099302492,0.5152616279069767,212.8,140.41490678169333,0.29709302325581394,125,123,Fencing/v_Fencing_g20_c01.avi
2.0175897131448597,9.033965622826559,320.00351560568834,0.5444767441860465,218.49302325581397,162.3878752996919,0.30697674418604654,130,128,Fencing/v_Fencing_g20_c02.avi
4.49794364189515,11.259989230181873,144.0989785702869,0.6748546511627908,175.62790697674419,146.29645328734549,0.48604651162790696,126,124,Fencing/v_Fencing_g20_c03.avi
4.116078265623166,7.690019912325472,128.04784262142022,0.41104651162790695,227.53488372093022,156.11852218482122,0.2552325581395349,127,125,Fencing/v_Fencing_g20_c04.avi
3.717233989451545,14.296799802877823,236.92469795274616,0.6524709302325581,173.73023255813953,180.56382435966455,0.5563953488372093,124,122,Fencing/v_Fencing_g21_c01.avi
3.8700230775627436,14.561667007383747,276.90431560378397,0.6965116279069767,164.13023255813954,145.6062283597622,0.5436046511627907,126,124,Fencing/v_Fencing_g21_c02.avi
3.6916561132448953,4.67183477327795,18.501689112078388,0.3530523255813954,224.4093023255814,189.5529622423825,0.3319767441860465,136,134,Fencing/v_Fencing_g21_c03.avi
2.089861313877477,4.054801643874963,52.478567053607705,0.5992732558139535,235.5720930232558,204.09510588070572,0.3133720930232558,129,127,Fencing/v_Fencing_g21_c04.avi
4.638209683841856,8.019024273568567,60.63827174318213,0.5001453488372093,276.31627906976746,209.03457478590025,0.15465116279069768,137,135,Fencing/v_Fencing_g22_c01.avi
6.577210935011675,21.065009019721682,350.77948913811935,0.5244186046511627,188.68837209302325,136.6770105527224,0.4063953488372093,125,123,Fencing/v_Fencing_g22_c02.avi
2.549300437709127,3.0383173815212583,38.118237105091836,0.32252906976744183,252.87441860465117,149.83841854202015,0.13488372093023257,132,130,Fencing/v_Fencing_g22_c03.avi
2.852592351549791,6.249870183024501,66.02319668116654,0.5388081395348837,242.15813953488373,211.90211236428402,0.3023255813953488,143,141,Fencing/v_Fencing_g22_c04.avi
2.4462885982481293,5.699565478162883,148.78781032060388,0.45348837209302323,212.13023255813954,140.66493841731108,0.3005813953488372,139,137,Fencing/v_Fencing_g23_c01.avi
2.0184764761029497,2.9119308052969983,31.13378390109368,0.5265988372093023,223.62790697674419,142.02211148772997,0.25,128,126,Fencing/v_Fencing_g23_c02.avi
3.011287054286157,7.451940161939349,48.44068537913146,0.6402616279069767,244.50232558139535,215.99786550234336,0.30174418604651165,132,130,Fencing/v_Fencing_g23_c03.avi
2.2385112517138674,2.257787489791915,18.186963050493066,0.3050872093023256,231.7767441860465,145.63703342789825,0.2191860465116279,130,128,Fencing/v_Fencing_g23_c04.avi
6.283532948505008,11.928019598760894,193.32667463389527,0.48997093023255817,236.353488372093,138.7308106970779,0.1883720930232558,137,135,Fencing/v_Fencing_g24_c01.avi
1.2609633621435534,2.686747632718569,32.7566787083184,0.7165697674418605,250.64186046511628,167.34717322750433,0.1744186046511628,121,119,Fencing/v_Fencing_g24_c02.avi
1.0071713387552617,1.2815247041532403,15.572411502397436,0.5526162790697674,241.48837209302326,193.12273144214666,0.26395348837209304,121,119,Fencing/v_Fencing_g24_c03.avi
7.104768611219525,34.41076442339936,312.1297807002722,0.7523255813953489,224.1860465116279,237.76940713239554,0.44476744186046513,123,121,Fencing/v_Fencing_g24_c04.avi
3.685169826545125,8.717798475998745,146.15402833996743,0.5530523255813954,169.71162790697673,145.34069231132747,0.5145348837209303,124,122,Fencing/v_Fencing_g25_c01.avi
2.12013822503126,3.53378456691079,23.5,0.5293604651162791,215.70232558139534,139.28904110279407,0.2819767441860465,116,114,Fencing/v_Fencing_g25_c02.avi
2.006250105838603,5.440945224078924,95.10947639431099,0.5811046511627908,246.1767441860465,205.1408737034584,0.26976744186046514,132,130,Fencing/v_Fencing_g25_c03.avi
2.997479330346056,7.846659854995066,227.0821712508492,0.6049418604651163,225.74883720930234,159.58805161909257,0.2691860465116279,131,129,Fencing/v_Fencing_g25_c04.avi
2.858372096118256,4.733580299534206,25.809397513308983,0.6209302325581395,558.4,845.118650263533,0.13430232558139535,121,119,FieldHockeyPenalty/v_FieldHockeyPenalty_g08_c01.avi
4.09515584803379,7.180493595757593,65.5,0.44607558139534886,261.0232558139535,220.75741588555854,0.2436046511627907,159,157,FieldHockeyPenalty/v_FieldHockeyPenalty_g08_c02.avi
3.4584409634204887,15.799275152688333,190.000164473613,0.6433139534883721,362.15813953488373,569.3228888215136,0.1866279069767442,77,75,FieldHockeyPenalty/v_FieldHockeyPenalty_g08_c03.avi
0.5018807833460253,1.0352528637043126,12.0,0.8366279069767442,338.26976744186044,317.6278087635682,0.24127906976744187,64,62,FieldHockeyPenalty/v_FieldHockeyPenalty_g08_c04.avi
4.367536433207174,5.319099675900621,72.50689622373861,0.41686046511627906,303.7767441860465,300.2242052411089,0.3023255813953488,163,160,FieldHockeyPenalty/v_FieldHockeyPenalty_g09_c01.avi
0.9731386738943517,1.767259066957427,16.0312195418814,0.6671511627906976,316.1674418604651,331.0063722571686,0.3633720930232558,202,199,FieldHockeyPenalty/v_FieldHockeyPenalty_g09_c02.avi
1.5866440364554655,2.4835574511006415,15.75,0.6383720930232558,364.83720930232556,322.4863386493571,0.175,170,167,FieldHockeyPenalty/v_FieldHockeyPenalty_g09_c03.avi
0.6169132427566199,0.6526568927556896,9.300537618869138,0.7334302325581395,363.27441860465115,347.12436488156436,0.2691860465116279,160,158,FieldHockeyPenalty/v_FieldHockeyPenalty_g09_c04.avi
1.1061731092415075,2.2424357592834334,17.724012666436458,0.8402616279069768,351.66511627906976,313.85334961124084,0.18546511627906978,148,146,FieldHockeyPenalty/v_FieldHockeyPenalty_g09_c05.avi
4.5433748087901265,28.106269862682673,318.0,0.7585755813953489,262.13953488372096,238.0155927465286,0.2819767441860465,187,184,FieldHockeyPenalty/v_FieldHockeyPenalty_g10_c01.avi
3.480528931191624,14.972594693950427,258.25,0.6313953488372093,231.7767441860465,202.30694252558618,0.3261627906976744,204,201,FieldHockeyPenalty/v_FieldHockeyPenalty_g10_c02.avi
1.6572662627957477,9.699605066547283,249.0020080240318,0.7765988372093023,311.5906976744186,303.50139635244733,0.28488372093023256,158,156,FieldHockeyPenalty/v_FieldHockeyPenalty_g10_c03.avi
2.111942295427911,9.952093253844868,96.625,0.6786337209302326,476.68837209302325,708.3424546930713,0.28081395348837207,169,166,FieldHockeyPenalty/v_FieldHockeyPenalty_g10_c04.avi
1.5693056455884187,3.7476194713526514,211.0852908186641,0.5478197674418605,281.89767441860465,225.696500769746,0.17209302325581396,179,176,FieldHockeyPenalty/v_FieldHockeyPenalty_g10_c05.avi
2.972681539600386,14.263170102973513,230.5,0.6686046511627907,268.83720930232556,260.1331439262521,0.31453488372093025,142,140,FieldHockeyPenalty/v_FieldHockeyPenalty_g10_c06.avi
1.5606473525975246,6.501088405966851,124.0,0.6969476744186046,276.6511627906977,263.31826032308913,0.2924418604651163,148,146,FieldHockeyPenalty/v_FieldHockeyPenalty_g10_c07.avi
3.755541468461532,5.839880133668283,65.92419889539804,0.4132267441860465,260.2418604651163,217.2015185100009,0.23837209302325582,122,120,FieldHockeyPenalty/v_FieldHockeyPenalty_g11_c01.avi
1.313005043906984,5.7801922228684175,104.17293314484334,0.8430232558139535,217.8232558139535,171.60502626835398,0.3267441860465116,79,77,FieldHockeyPenalty/v_FieldHockeyPenalty_g11_c02.avi
1.8365078939642576,2.4583687423044425,24.698178070456937,0.44811046511627906,223.29302325581395,137.57481752283488,0.24476744186046512,139,137,FieldHockeyPenalty/v_FieldHockeyPenalty_g11_c03.avi
1.9437181502237155,6.106320576014237,98.0,0.629796511627907,227.86976744186046,153.20034539836547,0.24883720930232558,218,215,FieldHockeyPenalty/v_FieldHockeyPenalty_g11_c04.avi
0.5489375113274285,1.1901451963137994,17.240939649566666,0.825,269.1720930232558,246.4504538400058,0.2755813953488372,122,120,FieldHockeyPenalty/v_FieldHockeyPenalty_g12_c01.avi
0.20499747517408112,0.8041399734781923,20.039024427351748,0.9488372093023256,229.9906976744186,152.24307341169526,0.2377906976744186,166,163,FieldHockeyPenalty/v_FieldHockeyPenalty_g12_c02.avi
0.5103447363047461,1.8262073682553754,30.25,0.8835755813953489,188.91162790697675,170.16278554878565,0.461046511627907,246,243,FieldHockeyPenalty/v_FieldHockeyPenalty_g12_c03.avi
0.13225444763424427,0.8498450954299317,15.033296378372908,0.9803779069767442,267.9441860465116,419.38399638003153,0.30988372093023253,203,200,FieldHockeyPenalty/v_FieldHockeyPenalty_g12_c04.avi
0.2210131887461507,1.2419012385808423,19.251623308178456,0.9607558139534884,336.93023255813955,661.3816895851825,0.2854651162790698,144,142,FieldHockeyPenalty/v_FieldHockeyPenalty_g12_c05.avi
0.12301720723121667,0.44791013508152827,15.0,0.9640988372093023,205.7674418604651,150.17584068688964,0.3453488372093023,121,119,FieldHockeyPenalty/v_FieldHockeyPenalty_g12_c06.avi
3.50006382706789,24.770237024150852,320.75009742788853,0.8181686046511628,293.84186046511627,277.54745350187574,0.2680232558139535,127,125,FieldHockeyPenalty/v_FieldHockeyPenalty_g13_c01.avi
0.9972333341048167,1.6538253329345285,17.0,0.7113372093023256,322.4186046511628,280.8096460741432,0.175,141,139,FieldHockeyPenalty/v_FieldHockeyPenalty_g13_c02.avi
0.29832850522552434,0.9419318277275609,26.30589287593181,0.9260174418604651,436.83720930232556,614.7728992768267,0.2837209302325581,182,179,FieldHockeyPenalty/v_FieldHockeyPenalty_g13_c03.avi
2.5559765615973893,7.545861374179759,35.76398327927134,0.8627906976744186,494.66046511627906,618.773092926653,0.20116279069767443,102,100,FieldHockeyPenalty/v_FieldHockeyPenalty_g13_c04.avi
0.8693947793224625,1.8466032346457886,21.14865539461079,0.6082848837209303,354.2325581395349,281.2137180491686,0.07209302325581396,151,149,FieldHockeyPenalty/v_FieldHockeyPenalty_g14_c01.avi
1.2153475401915546,2.0477459061686756,27.688558106192527,0.6344476744186046,356.2418604651163,305.44944714196055,0.14302325581395348,171,168,FieldHockeyPenalty/v_FieldHockeyPenalty_g14_c02.avi
1.0542958933999702,2.125488242091784,30.75,0.5497093023255814,308.353488372093,269.27462539790133,0.19011627906976744,141,139,FieldHockeyPenalty/v_FieldHockeyPenalty_g14_c03.avi
1.2179371909131136,2.9284342109341885,23.098971838590565,0.7638081395348837,314.71627906976744,313.7559241951457,0.3081395348837209,287,284,FieldHockeyPenalty/v_FieldHockeyPenalty_g14_c04.avi
1.0017104055153463,3.058922573983793,45.75017076470863,0.8116279069767441,346.4186046511628,352.2262904069867,0.34069767441860466,111,109,FieldHockeyPenalty/v_FieldHockeyPenalty_g14_c05.avi
1.766341722618442,4.719701374943824,57.80624966212564,0.7292151162790698,320.4093023255814,292.41038365900465,0.2180232558139535,146,144,FieldHockeyPenalty/v_FieldHockeyPenalty_g14_c06.avi
0.44638362521755254,1.146467859255653,19.88914590926418,0.9068313953488372,352.89302325581394,319.2014785442158,0.2,151,149,FieldHockeyPenalty/v_FieldHockeyPenalty_g14_c07.avi
0.5548549795780128,0.911133970526809,15.502015997927495,0.7898255813953489,334.92093023255813,295.0718765870835,0.17732558139534885,94,92,FieldHockeyPenalty/v_FieldHockeyPenalty_g15_c01.avi
0.6586150436509994,1.2042129548197287,42.68782027698299,0.7318313953488372,331.68372093023254,319.2276325177676,0.2686046511627907,98,96,FieldHockeyPenalty/v_FieldHockeyPenalty_g15_c02.avi
0.4321567171300572,0.789275764974816,13.647344063956181,0.8604651162790697,327.3302325581395,328.7815953761485,0.3168604651162791,81,79,FieldHockeyPenalty/v_FieldHockeyPenalty_g15_c03.avi
1.7898205726468812,3.108884870415344,11.502717070327341,0.7002906976744186,279.21860465116276,274.9351612829485,0.31627906976744186,72,70,FieldHockeyPenalty/v_FieldHockeyPenalty_g15_c04.avi
6.05914275135759,21.658911837692678,166.96650113121495,0.8232558139534883,301.54418604651164,304.8193313944825,0.32558139534883723,66,64,FieldHockeyPenalty/v_FieldHockeyPenalty_g15_c05.avi
0.24515475449330687,0.5914378790782924,30.01666203960727,0.9520348837209303,390.06511627906974,600.0628613906508,0.30174418604651165,121,119,FieldHockeyPenalty/v_FieldHockeyPenalty_g15_c06.avi
0.8707872036507257,3.0624385960667166,66.48308055437865,0.8359011627906977,293.1720930232558,270.8386341215532,0.2505813953488372,187,184,FieldHockeyPenalty/v_FieldHockeyPenalty_g16_c01.avi
1.8664584359342111,3.060950718101344,111.83309270962688,0.4965116279069767,310.69767441860466,250.61148796806663,0.12906976744186047,97,95,FieldHockeyPenalty/v_FieldHockeyPenalty_g16_c02.avi
1.239393637639179,1.937569713394697,28.970890562770073,0.6074127906976744,271.1813953488372,304.74999227793563,0.4418604651162791,81,79,FieldHockeyPenalty/v_FieldHockeyPenalty_g16_c03.avi
0.9909632149774721,1.5438665073323778,11.661903789690601,0.6484011627906977,227.646511627907,218.93770097092897,0.3825581395348837,97,95,FieldHockeyPenalty/v_FieldHockeyPenalty_g16_c04.avi
3.1081424956874533,6.933033132016701,61.3616329639295,0.8109011627906977,222.9581395348837,180.79255262568412,0.3209302325581395,105,103,FieldHockeyPenalty/v_FieldHockeyPenalty_g17_c01.avi
0.9813927226318762,1.5353593859022012,16.0,0.709593023255814,310.25116279069766,304.166772165116,0.29186046511627906,63,61,FieldHockeyPenalty/v_FieldHockeyPenalty_g17_c02.avi
1.0726525218464267,1.3599233748800355,16.0,0.6161337209302326,320.9674418604651,566.2631435800646,0.30116279069767443,49,47,FieldHockeyPenalty/v_FieldHockeyPenalty_g17_c03.avi
0.5872763673510913,4.76581966342424,107.00467279516349,0.9401162790697675,186.7906976744186,180.28511761761413,0.4906976744186046,84,82,FieldHockeyPenalty/v_FieldHockeyPenalty_g17_c04.avi
1.0493509843863578,3.3385208721885076,208.1177551291576,0.690406976744186,291.3860465116279,259.60799570353595,0.225,63,61,FieldHockeyPenalty/v_FieldHockeyPenalty_g18_c01.avi
0.11766571920801898,0.2673302483124469,4.177693741767101,0.9777616279069767,233.33953488372094,213.11141549372044,0.3436046511627907,88,86,FieldHockeyPenalty/v_FieldHockeyPenalty_g18_c02.avi
0.3997666462508485,0.9876220857996759,12.252550754842845,0.8340116279069767,443.42325581395346,690.4371398688876,0.20988372093023255,103,101,FieldHockeyPenalty/v_FieldHockeyPenalty_g18_c03.avi
0.19227688564317047,0.6475513490707974,37.90118731649445,0.977906976744186,218.04651162790697,231.14255678606375,0.4558139534883721,96,94,FieldHockeyPenalty/v_FieldHockeyPenalty_g18_c04.avi
0.2424399752629197,0.7832347594025532,15.722694584580596,0.954796511627907,289.04186046511626,273.6150973603529,0.2744186046511628,87,85,FieldHockeyPenalty/v_FieldHockeyPenalty_g19_c01.avi
1.1195177797497828,1.1719395442919738,17.44276354251241,0.5335755813953489,406.5860465116279,578.0980610392957,0.11802325581395348,128,126,FieldHockeyPenalty/v_FieldHockeyPenalty_g19_c02.avi
0.17858479689634574,0.6704751190673828,14.693216972467262,0.9558139534883721,225.52558139534884,229.13462691738442,0.41686046511627906,100,98,FieldHockeyPenalty/v_FieldHockeyPenalty_g19_c03.avi
1.7425008543676146,4.254986312933906,127.251719045363,0.4001453488372093,263.1441860465116,245.56678180621878,0.29767441860465116,77,75,FieldHockeyPenalty/v_FieldHockeyPenalty_g19_c04.avi
2.351834870881478,6.957589457920074,115.00006793476254,0.5428779069767442,202.53023255813955,167.2795119926647,0.3901162790697674,102,100,FieldHockeyPenalty/v_FieldHockeyPenalty_g20_c01.avi
0.14160386707527461,0.3728890902244228,16.977926846349646,0.982703488372093,363.4976744186047,339.50065759320637,0.24011627906976743,100,98,FieldHockeyPenalty/v_FieldHockeyPenalty_g20_c02.avi
6.722074753898912,6.953888566781595,90.18903758218069,0.16555232558139535,274.5302325581395,193.00087424176465,0.12674418604651164,115,113,FieldHockeyPenalty/v_FieldHockeyPenalty_g20_c03.avi
1.282224603259134,2.688071581580022,103.81233067415451,0.7316860465116279,216.14883720930231,207.18906361109717,0.40755813953488373,102,100,FieldHockeyPenalty/v_FieldHockeyPenalty_g20_c04.avi
1.0965329297147102,1.8590217149922972,17.0,0.6334302325581396,444.42790697674417,623.4485660983092,0.32558139534883723,98,96,FieldHockeyPenalty/v_FieldHockeyPenalty_g21_c01.avi
0.6670709134583315,2.8184847579880383,75.53806987208503,0.8257267441860465,554.7162790697674,928.2255081180642,0.34186046511627904,100,98,FieldHockeyPenalty/v_FieldHockeyPenalty_g21_c02.avi
0.9345676287938968,1.9846632043524548,43.278170016764804,0.6818313953488372,351.10697674418606,344.1446190027302,0.29534883720930233,123,121,FieldHockeyPenalty/v_FieldHockeyPenalty_g21_c03.avi
6.220016529530701,13.036610088621304,162.04937519163718,0.5319767441860465,405.3581395348837,484.24896260351983,0.1755813953488372,88,86,FieldHockeyPenalty/v_FieldHockeyPenalty_g21_c04.avi
8.563973142025624,26.023917830557107,318.5,0.5713662790697674,187.12558139534883,170.4566180818973,0.4703488372093023,85,83,FieldHockeyPenalty/v_FieldHockeyPenalty_g22_c01.avi
1.9542616044998982,2.854482753833573,23.58495283014151,0.5081395348837209,253.7674418604651,257.75171370276416,0.3697674418604651,111,109,FieldHockeyPenalty/v_FieldHockeyPenalty_g22_c02.avi
6.647642199253687,15.173626774252302,256.5,0.46497093023255814,268.9488372093023,186.11502366421587,0.13488372093023257,88,86,FieldHockeyPenalty/v_FieldHockeyPenalty_g22_c03.avi
2.138399268694936,5.266813877351505,283.50892843083443,0.5902616279069768,315.6093023255814,272.32551641410856,0.17325581395348838,128,126,FieldHockeyPenalty/v_FieldHockeyPenalty_g22_c04.avi
0.11940449535248028,0.4897828900907687,9.24746586909084,0.9703488372093023,535.7395348837209,851.6678504597672,0.21744186046511627,79,77,FieldHockeyPenalty/v_FieldHockeyPenalty_g23_c01.avi
0.07961638220775165,0.3549314949843471,5.859020822628983,0.977906976744186,282.6790697674419,243.5586635395694,0.21453488372093024,69,67,FieldHockeyPenalty/v_FieldHockeyPenalty_g23_c02.avi
0.13586006927125277,0.6360998213420055,23.58495283014151,0.9539244186046512,257.1162790697674,200.19400001490715,0.2127906976744186,72,70,FieldHockeyPenalty/v_FieldHockeyPenalty_g23_c03.avi
0.4691301499291308,2.944088206111277,67.1863081289633,0.9177325581395349,150.4,126.4209579328173,0.5872093023255814,85,83,FieldHockeyPenalty/v_FieldHockeyPenalty_g23_c04.avi
0.022101434465943502,0.24388839332135753,10.297147663309486,0.9925872093023256,440.07441860465116,404.92042749336093,0.3063953488372093,115,113,FieldHockeyPenalty/v_FieldHockeyPenalty_g24_c01.avi
0.04655810572147944,0.4545837514947304,16.854153790683174,0.9879360465116279,434.71627906976744,402.2305117948075,0.3063953488372093,93,91,FieldHockeyPenalty/v_FieldHockeyPenalty_g24_c02.avi
0.041100005508135216,0.39561265449435323,16.0,0.9902616279069767,534.8465116279069,623.0820989425991,0.1755813953488372,106,104,FieldHockeyPenalty/v_FieldHockeyPenalty_g24_c03.avi
0.02267723180833297,0.2394748563425852,11.510864433221338,0.9938953488372093,509.6186046511628,395.19079128230214,0.13953488372093023,150,148,FieldHockeyPenalty/v_FieldHockeyPenalty_g24_c04.avi
0.049633648055936674,0.45858224417493515,12.963892162464173,0.9879360465116279,403.46046511627907,392.40407160698163,0.33895348837209305,90,88,FieldHockeyPenalty/v_FieldHockeyPenalty_g24_c05.avi
0.17735252216188066,0.5028493738352874,6.5,0.9715116279069768,206.54883720930232,175.0000563084202,0.38546511627906976,79,77,FieldHockeyPenalty/v_FieldHockeyPenalty_g25_c01.avi
1.0251287608938604,0.9629439264150398,14.035668847618199,0.48473837209302323,245.3953488372093,176.27227083900283,0.21337209302325583,167,164,FieldHockeyPenalty/v_FieldHockeyPenalty_g25_c02.avi
1.3073776827859542,2.293108427812429,26.40075756488817,0.6427325581395349,268.5023255813953,432.8229550979337,0.3697674418604651,124,122,FieldHockeyPenalty/v_FieldHockeyPenalty_g25_c03.avi
0.7830677687298134,6.366738961796527,228.0021929719098,0.9196220930232558,261.9162790697674,209.37393379691883,0.21337209302325583,58,56,FieldHockeyPenalty/v_FieldHockeyPenalty_g25_c04.avi
1.8338707041456381,3.1727757268913286,13.953606164715987,0.5534883720930233,350.3255813953488,304.98278418284167,0.15988372093023256,77,75,FieldHockeyPenalty/v_FieldHockeyPenalty_g25_c05.avi
0.9275032472741914,1.0158774458647855,6.823672031978091,0.6364825581395349,263.92558139534884,180.85233356220354,0.1447674418604651,77,75,FieldHockeyPenalty/v_FieldHockeyPenalty_g25_c06.avi
5.018731883335148,9.127621784859375,181.0043162468785,0.40508720930232556,336.93023255813955,301.78734198714636,0.19244186046511627,125,123,FloorGymnastics/v_FloorGymnastics_g08_c01.avi
1.5197352989321815,1.622450875994932,11.0,0.47180232558139534,325.3209302325581,275.2446088086094,0.14825581395348839,148,146,FloorGymnastics/v_FloorGymnastics_g08_c02.avi
0.6716571630573087,0.7999042810250361,5.656854249492381,0.6620639534883721,256.446511627907,114.90107241152985,0.06976744186046512,161,159,FloorGymnastics/v_FloorGymnastics_g08_c03.avi
3.9938308183484996,6.538140447458194,160.7657457296174,0.523546511627907,362.8279069767442,319.0861998616219,0.1691860465116279,183,180,FloorGymnastics/v_FloorGymnastics_g08_c04.avi
10.01209666868195,11.18410677408043,47.53222591042839,0.30697674418604654,242.3813953488372,167.7747760177925,0.21046511627906977,158,156,FloorGymnastics/v_FloorGymnastics_g09_c01.avi
11.53603954846025,19.789445965553714,263.8182376182511,0.40944767441860463,240.8186046511628,246.9431337004006,0.3953488372093023,131,129,FloorGymnastics/v_FloorGymnastics_g09_c02.avi
7.9296532619299445,10.095906064252437,54.02603539035601,0.2770348837209302,250.97674418604652,152.41093294912585,0.14709302325581394,154,152,FloorGymnastics/v_FloorGymnastics_g09_c03.avi
7.27817699930501,11.606424993950062,211.5892246783848,0.35334302325581396,239.03255813953487,183.93677847252644,0.2558139534883721,143,141,FloorGymnastics/v_FloorGymnastics_g09_c04.avi
15.23797826328117,21.72343225852994,162.51230722625286,0.3133720930232558,244.27906976744185,156.2142722808993,0.1819767441860465,139,137,FloorGymnastics/v_FloorGymnastics_g09_c05.avi
6.940527306215346,8.819699277039206,184.0,0.3521802325581395,229.43255813953488,152.49842960827763,0.24069767441860465,159,157,FloorGymnastics/v_FloorGymnastics_g09_c06.avi
4.866569892774473,4.603103900648503,40.98856547867954,0.20479651162790696,251.08837209302325,157.87138304874006,0.1558139534883721,150,148,FloorGymnastics/v_FloorGymnastics_g09_c07.avi
2.6223509685472335,4.1880023516203995,25.86745058949567,0.6398255813953488,242.26976744186047,205.6994008367479,0.2877906976744186,200,197,FloorGymnastics/v_FloorGymnastics_g10_c01.avi
4.059753172077845,6.733049569651576,65.00192304847603,0.4872093023255814,265.8232558139535,192.41801979775192,0.16046511627906976,155,153,FloorGymnastics/v_FloorGymnastics_g10_c02.avi
3.8924501593138037,7.780039482659114,54.3323108288245,0.676889534883721,347.0883720930233,330.5133239472385,0.25813953488372093,158,156,FloorGymnastics/v_FloorGymnastics_g10_c03.avi
7.5926508584379135,14.53637278601454,65.65546911720303,0.4575581395348837,366.4,322.818932616744,0.17151162790697674,138,136,FloorGymnastics/v_FloorGymnastics_g10_c04.avi
2.349410963556957,4.074574425724956,25.544079548889602,0.5222383720930233,339.72093023255815,305.09154749455615,0.1941860465116279,127,125,FloorGymnastics/v_FloorGymnastics_g10_c05.avi
9.742421125736259,19.14828093456615,164.12804643021863,0.345203488372093,298.9767441860465,412.2316738771284,0.15755813953488373,141,139,FloorGymnastics/v_FloorGymnastics_g11_c01.avi
5.700398540122008,7.4731579077782655,128.89142717807107,0.44375,284.68837209302325,424.92436602475027,0.2691860465116279,146,144,FloorGymnastics/v_FloorGymnastics_g11_c02.avi
2.735758761789972,4.687871729079928,92.5102190301158,0.4880813953488372,288.706976744186,449.25747804486457,0.3691860465116279,181,178,FloorGymnastics/v_FloorGymnastics_g11_c03.avi
1.9392709236787893,2.086287572566665,24.491388792798173,0.3800872093023256,299.0883720930233,547.9177553328399,0.2686046511627907,182,179,FloorGymnastics/v_FloorGymnastics_g11_c04.avi
2.084159024907357,1.4667320686556204,18.26369349282888,0.1553779069767442,247.51627906976745,130.33933695645263,0.12790697674418605,133,131,FloorGymnastics/v_FloorGymnastics_g12_c01.avi
13.177290726036288,14.967654297937418,51.119956963988145,0.18619186046511627,274.4186046511628,183.97196861278158,0.10872093023255813,140,138,FloorGymnastics/v_FloorGymnastics_g12_c02.avi
9.723578521892092,20.01829200565828,107.81262681151962,0.2119186046511628,301.7674418604651,419.5353374926644,0.18023255813953487,144,142,FloorGymnastics/v_FloorGymnastics_g12_c03.avi
3.6382099691541043,4.749390527086389,21.762927192820364,0.47761627906976745,205.2093023255814,165.2837670020773,0.37383720930232556,154,152,FloorGymnastics/v_FloorGymnastics_g12_c04.avi
2.8266546968025654,4.954869091377627,26.590059232728308,0.5835755813953488,220.05581395348838,139.01847510200332,0.2616279069767442,192,189,FloorGymnastics/v_FloorGymnastics_g12_c05.avi
10.732843199433079,15.805401143546405,197.05428344748054,0.3851744186046512,303.10697674418606,422.13766375511597,0.1872093023255814,171,168,FloorGymnastics/v_FloorGymnastics_g12_c06.avi
10.31594529882766,27.531921918668086,211.8208632901868,0.4883720930232558,343.4046511627907,288.3923989849943,0.12848837209302325,137,135,FloorGymnastics/v_FloorGymnastics_g13_c01.avi
5.548108001303775,11.886577593809738,238.0756182392477,0.4427325581395349,305.1162790697674,236.3982852515551,0.11162790697674418,114,112,FloorGymnastics/v_FloorGymnastics_g13_c02.avi
3.721614486137415,7.320452366079782,162.0,0.5216569767441861,277.4325581395349,206.3424876165389,0.14418604651162792,89,87,FloorGymnastics/v_FloorGymnastics_g13_c03.avi
7.9102259877621,19.65670088736395,254.0,0.5754360465116279,295.6279069767442,274.34531145779596,0.2517441860465116,125,123,FloorGymnastics/v_FloorGymnastics_g13_c04.avi
6.788163893069592,16.157838798944823,189.40168953839878,0.34186046511627904,326.10232558139535,302.967599379309,0.23255813953488372,142,140,FloorGymnastics/v_FloorGymnastics_g14_c01.avi
12.503813668694749,30.027440466749773,319.02507738420815,0.7155523255813954,303.553488372093,308.775866140939,0.3313953488372093,167,164,FloorGymnastics/v_FloorGymnastics_g14_c02.avi
3.2865200934308945,3.086663582385327,10.660968530110198,0.38284883720930235,350.66046511627906,310.34838798576845,0.17674418604651163,118,116,FloorGymnastics/v_FloorGymnastics_g14_c03.avi
9.796865409850962,27.324956840768138,258.43567865138124,0.5718023255813953,215.5906976744186,213.4515900826592,0.42441860465116277,167,164,FloorGymnastics/v_FloorGymnastics_g14_c04.avi
3.1045342905188074,3.9400370790382637,20.83941577875925,0.45959302325581397,365.1720930232558,554.8856518806925,0.08953488372093023,174,171,FloorGymnastics/v_FloorGymnastics_g14_c05.avi
2.036831495224656,2.7134693370397756,15.524174696260024,0.5850290697674418,336.93023255813955,291.67530492758056,0.15988372093023256,153,151,FloorGymnastics/v_FloorGymnastics_g15_c01.avi
2.440419986438465,2.9459745703505567,21.18962010041709,0.4720930232558139,380.0186046511628,464.14071606036646,0.14011627906976745,198,195,FloorGymnastics/v_FloorGymnastics_g15_c02.avi
11.141648748434733,32.72641077650555,191.26160095534075,0.7037790697674419,267.72093023255815,286.4550231006602,0.39709302325581397,164,161,FloorGymnastics/v_FloorGymnastics_g15_c03.avi
3.1426734328723733,4.078039983599427,122.0,0.4004360465116279,219.49767441860465,195.58505850619247,0.36686046511627907,151,149,FloorGymnastics/v_FloorGymnastics_g15_c04.avi
6.437254958282978,20.749408644232393,319.0767932645682,0.7954941860465117,177.07906976744187,143.1708307275881,0.4738372093023256,162,160,FloorGymnastics/v_FloorGymnastics_g15_c05.avi
11.555912320243122,30.797953880284236,383.0,0.71875,239.5906976744186,240.30952890159932,0.38313953488372093,167,164,FloorGymnastics/v_FloorGymnastics_g15_c06.avi
8.602506163465014,15.88366138604658,96.77753161245641,0.31555232558139534,292.6139534883721,215.63137104186205,0.10697674418604651,178,175,FloorGymnastics/v_FloorGymnastics_g16_c01.avi
4.113024568640871,5.844827635888913,94.29773327074199,0.41104651162790695,236.5767441860465,184.97266276613695,0.2686046511627907,181,178,FloorGymnastics/v_FloorGymnastics_g16_c02.avi
4.353980705680074,15.448614640513151,322.0000970496748,0.5784883720930233,254.9953488372093,199.06730187562474,0.2191860465116279,145,143,FloorGymnastics/v_FloorGymnastics_g16_c03.avi
16.80340528802437,29.170081564520096,174.0,0.5579941860465116,232.66976744186047,256.24377522548014,0.4563953488372093,166,163,FloorGymnastics/v_FloorGymnastics_g16_c04.avi
3.8745826337785925,6.714582972453553,74.0,0.4806686046511628,354.34418604651165,304.556425674597,0.14593023255813953,177,174,FloorGymnastics/v_FloorGymnastics_g17_c01.avi
2.9664543301884816,3.6508710802226374,51.0098029794274,0.49287790697674416,341.3953488372093,301.2666391842008,0.17616279069767443,177,174,FloorGymnastics/v_FloorGymnastics_g17_c02.avi
4.505656004661386,13.784372326503737,179.2172651420616,0.4341569767441861,364.3906976744186,325.41476347203394,0.1866279069767442,152,150,FloorGymnastics/v_FloorGymnastics_g17_c03.avi
9.065687256069351,24.009245644943547,268.0,0.7707848837209302,285.4697674418605,290.42621088619626,0.3395348837209302,167,164,FloorGymnastics/v_FloorGymnastics_g17_c04.avi
3.1633004969132132,7.533360596785445,87.09226429482702,0.6452034883720931,478.69767441860466,635.2929935620336,0.34011627906976744,177,174,FloorGymnastics/v_FloorGymnastics_g17_c05.avi
4.505530024551911,6.932075731229484,113.6719512456789,0.4864825581395349,354.7906976744186,305.6765700783462,0.14825581395348839,152,150,FloorGymnastics/v_FloorGymnastics_g17_c06.avi
6.620879800017808,9.00333669683763,141.4814475470194,0.2988372093023256,241.93488372093023,196.23805060195704,0.2686046511627907,223,220,FloorGymnastics/v_FloorGymnastics_g18_c01.avi
7.260708312434473,15.39641700492474,288.3750270914595,0.5680232558139535,226.75348837209302,164.46833207421156,0.27325581395348836,141,139,FloorGymnastics/v_FloorGymnastics_g18_c02.avi
2.3319288360854094,6.634974828158266,207.00003774154246,0.6436046511627908,197.73023255813953,146.66037897268313,0.37790697674418605,222,219,FloorGymnastics/v_FloorGymnastics_g18_c03.avi
4.906294090074368,7.849778719160351,119.62506530823714,0.35828488372093026,229.65581395348838,168.4296075479489,0.26744186046511625,179,176,FloorGymnastics/v_FloorGymnastics_g18_c04.avi
7.12848887474828,11.62877157013253,253.75,0.4097383720930233,234.2325581395349,131.9938048597846,0.1877906976744186,115,113,FloorGymnastics/v_FloorGymnastics_g18_c05.avi
2.1981946669361134,3.9705170918411206,60.875,0.4931686046511628,235.68372093023257,175.845525404428,0.25465116279069766,157,155,FloorGymnastics/v_FloorGymnastics_g18_c06.avi
8.75472285146304,13.7699504095063,198.0,0.44215116279069766,229.54418604651164,183.1062130483169,0.29593023255813955,106,104,FloorGymnastics/v_FloorGymnastics_g18_c07.avi
4.517783323629616,8.720140024847275,73.0,0.6132267441860465,384.0372093023256,339.19367933945927,0.17965116279069768,140,138,FloorGymnastics/v_FloorGymnastics_g19_c01.avi
5.162311017533154,7.642716437498622,31.779759674988103,0.48997093023255817,350.8837209302326,341.769214209682,0.2872093023255814,100,98,FloorGymnastics/v_FloorGymnastics_g19_c02.avi
3.6737386310317937,9.552565368405858,204.0392119177096,0.6238372093023256,259.3488372093023,266.3279045297471,0.37093023255813956,174,171,FloorGymnastics/v_FloorGymnastics_g19_c03.avi
3.1374895719338025,7.005733255581553,58.875,0.49607558139534885,288.706976744186,269.83009761557736,0.26453488372093026,121,119,FloorGymnastics/v_FloorGymnastics_g19_c04.avi
2.1382319878144833,2.7772954532423944,66.38618079088448,0.5588662790697675,357.24651162790695,306.90389325835145,0.1447674418604651,136,134,FloorGymnastics/v_FloorGymnastics_g20_c01.avi
13.525652876719064,31.08347566105328,306.6833923201581,0.47950581395348835,306.6790697674419,239.9403884864773,0.11511627906976744,172,169,FloorGymnastics/v_FloorGymnastics_g20_c02.avi
2.5216368729139536,5.91110164391361,126.0634760745554,0.5289244186046511,367.4046511627907,296.5404540844288,0.08023255813953488,148,146,FloorGymnastics/v_FloorGymnastics_g20_c03.avi
8.001881165076252,13.080128985353557,173.4156855650607,0.32296511627906976,245.3953488372093,125.06187111295618,0.1296511627906977,139,137,FloorGymnastics/v_FloorGymnastics_g20_c04.avi
4.414758365409063,7.8668618756031385,63.75441161206023,0.2670058139534884,242.93953488372094,112.35951877900148,0.12383720930232558,119,117,FloorGymnastics/v_FloorGymnastics_g20_c05.avi
7.80440602216519,11.80939513699397,383.03263568526376,0.11366279069767442,286.3627906976744,203.11911618470054,0.10232558139534884,137,135,FloorGymnastics/v_FloorGymnastics_g21_c01.avi
3.7205674914713938,4.355011042740837,44.65930054311196,0.08924418604651163,262.13953488372096,150.95688301636406,0.09825581395348837,115,113,FloorGymnastics/v_FloorGymnastics_g21_c02.avi
2.0485852540222353,1.7442423560626217,14.073467945037569,0.36686046511627907,258.0093023255814,135.9074237135098,0.09186046511627907,182,179,FloorGymnastics/v_FloorGymnastics_g21_c03.avi
2.035567027037873,3.192686122436922,22.02271554554524,0.6796511627906977,358.80930232558137,342.8928585893942,0.2668604651162791,198,195,FloorGymnastics/v_FloorGymnastics_g21_c04.avi
8.415942547621329,12.593011680831843,66.5,0.5361918604651162,320.1860465116279,279.0334860136469,0.17732558139534885,169,166,FloorGymnastics/v_FloorGymnastics_g21_c05.avi
5.181395227912853,12.081972807099564,298.10736320996836,0.4681686046511628,241.48837209302326,165.64242408117994,0.21046511627906977,103,101,FloorGymnastics/v_FloorGymnastics_g22_c01.avi
22.619537228288003,43.26573752173596,319.62634434601915,0.6353197674418605,240.8186046511628,260.4598431359911,0.4325581395348837,164,161,FloorGymnastics/v_FloorGymnastics_g22_c02.avi
4.329422980670495,7.129486627798234,188.0,0.38372093023255816,296.52093023255816,269.96121733362173,0.23546511627906977,151,149,FloorGymnastics/v_FloorGymnastics_g22_c03.avi
8.463163251057136,21.22690443926638,164.50004749239437,0.6444767441860465,299.7581395348837,285.33315837973913,0.26976744186046514,130,128,FloorGymnastics/v_FloorGymnastics_g22_c04.avi
3.5283888819182807,9.983404855843922,286.1485628130954,0.6972383720930233,369.86046511627904,364.9737538442079,0.3186046511627907,141,139,FloorGymnastics/v_FloorGymnastics_g23_c01.avi
3.53918241944751,5.064934315701227,138.43771162512041,0.4619186046511628,342.95813953488374,316.3086410252435,0.22151162790697673,121,119,FloorGymnastics/v_FloorGymnastics_g23_c02.avi
2.1251398615468253,4.909504285691112,139.38307151515926,0.7138081395348838,359.0325581395349,350.1863873949296,0.2936046511627907,150,148,FloorGymnastics/v_FloorGymnastics_g23_c03.avi
6.566949425086365,20.085493154494838,319.0,0.37049418604651163,245.28372093023256,171.39533646776644,0.20465116279069767,145,143,FloorGymnastics/v_FloorGymnastics_g23_c04.avi
7.67412128831047,6.488058195861182,76.63152500766247,0.3168604651162791,361.153488372093,303.65244770865775,0.12209302325581395,176,173,FloorGymnastics/v_FloorGymnastics_g24_c01.avi
5.18138733726469,12.026739012661539,178.01123560045303,0.3861918604651163,365.3953488372093,312.6777179896321,0.13953488372093023,100,98,FloorGymnastics/v_FloorGymnastics_g24_c02.avi
12.204243677612705,21.521186302725887,255.28219679405768,0.43982558139534883,322.1953488372093,267.65548661152155,0.13662790697674418,93,91,FloorGymnastics/v_FloorGymnastics_g24_c03.avi
3.554393720226235,20.61130693794177,339.5092045880347,0.5883720930232558,283.2372093023256,221.12426162812645,0.1558139534883721,117,115,FloorGymnastics/v_FloorGymnastics_g24_c04.avi
12.513168122440694,24.536435209520302,324.75240568777934,0.4559593023255814,329.1162790697674,274.4951568431413,0.13313953488372093,169,166,FloorGymnastics/v_FloorGymnastics_g25_c01.avi
7.2004082536263745,9.462007532844357,48.041648597857254,0.3824127906976744,349.65581395348835,283.56562367697927,0.0936046511627907,147,145,FloorGymnastics/v_FloorGymnastics_g25_c02.avi
2.695235798333374,8.309181201315509,108.125,0.6883720930232559,314.6046511627907,272.8971302511203,0.17848837209302326,140,138,FloorGymnastics/v_FloorGymnastics_g25_c03.avi
4.237328535415829,16.80866592263627,241.04680562081714,0.8950581395348837,266.9395348837209,259.2709475644089,0.31976744186046513,166,163,FloorGymnastics/v_FloorGymnastics_g25_c04.avi
2.7265163982776155,5.433894700713356,34.0,0.4943313953488372,312.5953488372093,274.0257312255832,0.18895348837209303,150,148,FloorGymnastics/v_FloorGymnastics_g25_c05.avi
1.3350700836536582,4.094310911466821,84.11896337925236,0.8116279069767441,389.28372093023256,677.513201426426,0.2453488372093023,75,73,FrisbeeCatch/v_FrisbeeCatch_g08_c01.avi
8.040548488161724,16.223356684752762,158.78306742219084,0.663953488372093,554.4930232558139,1024.0462374634033,0.16627906976744186,78,76,FrisbeeCatch/v_FrisbeeCatch_g08_c02.avi
6.1344977503076645,17.040500353160503,240.03333101883996,0.7427325581395349,308.4651162790698,548.5861467545758,0.23837209302325582,80,78,FrisbeeCatch/v_FrisbeeCatch_g08_c03.avi
2.421778458006017,10.274782969156773,145.01379244747721,0.7927325581395349,1168.3348837209303,1625.295084318139,0.1622093023255814,135,133,FrisbeeCatch/v_FrisbeeCatch_g08_c04.avi
1.9812199664536876,9.882504186312815,312.19034658361875,0.8547965116279069,393.4139534883721,682.411981403785,0.2703488372093023,117,115,FrisbeeCatch/v_FrisbeeCatch_g08_c05.avi
1.6160068765273259,3.0509660251064097,42.190046219457976,0.6248546511627907,353.2279069767442,321.00814908556475,0.2052325581395349,73,71,FrisbeeCatch/v_FrisbeeCatch_g09_c01.avi
1.0162661437641538,2.257827087653575,25.0,0.8683139534883721,362.26976744186044,362.7933767342941,0.3325581395348837,73,71,FrisbeeCatch/v_FrisbeeCatch_g09_c02.avi
1.7143210794999357,1.8177118937095995,9.013878188659973,0.3412790697674419,422.3255813953488,333.81597220486714,0.06162790697674419,70,68,FrisbeeCatch/v_FrisbeeCatch_g09_c03.avi
5.158146726476199,8.74729424531559,98.0,0.5309593023255814,333.13488372093025,278.211121844562,0.1308139534883721,67,65,FrisbeeCatch/v_FrisbeeCatch_g09_c04.avi
8.70474066406794,18.312818994771817,244.0,0.35247093023255816,302.54883720930235,237.95527464464004,0.125,76,74,FrisbeeCatch/v_FrisbeeCatch_g09_c05.avi
6.649150659905108,15.638819283890326,282.5004424775296,0.6398255813953488,356.13023255813954,369.06406044736923,0.37616279069767444,137,135,FrisbeeCatch/v_FrisbeeCatch_g10_c01.avi
13.942932811887887,34.76566774250287,236.3882201485514,0.5989825581395349,353.33953488372094,362.3452177262534,0.3581395348837209,94,92,FrisbeeCatch/v_FrisbeeCatch_g10_c02.avi
12.75659134660681,18.810794861084222,198.25236442474022,0.42281976744186045,347.9813953488372,297.9219807778727,0.14418604651162792,139,137,FrisbeeCatch/v_FrisbeeCatch_g10_c03.avi
5.511063950168257,11.259231983588682,240.75392649965235,0.4122093023255814,350.10232558139535,296.5731232536963,0.13313953488372093,71,69,FrisbeeCatch/v_FrisbeeCatch_g10_c04.avi
4.060648038348532,11.022351934129984,268.5,0.34578488372093025,462.95813953488374,530.83505353514,0.30348837209302326,76,74,FrisbeeCatch/v_FrisbeeCatch_g10_c05.avi
8.808559912428686,14.480345302695238,221.11083193728885,0.5109011627906976,349.09767441860464,312.6770006552732,0.18953488372093022,94,92,FrisbeeCatch/v_FrisbeeCatch_g10_c06.avi
3.8527864203033535,4.577616157423042,30.055157627269235,0.47747093023255816,343.51627906976745,310.5115186645481,0.2,72,70,FrisbeeCatch/v_FrisbeeCatch_g11_c01.avi
2.695245451908013,7.833783547685782,206.05733425432834,0.6968023255813953,269.84186046511627,274.9435005237614,0.35348837209302325,106,104,FrisbeeCatch/v_FrisbeeCatch_g11_c02.avi
10.222775493111007,37.836321996179194,383.00522189651673,0.6319767441860465,195.72093023255815,195.89346007832992,0.4790697674418605,82,80,FrisbeeCatch/v_FrisbeeCatch_g11_c03.avi
17.749185381526818,41.716139608429565,235.50849241587872,0.620203488372093,212.68837209302325,215.18478939209905,0.4418604651162791,85,83,FrisbeeCatch/v_FrisbeeCatch_g11_c04.avi
1.7298996759835372,2.9353437595550536,74.10802925459562,0.502906976744186,426.1209302325581,372.8329313220661,0.20232558139534884,69,67,FrisbeeCatch/v_FrisbeeCatch_g12_c01.avi
3.733869559099511,6.139122157042433,99.53014618697192,0.4292151162790698,366.95813953488374,361.9203986954694,0.31511627906976747,73,71,FrisbeeCatch/v_FrisbeeCatch_g12_c02.avi
2.464733494580123,11.561589972508537,185.0,0.8616279069767442,401.7860465116279,372.7376667005807,0.2616279069767442,82,80,FrisbeeCatch/v_FrisbeeCatch_g12_c03.avi
1.5407931691945207,3.941121709684743,74.33034373659252,0.70625,341.73023255813956,346.10440926005015,0.3325581395348837,78,76,FrisbeeCatch/v_FrisbeeCatch_g12_c04.avi
5.157825879532982,26.30847675564349,257.0,0.6010174418604651,349.65581395348835,358.9527048604914,0.3563953488372093,73,71,FrisbeeCatch/v_FrisbeeCatch_g12_c05.avi
3.855231126087612,6.782595482963791,44.230221568515795,0.4248546511627907,374.10232558139535,366.61697742211356,0.3127906976744186,113,111,FrisbeeCatch/v_FrisbeeCatch_g13_c01.avi
6.163536361051933,14.976004991434186,69.87186933952748,0.4739825581395349,470.66046511627906,522.6870032062342,0.2424418604651163,74,72,FrisbeeCatch/v_FrisbeeCatch_g13_c02.avi
2.4806527583593314,9.664339233817827,313.0063897111367,0.4906976744186046,452.68837209302325,527.705106695239,0.3058139534883721,111,109,FrisbeeCatch/v_FrisbeeCatch_g13_c03.avi
4.961823807990372,9.551232588554695,73.33570071936315,0.5107558139534883,388.83720930232556,379.13248161489383,0.32209302325581396,72,70,FrisbeeCatch/v_FrisbeeCatch_g13_c04.avi
7.391727993572558,24.085037446112963,306.0043147163125,0.6834302325581395,364.83720930232556,337.4261628262602,0.22848837209302325,128,126,FrisbeeCatch/v_FrisbeeCatch_g14_c01.avi
10.083742720925414,17.527808198558404,169.799882214329,0.5370639534883721,391.4046511627907,383.7641947702638,0.33430232558139533,66,64,FrisbeeCatch/v_FrisbeeCatch_g14_c02.avi
9.722476018013392,28.598833220730334,317.0141952657641,0.622093023255814,309.13488372093025,351.1208570065106,0.4627906976744186,87,85,FrisbeeCatch/v_FrisbeeCatch_g14_c03.avi
4.518297513716414,8.495738491489178,283.3796592029851,0.4949127906976744,327.4418604651163,360.44580293346826,0.43488372093023253,67,65,FrisbeeCatch/v_FrisbeeCatch_g14_c04.avi
9.8433365507644,23.95678937507607,286.0069929215018,0.4457848837209302,393.4139534883721,324.3308256340476,0.10058139534883721,72,70,FrisbeeCatch/v_FrisbeeCatch_g14_c05.avi
6.0394709161968825,13.667567385865688,144.01388821915754,0.4745639534883721,388.0558139534884,345.3066539423989,0.19127906976744186,87,85,FrisbeeCatch/v_FrisbeeCatch_g15_c01.avi
3.502080520292525,12.207775735430587,231.25489859676486,0.7453488372093023,298.9767441860465,300.3428651865555,0.32034883720930235,124,122,FrisbeeCatch/v_FrisbeeCatch_g15_c02.avi
3.473432370704264,6.764644330264598,43.0,0.629796511627907,339.72093023255815,318.15911812432205,0.23837209302325582,79,77,FrisbeeCatch/v_FrisbeeCatch_g15_c03.avi
12.155644872129722,33.15198542587245,207.51976562486766,0.6968023255813953,248.6325581395349,276.3588665594322,0.44534883720930235,83,81,FrisbeeCatch/v_FrisbeeCatch_g15_c04.avi
2.191795215901577,3.8611485170036,43.40596877158716,0.6079941860465117,395.7581395348837,377.7158487987339,0.29767441860465116,92,90,FrisbeeCatch/v_FrisbeeCatch_g16_c01.avi
2.304902984690048,6.530991767181942,128.65190437766555,0.7251453488372093,357.9162790697674,498.23664169783893,0.38313953488372093,91,89,FrisbeeCatch/v_FrisbeeCatch_g16_c02.avi
1.1031167725746522,9.06578006656237,319.0,0.8662790697674418,439.7395348837209,383.9669645065078,0.21744186046511627,102,100,FrisbeeCatch/v_FrisbeeCatch_g16_c03.avi
4.2178739861273815,23.267885788333935,335.8058404792865,0.648546511627907,459.6093023255814,395.5936791497485,0.2255813953488372,121,119,FrisbeeCatch/v_FrisbeeCatch_g16_c04.avi
1.5454298456352373,2.8197154808760296,82.0,0.5630813953488372,442.0837209302326,508.35048563625844,0.2191860465116279,69,67,FrisbeeCatch/v_FrisbeeCatch_g16_c05.avi
2.3001273620514895,4.061841187800407,17.92214063665387,0.6290697674418605,404.4651162790698,368.6679572957411,0.23837209302325582,119,117,FrisbeeCatch/v_FrisbeeCatch_g16_c06.avi
12.553319006519173,18.87834210069067,127.09838708654017,0.3380813953488372,312.8186046511628,264.34466512386507,0.15988372093023256,136,134,FrisbeeCatch/v_FrisbeeCatch_g17_c01.avi
10.008971501016429,15.142408713138618,255.5826676439543,0.33648255813953487,348.53953488372093,296.1250632556383,0.13662790697674418,108,106,FrisbeeCatch/v_FrisbeeCatch_g17_c02.avi
8.787015791013014,18.425781024399683,94.00531899844816,0.3167151162790698,374.4372093023256,318.21118409828915,0.13197674418604652,153,151,FrisbeeCatch/v_FrisbeeCatch_g17_c03.avi
11.842761741727006,16.48222746418572,309.19573088902763,0.3276162790697674,359.36744186046514,461.92113477727025,0.18953488372093022,147,145,FrisbeeCatch/v_FrisbeeCatch_g17_c04.avi
5.412093310499964,13.055353454079347,312.3589681760394,0.4484011627906977,314.49302325581397,289.7199910381384,0.2302325581395349,130,128,FrisbeeCatch/v_FrisbeeCatch_g17_c05.avi
9.117895585571983,13.496122861363116,157.31814898478814,0.4956395348837209,387.9441860465116,318.25184798405763,0.0941860465116279,110,108,FrisbeeCatch/v_FrisbeeCatch_g18_c01.avi
4.206091155114245,10.928008815997316,150.0,0.583139534883721,334.25116279069766,301.2150158183716,0.1994186046511628,137,135,FrisbeeCatch/v_FrisbeeCatch_g18_c02.avi
4.620546432995018,9.67785921575255,125.4830665866913,0.4898255813953488,399.7767441860465,509.40617176400616,0.32558139534883723,95,93,FrisbeeCatch/v_FrisbeeCatch_g18_c03.avi
6.914372949894226,9.965674055139896,40.91091694156952,0.5164244186046512,329.2279069767442,285.9013639681963,0.16744186046511628,75,73,FrisbeeCatch/v_FrisbeeCatch_g18_c04.avi
3.285598677310775,8.45569175490908,102.60855532069438,0.49956395348837207,359.70232558139537,367.72677514342405,0.3598837209302326,101,99,FrisbeeCatch/v_FrisbeeCatch_g18_c05.avi
2.053274097713531,7.868863356268783,190.90057949100103,0.823110465116279,442.0837209302326,607.1108342665523,0.22151162790697673,74,72,FrisbeeCatch/v_FrisbeeCatch_g19_c01.avi
2.236385219265902,3.4719888020977296,18.76207944232195,0.5978197674418605,338.04651162790697,311.62335296915444,0.22151162790697673,97,95,FrisbeeCatch/v_FrisbeeCatch_g19_c02.avi
6.445193034417367,8.710824391846067,65.27059062089143,0.42601744186046514,356.8,292.1716475428562,0.09825581395348837,99,97,FrisbeeCatch/v_FrisbeeCatch_g19_c03.avi
4.340297599898222,9.325950679654424,82.70448143843234,0.5479651162790697,357.9162790697674,316.7887308089573,0.17616279069767443,94,92,FrisbeeCatch/v_FrisbeeCatch_g19_c04.avi
0.4760721300845123,0.9550689259236397,14.637281168304447,0.8245639534883721,365.84186046511627,355.99439911491567,0.29534883720930233,152,150,FrisbeeCatch/v_FrisbeeCatch_g19_c05.avi
3.096931732668623,8.80584055542238,70.0,0.7013081395348837,408.8186046511628,609.6474006688121,0.31569767441860463,132,130,FrisbeeCatch/v_FrisbeeCatch_g19_c06.avi
5.479952790073586,17.002420667431025,175.0,0.588953488372093,369.6372093023256,358.586577410796,0.2941860465116279,77,75,FrisbeeCatch/v_FrisbeeCatch_g20_c01.avi
3.2272384426992873,9.456387190966513,174.62571581814632,0.7104651162790697,448.6697674418605,384.61288029737585,0.20116279069767443,112,110,FrisbeeCatch/v_FrisbeeCatch_g20_c02.avi
5.462707783531882,14.919260755043219,139.625,0.6683139534883721,510.7348837209302,624.735791181461,0.21744186046511627,76,74,FrisbeeCatch/v_FrisbeeCatch_g20_c03.avi
3.4093754791317092,9.81668752086295,115.0,0.6046511627906976,374.4372093023256,352.10349233306715,0.2552325581395349,132,130,FrisbeeCatch/v_FrisbeeCatch_g20_c04.avi
1.3115179260476277,2.210337441519388,32.25,0.6024709302325582,381.4697674418605,369.82620401888187,0.30465116279069765,87,85,FrisbeeCatch/v_FrisbeeCatch_g20_c05.avi
3.0581083710885935,11.594251418680434,269.0,0.7148255813953488,373.3209302325581,374.01311291409667,0.3447674418604651,98,96,FrisbeeCatch/v_FrisbeeCatch_g20_c06.avi
10.348840332099751,24.74035559944431,339.5,0.5901162790697675,345.19069767441863,298.94860086640034,0.1563953488372093,145,143,FrisbeeCatch/v_FrisbeeCatch_g21_c01.avi
11.545694355888394,28.924102337310075,188.0,0.5363372093023255,382.47441860465113,326.72386185237787,0.13895348837209304,110,108,FrisbeeCatch/v_FrisbeeCatch_g21_c02.avi
8.290366291330198,17.57352010852832,323.03869737231173,0.528343023255814,358.47441860465113,369.55271272868106,0.37093023255813956,139,137,FrisbeeCatch/v_FrisbeeCatch_g21_c03.avi
3.7032856521224415,20.300256684892783,278.94981627525766,0.9120639534883721,265.71162790697673,291.6457401913639,0.42151162790697677,83,81,FrisbeeCatch/v_FrisbeeCatch_g21_c04.avi
2.9595469551871303,17.677928792562128,339.6344542298381,0.9193313953488372,353.7860465116279,362.6980174998527,0.3581395348837209,89,87,FrisbeeCatch/v_FrisbeeCatch_g21_c05.avi
5.738410183191714,9.238033386571969,34.25,0.47063953488372096,252.09302325581396,196.10246656578678,0.225,154,152,FrisbeeCatch/v_FrisbeeCatch_g22_c01.avi
14.142683322587796,24.25189417888903,195.20758181996928,0.28081395348837207,364.6139534883721,663.762015905391,0.21569767441860466,111,109,FrisbeeCatch/v_FrisbeeCatch_g22_c02.avi
6.928016972084018,8.352353589598478,63.788713735268246,0.23401162790697674,220.72558139534883,94.64466739612138,0.20232558139534884,87,85,FrisbeeCatch/v_FrisbeeCatch_g22_c03.avi
6.763804404155986,13.199358534274749,194.5,0.37209302325581395,246.73488372093024,137.25562450240287,0.14127906976744187,87,85,FrisbeeCatch/v_FrisbeeCatch_g22_c04.avi
6.309983940909798,16.635404355325115,255.0,0.4372093023255814,247.06976744186048,158.7786810346676,0.1744186046511628,100,98,FrisbeeCatch/v_FrisbeeCatch_g22_c05.avi
14.143068942124811,37.903600195311746,302.0,0.7196220930232559,216.37209302325581,209.18768953683383,0.41104651162790695,83,81,FrisbeeCatch/v_FrisbeeCatch_g22_c06.avi
2.26758940363561,9.706219070354996,123.0,0.5308139534883721,387.6093023255814,323.8302109051317,0.11453488372093024,109,107,FrisbeeCatch/v_FrisbeeCatch_g23_c01.avi
2.889164882321329,3.7865882330939247,98.6154146165801,0.3321220930232558,329.89767441860465,273.2289077698465,0.12674418604651164,98,96,FrisbeeCatch/v_FrisbeeCatch_g23_c02.avi
6.594455856379625,13.689967726987671,191.73948797782893,0.5677325581395349,317.0604651162791,282.3270593425167,0.19825581395348837,98,96,FrisbeeCatch/v_FrisbeeCatch_g23_c03.avi
5.089086333934813,10.893449344514975,88.68483523128404,0.6421511627906977,318.7348837209302,263.28846933629967,0.13604651162790699,96,94,FrisbeeCatch/v_FrisbeeCatch_g23_c04.avi
2.5050112689823543,9.30058757127232,86.06538212312776,0.617296511627907,421.7674418604651,515.7906929559388,0.3063953488372093,114,112,FrisbeeCatch/v_FrisbeeCatch_g24_c01.avi
3.375327458753712,6.836803361770793,93.6923155867118,0.5265988372093023,359.70232558139537,358.87771415277643,0.325,81,79,FrisbeeCatch/v_FrisbeeCatch_g24_c02.avi
2.286048071823827,5.895482010943879,73.00684899377592,0.5353197674418605,372.09302325581393,363.68091137721575,0.30697674418604654,80,78,FrisbeeCatch/v_FrisbeeCatch_g24_c03.avi
6.7923096607666915,28.812921919094915,297.5016806675216,0.5263081395348838,375.7767441860465,321.9978714628545,0.14127906976744187,117,115,FrisbeeCatch/v_FrisbeeCatch_g24_c04.avi
1.2271902325137345,3.449554675854734,66.12110101926616,0.7156976744186047,468.31627906976746,412.9049132783606,0.28488372093023256,112,110,FrisbeeCatch/v_FrisbeeCatch_g25_c01.avi
0.6253955731709177,1.0432204821809914,15.0,0.8203488372093023,482.71627906976744,413.3206069791301,0.261046511627907,92,90,FrisbeeCatch/v_FrisbeeCatch_g25_c02.avi
0.7680370727535465,4.530307545895689,85.00588214941364,0.8853197674418605,476.0186046511628,421.0168859541362,0.3075581395348837,147,145,FrisbeeCatch/v_FrisbeeCatch_g25_c03.avi
1.7888298960413216,4.195388746103962,67.8008342500297,0.6635174418604651,505.153488372093,412.3036244891633,0.22093023255813954,114,112,FrisbeeCatch/v_FrisbeeCatch_g25_c04.avi
1.4219829108674136,5.975273696006687,93.0,0.6784883720930233,266.49302325581397,206.04600682388684,0.1872093023255814,153,151,FrontCrawl/v_FrontCrawl_g08_c01.avi
1.4708379403349565,5.171600971732967,184.06792224611002,0.6936046511627907,264.3720930232558,224.98423957782012,0.24011627906976743,135,133,FrontCrawl/v_FrontCrawl_g08_c02.avi
1.4712814602888171,4.3272799491719685,120.00416659433121,0.6962209302325582,254.10232558139535,177.9108968104371,0.17965116279069768,137,135,FrontCrawl/v_FrontCrawl_g08_c03.avi
2.2495046031092767,12.192694600627286,185.04323819042943,0.784156976744186,217.93488372093023,185.95477180007788,0.3540697674418605,126,124,FrontCrawl/v_FrontCrawl_g08_c04.avi
1.5782742845022675,3.7419280920543625,52.15361924162119,0.7322674418604651,254.66046511627906,198.1480561547935,0.2186046511627907,130,128,FrontCrawl/v_FrontCrawl_g08_c05.avi
0.7186363454588904,2.357992545606676,113.52973178863765,0.8527616279069767,300.31627906976746,258.23352053972525,0.1877906976744186,107,105,FrontCrawl/v_FrontCrawl_g09_c01.avi
0.3661718623349913,1.9485618715064645,42.2965719651132,0.9370639534883721,387.0511627906977,588.2361115774551,0.23372093023255813,101,99,FrontCrawl/v_FrontCrawl_g09_c02.avi
1.4258881144382507,7.04862345645507,116.52038448271615,0.8027616279069767,295.4046511627907,299.83328542397373,0.3319767441860465,140,138,FrontCrawl/v_FrontCrawl_g09_c03.avi
2.272592839720967,11.64313335198672,212.54764171827455,0.7021802325581395,229.65581395348838,187.68844211460453,0.30465116279069765,118,116,FrontCrawl/v_FrontCrawl_g09_c04.avi
1.291395294227773,4.167452865120354,60.364647145494025,0.8037790697674418,275.5348837209302,418.3824526555849,0.275,130,128,FrontCrawl/v_FrontCrawl_g09_c05.avi
2.986328275412886,12.006723272868284,136.1674061587427,0.6305232558139535,239.03255813953487,200.655191601692,0.29069767441860467,129,127,FrontCrawl/v_FrontCrawl_g09_c06.avi
6.998213183652397,18.588298398813542,288.9238654040195,0.6504360465116279,375.4418604651163,743.38738539158,0.19651162790697674,130,128,FrontCrawl/v_FrontCrawl_g10_c01.avi
1.7539694610339482,7.52935399126883,120.0,0.8453488372093023,512.0744186046512,962.3017338756129,0.14534883720930233,130,128,FrontCrawl/v_FrontCrawl_g10_c02.avi
3.426745229681925,10.2201722650817,153.37535656030275,0.6829941860465116,217.15348837209302,113.17198138917682,0.23953488372093024,141,139,FrontCrawl/v_FrontCrawl_g10_c03.avi
1.769930310986871,5.478297541279646,194.22639013532637,0.7286337209302326,219.60930232558138,126.29473062338815,0.2453488372093023,115,113,FrontCrawl/v_FrontCrawl_g10_c04.avi
1.3982849029899398,6.0156303875347,166.28439493831044,0.8072674418604651,454.25116279069766,848.4830086613521,0.31627906976744186,120,118,FrontCrawl/v_FrontCrawl_g10_c05.avi
3.367407277803483,9.444702775731365,315.75306807693886,0.4053779069767442,259.68372093023254,190.11353392513513,0.1808139534883721,300,297,FrontCrawl/v_FrontCrawl_g11_c01.avi
2.0171436742505446,3.456707298468539,68.06614430096654,0.43561046511627904,248.07441860465116,179.78259233970044,0.20872093023255814,392,388,FrontCrawl/v_FrontCrawl_g11_c02.avi
4.724203652852291,31.14040962481811,323.5665503416569,0.6585755813953489,245.6186046511628,207.4511175325283,0.27732558139534885,262,259,FrontCrawl/v_FrontCrawl_g11_c03.avi
3.342523194367332,8.581383919731124,232.55106965997814,0.45203488372093026,218.26976744186047,157.102785987589,0.2988372093023256,263,260,FrontCrawl/v_FrontCrawl_g11_c04.avi
1.8231041674914668,4.754453652127767,139.08630414242805,0.6308139534883721,240.59534883720931,187.8772953762683,0.2569767441860465,340,336,FrontCrawl/v_FrontCrawl_g11_c05.avi
3.164137062571643,14.529664701706919,368.40195439221003,0.3760174418604651,243.83255813953488,155.07840435762515,0.1819767441860465,350,346,FrontCrawl/v_FrontCrawl_g11_c06.avi
2.1855203410018875,9.883218780652752,257.19447894540815,0.382703488372093,242.04651162790697,157.3983176365237,0.1936046511627907,352,348,FrontCrawl/v_FrontCrawl_g11_c07.avi
0.48010508359616705,1.1978917704593297,56.00892785976178,0.8491279069767442,267.3860465116279,248.09929518323193,0.2872093023255814,75,73,FrontCrawl/v_FrontCrawl_g12_c01.avi
0.5608526170912088,1.0242715042560795,16.0,0.8481104651162791,293.84186046511627,271.2994280182881,0.24941860465116278,75,73,FrontCrawl/v_FrontCrawl_g12_c02.avi
0.5705786156932564,1.5030918654423342,48.26036158173704,0.8204941860465116,299.42325581395346,292.1752300256859,0.2924418604651163,75,73,FrontCrawl/v_FrontCrawl_g12_c03.avi
2.357691500120947,10.122072430704971,170.98830369355676,0.6928779069767442,274.4186046511628,223.90718930241795,0.19709302325581396,87,85,FrontCrawl/v_FrontCrawl_g12_c04.avi
1.0278807356582649,5.002533840300315,142.33762678926468,0.9020348837209302,595.4604651162791,1088.111591006871,0.2761627906976744,75,73,FrontCrawl/v_FrontCrawl_g13_c01.avi
1.2372060954679247,5.915255619059887,50.0,0.8924418604651163,562.5302325581396,1037.3660374224812,0.3081395348837209,75,73,FrontCrawl/v_FrontCrawl_g13_c02.avi
0.40742497983897963,3.2419966693338553,76.71579042152926,0.9569767441860465,512.5209302325582,911.1096573417825,0.21976744186046512,75,73,FrontCrawl/v_FrontCrawl_g13_c03.avi
0.9315381316900939,6.049022733141924,188.50016578242048,0.9130813953488373,272.4093023255814,228.7024265578893,0.21686046511627907,140,138,FrontCrawl/v_FrontCrawl_g13_c04.avi
0.7320962739154266,2.212906298574676,132.0,0.7875,240.14883720930231,154.2597512987135,0.19651162790697674,150,148,FrontCrawl/v_FrontCrawl_g14_c01.avi
0.9184693966425108,2.515017214124773,136.444127759314,0.7283430232558139,251.31162790697675,175.73778194892148,0.1872093023255814,155,153,FrontCrawl/v_FrontCrawl_g14_c02.avi
0.7513346503066936,6.406234703935792,295.0,0.859156976744186,349.54418604651164,568.7679680994398,0.22209302325581395,170,167,FrontCrawl/v_FrontCrawl_g14_c03.avi
0.9067098929036925,4.843464656716964,213.15018179677915,0.7747093023255814,213.13488372093022,158.91298025886343,0.32558139534883723,183,180,FrontCrawl/v_FrontCrawl_g14_c04.avi
0.9194549224761502,3.2696568582022536,167.83790543259292,0.7107558139534884,236.0186046511628,160.3964844128651,0.225,201,198,FrontCrawl/v_FrontCrawl_g14_c05.avi
1.9447217418972802,7.933016955662605,177.7667010438119,0.6643895348837209,254.9953488372093,166.20938035472477,0.15406976744186046,135,133,FrontCrawl/v_FrontCrawl_g14_c06.avi
2.9936368576721684,21.46233010565818,327.8353245152206,0.7456395348837209,233.0046511627907,195.39297308719946,0.3058139534883721,150,148,FrontCrawl/v_FrontCrawl_g14_c07.avi
2.9156628478625053,11.240857489121273,194.09276132818556,0.8770348837209302,253.54418604651164,428.86849141819005,0.4127906976744186,76,74,FrontCrawl/v_FrontCrawl_g15_c01.avi
2.933644474899723,10.814469721130614,158.61904047118682,0.7123546511627907,628.9488372093023,1184.7376364198997,0.2668604651162791,76,74,FrontCrawl/v_FrontCrawl_g15_c02.avi
1.883678656486687,8.182241431900582,295.3404814785809,0.6767441860465117,577.3767441860465,1079.4059530835425,0.18430232558139534,76,74,FrontCrawl/v_FrontCrawl_g15_c03.avi
3.3871423573757253,13.15429351887866,190.01644665659865,0.7603197674418605,188.5767441860465,148.71518719023817,0.4255813953488372,124,122,FrontCrawl/v_FrontCrawl_g15_c04.avi
4.150708782504401,17.553102133003414,370.0939914400124,0.6369186046511628,185.56279069767442,137.295927247401,0.42267441860465116,126,124,FrontCrawl/v_FrontCrawl_g16_c01.avi
2.9234393928423086,6.060480148545385,238.00840321299583,0.5306686046511628,198.9581395348837,127.55895350697452,0.3436046511627907,127,125,FrontCrawl/v_FrontCrawl_g16_c02.avi
2.3087659125463764,10.580474018113861,234.4184293096428,0.7524709302325582,196.27906976744185,183.35457142992357,0.45058139534883723,126,124,FrontCrawl/v_FrontCrawl_g16_c03.avi
2.9924522521656987,5.932850356148409,52.89627231667653,0.5875,238.36279069767443,193.30640459469595,0.2779069767441861,128,126,FrontCrawl/v_FrontCrawl_g16_c04.avi
1.1071679726634611,1.0196621823964271,13.416407864998739,0.42877906976744184,335.36744186046514,296.2571633681527,0.17965116279069768,156,154,FrontCrawl/v_FrontCrawl_g17_c01.avi
1.9097499069025408,4.272243285173239,214.96002535355265,0.5620639534883721,256.33488372093024,216.99589416726667,0.25406976744186044,153,151,FrontCrawl/v_FrontCrawl_g17_c02.avi
0.8164918581099808,4.274968531333994,181.0,0.8,349.65581395348835,322.46748190290845,0.22151162790697673,236,233,FrontCrawl/v_FrontCrawl_g17_c03.avi
1.2019775860972128,3.927643922627911,276.9205662279348,0.6802325581395349,319.51627906976745,292.16584723942566,0.22034883720930232,179,176,FrontCrawl/v_FrontCrawl_g17_c04.avi
2.233474982948715,19.170358407258625,319.00626953086675,0.9613372093023256,190.36279069767443,205.32302063215985,0.5255813953488372,162,160,FrontCrawl/v_FrontCrawl_g17_c05.avi
1.3587365579696193,4.900024196685239,277.1461708196597,0.5992732558139535,255.88837209302326,205.01032669316513,0.22848837209302325,106,104,FrontCrawl/v_FrontCrawl_g17_c06.avi
0.6546123339786423,1.0963665329033336,15.264337522473747,0.7540697674418605,294.51162790697674,284.09631286074597,0.2854651162790698,151,149,FrontCrawl/v_FrontCrawl_g17_c07.avi
1.2186812838903522,4.6641793313799695,144.9413674559475,0.6875,200.96744186046513,112.61208931947664,0.31453488372093025,102,100,FrontCrawl/v_FrontCrawl_g18_c01.avi
1.0725970581603508,4.319581125470109,143.53157318165228,0.7334302325581395,208.0,131.1473518870158,0.3058139534883721,104,102,FrontCrawl/v_FrontCrawl_g18_c02.avi
1.023200582342161,3.565546123954178,195.35864454894235,0.7511627906976744,208.11162790697674,137.49001352200148,0.31453488372093025,102,100,FrontCrawl/v_FrontCrawl_g18_c03.avi
1.3494290317908142,9.344450645058142,320.22023671217283,0.7063953488372093,202.75348837209302,119.35894535672001,0.31453488372093025,105,103,FrontCrawl/v_FrontCrawl_g18_c04.avi
2.282788499735414,15.624540921551128,238.0693176366917,0.7,207.55348837209303,131.30991451760968,0.3081395348837209,102,100,FrontCrawl/v_FrontCrawl_g18_c05.avi
1.7164164430244446,11.501445762144485,398.45325949225213,0.6963662790697674,196.05581395348838,114.2794479932407,0.34011627906976744,104,102,FrontCrawl/v_FrontCrawl_g18_c06.avi
1.1332158686702787,2.225494198923363,37.0,0.6672965116279069,250.97674418604652,157.93573735410783,0.1563953488372093,76,74,FrontCrawl/v_FrontCrawl_g18_c07.avi
2.3292159821967613,9.47076562519975,169.9014420186009,0.7350290697674419,211.7953488372093,164.64658409084984,0.34186046511627904,88,86,FrontCrawl/v_FrontCrawl_g19_c01.avi
2.67456848114079,12.871115888299547,251.20509548972132,0.5204941860465117,203.75813953488372,150.7735622876596,0.3558139534883721,81,79,FrontCrawl/v_FrontCrawl_g19_c02.avi
1.5751295225844244,6.255966727389546,209.0,0.684593023255814,242.6046511627907,182.36050923158746,0.2372093023255814,97,95,FrontCrawl/v_FrontCrawl_g19_c03.avi
2.7261442599808556,9.765757300551721,166.27161513619816,0.6648255813953489,244.16744186046512,165.5966797231043,0.19883720930232557,91,89,FrontCrawl/v_FrontCrawl_g19_c04.avi
2.8632702766938105,18.135255731739655,268.7360461493768,0.7340116279069767,331.3488372093023,324.7312222203071,0.288953488372093,143,141,FrontCrawl/v_FrontCrawl_g20_c01.avi
5.779043255877375,29.02272475205622,257.0,0.8123546511627907,242.04651162790697,206.8274141210911,0.29127906976744183,207,204,FrontCrawl/v_FrontCrawl_g20_c02.avi
4.76804262920866,23.471818218873825,308.0,0.6773255813953488,238.5860465116279,185.2883379422277,0.26046511627906976,234,231,FrontCrawl/v_FrontCrawl_g20_c03.avi
1.6304441099770262,6.36542654445906,167.5,0.7350290697674419,252.2046511627907,220.7333969668075,0.2802325581395349,214,211,FrontCrawl/v_FrontCrawl_g20_c04.avi
2.6274159308220626,14.479012177274393,324.2298567374695,0.763953488372093,200.74418604651163,206.65262314387508,0.47848837209302325,224,221,FrontCrawl/v_FrontCrawl_g20_c05.avi
3.2065666851302823,18.901342877670828,310.0,0.75625,239.03255813953487,207.99775012304005,0.30697674418604654,223,220,FrontCrawl/v_FrontCrawl_g20_c06.avi
8.345150018137087,36.65780159473681,339.0,0.9050872093023256,282.7906976744186,297.39149345363427,0.37209302325581395,244,241,FrontCrawl/v_FrontCrawl_g20_c07.avi
2.3652091515687474,8.650341881476619,139.12943613772032,0.7632267441860465,331.68372093023254,281.40321557329776,0.14534883720930233,171,168,FrontCrawl/v_FrontCrawl_g21_c01.avi
1.7881844903450117,8.449172738007388,244.16592718886884,0.6938953488372093,367.51627906976745,332.57846560098193,0.20290697674418604,173,170,FrontCrawl/v_FrontCrawl_g21_c02.avi
1.0491733339047822,3.8175681423935943,225.00888871331284,0.7292151162790698,360.0372093023256,297.26442462957374,0.10465116279069768,133,131,FrontCrawl/v_FrontCrawl_g21_c03.avi
1.6067584175031067,7.661769770375275,160.0781059358212,0.7364825581395349,334.3627906976744,344.31656406552156,0.35,139,137,FrontCrawl/v_FrontCrawl_g21_c04.avi
1.2001238436223785,4.147759819135685,93.00537618869137,0.736046511627907,323.5348837209302,352.6412861394745,0.4180232558139535,127,125,FrontCrawl/v_FrontCrawl_g21_c05.avi
1.7625038206710724,6.12199760111437,128.41339493993607,0.653343023255814,321.52558139534887,287.3544089140384,0.19825581395348837,113,111,FrontCrawl/v_FrontCrawl_g21_c06.avi
2.2455399231809507,9.345465179509457,128.01611226716736,0.5450581395348837,299.5348837209302,251.940501358925,0.17325581395348838,236,233,FrontCrawl/v_FrontCrawl_g22_c01.avi
1.7233556318850611,3.4589127531114823,31.084562084739105,0.5678779069767442,313.48837209302326,293.19224363079064,0.24476744186046512,241,238,FrontCrawl/v_FrontCrawl_g22_c02.avi
5.363898027219017,21.221715382732803,263.5525623571131,0.5468023255813953,271.293023255814,240.20476283966545,0.2505813953488372,345,341,FrontCrawl/v_FrontCrawl_g22_c03.avi
2.194549456617941,3.389818300086783,58.94117830515437,0.5066860465116279,294.7348837209302,257.8858580067356,0.20755813953488372,154,152,FrontCrawl/v_FrontCrawl_g22_c04.avi
1.9615410113406306,6.863803609741191,187.33075695144137,0.5633720930232559,265.8232558139535,206.39079305813794,0.19069767441860466,136,134,FrontCrawl/v_FrontCrawl_g22_c05.avi
2.716774662937828,7.5531428923933435,179.0111728356641,0.6428779069767442,250.75348837209302,192.31875109493353,0.22267441860465118,139,137,FrontCrawl/v_FrontCrawl_g22_c06.avi
2.248458446877146,7.271441618417255,136.5283853270081,0.6718023255813953,308.353488372093,267.67801844305166,0.18546511627906978,279,276,FrontCrawl/v_FrontCrawl_g23_c01.avi
2.1509924012155093,4.980317678158517,49.64876634922564,0.5239825581395349,336.3720930232558,313.94244941833216,0.23488372093023255,201,198,FrontCrawl/v_FrontCrawl_g23_c02.avi
4.603435689957721,12.562188130209336,124.21377741619486,0.6412790697674419,308.8,250.89004725965813,0.13662790697674418,251,248,FrontCrawl/v_FrontCrawl_g23_c03.avi
1.3783136173823873,4.432999266309819,127.251719045363,0.6478197674418604,298.86511627906975,257.35653568064794,0.19069767441860466,311,308,FrontCrawl/v_FrontCrawl_g23_c04.avi
2.550966247735984,4.673127664193205,25.995792928856776,0.5670058139534884,392.74418604651163,344.6605403111782,0.17616279069767443,216,213,FrontCrawl/v_FrontCrawl_g23_c05.avi
1.4995970464560409,4.22455786000198,109.0,0.6540697674418605,378.90232558139536,321.21847197628233,0.1296511627906977,351,347,FrontCrawl/v_FrontCrawl_g23_c06.avi
0.6138183296405735,1.520551241192682,14.17579362857685,0.8357558139534884,397.09767441860464,474.9977182262806,0.14883720930232558,231,228,FrontCrawl/v_FrontCrawl_g23_c07.avi
4.44924536161887,13.7363829294557,277.5004504500848,0.6934593023255814,282.34418604651165,400.7050677286316,0.1697674418604651,154,152,FrontCrawl/v_FrontCrawl_g24_c01.avi
3.917716103349071,22.11036161487825,355.08669716000344,0.5918604651162791,261.4697674418605,416.9047381763601,0.325,161,159,FrontCrawl/v_FrontCrawl_g24_c02.avi
3.6658602366611737,15.664073883898702,209.41600344768304,0.6559593023255814,222.73488372093024,171.128020735356,0.30348837209302326,224,221,FrontCrawl/v_FrontCrawl_g24_c03.avi
4.005624651430419,9.949740488864437,267.08238429368566,0.5351744186046512,195.72093023255815,135.00978872029043,0.3697674418604651,152,150,FrontCrawl/v_FrontCrawl_g24_c04.avi
4.117542539831753,20.688855233631706,319.03918254659567,0.8058139534883721,603.0511627906977,1193.587047199673,0.3877906976744186,125,123,FrontCrawl/v_FrontCrawl_g24_c05.avi
2.9069512989963626,7.2054044101339185,191.03141102970474,0.7453488372093023,640.7813953488372,1183.7935645097912,0.25406976744186044,110,108,FrontCrawl/v_FrontCrawl_g24_c06.avi
2.6938261144050832,13.286949549700244,263.65507770570247,0.5305232558139535,215.70232558139534,146.781105000914,0.2936046511627907,102,100,FrontCrawl/v_FrontCrawl_g25_c01.avi
1.9245708667886885,6.520653993647496,187.2671887971836,0.6841569767441861,258.5674418604651,183.8275072679267,0.17267441860465116,101,99,FrontCrawl/v_FrontCrawl_g25_c02.avi
3.2418873874464094,10.293495522403074,214.50524469112636,0.5335755813953489,235.7953488372093,137.48638825393178,0.18895348837209303,100,98,FrontCrawl/v_FrontCrawl_g25_c03.avi
3.530090694367398,8.246004908642055,187.45132701584163,0.548546511627907,232.66976744186047,119.25909947221076,0.17732558139534885,100,98,FrontCrawl/v_FrontCrawl_g25_c04.avi
0.5668980519311012,1.8689685354514183,53.5455413643377,0.9034883720930232,212.91162790697675,153.50050861108426,0.3174418604651163,142,140,GolfSwing/v_GolfSwing_g08_c01.avi
0.47749375612554723,0.8890278079109918,16.0,0.8582848837209303,246.9581395348837,417.613099139961,0.38895348837209304,174,171,GolfSwing/v_GolfSwing_g08_c02.avi
0.551640794243106,0.8656441425381195,15.252049042669643,0.8145348837209302,258.45581395348836,179.1645642163905,0.16395348837209303,182,179,GolfSwing/v_GolfSwing_g08_c03.avi
0.6210401922945624,1.2033506224468016,29.427877939124322,0.8152616279069768,333.4697674418605,443.7105255471649,0.18255813953488373,172,169,GolfSwing/v_GolfSwing_g08_c04.avi
0.5474651039705797,0.6425676949847158,6.700046641628698,0.8316860465116279,451.3488372093023,754.3362671209682,0.09883720930232558,169,166,GolfSwing/v_GolfSwing_g08_c05.avi
0.2199015094513573,0.5293562119274041,16.1245154965971,0.9090116279069768,734.8837209302326,1265.903284620931,0.20348837209302326,270,267,GolfSwing/v_GolfSwing_g08_c06.avi
0.48667333825344355,0.8550502901037489,8.246211251235321,0.8405523255813954,330.34418604651165,576.2998029943392,0.3313953488372093,118,116,GolfSwing/v_GolfSwing_g09_c01.avi
0.08621450021894456,0.2534470202509602,2.850438562747845,0.9770348837209303,428.9116279069767,681.2807546151423,0.17383720930232557,202,199,GolfSwing/v_GolfSwing_g09_c02.avi
0.1044345807865042,0.5382081386025671,14.160353985688353,0.9771802325581396,255.33023255813953,199.98176141825016,0.21976744186046512,196,193,GolfSwing/v_GolfSwing_g09_c03.avi
0.11536258644608761,0.34841245307337754,9.676808616480953,0.9859011627906977,299.2,229.89362959906603,0.11686046511627907,259,256,GolfSwing/v_GolfSwing_g09_c04.avi
0.4060924598874118,0.9204053749757325,16.0,0.854360465116279,256.446511627907,243.03894926518316,0.3186046511627907,109,107,GolfSwing/v_GolfSwing_g10_c01.avi
0.06876227255987534,0.4171694858922579,11.74534482252437,0.986046511627907,404.9116279069767,352.3123173188233,0.17325581395348838,150,148,GolfSwing/v_GolfSwing_g10_c02.avi
0.0701308774031175,0.37094573332167147,8.162413858657255,0.9816860465116279,236.5767441860465,222.81455928924424,0.35232558139534886,146,144,GolfSwing/v_GolfSwing_g10_c03.avi
0.045660212503564855,0.38772908130331846,16.554833131143305,0.9904069767441861,432.3720930232558,773.4033823169771,0.29767441860465116,118,116,GolfSwing/v_GolfSwing_g10_c04.avi
0.19983923382120558,0.37493793104643525,4.881406047441659,0.9648255813953488,303.21860465116276,430.6452310228271,0.22616279069767442,119,117,GolfSwing/v_GolfSwing_g11_c01.avi
0.2547204420595363,0.7713926619036863,17.251811499086116,0.9321220930232558,265.48837209302326,254.02585219957828,0.311046511627907,110,108,GolfSwing/v_GolfSwing_g11_c02.avi
0.4149239406361389,0.7361019750503489,14.0,0.8404069767441861,266.6046511627907,189.74035374382487,0.15174418604651163,137,135,GolfSwing/v_GolfSwing_g11_c03.avi
1.0268529252913803,2.8504998056074675,22.360679774997898,0.8882267441860465,246.28837209302327,409.98410701431663,0.35755813953488375,132,130,GolfSwing/v_GolfSwing_g11_c04.avi
0.31052747943638037,0.6074874322154921,15.502015997927495,0.8731104651162791,224.4093023255814,183.81259391268216,0.32034883720930235,133,131,GolfSwing/v_GolfSwing_g11_c05.avi
0.2850661415119699,0.6094903470853511,9.0,0.9281976744186047,626.1581395348837,1132.7797598360476,0.20930232558139536,101,99,GolfSwing/v_GolfSwing_g11_c06.avi
0.2133101531005055,0.6104630309525879,16.75,0.9335755813953488,296.8558139534884,448.2791620378542,0.33372093023255817,130,128,GolfSwing/v_GolfSwing_g11_c07.avi
0.4611603132971464,0.996126740808433,15.542281042369552,0.827906976744186,233.22790697674418,196.40371133421033,0.30697674418604654,103,101,GolfSwing/v_GolfSwing_g12_c01.avi
0.510850344569615,1.2527436617256553,17.125,0.852906976744186,188.5767441860465,148.71518719023817,0.4255813953488372,66,64,GolfSwing/v_GolfSwing_g12_c02.avi
0.7379109757670642,1.1937975688121507,14.285044627161653,0.7481104651162791,282.7906976744186,279.5604987683457,0.31627906976744186,85,83,GolfSwing/v_GolfSwing_g12_c03.avi
0.4552561818001458,0.9789006292402405,17.25,0.891860465116279,231.88837209302326,149.93352512968886,0.2255813953488372,91,89,GolfSwing/v_GolfSwing_g12_c04.avi
3.576033545234148,10.952979580901223,239.4159560263267,0.5292151162790698,229.2093023255814,186.70914554393363,0.30465116279069765,285,282,GolfSwing/v_GolfSwing_g13_c01.avi
0.6485739792296685,0.8664857530169262,14.508618128546908,0.8488372093023255,264.48372093023255,413.0580098514418,0.29534883720930233,236,233,GolfSwing/v_GolfSwing_g13_c02.avi
1.9759430673080927,3.92425766863547,27.202941017470888,0.5827034883720931,242.04651162790697,167.9387974743585,0.21220930232558138,99,97,GolfSwing/v_GolfSwing_g13_c03.avi
0.30714144178658875,0.8136145528142973,15.132745950421556,0.9084302325581395,1089.413953488372,1578.706426835237,0.12441860465116279,239,236,GolfSwing/v_GolfSwing_g13_c04.avi
0.20507800769830173,0.49820596224516905,8.0,0.9693313953488372,259.3488372093023,412.76824308399483,0.31511627906976747,135,133,GolfSwing/v_GolfSwing_g14_c01.avi
0.20034051833710326,0.3759471267603964,5.5,0.9588662790697674,331.2372093023256,435.32084346491234,0.15,158,156,GolfSwing/v_GolfSwing_g14_c02.avi
0.3952770913988335,1.019820439164352,16.0,0.9178779069767442,333.9162790697674,273.83752178918627,0.11511627906976744,89,87,GolfSwing/v_GolfSwing_g14_c03.avi
0.13867398045478796,0.5652798682691668,12.281210241665924,0.9600290697674418,278.8837209302326,267.9761538594758,0.29709302325581394,110,108,GolfSwing/v_GolfSwing_g14_c04.avi
0.23910885609901908,0.5510761900950446,7.850159234053791,0.9465116279069767,223.29302325581395,175.86660562648285,0.30988372093023253,217,214,GolfSwing/v_GolfSwing_g15_c01.avi
0.23448495998330457,0.5514165635041663,16.405029716522918,0.9511627906976744,237.46976744186045,394.7331365441625,0.32906976744186045,260,257,GolfSwing/v_GolfSwing_g15_c02.avi
3.6152526985593534,8.92833459730163,276.27884464793897,0.615843023255814,136.66976744186047,143.7843274036592,0.6866279069767441,165,162,GolfSwing/v_GolfSwing_g15_c03.avi
0.41877135676201777,0.5791510068123386,12.747548783981962,0.901453488372093,215.8139534883721,191.1414009421752,0.3744186046511628,232,229,GolfSwing/v_GolfSwing_g15_c04.avi
0.5128808655176176,2.8011585931810754,94.02127418834527,0.8790697674418605,424.5581395348837,777.2148636601163,0.34767441860465115,123,121,GolfSwing/v_GolfSwing_g16_c01.avi
0.7158556443814226,1.3051908561475642,17.338540884399702,0.7399709302325581,235.23720930232557,227.07772362994174,0.3686046511627907,85,83,GolfSwing/v_GolfSwing_g16_c02.avi
1.2941878003918268,2.669796305398029,28.071337695236398,0.7046511627906977,194.3813953488372,114.7943099955539,0.3488372093023256,126,124,GolfSwing/v_GolfSwing_g16_c03.avi
0.4116472068475689,0.9423569304472891,15.380588415272024,0.8376453488372093,441.86046511627904,898.6925278424116,0.22267441860465118,130,128,GolfSwing/v_GolfSwing_g16_c04.avi
0.3039571340984268,1.0001837834126293,23.021728866442675,0.9222383720930233,166.47441860465116,119.65741037319886,0.4941860465116279,74,72,GolfSwing/v_GolfSwing_g17_c01.avi
1.0862975845605802,2.135783871727506,32.00390601161052,0.7315406976744186,213.46976744186045,169.25378706200235,0.34244186046511627,126,124,GolfSwing/v_GolfSwing_g17_c02.avi
0.2753468928771688,0.7320848721934614,13.741474629747712,0.9036337209302325,240.37209302325581,201.19052907292257,0.28604651162790695,79,77,GolfSwing/v_GolfSwing_g17_c03.avi
1.2047226048707957,4.1978835493794415,155.40471357072795,0.6681686046511628,179.2,194.92470102520986,0.5581395348837209,83,81,GolfSwing/v_GolfSwing_g17_c04.avi
0.28291811425659386,0.6083550577055787,14.035668847618199,0.9402616279069768,559.0697674418604,1141.90370211325,0.3563953488372093,157,155,GolfSwing/v_GolfSwing_g17_c05.avi
0.6964641524771814,9.66285703835137,194.83326204732086,0.9204941860465117,345.86046511627904,664.4343487402124,0.27848837209302324,144,142,GolfSwing/v_GolfSwing_g17_c06.avi
0.25171836759261695,0.5117074665220502,5.75,0.9106104651162791,293.73023255813956,552.3629930242762,0.31511627906976747,201,198,GolfSwing/v_GolfSwing_g17_c07.avi
0.26728859010305756,0.5762336172888066,8.0,0.8457848837209302,313.6,271.10243151269043,0.17674418604651163,156,154,GolfSwing/v_GolfSwing_g18_c01.avi
0.41540240296416525,0.6099658961644415,9.620940702446928,0.8534883720930233,242.71627906976744,198.0858833356187,0.2691860465116279,141,139,GolfSwing/v_GolfSwing_g18_c02.avi
0.40362166198635796,0.4818359286260263,7.307957991121733,0.9133720930232558,332.4651162790698,538.7428669505545,0.09709302325581395,116,114,GolfSwing/v_GolfSwing_g18_c03.avi
0.33913804831326416,0.5348581395003337,9.95301461869719,0.9462209302325582,220.50232558139535,179.2535653544054,0.32906976744186045,98,96,GolfSwing/v_GolfSwing_g18_c04.avi
0.3248196446597556,0.7466187784489786,16.280740155164935,0.890843023255814,347.9813953488372,665.1275937238935,0.27674418604651163,642,637,GolfSwing/v_GolfSwing_g18_c05.avi
2.3214585429033976,5.020600677227743,22.02271554554524,0.7061046511627908,440.8558139534884,834.9808033727971,0.22093023255813954,386,382,GolfSwing/v_GolfSwing_g18_c06.avi
0.4421490816714959,0.6532136372245475,10.204165815979275,0.8645348837209302,225.86046511627907,208.46343512911366,0.36627906976744184,202,199,GolfSwing/v_GolfSwing_g19_c01.avi
0.4574111430245116,0.8772539858471343,16.0,0.8479651162790698,243.27441860465117,156.75213450276715,0.1872093023255814,112,110,GolfSwing/v_GolfSwing_g19_c02.avi
0.12205630499056341,0.3901035077824136,12.442367138129304,0.977906976744186,471.88837209302324,846.2217349776079,0.2616279069767442,191,188,GolfSwing/v_GolfSwing_g19_c03.avi
0.24315635267161081,0.6068776621992026,20.020302195521424,0.9492732558139535,240.48372093023255,391.40123761270775,0.30174418604651165,150,148,GolfSwing/v_GolfSwing_g19_c04.avi
0.19891534368128738,0.48830974119370885,7.75,0.9718023255813953,329.2279069767442,546.0846336678752,0.1511627906976744,289,286,GolfSwing/v_GolfSwing_g19_c05.avi
0.09333080386207845,0.29245885941721966,4.451123453691214,0.9792151162790698,204.09302325581396,132.5120115579678,0.3261627906976744,297,294,GolfSwing/v_GolfSwing_g19_c06.avi
0.428933086803992,0.7233318072717929,13.038404810405298,0.775,275.7581395348837,221.28894531238768,0.18546511627906978,230,227,GolfSwing/v_GolfSwing_g20_c01.avi
1.4750294948565634,2.5689883855438125,12.539936203984453,0.6831395348837209,288.8186046511628,197.27162157067286,0.08023255813953488,153,151,GolfSwing/v_GolfSwing_g20_c02.avi
2.086161458389915,4.99649761515207,227.63690935347017,0.5161337209302326,228.53953488372093,162.41779908694977,0.2616279069767442,120,118,GolfSwing/v_GolfSwing_g20_c03.avi
1.6090529013099815,3.7691489525081003,30.870698080866262,0.7297965116279069,271.6279069767442,233.7158902615214,0.23255813953488372,122,120,GolfSwing/v_GolfSwing_g20_c04.avi
1.0333530920176572,1.3491829296372393,6.878408246098802,0.6688953488372092,246.9581395348837,180.32516654522163,0.21453488372093024,218,215,GolfSwing/v_GolfSwing_g20_c05.avi
0.46029691928459626,1.0803802549891244,16.278820596099706,0.8665697674418604,449.5627906976744,900.7726370909294,0.22674418604651161,240,237,GolfSwing/v_GolfSwing_g20_c06.avi
2.1358393661316843,5.450169413308934,30.805843601498726,0.7697674418604651,269.50697674418603,406.51627010281123,0.24593023255813953,135,133,GolfSwing/v_GolfSwing_g20_c07.avi
0.5572069738042368,1.3070385900918435,15.25,0.7988372093023256,233.11627906976744,236.0864257696031,0.4005813953488372,160,158,GolfSwing/v_GolfSwing_g21_c01.avi
1.0847789220888533,4.620311475181273,246.05080776132397,0.6521802325581395,288.48372093023255,292.78872208728177,0.3354651162790698,98,96,GolfSwing/v_GolfSwing_g21_c02.avi
0.6592681805399698,1.2005959355983145,11.40175425099138,0.8380813953488372,409.3767441860465,678.3234341519038,0.19883720930232557,111,109,GolfSwing/v_GolfSwing_g21_c03.avi
0.6433518928343487,1.4654231727631934,29.34706118165838,0.7594476744186046,405.4697674418605,679.1161408823403,0.21453488372093024,171,168,GolfSwing/v_GolfSwing_g21_c04.avi
0.2690889208562257,0.857906298278501,16.500473478055106,0.9239825581395349,640.446511627907,1192.4075258082323,0.36511627906976746,196,193,GolfSwing/v_GolfSwing_g21_c05.avi
0.3664857082792435,0.5837842499431722,15.900078616157845,0.8677325581395349,235.23720930232557,241.7079046568551,0.40581395348837207,148,146,GolfSwing/v_GolfSwing_g21_c06.avi
0.04618569219565315,0.3484605412987564,11.0,0.9863372093023256,758.4372093023255,1305.8274306413796,0.19244186046511627,304,301,GolfSwing/v_GolfSwing_g22_c01.avi
0.03730975591131927,0.27697029160833336,10.643366478704001,0.9906976744186047,299.2,407.9750471165699,0.1377906976744186,301,298,GolfSwing/v_GolfSwing_g22_c02.avi
0.02643962392404025,0.18432506140918412,3.005203820042827,0.990843023255814,438.51162790697674,904.4876327356658,0.2866279069767442,349,345,GolfSwing/v_GolfSwing_g22_c03.avi
0.022195400547808584,0.1628412296811137,6.051859218455102,0.9947674418604651,206.66046511627906,136.42720546313825,0.31976744186046513,200,197,GolfSwing/v_GolfSwing_g22_c04.avi
0.519036791774453,0.6558279168035634,8.1891696770796,0.7829941860465116,209.33953488372094,149.0404379956098,0.3267441860465116,154,152,GolfSwing/v_GolfSwing_g22_c05.avi
0.30007956699319044,0.6557950669969986,13.894693231590253,0.9402616279069768,798.2883720930232,1348.6243984165224,0.27325581395348836,101,99,GolfSwing/v_GolfSwing_g22_c06.avi
0.04042169060992668,0.17756219352038383,3.5,0.9950581395348838,414.4,666.8827085603167,0.10290697674418604,202,199,GolfSwing/v_GolfSwing_g23_c01.avi
0.11409578416078141,0.5145038930476183,9.91526600752597,0.9767441860465116,352.0,541.2791052381773,0.04883720930232558,169,166,GolfSwing/v_GolfSwing_g23_c02.avi
0.07592683113324222,0.43684441749109476,13.038404810405298,0.9851744186046512,363.3860465116279,669.2827641662016,0.2593023255813954,150,148,GolfSwing/v_GolfSwing_g23_c03.avi
0.1512425491876489,0.3772371025984182,7.516648189186454,0.9684593023255814,274.1953488372093,222.0994518003018,0.1936046511627907,129,127,GolfSwing/v_GolfSwing_g23_c04.avi
0.20207190680972734,1.0026914509391314,19.756328100130347,0.9537790697674419,372.09302325581393,313.0043326807258,0.12093023255813953,243,240,GolfSwing/v_GolfSwing_g23_c05.avi
0.07736427678607607,0.35352635577802827,5.5,0.9809593023255814,333.4697674418605,653.1738311790784,0.23837209302325582,294,291,GolfSwing/v_GolfSwing_g23_c06.avi
1.0328515457776148,10.692620663448603,319.0015673942685,0.9497093023255814,212.5767441860465,182.91175256557185,0.37267441860465117,146,144,GolfSwing/v_GolfSwing_g23_c07.avi
0.06223690218460671,0.2646869140762495,5.569167352486366,0.9837209302325581,337.71162790697673,456.342966296236,0.2302325581395349,150,148,GolfSwing/v_GolfSwing_g24_c01.avi
0.06956238424047206,0.2674137124272608,7.893826701923472,0.9938953488372093,326.66046511627906,448.22950005110414,0.22732558139534884,159,157,GolfSwing/v_GolfSwing_g24_c02.avi
0.10372154712801651,0.4460134280669381,17.235501153143183,0.9643895348837209,279.553488372093,258.7206191375187,0.2680232558139535,163,160,GolfSwing/v_GolfSwing_g24_c03.avi
0.10048796861994047,0.4361292966152655,14.502155012273176,0.9620639534883721,274.5302325581395,257.67734966009897,0.28488372093023256,163,160,GolfSwing/v_GolfSwing_g24_c04.avi
0.3396092094430872,0.6219054025928958,16.0,0.8800872093023255,254.66046511627906,237.50515503784567,0.3116279069767442,78,76,GolfSwing/v_GolfSwing_g24_c05.avi
0.3294373706471788,1.0172772997452009,16.5,0.9117732558139535,793.2651162790697,1300.716954156298,0.17151162790697674,108,106,GolfSwing/v_GolfSwing_g24_c06.avi
0.53607218624197,1.0997218090765888,17.976112622032606,0.8433139534883721,203.75813953488372,132.62297361853408,0.32790697674418606,150,148,GolfSwing/v_GolfSwing_g24_c07.avi
0.1590950208809387,0.693882178105564,12.869537676233751,0.9322674418604651,190.36279069767443,154.03098000569344,0.4255813953488372,162,160,GolfSwing/v_GolfSwing_g25_c01.avi
0.6251757663795169,0.6363704878132634,9.486832980505138,0.7065406976744186,264.5953488372093,197.47828606390826,0.17616279069767443,131,129,GolfSwing/v_GolfSwing_g25_c02.avi
0.18994108910153368,0.7563027074440514,13.0,0.9414244186046512,217.26511627906976,151.93009237531757,0.2947674418604651,146,144,GolfSwing/v_GolfSwing_g25_c03.avi
0.3910229153585015,0.7013868169699153,13.0,0.8640988372093024,353.33953488372094,553.3387129305978,0.11627906976744186,129,127,GolfSwing/v_GolfSwing_g25_c04.avi
1.6236606482581808,9.322343142090986,252.0,0.8700581395348838,210.12093023255815,189.3466963598533,0.39709302325581397,122,120,GolfSwing/v_GolfSwing_g25_c05.avi
0.4345757057433288,0.962862957623635,14.5134635769688,0.8991279069767442,533.2837209302326,971.1939946871518,0.2116279069767442,130,128,GolfSwing/v_GolfSwing_g25_c06.avi
0.22797283066698004,0.6734253341157037,10.875,0.9508720930232558,288.706976744186,558.1818514190967,0.3691860465116279,160,158,GolfSwing/v_GolfSwing_g25_c07.avi
1.305669409639497,7.672556425707647,255.03137061938085,0.7094476744186047,395.5348837209302,370.98607438524857,0.2709302325581395,251,248,Haircut/v_Haircut_g08_c01.avi
1.4992499623636892,2.8981047249147855,69.67076592804187,0.615843023255814,428.57674418604654,515.1983338289219,0.2872093023255814,251,248,Haircut/v_Haircut_g08_c02.avi
0.8461830278536477,1.5877770516622363,24.0,0.7648255813953488,469.8790697674419,705.903534011105,0.2744186046511628,100,98,Haircut/v_Haircut_g08_c03.avi
1.6162964118702596,3.7249447095504493,43.0,0.7103197674418604,275.86976744186046,316.1525415857173,0.46162790697674416,162,160,Haircut/v_Haircut_g08_c04.avi
1.3490821342072437,3.1551689255794058,86.7438758645243,0.6534883720930232,368.8558139534884,342.5459977955265,0.23546511627906977,115,113,Haircut/v_Haircut_g08_c05.avi
2.2215919446358656,7.724963443861721,107.8068295610255,0.670639534883721,298.6418604651163,320.5147271822696,0.38953488372093026,126,124,Haircut/v_Haircut_g08_c06.avi
0.8161247339107705,2.6319164337404906,90.69729874698585,0.820203488372093,433.04186046511626,516.5934509810772,0.28488372093023256,223,220,Haircut/v_Haircut_g09_c01.avi
2.773719035976955,15.018891663535923,382.0,0.75,379.2372093023256,360.610044503565,0.2744186046511628,233,230,Haircut/v_Haircut_g09_c02.avi
1.08131829603435,3.7270662480718033,186.625,0.7156976744186047,346.4186046511628,332.18447050481547,0.26627906976744187,188,185,Haircut/v_Haircut_g09_c03.avi
0.20325295238667562,0.6151395217683941,10.02808556006579,0.926889534883721,417.86046511627904,364.7534740192147,0.18953488372093022,213,210,Haircut/v_Haircut_g09_c04.avi
0.39019992857324054,2.19493009580711,83.59463200469274,0.9117732558139535,413.73023255813956,373.99632104575556,0.23662790697674418,223,220,Haircut/v_Haircut_g09_c05.avi
0.18180881418262548,0.5484838602102061,10.0,0.9703488372093023,413.1720930232558,506.70433850822815,0.27674418604651163,208,205,Haircut/v_Haircut_g09_c06.avi
0.2278083541298325,0.613968540765962,21.89891549826155,0.9454941860465116,377.5627906976744,353.2277933066777,0.2505813953488372,233,230,Haircut/v_Haircut_g09_c07.avi
3.08117325387642,7.673048497889406,120.83873551142449,0.5832848837209302,327.10697674418606,565.2406795032348,0.2738372093023256,168,165,Haircut/v_Haircut_g10_c01.avi
1.3616354042960641,1.387230288696855,21.360009363293827,0.3193313953488372,254.77209302325582,190.37055459920782,0.20174418604651162,152,150,Haircut/v_Haircut_g10_c02.avi
1.1936308316460753,1.3636182197471758,17.414074767267998,0.4867732558139535,236.24186046511628,194.15270210860714,0.288953488372093,156,154,Haircut/v_Haircut_g10_c03.avi
0.8021088405938727,1.6578867915240045,31.666474780120378,0.7518895348837209,473.7860465116279,844.7591046692419,0.24476744186046512,168,165,Haircut/v_Haircut_g10_c04.avi
0.6808568472187174,1.6161477624967633,75.0,0.8327034883720931,236.5767441860465,202.66549922334139,0.3058139534883721,156,154,Haircut/v_Haircut_g10_c05.avi
1.1664048351668184,7.076150328172432,147.27525250360293,0.7908430232558139,257.1162790697674,415.88399597373893,0.3383720930232558,152,150,Haircut/v_Haircut_g10_c06.avi
1.0313031116298683,4.014534527786676,132.015150645674,0.8140988372093023,206.32558139534885,179.88985272392122,0.3959302325581395,156,154,Haircut/v_Haircut_g10_c07.avi
0.632411946224468,2.312049804426904,56.72741841473134,0.8593023255813953,399.553488372093,377.0294981666969,0.28488372093023256,184,181,Haircut/v_Haircut_g11_c01.avi
0.25082178187132786,1.8416053371707708,72.10625839689645,0.9356104651162791,470.2139534883721,398.24668151810613,0.21686046511627907,194,191,Haircut/v_Haircut_g11_c02.avi
1.153026851114245,5.972323173428998,182.82231811242303,0.8357558139534884,495.66511627906976,908.7687553187504,0.22151162790697673,135,133,Haircut/v_Haircut_g11_c03.avi
3.3935986514113217,14.532888795531482,272.2590678012396,0.6021802325581396,770.8279069767442,1303.5349303221753,0.17674418604651163,127,125,Haircut/v_Haircut_g11_c04.avi
1.641635924263007,5.759076243732377,284.60498941515414,0.6780523255813954,531.7209302325581,976.8526185659404,0.27325581395348836,128,126,Haircut/v_Haircut_g11_c05.avi
1.4357446437351185,1.9140221037832352,25.29451521575379,0.49273255813953487,247.40465116279069,192.7549570484214,0.2377906976744186,128,126,Haircut/v_Haircut_g12_c01.avi
2.1489184063160174,4.910420329054961,134.18271125595876,0.4771802325581395,234.45581395348836,170.18445984629352,0.24941860465116278,151,149,Haircut/v_Haircut_g12_c02.avi
2.181687524466789,3.4369847250937613,70.21395872616783,0.4434593023255814,252.9860465116279,185.56141035948852,0.1994186046511628,151,149,Haircut/v_Haircut_g12_c03.avi
2.0807167029911513,3.1298068113403166,133.0507422001095,0.4568313953488372,270.4,211.2063423994825,0.18313953488372092,180,177,Haircut/v_Haircut_g12_c04.avi
0.8527930231007556,3.3449467621663906,98.13391679230989,0.7491279069767441,362.71627906976744,337.4366689453673,0.23488372093023255,93,91,Haircut/v_Haircut_g13_c01.avi
0.26980769156724366,0.9100129642931579,8.0,0.9412790697674419,321.4139534883721,335.58037305844385,0.3616279069767442,73,71,Haircut/v_Haircut_g13_c02.avi
0.5137661141103841,4.683516248400617,267.65988212655253,0.8357558139534884,356.13023255813954,358.4585886593692,0.33430232558139533,104,102,Haircut/v_Haircut_g13_c03.avi
0.1523070835288191,0.4875999166944491,12.041594578792296,0.9636627906976745,385.93488372093026,352.82584865738005,0.2255813953488372,134,132,Haircut/v_Haircut_g13_c04.avi
0.594982985455448,2.509609360511584,28.811889906772862,0.928343023255814,585.1906976744186,1042.5683117017463,0.3505813953488372,117,115,Haircut/v_Haircut_g14_c01.avi
0.6426461600189879,2.971896834195302,151.11915828246265,0.8880813953488372,667.3488372093024,1236.0076556495228,0.34825581395348837,130,128,Haircut/v_Haircut_g14_c02.avi
1.1318200857220098,4.639977057140972,106.0292559862607,0.85,337.48837209302326,569.2662095247287,0.26395348837209304,168,165,Haircut/v_Haircut_g14_c03.avi
0.988365655957023,3.1976483128607067,45.35416188179427,0.8085755813953488,352.2232558139535,762.2013323834287,0.4197674418604651,195,192,Haircut/v_Haircut_g14_c04.avi
0.5365482911424133,2.0786808504612924,33.0,0.898546511627907,562.6418604651162,715.7947588885746,0.22616279069767442,172,169,Haircut/v_Haircut_g15_c01.avi
0.13100882700058666,0.6804151496775489,13.038404810405298,0.9760174418604651,474.34418604651165,403.0516299677826,0.2302325581395349,118,116,Haircut/v_Haircut_g15_c02.avi
0.48890849093203215,1.2291046454636716,17.0,0.7922965116279069,446.8837209302326,516.1447971213669,0.25232558139534883,205,202,Haircut/v_Haircut_g15_c03.avi
0.94701086042414,3.542067708234199,74.0240670322835,0.8255813953488372,399.66511627906976,372.3822485238578,0.26569767441860465,305,302,Haircut/v_Haircut_g15_c04.avi
1.2789047371517845,9.755669377097524,181.0,0.8861918604651163,712.0,853.5570443192281,0.20406976744186048,103,101,Haircut/v_Haircut_g16_c01.avi
0.10551344381336195,0.33437560859356796,4.25,0.9728197674418605,1057.3767441860466,1325.6718884166767,0.15406976744186046,110,108,Haircut/v_Haircut_g16_c02.avi
0.5434255828489332,3.400450277768211,52.0,0.9097383720930232,1099.6837209302325,1434.0396973082445,0.19186046511627908,146,144,Haircut/v_Haircut_g16_c03.avi
2.1965294227151975,10.975358567549405,106.0,0.7542151162790698,692.2418604651162,859.5564551808392,0.24651162790697675,139,137,Haircut/v_Haircut_g16_c04.avi
0.4089424155309895,2.7361514451628755,164.30459518832697,0.8924418604651163,490.4186046511628,403.4881763956365,0.20465116279069767,133,131,Haircut/v_Haircut_g16_c05.avi
1.237371127812326,5.243101485057178,79.0,0.732703488372093,342.846511627907,353.4879882494856,0.3569767441860465,122,120,Haircut/v_Haircut_g17_c01.avi
0.7696671980664471,1.3477562421417948,15.532224567009067,0.7421511627906977,441.74883720930234,514.4027127365688,0.2534883720930233,128,126,Haircut/v_Haircut_g17_c02.avi
0.7461954736173189,3.164590938935483,45.0111097397076,0.8633720930232558,420.31627906976746,382.55285996215537,0.2558139534883721,132,130,Haircut/v_Haircut_g17_c03.avi
0.37753213560668536,1.333228450842758,59.033888572581766,0.9008720930232558,490.9767441860465,402.4983309728269,0.1994186046511628,148,146,Haircut/v_Haircut_g17_c04.avi
1.3835187287823083,3.6671442150294147,72.0,0.7584302325581396,471.4418604651163,627.0299611670799,0.29651162790697677,265,262,Haircut/v_Haircut_g18_c01.avi
0.371859652402571,1.8081033319723343,58.75851002195341,0.9264534883720931,728.1860465116279,907.2835831593209,0.13604651162790699,228,225,Haircut/v_Haircut_g18_c02.avi
0.9155460932073752,3.8433605879759574,82.28000972289685,0.8366279069767442,437.50697674418603,519.5988781140425,0.29186046511627906,265,262,Haircut/v_Haircut_g18_c03.avi
1.163442956955706,6.1072524940337205,117.06835610018618,0.8828488372093023,423.21860465116276,390.0183223220291,0.2802325581395349,265,262,Haircut/v_Haircut_g18_c04.avi
0.6844777903632587,2.1756336916996695,75.92759709091287,0.807703488372093,408.93023255813955,396.59653186329354,0.3430232558139535,252,249,Haircut/v_Haircut_g18_c05.avi
2.681066815934968,4.960087868411064,62.16912416947821,0.4584302325581395,243.94418604651162,156.39448230070306,0.18372093023255814,253,250,Haircut/v_Haircut_g19_c01.avi
3.3720177834898974,4.497794171443477,22.25,0.4242732558139535,251.08837209302325,191.04176240045223,0.2186046511627907,262,259,Haircut/v_Haircut_g19_c02.avi
2.79613476361899,3.599976749959803,28.00446392988089,0.2882267441860465,249.86046511627907,158.57352214466658,0.1622093023255814,257,254,Haircut/v_Haircut_g19_c03.avi
6.21831698332768,8.631460643335272,60.90155991434045,0.23037790697674418,238.8093023255814,159.0438754937498,0.21046511627906977,274,271,Haircut/v_Haircut_g19_c04.avi
3.5941068727113947,2.6463231545127135,17.75,0.1373546511627907,266.26976744186044,197.6695428126444,0.1697674418604651,254,251,Haircut/v_Haircut_g19_c05.avi
8.46897116530378,19.745958080645753,323.75,0.29505813953488375,241.8232558139535,156.14789178957847,0.19244186046511627,250,247,Haircut/v_Haircut_g19_c06.avi
1.7306089969069447,5.127593089008979,72.18736471848796,0.7652616279069767,299.2,300.2394579215451,0.3191860465116279,251,248,Haircut/v_Haircut_g20_c01.avi
1.9272273358445429,5.162345798717624,191.06543381784158,0.7197674418604652,316.1674418604651,298.31185471063293,0.2517441860465116,262,259,Haircut/v_Haircut_g20_c02.avi
0.5983007382124376,4.424201995600494,214.2545215392198,0.8729651162790698,412.0558139534884,610.4264286478588,0.3127906976744186,237,234,Haircut/v_Haircut_g20_c03.avi
0.6785992771655583,2.745296904207505,51.55776493410086,0.8758720930232559,461.84186046511627,510.9094063564649,0.1930232558139535,250,247,Haircut/v_Haircut_g20_c04.avi
0.8490580834889551,2.605964460726846,38.91015291668744,0.8351744186046511,491.2,624.7624679791104,0.24709302325581395,202,199,Haircut/v_Haircut_g20_c05.avi
0.3111633719000182,1.1216014288261174,17.69180601295413,0.9100290697674419,430.69767441860466,619.2338677897451,0.32732558139534884,238,235,Haircut/v_Haircut_g20_c06.avi
1.1659434755031086,5.3093925465249345,241.6298822579691,0.8799418604651162,337.48837209302326,340.8345688940074,0.3267441860465116,285,282,Haircut/v_Haircut_g20_c07.avi
2.010439902796393,3.2515888113977174,32.0,0.5931686046511628,328.6697674418605,318.8199138355154,0.27732558139534885,206,203,Haircut/v_Haircut_g21_c01.avi
1.073645545333527,1.5148067335251545,20.96313728906053,0.5813953488372093,382.25116279069766,345.9874338167689,0.20988372093023255,196,193,Haircut/v_Haircut_g21_c02.avi
1.2112282218267338,2.873194446163434,41.012193308819754,0.717296511627907,344.52093023255816,359.83669200175035,0.37616279069767444,201,198,Haircut/v_Haircut_g21_c03.avi
1.3213767332976678,2.7076307222853595,106.04244433244644,0.6273255813953489,344.1860465116279,360.6030643766888,0.3802325581395349,142,140,Haircut/v_Haircut_g21_c04.avi
0.23820342746713297,0.8027829881888806,29.0,0.9223837209302326,351.88837209302324,357.16463092770255,0.34244186046511627,100,98,Haircut/v_Haircut_g22_c01.avi
0.3478835994424214,1.945237943482041,70.29446991051287,0.9183139534883721,387.3860465116279,366.8031026100651,0.2761627906976744,105,103,Haircut/v_Haircut_g22_c02.avi
0.3327986888367704,1.4066362299080462,34.00206795181728,0.9174418604651163,382.47441860465113,366.308826432474,0.2877906976744186,108,106,Haircut/v_Haircut_g22_c03.avi
0.634868801788052,2.1717107325053657,18.756665481902694,0.8859011627906976,348.7627906976744,352.8028034899263,0.3354651162790698,102,100,Haircut/v_Haircut_g22_c04.avi
0.23882550235865213,1.4323254272067985,56.28235180764926,0.9373546511627907,358.13953488372096,350.08076021048504,0.29593023255813955,91,89,Haircut/v_Haircut_g22_c05.avi
0.2523607654253516,0.9030476699594986,23.48536778506992,0.9238372093023256,429.5813953488372,377.7870836649918,0.21453488372093024,119,117,Haircut/v_Haircut_g22_c06.avi
0.3466274627462099,2.5323189355439233,80.66636535756399,0.9319767441860465,382.25116279069766,361.14205436210347,0.2680232558139535,127,125,Haircut/v_Haircut_g22_c07.avi
2.33181280900775,5.490732938885316,82.00609733428362,0.5505813953488372,207.7767441860465,188.8200482521859,0.4069767441860465,185,182,Haircut/v_Haircut_g23_c01.avi
1.3570814726883353,2.777944538903617,60.5,0.6251453488372093,201.1906976744186,173.8903046549796,0.4087209302325581,154,152,Haircut/v_Haircut_g23_c02.avi
1.9163263136647692,5.595750418607561,75.13321502504735,0.5430232558139535,244.27906976744185,195.24276189798502,0.2563953488372093,173,170,Haircut/v_Haircut_g23_c03.avi
3.0483785776996672,5.902893546264695,297.0,0.40508720930232556,226.1953488372093,142.35735896954992,0.23895348837209301,178,175,Haircut/v_Haircut_g23_c04.avi
1.7609926381963847,3.6093433245089663,47.52450026039201,0.6531976744186047,231.66511627906976,176.30976820505822,0.27325581395348836,174,171,Haircut/v_Haircut_g23_c05.avi
2.347685880475616,5.237019902241167,104.21612159354233,0.5093023255813953,210.2325581395349,180.03266334251714,0.37790697674418605,186,183,Haircut/v_Haircut_g23_c06.avi
3.8971317673989176,10.16488453520175,286.048946860498,0.43561046511627904,185.78604651162792,403.56597776565775,0.6075581395348837,162,160,Haircut/v_Haircut_g23_c07.avi
0.775123355215443,5.894245483812473,288.0,0.9405523255813953,744.5953488372093,1222.797136183037,0.22732558139534884,278,275,Haircut/v_Haircut_g24_c01.avi
2.4172054133878116,4.594742663158781,31.5,0.6168604651162791,144.59534883720931,118.83817011398781,0.608139534883721,325,321,Haircut/v_Haircut_g24_c02.avi
2.2855283494708867,5.397695145991072,120.0,0.6140988372093024,211.68372093023257,158.04047896284624,0.3308139534883721,329,325,Haircut/v_Haircut_g24_c03.avi
1.0966750117879647,2.842898488267819,36.6742416417845,0.7329941860465117,205.7674418604651,197.08253933837102,0.43372093023255814,214,211,Haircut/v_Haircut_g24_c04.avi
1.2730917199080547,3.9131795640454814,186.26073794549404,0.6649709302325582,253.65581395348838,248.47878137132622,0.3447674418604651,277,274,Haircut/v_Haircut_g24_c05.avi
0.9156627261551094,2.4706245088622145,28.837909078156134,0.8100290697674418,872.9674418604651,1339.148925792645,0.2936046511627907,189,186,Haircut/v_Haircut_g24_c06.avi
0.887987249586435,3.3962496806210276,126.50024703533191,0.8440406976744186,784.2232558139535,1258.9388024429054,0.17209302325581396,221,218,Haircut/v_Haircut_g24_c07.avi
5.3726095047104865,12.620638219250353,123.4514074443868,0.6425872093023256,316.0558139534884,662.4229497282405,0.363953488372093,253,250,Haircut/v_Haircut_g25_c01.avi
1.8714600435785864,2.356050405937425,24.627855164427128,0.5031976744186046,495.553488372093,902.6575469905484,0.16162790697674417,254,251,Haircut/v_Haircut_g25_c02.avi
3.871858548104401,9.825260042961403,227.4440865355703,0.6270348837209302,231.88837209302326,187.9882891074228,0.29534883720930233,255,252,Haircut/v_Haircut_g25_c03.avi
2.490851455078033,7.275271179091336,133.10240418564948,0.5026162790697675,272.9674418604651,405.5682592282783,0.22790697674418606,250,247,Haircut/v_Haircut_g25_c04.avi
1.3507414059439997,3.3289900294950914,56.568542494923804,0.7539244186046512,248.96744186046513,181.71675854283882,0.20872093023255814,103,101,Hammering/v_Hammering_g08_c01.avi
1.301731891920957,4.740017134130063,158.0,0.7492732558139535,277.3209302325581,277.3004151810808,0.3308139534883721,103,101,Hammering/v_Hammering_g08_c02.avi
1.9562760445767278,3.502749624410883,56.19274864250725,0.7321220930232558,302.8837209302326,263.41347895994727,0.1930232558139535,103,101,Hammering/v_Hammering_g08_c03.avi
1.0491478310549867,2.278289761107959,40.0,0.7396802325581395,259.46046511627907,210.55162780628578,0.22616279069767442,147,145,Hammering/v_Hammering_g08_c04.avi
0.45183461628734045,1.252586968336092,16.76305461424021,0.8940406976744186,886.6976744186046,1285.0631607838948,0.15465116279069768,152,150,Hammering/v_Hammering_g09_c01.avi
1.2164925456981521,2.4859203986767837,73.05103096466196,0.6390988372093023,451.68372093023254,772.4573006729231,0.24825581395348836,140,138,Hammering/v_Hammering_g09_c02.avi
0.4420809092653189,1.4477114772156732,17.64404998859389,0.9145348837209303,986.6046511627907,1423.5319020862992,0.1296511627906977,119,117,Hammering/v_Hammering_g09_c03.avi
1.3553277159887227,3.3982782798074624,30.61504940384712,0.6909883720930232,1020.9860465116279,1462.3938815933204,0.27848837209302324,128,126,Hammering/v_Hammering_g09_c04.avi
1.9598625802860687,6.773558538889771,191.84694420292442,0.6526162790697675,494.10232558139535,850.6482391322382,0.26453488372093026,152,150,Hammering/v_Hammering_g09_c05.avi
0.8929341093583976,4.265433479059352,86.8767086162914,0.8427325581395348,606.5116279069767,1086.3890341796175,0.25116279069767444,142,140,Hammering/v_Hammering_g09_c06.avi
1.4127400864714794,5.532063345571322,126.7142454501466,0.7103197674418604,668.5767441860465,1031.6886687497392,0.21627906976744185,127,125,Hammering/v_Hammering_g09_c07.avi
6.272157684344324,33.19208706490147,266.5,0.8039244186046511,462.06511627906974,518.2753290386325,0.23372093023255813,132,130,Hammering/v_Hammering_g10_c01.avi
0.5013032233355844,1.3248908269262616,28.64000698323937,0.8601744186046512,405.5813953488372,378.2654557353925,0.2744186046511628,78,76,Hammering/v_Hammering_g10_c02.avi
1.4203179399729784,6.507582737602771,254.0,0.6963662790697674,425.0046511627907,385.48534792743914,0.2569767441860465,77,75,Hammering/v_Hammering_g10_c03.avi
2.9554537296743226,7.491774335616019,174.0,0.6684593023255814,429.0232558139535,387.69932538118707,0.2569767441860465,92,90,Hammering/v_Hammering_g10_c04.avi
2.634374549049007,7.80026969228544,61.40032573203501,0.7704941860465117,430.25116279069766,387.95088658955876,0.2552325581395349,109,107,Hammering/v_Hammering_g10_c05.avi
1.5134313464570115,2.843212595522956,32.75,0.6651162790697674,403.68372093023254,389.52399390540137,0.3261627906976744,96,94,Hammering/v_Hammering_g10_c06.avi
1.8025736626900315,2.625892115879675,29.797493602650544,0.48851744186046514,413.95348837209303,393.39890125810854,0.3168604651162791,113,111,Hammering/v_Hammering_g10_c07.avi
0.03560821904696072,0.18488178246193882,3.0413812651491097,0.9936046511627907,450.34418604651165,603.9141881527909,0.18313953488372092,77,75,Hammering/v_Hammering_g11_c01.avi
0.11533151508223514,0.5137555210202964,8.610495049647263,0.9629360465116279,319.293023255814,588.990040345118,0.4494186046511628,88,86,Hammering/v_Hammering_g11_c02.avi
0.08534474579670367,0.9027534163658671,69.92138442565336,0.9864825581395349,767.0325581395349,1170.246817083241,0.1686046511627907,78,76,Hammering/v_Hammering_g11_c03.avi
0.042670378788292405,0.3299533172066793,7.615773105863909,0.9880813953488372,660.2046511627907,1079.3456911057733,0.16453488372093023,117,115,Hammering/v_Hammering_g11_c04.avi
3.2422487570398935,10.269506509541156,238.53720883753127,0.5271802325581395,770.8279069767442,1302.7125771850385,0.16511627906976745,113,111,Hammering/v_Hammering_g12_c01.avi
0.9795557517286119,4.316773819504703,232.31511466109993,0.7005813953488372,309.69302325581396,259.6043477933016,0.15755813953488373,89,87,Hammering/v_Hammering_g12_c02.avi
1.1286263843285647,2.1067775663910497,32.2490309931942,0.7120639534883721,711.8883720930232,1169.5305623951942,0.1,100,98,Hammering/v_Hammering_g12_c03.avi
1.3670802877548518,2.7220647743605717,21.99573822357413,0.8161337209302325,307.7953488372093,322.43704988905563,0.3627906976744186,107,105,Hammering/v_Hammering_g12_c04.avi
0.33341959976603414,0.6699959002807558,10.359928812496735,0.8257267441860465,839.2558139534884,1254.786928878685,0.2180232558139535,114,112,Hammering/v_Hammering_g12_c05.avi
1.1716416421500515,2.164369141403064,24.332334454383943,0.6656976744186046,295.6279069767442,409.17642884075696,0.1563953488372093,177,174,Hammering/v_Hammering_g13_c01.avi
0.6863411978289572,1.3670555325967595,49.8196748283246,0.8059593023255814,242.26976744186047,196.09789147127717,0.2668604651162791,119,117,Hammering/v_Hammering_g13_c02.avi
0.772297874850997,1.3201094257082089,13.308831654206164,0.7796511627906977,289.2651162790698,260.6705475586403,0.23604651162790696,109,107,Hammering/v_Hammering_g13_c03.avi
0.9370129648781955,1.1447872168940947,18.875,0.5928779069767441,289.48837209302326,247.04847204386908,0.19767441860465115,115,113,Hammering/v_Hammering_g13_c04.avi
1.419528407807932,1.602900929150165,20.617422850589257,0.48924418604651165,282.5674418604651,213.61498479897244,0.14069767441860465,170,167,Hammering/v_Hammering_g13_c05.avi
1.0783679773139738,1.5280406430497548,26.405491853021786,0.6627906976744186,285.4697674418605,223.7303979043919,0.15348837209302327,103,101,Hammering/v_Hammering_g13_c06.avi
1.3857829603621323,2.9003569801329645,37.4741577623834,0.65625,284.353488372093,220.49843257243583,0.15,94,92,Hammering/v_Hammering_g13_c07.avi
0.6611910854043128,5.181830858234307,197.2159745684918,0.8409883720930232,245.28372093023256,176.3263055078897,0.21395348837209302,252,249,Hammering/v_Hammering_g14_c01.avi
0.6943667007808075,1.905657112631325,23.97524765252697,0.8356104651162791,264.1488372093023,395.11093077125446,0.2180232558139535,189,186,Hammering/v_Hammering_g14_c02.avi
0.8442077777970107,3.9271452071329165,255.67129776335864,0.8568313953488372,239.14418604651163,168.05539687759605,0.225,277,274,Hammering/v_Hammering_g14_c03.avi
0.855189316390435,2.8706925956589635,45.34313619501854,0.8462209302325582,235.90697674418604,155.01414998480325,0.21627906976744185,277,274,Hammering/v_Hammering_g14_c04.avi
0.6874882683084736,4.092687790133518,256.5043859274145,0.8502906976744186,273.86046511627904,222.271317694279,0.19534883720930232,252,249,Hammering/v_Hammering_g14_c05.avi
0.6689258091855659,1.923173334516713,27.552223140792105,0.8508720930232558,233.45116279069768,150.60404326406754,0.21976744186046512,152,150,Hammering/v_Hammering_g14_c06.avi
0.9455010094200839,3.3051837462193854,63.7808748764079,0.8263081395348837,231.10697674418606,127.12997450027795,0.19476744186046513,252,249,Hammering/v_Hammering_g14_c07.avi
0.774809509406371,2.044352749359487,28.377477865377678,0.7911337209302326,243.49767441860465,211.37786895265023,0.29534883720930233,127,125,Hammering/v_Hammering_g15_c01.avi
0.4393708185943959,0.7825072295454822,16.387876616572385,0.8177325581395349,238.92093023255813,394.44556116746463,0.32151162790697674,152,150,Hammering/v_Hammering_g15_c02.avi
0.2764538101421685,0.6492424018663089,12.94821416257856,0.9540697674418605,286.3627906976744,546.3040115485812,0.30697674418604654,152,150,Hammering/v_Hammering_g15_c03.avi
0.31755486118982684,1.2309823771672515,18.50380028534679,0.9396802325581395,422.4372093023256,835.5824118467075,0.2680232558139535,152,150,Hammering/v_Hammering_g15_c04.avi
0.5609195816664998,3.4900156646041225,63.953107821277925,0.8536337209302326,551.4790697674418,1086.8990446600162,0.2936046511627907,152,150,Hammering/v_Hammering_g15_c05.avi
0.4395748293298862,1.65815880724075,75.16648189186454,0.9011627906976745,458.3813953488372,906.6788788878391,0.2668604651162791,97,95,Hammering/v_Hammering_g15_c06.avi
0.6530835657009827,1.3717295035010524,19.525624189766635,0.7976744186046512,223.96279069767442,170.67286404828556,0.29709302325581394,123,121,Hammering/v_Hammering_g15_c07.avi
1.0460100664089598,1.7462061569083454,26.1725046566048,0.6777616279069767,298.75348837209305,241.07883430176193,0.14709302325581394,70,68,Hammering/v_Hammering_g16_c01.avi
1.450393917010443,6.6343221846941285,238.00840321299583,0.6787790697674418,292.9488372093023,227.0501474903553,0.13313953488372093,67,65,Hammering/v_Hammering_g16_c02.avi
2.0485030039683894,4.3662198435865545,30.780726518391344,0.5504360465116279,287.0325581395349,254.29013618025414,0.22674418604651161,64,62,Hammering/v_Hammering_g16_c03.avi
1.4480626201911493,2.4053812620326327,20.501524333570906,0.6300872093023255,332.2418604651163,312.8201758738524,0.24476744186046512,77,75,Hammering/v_Hammering_g16_c04.avi
0.15899861623573833,0.5696103890096094,15.521154918368671,0.9497093023255814,559.1813953488372,783.9540088716684,0.1883720930232558,152,150,Hammering/v_Hammering_g17_c01.avi
0.30316576517036553,1.0932415941011633,14.800760115615684,0.9225290697674419,413.50697674418603,366.6251855717377,0.20755813953488372,127,125,Hammering/v_Hammering_g17_c02.avi
0.19336982534188293,0.9323058671022597,21.02379604162864,0.9436046511627907,418.6418604651163,368.8776404128322,0.20406976744186048,128,126,Hammering/v_Hammering_g17_c03.avi
0.22635786150371434,1.0524888916667847,31.016124838541646,0.9488372093023256,393.30232558139534,349.2276884307496,0.19186046511627908,127,125,Hammering/v_Hammering_g17_c04.avi
0.2758517885794182,1.3294706741014168,19.5,0.942296511627907,454.69767441860466,512.9785133033067,0.2186046511627907,127,125,Hammering/v_Hammering_g17_c05.avi
0.2220254917096609,0.8275787815106574,15.380588415272024,0.9309593023255814,422.66046511627906,348.01762995942374,0.11337209302325581,127,125,Hammering/v_Hammering_g17_c06.avi
0.17727689994235082,0.8495547788450475,21.587033144922902,0.9469476744186046,392.4093023255814,365.9910532735157,0.2593023255813954,142,140,Hammering/v_Hammering_g17_c07.avi
2.5188060593062827,3.068425705759347,15.116216457830975,0.5630813953488372,243.1627906976744,177.3364861305824,0.225,90,88,Hammering/v_Hammering_g18_c01.avi
0.3472039624845405,0.5096724402702979,4.366062299143245,0.8566860465116279,228.09302325581396,188.2610525435716,0.3127906976744186,77,75,Hammering/v_Hammering_g18_c02.avi
0.9742746396238512,1.2897120061677556,7.525996611745184,0.7274709302325582,343.9627906976744,560.74661069521,0.19069767441860466,152,150,Hammering/v_Hammering_g18_c03.avi
1.1441200246858232,1.7840549614024708,11.718041645257966,0.7366279069767442,342.28837209302327,571.5099304145697,0.2622093023255814,116,114,Hammering/v_Hammering_g18_c04.avi
1.542649472768528,2.6919610505133496,16.492422502470642,0.7511627906976744,319.6279069767442,433.8220095446826,0.18255813953488373,157,155,Hammering/v_Hammering_g18_c05.avi
6.372252339120224,17.840708759568045,77.41446893184762,0.8218023255813953,328.11162790697676,448.643709681619,0.22441860465116278,152,150,Hammering/v_Hammering_g18_c06.avi
1.9201772701566338,2.349934961620903,19.81161275615895,0.4831395348837209,306.1209302325581,425.6598972966287,0.19244186046511627,252,249,Hammering/v_Hammering_g18_c07.avi
0.15321764812631206,0.8856061449751566,19.0,0.9642441860465116,352.6697674418605,336.9706877976623,0.26395348837209304,98,96,Hammering/v_Hammering_g19_c01.avi
0.16751770653979667,0.7488494384808527,13.036607112281938,0.9494186046511628,411.27441860465115,372.2116852651429,0.23546511627906977,107,105,Hammering/v_Hammering_g19_c02.avi
0.23611075891789868,1.0673441563928687,24.08318915758459,0.9375,335.70232558139537,339.8721301876819,0.32906976744186045,103,101,Hammering/v_Hammering_g19_c03.avi
0.2586081337031616,1.0874843431308152,13.334635353094587,0.9290697674418604,337.93488372093026,331.02829983968735,0.2895348837209302,91,89,Hammering/v_Hammering_g19_c04.avi
0.18162186660802807,0.8540119165880924,22.825424421026653,0.9531976744186047,398.10232558139535,360.53413700796773,0.22267441860465118,107,105,Hammering/v_Hammering_g19_c05.avi
0.302049403637539,1.191007971301648,22.02271554554524,0.9277616279069767,424.446511627907,507.71237570234547,0.2552325581395349,118,116,Hammering/v_Hammering_g19_c06.avi
0.5889301836001845,7.570442260103033,304.138126514911,0.9158430232558139,251.86976744186046,421.16531777907113,0.3843023255813954,107,105,Hammering/v_Hammering_g20_c01.avi
0.36942120417714697,1.6298163735231976,39.0,0.9143895348837209,208.33488372093024,175.7390227922166,0.3784883720930233,107,105,Hammering/v_Hammering_g20_c02.avi
0.47873470758531966,2.085699343100855,65.80273550544841,0.9129360465116279,218.3813953488372,186.96494790973577,0.3540697674418605,107,105,Hammering/v_Hammering_g20_c03.avi
0.49449536862042043,3.17628930041768,69.71056232738336,0.9207848837209303,371.0883720930233,471.00785220793927,0.2005813953488372,171,168,Hammering/v_Hammering_g20_c04.avi
1.987404900243921,9.69431254815842,185.38106868016484,0.813953488372093,216.14883720930231,177.06983561491896,0.3447674418604651,185,182,Hammering/v_Hammering_g21_c01.avi
0.6771243402736898,2.284850235834428,34.01125732753789,0.88125,373.3209302325581,751.4513363866446,0.2680232558139535,161,159,Hammering/v_Hammering_g21_c02.avi
1.573302330456217,9.942505573950037,129.00387591076478,0.909156976744186,355.68372093023254,669.6575816876384,0.2854651162790698,187,184,Hammering/v_Hammering_g21_c03.avi
1.095273935620603,4.750679868969569,87.02298546935747,0.8401162790697675,279.3302325581395,551.0037502657515,0.3622093023255814,92,90,Hammering/v_Hammering_g21_c04.avi
0.8556852053262015,2.7703044114586914,46.2709412050371,0.8453488372093023,496.33488372093024,840.6391585154939,0.1691860465116279,152,150,Hammering/v_Hammering_g21_c05.avi
0.8040436670413091,4.879182851706433,248.0,0.8988372093023256,353.1162790697674,673.5918717851276,0.32209302325581396,152,150,Hammering/v_Hammering_g21_c06.avi
1.393142696788397,7.125612197776431,154.00324671902212,0.8877906976744186,218.93953488372094,220.47051391685105,0.4255813953488372,207,204,Hammering/v_Hammering_g21_c07.avi
0.2507728700254408,1.2364339998451825,22.45133626312697,0.91875,333.4697674418605,338.49373291912997,0.3313953488372093,217,214,Hammering/v_Hammering_g22_c01.avi
0.31068207580808177,0.983520228675263,14.111719420396652,0.8902616279069767,333.0232558139535,338.7221876249025,0.33372093023255817,230,227,Hammering/v_Hammering_g22_c02.avi
0.15881132376418433,0.9756583584122142,15.669436811832135,0.9662790697674418,319.06976744186045,329.6214456889682,0.34825581395348837,152,150,Hammering/v_Hammering_g22_c03.avi
0.2947879625603069,1.168491935695972,15.0,0.9152616279069767,273.74883720930234,287.11685034922954,0.375,169,166,Hammering/v_Hammering_g22_c04.avi
0.3577520230753406,1.632135760859076,24.08318915758459,0.9382267441860465,205.43255813953488,242.0537588962037,0.5424418604651163,163,160,Hammering/v_Hammering_g22_c05.avi
0.1862881634525902,0.8049789588723599,11.718041645257966,0.9465116279069767,285.24651162790695,302.80427276395943,0.3802325581395349,154,152,Hammering/v_Hammering_g22_c06.avi
0.21641188465310576,1.05582183015124,15.700318468107582,0.9436046511627907,280.2232558139535,307.63304388788475,0.41569767441860467,179,176,Hammering/v_Hammering_g22_c07.avi
1.599639754282662,3.4929068417595057,46.09772228646444,0.5808139534883721,354.5674418604651,339.6855917838567,0.2680232558139535,77,75,Hammering/v_Hammering_g23_c01.avi
1.9274447256511242,3.9051449574152737,45.17742799230607,0.5125,349.3209302325581,328.5879646185446,0.2441860465116279,103,101,Hammering/v_Hammering_g23_c02.avi
1.345837186345905,2.273141945135028,20.053054630155476,0.7398255813953488,310.3627906976744,281.41727441007964,0.2191860465116279,132,130,Hammering/v_Hammering_g23_c03.avi
1.1602520513939387,1.7817318164917377,27.018512172212592,0.5859011627906977,390.51162790697674,578.4283586960977,0.1622093023255814,171,168,Hammering/v_Hammering_g23_c04.avi
0.8391232067646038,4.009602636785297,123.4908903522847,0.8117732558139535,349.65581395348835,325.11518195243576,0.23081395348837208,120,118,Hammering/v_Hammering_g23_c05.avi
1.2662251473072224,2.54387125858429,21.84176046018269,0.7845930232558139,310.0279069767442,304.27695334592744,0.2930232558139535,158,156,Hammering/v_Hammering_g23_c06.avi
0.26160521306939966,0.9288318915166525,18.384776310850235,0.9322674418604651,213.58139534883722,169.2184816667136,0.34186046511627904,136,134,Hammering/v_Hammering_g24_c01.avi
0.2584397719644944,0.7471550570832535,9.990620601344043,0.9247093023255814,229.9906976744186,178.18803735843994,0.28430232558139534,135,133,Hammering/v_Hammering_g24_c02.avi
0.3972047059025104,1.7226989641337527,25.760920014626805,0.9161337209302326,199.96279069767442,162.72561729010147,0.3941860465116279,122,120,Hammering/v_Hammering_g24_c03.avi
0.1893945598815946,0.5907389798015911,10.977249200050075,0.9530523255813953,223.1813953488372,148.12665739363436,0.2616279069767442,107,105,Hammering/v_Hammering_g24_c04.avi
0.238561484777604,0.9003475238041364,16.347782724271816,0.9293604651162791,369.86046511627904,761.4856220724324,0.36046511627906974,184,181,Hammering/v_Hammering_g24_c05.avi
0.230113438892873,0.7918798491580171,13.818578979041224,0.9430232558139535,241.71162790697673,168.10199175570062,0.21395348837209302,220,217,Hammering/v_Hammering_g24_c06.avi
0.18546249995007666,0.6606005502452755,10.636758199752403,0.9645348837209302,228.87441860465117,166.19108656173157,0.2668604651162791,230,227,Hammering/v_Hammering_g24_c07.avi
1.0753575128052082,2.3148090543337454,40.01249804748511,0.6379360465116279,273.4139534883721,436.008716352704,0.36511627906976746,62,60,Hammering/v_Hammering_g25_c01.avi
0.5916375139275344,1.0275806943319081,17.240939649566666,0.7710755813953488,251.86976744186046,423.1959706224868,0.3936046511627907,74,72,Hammering/v_Hammering_g25_c02.avi
1.1310069804514014,2.398229647317966,32.55764119219941,0.732703488372093,259.68372093023254,409.0359539153704,0.29709302325581394,77,75,Hammering/v_Hammering_g25_c03.avi
0.9204981366749123,3.2512633312942696,45.52471856036015,0.7796511627906977,224.96744186046513,189.36239124767442,0.32906976744186045,77,75,Hammering/v_Hammering_g25_c04.avi
3.408520287220302,5.991749868485111,115.12167476196652,0.5473837209302326,274.86511627906975,254.17747954668883,0.2738372093023256,203,200,HammerThrow/v_HammerThrow_g08_c01.avi
2.0091278507467756,6.95911195615555,189.88944151795275,0.8171511627906977,654.8465116279069,1186.865110446342,0.2947674418604651,186,183,HammerThrow/v_HammerThrow_g08_c02.avi
2.538457962300996,7.788621022887528,273.19040978775223,0.7382267441860465,854.1023255813953,1299.8286143714402,0.2802325581395349,203,200,HammerThrow/v_HammerThrow_g08_c03.avi
2.3338426593111916,6.910759197495258,91.89396062854185,0.8053779069767442,949.8790697674418,1479.2758392645007,0.2813953488372093,203,200,HammerThrow/v_HammerThrow_g08_c04.avi
1.396235034788976,9.198699417249532,368.89785171507845,0.7277616279069767,733.0976744186047,1264.0027909684327,0.1755813953488372,202,199,HammerThrow/v_HammerThrow_g08_c05.avi
6.32215759972613,25.481179462244913,346.09247319177575,0.5194767441860465,277.65581395348835,281.76007053860354,0.3430232558139535,167,164,HammerThrow/v_HammerThrow_g08_c06.avi
0.369526691660357,1.6593537960654536,125.00849971101965,0.8585755813953488,320.74418604651163,302.3200285715458,0.24883720930232558,134,132,HammerThrow/v_HammerThrow_g09_c01.avi
1.3195935506979646,2.7286211613838383,30.25,0.8697674418604651,422.54883720930235,339.3726307448022,0.08139534883720931,131,129,HammerThrow/v_HammerThrow_g09_c02.avi
0.46363151236395217,0.6455793883134805,15.757934509319425,0.8005813953488372,354.6790697674419,281.6667407020916,0.07209302325581396,151,149,HammerThrow/v_HammerThrow_g09_c03.avi
1.8895708270644005,2.316328033701325,30.259296092275513,0.4104651162790698,405.4697674418605,366.24840695574403,0.22616279069767442,166,163,HammerThrow/v_HammerThrow_g09_c04.avi
0.7855930697507362,3.8760705287540747,283.2966642938106,0.6738372093023256,346.0837209302326,281.3889346184202,0.09825581395348837,138,136,HammerThrow/v_HammerThrow_g09_c05.avi
1.2846018464215738,15.52546341667667,388.80329216713176,0.7010174418604651,292.6139534883721,230.987676688702,0.14418604651162792,137,135,HammerThrow/v_HammerThrow_g09_c06.avi
1.3449710689048069,6.095950217615008,325.0,0.760610465116279,257.1162790697674,230.08079564728902,0.28255813953488373,144,142,HammerThrow/v_HammerThrow_g09_c07.avi
0.11703057886439862,0.6160797083030383,11.25,0.9668604651162791,495.21860465116276,613.600145256272,0.16569767441860464,253,250,HammerThrow/v_HammerThrow_g10_c01.avi
0.7728965245784974,3.935294770909983,40.22514760693862,0.9351744186046511,324.53953488372093,333.41676841492057,0.3430232558139535,183,180,HammerThrow/v_HammerThrow_g10_c02.avi
1.370336725828251,4.851293612454482,92.0,0.670203488372093,400.446511627907,388.2322317165915,0.32906976744186045,173,170,HammerThrow/v_HammerThrow_g10_c03.avi
0.18091420795297525,0.9208876365693749,16.463975826026957,0.9577034883720931,432.5953488372093,507.20158735055713,0.23372093023255813,238,235,HammerThrow/v_HammerThrow_g10_c04.avi
0.12194535648998854,1.297096197337271,98.08159868191383,0.9725290697674419,436.72558139534885,376.0213675849764,0.19127906976744186,232,229,HammerThrow/v_HammerThrow_g10_c05.avi
0.33283010381071476,2.3700113828516067,66.03786792439622,0.9597383720930233,402.1209302325581,364.37645276467475,0.22732558139534884,130,128,HammerThrow/v_HammerThrow_g10_c06.avi
0.26400038800241904,1.4638861876612095,56.97546072652682,0.9462209302325582,463.293023255814,401.94589789553265,0.24593023255813953,210,207,HammerThrow/v_HammerThrow_g10_c07.avi
1.073947319402587,3.610598231056358,99.00505037623081,0.8920058139534883,325.09767441860464,345.76839236312844,0.3866279069767442,143,141,HammerThrow/v_HammerThrow_g11_c01.avi
0.5391816386523038,1.2716266517730426,21.70829334609241,0.7335755813953488,334.69767441860466,309.38404935386,0.225,102,100,HammerThrow/v_HammerThrow_g11_c02.avi
0.5289266258704902,0.8912024985044685,13.953606164715987,0.7058139534883721,363.6093023255814,336.89857131683885,0.2302325581395349,158,156,HammerThrow/v_HammerThrow_g11_c03.avi
0.35644561282040016,1.038255597836245,13.606064824187778,0.8690406976744186,379.12558139534883,364.22581552442085,0.288953488372093,150,148,HammerThrow/v_HammerThrow_g11_c04.avi
2.74468764614109,7.567765533634625,170.0470523119998,0.8145348837209302,302.4372093023256,318.846196809871,0.3697674418604651,163,160,HammerThrow/v_HammerThrow_g11_c05.avi
1.9394606011734772,3.950773599571532,24.0,0.6965116279069767,390.7348837209302,482.58270233927726,0.2052325581395349,139,137,HammerThrow/v_HammerThrow_g11_c06.avi
0.46634826738522805,1.5051049391351825,34.007352146263905,0.7776162790697675,493.3209302325581,419.3794355440836,0.2709302325581395,183,180,HammerThrow/v_HammerThrow_g12_c01.avi
0.6949733845859055,2.8238666150666787,103.24636797485904,0.846656976744186,504.706976744186,422.93655876741457,0.26976744186046514,183,180,HammerThrow/v_HammerThrow_g12_c02.avi
0.22833899475734803,0.6723966828537591,22.501388846024593,0.8776162790697675,538.1953488372093,644.4272012049036,0.3186046511627907,198,195,HammerThrow/v_HammerThrow_g12_c03.avi
0.76575305921257,2.1344135448312063,60.91182151274086,0.8031976744186047,498.45581395348836,554.4860068284171,0.3813953488372093,160,158,HammerThrow/v_HammerThrow_g12_c04.avi
0.7922267856332867,2.538425587561009,71.95104672622908,0.8111918604651163,508.83720930232556,432.6150300172928,0.30872093023255814,168,165,HammerThrow/v_HammerThrow_g12_c05.avi
0.4340267808803626,1.2200805666981356,30.01666203960727,0.8155523255813953,483.6093023255814,433.39524461281474,0.35174418604651164,190,187,HammerThrow/v_HammerThrow_g12_c06.avi
0.30889537881056756,0.9857672538767733,29.399192165772174,0.891860465116279,641.4511627906977,798.0390712507966,0.2738372093023256,198,195,HammerThrow/v_HammerThrow_g12_c07.avi
0.7370956265694498,2.698801513359795,138.2244551445221,0.7678779069767442,427.46046511627907,416.4601291056173,0.386046511627907,181,178,HammerThrow/v_HammerThrow_g13_c01.avi
0.06769546999647048,0.5345382923489259,15.637495003996005,0.9835755813953488,430.13953488372096,408.4788333245706,0.34418604651162793,92,90,HammerThrow/v_HammerThrow_g13_c02.avi
0.8030338257546185,2.2794487456073402,39.50079113131786,0.7632267441860465,365.0604651162791,364.1779159744651,0.32965116279069767,137,135,HammerThrow/v_HammerThrow_g13_c03.avi
0.08237433015486377,0.5715721003972007,17.147339443773777,0.9872093023255814,412.72558139534885,405.97435369394964,0.3744186046511628,93,91,HammerThrow/v_HammerThrow_g13_c04.avi
1.4867137635550616,4.248292839577831,97.92096621765943,0.6033430232558139,450.0093023255814,422.42566419895917,0.363953488372093,168,165,HammerThrow/v_HammerThrow_g13_c05.avi
1.2278342634420119,4.250185878083687,72.91776189653656,0.7424418604651163,421.9906976744186,416.3345478427417,0.39825581395348836,180,177,HammerThrow/v_HammerThrow_g13_c06.avi
2.9039149068798387,6.804135296863199,84.0535543567314,0.6116279069767442,467.0883720930233,423.5451559953405,0.3354651162790698,168,165,HammerThrow/v_HammerThrow_g13_c07.avi
0.08656329939968108,0.3468661351173205,10.514870422406545,0.9965116279069768,303.21860465116276,321.8430407973441,0.37732558139534883,175,172,HammerThrow/v_HammerThrow_g14_c01.avi
2.0423605167734293,8.830269683524346,306.6153942645411,0.48008720930232557,461.95348837209303,911.1584742944166,0.3040697674418605,226,223,HammerThrow/v_HammerThrow_g14_c02.avi
0.9196920873237169,2.331340976492096,48.000651037251565,0.791860465116279,175.96279069767442,166.79880238159066,0.5191860465116279,179,176,HammerThrow/v_HammerThrow_g14_c03.avi
1.9477071945091369,3.5755286294815525,24.73863375370596,0.7120639534883721,211.34883720930233,179.71746349393658,0.37209302325581395,183,180,HammerThrow/v_HammerThrow_g14_c04.avi
1.2366159279504938,9.844255513794177,335.669852682662,0.8257267441860465,279.3302325581395,241.69540270895428,0.22267441860465118,92,90,HammerThrow/v_HammerThrow_g14_c05.avi
3.0437864328170843,7.386214673547218,112.21853679316978,0.6232558139534884,253.09767441860464,220.35823844459645,0.2755813953488372,187,184,HammerThrow/v_HammerThrow_g14_c06.avi
0.5192259864790174,0.7133624140863957,12.651580928879994,0.8524709302325582,243.83255813953488,245.93629324545898,0.37965116279069766,235,232,HammerThrow/v_HammerThrow_g15_c01.avi
0.509304911540345,0.634038456521624,11.319231422671772,0.8328488372093024,307.7953488372093,294.6516665989342,0.26976744186046514,239,236,HammerThrow/v_HammerThrow_g15_c02.avi
0.9378037615381417,1.1775807547934998,14.866068747318506,0.6784883720930233,350.3255813953488,483.33433567590316,0.32732558139534884,226,223,HammerThrow/v_HammerThrow_g15_c03.avi
1.2655485556201618,1.386275861165967,8.00390529679106,0.6563953488372093,365.73023255813956,288.9363038640932,0.061046511627906974,212,209,HammerThrow/v_HammerThrow_g15_c04.avi
0.7508987457788976,0.8452103543286859,6.800735254367722,0.6415697674418605,310.3627906976744,304.81555003920056,0.2936046511627907,228,225,HammerThrow/v_HammerThrow_g15_c05.avi
0.1402317385952509,1.6654064397725568,65.30696746902278,0.9763081395348837,194.26976744186047,197.24215259525798,0.488953488372093,164,161,HammerThrow/v_HammerThrow_g16_c01.avi
0.20143439867367427,1.3646467515192855,82.00152437607487,0.9508720930232558,325.54418604651164,317.0922492891008,0.2819767441860465,116,114,HammerThrow/v_HammerThrow_g16_c02.avi
0.16204202272303359,1.0421543449301123,33.24154027718932,0.9569767441860465,410.26976744186044,493.59527886574296,0.2127906976744186,121,119,HammerThrow/v_HammerThrow_g16_c03.avi
0.25240734725747693,1.339326011384597,17.1117649586476,0.9513081395348837,397.09767441860464,350.96325222620726,0.1883720930232558,149,147,HammerThrow/v_HammerThrow_g16_c04.avi
0.15058015314339626,0.6962772424065465,13.0,0.976453488372093,256.2232558139535,244.88415185809825,0.3244186046511628,153,151,HammerThrow/v_HammerThrow_g17_c01.avi
0.7098527255982832,8.281729330469824,308.1038785864274,0.9280523255813954,227.31162790697675,193.03531573420892,0.3261627906976744,158,156,HammerThrow/v_HammerThrow_g17_c02.avi
1.6991915705081713,4.773024588513765,57.500543475692474,0.8417151162790698,225.9720930232558,186.73313668837602,0.3191860465116279,184,181,HammerThrow/v_HammerThrow_g17_c03.avi
0.4061826186221939,1.0371277004797785,22.892752674154327,0.8747093023255814,201.07906976744187,177.57526613613933,0.41627906976744183,181,178,HammerThrow/v_HammerThrow_g17_c04.avi
0.8016532666082002,2.3140993891195794,39.92492955535426,0.8654069767441861,215.25581395348837,187.91241069739092,0.37034883720930234,178,175,HammerThrow/v_HammerThrow_g17_c05.avi
0.7403912508143051,3.0831631655348133,60.50051652672066,0.8168604651162791,260.13023255813954,209.211991668942,0.22034883720930232,103,101,HammerThrow/v_HammerThrow_g18_c01.avi
0.30468966294723465,1.2755648335591836,35.61096214650764,0.9184593023255814,256.446511627907,226.61025998328432,0.27674418604651163,140,138,HammerThrow/v_HammerThrow_g18_c02.avi
0.3727933168142771,2.964832785502571,226.43321311150447,0.9036337209302325,194.93953488372094,169.02805896082089,0.42965116279069765,132,130,HammerThrow/v_HammerThrow_g18_c03.avi
0.26971896813417595,0.8001045463313095,15.013535559620859,0.9053779069767441,227.08837209302325,193.11302053978932,0.32732558139534884,157,155,HammerThrow/v_HammerThrow_g18_c04.avi
0.5176564913474282,1.429307277426054,17.46424919657298,0.8870639534883721,618.3441860465116,1145.9199422708832,0.3732558139534884,117,115,HammerThrow/v_HammerThrow_g18_c05.avi
0.6231474106344087,1.51769641921522,18.301724645508138,0.8731104651162791,374.8837209302326,360.8530725483019,0.2877906976744186,199,196,HammerThrow/v_HammerThrow_g19_c01.avi
0.2594593242788255,1.0386232578926167,19.255275251213625,0.9463662790697674,371.5348837209302,356.8703333560211,0.2819767441860465,176,173,HammerThrow/v_HammerThrow_g19_c02.avi
2.4288855782105605,5.991304127613585,148.380265281472,0.7895348837209303,211.90697674418604,216.367453808571,0.44825581395348835,166,163,HammerThrow/v_HammerThrow_g19_c03.avi
0.9936381821838722,1.7369554122199138,17.71166635300022,0.6694767441860465,333.13488372093025,336.7612299425638,0.3261627906976744,210,207,HammerThrow/v_HammerThrow_g19_c04.avi
1.3252637748269274,6.497884827514049,148.00337833982033,0.809593023255814,369.6372093023256,348.277567080837,0.25465116279069766,210,207,HammerThrow/v_HammerThrow_g19_c05.avi
0.3268848587846305,0.9805917447701187,16.50189383070925,0.8683139534883721,393.4139534883721,364.17599986142363,0.24941860465116278,242,239,HammerThrow/v_HammerThrow_g19_c06.avi
0.30735566637662537,0.9355200360256765,14.142135623730951,0.8966569767441861,377.7860465116279,342.6158344820891,0.20988372093023255,198,195,HammerThrow/v_HammerThrow_g19_c07.avi
3.850591452303682,12.177680091672643,198.480635075566,0.739389534883721,357.24651162790695,345.0387907743042,0.2796511627906977,204,201,HammerThrow/v_HammerThrow_g20_c01.avi
1.2298858202153173,2.013797759034267,16.064323826417343,0.7347383720930233,419.9813953488372,335.6448838072167,0.07383720930232558,193,190,HammerThrow/v_HammerThrow_g20_c02.avi
1.5039992882783977,5.36171523197513,177.0,0.7614825581395349,363.6093023255814,344.44805313547,0.25813953488372093,192,189,HammerThrow/v_HammerThrow_g20_c03.avi
1.0970393608437379,2.3216501304588437,18.788294228055936,0.7617732558139535,407.25581395348837,333.1186039936273,0.09593023255813954,120,118,HammerThrow/v_HammerThrow_g20_c04.avi
1.1363721551484978,1.6430960997538804,18.027756377319946,0.6595930232558139,392.29767441860463,351.11970362493395,0.20174418604651162,205,202,HammerThrow/v_HammerThrow_g20_c05.avi
1.5908131290726968,8.432444943404276,313.6220854786856,0.5616279069767441,305.89767441860465,443.97256226156964,0.2796511627906977,188,185,HammerThrow/v_HammerThrow_g21_c01.avi
0.2412512133961847,1.1067842847873792,29.34706118165838,0.9361918604651163,377.6744186046512,670.8707192177429,0.22906976744186047,233,230,HammerThrow/v_HammerThrow_g21_c02.avi
0.6345523433220219,1.5777685760875015,29.120439557122072,0.8167151162790698,216.37209302325581,193.20901120780655,0.37616279069767444,148,146,HammerThrow/v_HammerThrow_g21_c03.avi
1.4078864253085934,4.183960852490852,104.64822024286892,0.7867732558139535,208.66976744186047,168.16602473951184,0.3627906976744186,140,138,HammerThrow/v_HammerThrow_g21_c04.avi
0.9432409106517041,5.614513560259627,147.05441169852742,0.8843023255813953,275.5348837209302,419.9164561891744,0.2819767441860465,140,138,HammerThrow/v_HammerThrow_g21_c05.avi
2.2759174219579736,3.5074779356535912,89.80534505250787,0.40901162790697676,197.50697674418603,157.97238115296926,0.39767441860465114,155,153,HammerThrow/v_HammerThrow_g22_c01.avi
3.1748423650899302,5.4210865071784955,115.5195465062082,0.44825581395348835,241.15348837209302,173.38911656630935,0.22616279069767442,182,179,HammerThrow/v_HammerThrow_g22_c02.avi
3.8528982570187553,9.191272939073162,228.25,0.6764534883720931,121.26511627906977,146.39824449913445,0.7761627906976745,166,163,HammerThrow/v_HammerThrow_g22_c03.avi
2.278965876716043,3.5510482553103873,69.06518659932803,0.43866279069767444,209.78604651162792,114.74805887073857,0.2755813953488372,133,131,HammerThrow/v_HammerThrow_g22_c04.avi
1.363754680624451,4.370456021354332,132.23085872821065,0.6880813953488372,179.4232558139535,125.28829050728118,0.436046511627907,135,133,HammerThrow/v_HammerThrow_g22_c05.avi
1.4450555772989804,3.999182643584044,130.0,0.5566860465116279,203.86976744186046,149.3125386639431,0.35290697674418603,135,133,HammerThrow/v_HammerThrow_g22_c06.avi
1.7837264914769302,4.696198947714031,111.76901404235433,0.5200581395348837,220.05581395348838,145.05426939890157,0.2709302325581395,155,153,HammerThrow/v_HammerThrow_g22_c07.avi
0.7399019796314071,1.8343848680055552,20.0,0.7558139534883721,460.72558139534885,381.49258159328406,0.16395348837209303,208,205,HammerThrow/v_HammerThrow_g23_c01.avi
2.2373041567143193,7.991019111723136,97.0,0.7468023255813954,465.9720930232558,526.6675039209434,0.2738372093023256,126,124,HammerThrow/v_HammerThrow_g23_c02.avi
0.44096505591291746,1.3519420520851757,15.033296378372908,0.8995639534883721,460.27906976744185,413.11827945243397,0.30116279069767443,230,227,HammerThrow/v_HammerThrow_g23_c03.avi
0.06478622864814312,0.42136695424519954,15.20896117425513,0.9805232558139535,457.93488372093026,380.3095623327537,0.16453488372093023,151,149,HammerThrow/v_HammerThrow_g23_c04.avi
0.5681152092086722,1.1033564493259986,23.021728866442675,0.8066860465116279,426.6790697674419,382.6522427273241,0.24127906976744187,140,138,HammerThrow/v_HammerThrow_g23_c05.avi
0.8347890159881807,3.20638784192215,91.706052144883,0.8838662790697674,434.8279069767442,402.6868402545878,0.3081395348837209,206,203,HammerThrow/v_HammerThrow_g23_c06.avi
0.10949470616230672,0.5399803413651298,13.038404810405298,0.9813953488372092,460.27906976744185,410.5160861693313,0.2895348837209302,194,191,HammerThrow/v_HammerThrow_g23_c07.avi
0.08960128173802318,0.700256486330625,29.71216081001178,0.9770348837209303,628.7255813953489,626.9395238417294,0.14244186046511628,198,195,HammerThrow/v_HammerThrow_g24_c01.avi
0.14275527348832473,0.4991309870274946,8.896979824637123,0.982703488372093,713.5627906976745,860.5513940906039,0.2703488372093023,148,146,HammerThrow/v_HammerThrow_g24_c02.avi
0.1307682204406632,0.6667068737586018,14.0089257261219,0.9774709302325582,482.71627906976744,397.4599215894297,0.19127906976744186,162,160,HammerThrow/v_HammerThrow_g24_c03.avi
0.5777413296181474,3.0482656596222797,108.34760322683654,0.8632267441860465,453.9162790697674,433.2847095183879,0.4063953488372093,140,138,HammerThrow/v_HammerThrow_g24_c04.avi
5.594876157354372,11.49494474845614,306.01470552899906,0.43619186046511627,331.68372093023254,301.9768240993527,0.21046511627906977,123,121,HammerThrow/v_HammerThrow_g25_c01.avi
1.7926888036766098,5.353866609693732,149.00005243287669,0.8248546511627907,361.6,752.9744107576392,0.31511627906976747,95,93,HammerThrow/v_HammerThrow_g25_c02.avi
4.602815699623052,11.516245286335383,265.0,0.47848837209302325,182.66046511627906,148.2925802837941,0.45406976744186045,126,124,HammerThrow/v_HammerThrow_g25_c03.avi
0.9974007283933624,2.405330090530857,44.00071022154074,0.7601744186046512,233.22790697674418,203.89942610362274,0.32325581395348835,192,189,HammerThrow/v_HammerThrow_g25_c04.avi
2.3325325812924858,5.129838617959424,53.25410782277739,0.6829941860465116,273.4139534883721,407.55261699473067,0.23488372093023255,131,129,HammerThrow/v_HammerThrow_g25_c05.avi
0.0420297467100245,0.23158550699140895,7.0710678118654755,0.9875,348.53953488372093,345.55786655011536,0.30872093023255814,107,105,HandstandPushups/v_HandStandPushups_g08_c01.avi
0.048287266445779464,0.3765903879244679,12.130797583011597,0.9843023255813953,347.7581395348837,340.3621834489256,0.29186046511627906,96,94,HandstandPushups/v_HandStandPushups_g08_c02.avi
0.03488844876517839,0.17894764137049096,2.2638462845343543,0.9904069767441861,358.13953488372096,344.52674526723587,0.275,107,105,HandstandPushups/v_HandStandPushups_g08_c03.avi
0.02724544823966538,0.1605805698598021,8.54400374531753,0.9965116279069768,359.36744186046514,331.11561932136664,0.22209302325581395,132,130,HandstandPushups/v_HandStandPushups_g08_c04.avi
0.03659800842288857,0.17381129927660732,4.25,0.9934593023255814,335.36744186046514,345.0504915670535,0.3494186046511628,77,75,HandstandPushups/v_HandStandPushups_g08_c05.avi
0.8425755218726003,2.5548542687241205,33.63406011768428,0.809593023255814,452.0186046511628,769.2721535097284,0.22093023255813954,92,90,HandstandPushups/v_HandStandPushups_g09_c01.avi
0.980525801568498,4.495390325421642,49.63271350631557,0.8600290697674419,524.2418604651162,913.0837385456706,0.2238372093023256,92,90,HandstandPushups/v_HandStandPushups_g09_c02.avi
0.8141839938945564,4.741519361914035,91.0082413850526,0.8940406976744186,664.0,1082.539649631022,0.20290697674418604,107,105,HandstandPushups/v_HandStandPushups_g09_c03.avi
0.6310135297039801,3.6929469372820027,78.31347265956222,0.8872093023255814,585.6372093023256,974.5917396944138,0.20174418604651162,77,75,HandstandPushups/v_HandStandPushups_g09_c04.avi
1.3127102809234967,4.088652663062944,36.124783736376884,0.8369186046511627,159.4418604651163,139.65427450399199,0.5587209302325581,83,81,HandstandPushups/v_HandStandPushups_g10_c01.avi
0.29815580188660035,0.8900171641009973,7.75,0.9125,299.0883720930233,422.9723247911267,0.2058139534883721,72,70,HandstandPushups/v_HandStandPushups_g10_c02.avi
0.5913029133386167,2.7872619631647777,29.394142698843932,0.8968023255813954,241.6,191.96232188441516,0.261046511627907,77,75,HandstandPushups/v_HandStandPushups_g10_c03.avi
0.620813672590682,2.7309829200318823,28.635642126552707,0.8952034883720931,286.13953488372096,428.51596705185716,0.2802325581395349,132,130,HandstandPushups/v_HandStandPushups_g10_c04.avi
0.694437295127799,1.1884966491311835,11.792476415070755,0.7872093023255814,402.7906976744186,347.66627664107244,0.16104651162790698,147,145,HandstandPushups/v_HandStandPushups_g11_c01.avi
1.0525050044166477,1.803581159758243,13.671366061955915,0.7664244186046512,377.45116279069765,330.73704328510513,0.16744186046511628,153,151,HandstandPushups/v_HandStandPushups_g11_c02.avi
0.9421175547117043,2.192352051608329,22.92651303622075,0.7873546511627907,383.70232558139537,348.14279981691294,0.21395348837209302,187,184,HandstandPushups/v_HandStandPushups_g11_c03.avi
0.41911866417049504,1.469520756298725,19.7753002505651,0.8850290697674419,365.95348837209303,315.04344133736817,0.14593023255813953,147,145,HandstandPushups/v_HandStandPushups_g11_c04.avi
0.4067119395795729,1.7703990705865313,16.757461024868892,0.9084302325581395,497.1162790697674,768.9404733758375,0.1372093023255814,156,154,HandstandPushups/v_HandStandPushups_g11_c05.avi
0.26834459244582765,0.5575241731868142,3.5794552658190883,0.8811046511627907,367.06976744186045,299.64920539740257,0.09127906976744186,112,110,HandstandPushups/v_HandStandPushups_g11_c06.avi
0.40614756903058963,0.7887454982672304,11.704699910719626,0.8949127906976744,318.1767441860465,270.0498255810887,0.15755813953488373,107,105,HandstandPushups/v_HandStandPushups_g12_c01.avi
0.486084535406366,1.2487302723922318,22.216266563038893,0.8718023255813954,232.66976744186047,177.11233530883885,0.2703488372093023,87,85,HandstandPushups/v_HandStandPushups_g12_c02.avi
0.4023424558311209,0.9750967078501501,38.8329756778952,0.8928779069767442,419.9813953488372,592.8036653904719,0.17848837209302326,74,72,HandstandPushups/v_HandStandPushups_g12_c03.avi
0.555256884041557,1.3257248743362113,16.278820596099706,0.8665697674418604,272.9674418604651,226.54294497227616,0.20930232558139536,128,126,HandstandPushups/v_HandStandPushups_g12_c04.avi
0.3886251174794761,0.6470277009724479,11.631046814453118,0.8869186046511628,287.8139534883721,229.04607597943962,0.15755813953488373,110,108,HandstandPushups/v_HandStandPushups_g12_c05.avi
0.4081699649240552,0.8891613715770752,15.337861650177967,0.8792151162790698,366.51162790697674,667.6832688776997,0.23837209302325582,103,101,HandstandPushups/v_HandStandPushups_g12_c06.avi
0.3446084779378652,0.8940802734938234,20.024984394500787,0.9104651162790698,354.1209302325581,658.4975458830643,0.20988372093023255,253,250,HandstandPushups/v_HandStandPushups_g12_c07.avi
5.146538890457524,10.050502548388861,135.20355024924456,0.4313953488372093,195.27441860465117,201.36832860258053,0.4930232558139535,124,122,HandstandPushups/v_HandStandPushups_g13_c01.avi
4.260617547644367,7.648223701905623,163.74675569305182,0.3367732558139535,269.50697674418603,191.46834992001286,0.1436046511627907,87,85,HandstandPushups/v_HandStandPushups_g13_c02.avi
1.5569659399574438,3.8724767846577977,39.84971769034255,0.708139534883721,203.646511627907,176.96171094051405,0.4029069767441861,115,113,HandstandPushups/v_HandStandPushups_g13_c03.avi
2.0278784558022567,5.288925552142829,111.50336317797773,0.6002906976744186,233.11627906976744,405.7267501428807,0.3959302325581395,92,90,HandstandPushups/v_HandStandPushups_g13_c04.avi
1.155892813574779,3.9632520186963376,44.40720662234904,0.7209302325581395,201.63720930232557,176.23324531711575,0.41104651162790695,117,115,HandstandPushups/v_HandStandPushups_g13_c05.avi
1.9251220007047678,7.397573414237291,208.65521800328887,0.7699127906976744,199.06976744186048,204.89423197175356,0.48255813953488375,97,95,HandstandPushups/v_HandStandPushups_g13_c06.avi
1.3630884929976625,6.958176801992489,209.46837470128995,0.7418604651162791,183.88837209302326,149.53990399905834,0.45,153,151,HandstandPushups/v_HandStandPushups_g13_c07.avi
4.377506145283984,7.095401879354097,151.7926216915697,0.44665697674418603,205.65581395348838,155.81268614548804,0.35523255813953486,106,104,HandstandPushups/v_HandStandPushups_g14_c01.avi
1.9598480445389241,3.612732022989421,62.39390995922599,0.49186046511627907,213.02325581395348,129.19815110853867,0.2796511627906977,107,105,HandstandPushups/v_HandStandPushups_g14_c02.avi
7.189090553445034,14.298514553574648,205.54804791094466,0.5629360465116279,199.96279069767442,182.5870891577379,0.4313953488372093,126,124,HandstandPushups/v_HandStandPushups_g14_c03.avi
8.143687134580935,16.153974726413903,350.96723493796395,0.5284883720930232,158.66046511627906,161.03291897973065,0.5976744186046512,166,163,HandstandPushups/v_HandStandPushups_g14_c04.avi
0.6403534641786147,1.8109121560666683,13.625,0.8655523255813954,374.66046511627906,663.1719066270213,0.1819767441860465,113,111,HandstandPushups/v_HandStandPushups_g15_c01.avi
0.37179401799348405,2.3023352662867653,35.05709628591621,0.9396802325581395,718.0279069767441,1073.6213958126868,0.12848837209302325,109,107,HandstandPushups/v_HandStandPushups_g15_c02.avi
0.4404221586568877,2.507176921658183,30.516389039334257,0.9501453488372092,527.0325581395349,843.3446336065646,0.1511627906976744,109,107,HandstandPushups/v_HandStandPushups_g15_c03.avi
0.6645718587179915,2.803938494266446,31.569615534561077,0.8920058139534883,328.0,573.2609292662947,0.32034883720930235,122,120,HandstandPushups/v_HandStandPushups_g15_c04.avi
0.36252413488647056,1.867653664998045,27.011571594411162,0.9097383720930232,381.9162790697674,666.270461505331,0.18372093023255814,113,111,HandstandPushups/v_HandStandPushups_g15_c05.avi
0.39664224401638265,1.9791797752801354,20.0,0.9331395348837209,401.45116279069765,679.6098307363803,0.22848837209302325,103,101,HandstandPushups/v_HandStandPushups_g15_c06.avi
0.30714184998571653,1.4709061682972933,15.700318468107582,0.9232558139534883,390.6232558139535,389.7723634034622,0.3616279069767442,123,121,HandstandPushups/v_HandStandPushups_g16_c01.avi
0.24461889443147072,1.1496560822212387,14.96349725164542,0.9322674418604651,434.6046511627907,392.6002843022157,0.2651162790697674,127,125,HandstandPushups/v_HandStandPushups_g16_c02.avi
0.19360947934366626,1.0112790148924098,15.833607453767446,0.9463662790697674,436.0558139534884,393.2198351371249,0.26453488372093026,127,125,HandstandPushups/v_HandStandPushups_g16_c03.avi
0.18575054401015906,0.9375321246086376,16.0,0.9485465116279069,437.0604651162791,390.3223605959297,0.25,127,125,HandstandPushups/v_HandStandPushups_g16_c04.avi
0.18470704414528785,0.8015271722425327,10.660968530110198,0.9395348837209302,470.9953488372093,400.322701198228,0.22441860465116278,103,101,HandstandPushups/v_HandStandPushups_g16_c05.avi
0.12534277610615835,0.671680129038699,12.854960132182441,0.9726744186046512,446.7720930232558,394.2700044772655,0.24593023255813953,153,151,HandstandPushups/v_HandStandPushups_g16_c06.avi
0.11970770714079318,0.553243120179106,10.250762166785453,0.963953488372093,458.3813953488372,387.77598859171974,0.19476744186046513,161,159,HandstandPushups/v_HandStandPushups_g16_c07.avi
0.9070302251011,1.5267457556643458,31.575306807693888,0.7222383720930232,258.1209302325581,206.04222705398826,0.22151162790697673,87,85,HandstandPushups/v_HandStandPushups_g17_c01.avi
1.6394035922146555,1.6492148008120118,14.7648230602334,0.5129360465116279,261.0232558139535,406.60417231939374,0.28081395348837207,97,95,HandstandPushups/v_HandStandPushups_g17_c02.avi
0.7939591046497618,1.0487698866638087,18.384776310850235,0.6376453488372092,210.2325581395349,130.30854925803985,0.2941860465116279,77,75,HandstandPushups/v_HandStandPushups_g17_c03.avi
0.5393993561518061,1.0367116237570682,21.75,0.7853197674418605,313.04186046511626,658.2598293218753,0.3447674418604651,77,75,HandstandPushups/v_HandStandPushups_g17_c04.avi
1.6984578971409645,3.4560880283734434,33.24154027718932,0.7747093023255814,203.53488372093022,119.07616261895681,0.31046511627906975,92,90,HandstandPushups/v_HandStandPushups_g17_c05.avi
1.1214878156745873,4.115592293543806,61.5,0.8146802325581395,561.5255813953488,847.1873563666142,0.15058139534883722,107,105,HandstandPushups/v_HandStandPushups_g18_c01.avi
2.585685454837525,3.0602347884554635,22.36766639593858,0.3431686046511628,322.4186046511628,566.9837876587129,0.3005813953488372,127,125,HandstandPushups/v_HandStandPushups_g18_c02.avi
1.8214386189896234,4.166340956729092,24.261595166023195,0.6210755813953488,254.43720930232558,215.8516598976809,0.2593023255813954,95,93,HandstandPushups/v_HandStandPushups_g18_c03.avi
1.7253385976063922,4.749959451455356,68.01585293150414,0.678343023255814,273.9720930232558,433.89178713376316,0.35290697674418603,91,89,HandstandPushups/v_HandStandPushups_g18_c04.avi
1.259739063656843,1.8924229718625345,21.120191760493086,0.6229651162790698,309.5813953488372,558.3538193303989,0.2930232558139535,99,97,HandstandPushups/v_HandStandPushups_g18_c05.avi
0.9604857859872896,1.8796625009337122,13.202745926510893,0.7886627906976744,297.6372093023256,262.1357690323194,0.20872093023255814,103,101,HandstandPushups/v_HandStandPushups_g18_c06.avi
0.7663579229926217,0.9423603389523503,6.082762530298219,0.6843023255813954,267.8325581395349,235.49107495153189,0.25232558139534883,70,68,HandstandPushups/v_HandStandPushups_g18_c07.avi
0.42698328776291256,1.5091165390275605,31.04834939252005,0.8834302325581396,344.8558139534884,662.4536860695456,0.26744186046511625,136,134,HandstandPushups/v_HandStandPushups_g19_c01.avi
1.1458288509292596,4.635344392001475,125.2078272313676,0.8498546511627907,205.65581395348838,116.45305532318558,0.29709302325581394,137,135,HandstandPushups/v_HandStandPushups_g19_c02.avi
1.5677644600504288,5.411188323699978,69.35416353759881,0.8398255813953488,158.10232558139535,167.55014173253232,0.6122093023255814,84,82,HandstandPushups/v_HandStandPushups_g19_c03.avi
0.6927018890546488,2.011514508787573,20.751505969447134,0.8447674418604652,219.1627906976744,156.76866829712458,0.2941860465116279,107,105,HandstandPushups/v_HandStandPushups_g19_c04.avi
3.1586344485959064,4.456846000957166,30.25025826336033,0.40348837209302324,216.70697674418605,140.41779088789525,0.27906976744186046,112,110,HandstandPushups/v_HandStandPushups_g20_c01.avi
2.045638268865907,3.723350714693456,19.13520969312853,0.6507267441860465,272.07441860465116,415.2135612412188,0.2744186046511628,136,134,HandstandPushups/v_HandStandPushups_g20_c02.avi
2.2101855061219196,5.7623691999643,57.400048998236926,0.6357558139534883,240.03720930232558,414.8822175382084,0.4063953488372093,124,122,HandstandPushups/v_HandStandPushups_g20_c03.avi
1.8569676055617572,4.449492197327069,54.70831746635972,0.6053779069767442,214.0279069767442,196.0760629883582,0.3930232558139535,122,120,HandstandPushups/v_HandStandPushups_g20_c04.avi
1.5782842116769455,4.4290753898629776,58.790411633190665,0.8069767441860465,242.93953488372094,166.21507801015886,0.2052325581395349,127,125,HandstandPushups/v_HandStandPushups_g20_c05.avi
1.4252342109383158,2.3709584749730683,18.950593658247225,0.6773255813953488,197.28372093023256,168.52649633677794,0.4174418604651163,80,78,HandstandPushups/v_HandStandPushups_g20_c06.avi
1.0125128088524167,3.475106062166325,66.48308055437865,0.7318313953488372,210.2325581395349,187.0392120571093,0.3918604651162791,117,115,HandstandPushups/v_HandStandPushups_g20_c07.avi
2.8116202257527827,8.825115275189445,126.38433447227548,0.825,257.89767441860465,262.8184424950462,0.36686046511627907,85,83,HandstandPushups/v_HandStandPushups_g21_c01.avi
2.984407786970496,8.708206789257535,68.74159039475302,0.79375,397.2093023255814,362.3073703516686,0.23197674418604652,88,86,HandstandPushups/v_HandStandPushups_g21_c02.avi
2.511546322630612,9.806612521658499,63.50590523722971,0.9004360465116279,428.9116279069767,691.8942160069424,0.25290697674418605,124,122,HandstandPushups/v_HandStandPushups_g21_c03.avi
1.1231501171987628,5.117452079988693,63.12685640834652,0.851453488372093,390.51162790697674,353.5094730544153,0.21569767441860466,159,157,HandstandPushups/v_HandStandPushups_g21_c04.avi
1.262736826599932,5.183454894730137,120.41594578792295,0.836046511627907,350.66046511627906,338.1116247078387,0.2744186046511628,103,101,HandstandPushups/v_HandStandPushups_g21_c05.avi
0.8567084487209419,4.13835416973715,79.21213606512578,0.8396802325581395,405.69302325581396,366.68363995655733,0.22732558139534884,103,101,HandstandPushups/v_HandStandPushups_g21_c06.avi
0.7653134358277535,2.963627973692573,25.03123049312598,0.89375,244.50232558139535,388.3520444901867,0.27151162790697675,131,129,HandstandPushups/v_HandStandPushups_g22_c01.avi
1.0550939773060415,4.708410606753098,65.06919393998976,0.8770348837209302,357.69302325581396,747.7300089139094,0.28430232558139534,113,111,HandstandPushups/v_HandStandPushups_g22_c02.avi
0.6187239058374617,3.1200571440711875,48.010415536631214,0.9203488372093023,721.6,1177.1608129456586,0.2052325581395349,117,115,HandstandPushups/v_HandStandPushups_g22_c03.avi
0.5072199773240622,3.7160249159354914,55.00909015790027,0.9372093023255814,330.2325581395349,655.9882598640792,0.2691860465116279,93,91,HandstandPushups/v_HandStandPushups_g22_c04.avi
0.5892904859852133,3.9615197581670896,55.00909015790027,0.9578488372093024,551.3674418604651,848.1456050184192,0.1686046511627907,52,50,HandstandPushups/v_HandStandPushups_g22_c05.avi
0.2320281116146778,0.7953144953754128,14.588629990509732,0.9584302325581395,479.47906976744184,503.9126061909986,0.12209302325581395,182,179,HandstandPushups/v_HandStandPushups_g23_c01.avi
0.21799184044437842,0.7840209562411289,6.5431261641512,0.9161337209302326,515.3116279069767,607.5031404682162,0.09593023255813954,186,183,HandstandPushups/v_HandStandPushups_g23_c02.avi
0.11444722616548218,0.49687571955051385,5.5,0.9643895348837209,613.9906976744186,770.1380002625182,0.04011627906976744,213,210,HandstandPushups/v_HandStandPushups_g23_c03.avi
0.24283179159553803,0.8929196110212358,9.513148795220223,0.9260174418604651,762.2325581395348,954.4908989347514,0.0563953488372093,114,112,HandstandPushups/v_HandStandPushups_g23_c04.avi
0.2099966851049932,0.8231131262184159,10.128085949477324,0.9267441860465117,631.8511627906977,772.7559957776296,0.05872093023255814,187,184,HandstandPushups/v_HandStandPushups_g23_c05.avi
1.8099850611015795,4.884747136475956,64.59150485938534,0.8065406976744186,279.21860465116276,278.03587459326843,0.32558139534883723,106,104,HandstandPushups/v_HandStandPushups_g24_c01.avi
2.136423292786339,3.155904759188567,25.84206841566673,0.5802325581395349,300.42790697674417,297.5137333750865,0.3058139534883721,142,140,HandstandPushups/v_HandStandPushups_g24_c02.avi
1.1903745546312265,2.854507535583669,21.232345607586552,0.75625,685.2093023255813,1075.8021897827564,0.13197674418604652,109,107,HandstandPushups/v_HandStandPushups_g24_c03.avi
2.4085270308281013,3.60867590430655,40.25,0.4290697674418605,243.1627906976744,290.86246491974305,0.5133720930232558,86,84,HandstandPushups/v_HandStandPushups_g24_c04.avi
0.20334754779937347,1.1103522644897295,15.042128340098685,0.9494186046511628,372.31627906976746,344.1688775101837,0.2313953488372093,140,138,HandstandPushups/v_HandStandPushups_g25_c01.avi
0.09566189565956729,0.7285581796916165,45.39823785126467,0.9786337209302326,372.87441860465117,341.94874911309563,0.22151162790697673,132,130,HandstandPushups/v_HandStandPushups_g25_c02.avi
0.08149395036516918,0.5943267521990415,33.0,0.9806686046511628,376.0,351.1469579058199,0.24709302325581395,135,133,HandstandPushups/v_HandStandPushups_g25_c03.avi
0.08839494012975335,0.776753757613334,24.020824298928627,0.98125,375.88837209302324,349.9929920954912,0.24302325581395348,144,142,HandstandPushups/v_HandStandPushups_g25_c04.avi
0.10648076422212605,0.43823283827496595,6.558629811172453,0.9609011627906977,343.7395348837209,343.1733809129512,0.31511627906976747,178,175,HandstandPushups/v_HandStandPushups_g25_c05.avi
0.06974455647662585,0.7945397983570579,28.50438562747845,0.9927325581395349,383.25581395348837,348.4293057003804,0.21627906976744185,186,183,HandstandPushups/v_HandStandPushups_g25_c06.avi
0.06697422618756853,0.5798987245961179,16.62265020987929,0.9811046511627907,366.7348837209302,340.06954068845425,0.23255813953488372,68,66,HandstandPushups/v_HandStandPushups_g25_c07.avi
3.1738505610704695,5.5238230847276935,26.043233286210835,0.509156976744186,416.07441860465116,376.97132584373435,0.24302325581395348,137,135,HandstandWalking/v_HandstandWalking_g08_c01.avi
2.06163367737124,4.75993529219169,79.0,0.5087209302325582,459.16279069767444,513.7358352138866,0.21395348837209302,135,133,HandstandWalking/v_HandstandWalking_g08_c02.avi
2.1898386591468655,5.526336628092165,28.25,0.6761627906976744,395.646511627907,356.17662939199215,0.21220930232558138,134,132,HandstandWalking/v_HandstandWalking_g08_c03.avi
1.0680966548881787,2.409156886755765,85.47514258543241,0.8002906976744186,424.11162790697676,360.2529171060193,0.1569767441860465,140,138,HandstandWalking/v_HandstandWalking_g08_c04.avi
4.2099981998314515,11.16873669757554,75.32015002640395,0.5675872093023255,303.3302325581395,290.27857953551313,0.27209302325581397,146,144,HandstandWalking/v_HandstandWalking_g09_c01.avi
3.6739434972524356,6.8239996756754495,39.26273678693323,0.602906976744186,373.4325581395349,344.7234602637984,0.2302325581395349,145,143,HandstandWalking/v_HandstandWalking_g09_c02.avi
2.1362621724331063,9.050369609668973,335.43553777141744,0.5893895348837209,342.1767441860465,317.4352252820483,0.22790697674418606,146,144,HandstandWalking/v_HandstandWalking_g09_c03.avi
1.8214941056168006,4.7913335940874715,67.00746227100382,0.6835755813953488,360.5953488372093,343.10269528706766,0.2622093023255814,155,153,HandstandWalking/v_HandstandWalking_g09_c04.avi
3.3744989615228227,4.104116295479567,22.216266563038893,0.2380813953488372,234.12093023255815,148.8424929294731,0.21395348837209302,156,154,HandstandWalking/v_HandstandWalking_g10_c01.avi
3.288285491364157,5.491571247170441,121.16517651536682,0.31438953488372096,242.15813953488373,151.7935964463589,0.18372093023255814,150,148,HandstandWalking/v_HandstandWalking_g10_c02.avi
3.072751089360023,3.7138748552571355,45.880278987817846,0.3986918604651163,225.74883720930234,129.9820101543448,0.22267441860465118,149,147,HandstandWalking/v_HandstandWalking_g10_c03.avi
4.077610891763662,3.751864159769719,16.64331697709324,0.2550872093023256,252.76279069767443,145.55521452676624,0.12848837209302325,197,194,HandstandWalking/v_HandstandWalking_g10_c04.avi
4.207083345816348,5.984786843202023,62.16912416947821,0.5582848837209302,287.92558139534884,236.3530548880097,0.1755813953488372,125,123,HandstandWalking/v_HandstandWalking_g11_c01.avi
6.301110067928525,9.5457023202893,38.682198748261456,0.5441860465116279,300.87441860465117,286.28490939201146,0.2686046511627907,123,121,HandstandWalking/v_HandstandWalking_g11_c02.avi
2.06784477268405,2.6632622063287026,24.0,0.5857558139534884,628.0558139534884,969.8656999577673,0.13662790697674418,128,126,HandstandWalking/v_HandstandWalking_g11_c03.avi
1.0343258798924921,1.6968688052861443,10.198039027185569,0.7164244186046511,750.4,1172.8926388743264,0.1808139534883721,132,130,HandstandWalking/v_HandstandWalking_g11_c04.avi
0.2286834973642726,1.704386975626254,63.0317380372777,0.9630813953488372,407.70232558139537,376.8800003260381,0.2633720930232558,77,75,HandstandWalking/v_HandstandWalking_g12_c01.avi
0.0852759562886276,0.4790012725744027,7.603453162872775,0.9736918604651162,399.553488372093,374.1764111670828,0.27325581395348836,80,78,HandstandWalking/v_HandstandWalking_g12_c02.avi
0.09050727289624286,0.40972931326879974,10.04987562112089,0.9784883720930233,373.4325581395349,375.6649098882711,0.3511627906976744,79,77,HandstandWalking/v_HandstandWalking_g12_c03.avi
0.1533202823413422,1.5631984992314687,77.0722064041247,0.9761627906976744,376.446511627907,377.92730404006807,0.35174418604651164,94,92,HandstandWalking/v_HandstandWalking_g12_c04.avi
2.5552632546475103,4.9318789457609435,50.99019513592785,0.4879360465116279,261.24651162790695,187.00759759324941,0.1680232558139535,74,72,HandstandWalking/v_HandstandWalking_g13_c01.avi
1.9342825587495664,3.163260034544105,56.53815083640426,0.6390988372093023,250.08372093023254,201.3376025488239,0.24476744186046512,70,68,HandstandWalking/v_HandstandWalking_g13_c02.avi
0.9715489408461734,2.5174999414020416,30.7146646571308,0.8546511627906976,224.4093023255814,130.65096376250497,0.22965116279069767,72,70,HandstandWalking/v_HandstandWalking_g13_c03.avi
3.5610742245926903,6.5134568958385985,78.00640999302557,0.6037790697674419,151.51627906976745,162.14213823311275,0.6372093023255814,82,80,HandstandWalking/v_HandstandWalking_g13_c04.avi
0.6257999126041706,4.680130458458692,119.26860441876563,0.9122093023255814,435.4976744186047,507.32367425511296,0.22790697674418606,76,74,HandstandWalking/v_HandstandWalking_g14_c01.avi
0.7537108745783335,3.8457657369617397,31.75,0.9322674418604651,360.706976744186,353.49926837551266,0.30116279069767443,90,88,HandstandWalking/v_HandstandWalking_g14_c02.avi
0.08130642503471006,0.6386840656711745,19.264604849308483,0.9873546511627908,454.47441860465113,364.6485125674932,0.10813953488372093,158,156,HandstandWalking/v_HandstandWalking_g14_c03.avi
0.20050648427562265,1.384405497478783,38.118237105091836,0.951453488372093,374.10232558139535,353.52182754779255,0.2616279069767442,140,138,HandstandWalking/v_HandstandWalking_g14_c04.avi
0.08971008895398577,0.4759270058641327,12.06751838614717,0.9818313953488372,468.31627906976746,401.3229894087992,0.23372093023255813,207,204,HandstandWalking/v_HandstandWalking_g15_c01.avi
0.01835912888354681,0.20692491532996143,5.062114182829147,0.995203488372093,557.6186046511627,528.9296815513003,0.15930232558139534,196,193,HandstandWalking/v_HandstandWalking_g15_c02.avi
0.046631033985563834,0.43725736811603616,10.012492197250394,0.9882267441860465,481.153488372093,395.4854181587525,0.18546511627906978,207,204,HandstandWalking/v_HandstandWalking_g15_c03.avi
0.18820765365893244,1.2845709334359927,29.5,0.9696220930232559,452.9116279069767,418.8862160036005,0.34186046511627904,226,223,HandstandWalking/v_HandstandWalking_g15_c04.avi
0.051365213164357666,0.16744940677729636,4.5,0.9943313953488372,427.90697674418607,374.4246944470812,0.20465116279069767,130,128,HandstandWalking/v_HandstandWalking_g16_c01.avi
0.0634637291720406,0.32254758481364076,14.25,0.9892441860465117,370.9767441860465,381.0078121870196,0.3802325581395349,133,131,HandstandWalking/v_HandstandWalking_g16_c02.avi
0.06793195824093085,0.2817342119812843,11.543396380615196,0.989389534883721,334.5860465116279,357.0401459945531,0.39767441860465114,110,108,HandstandWalking/v_HandstandWalking_g16_c03.avi
0.12108452466067726,0.358735417349547,6.504805915628844,0.9723837209302325,302.3255813953488,339.0912425011018,0.4424418604651163,118,116,HandstandWalking/v_HandstandWalking_g16_c04.avi
2.70978238572336,12.786623775354443,295.9189078109069,0.7930232558139535,262.80930232558137,207.90855750920826,0.2063953488372093,154,152,HandstandWalking/v_HandstandWalking_g17_c01.avi
2.2745868987452367,10.45878097833117,271.4295488704205,0.6392441860465117,678.0651162790698,1224.048325327319,0.19244186046511627,151,149,HandstandWalking/v_HandstandWalking_g17_c02.avi
5.409665420735453,8.490933463750876,92.84732090911402,0.623546511627907,296.1860465116279,553.3142114110989,0.3116279069767442,155,153,HandstandWalking/v_HandstandWalking_g17_c03.avi
4.159840797519167,7.7967361934127934,48.20010373432821,0.7244186046511628,721.0418604651163,1268.3864252778399,0.22441860465116278,218,215,HandstandWalking/v_HandstandWalking_g17_c04.avi
5.366075541620147,6.084003146925587,23.676201131093645,0.24811046511627907,374.3255813953488,297.3998733934321,0.06279069767441861,178,175,HandstandWalking/v_HandstandWalking_g18_c01.avi
7.8213039339124135,17.443486719621465,310.16124838541646,0.5162790697674419,228.31627906976743,213.7741744036651,0.3674418604651163,206,203,HandstandWalking/v_HandstandWalking_g18_c02.avi
4.938931212191346,7.0448953444591105,150.6154042586614,0.4052325581395349,210.90232558139536,134.90194455883304,0.29767441860465116,330,326,HandstandWalking/v_HandstandWalking_g18_c03.avi
7.511046376487885,13.519736458230822,72.03471385380801,0.5232558139534884,194.93953488372094,157.20249441706216,0.4087209302325581,365,361,HandstandWalking/v_HandstandWalking_g18_c04.avi
0.9218020961669401,4.108553443803481,117.72000679578642,0.767296511627907,225.9720930232558,169.90629199182104,0.2866279069767442,177,174,HandstandWalking/v_HandstandWalking_g18_c05.avi
3.8491289849490897,6.526798063190009,315.5724956329369,0.1828488372093023,253.54418604651164,156.42873896178634,0.14302325581395348,289,286,HandstandWalking/v_HandstandWalking_g18_c06.avi
5.0655711556190814,6.386457459776004,42.42640687119285,0.28168604651162793,196.16744186046512,128.3781110823953,0.3581395348837209,330,326,HandstandWalking/v_HandstandWalking_g18_c07.avi
2.537472980130057,3.9898024135039254,24.760098949721506,0.5287790697674418,330.0093023255814,306.43987218099403,0.23081395348837208,222,219,HandstandWalking/v_HandstandWalking_g19_c01.avi
1.0184788684865789,1.6777783152042325,30.0,0.6004360465116279,289.04186046511626,299.7799396243682,0.3558139534883721,234,231,HandstandWalking/v_HandstandWalking_g19_c02.avi
2.657372939307914,3.5698490043564792,33.37663853655727,0.5383720930232558,282.1209302325581,283.6571206933909,0.3313953488372093,332,328,HandstandWalking/v_HandstandWalking_g19_c03.avi
1.5985217633096285,3.531663097362486,73.27729866745908,0.622093023255814,312.3720930232558,314.21967010622643,0.31802325581395346,267,264,HandstandWalking/v_HandstandWalking_g19_c04.avi
2.1651186977757435,7.88301602886326,279.5,0.6270348837209302,356.57674418604654,303.82645355164806,0.13662790697674418,69,67,HandstandWalking/v_HandstandWalking_g20_c01.avi
0.7312480870411717,1.2263343245054568,9.219544457292887,0.852906976744186,399.21860465116276,346.44150300260526,0.16569767441860464,69,67,HandstandWalking/v_HandstandWalking_g20_c02.avi
1.384686150227449,2.2947503536172356,12.759800155174846,0.7126453488372093,421.65581395348835,338.1655747626745,0.07906976744186046,73,71,HandstandWalking/v_HandstandWalking_g20_c03.avi
3.667156542478007,4.042878964787352,22.360679774997898,0.3986918604651163,408.5953488372093,330.8269820788352,0.08430232558139535,89,87,HandstandWalking/v_HandstandWalking_g20_c04.avi
0.08584210132011406,0.34976678265038036,6.833968466418322,0.9773255813953489,339.0511627906977,570.2818823085173,0.2651162790697674,131,129,HandstandWalking/v_HandstandWalking_g21_c01.avi
0.11133917039105738,0.5657741684018609,13.92838827718412,0.9706395348837209,479.92558139534884,908.3140498013462,0.24302325581395348,127,125,HandstandWalking/v_HandstandWalking_g21_c02.avi
0.10255924293964166,0.5322057469302212,14.080127840328723,0.9806686046511628,354.6790697674419,573.7941971863396,0.2372093023255814,127,125,HandstandWalking/v_HandstandWalking_g21_c03.avi
0.117195506913725,0.7106458219358054,21.75,0.9683139534883721,628.2790697674419,1029.5747219928123,0.18895348837209303,176,173,HandstandWalking/v_HandstandWalking_g21_c04.avi
2.462304348998809,6.112975795913067,79.20740180058932,0.7998546511627908,206.10232558139535,193.71321104696642,0.425,125,123,HandstandWalking/v_HandstandWalking_g22_c01.avi
1.9828720865288805,7.2754568038139205,212.0,0.5684593023255814,227.9813953488372,147.44685957338328,0.23895348837209301,148,146,HandstandWalking/v_HandstandWalking_g22_c02.avi
2.6632715371725375,11.021233007962325,216.77825652034386,0.4125,200.6325581395349,145.882940840729,0.3627906976744186,152,150,HandstandWalking/v_HandstandWalking_g22_c03.avi
2.019859252802926,3.1264464811656616,60.8276253029822,0.4309593023255814,186.0093023255814,124.08841524166415,0.40174418604651163,155,153,HandstandWalking/v_HandstandWalking_g22_c04.avi
2.621227993074166,5.8632119042177235,67.6184146516317,0.6690406976744186,258.2325581395349,427.8189596029861,0.3883720930232558,322,319,HandstandWalking/v_HandstandWalking_g23_c01.avi
3.34554794846382,12.543650462958706,293.0,0.8021802325581395,451.68372093023254,768.8418668664057,0.2180232558139535,314,311,HandstandWalking/v_HandstandWalking_g23_c02.avi
1.767707786301524,8.325218007733472,212.0,0.9031976744186047,284.68837209302325,434.40199002140776,0.3133720930232558,305,302,HandstandWalking/v_HandstandWalking_g23_c03.avi
1.100999226961707,8.977185559393437,301.0597947252339,0.9553779069767442,253.65581395348838,438.2369887174649,0.4563953488372093,345,341,HandstandWalking/v_HandstandWalking_g23_c04.avi
0.05418952620500912,0.22823596690023668,4.00780488547035,0.9879360465116279,233.11627906976744,220.11299522114646,0.36104651162790696,337,333,HandstandWalking/v_HandstandWalking_g24_c01.avi
0.19012033611268464,1.9912322047205262,88.2779700718135,0.9703488372093023,191.92558139534884,187.62137540371805,0.48023255813953486,332,328,HandstandWalking/v_HandstandWalking_g24_c02.avi
0.07301726547795138,0.3412682102053655,5.5,0.9783430232558139,205.32093023255814,202.54741455600146,0.4476744186046512,321,318,HandstandWalking/v_HandstandWalking_g24_c03.avi
0.6298253754968316,4.802402494986358,75.25,0.9359011627906977,290.26976744186044,294.19218804141804,0.33313953488372094,325,321,HandstandWalking/v_HandstandWalking_g24_c04.avi
0.08789247157653703,0.3515838652615627,4.123105625617661,0.9649709302325581,389.28372093023256,685.6887547128384,0.3058139534883721,313,310,HandstandWalking/v_HandstandWalking_g24_c05.avi
0.22383507295839145,2.104288940334962,53.0,0.9670058139534884,309.4697674418605,573.531530543747,0.3866279069767442,376,372,HandstandWalking/v_HandstandWalking_g24_c06.avi
3.2962075744900905,4.718816917837757,35.5,0.4704941860465116,214.47441860465116,192.64324913844104,0.38372093023255816,106,104,HandstandWalking/v_HandstandWalking_g25_c01.avi
3.9819865720742973,10.929751044899547,270.0,0.5289244186046511,238.13953488372093,409.52687286646244,0.39069767441860465,104,102,HandstandWalking/v_HandstandWalking_g25_c02.avi
4.057403721528377,10.751730210131665,200.0,0.5513081395348837,213.35813953488372,181.50834977597899,0.36627906976744184,102,100,HandstandWalking/v_HandstandWalking_g25_c03.avi
3.526173713747537,10.782913029542861,188.0,0.6463662790697674,582.4,851.9494514975502,0.17906976744186046,102,100,HandstandWalking/v_HandstandWalking_g25_c04.avi
5.034365341125127,8.423124667595582,51.55973477433723,0.38459302325581396,253.09767441860464,202.0941174803786,0.23372093023255813,129,127,HeadMassage/v_HeadMassage_g08_c01.avi
3.4501459112579766,4.858640811833449,27.85677655436824,0.4290697674418605,271.6279069767442,230.0185051459398,0.22325581395348837,202,199,HeadMassage/v_HeadMassage_g08_c02.avi
1.7005831609117557,2.961303392919477,26.354553686222804,0.5598837209302325,287.5906976744186,237.43838350186425,0.17965116279069768,252,249,HeadMassage/v_HeadMassage_g08_c03.avi
2.900472647890169,10.88676987577114,191.04188022525324,0.7418604651162791,224.74418604651163,230.28921078880967,0.4232558139534884,206,203,HeadMassage/v_HeadMassage_g08_c04.avi
1.1454549584512133,3.6032554495847027,44.01136216933077,0.7242732558139535,266.04651162790697,255.47675027229334,0.3127906976744186,279,276,HeadMassage/v_HeadMassage_g08_c05.avi
2.6241051136366798,5.13658210248888,186.09674903124989,0.44883720930232557,278.7720930232558,247.2275651877082,0.23953488372093024,215,212,HeadMassage/v_HeadMassage_g08_c06.avi
1.127255041419651,2.176611003631302,24.41823089414956,0.6984011627906976,309.13488372093025,301.889083962445,0.28837209302325584,240,237,HeadMassage/v_HeadMassage_g08_c07.avi
2.643494367692283,4.7024097502172735,122.00409829181969,0.4808139534883721,197.95348837209303,140.63344295909468,0.3674418604651163,105,103,HeadMassage/v_HeadMassage_g09_c01.avi
1.132165252916229,1.2774970153570253,21.400934559032695,0.5254360465116279,229.2093023255814,140.91669287941505,0.22325581395348837,94,92,HeadMassage/v_HeadMassage_g09_c02.avi
1.2251392371827645,3.0786709632015863,79.62411694957753,0.5773255813953488,228.2046511627907,163.87185855075396,0.26569767441860465,97,95,HeadMassage/v_HeadMassage_g09_c03.avi
0.8358617366163912,1.8980187662935506,81.88406438373708,0.6885174418604652,202.97674418604652,150.9981500536753,0.3598837209302326,118,116,HeadMassage/v_HeadMassage_g09_c04.avi
0.9213645451921169,1.5603937787544893,27.202941017470888,0.7680232558139535,248.85581395348837,168.3023100925148,0.18372093023255814,108,106,HeadMassage/v_HeadMassage_g10_c01.avi
1.0995778002293621,1.8417859489465498,26.800186566514792,0.6982558139534883,214.5860465116279,177.55782756860245,0.35290697674418603,102,100,HeadMassage/v_HeadMassage_g10_c02.avi
2.9086158531650734,5.7431614702503335,52.630789467763066,0.43619186046511627,247.29302325581395,180.16329207635545,0.2127906976744186,100,98,HeadMassage/v_HeadMassage_g10_c03.avi
1.2542239787046734,6.70109639711678,271.4295488704205,0.6119186046511628,233.33953488372094,185.1257550455339,0.28313953488372096,150,148,HeadMassage/v_HeadMassage_g10_c04.avi
0.25549323148436076,0.8583580442139758,16.397884772128386,0.93125,347.7581395348837,344.1196345733039,0.3058139534883721,191,188,HeadMassage/v_HeadMassage_g11_c01.avi
0.17060100808674028,0.6069572578858029,14.0,0.936046511627907,364.83720930232556,346.20446507623734,0.261046511627907,190,187,HeadMassage/v_HeadMassage_g11_c02.avi
0.19549568876717505,0.6162147853556337,16.0,0.9321220930232558,297.30232558139534,306.75340712906416,0.34767441860465115,116,114,HeadMassage/v_HeadMassage_g11_c03.avi
0.37031981896602456,2.096120847346586,118.00423721205946,0.936046511627907,310.25116279069766,319.2925787905835,0.3430232558139535,188,185,HeadMassage/v_HeadMassage_g11_c04.avi
0.18625786514914064,0.857073983330869,14.317821063276353,0.9526162790697674,311.47906976744184,314.651151652658,0.3226744186046512,176,173,HeadMassage/v_HeadMassage_g11_c05.avi
0.19142042710553211,0.8618850650960214,15.46417230245447,0.9517441860465117,400.0,612.8229760705779,0.35930232558139535,175,172,HeadMassage/v_HeadMassage_g11_c06.avi
0.28747483906761023,1.0458382471211425,14.577379737113251,0.9196220930232558,318.6232558139535,324.5965831378212,0.3319767441860465,249,246,HeadMassage/v_HeadMassage_g11_c07.avi
3.893294474785975,5.705961305100526,51.478150704935004,0.48125,217.37674418604652,120.4032079407477,0.24767441860465117,128,126,HeadMassage/v_HeadMassage_g12_c01.avi
2.604582219885758,13.401883047868695,355.1013939707925,0.5026162790697675,194.82790697674417,162.58848943150696,0.4186046511627907,104,102,HeadMassage/v_HeadMassage_g12_c02.avi
1.3657653464822044,2.495260090262666,23.021728866442675,0.729360465116279,220.8372093023256,173.0547608226217,0.31569767441860463,107,105,HeadMassage/v_HeadMassage_g12_c03.avi
11.399248973491423,21.332512956335343,298.00167784762556,0.6103197674418605,185.56279069767442,185.1529462341573,0.5063953488372093,166,163,HeadMassage/v_HeadMassage_g12_c04.avi
5.251882075184751,9.114595644544885,108.62809259118931,0.4213662790697674,300.98604651162793,552.4987254879103,0.288953488372093,170,167,HeadMassage/v_HeadMassage_g12_c05.avi
7.221046668177539,13.59998365845298,294.1008543000173,0.43546511627906975,252.87441860465117,212.532499394988,0.25813953488372093,172,169,HeadMassage/v_HeadMassage_g12_c06.avi
3.358577214153914,8.332330994476154,283.4783942384322,0.44796511627906976,234.90232558139536,185.6570099496081,0.27732558139534885,218,215,HeadMassage/v_HeadMassage_g12_c07.avi
2.7017856433723324,2.245607500721402,19.210999453438127,0.3194767441860465,257.45116279069765,174.8775417018182,0.15988372093023256,89,87,HeadMassage/v_HeadMassage_g13_c01.avi
3.413038142930784,4.202577597372173,30.083217912982647,0.27921511627906975,261.13488372093025,187.06799023128602,0.1686046511627907,100,98,HeadMassage/v_HeadMassage_g13_c02.avi
5.151416905417164,16.632565081227323,275.81152985326776,0.4045058139534884,208.66976744186047,165.59743219962292,0.3581395348837209,106,104,HeadMassage/v_HeadMassage_g13_c03.avi
8.182778609290278,15.250893477860783,204.398660709898,0.6348837209302326,156.87441860465117,162.33384506186303,0.6093023255813953,83,81,HeadMassage/v_HeadMassage_g13_c04.avi
1.3783483412617117,4.478480731443907,175.3125779857224,0.6200581395348838,298.0837209302326,233.33786754975344,0.1296511627906977,101,99,HeadMassage/v_HeadMassage_g14_c01.avi
2.3080059988540196,8.101612282276612,90.00555538409837,0.6072674418604651,269.95348837209303,249.56203064367392,0.28081395348837207,102,100,HeadMassage/v_HeadMassage_g14_c02.avi
4.324555390103234,8.740248606080819,303.7268509697488,0.3313953488372093,259.46046511627907,180.9928357049744,0.1633720930232558,100,98,HeadMassage/v_HeadMassage_g14_c03.avi
6.513254630317339,16.42479454536855,108.0735426688697,0.42848837209302326,211.68372093023257,134.60451101710774,0.2936046511627907,102,100,HeadMassage/v_HeadMassage_g14_c04.avi
2.525469314881731,5.632431526390225,45.25276234662366,0.7074127906976744,274.1953488372093,213.23767496593635,0.17267441860465116,100,98,HeadMassage/v_HeadMassage_g14_c05.avi
2.792715125099434,5.133619917586277,33.50839447063974,0.4882267441860465,248.74418604651163,168.36119712913685,0.18430232558139534,100,98,HeadMassage/v_HeadMassage_g14_c06.avi
1.211824413142446,3.3842516171432027,208.5976989326584,0.6829941860465116,231.7767441860465,148.55116233560793,0.2238372093023256,139,137,HeadMassage/v_HeadMassage_g14_c07.avi
3.0054992987478566,4.213247913054019,28.160255680657446,0.47107558139534883,206.66046511627906,131.62989364923627,0.3127906976744186,250,247,HeadMassage/v_HeadMassage_g15_c01.avi
4.321685213262014,7.436897299375258,46.22769732530488,0.6302325581395349,749.2837209302326,1309.9836137676086,0.24011627906976743,209,206,HeadMassage/v_HeadMassage_g15_c02.avi
3.712331014241113,6.084054090383746,91.02197536858887,0.6405523255813953,899.0883720930233,1487.6794811726081,0.25988372093023254,193,190,HeadMassage/v_HeadMassage_g15_c03.avi
6.3658904479095835,11.466624840204652,92.04890004774636,0.4254360465116279,638.2139534883721,1183.5661409646098,0.25116279069767444,131,129,HeadMassage/v_HeadMassage_g15_c04.avi
3.4494363413089193,8.39721914465163,54.09482415166907,0.4670058139534884,216.14883720930231,173.40061475185817,0.3377906976744186,273,270,HeadMassage/v_HeadMassage_g15_c05.avi
2.6851271719536336,7.475723540365641,202.23748416156684,0.617296511627907,598.8093023255814,1138.015929878687,0.2819767441860465,224,221,HeadMassage/v_HeadMassage_g15_c06.avi
1.0682669610001128,3.932376097473798,83.19254774317228,0.7893895348837209,1097.5627906976745,1578.232280045703,0.1563953488372093,134,132,HeadMassage/v_HeadMassage_g15_c07.avi
4.06774905745282,8.010513967905574,43.68065933568311,0.4399709302325581,248.85581395348837,153.65710133859525,0.15813953488372093,77,75,HeadMassage/v_HeadMassage_g16_c01.avi
2.7139741242011666,4.682015577830174,21.005951537600005,0.5114825581395349,258.34418604651165,171.90114155001396,0.15058139534883722,75,73,HeadMassage/v_HeadMassage_g16_c02.avi
4.084595370731546,6.087083905158934,32.43936651662606,0.23837209302325582,261.13488372093025,182.42759746817293,0.15930232558139534,76,74,HeadMassage/v_HeadMassage_g16_c03.avi
1.8041776123476727,3.316190752141078,96.81070447011528,0.4324127906976744,237.35813953488372,175.1153695890401,0.24593023255813953,94,92,HeadMassage/v_HeadMassage_g16_c04.avi
0.40195631602129606,4.9982741368151045,264.5996976566678,0.9488372093023256,347.2,328.4985887194915,0.2505813953488372,303,300,HeadMassage/v_HeadMassage_g17_c01.avi
0.8031857134486734,3.088755054978268,44.91102314577124,0.8707848837209302,372.42790697674417,482.55016672595525,0.2563953488372093,251,248,HeadMassage/v_HeadMassage_g17_c02.avi
0.3752289764624937,1.0416716615120754,10.680004681646913,0.8768895348837209,406.13953488372096,490.8884011570057,0.20872093023255814,236,233,HeadMassage/v_HeadMassage_g17_c03.avi
0.531320705405893,1.465028002157577,28.861739379323623,0.8489825581395349,337.3767441860465,331.9739446466897,0.2947674418604651,261,258,HeadMassage/v_HeadMassage_g17_c04.avi
0.687842256077182,1.7441800889369732,18.851806942571844,0.8438953488372093,382.47441860465113,359.81522137291336,0.2622093023255814,259,256,HeadMassage/v_HeadMassage_g17_c05.avi
0.2910894166713914,0.6631444048224021,8.193938308286192,0.9127906976744186,411.16279069767444,489.21431695913543,0.1872093023255814,273,270,HeadMassage/v_HeadMassage_g17_c06.avi
0.593767389241652,1.6621527845065627,19.014796869806418,0.8462209302325582,391.7395348837209,359.32785711952425,0.23488372093023255,260,257,HeadMassage/v_HeadMassage_g17_c07.avi
6.57237343543409,13.591964223576989,199.42417105255822,0.6162790697674418,188.68837209302325,197.04621251064887,0.5156976744186047,244,241,HeadMassage/v_HeadMassage_g18_c01.avi
4.382985246712672,10.43386993047554,254.34228905158497,0.46918604651162793,210.90232558139536,168.77844220376963,0.35348837209302325,151,149,HeadMassage/v_HeadMassage_g18_c02.avi
3.1331875059175984,6.524225050245448,208.98340245100806,0.48590116279069767,232.44651162790697,191.1674431618537,0.29941860465116277,173,170,HeadMassage/v_HeadMassage_g18_c03.avi
5.356833169142219,8.3446222220972,145.26683422240603,0.41933139534883723,211.12558139534883,142.54477239200983,0.3081395348837209,261,258,HeadMassage/v_HeadMassage_g18_c04.avi
5.814740436652272,13.824770493947458,123.3288287465668,0.24375,239.47906976744187,164.02299407455402,0.21627906976744185,253,250,HeadMassage/v_HeadMassage_g18_c05.avi
3.3367981218306455,5.15471138479856,100.60318086422517,0.34927325581395346,215.14418604651163,167.44052092487436,0.3313953488372093,121,119,HeadMassage/v_HeadMassage_g18_c06.avi
5.390334062642491,19.335872649383433,269.2582403567252,0.5568313953488372,181.9906976744186,166.11159013922847,0.4877906976744186,287,284,HeadMassage/v_HeadMassage_g18_c07.avi
0.7655117115580238,1.5512252210666635,17.72004514666935,0.8284883720930233,315.6093023255814,311.25503773933985,0.29651162790697677,150,148,HeadMassage/v_HeadMassage_g19_c01.avi
4.3175574445647,6.557990175366957,32.38826948140329,0.3752906976744186,269.1720930232558,210.82950934795235,0.1872093023255814,100,98,HeadMassage/v_HeadMassage_g19_c02.avi
1.1362786518825294,2.3591625028409777,28.635642126552707,0.6627906976744186,322.6418604651163,320.6024809726852,0.3040697674418605,156,154,HeadMassage/v_HeadMassage_g19_c03.avi
4.093772356095118,9.668067226668338,119.33147112141039,0.6335755813953489,233.33953488372094,241.4042466433805,0.41337209302325584,122,120,HeadMassage/v_HeadMassage_g19_c04.avi
1.2013512070064483,2.50190356478468,19.44423114962379,0.704360465116279,297.6372093023256,301.6703861357322,0.32965116279069767,134,132,HeadMassage/v_HeadMassage_g19_c05.avi
2.9282661169343878,4.655144486883606,51.000612741417136,0.438953488372093,264.706976744186,405.14250458461214,0.2593023255813954,150,148,HeadMassage/v_HeadMassage_g20_c01.avi
2.534719276560871,4.917797722090348,93.17188417113823,0.436046511627907,233.67441860465115,166.71096292549478,0.24651162790697675,132,130,HeadMassage/v_HeadMassage_g20_c02.avi
3.806693135874117,14.606369766954355,243.52617929085162,0.5648255813953489,262.25116279069766,416.7137796216425,0.3209302325581395,128,126,HeadMassage/v_HeadMassage_g20_c03.avi
2.78981474530087,6.596241339009222,159.0,0.48343023255813955,225.74883720930234,148.4558416407134,0.2505813953488372,130,128,HeadMassage/v_HeadMassage_g20_c04.avi
3.643414953194122,5.511238241591962,64.76109943476871,0.3700581395348837,251.08837209302325,191.04176240045226,0.2186046511627907,107,105,HeadMassage/v_HeadMassage_g20_c05.avi
2.0561180761364155,4.281949018372192,123.1665539016173,0.5523255813953488,204.4279069767442,137.17048690230197,0.3313953488372093,110,108,HeadMassage/v_HeadMassage_g21_c01.avi
1.0805639121774018,1.5394626406042295,14.807092894960848,0.6561046511627907,242.6046511627907,157.10611723096574,0.19069767441860466,116,114,HeadMassage/v_HeadMassage_g21_c02.avi
0.8771741804315774,1.4873784502042058,12.87560678181809,0.7433139534883721,229.32093023255814,162.08583508134936,0.2575581395348837,132,130,HeadMassage/v_HeadMassage_g21_c03.avi
0.8132152356819422,2.0181397178742952,30.805843601498726,0.7863372093023255,202.30697674418604,112.1157155453921,0.3075581395348837,115,113,HeadMassage/v_HeadMassage_g21_c04.avi
0.6355162340757134,1.2054536785659098,17.365554986812256,0.8206395348837209,192.14883720930231,129.44294311357314,0.37906976744186044,136,134,HeadMassage/v_HeadMassage_g21_c05.avi
0.7692927418079849,1.489922420502715,27.784887978899608,0.7662790697674419,212.353488372093,142.09837952832342,0.30174418604651165,150,148,HeadMassage/v_HeadMassage_g21_c06.avi
4.569270454894661,5.991310187325764,51.92301994298868,0.31468023255813954,259.90697674418607,217.35575959793385,0.24011627906976743,215,212,HeadMassage/v_HeadMassage_g22_c01.avi
4.527428186387035,7.049847358490067,70.178344238091,0.345203488372093,224.4093023255814,160.13337437238167,0.2761627906976744,136,134,HeadMassage/v_HeadMassage_g22_c02.avi
3.0368328297642293,10.485766633266351,187.72320048411703,0.4324127906976744,241.8232558139535,162.86626392314463,0.20406976744186048,150,148,HeadMassage/v_HeadMassage_g22_c03.avi
5.0216308549149185,11.215685919242237,355.69518200279293,0.3811046511627907,208.33488372093024,137.41168645287667,0.3133720930232558,158,156,HeadMassage/v_HeadMassage_g22_c04.avi
3.5539420683073875,8.355064483034667,162.58536219475602,0.4068313953488372,196.94883720930233,140.90073096694712,0.37267441860465117,184,181,HeadMassage/v_HeadMassage_g22_c05.avi
1.8679659971244822,6.128327614068947,192.83671849520775,0.642296511627907,337.153488372093,559.4978559922498,0.2052325581395349,174,171,HeadMassage/v_HeadMassage_g22_c06.avi
2.1624818437257414,4.537492035931072,185.93614495304564,0.43793604651162793,219.94418604651162,185.31681646898087,0.3436046511627907,191,188,HeadMassage/v_HeadMassage_g22_c07.avi
3.049645879215873,8.154724849637802,190.04210059878838,0.6287790697674419,804.6511627906976,1344.9572809628294,0.23081395348837208,372,368,HeadMassage/v_HeadMassage_g23_c01.avi
1.0343822253119623,4.333147539795859,150.74813431681335,0.7638081395348837,745.7116279069768,1305.0318825668414,0.16569767441860464,232,229,HeadMassage/v_HeadMassage_g23_c02.avi
1.6099770251488714,9.64536446886346,238.1931988953505,0.7601744186046512,274.5302325581395,548.9065983727608,0.3686046511627907,183,180,HeadMassage/v_HeadMassage_g23_c03.avi
1.7924399689492276,13.013136412006165,229.92390045404153,0.6438953488372093,1017.9720930232559,1528.056001397608,0.14069767441860465,150,148,HeadMassage/v_HeadMassage_g23_c04.avi
1.411934663883573,5.658787190158289,195.78048932414077,0.7023255813953488,723.8325581395349,1268.8386229276718,0.23313953488372094,275,272,HeadMassage/v_HeadMassage_g23_c05.avi
1.1013005808407854,9.438977578739548,222.61176967986216,0.8617732558139535,666.0093023255814,1232.563741417722,0.30174418604651165,224,221,HeadMassage/v_HeadMassage_g23_c06.avi
1.5541969957724202,3.0265163148893293,42.1070065428546,0.6261627906976744,910.9209302325581,1442.3080302810106,0.1680232558139535,256,253,HeadMassage/v_HeadMassage_g23_c07.avi
2.276315588811802,2.7385764290182295,25.790017448617593,0.42834302325581397,271.293023255814,416.4542496413602,0.28313953488372096,107,105,HeadMassage/v_HeadMassage_g24_c01.avi
1.9723209375159638,3.5958497520340855,29.732137494637012,0.602906976744186,239.03255813953487,262.64450084418,0.44651162790697674,119,117,HeadMassage/v_HeadMassage_g24_c02.avi
3.8106722462291396,18.58630635048832,262.1945842308723,0.3614825581395349,224.6325581395349,170.42035542921133,0.2936046511627907,120,118,HeadMassage/v_HeadMassage_g24_c03.avi
3.433352062689535,7.184165534027703,175.56765077883796,0.4578488372093023,211.23720930232557,164.8211278837248,0.3447674418604651,135,133,HeadMassage/v_HeadMassage_g24_c04.avi
3.6074749221833278,8.136742747233416,83.09632964216891,0.686046511627907,261.9162790697674,248.67809109530708,0.311046511627907,125,123,HeadMassage/v_HeadMassage_g25_c01.avi
2.8216903914907943,4.6898494711493095,69.92138442565336,0.3885174418604651,263.25581395348837,201.40022551698144,0.19011627906976744,101,99,HeadMassage/v_HeadMassage_g25_c02.avi
1.5210436204230138,2.3496646447635556,20.00390586860476,0.5784883720930233,297.86046511627904,270.8667896574228,0.23313953488372094,137,135,HeadMassage/v_HeadMassage_g25_c03.avi
2.7518061631502206,4.839810257747796,35.11409973215888,0.4265988372093023,337.93488372093026,325.1490040422047,0.2686046511627907,161,159,HeadMassage/v_HeadMassage_g25_c04.avi
1.8188552381491336,3.4611892638914195,94.76286192385707,0.5627906976744186,316.9488372093023,311.2710509344078,0.29186046511627906,159,157,HeadMassage/v_HeadMassage_g25_c05.avi
2.3437168931113157,5.717301556811081,64.32728814430156,0.42892441860465114,313.04186046511626,294.8827959783014,0.2517441860465116,157,155,HeadMassage/v_HeadMassage_g25_c06.avi
4.4827944261820845,4.830645550686772,34.9857113690718,0.3866279069767442,253.2093023255814,217.3729576193056,0.2680232558139535,90,88,HeadMassage/v_HeadMassage_g25_c07.avi
7.945173663866715,27.39794067652478,312.00641019056,0.7231104651162791,412.9488372093023,509.76743642845014,0.2941860465116279,123,121,HighJump/v_HighJump_g08_c01.avi
6.020445916729713,12.868891869455744,112.23642735315482,0.598546511627907,368.07441860465116,348.59920885647415,0.26046511627906976,118,116,HighJump/v_HighJump_g08_c02.avi
7.340223647076104,24.7855327996085,315.0142853903613,0.7372093023255814,372.42790697674417,364.0745683431128,0.3075581395348837,124,122,HighJump/v_HighJump_g08_c03.avi
7.27142725609934,19.966975910239853,177.9100896520487,0.671656976744186,365.73023255813956,367.31774695150153,0.34011627906976744,113,111,HighJump/v_HighJump_g08_c04.avi
6.48564616191912,16.65885386851912,155.25080515089124,0.634156976744186,377.33953488372094,338.4957023804235,0.19593023255813954,140,138,HighJump/v_HighJump_g08_c05.avi
9.861389686592503,16.574167886857975,100.36246808443882,0.54375,206.66046511627906,166.17477789690585,0.3686046511627907,143,141,HighJump/v_HighJump_g09_c01.avi
8.345629866489949,17.464428099200166,281.364754366996,0.6082848837209303,384.0372093023256,748.326305217573,0.21220930232558138,92,90,HighJump/v_HighJump_g09_c02.avi
4.73540258874401,14.546782359715074,313.64310928187155,0.7601744186046512,307.3488372093023,552.7779689565822,0.26744186046511625,68,66,HighJump/v_HighJump_g09_c03.avi
11.973640274343776,17.47324361301251,291.8527025744322,0.41569767441860467,222.28837209302327,138.03259003330845,0.25,97,95,HighJump/v_HighJump_g09_c04.avi
10.611989288596048,19.02961052383925,354.4925951271761,0.5630813953488372,214.5860465116279,182.32220594882116,0.3622093023255814,106,104,HighJump/v_HighJump_g09_c05.avi
7.201713058716112,20.01772516202477,248.50201206428892,0.5626453488372093,348.2046511627907,308.38821045957593,0.17790697674418604,118,116,HighJump/v_HighJump_g10_c01.avi
7.324434269319363,22.84813581374835,245.073458375239,0.5822674418604651,378.0093023255814,338.69810925925213,0.19476744186046513,118,116,HighJump/v_HighJump_g10_c02.avi
6.0958060515507295,14.653967748215626,143.01398533010678,0.6300872093023255,248.52093023255813,267.72903392877845,0.42034883720930233,137,135,HighJump/v_HighJump_g10_c03.avi
4.095980155382975,16.9759432315731,208.0121691151746,0.7984011627906977,295.6279069767442,290.2878301573797,0.3005813953488372,122,120,HighJump/v_HighJump_g10_c04.avi
1.8332547669352586,7.4167600028507765,131.73458164050928,0.7786337209302325,381.0232558139535,370.6718907901674,0.30930232558139537,97,95,HighJump/v_HighJump_g11_c01.avi
2.637302337976188,9.647350254743442,186.3132862277943,0.8486918604651162,294.6232558139535,314.82165112537393,0.38488372093023254,89,87,HighJump/v_HighJump_g11_c02.avi
1.8167615532113666,3.772848537757676,77.78174593052023,0.7299418604651163,403.90697674418607,373.0806891933693,0.2575581395348837,109,107,HighJump/v_HighJump_g11_c03.avi
2.696102237893151,10.617735774333164,144.5856147754679,0.7678779069767442,392.4093023255814,369.48796739948324,0.27325581395348836,73,71,HighJump/v_HighJump_g11_c04.avi
1.9201683502418565,8.833434576913296,271.0,0.7921511627906976,414.6232558139535,381.9018775946642,0.2668604651162791,73,71,HighJump/v_HighJump_g11_c05.avi
1.4884434682223828,4.1056117290622,149.25130862072868,0.7537790697674419,395.9813953488372,377.57640794932286,0.29651162790697677,133,131,HighJump/v_HighJump_g11_c06.avi
1.9948361416859983,6.128047907382741,90.76687170989204,0.7418604651162791,432.48372093023255,383.0434652185308,0.22965116279069767,73,71,HighJump/v_HighJump_g11_c07.avi
2.823536132243349,5.049483535129526,44.637428241331286,0.61875,312.8186046511628,433.80389914070724,0.2063953488372093,109,107,HighJump/v_HighJump_g12_c01.avi
4.413985176578592,11.318197553988835,115.27792503337315,0.6656976744186046,219.60930232558138,186.57708901691245,0.34767441860465115,102,100,HighJump/v_HighJump_g12_c02.avi
2.7025200747719778,3.483305202362996,21.005951537600005,0.42834302325581397,409.93488372093026,467.9124301314276,0.07965116279069767,93,91,HighJump/v_HighJump_g12_c03.avi
2.60552342557209,3.683103526245913,36.625,0.3806686046511628,347.646511627907,270.2280616045065,0.05988372093023256,98,96,HighJump/v_HighJump_g12_c04.avi
4.303614214079115,8.577924688418774,164.68454693747074,0.2510174418604651,272.4093023255814,185.20650927075283,0.11918604651162791,119,117,HighJump/v_HighJump_g13_c01.avi
4.668561877626743,6.8771709124158305,156.0416611036937,0.42340116279069767,288.1488372093023,229.7934688205942,0.15813953488372093,81,79,HighJump/v_HighJump_g13_c02.avi
6.2805225997821506,6.688197908981255,190.75802735402775,0.22718023255813954,251.31162790697675,152.21053535841108,0.14534883720930233,111,109,HighJump/v_HighJump_g13_c03.avi
9.971221404932553,29.73170107384855,218.00917411888886,0.4427325581395349,252.65116279069767,220.5463494735059,0.2779069767441861,123,121,HighJump/v_HighJump_g13_c04.avi
7.470721173664921,8.323129805122157,96.0,0.23590116279069767,246.73488372093024,154.86419990118114,0.1691860465116279,101,99,HighJump/v_HighJump_g13_c05.avi
7.137615174385273,25.847444850332685,250.2544954641175,0.6656976744186046,215.8139534883721,183.12421198356728,0.3581395348837209,102,100,HighJump/v_HighJump_g14_c01.avi
6.241987721305556,23.52378942594926,196.13292686339028,0.7739825581395349,224.6325581395349,160.0433948724318,0.275,142,140,HighJump/v_HighJump_g14_c02.avi
7.437869960543418,16.801758098140144,217.329243315298,0.5068313953488373,215.3674418604651,133.1316182474203,0.2744186046511628,135,133,HighJump/v_HighJump_g14_c03.avi
7.03685563538847,15.047799556938562,314.57431554403803,0.51875,257.6744186046512,188.89787088440667,0.1866279069767442,147,145,HighJump/v_HighJump_g14_c04.avi
9.522512065787549,24.48518635240536,244.73863609981976,0.7434593023255814,194.26976744186047,223.7172255168769,0.5494186046511628,87,85,HighJump/v_HighJump_g15_c01.avi
7.795034188762231,21.57460744823522,132.45754036671525,0.6353197674418605,254.21395348837208,169.20611015054067,0.16279069767441862,92,90,HighJump/v_HighJump_g15_c02.avi
2.155399994154318,9.57763147000492,233.69210512980536,0.6784883720930233,232.33488372093024,241.70718291250287,0.4186046511627907,124,122,HighJump/v_HighJump_g15_c03.avi
4.786615664245642,9.493343879555914,145.91093173576817,0.6520348837209302,196.16744186046512,206.46709262087356,0.5,128,126,HighJump/v_HighJump_g15_c04.avi
3.7764070553627334,10.724226333733748,186.81809334215998,0.7517441860465116,206.54883720930232,215.60406473720772,0.47151162790697676,92,90,HighJump/v_HighJump_g16_c01.avi
2.895755490952192,7.128925366477493,152.0526224699857,0.5063953488372093,260.57674418604654,173.0988222081964,0.1436046511627907,72,70,HighJump/v_HighJump_g16_c02.avi
6.206637666637763,24.16231315085993,396.40005045408355,0.8090116279069768,185.0046511627907,198.62943170929475,0.5372093023255814,82,80,HighJump/v_HighJump_g16_c03.avi
4.358100637303449,10.196678714181965,258.00775182152955,0.37761627906976747,252.76279069767443,186.82386808230706,0.20290697674418604,65,63,HighJump/v_HighJump_g16_c04.avi
4.338947646049362,15.228222870308233,148.0880228107594,0.7258720930232558,247.06976744186048,149.03057207020922,0.15813953488372093,91,89,HighJump/v_HighJump_g16_c05.avi
2.5668808998922152,5.26862664069617,191.0,0.6046511627906976,259.12558139534883,207.6355887551198,0.22093023255813954,135,133,HighJump/v_HighJump_g17_c01.avi
1.770375550120351,9.914073856743862,272.75,0.9287790697674418,262.80930232558137,260.1135993458041,0.33895348837209305,143,141,HighJump/v_HighJump_g17_c02.avi
5.2521591434381305,12.715523208064191,274.6418121845252,0.4924418604651163,248.07441860465116,168.71253671042538,0.1877906976744186,117,115,HighJump/v_HighJump_g17_c03.avi
3.872264981081724,10.17971338261492,127.0,0.5476744186046512,235.34883720930233,146.77159659966694,0.2052325581395349,116,114,HighJump/v_HighJump_g17_c04.avi
1.1520495049762154,2.394620579410036,33.54101966249684,0.7671511627906977,210.2325581395349,148.74182990411057,0.32209302325581396,73,71,HighJump/v_HighJump_g18_c01.avi
7.180871375457743,22.978761028004858,249.1625975141534,0.49549418604651163,218.71627906976744,229.1099633721485,0.4476744186046512,73,71,HighJump/v_HighJump_g18_c02.avi
3.5936684764775295,3.6727115891098965,19.710799704730398,0.3267441860465116,253.54418604651164,226.8809679743734,0.2895348837209302,134,132,HighJump/v_HighJump_g18_c03.avi
8.289675518717647,12.33547403599185,273.1483113621609,0.49636627906976744,282.90232558139536,216.41421254146067,0.14593023255813953,119,117,HighJump/v_HighJump_g18_c04.avi
4.805070712916493,16.69206416016776,284.5698508275253,0.6850290697674418,198.51162790697674,163.07515346840935,0.40174418604651163,122,120,HighJump/v_HighJump_g19_c01.avi
4.8269541767452475,28.753360483959337,276.8483339303309,0.9507267441860465,154.97674418604652,156.91465438732195,0.6098837209302326,82,80,HighJump/v_HighJump_g19_c02.avi
5.516313312848093,13.729985430302767,218.28879952943075,0.4247093023255814,224.74418604651163,148.89673228383018,0.2558139534883721,62,60,HighJump/v_HighJump_g19_c03.avi
6.353458386844623,9.73258486481916,150.0,0.3765988372093023,244.39069767441862,171.83679630576663,0.20930232558139536,155,153,HighJump/v_HighJump_g19_c04.avi
4.412489159491576,9.297339423647125,175.00017857133747,0.6377906976744186,223.1813953488372,146.67261321671623,0.2593023255813954,118,116,HighJump/v_HighJump_g19_c05.avi
10.096333694763295,12.02297120605642,50.5,0.24854651162790697,246.9581395348837,123.98031770379531,0.12151162790697674,107,105,HighJump/v_HighJump_g20_c01.avi
7.671286172903654,11.541236788782838,98.875,0.2822674418604651,230.43720930232558,157.57491983070744,0.24476744186046512,102,100,HighJump/v_HighJump_g20_c02.avi
9.129725561173514,15.78216634123997,328.0,0.2998546511627907,223.62790697674419,160.4454588566229,0.2802325581395349,102,100,HighJump/v_HighJump_g20_c03.avi
14.272390619379863,23.67757828009175,114.83384736217802,0.3181686046511628,226.97674418604652,129.35357859903382,0.21627906976744185,92,90,HighJump/v_HighJump_g20_c04.avi
9.771104294397105,18.10526399857596,152.52049042669643,0.28837209302325584,258.90232558139536,175.28794846854873,0.15465116279069768,112,110,HighJump/v_HighJump_g20_c05.avi
5.056739091313522,10.862625559194758,106.47065323364932,0.671656976744186,1020.5395348837209,1491.3877686047883,0.14593023255813953,136,134,HighJump/v_HighJump_g21_c01.avi
6.606682322027667,14.917706139142213,188.0,0.4755813953488372,256.89302325581394,197.06597336501753,0.2069767441860465,139,137,HighJump/v_HighJump_g21_c02.avi
11.177204289729303,26.64585601350153,208.2524009465437,0.6518895348837209,485.73023255813956,906.4851115479424,0.21511627906976744,127,125,HighJump/v_HighJump_g21_c03.avi
4.186177192720685,8.553556550822698,231.00013528134568,0.6882267441860465,771.7209302325581,1306.2373146255106,0.21627906976744185,133,131,HighJump/v_HighJump_g21_c04.avi
8.64282268003297,31.341293958044094,210.76052761368766,0.7595930232558139,328.33488372093024,561.0691782094383,0.2441860465116279,109,107,HighJump/v_HighJump_g22_c01.avi
5.169901055378433,13.408829459381067,108.46197490364999,0.6630813953488373,349.7674418604651,578.7796639525994,0.2837209302325581,109,107,HighJump/v_HighJump_g22_c02.avi
7.519628861278042,31.690954951507674,316.17242131469976,0.8159883720930232,200.85581395348837,157.1395843758849,0.3802325581395349,122,120,HighJump/v_HighJump_g22_c03.avi
4.578671293962075,18.995100531931513,289.1262699928874,0.7876453488372093,309.8046511627907,572.6961603428033,0.3802325581395349,137,135,HighJump/v_HighJump_g22_c04.avi
4.505093888500795,12.990134819180014,91.39474820797966,0.7052325581395349,430.13953488372096,826.9269977451357,0.17209302325581396,96,94,HighJump/v_HighJump_g22_c05.avi
3.8964606989132924,5.165189352718873,37.75,0.5521802325581395,350.4372093023256,553.1831729197069,0.12441860465116279,109,107,HighJump/v_HighJump_g23_c01.avi
4.849561841540365,6.123671719073664,31.32091952673165,0.4213662790697674,266.04651162790697,215.42450827819246,0.21046511627906977,157,155,HighJump/v_HighJump_g23_c02.avi
2.889419660234598,3.90418816898996,59.21148537234985,0.4183139534883721,284.8,240.7044545051143,0.19883720930232557,134,132,HighJump/v_HighJump_g23_c03.avi
7.5783670762829045,28.021861029760498,221.83612335460606,0.9007267441860465,177.74883720930234,158.7127057414251,0.49593023255813956,86,84,HighJump/v_HighJump_g23_c04.avi
3.686953318275405,7.347731964225572,86.7532420143478,0.6425872093023256,443.42325581395346,840.5120269015451,0.26569767441860465,102,100,HighJump/v_HighJump_g23_c05.avi
10.04156690309886,31.526798303289794,337.00083456869953,0.5584302325581395,253.65581395348838,219.1457678863021,0.2703488372093023,122,120,HighJump/v_HighJump_g23_c06.avi
2.8157233980031835,7.124263768949822,155.42522317822161,0.6274709302325582,556.1674418604651,1026.9536842709324,0.19709302325581396,61,59,HighJump/v_HighJump_g24_c01.avi
1.4296085994810317,4.657263542034561,187.88294228055935,0.673110465116279,414.95813953488374,761.5129818351854,0.23953488372093024,75,73,HighJump/v_HighJump_g24_c02.avi
4.654481209638078,8.058393062277425,95.0,0.48531976744186045,246.28837209302327,202.99316199882236,0.26453488372093026,99,97,HighJump/v_HighJump_g24_c03.avi
1.7812359717476047,2.4623597220141726,13.885694076998815,0.6135174418604651,343.293023255814,579.7545131628735,0.31046511627906975,133,131,HighJump/v_HighJump_g24_c04.avi
3.230206125529522,7.214817925114316,47.16990566028302,0.6178779069767442,274.5302325581395,433.74479450526087,0.35,74,72,HighJump/v_HighJump_g24_c05.avi
1.9533460166699894,6.962819187638071,118.53269591129698,0.7630813953488372,276.53953488372093,462.8678319265034,0.48372093023255813,97,95,HighJump/v_HighJump_g25_c01.avi
1.961320357451994,9.240292000598059,174.34735443934903,0.7315406976744186,818.939534883721,1306.4061091120807,0.2982558139534884,121,119,HighJump/v_HighJump_g25_c02.avi
1.976808245145799,14.38339692068801,202.7888372174366,0.9587209302325581,351.88837209302324,331.00336063023997,0.24476744186046512,86,84,HighJump/v_HighJump_g25_c03.avi
5.588146454512573,16.067098804343274,256.0175775215444,0.6597383720930232,335.36744186046514,601.0388911771096,0.47267441860465115,97,95,HighJump/v_HighJump_g25_c04.avi
1.102273833286057,1.810468270347597,18.26369349282888,0.7315406976744186,307.68372093023254,320.48819223631136,0.3563953488372093,97,95,HighJump/v_HighJump_g25_c05.avi
3.455792571101333,16.997383612419004,251.7296416793223,0.6530523255813954,231.10697674418606,177.7455267423246,0.27848837209302324,266,263,HorseRace/v_HorseRace_g08_c01.avi
6.848164334013718,16.387305975781295,188.60358559688095,0.5289244186046511,239.47906976744187,158.71023260652854,0.2069767441860465,274,271,HorseRace/v_HorseRace_g08_c02.avi
6.325756515665226,17.47276061624161,177.80080146051085,0.5934593023255814,244.94883720930233,162.58170664578844,0.19011627906976744,210,207,HorseRace/v_HorseRace_g08_c03.avi
4.271042877583057,14.741431123708997,191.84629264074925,0.5745639534883721,300.2046511627907,426.64156839827905,0.2186046511627907,310,307,HorseRace/v_HorseRace_g08_c04.avi
2.495118529274297,5.615286257770254,32.89376840679705,0.5530523255813954,227.4232558139535,179.1752745053034,0.29767441860465116,199,196,HorseRace/v_HorseRace_g08_c05.avi
2.004231306400789,6.76119512669379,102.3132444994293,0.7752906976744186,307.68372093023254,552.6885934799983,0.26569767441860465,190,187,HorseRace/v_HorseRace_g09_c01.avi
3.7073844277985186,16.380163577506888,106.6770828247567,0.9203488372093023,760.893023255814,1353.400383426243,0.2866279069767442,225,222,HorseRace/v_HorseRace_g09_c02.avi
1.2287751199040742,7.153185115019308,114.0,0.7869186046511628,343.51627906976745,677.5369266278365,0.3813953488372093,292,289,HorseRace/v_HorseRace_g09_c03.avi
3.58757961693088,10.917688376034265,110.07270324653611,0.7037790697674419,632.7441860465116,1129.6676624487739,0.17034883720930233,352,348,HorseRace/v_HorseRace_g09_c04.avi
4.995690178175382,12.236660859021594,89.26260415201878,0.5280523255813954,239.47906976744187,127.22917713879055,0.15813953488372093,219,216,HorseRace/v_HorseRace_g10_c01.avi
2.1327508001833233,5.9496603233521554,62.95881590373186,0.7305232558139535,207.55348837209303,164.62463483576207,0.3616279069767442,214,211,HorseRace/v_HorseRace_g10_c02.avi
4.300984723446936,17.43301717493179,257.8325522504868,0.561046511627907,248.6325581395349,155.17339097135485,0.16162790697674417,222,219,HorseRace/v_HorseRace_g10_c03.avi
4.373286123986041,17.875355740796284,216.50519624249208,0.877906976744186,182.66046511627906,198.91050007891522,0.5494186046511628,325,321,HorseRace/v_HorseRace_g10_c04.avi
2.6965218579624377,6.075577582570015,30.501024572954922,0.5930232558139535,256.446511627907,244.79630958310148,0.32325581395348835,282,279,HorseRace/v_HorseRace_g11_c01.avi
1.9752914185293367,7.682835443894392,140.00357138301865,0.8129360465116279,413.95348837209303,757.6170092602127,0.20988372093023255,349,345,HorseRace/v_HorseRace_g11_c02.avi
11.788576317196714,22.16825870626059,191.60636732634956,0.528343023255814,240.8186046511628,173.5454625187409,0.22790697674418606,254,251,HorseRace/v_HorseRace_g11_c03.avi
4.2423701354837595,13.307855858694664,192.84449693989197,0.6343023255813953,566.2139534883721,1083.8539723106946,0.24476744186046512,362,358,HorseRace/v_HorseRace_g11_c04.avi
8.775559933065262,37.4224875906988,383.0013054808038,0.8728197674418605,137.0046511627907,124.68212597043016,0.6569767441860465,327,323,HorseRace/v_HorseRace_g11_c05.avi
6.710991391318155,10.949280058890094,91.96330790048823,0.37688953488372096,226.53023255813955,153.7867982583374,0.2558139534883721,368,364,HorseRace/v_HorseRace_g11_c06.avi
3.4491403893730177,6.15662914045402,42.05948168962618,0.4056686046511628,220.72558139534883,176.7695492205564,0.32325581395348835,392,388,HorseRace/v_HorseRace_g11_c07.avi
5.070116296969395,19.08266203920845,330.1751902399694,0.7781976744186047,173.28372093023256,167.0335113713365,0.5331395348837209,328,324,HorseRace/v_HorseRace_g12_c01.avi
1.635990071611544,8.525410167073398,137.46272221951665,0.8482558139534884,346.86511627906975,746.5005088500332,0.3081395348837209,297,294,HorseRace/v_HorseRace_g12_c02.avi
4.455182121884358,18.698362423749376,372.4862413566439,0.8431686046511628,190.5860465116279,148.31497216427903,0.41511627906976745,284,281,HorseRace/v_HorseRace_g12_c03.avi
0.799277948736984,5.907170598591706,83.117386869415,0.9584302325581395,407.70232558139537,754.0201864820984,0.19593023255813954,361,357,HorseRace/v_HorseRace_g12_c04.avi
5.1808450763424885,15.454222044966912,266.5202853442867,0.5248546511627907,242.6046511627907,145.78450798718075,0.17209302325581396,278,275,HorseRace/v_HorseRace_g13_c01.avi
6.919550932023952,25.41794305885445,255.07057846799972,0.6421511627906977,238.0279069767442,174.81796289693233,0.2424418604651163,266,263,HorseRace/v_HorseRace_g13_c02.avi
1.4663344795089313,8.390660898876204,151.11915828246265,0.7481104651162791,234.0093023255814,184.85901581318726,0.2796511627906977,279,276,HorseRace/v_HorseRace_g13_c03.avi
1.4534623562263458,3.879027159355231,64.15800807381726,0.7446220930232558,290.49302325581397,250.82865215525658,0.20406976744186048,292,289,HorseRace/v_HorseRace_g13_c04.avi
3.0360551869990875,16.109970142074467,213.43383049554257,0.7418604651162791,199.40465116279069,196.28081207206426,0.4622093023255814,266,263,HorseRace/v_HorseRace_g13_c05.avi
9.329014501946146,17.432540447062408,273.501828147455,0.4882267441860465,254.21395348837208,161.42738533325974,0.14883720930232558,215,212,HorseRace/v_HorseRace_g14_c01.avi
7.261881520754201,21.67439121783362,258.80494585691366,0.6071220930232558,218.04651162790697,96.31101593357243,0.21627906976744185,262,259,HorseRace/v_HorseRace_g14_c02.avi
5.3531461862999,13.566217894102026,270.57346507002495,0.6251453488372093,258.7906976744186,151.76367156368482,0.11337209302325581,230,227,HorseRace/v_HorseRace_g14_c03.avi
2.0748632220006535,7.608356987146131,124.95199078045935,0.7914244186046512,228.9860465116279,217.53629965080603,0.3732558139534884,286,283,HorseRace/v_HorseRace_g14_c04.avi
6.673776155242017,11.567938463384872,96.77066962670042,0.5135174418604651,247.40465116279069,141.45114688510262,0.1447674418604651,249,246,HorseRace/v_HorseRace_g15_c01.avi
10.714227368608109,25.993301461791933,250.77330400184147,0.567296511627907,211.5720930232558,159.42700644492874,0.33372093023255817,283,280,HorseRace/v_HorseRace_g15_c02.avi
2.743472361959098,5.751294882841528,106.92053123698928,0.6058139534883721,236.0186046511628,124.25539950050356,0.1691860465116279,268,265,HorseRace/v_HorseRace_g15_c03.avi
9.21628306432428,19.19430946719079,118.81452194492051,0.40363372093023253,234.90232558139536,137.97493787990544,0.1936046511627907,309,306,HorseRace/v_HorseRace_g15_c04.avi
2.544041742302145,8.224059130336265,166.24379687675568,0.6976744186046512,224.85581395348837,91.86366364758203,0.1808139534883721,231,228,HorseRace/v_HorseRace_g16_c01.avi
2.8533407784032194,8.842240415764504,146.4923206178399,0.6290697674418605,231.4418604651163,144.324134925937,0.2186046511627907,320,317,HorseRace/v_HorseRace_g16_c02.avi
12.947210021175014,36.849514081982086,338.0014792867037,0.5917151162790698,196.39069767441862,158.23325704287635,0.40348837209302324,285,282,HorseRace/v_HorseRace_g16_c03.avi
6.005235720761437,13.130745404554327,93.5,0.5164244186046512,239.92558139534884,128.62635285165243,0.15813953488372093,292,289,HorseRace/v_HorseRace_g16_c04.avi
2.5277223452761306,6.069093507174318,126.73791855636576,0.6479651162790697,209.89767441860465,135.27676623487037,0.30290697674418604,214,211,HorseRace/v_HorseRace_g16_c05.avi
1.4862022920239923,7.951898134576222,228.0,0.7441860465116279,295.9627906976744,305.25030295263775,0.34767441860465115,217,214,HorseRace/v_HorseRace_g17_c01.avi
1.6608279714206062,3.825532767872711,83.23648538952135,0.7117732558139535,235.7953488372093,179.41764963799548,0.261046511627907,230,227,HorseRace/v_HorseRace_g17_c02.avi
4.4708563465529,16.352209573516088,285.0,0.6465116279069767,208.44651162790697,130.98306538657513,0.30348837209302326,224,221,HorseRace/v_HorseRace_g17_c03.avi
3.1532413340383694,15.407810848144193,313.3448579440869,0.776453488372093,204.09302325581396,118.87061834117551,0.3075581395348837,226,223,HorseRace/v_HorseRace_g17_c04.avi
4.521632244791209,17.729773405428375,243.06223482886023,0.7354651162790697,201.74883720930234,95.85217390771042,0.29186046511627906,225,222,HorseRace/v_HorseRace_g17_c05.avi
3.4580754480172473,5.621651053035877,130.25,0.5572674418604651,269.3953488372093,226.4038519204415,0.22325581395348837,250,247,HorseRace/v_HorseRace_g18_c01.avi
2.113421634371187,4.495352559578247,62.890778338322384,0.5667151162790698,209.11627906976744,175.522238609869,0.3744186046511628,278,275,HorseRace/v_HorseRace_g18_c02.avi
3.8540869810416956,15.280378304418399,224.0089283934906,0.7392441860465117,159.66511627906976,112.45042087613118,0.5203488372093024,284,281,HorseRace/v_HorseRace_g18_c03.avi
2.703599935179019,10.367022100245691,103.0,0.7821220930232559,172.94883720930233,172.11502964262147,0.5441860465116279,285,282,HorseRace/v_HorseRace_g18_c04.avi
3.389141001703916,10.91483632304196,68.12511467880256,0.6120639534883721,193.0418604651163,153.47858911740394,0.4116279069767442,296,293,HorseRace/v_HorseRace_g18_c05.avi
1.868205160902733,4.671022227338254,90.0,0.5886627906976745,254.54883720930232,242.0187503519174,0.32383720930232557,268,265,HorseRace/v_HorseRace_g18_c06.avi
11.962683851085108,41.52771248017708,250.00012499996876,0.8664244186046511,179.646511627907,194.8802033317442,0.5558139534883721,246,243,HorseRace/v_HorseRace_g19_c01.avi
2.4643289298487305,9.913817990089736,207.32824216685964,0.7834302325581395,483.27441860465115,901.2015101539342,0.16744186046511628,341,337,HorseRace/v_HorseRace_g19_c02.avi
6.692371089880003,14.686875399578739,179.37517421594328,0.5989825581395349,250.41860465116278,166.18317612189261,0.17325581395348838,332,328,HorseRace/v_HorseRace_g19_c03.avi
1.0929960545602846,5.227118462312391,101.24228365658294,0.8495639534883721,801.1906976744186,1353.595341924945,0.3511627906976744,352,348,HorseRace/v_HorseRace_g19_c04.avi
3.530074401762899,12.864019736055178,195.0,0.7379360465116279,237.02325581395348,178.89395174458812,0.25465116279069766,337,333,HorseRace/v_HorseRace_g19_c05.avi
2.447155938873653,8.125013821218545,179.0,0.7614825581395349,251.53488372093022,197.45206646314915,0.2302325581395349,363,359,HorseRace/v_HorseRace_g19_c06.avi
2.635917318400804,12.185708553173274,98.33115287130524,0.8388081395348838,325.9906976744186,472.2220801029136,0.3494186046511628,368,364,HorseRace/v_HorseRace_g20_c01.avi
10.04614349895062,26.51565574214311,228.35731321768523,0.7584302325581396,168.03720930232558,167.36802092819678,0.5604651162790698,328,324,HorseRace/v_HorseRace_g20_c02.avi
7.5927067527503675,18.689470800225074,198.50003935767873,0.6550872093023256,250.53023255813955,173.69097864522675,0.1866279069767442,261,258,HorseRace/v_HorseRace_g20_c03.avi
4.919634026728526,12.021682862119855,129.0,0.7436046511627907,193.37674418604652,153.4061107257606,0.40988372093023256,327,323,HorseRace/v_HorseRace_g20_c04.avi
2.028225278950734,6.434205275737263,86.91842439897309,0.7316860465116279,351.66511627906976,338.1774949423033,0.27151162790697675,275,272,HorseRace/v_HorseRace_g20_c05.avi
1.7970566683232823,7.503726819559666,97.02995671440857,0.776453488372093,235.23720930232557,226.13191151663116,0.36627906976744184,296,293,HorseRace/v_HorseRace_g21_c01.avi
2.4146689524744223,6.020378896592112,87.69264507357501,0.6350290697674419,259.90697674418607,272.4858702505669,0.3866279069767442,296,293,HorseRace/v_HorseRace_g21_c02.avi
3.972246251072415,13.250992044117071,219.20994502987313,0.5880813953488372,215.92558139534884,183.09015201314588,0.35755813953488375,281,278,HorseRace/v_HorseRace_g21_c03.avi
3.1579782465743755,10.220331267328397,149.10566722965294,0.6540697674418605,283.46046511627907,302.82995008676255,0.3872093023255814,282,279,HorseRace/v_HorseRace_g21_c04.avi
1.9548477729517166,9.18739284461281,208.75003742514636,0.7813953488372093,232.89302325581394,241.53944778243982,0.41569767441860467,267,264,HorseRace/v_HorseRace_g21_c05.avi
2.8620691728393814,6.318386610478621,58.137767414994535,0.6539244186046511,241.71162790697673,191.9148323815739,0.26046511627906976,219,216,HorseRace/v_HorseRace_g22_c01.avi
1.1689868840357138,6.565994252950428,149.000209731396,0.86875,203.4232558139535,150.87035068223668,0.35755813953488375,283,280,HorseRace/v_HorseRace_g22_c02.avi
0.9483350281795793,10.227245031934212,246.0,0.8994186046511627,325.09767441860464,567.3439256699517,0.2936046511627907,361,357,HorseRace/v_HorseRace_g22_c03.avi
1.2253851995070735,6.195857270727302,138.0,0.8549418604651163,230.10232558139535,157.72418889324976,0.24651162790697675,353,349,HorseRace/v_HorseRace_g22_c04.avi
0.7545163833582705,2.9951992829427003,61.925862933026615,0.9002906976744186,261.3581395348837,271.16015539825986,0.3767441860465116,241,238,HorseRace/v_HorseRace_g23_c01.avi
5.538052062885078,16.430051360981835,122.01639234135715,0.7053779069767442,278.54883720930235,238.51192976072036,0.21744186046511627,197,194,HorseRace/v_HorseRace_g23_c02.avi
7.761468827878803,18.055407494878203,180.06943105369106,0.6146802325581395,284.57674418604654,212.44946303271288,0.13023255813953488,260,257,HorseRace/v_HorseRace_g23_c03.avi
2.2017031093884043,6.771236864569398,87.0,0.6890988372093023,285.13488372093025,296.41274717883294,0.3598837209302326,362,358,HorseRace/v_HorseRace_g23_c04.avi
1.2120458489979873,6.162902504501015,79.0,0.8925872093023256,295.9627906976744,303.84279673392905,0.3430232558139535,308,305,HorseRace/v_HorseRace_g23_c05.avi
1.8551284233769423,6.472115683295023,124.85191228010886,0.6931686046511628,338.04651162790697,360.71492019408066,0.4005813953488372,280,277,HorseRace/v_HorseRace_g24_c01.avi
3.0659208445141526,8.445604146142669,105.68178946724927,0.6508720930232558,288.0372093023256,294.4436748942576,0.34244186046511627,309,306,HorseRace/v_HorseRace_g24_c02.avi
1.8493983506550178,12.647778157784495,314.78018123763763,0.811046511627907,265.71162790697673,226.260460335657,0.2377906976744186,265,262,HorseRace/v_HorseRace_g24_c03.avi
2.359258403866329,5.708658563645762,181.27603261324978,0.6755813953488372,317.84186046511627,320.99582423753435,0.32209302325581396,294,291,HorseRace/v_HorseRace_g24_c04.avi
1.9063298226218828,7.079272376292019,108.3884795538714,0.7565406976744186,365.0604651162791,343.5861099471585,0.2505813953488372,309,306,HorseRace/v_HorseRace_g24_c05.avi
1.1127765321903051,3.1857689683857764,85.10618367662833,0.7760174418604651,285.13488372093025,232.37270672270793,0.17616279069767443,309,306,HorseRace/v_HorseRace_g24_c06.avi
1.4460477148144748,4.996527024579366,94.92101980067429,0.7449127906976745,380.0186046511628,383.75912943056977,0.3656976744186046,294,291,HorseRace/v_HorseRace_g24_c07.avi
6.09535061629715,26.74298881526825,325.32531795112413,0.7309593023255814,175.62790697674419,125.81807154847586,0.4558139534883721,287,284,HorseRace/v_HorseRace_g25_c01.avi
2.424063717643312,11.910435701185687,340.59947152043554,0.7758720930232558,182.21395348837208,149.79778863427447,0.45872093023255817,287,284,HorseRace/v_HorseRace_g25_c02.avi
2.198123809147796,12.649857666242664,307.58129006817046,0.6251453488372093,227.08837209302325,120.7233493326544,0.20406976744186048,242,239,HorseRace/v_HorseRace_g25_c03.avi
1.809014858057716,11.57315824132057,224.53952881397075,0.7636627906976744,242.04651162790697,140.10858803556488,0.16569767441860464,272,269,HorseRace/v_HorseRace_g25_c04.avi
6.585035571200451,15.630983360887772,220.92334643491168,0.3302325581395349,247.62790697674419,142.82157078559865,0.14593023255813953,154,152,HorseRiding/v_HorseRiding_g08_c01.avi
4.898642021351935,15.287936653117267,236.53540961133072,0.46584302325581395,231.2186046511628,120.13133753737247,0.18488372093023256,152,150,HorseRiding/v_HorseRiding_g08_c02.avi
2.4615199545295487,12.043053301089033,336.0952246016001,0.6277616279069768,227.86976744186046,114.81601771182335,0.1930232558139535,152,150,HorseRiding/v_HorseRiding_g08_c03.avi
4.757760856871695,9.1832377325015,159.80300372646317,0.4561046511627907,245.84186046511627,131.44815271563394,0.13662790697674418,152,150,HorseRiding/v_HorseRiding_g08_c04.avi
2.3826103525880256,5.901187593945156,116.0,0.6277616279069768,237.58139534883722,170.04763116012313,0.23546511627906977,241,238,HorseRiding/v_HorseRiding_g08_c05.avi
2.59567961751223,8.09384327039581,143.8923208513922,0.7590116279069767,454.92093023255813,898.7941628851091,0.19651162790697674,176,173,HorseRiding/v_HorseRiding_g08_c06.avi
0.9166315140276757,1.2253170432360838,17.564168070250297,0.6572674418604652,259.46046511627907,233.70839924755262,0.2819767441860465,202,199,HorseRiding/v_HorseRiding_g09_c01.avi
1.661574049388608,8.232727397585947,229.3809604130212,0.7449127906976745,292.6139534883721,244.50986528953146,0.17906976744186046,171,168,HorseRiding/v_HorseRiding_g09_c02.avi
5.7886036442239135,31.471630478451072,297.0,0.7572674418604651,295.8511627906977,309.48343485901836,0.3622093023255814,202,199,HorseRiding/v_HorseRiding_g09_c03.avi
1.492270485311268,8.568241485639106,232.03448019637082,0.7404069767441861,259.2372093023256,235.6295368061225,0.2877906976744186,202,199,HorseRiding/v_HorseRiding_g09_c04.avi
1.7301666909653273,3.2466878894144724,89.0000877808556,0.6122093023255814,239.70232558139534,169.06392005498722,0.22441860465116278,241,238,HorseRiding/v_HorseRiding_g09_c05.avi
1.4492073369560008,7.046293838024378,133.4541119636259,0.85625,183.66511627906976,117.47244879113775,0.4046511627906977,241,238,HorseRiding/v_HorseRiding_g09_c06.avi
2.076006458769782,4.8537075592273595,147.10540438746634,0.5643895348837209,233.89767441860465,222.7572852548858,0.363953488372093,202,199,HorseRiding/v_HorseRiding_g10_c01.avi
3.626433061285108,10.509389328015363,156.0162251177742,0.6023255813953489,205.65581395348838,198.19279467616067,0.4366279069767442,202,199,HorseRiding/v_HorseRiding_g10_c02.avi
3.5563512289247816,10.395867193665351,124.4025723206719,0.8571220930232558,216.59534883720931,186.36682751222475,0.36104651162790696,202,199,HorseRiding/v_HorseRiding_g10_c03.avi
2.673215974374152,7.345950692209559,171.12897183118935,0.7295058139534883,421.7674418604651,833.4813745553437,0.2505813953488372,202,199,HorseRiding/v_HorseRiding_g10_c04.avi
3.5868741167869884,7.227511856692974,114.27734902420514,0.6767441860465117,254.21395348837208,245.66418900358377,0.33488372093023255,202,199,HorseRiding/v_HorseRiding_g10_c05.avi
2.1946410160641716,7.548735204701251,150.01880090508655,0.6771802325581395,340.72558139534885,484.35757889116707,0.3633720930232558,202,199,HorseRiding/v_HorseRiding_g10_c06.avi
2.301205404039708,5.66250197489979,112.29425630903836,0.6484011627906977,376.89302325581394,738.3352882385493,0.15174418604651163,241,238,HorseRiding/v_HorseRiding_g10_c07.avi
3.2791911279960564,8.018956982066243,52.52915856931272,0.729360465116279,223.29302325581395,165.83079832243246,0.29127906976744183,241,238,HorseRiding/v_HorseRiding_g11_c01.avi
2.4650036847776375,11.51182066048033,356.08882318882183,0.70625,312.48372093023255,652.8318765481029,0.3081395348837209,241,238,HorseRiding/v_HorseRiding_g11_c02.avi
0.47182682314304775,4.382683690529146,104.04326023342406,0.975,462.4,853.4339979384517,0.34593023255813954,152,150,HorseRiding/v_HorseRiding_g11_c03.avi
1.244055055775426,3.6991457414652866,145.89036979869508,0.7755813953488372,421.65581395348835,846.2754802738347,0.3674418604651163,152,150,HorseRiding/v_HorseRiding_g11_c04.avi
2.935662163708123,6.264617313472899,44.598206241955516,0.760610465116279,307.68372093023254,553.4636245395719,0.2703488372093023,152,150,HorseRiding/v_HorseRiding_g11_c05.avi
2.5216294285592205,7.534447546598018,239.10248848558643,0.7754360465116279,296.9674418604651,571.7928669202668,0.42151162790697677,152,150,HorseRiding/v_HorseRiding_g11_c06.avi
3.9257835075297662,10.609698682696779,143.69411957348845,0.629796511627907,516.2046511627907,908.7328847314377,0.19127906976744186,241,238,HorseRiding/v_HorseRiding_g11_c07.avi
1.0518751966869369,6.2379425317885975,186.01075237738274,0.8475290697674419,252.76279069767443,237.35146054905616,0.3191860465116279,202,199,HorseRiding/v_HorseRiding_g12_c01.avi
1.2650763617141934,3.279982748694796,40.25077639002756,0.7616279069767442,258.5674418604651,217.96648741869004,0.24709302325581395,202,199,HorseRiding/v_HorseRiding_g12_c02.avi
0.8654619246027112,1.8572968779044012,26.0,0.7406976744186047,299.9813953488372,304.83789001492363,0.3313953488372093,202,199,HorseRiding/v_HorseRiding_g12_c03.avi
2.0824104127127345,3.3548814814485293,24.0,0.46002906976744184,258.5674418604651,221.8648108394045,0.2563953488372093,202,199,HorseRiding/v_HorseRiding_g12_c04.avi
7.9751356332411,15.89488711717987,136.01470508735443,0.6468023255813954,250.86511627906978,187.7541575221357,0.2127906976744186,141,139,HorseRiding/v_HorseRiding_g12_c05.avi
2.431882038329752,21.94839495795931,316.36183793245357,0.9627906976744186,179.08837209302325,128.7142376781638,0.4424418604651163,205,202,HorseRiding/v_HorseRiding_g12_c06.avi
2.5845522741203584,14.8810687422485,320.31546949843056,0.8920058139534883,361.8232558139535,669.7556836177181,0.26744186046511625,175,172,HorseRiding/v_HorseRiding_g12_c07.avi
1.9189892423512622,5.404824032329231,201.0,0.602906976744186,194.26976744186047,107.10178496087906,0.34011627906976744,202,199,HorseRiding/v_HorseRiding_g13_c01.avi
1.1893881387604075,4.699937204398463,199.00879377555154,0.7595930232558139,207.2186046511628,131.43070905147675,0.30988372093023253,202,199,HorseRiding/v_HorseRiding_g13_c02.avi
1.4647482265874276,6.219942623025267,68.06614430096654,0.7523255813953489,230.10232558139535,182.89325580197726,0.2930232558139535,202,199,HorseRiding/v_HorseRiding_g13_c03.avi
1.4610239770763973,4.835635754092393,55.502252206554644,0.7165697674418605,192.37209302325581,107.69056084736144,0.35,202,199,HorseRiding/v_HorseRiding_g13_c04.avi
4.175358567197647,16.239927265104406,337.3393135998234,0.7088662790697674,256.5581395348837,248.2303227476901,0.3319767441860465,154,152,HorseRiding/v_HorseRiding_g14_c01.avi
1.7182211884716605,14.219894878358165,349.1521874483962,0.9629360465116279,291.16279069767444,583.1612697380069,0.5145348837209303,33,31,HorseRiding/v_HorseRiding_g14_c02.avi
2.1397435434500975,10.635646364265105,205.41151531742324,0.8520348837209303,198.73488372093024,178.10130235179383,0.42848837209302326,94,92,HorseRiding/v_HorseRiding_g14_c03.avi
3.290134326266974,11.66851394158422,142.0,0.829360465116279,211.23720930232557,129.91680526354713,0.288953488372093,94,92,HorseRiding/v_HorseRiding_g14_c04.avi
2.25094475396171,7.360974764049047,166.33268620448598,0.803343023255814,224.29767441860466,194.06003564993011,0.34186046511627904,181,178,HorseRiding/v_HorseRiding_g14_c05.avi
2.1532262068192805,10.022180705412714,216.44860821913363,0.8992732558139535,218.6046511627907,133.35564262612644,0.25988372093023254,181,178,HorseRiding/v_HorseRiding_g14_c06.avi
1.2297841334715887,7.830411252177637,317.705838788021,0.9348837209302325,169.37674418604652,112.05929667276618,0.4697674418604651,181,178,HorseRiding/v_HorseRiding_g14_c07.avi
1.4879148018599995,8.028302575631685,290.1671931835162,0.8087209302325581,949.8790697674418,1553.479600476559,0.3116279069767442,242,239,HorseRiding/v_HorseRiding_g15_c01.avi
4.578327997305669,9.794758817113582,274.4035577393267,0.6020348837209303,416.63255813953486,752.7380160457108,0.1633720930232558,158,156,HorseRiding/v_HorseRiding_g15_c02.avi
5.9031670608104205,10.151669253754672,229.0,0.4578488372093023,228.2046511627907,141.4056838328189,0.22848837209302325,172,169,HorseRiding/v_HorseRiding_g15_c03.avi
4.145174072756392,4.62710085679586,67.64983370267808,0.23909883720930233,260.2418604651163,182.9198251522999,0.16395348837209303,152,150,HorseRiding/v_HorseRiding_g15_c04.avi
3.495793590753556,6.754762426164799,330.81386382677493,0.2896802325581395,245.6186046511628,149.86897728196246,0.16569767441860464,152,150,HorseRiding/v_HorseRiding_g15_c05.avi
3.6805904941091945,6.1533957849809,73.57309290766564,0.35973837209302323,235.34883720930233,124.66268603453719,0.17267441860465116,152,150,HorseRiding/v_HorseRiding_g15_c06.avi
4.185646860493208,25.78289557263193,306.0,0.9511627906976744,173.73023255813953,186.40426626378826,0.5680232558139535,162,160,HorseRiding/v_HorseRiding_g16_c01.avi
3.7618316623484387,21.481491612994493,321.2553501500014,0.9440406976744186,146.15813953488373,161.77283273310186,0.6651162790697674,162,160,HorseRiding/v_HorseRiding_g16_c02.avi
5.870983613052736,25.32970819564367,338.52991005227295,0.9158430232558139,169.93488372093023,185.49317154575465,0.5854651162790697,162,160,HorseRiding/v_HorseRiding_g16_c03.avi
5.814185761278867,19.671479489527183,284.98686921505697,0.6359011627906976,245.3953488372093,179.88292569088057,0.22034883720930232,170,167,HorseRiding/v_HorseRiding_g16_c04.avi
3.258457275966405,19.503029851445397,306.54363474063524,0.9258720930232558,980.4651162790698,1545.3314440724164,0.28255813953488373,303,300,HorseRiding/v_HorseRiding_g16_c05.avi
1.9747687269861804,13.778505074325091,308.86445247065905,0.7879360465116279,1678.586046511628,1867.6692727470352,0.16279069767441862,313,310,HorseRiding/v_HorseRiding_g16_c06.avi
3.0655123460169666,9.319229320516007,143.96180048887967,0.4670058139534884,628.3906976744186,1074.7465318950526,0.10930232558139535,241,238,HorseRiding/v_HorseRiding_g17_c01.avi
3.24399605680084,10.033167526349972,60.07495318350236,0.5370639534883721,438.7348837209302,755.6920004081031,0.13662790697674418,241,238,HorseRiding/v_HorseRiding_g17_c02.avi
2.3192758749326,7.341884171997363,80.52338557835233,0.6671511627906976,297.07906976744187,242.03483946616805,0.1558139534883721,241,238,HorseRiding/v_HorseRiding_g17_c03.avi
2.361950554175996,9.559847751641739,229.00218339570478,0.6787790697674418,332.57674418604654,556.3224449139017,0.20116279069767443,241,238,HorseRiding/v_HorseRiding_g17_c04.avi
2.899234580008856,12.333133802693421,319.03918254659567,0.7004360465116279,296.9674418604651,433.169083331118,0.261046511627907,241,238,HorseRiding/v_HorseRiding_g17_c05.avi
2.483585374896185,8.537862114004472,272.87474232695115,0.7127906976744186,242.15813953488373,157.3400793608636,0.1930232558139535,241,238,HorseRiding/v_HorseRiding_g17_c06.avi
2.3565419541183275,5.928758359034156,254.03149411047443,0.6322674418604651,285.4697674418605,250.82827956627713,0.22325581395348837,202,199,HorseRiding/v_HorseRiding_g18_c01.avi
3.7242242638335084,9.511768386801496,113.87225572983087,0.32645348837209304,253.54418604651164,160.4864600567499,0.15,202,199,HorseRiding/v_HorseRiding_g18_c02.avi
1.620202832014587,7.431094534753279,131.0,0.7686046511627908,210.67906976744186,168.8456134752465,0.3546511627906977,202,199,HorseRiding/v_HorseRiding_g18_c03.avi
2.5268041571827364,11.054278331751783,258.49564793241683,0.7598837209302326,217.0418604651163,138.7458547171404,0.275,202,199,HorseRiding/v_HorseRiding_g18_c04.avi
2.8418367068622477,13.893950489587608,166.29228785484912,0.80625,215.3674418604651,203.22362493240107,0.40232558139534885,241,238,HorseRiding/v_HorseRiding_g18_c05.avi
1.528456866630126,5.089318510629503,169.0,0.7472383720930232,442.0837209302326,912.58576275666,0.35872093023255813,241,238,HorseRiding/v_HorseRiding_g18_c06.avi
3.1175794119786535,9.302576265342134,178.0,0.7683139534883721,246.73488372093024,168.13516003186237,0.19244186046511627,193,190,HorseRiding/v_HorseRiding_g19_c01.avi
2.8733352863854944,8.084781183930772,192.25,0.7027616279069767,250.86511627906978,214.401265706652,0.2709302325581395,181,178,HorseRiding/v_HorseRiding_g19_c02.avi
3.188463206726038,17.341299051082174,289.3437888135842,0.7620639534883721,241.6,198.54833164748578,0.275,192,189,HorseRiding/v_HorseRiding_g19_c03.avi
2.6378830632759507,11.998394563804194,335.0238797459071,0.7545058139534884,290.04651162790697,261.92329371431794,0.23662790697674418,181,178,HorseRiding/v_HorseRiding_g19_c04.avi
3.1789559324957244,10.096931017786646,234.09613409879285,0.6066860465116279,294.06511627906974,407.59320285756013,0.15523255813953488,241,238,HorseRiding/v_HorseRiding_g19_c05.avi
1.6655805413362164,7.751569156102123,259.1100152444903,0.673110465116279,275.42325581395346,409.0891554827453,0.23372093023255813,241,238,HorseRiding/v_HorseRiding_g19_c06.avi
2.6280736992050975,4.829155251298042,48.05270543892404,0.5732558139534883,205.65581395348838,150.20981496796264,0.34593023255813954,241,238,HorseRiding/v_HorseRiding_g19_c07.avi
2.4296747719318676,3.9936920417082873,168.75018518508358,0.510610465116279,189.02325581395348,123.4182694199241,0.386046511627907,202,199,HorseRiding/v_HorseRiding_g20_c01.avi
8.715007245157238,10.240459701843644,68.77726731995101,0.36511627906976746,223.85116279069769,117.09847251817497,0.21395348837209302,176,173,HorseRiding/v_HorseRiding_g20_c02.avi
6.154159082249231,12.145128048351877,263.5,0.5504360465116279,231.66511627906976,118.06391427059097,0.18023255813953487,177,174,HorseRiding/v_HorseRiding_g20_c03.avi
4.450388034076351,23.949024872613435,323.8024088854189,0.9263081395348837,132.31627906976743,136.8840366968835,0.7,164,161,HorseRiding/v_HorseRiding_g20_c04.avi
6.808458649405629,31.11985404063566,318.0251562376788,0.9095930232558139,163.68372093023257,167.5203908868973,0.583139534883721,164,161,HorseRiding/v_HorseRiding_g20_c05.avi
3.7256511269878243,10.979855247841384,336.93322780634145,0.6343023255813953,247.40465116279069,154.4871755849888,0.16569767441860464,213,210,HorseRiding/v_HorseRiding_g20_c06.avi
3.437625619686045,13.969605053978432,259.8308343903779,0.7045058139534883,232.11162790697674,133.164373350788,0.19883720930232557,181,178,HorseRiding/v_HorseRiding_g20_c07.avi
5.076794228075769,12.371544815486486,182.0109886792553,0.5912790697674418,239.03255813953487,181.59139888571227,0.25116279069767444,172,169,HorseRiding/v_HorseRiding_g21_c01.avi
3.059136885163283,9.971514002015814,314.5003974560287,0.6505813953488372,207.7767441860465,129.58533659009078,0.30465116279069765,147,145,HorseRiding/v_HorseRiding_g21_c02.avi
1.9064834188780102,8.07055496805756,318.14776441144454,0.7482558139534884,241.37674418604652,188.67952999878517,0.2552325581395349,202,199,HorseRiding/v_HorseRiding_g21_c03.avi
4.076077570834568,10.011611367160764,200.24984394500785,0.7300872093023256,359.25581395348837,465.666019305645,0.20872093023255814,168,165,HorseRiding/v_HorseRiding_g21_c04.avi
6.661674346001175,27.325705916382372,340.05661293378785,0.436046511627907,236.68837209302325,123.84315138053272,0.16569767441860464,190,187,HorseRiding/v_HorseRiding_g21_c05.avi
4.414603345126564,17.74191182455746,333.50009370313524,0.4992732558139535,217.0418604651163,120.56222215309471,0.24941860465116278,241,238,HorseRiding/v_HorseRiding_g21_c06.avi
5.058447549441547,13.364245428840395,131.30879635424276,0.5625,326.3255813953488,557.4548358358325,0.22906976744186047,241,238,HorseRiding/v_HorseRiding_g22_c01.avi
3.829165891516502,10.993005854197525,78.26018304348642,0.5870639534883721,343.51627906976745,658.2835385886939,0.24186046511627907,241,238,HorseRiding/v_HorseRiding_g22_c02.avi
2.549815296701077,8.640160483726016,148.25021079243024,0.6834302325581395,277.65581395348835,408.45265889601114,0.22209302325581395,241,238,HorseRiding/v_HorseRiding_g22_c03.avi
4.005929706566388,12.956639306292914,270.50046210681415,0.5806686046511628,207.10697674418606,143.92279163261472,0.32906976744186045,241,238,HorseRiding/v_HorseRiding_g22_c04.avi
4.72220304102655,11.760738977901235,197.0,0.6113372093023256,347.5348837209302,651.9107996065038,0.18372093023255814,241,238,HorseRiding/v_HorseRiding_g22_c05.avi
3.6658090184362373,11.780101153803388,195.5,0.6239825581395348,235.5720930232558,179.5118009019494,0.2622093023255814,241,238,HorseRiding/v_HorseRiding_g22_c06.avi
2.3058599998792277,4.551086995084697,46.52956049652737,0.5601744186046511,224.96744186046513,147.35205070491656,0.25232558139534883,241,238,HorseRiding/v_HorseRiding_g22_c07.avi
1.9688416867870935,14.286115576922752,214.0591331852019,0.971656976744186,1921.7116279069767,1894.3833875874009,0.19651162790697674,201,198,HorseRiding/v_HorseRiding_g23_c01.avi
3.0969372898518603,9.032382646472023,128.25219296370724,0.6761627906976744,236.91162790697675,174.0851077735046,0.24593023255813953,252,249,HorseRiding/v_HorseRiding_g23_c02.avi
2.9332976882657182,7.470938897338862,46.09772228646444,0.7296511627906976,222.51162790697674,193.53845505666828,0.3488372093023256,152,150,HorseRiding/v_HorseRiding_g23_c03.avi
1.4129424995847606,5.840049484112168,145.61614779961732,0.6776162790697674,216.26046511627908,113.61856657057025,0.2441860465116279,127,125,HorseRiding/v_HorseRiding_g23_c04.avi
4.706064210629275,11.229554175078174,260.86394921491166,0.4991279069767442,224.4093023255814,109.20558767106662,0.20174418604651162,181,178,HorseRiding/v_HorseRiding_g23_c05.avi
4.334843401132634,15.48236299827424,166.29228785484912,0.6792151162790697,240.70697674418605,204.22938015566447,0.29127906976744183,202,199,HorseRiding/v_HorseRiding_g23_c06.avi
4.623012507850361,14.949933951561063,186.02839165030696,0.6184593023255814,286.80930232558137,237.85662264633825,0.18372093023255814,152,150,HorseRiding/v_HorseRiding_g24_c01.avi
1.6164850178022778,10.996233845353487,261.90876870582247,0.7145348837209302,405.4697674418605,484.63483041712374,0.17732558139534885,189,186,HorseRiding/v_HorseRiding_g24_c02.avi
2.308250273907958,4.942449620678566,158.07909412695912,0.6254360465116279,280.0,249.22727089574192,0.24011627906976743,152,150,HorseRiding/v_HorseRiding_g24_c03.avi
3.2229767351308203,7.1037234275624535,163.75019083958344,0.538953488372093,287.25581395348837,282.9101338968733,0.30930232558139537,181,178,HorseRiding/v_HorseRiding_g24_c04.avi
3.1012359619618555,9.215768631402206,274.32428346757786,0.5202034883720931,223.85116279069769,198.57271220772412,0.35348837209302325,181,178,HorseRiding/v_HorseRiding_g24_c05.avi
5.485109984020812,16.196308427285853,337.9659746187477,0.4627906976744186,206.21395348837208,125.11312384713496,0.3058139534883721,181,178,HorseRiding/v_HorseRiding_g24_c06.avi
3.1269370566318577,14.01443161968358,335.2924096963723,0.7222383720930232,266.8279069767442,393.8512092594793,0.20174418604651162,241,238,HorseRiding/v_HorseRiding_g24_c07.avi
3.967537692698195,8.765798835923269,112.0,0.5084302325581396,307.46046511627907,426.70720539342597,0.19244186046511627,241,238,HorseRiding/v_HorseRiding_g25_c01.avi
5.96396360350991,17.153009708515523,310.7193267242963,0.47107558139534883,262.25116279069766,399.91691251715343,0.24651162790697675,241,238,HorseRiding/v_HorseRiding_g25_c02.avi
4.034758080813615,9.537859128404643,156.08010763707205,0.4806686046511628,255.33023255813953,388.6043695878067,0.22674418604651161,241,238,HorseRiding/v_HorseRiding_g25_c03.avi
3.7533804364226206,9.462056600663523,127.1927670899568,0.5116279069767442,244.94883720930233,161.25805459903862,0.1877906976744186,241,238,HorseRiding/v_HorseRiding_g25_c04.avi
4.075496590099134,10.712932351512022,149.78985279383915,0.5755813953488372,241.15348837209302,168.37215058459762,0.21686046511627907,241,238,HorseRiding/v_HorseRiding_g25_c05.avi
3.856178095969326,8.561447400384477,195.67399546183952,0.4757267441860465,208.7813953488372,124.13459922050096,0.2924418604651163,241,238,HorseRiding/v_HorseRiding_g25_c06.avi
4.76361158950411,12.152322854270675,211.57814750110654,0.5277616279069768,277.09767441860464,207.56785328061258,0.14825581395348839,241,238,HorseRiding/v_HorseRiding_g25_c07.avi
0.3220350490796125,1.2255317073343037,16.15646155567487,0.9186046511627907,426.45581395348836,394.9330195211062,0.2936046511627907,92,90,HulaHoop/v_HulaHoop_g08_c01.avi
0.2261564915005857,0.8740768843656592,23.266459227824075,0.9236918604651163,366.6232558139535,365.64570781729907,0.3308139534883721,92,90,HulaHoop/v_HulaHoop_g08_c02.avi
0.2242671199704578,0.9026715880201176,14.654883998176171,0.9331395348837209,365.6186046511628,366.2116094687345,0.336046511627907,92,90,HulaHoop/v_HulaHoop_g08_c03.avi
0.4860677183405142,1.6337791087213176,17.0,0.8629360465116279,200.96744186046513,230.16231655773578,0.5331395348837209,82,80,HulaHoop/v_HulaHoop_g08_c04.avi
0.8168426173943488,4.1273839313305976,85.70880934886448,0.8802325581395349,443.7581395348837,401.28076016706757,0.28255813953488373,102,100,HulaHoop/v_HulaHoop_g08_c05.avi
2.524404880513335,6.586413717690201,80.0097650290263,0.715843023255814,317.84186046511627,314.92929160816044,0.30116279069767443,102,100,HulaHoop/v_HulaHoop_g09_c01.avi
4.144812024515403,20.60560818773665,247.0,0.7555232558139535,312.3720930232558,316.9362802407269,0.32732558139534884,102,100,HulaHoop/v_HulaHoop_g09_c02.avi
2.462815579416927,11.657150640726462,269.72404879802616,0.7002906976744186,345.9720930232558,335.0035878499862,0.2779069767441861,88,86,HulaHoop/v_HulaHoop_g09_c03.avi
2.1617608506198565,7.258443826067734,127.0,0.764389534883721,326.66046511627906,327.1621617254965,0.3133720930232558,102,100,HulaHoop/v_HulaHoop_g09_c04.avi
1.8860373919903342,9.826096829771686,181.0,0.8347383720930233,373.09767441860464,343.06143560482406,0.225,92,90,HulaHoop/v_HulaHoop_g09_c05.avi
1.8826024727136992,8.951284847780153,319.0015673942685,0.70625,336.0372093023256,305.13179540807636,0.2063953488372093,88,86,HulaHoop/v_HulaHoop_g09_c06.avi
4.142596976210601,6.429508645799593,76.32168761236873,0.6018895348837209,213.69302325581396,158.7252671014962,0.3226744186046512,86,84,HulaHoop/v_HulaHoop_g10_c01.avi
1.4577847235631876,2.41672158213555,18.027756377319946,0.6603197674418605,256.6697674418605,229.33610506414476,0.28255813953488373,102,100,HulaHoop/v_HulaHoop_g10_c02.avi
3.4524105103549783,6.650817162983233,135.7509208071901,0.6430232558139535,244.27906976744185,204.8843491794079,0.27732558139534885,102,100,HulaHoop/v_HulaHoop_g10_c03.avi
3.8159275915928252,7.487001043437988,54.230987451824994,0.6739825581395349,413.6186046511628,829.8212884812352,0.2372093023255814,102,100,HulaHoop/v_HulaHoop_g10_c04.avi
0.23774563513684382,0.9429201340794714,24.041630560342615,0.9412790697674419,365.73023255813956,671.1256089879754,0.26569767441860465,197,194,HulaHoop/v_HulaHoop_g11_c01.avi
0.26474987141014694,0.6971782973262503,8.503675675847475,0.9213662790697674,604.8372093023256,1133.0280673514517,0.2180232558139535,201,198,HulaHoop/v_HulaHoop_g11_c02.avi
0.36321395979021404,1.3049165407334649,26.019223662515376,0.9059593023255814,207.7767441860465,165.85728361737557,0.3627906976744186,174,171,HulaHoop/v_HulaHoop_g11_c03.avi
0.2719701347787003,0.7639606055517307,10.518584743205713,0.9126453488372093,434.71627906976744,836.7647489490872,0.2505813953488372,151,149,HulaHoop/v_HulaHoop_g11_c04.avi
0.704164606011989,4.46212340544293,85.51315688243535,0.8909883720930233,541.5441860465116,627.9412182911619,0.20116279069767443,102,100,HulaHoop/v_HulaHoop_g12_c01.avi
0.7578993824777802,4.218065496736712,76.79721674644206,0.8954941860465117,464.4093023255814,397.8821841595905,0.22616279069767442,92,90,HulaHoop/v_HulaHoop_g12_c02.avi
0.6874340674385051,3.744546032777237,128.01562404644207,0.8718023255813954,395.42325581395346,364.05964553308945,0.2436046511627907,97,95,HulaHoop/v_HulaHoop_g12_c03.avi
0.5592973369143835,2.798268643462316,50.936234646860186,0.8882267441860465,486.6232558139535,404.98204659443644,0.21744186046511627,100,98,HulaHoop/v_HulaHoop_g12_c04.avi
1.0343539998415954,7.040679211924158,170.48460341039598,0.865843023255814,435.72093023255815,506.7796331135156,0.22441860465116278,92,90,HulaHoop/v_HulaHoop_g12_c05.avi
0.8625139734969911,4.807492672632166,102.7277956543408,0.8627906976744186,353.2279069767442,345.4489484213068,0.2936046511627907,90,88,HulaHoop/v_HulaHoop_g12_c06.avi
0.07526945772967687,0.5358372632493645,15.508062419270823,0.9738372093023255,186.34418604651162,175.53302916164543,0.48372093023255813,92,90,HulaHoop/v_HulaHoop_g13_c01.avi
0.06511723137608387,0.6076291169019004,16.38263180932783,0.9832848837209303,205.32093023255814,185.9991604859018,0.4127906976744186,100,98,HulaHoop/v_HulaHoop_g13_c02.avi
0.09184169609545766,0.6733158665896214,17.0,0.9780523255813953,221.84186046511627,179.99057628116825,0.3244186046511628,95,93,HulaHoop/v_HulaHoop_g13_c03.avi
0.08344107058803764,0.7324765333415801,17.315094570922792,0.9815406976744186,216.93023255813952,162.9423346918462,0.31511627906976747,102,100,HulaHoop/v_HulaHoop_g13_c04.avi
0.11497189494392915,0.9203674532399909,33.455193916640205,0.9765988372093023,220.27906976744185,111.53856890162723,0.22325581395348837,87,85,HulaHoop/v_HulaHoop_g13_c05.avi
0.09790564782934422,1.2497358965629495,91.15131650173792,0.9787790697674419,200.52093023255813,200.37849831052526,0.46569767441860466,87,85,HulaHoop/v_HulaHoop_g13_c06.avi
0.8464031127354442,1.9496189646272701,23.926972228010797,0.790406976744186,1128.1488372093024,1641.7344816017123,0.23197674418604652,218,215,HulaHoop/v_HulaHoop_g14_c01.avi
0.9329068675301748,2.578410969338622,44.5,0.7745639534883721,280.5581395348837,235.69089950222215,0.20232558139534884,216,213,HulaHoop/v_HulaHoop_g14_c02.avi
1.1103074928395114,1.9474834854603902,20.0,0.6572674418604652,551.1441860465117,979.5766017751076,0.2813953488372093,214,211,HulaHoop/v_HulaHoop_g14_c03.avi
1.0538063852803794,3.042994943932012,95.0,0.6976744186046512,635.5348837209302,1183.0156842782103,0.2441860465116279,222,219,HulaHoop/v_HulaHoop_g14_c04.avi
1.3167279010165367,2.4012928174223886,36.0,0.6318313953488373,1153.2651162790698,1629.1633005766844,0.14534883720930233,222,219,HulaHoop/v_HulaHoop_g14_c05.avi
2.0314878142600565,2.7615600764008446,31.00403199585499,0.5502906976744186,190.25116279069766,179.7368417050043,0.47267441860465115,82,80,HulaHoop/v_HulaHoop_g15_c01.avi
1.9698163844924945,2.8976596302700126,26.472863464310013,0.5155523255813953,228.76279069767443,141.1351142555705,0.2255813953488372,87,85,HulaHoop/v_HulaHoop_g15_c02.avi
1.4734131224376465,2.2776736841823757,22.09779400754745,0.6030523255813953,245.06046511627906,181.22803589713294,0.22441860465116278,88,86,HulaHoop/v_HulaHoop_g15_c03.avi
1.9126147636868183,3.841117015822957,144.69277798148738,0.6787790697674418,125.50697674418605,114.7608177914494,0.7075581395348837,82,80,HulaHoop/v_HulaHoop_g15_c04.avi
1.6414262899937213,3.465903895209096,28.74456470360962,0.6968023255813953,558.1767441860466,1033.2530820434026,0.26569767441860465,102,100,HulaHoop/v_HulaHoop_g15_c05.avi
2.2516527931946166,3.5205922230199302,95.50818027792174,0.3819767441860465,253.32093023255814,193.3163313859696,0.21395348837209302,92,90,HulaHoop/v_HulaHoop_g16_c01.avi
1.6168835210296657,2.9261396634232546,27.113764954354828,0.5430232558139535,245.6186046511628,160.90344823485592,0.18430232558139534,93,91,HulaHoop/v_HulaHoop_g16_c02.avi
0.8407026700022361,2.532433239440061,80.52328855678958,0.7815406976744186,235.12558139534883,166.06207314221356,0.23895348837209301,97,95,HulaHoop/v_HulaHoop_g16_c03.avi
2.402015633680388,6.087239533626145,203.36927619480775,0.4822674418604651,244.6139534883721,156.03313539176185,0.18023255813953487,93,91,HulaHoop/v_HulaHoop_g16_c04.avi
2.0812004706862584,7.249454291346827,200.52571530853592,0.6767441860465117,214.25116279069766,144.38473212476774,0.29651162790697677,102,100,HulaHoop/v_HulaHoop_g16_c05.avi
2.2978825852349716,4.037846142127892,157.45793088949188,0.5218023255813954,232.44651162790697,165.96179351415768,0.2505813953488372,92,90,HulaHoop/v_HulaHoop_g16_c06.avi
0.2552123359322779,0.8652324026154271,21.779075393597406,0.9052325581395348,520.6697674418605,633.7657976692137,0.26569767441860465,91,89,HulaHoop/v_HulaHoop_g17_c01.avi
0.19911714159145874,0.7489930147623669,10.93446386431452,0.936046511627907,498.6790697674419,534.6690558928647,0.26395348837209304,102,100,HulaHoop/v_HulaHoop_g17_c02.avi
0.2759063142052722,1.2560508985910677,24.731369250407468,0.923110465116279,536.6325581395349,538.1313143630531,0.23372093023255813,100,98,HulaHoop/v_HulaHoop_g17_c03.avi
0.26744658757149353,0.792547576779561,16.688319268278637,0.876453488372093,562.5302325581396,542.0700356084969,0.2313953488372093,100,98,HulaHoop/v_HulaHoop_g17_c04.avi
0.2108009237715989,1.1254747940142682,48.75705077217038,0.9191860465116279,537.1906976744186,426.11398836022437,0.2424418604651163,96,94,HulaHoop/v_HulaHoop_g17_c05.avi
0.6359595518178911,1.4112741122699073,17.558829687652874,0.8199127906976744,240.37209302325581,407.51983962295253,0.37209302325581395,97,95,HulaHoop/v_HulaHoop_g18_c01.avi
0.596932476981058,1.8638710949977957,54.0,0.8639534883720931,198.06511627906977,161.86119646987942,0.40174418604651163,109,107,HulaHoop/v_HulaHoop_g18_c02.avi
0.953134479231178,2.068713960789327,21.587033144922902,0.7813953488372093,185.11627906976744,124.27224601792922,0.4063953488372093,93,91,HulaHoop/v_HulaHoop_g18_c03.avi
0.8064724202810353,1.897928400526143,35.05709628591621,0.8143895348837209,320.63255813953486,484.8003855440798,0.4331395348837209,121,119,HulaHoop/v_HulaHoop_g18_c04.avi
2.4462355049335467,4.601930481676313,32.28002478313795,0.6398255813953488,168.93023255813952,139.36957649872616,0.5093023255813953,86,84,HulaHoop/v_HulaHoop_g19_c01.avi
0.9073109339496466,1.9661110694960044,24.157038311846094,0.7510174418604652,506.6046511627907,970.0469933362468,0.23430232558139535,92,90,HulaHoop/v_HulaHoop_g19_c02.avi
1.5146871755930333,3.5006821794582494,21.10094784600919,0.7361918604651163,538.5302325581396,1037.930175438595,0.3377906976744186,90,88,HulaHoop/v_HulaHoop_g19_c03.avi
2.2513473868472373,3.42550909236081,28.78041869049163,0.6207848837209302,411.8325581395349,837.3050289459077,0.30930232558139537,94,92,HulaHoop/v_HulaHoop_g19_c04.avi
0.7725459919938057,3.584066199294164,94.02692433553274,0.8292151162790697,489.07906976744187,528.6037670932559,0.2441860465116279,102,100,HulaHoop/v_HulaHoop_g20_c01.avi
0.8777923855913744,4.340260191004402,108.90341190706562,0.8694767441860465,392.52093023255816,362.388803511867,0.24476744186046512,93,91,HulaHoop/v_HulaHoop_g20_c02.avi
1.0570794578959124,5.417372438299476,140.64610952671248,0.8497093023255814,348.09302325581393,342.6881295542224,0.29941860465116277,99,97,HulaHoop/v_HulaHoop_g20_c03.avi
0.5237470314811993,4.035591620835062,130.6981254647518,0.8906976744186047,420.7627906976744,381.68753141637154,0.25116279069767444,102,100,HulaHoop/v_HulaHoop_g20_c04.avi
0.6444677251342574,3.611138759821435,93.33809511662427,0.8885174418604651,389.50697674418603,354.1625414485255,0.22093023255813954,97,95,HulaHoop/v_HulaHoop_g20_c05.avi
0.6003160155214269,2.786128698278122,50.00999900019995,0.8905523255813953,416.1860465116279,388.1020757489568,0.288953488372093,102,100,HulaHoop/v_HulaHoop_g20_c06.avi
0.5161018152554195,2.1929727468930484,69.02897942168927,0.8747093023255814,401.89767441860465,399.3177073333219,0.37267441860465117,102,100,HulaHoop/v_HulaHoop_g20_c07.avi
4.152831643921922,13.039846063444015,190.0,0.4011627906976744,239.14418604651163,153.3866148951356,0.1994186046511628,97,95,HulaHoop/v_HulaHoop_g21_c01.avi
1.9460513481803112,6.73785330926001,224.0,0.6074127906976744,206.32558139534885,138.10203860378905,0.32383720930232557,79,77,HulaHoop/v_HulaHoop_g21_c02.avi
1.3400042192910164,5.082875668932773,118.75,0.8379360465116279,185.89767441860465,154.84428410559127,0.44883720930232557,102,100,HulaHoop/v_HulaHoop_g21_c03.avi
1.4327049855382923,4.386210196853713,121.10326172320876,0.7375,282.5674418604651,311.5597876259851,0.4197674418604651,102,100,HulaHoop/v_HulaHoop_g21_c04.avi
2.2165341846259072,2.1421160908004406,17.46424919657298,0.3507267441860465,361.8232558139535,660.7347752162718,0.20232558139534884,89,87,HulaHoop/v_HulaHoop_g22_c01.avi
1.5053193176290993,2.7371611367355086,16.854153790683174,0.7232558139534884,256.2232558139535,170.60294285366214,0.1569767441860465,94,92,HulaHoop/v_HulaHoop_g22_c02.avi
0.8732300959031684,1.5060888396032779,15.846923991740478,0.7077034883720931,256.11162790697676,420.2176032139043,0.3622093023255814,96,94,HulaHoop/v_HulaHoop_g22_c03.avi
0.8461175055776503,1.034420097364043,17.135489488193794,0.6079941860465117,364.0558139534884,652.2090666743635,0.13488372093023257,93,91,HulaHoop/v_HulaHoop_g22_c04.avi
1.846700554840029,1.937334371314561,19.50640920313116,0.4065406976744186,444.42790697674417,760.0810991997733,0.16046511627906976,88,86,HulaHoop/v_HulaHoop_g22_c05.avi
0.20582358241705914,0.9751902521667288,64.1248781675256,0.9382267441860465,232.89302325581394,249.39760484046806,0.4366279069767442,82,80,HulaHoop/v_HulaHoop_g23_c01.avi
0.1828419949746769,1.5886700676803371,59.21148537234985,0.9720930232558139,255.33023255813953,274.9013485081036,0.4127906976744186,83,81,HulaHoop/v_HulaHoop_g23_c02.avi
0.16591463337822884,1.1440023651487141,39.59561213063892,0.9613372093023256,246.9581395348837,251.75394616667313,0.3819767441860465,82,80,HulaHoop/v_HulaHoop_g23_c03.avi
0.12146431816459817,0.731718667200893,16.039502018454314,0.9767441860465116,212.5767441860465,193.1697949776964,0.3936046511627907,92,90,HulaHoop/v_HulaHoop_g23_c04.avi
0.12879213429680647,0.6477951163308585,12.5,0.9720930232558139,264.0372093023256,219.3531261785549,0.22790697674418606,102,100,HulaHoop/v_HulaHoop_g23_c05.avi
0.22122739808264483,1.109363281514431,43.139309220245984,0.9485465116279069,249.86046511627907,236.66103533597433,0.32965116279069767,102,100,HulaHoop/v_HulaHoop_g23_c06.avi
0.9080224885515646,1.096665579309738,14.713938969562161,0.6353197674418605,277.7674418604651,204.06164563444378,0.1377906976744186,91,89,HulaHoop/v_HulaHoop_g24_c01.avi
0.6404814669962087,1.0356917058058746,12.041594578792296,0.7895348837209303,312.8186046511628,428.33475240631975,0.1808139534883721,95,93,HulaHoop/v_HulaHoop_g24_c02.avi
0.6804204297946007,1.1282929700939732,13.809530223725933,0.7761627906976745,229.43255813953488,165.95867757034515,0.26395348837209304,98,96,HulaHoop/v_HulaHoop_g24_c03.avi
1.7358084869726942,2.2369377909791197,17.307873930670976,0.523546511627907,285.4697674418605,261.7007660410216,0.2534883720930233,89,87,HulaHoop/v_HulaHoop_g24_c04.avi
0.3494837323955924,1.2699764670636606,19.235384061671343,0.9104651162790698,1089.9720930232559,1481.434973468815,0.2982558139534884,98,96,HulaHoop/v_HulaHoop_g25_c01.avi
0.5614895777920335,4.993705174781104,112.16059914247963,0.9239825581395349,1107.9441860465117,1475.2392810726285,0.28837209302325584,92,90,HulaHoop/v_HulaHoop_g25_c02.avi
0.3223679392025238,1.298558523444054,25.250309404044934,0.9225290697674419,1129.7116279069767,1466.2946214323829,0.25872093023255816,92,90,HulaHoop/v_HulaHoop_g25_c03.avi
0.41406557764513563,3.0839564872558283,116.37869220780924,0.8991279069767442,1169.0046511627907,1491.599807597493,0.2866279069767442,98,96,HulaHoop/v_HulaHoop_g25_c04.avi
0.399332394527207,2.6145959256688576,80.13289742671233,0.940406976744186,1311.2186046511629,1611.409177787727,0.25290697674418605,93,91,HulaHoop/v_HulaHoop_g25_c05.avi
4.110672162076794,5.224363470065162,23.636901763979136,0.4204941860465116,238.13953488372093,153.90084113515832,0.20465116279069767,250,247,IceDancing/v_IceDancing_g08_c01.avi
15.643329961886563,37.09192776151519,237.8195219068443,0.39055232558139535,238.8093023255814,164.34585173722573,0.21976744186046512,257,254,IceDancing/v_IceDancing_g08_c02.avi
7.750548879094236,13.35188754626333,254.01230285165323,0.47180232558139534,262.25116279069766,199.77790502419737,0.19069767441860466,251,248,IceDancing/v_IceDancing_g08_c03.avi
5.18489911186346,5.973763515749013,99.32270636667126,0.36613372093023255,230.77209302325582,113.05013978284848,0.17790697674418604,257,254,IceDancing/v_IceDancing_g08_c04.avi
12.570979824829333,43.658589608708624,319.03918254659567,0.8379360465116279,194.04651162790697,213.95826081633817,0.5273255813953488,243,240,IceDancing/v_IceDancing_g08_c05.avi
5.511879161027497,7.330956029871223,28.04377159014101,0.4563953488372093,262.47441860465113,208.07381974162743,0.20813953488372092,251,248,IceDancing/v_IceDancing_g08_c06.avi
14.032216278147144,23.236726184009395,223.51398166557723,0.47747093023255816,237.24651162790698,165.08616404047524,0.22790697674418606,258,255,IceDancing/v_IceDancing_g08_c07.avi
1.0343434523932422,2.137045012188357,49.12627224815659,0.6213662790697675,193.71162790697673,141.71012208731275,0.38953488372093026,258,255,IceDancing/v_IceDancing_g09_c01.avi
6.586891913501109,15.553029617512653,194.79107397414288,0.5167151162790697,179.9813953488372,150.11189509567785,0.4703488372093023,258,255,IceDancing/v_IceDancing_g09_c02.avi
4.2935205097976095,5.025163319583551,77.10382610480494,0.311046511627907,199.06976744186048,146.30922896844638,0.37093023255813956,250,247,IceDancing/v_IceDancing_g09_c03.avi
6.5284024865423245,16.127490414653032,264.1368016767069,0.559593023255814,203.31162790697675,172.13356254131227,0.3953488372093023,262,259,IceDancing/v_IceDancing_g09_c04.avi
3.860304531162544,11.87558165873874,199.609971256448,0.5207848837209302,224.52093023255813,189.51499487601396,0.3313953488372093,254,251,IceDancing/v_IceDancing_g09_c05.avi
4.47360053304991,5.320832437446383,94.0,0.3328488372093023,248.85581395348837,210.20409274258395,0.26976744186046514,217,214,IceDancing/v_IceDancing_g09_c06.avi
2.478410110340225,5.218125497389273,37.73468232276509,0.6287790697674419,231.2186046511628,187.1010263800592,0.29651162790697677,255,252,IceDancing/v_IceDancing_g10_c01.avi
5.410802592376793,12.484567432344342,122.01639234135715,0.6046511627906976,183.10697674418606,149.66263673691563,0.45406976744186045,261,258,IceDancing/v_IceDancing_g10_c02.avi
3.4960922477601506,7.062323602568048,173.5,0.6146802325581395,202.1953488372093,156.78520034790952,0.3732558139534884,274,271,IceDancing/v_IceDancing_g10_c03.avi
4.4223867768163565,14.674576628634641,195.78467923971988,0.5867732558139535,281.1162790697674,424.94876349444417,0.28313953488372096,256,253,IceDancing/v_IceDancing_g10_c04.avi
4.731039606961625,19.74725179520882,226.0,0.45915697674418604,245.28372093023256,194.80601792222134,0.25116279069767444,261,258,IceDancing/v_IceDancing_g10_c05.avi
4.008962219660199,6.496977312541594,60.875,0.4630813953488372,230.88372093023256,187.22815447473477,0.2982558139534884,255,252,IceDancing/v_IceDancing_g10_c06.avi
8.709941587322199,21.488744219231688,184.00271737123884,0.4213662790697674,228.65116279069767,178.70840009940713,0.29127906976744183,256,253,IceDancing/v_IceDancing_g10_c07.avi
5.751334894627274,8.935168363546929,63.26235057283281,0.413953488372093,241.37674418604652,192.05707102039895,0.2622093023255814,253,250,IceDancing/v_IceDancing_g11_c01.avi
8.789595585173938,37.02187012990647,299.77043299831956,0.8859011627906976,172.8372093023256,167.06842077460055,0.5354651162790698,245,242,IceDancing/v_IceDancing_g11_c02.avi
5.696165232195794,7.018399903359962,63.0,0.39578488372093024,230.43720930232558,168.10432671998498,0.2633720930232558,253,250,IceDancing/v_IceDancing_g11_c03.avi
6.7982268830842765,12.469540274094832,224.5,0.49883720930232556,224.52093023255813,148.993610848094,0.2569767441860465,257,254,IceDancing/v_IceDancing_g11_c04.avi
2.7076578163968836,3.9251820793979677,17.72004514666935,0.6459302325581395,359.36744186046514,351.2184371126814,0.29651162790697677,241,238,IceDancing/v_IceDancing_g12_c01.avi
9.800797903076315,26.76366918056378,288.0,0.4136627906976744,384.8186046511628,333.57519235727426,0.1569767441860465,253,250,IceDancing/v_IceDancing_g12_c02.avi
4.9528781840857805,10.92463082855063,306.0261426741186,0.41671511627906976,367.4046511627907,337.12803306168576,0.21976744186046512,254,251,IceDancing/v_IceDancing_g12_c03.avi
10.993250018011732,20.719500751701766,275.2501135331283,0.39811046511627907,344.52093023255816,313.354288349532,0.2063953488372093,260,257,IceDancing/v_IceDancing_g12_c04.avi
10.433944202218223,17.357476771757174,272.47018185482244,0.45377906976744187,393.6372093023256,337.13385446254154,0.14593023255813953,256,253,IceDancing/v_IceDancing_g12_c05.avi
16.669251309491198,27.695354542810176,196.16319736382766,0.5155523255813953,352.0,347.3691153882011,0.30465116279069765,250,247,IceDancing/v_IceDancing_g12_c06.avi
5.6092056687234555,24.779945352471703,314.3224856735515,0.45406976744186045,366.6232558139535,336.33543945183675,0.2191860465116279,256,253,IceDancing/v_IceDancing_g12_c07.avi
4.489690715111704,10.881350543726615,214.3563038494553,0.6254360465116279,249.4139534883721,205.8437673321352,0.2575581395348837,251,248,IceDancing/v_IceDancing_g13_c01.avi
3.581766394239217,8.09201762159675,135.0,0.4425872093023256,206.9953488372093,137.87555891385733,0.32034883720930235,257,254,IceDancing/v_IceDancing_g13_c02.avi
4.137156905662915,17.563136423902527,221.5,0.8520348837209303,147.1627906976744,119.14285547533541,0.5947674418604652,245,242,IceDancing/v_IceDancing_g13_c03.avi
4.987547387205472,12.88307262598474,96.50008095851527,0.6140988372093024,217.26511627906976,162.82494364039593,0.3133720930232558,251,248,IceDancing/v_IceDancing_g13_c04.avi
6.191810606994355,26.98546202216212,268.36542251191753,0.8770348837209302,184.2232558139535,155.1150403353488,0.4575581395348837,246,243,IceDancing/v_IceDancing_g13_c05.avi
2.7856894325017842,6.294186267508737,174.75,0.7002906976744186,460.83720930232556,912.2327561572023,0.3168604651162791,263,260,IceDancing/v_IceDancing_g14_c01.avi
5.157165700962791,16.710959974411658,314.76429673646277,0.6565406976744186,203.08837209302325,167.13661479259017,0.3872093023255814,257,254,IceDancing/v_IceDancing_g14_c02.avi
1.7600147046901211,3.106582345849211,60.13318551349163,0.5963662790697675,504.8186046511628,977.9425196538343,0.32034883720930235,256,253,IceDancing/v_IceDancing_g14_c03.avi
5.015381224032582,17.27242011676349,216.2556357647125,0.8212209302325582,270.4,554.4107519343984,0.4180232558139535,266,263,IceDancing/v_IceDancing_g14_c04.avi
10.801827780366203,32.31193166807278,255.5176119174567,0.7119186046511627,185.56279069767442,170.69797756769225,0.47848837209302325,264,261,IceDancing/v_IceDancing_g14_c05.avi
11.77888727312049,26.21856575488105,220.07172126377347,0.5136627906976744,215.70232558139534,146.781105000914,0.2936046511627907,249,246,IceDancing/v_IceDancing_g14_c06.avi
4.3884038279824455,7.056404555764428,68.5,0.45290697674418606,228.09302325581396,141.45947138438027,0.22906976744186047,252,249,IceDancing/v_IceDancing_g15_c01.avi
9.559005514557635,20.76695516744285,338.76116217772073,0.47107558139534883,229.54418604651164,178.3627780836933,0.2866279069767442,252,249,IceDancing/v_IceDancing_g15_c02.avi
10.000574249304307,20.904182956185878,234.0,0.4720930232558139,244.16744186046512,181.644502949017,0.22906976744186047,252,249,IceDancing/v_IceDancing_g15_c03.avi
8.893214186970603,15.745243192605406,229.63013739489858,0.43531976744186046,218.15813953488373,133.55097664929497,0.2622093023255814,261,258,IceDancing/v_IceDancing_g15_c04.avi
3.53370475956641,9.308008788227669,150.05332385522155,0.5563953488372093,174.9581395348837,150.69535915534118,0.4965116279069767,259,256,IceDancing/v_IceDancing_g16_c01.avi
5.905504726968479,9.954082000688912,155.0,0.5066860465116279,220.8372093023256,181.5172399054968,0.3319767441860465,258,255,IceDancing/v_IceDancing_g16_c02.avi
9.653822751918131,21.436051491994174,239.0011767753456,0.5513081395348837,200.52093023255813,196.05340582101192,0.4563953488372093,254,251,IceDancing/v_IceDancing_g16_c03.avi
8.06607144876432,15.124213063172292,128.50218869731364,0.5110465116279069,241.6,217.11094152583044,0.3168604651162791,248,245,IceDancing/v_IceDancing_g16_c04.avi
6.43407944483425,30.894269345947404,259.9326835932719,0.8824127906976744,162.56744186046512,167.54121703355216,0.588953488372093,243,240,IceDancing/v_IceDancing_g16_c05.avi
10.573295795173864,39.978519077275244,277.0,0.8536337209302326,186.56744186046512,222.84676946480013,0.5848837209302326,243,240,IceDancing/v_IceDancing_g16_c06.avi
2.6239988035683206,4.2594971809523035,47.542086618069256,0.5027616279069768,230.77209302325582,113.05013978284846,0.17790697674418604,260,257,IceDancing/v_IceDancing_g17_c01.avi
7.2021092900890995,11.511225884141723,195.2578423521063,0.3061046511627907,244.50232558139535,166.7166060678351,0.1994186046511628,236,233,IceDancing/v_IceDancing_g17_c02.avi
10.347664844614021,25.347991710097983,253.20754826821414,0.4385174418604651,221.6186046511628,166.4602295623792,0.3,266,263,IceDancing/v_IceDancing_g17_c03.avi
6.1454531385604545,17.930511335534586,319.4526568992658,0.4883720930232558,232.7813953488372,172.1567258590791,0.26046511627906976,242,239,IceDancing/v_IceDancing_g17_c04.avi
2.579438670708286,9.154239225563813,228.47538160598398,0.7069767441860465,275.86976744186046,408.96291043228877,0.2313953488372093,248,245,IceDancing/v_IceDancing_g17_c05.avi
2.4156007949848286,3.197305863835053,103.46980235798269,0.4436046511627907,241.71162790697673,228.61046508966453,0.34418604651162793,229,226,IceDancing/v_IceDancing_g18_c01.avi
1.5123452618783249,3.382683738178456,204.12006270820123,0.5132267441860465,278.4372093023256,222.7719127877115,0.17848837209302326,251,248,IceDancing/v_IceDancing_g18_c02.avi
3.9824791115890825,7.276594886715813,90.97947914227692,0.5546511627906977,228.76279069767443,208.55439201661832,0.35348837209302325,267,264,IceDancing/v_IceDancing_g18_c03.avi
3.942777608458131,15.219982469645515,323.3369952541775,0.6972383720930233,237.13488372093022,200.325259798555,0.2982558139534884,262,259,IceDancing/v_IceDancing_g18_c04.avi
2.6410410498458616,3.378079157939068,20.615528128088304,0.4068313953488372,220.72558139534883,161.5662699270808,0.29534883720930233,256,253,IceDancing/v_IceDancing_g18_c05.avi
1.6478380944573385,2.888554652921511,49.96514410066281,0.595203488372093,235.5720930232558,223.15730850115514,0.35755813953488375,240,237,IceDancing/v_IceDancing_g18_c06.avi
1.1891195843086722,2.5572181937363814,26.74211332337069,0.7119186046511627,193.71162790697673,114.99278280548707,0.35232558139534886,96,94,IceDancing/v_IceDancing_g19_c01.avi
6.612806192345165,18.698987967348227,254.5,0.5697674418604651,245.28372093023256,227.30204976641798,0.32558139534883723,253,250,IceDancing/v_IceDancing_g19_c02.avi
3.3271797593317713,11.889321181301534,185.0,0.6504360465116279,257.2279069767442,240.95495895386023,0.30988372093023253,242,239,IceDancing/v_IceDancing_g19_c03.avi
1.9316196075602594,5.343804852959577,145.5,0.6909883720930232,260.0186046511628,236.20802740805928,0.28604651162790695,155,153,IceDancing/v_IceDancing_g19_c04.avi
8.655624753141016,23.968972954494266,248.2502832324668,0.5699127906976744,209.0046511627907,165.49864041244172,0.3563953488372093,253,250,IceDancing/v_IceDancing_g19_c05.avi
6.631289541197933,12.352572547054585,64.5,0.5273255813953488,328.5581395348837,570.0973928351794,0.2988372093023256,253,250,IceDancing/v_IceDancing_g19_c06.avi
10.936529780940443,29.260105112869216,232.12526925132474,0.6306686046511628,211.12558139534883,164.85578770835147,0.3453488372093023,88,86,IceDancing/v_IceDancing_g19_c07.avi
4.366796912659308,6.990425122266424,116.045519086262,0.3194767441860465,262.25116279069766,186.46017639798814,0.16279069767441862,248,245,IceDancing/v_IceDancing_g20_c01.avi
8.221514736222693,16.673347605911875,224.5,0.4643895348837209,202.1953488372093,149.79433645562386,0.3616279069767442,262,259,IceDancing/v_IceDancing_g20_c02.avi
8.468077715522467,12.705629843367172,274.0,0.30334302325581397,242.6046511627907,162.4713412345474,0.2,261,258,IceDancing/v_IceDancing_g20_c03.avi
13.465814483400179,23.73903150561987,274.5,0.2988372093023256,304.11162790697676,428.85052050167695,0.21453488372093024,252,249,IceDancing/v_IceDancing_g20_c04.avi
5.684685575045416,8.528875898691652,306.5371103145588,0.3167151162790698,245.84186046511627,148.30299944050458,0.1622093023255814,270,267,IceDancing/v_IceDancing_g20_c05.avi
5.619992533689462,18.043768133618652,226.75,0.48255813953488375,226.86511627906978,135.87455035542453,0.22616279069767442,261,258,IceDancing/v_IceDancing_g20_c06.avi
10.350547202806125,21.737977629520252,98.5,0.2680232558139535,284.57674418604654,228.0201590814707,0.16744186046511628,270,267,IceDancing/v_IceDancing_g20_c07.avi
5.165916992365509,9.935316667793055,121.13267519542363,0.5280523255813954,229.9906976744186,176.9811444613863,0.2819767441860465,259,256,IceDancing/v_IceDancing_g21_c01.avi
10.497766496125873,36.592994866781375,286.40497987988965,0.8204941860465116,181.87906976744185,155.46301221376268,0.4697674418604651,246,243,IceDancing/v_IceDancing_g21_c02.avi
7.698035677587204,14.931227202136705,160.11246047700348,0.5175872093023256,220.8372093023256,150.53531305289445,0.2761627906976744,259,256,IceDancing/v_IceDancing_g21_c03.avi
8.00743790624057,21.266601420520875,290.6322848549349,0.6383720930232558,258.1209302325581,260.2764260051579,0.35872093023255813,249,246,IceDancing/v_IceDancing_g21_c04.avi
5.500680005065114,8.6500216576664,83.10385069297331,0.33459302325581397,227.2,179.25912645833304,0.2988372093023256,235,232,IceDancing/v_IceDancing_g21_c05.avi
3.787591893813895,9.36550164320681,168.01190434013895,0.5085755813953489,227.2,197.4645614363646,0.336046511627907,252,249,IceDancing/v_IceDancing_g21_c06.avi
9.439364886188502,16.51921025974642,82.73451516749222,0.4318313953488372,246.1767441860465,214.33767407745788,0.29069767441860467,252,249,IceDancing/v_IceDancing_g21_c07.avi
1.8635879158023732,4.861241226377752,164.67667184516452,0.47688953488372093,207.55348837209303,149.61987703547388,0.336046511627907,259,256,IceDancing/v_IceDancing_g22_c01.avi
5.015627832999533,16.6442422566167,233.00214591286493,0.546656976744186,246.73488372093024,405.15657546631417,0.33430232558139533,265,262,IceDancing/v_IceDancing_g22_c02.avi
3.2102598613693063,7.565072307220169,216.25,0.5174418604651163,220.6139534883721,198.50791042921836,0.3680232558139535,233,230,IceDancing/v_IceDancing_g22_c03.avi
4.641934871370258,17.40157757336018,202.8701863261332,0.6531976744186047,213.69302325581396,147.527967226949,0.3040697674418605,253,250,IceDancing/v_IceDancing_g22_c04.avi
3.5655438856826116,13.81151289145654,208.0,0.5917151162790698,181.87906976744185,137.93090376376193,0.4418604651162791,265,262,IceDancing/v_IceDancing_g22_c05.avi
6.725305038512826,21.549860069053473,199.5,0.5761627906976744,219.3860465116279,181.99717552292788,0.3395348837209302,259,256,IceDancing/v_IceDancing_g22_c06.avi
2.501239883915124,12.131394935612718,236.9158935677385,0.6991279069767442,222.73488372093024,201.07145424788317,0.363953488372093,265,262,IceDancing/v_IceDancing_g22_c07.avi
4.496236616364937,6.7484518912464155,184.0,0.4611918604651163,220.6139534883721,118.80644720857288,0.23081395348837208,253,250,IceDancing/v_IceDancing_g23_c01.avi
8.439337960680415,29.579782461235638,316.0063290505429,0.4965116279069767,214.92093023255813,156.94486746112622,0.313953488372093,264,261,IceDancing/v_IceDancing_g23_c02.avi
7.346024105623574,18.617444634039227,266.0,0.4856104651162791,260.0186046511628,409.47794287406816,0.29767441860465116,253,250,IceDancing/v_IceDancing_g23_c03.avi
11.915430568018188,30.42012083573493,332.25,0.4191860465116279,239.14418604651163,153.3866148951356,0.1994186046511628,242,239,IceDancing/v_IceDancing_g23_c04.avi
7.880044393469141,17.233024983572285,186.26862323000083,0.4180232558139535,229.9906976744186,161.79774887610063,0.25406976744186044,259,256,IceDancing/v_IceDancing_g23_c05.avi
6.853295540527734,17.54748178867035,236.03826490634944,0.4290697674418605,250.97674418604652,207.23669069639922,0.25406976744186044,270,267,IceDancing/v_IceDancing_g23_c06.avi
16.297491619675426,26.488887474203196,298.0067113338221,0.3683139534883721,252.2046511627907,191.62724226572456,0.21511627906976744,248,245,IceDancing/v_IceDancing_g23_c07.avi
8.608805792489411,25.668056785691995,159.40377191271227,0.6866279069767441,157.9906976744186,167.54884024353947,0.6127906976744186,247,244,IceDancing/v_IceDancing_g24_c01.avi
10.256430137462695,20.246084723051105,214.14499322888688,0.5308139534883721,240.48372093023255,196.8376700218814,0.2761627906976744,262,259,IceDancing/v_IceDancing_g24_c02.avi
5.6706194471931815,10.320489565105792,183.86136081297778,0.5658430232558139,222.28837209302327,176.2249371384281,0.31511627906976747,266,263,IceDancing/v_IceDancing_g24_c03.avi
9.391800410907226,16.049139495795128,207.1955597979841,0.3622093023255814,228.9860465116279,173.7123920569208,0.2802325581395349,257,254,IceDancing/v_IceDancing_g24_c04.avi
8.480648482599392,19.183948788083978,250.04999500099976,0.4941860465116279,206.43720930232558,155.58159307527325,0.3511627906976744,256,253,IceDancing/v_IceDancing_g24_c05.avi
5.49148036171041,23.64724616668117,230.84193726444076,0.9098837209302325,181.65581395348838,203.28431836741592,0.563953488372093,247,244,IceDancing/v_IceDancing_g24_c06.avi
8.735910384748019,22.26771139899158,194.9809686225812,0.5805232558139535,257.45116279069765,210.4732567357988,0.23430232558139535,252,249,IceDancing/v_IceDancing_g24_c07.avi
4.658224522106431,7.938974494939349,62.07253821135398,0.5146802325581395,238.47441860465116,193.26111519888784,0.27732558139534885,257,254,IceDancing/v_IceDancing_g25_c01.avi
6.127761857151475,15.436669179929522,270.0,0.6385174418604651,271.1813953488372,434.6152531360561,0.3674418604651163,262,259,IceDancing/v_IceDancing_g25_c02.avi
5.269679141010846,10.58003671456811,96.5,0.4938953488372093,298.1953488372093,436.2317487104966,0.2709302325581395,268,265,IceDancing/v_IceDancing_g25_c03.avi
4.468285686588893,19.50936868161414,196.36700333813724,0.5412790697674419,226.41860465116278,200.95426212902387,0.3470930232558139,267,264,IceDancing/v_IceDancing_g25_c04.avi
6.309223634756085,27.827360794891202,267.0,0.8260174418604651,183.2186046511628,219.34630923450067,0.5930232558139535,247,244,IceDancing/v_IceDancing_g25_c05.avi
7.398368563884833,27.331691870625182,213.0,0.8252906976744186,168.26046511627908,172.40365579075237,0.5686046511627907,247,244,IceDancing/v_IceDancing_g25_c06.avi
4.449625570201591,13.150964720260092,182.0,0.5305232558139535,189.69302325581396,134.8825456243903,0.3988372093023256,236,233,IceDancing/v_IceDancing_g25_c07.avi
3.6264999996945106,20.583479918464093,229.10696191953662,0.9238372093023256,248.74418604651163,286.22873379098974,0.475,85,83,JavelinThrow/v_JavelinThrow_g08_c01.avi
8.301456674715263,14.489542074314135,95.625,0.5252906976744186,329.33953488372094,283.57687292090236,0.15988372093023256,97,95,JavelinThrow/v_JavelinThrow_g08_c02.avi
4.757194844953974,7.597410335740347,68.04594036384536,0.46511627906976744,346.6418604651163,304.44792141243573,0.1697674418604651,133,131,JavelinThrow/v_JavelinThrow_g08_c03.avi
5.399665501471946,9.662687001287946,145.16736031215834,0.5140988372093023,332.57674418604654,286.1483798191431,0.1569767441860465,73,71,JavelinThrow/v_JavelinThrow_g08_c04.avi
4.076529534381821,6.024620609225883,163.04907236779974,0.4194767441860465,258.1209302325581,208.11223331401888,0.22616279069767442,117,115,JavelinThrow/v_JavelinThrow_g09_c01.avi
4.4018021563931855,20.82591187525425,319.1269339933563,0.9109011627906977,194.26976744186047,229.3933389828775,0.5633720930232559,85,83,JavelinThrow/v_JavelinThrow_g09_c02.avi
4.669705443554856,8.525667484052601,127.0,0.3950581395348837,278.66046511627906,218.76879814462603,0.1680232558139535,110,108,JavelinThrow/v_JavelinThrow_g09_c03.avi
5.576676324338962,21.872256313314605,271.1844390815963,0.5212209302325581,227.4232558139535,235.96523673528523,0.4255813953488372,137,135,JavelinThrow/v_JavelinThrow_g09_c04.avi
0.16775332884215563,0.6055135854818398,13.92838827718412,0.9654069767441861,344.29767441860463,554.8726606433908,0.15406976744186046,73,71,JavelinThrow/v_JavelinThrow_g10_c01.avi
0.3674526891630384,2.0442447387116123,34.0009191052242,0.9366279069767441,321.07906976744187,555.5319665338756,0.23546511627906977,49,47,JavelinThrow/v_JavelinThrow_g10_c02.avi
0.25484522489390354,0.8125530201913176,14.363582422223224,0.9351744186046511,391.6279069767442,749.7372260054918,0.20290697674418604,73,71,JavelinThrow/v_JavelinThrow_g10_c03.avi
0.1772645557331803,0.5334448221682915,16.278820596099706,0.9683139534883721,280.6697674418605,401.21248533453945,0.17848837209302326,133,131,JavelinThrow/v_JavelinThrow_g10_c04.avi
0.2047480180683094,2.87320233178221,154.20765220960988,0.9306686046511627,168.26046511627908,95.64394761856465,0.4569767441860465,85,83,JavelinThrow/v_JavelinThrow_g10_c05.avi
5.360525813665296,12.971335677076368,128.89142717807107,0.5563953488372093,241.8232558139535,187.34578506093314,0.2505813953488372,148,146,JavelinThrow/v_JavelinThrow_g11_c01.avi
4.837855777727891,22.888897347147072,398.4018072248167,0.7130813953488372,266.04651162790697,229.86406028077005,0.2453488372093023,145,143,JavelinThrow/v_JavelinThrow_g11_c02.avi
3.210156507016733,17.644831102130063,301.01754516971266,0.5566860465116279,235.34883720930233,217.39588619809993,0.3447674418604651,121,119,JavelinThrow/v_JavelinThrow_g11_c03.avi
3.6123796270150197,9.164142579380275,153.7792655074149,0.517296511627907,286.0279069767442,263.88041541540235,0.2575581395348837,133,131,JavelinThrow/v_JavelinThrow_g11_c04.avi
12.601116921487316,32.712256337706606,321.9068188156318,0.7543604651162791,191.25581395348837,197.74214981898814,0.5046511627906977,165,162,JavelinThrow/v_JavelinThrow_g11_c05.avi
6.145681551236609,17.68815457321961,306.9691556166515,0.488953488372093,259.7953488372093,235.39369294023385,0.28488372093023256,145,143,JavelinThrow/v_JavelinThrow_g11_c06.avi
3.46896428236598,18.41663725340125,208.03124765284662,0.9232558139534883,184.2232558139535,223.11375014928763,0.5970930232558139,82,80,JavelinThrow/v_JavelinThrow_g12_c01.avi
13.069710155723708,34.25949967231157,260.96243144368503,0.6047965116279069,240.14883720930231,178.7188936955581,0.24069767441860465,112,110,JavelinThrow/v_JavelinThrow_g12_c02.avi
4.744233735146835,11.493054422324878,264.31255172617136,0.5956395348837209,254.32558139534885,217.87682896858527,0.26453488372093026,72,70,JavelinThrow/v_JavelinThrow_g12_c03.avi
5.69633744932484,22.521144881443696,336.46693745448454,0.8091569767441861,232.2232558139535,226.1668172535683,0.37965116279069766,62,60,JavelinThrow/v_JavelinThrow_g12_c04.avi
5.456405409552084,18.480258635338267,266.3005820496831,0.6505813953488372,693.3581395348838,1275.9138912099772,0.3081395348837209,102,100,JavelinThrow/v_JavelinThrow_g13_c01.avi
4.740445306410231,12.25884366380174,214.63107883062975,0.7638081395348837,898.1953488372093,1490.1377801060198,0.29709302325581394,112,110,JavelinThrow/v_JavelinThrow_g13_c02.avi
1.9906317489960805,4.209626619919276,60.207972893961475,0.6886627906976744,1186.9767441860465,1655.9276679008753,0.22093023255813954,132,130,JavelinThrow/v_JavelinThrow_g13_c03.avi
4.754949185507932,11.390950492372921,319.4420917787761,0.5745639534883721,708.2046511627907,1269.099235578451,0.2238372093023256,107,105,JavelinThrow/v_JavelinThrow_g13_c04.avi
0.09725799927025285,0.5561596824058369,19.489179690279425,0.9786337209302326,468.6511627906977,520.5928143113401,0.23430232558139535,52,50,JavelinThrow/v_JavelinThrow_g14_c01.avi
0.0839624527817894,0.48645320063351083,13.115472732616237,0.9802325581395349,438.95813953488374,621.102720123955,0.32151162790697674,52,50,JavelinThrow/v_JavelinThrow_g14_c02.avi
0.061656941609641434,0.43688466116563346,17.46424919657298,0.983139534883721,583.6279069767442,860.1056999201635,0.25406976744186044,52,50,JavelinThrow/v_JavelinThrow_g14_c03.avi
0.12400273329481162,0.5837755000769277,13.005407529178008,0.9745639534883721,395.9813953488372,511.17542579131947,0.3453488372093023,52,50,JavelinThrow/v_JavelinThrow_g14_c04.avi
0.12639829873350458,0.6742836664267006,16.0,0.9795058139534883,517.6558139534884,628.0077711348266,0.2302325581395349,52,50,JavelinThrow/v_JavelinThrow_g14_c05.avi
0.06445358888186427,0.34791933060264385,15.5,0.984593023255814,539.8697674418605,712.9658863736078,0.22616279069767442,52,50,JavelinThrow/v_JavelinThrow_g14_c06.avi
4.943351993582637,5.073932978241624,21.75,0.3354651162790698,239.14418604651163,140.24832677744274,0.17848837209302326,73,71,JavelinThrow/v_JavelinThrow_g15_c01.avi
1.8669024506561738,3.517101208662091,31.943553731543396,0.5209302325581395,234.34418604651162,144.34330089307772,0.2058139534883721,61,59,JavelinThrow/v_JavelinThrow_g15_c02.avi
2.9965839552887448,8.781907378691585,218.0,0.6760174418604651,201.30232558139534,167.58691391490538,0.39651162790697675,83,81,JavelinThrow/v_JavelinThrow_g15_c03.avi
5.401994839683313,5.877886876431194,53.600373133029585,0.16569767441860464,276.7627906976744,182.49315886923674,0.09651162790697675,74,72,JavelinThrow/v_JavelinThrow_g15_c04.avi
13.77805894737221,14.514063992538746,198.00477424799635,0.27645348837209305,294.1767441860465,214.66240974339573,0.09883720930232558,87,85,JavelinThrow/v_JavelinThrow_g15_c05.avi
18.27779336933795,31.644385335956805,205.19746587129188,0.6109011627906977,261.5813953488372,265.4843955961061,0.35930232558139535,85,83,JavelinThrow/v_JavelinThrow_g15_c06.avi
4.4088225718103455,5.564373844143529,47.38143096192854,0.49520348837209305,209.0046511627907,130.7752731650366,0.3005813953488372,158,156,JavelinThrow/v_JavelinThrow_g16_c01.avi
5.989259832749092,7.148999756908488,91.35097153287424,0.4941860465116279,230.9953488372093,162.6822698040547,0.25116279069767444,133,131,JavelinThrow/v_JavelinThrow_g16_c02.avi
3.116787900104188,21.30159194339988,306.0261426741186,0.9513081395348837,154.53023255813955,151.3371033601287,0.602906976744186,85,83,JavelinThrow/v_JavelinThrow_g16_c03.avi
6.774111665736983,13.618445854096905,128.3678795493639,0.6433139534883721,224.6325581395349,100.90810860296618,0.19127906976744186,97,95,JavelinThrow/v_JavelinThrow_g16_c04.avi
5.593370760159932,12.723180591369786,152.59423318068085,0.7325581395348837,227.31162790697675,157.58092968273635,0.25872093023255816,171,168,JavelinThrow/v_JavelinThrow_g16_c05.avi
5.084186396392359,13.76707859786812,120.16655108639841,0.6370639534883721,276.87441860465117,228.3381785076619,0.19825581395348837,169,166,JavelinThrow/v_JavelinThrow_g16_c06.avi
4.561294739691687,7.038891035464573,41.048751503547585,0.5002906976744186,422.7720930232558,381.99395972673744,0.24767441860465117,97,95,JavelinThrow/v_JavelinThrow_g17_c01.avi
4.093616806260064,11.800557109750452,156.54072952429985,0.6619186046511628,370.6418604651163,373.8123607351677,0.35174418604651164,62,60,JavelinThrow/v_JavelinThrow_g17_c02.avi
1.3117010680180357,1.8101523215868853,14.252192813739224,0.5719476744186046,429.3581395348837,399.4506193729944,0.3063953488372093,92,90,JavelinThrow/v_JavelinThrow_g17_c03.avi
1.9731390697534024,4.385888631328054,117.0,0.6286337209302325,421.54418604651164,400.3498895892253,0.32848837209302323,96,94,JavelinThrow/v_JavelinThrow_g17_c04.avi
1.5155726122659345,4.464135185718283,31.99340752405095,0.7440406976744186,487.51627906976745,405.3191317618763,0.21744186046511627,97,95,JavelinThrow/v_JavelinThrow_g17_c05.avi
5.4629433239117295,10.626560793530263,68.0,0.4444767441860465,256.11162790697676,253.527571281065,0.34825581395348837,71,69,JavelinThrow/v_JavelinThrow_g18_c01.avi
10.303278337272626,21.49639185642104,161.01242188104618,0.42790697674418604,228.9860465116279,172.47418355031186,0.2779069767441861,72,70,JavelinThrow/v_JavelinThrow_g18_c02.avi
4.178644713368775,4.594313299791872,21.37828922060884,0.30697674418604654,241.15348837209302,204.05236371822318,0.288953488372093,92,90,JavelinThrow/v_JavelinThrow_g18_c03.avi
4.71711259888892,4.882289494671667,18.65182631808478,0.33924418604651163,236.5767441860465,189.550760014192,0.2779069767441861,93,91,JavelinThrow/v_JavelinThrow_g18_c04.avi
3.9532465785220694,22.129286412884472,318.6000627746329,0.8936046511627908,161.45116279069768,191.43554671261955,0.6412790697674419,84,82,JavelinThrow/v_JavelinThrow_g19_c01.avi
2.0224134437362458,12.951133703712276,215.88031985338543,0.6600290697674419,210.7906976744186,148.5521689178954,0.3191860465116279,102,100,JavelinThrow/v_JavelinThrow_g19_c02.avi
2.7206435340671558,14.782144409600873,324.0061727807049,0.525,235.5720930232558,143.70422842669691,0.1994186046511628,115,113,JavelinThrow/v_JavelinThrow_g19_c03.avi
1.6020829696902985,12.417198497661271,292.00010702052833,0.9447674418604651,152.29767441860466,151.23991334942144,0.6145348837209302,85,83,JavelinThrow/v_JavelinThrow_g19_c04.avi
5.8315209343428025,9.643899428488375,123.25912745107358,0.5042151162790698,249.30232558139534,205.8922200416068,0.25813953488372093,62,60,JavelinThrow/v_JavelinThrow_g20_c01.avi
1.8380893675716077,10.559723488045101,205.21166663959434,0.8465116279069768,203.86976744186046,166.93321813992137,0.38313953488372093,64,62,JavelinThrow/v_JavelinThrow_g20_c02.avi
5.988624236679987,11.307495573770153,300.5661324900063,0.5361918604651162,205.2093023255814,110.97717304348022,0.2924418604651163,62,60,JavelinThrow/v_JavelinThrow_g20_c03.avi
5.671337165917874,11.386015600979135,276.7501129177728,0.6078488372093023,203.2,150.9344290096369,0.35872093023255813,62,60,JavelinThrow/v_JavelinThrow_g20_c04.avi
7.28857558481401,10.476557045207551,49.52019789944301,0.3186046511627907,247.85116279069769,175.06128145906445,0.2005813953488372,73,71,JavelinThrow/v_JavelinThrow_g21_c01.avi
13.044539396280516,21.883263973195852,109.25715079572595,0.3648255813953488,275.2,186.95511711090842,0.11162790697674418,61,59,JavelinThrow/v_JavelinThrow_g21_c02.avi
13.221398688318795,23.24159323605837,204.29635336931494,0.3402616279069767,244.94883720930233,118.3297410414093,0.12267441860465116,61,59,JavelinThrow/v_JavelinThrow_g21_c03.avi
16.47454845078029,25.15747103745916,108.0,0.32311046511627906,252.76279069767443,180.99696646983278,0.19127906976744186,61,59,JavelinThrow/v_JavelinThrow_g21_c04.avi
0.4596278894742307,1.1783748683664708,29.068883707497267,0.8213662790697674,446.54883720930235,840.9820926589737,0.2633720930232558,57,55,JavelinThrow/v_JavelinThrow_g22_c01.avi
6.522668980383019,17.0303608723823,224.0,0.7252906976744186,285.9162790697674,425.5705581540505,0.26744186046511625,89,87,JavelinThrow/v_JavelinThrow_g22_c02.avi
5.58780780011933,11.997391310856505,302.0,0.5254360465116279,316.0558139534884,254.14897050821196,0.11976744186046512,92,90,JavelinThrow/v_JavelinThrow_g22_c03.avi
3.819827004222855,8.10032596069058,273.9235751080947,0.5707848837209303,270.6232558139535,204.9069724683469,0.1680232558139535,117,115,JavelinThrow/v_JavelinThrow_g22_c04.avi
11.935225224263492,29.764797992536607,202.08166665979377,0.7906976744186046,193.0418604651163,191.9475536806357,0.48372093023255813,165,162,JavelinThrow/v_JavelinThrow_g23_c01.avi
10.137817685149836,18.147289010764705,272.1176216271192,0.4751453488372093,208.7813953488372,117.02475837390824,0.28313953488372096,142,140,JavelinThrow/v_JavelinThrow_g23_c02.avi
10.00710841444968,31.788932737223377,336.04501186597014,0.8575581395348837,165.24651162790698,176.20920355663552,0.5912790697674418,166,163,JavelinThrow/v_JavelinThrow_g23_c03.avi
8.898599948255827,18.656717576533218,283.17662332897464,0.32994186046511625,276.09302325581393,187.54817228666667,0.10930232558139535,137,135,JavelinThrow/v_JavelinThrow_g23_c04.avi
10.854353178481142,12.339145362018519,61.78238017428594,0.23125,267.72093023255815,172.51387885945482,0.11337209302325581,135,133,JavelinThrow/v_JavelinThrow_g23_c05.avi
7.775507904234524,16.17261897080343,229.0,0.4563953488372093,236.68837209302325,169.19016576140936,0.2377906976744186,92,90,JavelinThrow/v_JavelinThrow_g24_c01.avi
5.9521602041257875,22.38657924012687,277.0,0.6280523255813953,319.4046511627907,442.2214734793796,0.22325581395348837,129,127,JavelinThrow/v_JavelinThrow_g24_c02.avi
6.03165109573622,16.62811825738823,246.3980519403512,0.6495639534883721,373.65581395348835,362.76500517253015,0.2988372093023256,132,130,JavelinThrow/v_JavelinThrow_g24_c03.avi
8.551491965813494,14.794441934017152,56.25888818666789,0.6257267441860465,318.95813953488374,427.0992838295348,0.15348837209302327,90,88,JavelinThrow/v_JavelinThrow_g24_c04.avi
8.635558439292573,24.052493014879083,293.0,0.5970930232558139,247.06976744186048,233.15005601731295,0.3325581395348837,125,123,JavelinThrow/v_JavelinThrow_g24_c05.avi
8.711820654789117,16.514891530691468,85.0,0.4872093023255814,209.11627906976744,137.13432717040712,0.30930232558139537,69,67,JavelinThrow/v_JavelinThrow_g24_c06.avi
3.5256844417773103,11.433011465097465,217.14741536569116,0.5645348837209302,638.5488372093023,1179.439731471289,0.19825581395348837,137,135,JavelinThrow/v_JavelinThrow_g25_c01.avi
5.5857902189305895,18.96112355670717,239.25300416086733,0.8248546511627907,152.07441860465116,191.2769185713487,0.6901162790697675,82,80,JavelinThrow/v_JavelinThrow_g25_c02.avi
5.012469659229698,17.13971363922917,264.12118430750684,0.7893895348837209,541.6558139534884,1087.631885678821,0.3122093023255814,154,152,JavelinThrow/v_JavelinThrow_g25_c03.avi
5.919636394681016,15.92993748055132,232.07757323791543,0.6872093023255814,151.06976744186048,151.17237894456736,0.6209302325581395,102,100,JavelinThrow/v_JavelinThrow_g25_c04.avi
1.9645498425458596,2.9937242441513074,98.04590761474952,0.4821220930232558,232.44651162790697,164.66531433075156,0.24825581395348836,133,131,JavelinThrow/v_JavelinThrow_g25_c05.avi
0.17277877903529185,0.8283660853886102,20.83941577875925,0.95625,508.5023255813953,520.5538095137166,0.1686046511627907,259,256,JugglingBalls/v_JugglingBalls_g08_c01.avi
0.34198576669308667,6.026308317547401,191.0,0.9537790697674419,548.4651162790698,705.286989214475,0.15813953488372093,261,258,JugglingBalls/v_JugglingBalls_g08_c02.avi
0.14252231309974794,0.6741417476594236,19.0,0.9652616279069768,607.9627906976744,851.4702133350662,0.1622093023255814,255,252,JugglingBalls/v_JugglingBalls_g08_c03.avi
0.596928255533039,5.232804390782628,185.32134253776601,0.9156976744186046,633.1906976744186,852.1712656267978,0.1633720930232558,251,248,JugglingBalls/v_JugglingBalls_g08_c04.avi
0.6789070249956842,4.425672089278474,160.13119621110684,0.9165697674418605,256.5581395348837,282.9316050416114,0.43197674418604654,245,242,JugglingBalls/v_JugglingBalls_g08_c05.avi
0.2895026098648681,0.9636965028665632,23.8812164681785,0.9101744186046512,570.0093023255814,1088.1509385327688,0.2924418604651163,263,260,JugglingBalls/v_JugglingBalls_g09_c01.avi
0.29163844384654086,1.0229409699977012,18.117670931993437,0.9290697674418604,444.53953488372093,837.323891692924,0.23430232558139535,254,251,JugglingBalls/v_JugglingBalls_g09_c02.avi
0.4123584032551707,1.2932376915210366,36.22779492323539,0.8773255813953489,410.71627906976744,754.7291819633615,0.1941860465116279,249,246,JugglingBalls/v_JugglingBalls_g09_c03.avi
0.7464881438105933,2.4715464182403073,43.289721643826724,0.8335755813953488,148.6139534883721,132.8886044800268,0.6058139534883721,245,242,JugglingBalls/v_JugglingBalls_g09_c04.avi
0.3699438527643308,1.4110725492035612,23.48303909207665,0.901453488372093,464.74418604651163,909.9934089468248,0.2872093023255814,260,257,JugglingBalls/v_JugglingBalls_g09_c05.avi
0.41879752864664377,1.4038130305071101,22.17578916295878,0.8793604651162791,385.71162790697673,747.8229678608037,0.20348837209302326,249,246,JugglingBalls/v_JugglingBalls_g09_c06.avi
2.322862338491856,6.064843863360325,120.3536455617361,0.548546511627907,300.42790697674417,435.5181924620219,0.2593023255813954,253,250,JugglingBalls/v_JugglingBalls_g10_c01.avi
2.1390669918507825,5.161219958460112,72.4224801080438,0.6204941860465116,365.1720930232558,667.4542006151995,0.24069767441860465,255,252,JugglingBalls/v_JugglingBalls_g10_c02.avi
2.2269676143181316,6.535605657988087,98.48857801796105,0.467296511627907,306.2325581395349,564.2003947637713,0.34069767441860466,254,251,JugglingBalls/v_JugglingBalls_g10_c03.avi
3.6495339182093445,8.628573715072404,109.7679370308106,0.48328488372093026,292.27906976744185,241.1621403413446,0.17151162790697674,248,245,JugglingBalls/v_JugglingBalls_g10_c04.avi
0.3557693020112825,3.568013222559956,139.08630414242805,0.9226744186046512,385.48837209302326,764.050417552707,0.3372093023255814,265,262,JugglingBalls/v_JugglingBalls_g11_c01.avi
0.16138535491806347,0.7785035490856165,15.64648522831885,0.9597383720930233,384.2604651162791,675.0777299394855,0.24127906976744187,236,233,JugglingBalls/v_JugglingBalls_g11_c02.avi
0.5096544248299615,2.6010513488648153,49.39635614091387,0.8998546511627907,390.6232558139535,758.2883310110602,0.2755813953488372,250,247,JugglingBalls/v_JugglingBalls_g11_c03.avi
0.4786561786168035,3.2495316075082594,61.65072992268624,0.9018895348837209,331.57209302325583,569.9501758418281,0.2877906976744186,254,251,JugglingBalls/v_JugglingBalls_g11_c04.avi
0.735845895486944,6.632563299072651,259.724854413281,0.8665697674418604,267.9441860465116,241.7281899469633,0.2680232558139535,248,245,JugglingBalls/v_JugglingBalls_g11_c05.avi
1.7931147020385463,4.102322311804162,33.10801451310543,0.8049418604651163,1348.167441860465,1690.7676775373616,0.16511627906976745,263,260,JugglingBalls/v_JugglingBalls_g12_c01.avi
1.5242943965540123,1.6199063373423617,17.5,0.4132267441860465,336.0372093023256,653.1431827862242,0.22965116279069767,254,251,JugglingBalls/v_JugglingBalls_g12_c02.avi
2.5139941435421385,6.758062426156543,84.48076704197234,0.7921511627906976,478.25116279069766,967.8300409059657,0.2563953488372093,254,251,JugglingBalls/v_JugglingBalls_g12_c03.avi
4.189579321948668,6.636069012062922,73.7563556583431,0.4943313953488372,168.70697674418605,149.76105836460903,0.5267441860465116,244,241,JugglingBalls/v_JugglingBalls_g12_c04.avi
3.5429018884399732,4.51796359101759,34.911495241538994,0.4392441860465116,399.553488372093,749.5336756009862,0.18023255813953487,252,249,JugglingBalls/v_JugglingBalls_g12_c05.avi
0.09503171454956709,0.34642346440313754,6.888622866727427,0.9734011627906977,682.5302325581396,770.9330606282969,0.05290697674418605,236,233,JugglingBalls/v_JugglingBalls_g13_c01.avi
0.12225807167128677,0.31682515988234633,4.00195264839553,0.973546511627907,560.4093023255814,706.5070449504587,0.1563953488372093,258,255,JugglingBalls/v_JugglingBalls_g13_c02.avi
0.28752619938136004,3.8152916314004655,156.00320509528,0.9175872093023256,343.9627906976744,337.3840796779229,0.2930232558139535,244,241,JugglingBalls/v_JugglingBalls_g13_c03.avi
0.12392436130845746,0.7736092889110155,16.00195300580526,0.971656976744186,501.0232558139535,513.936811262625,0.14244186046511628,266,263,JugglingBalls/v_JugglingBalls_g13_c04.avi
0.29646230363781567,1.3605446554591671,24.255154091450336,0.9539244186046512,281.2279069767442,238.96205627145017,0.20813953488372092,234,231,JugglingBalls/v_JugglingBalls_g14_c01.avi
0.285495526232769,0.8110263518866466,14.317821063276353,0.9315406976744186,199.51627906976745,140.20234037497303,0.35930232558139535,251,248,JugglingBalls/v_JugglingBalls_g14_c02.avi
0.25266031386711874,0.7822525384843271,12.61199825562944,0.9255813953488372,230.32558139534885,171.93234485127377,0.2709302325581395,275,272,JugglingBalls/v_JugglingBalls_g14_c03.avi
0.257692408635226,0.6811552903035547,13.473353331669143,0.9232558139534883,196.6139534883721,134.77034657864493,0.36511627906976746,248,245,JugglingBalls/v_JugglingBalls_g14_c04.avi
0.2194220565946882,0.6059118875217936,13.764197215965776,0.9321220930232558,205.9906976744186,165.06804772148672,0.3697674418604651,248,245,JugglingBalls/v_JugglingBalls_g14_c05.avi
1.9819695186014135,7.380184633521301,191.66898549321954,0.8140988372093023,309.69302325581396,441.7380036908907,0.2552325581395349,251,248,JugglingBalls/v_JugglingBalls_g15_c01.avi
1.370548415314223,6.93055359618296,163.37074401495514,0.8620639534883721,230.32558139534885,234.2032233140878,0.40813953488372096,258,255,JugglingBalls/v_JugglingBalls_g15_c02.avi
0.6162249106507866,2.2861983920235582,36.8921570255793,0.8510174418604651,287.47906976744184,439.4828549494093,0.3267441860465116,258,255,JugglingBalls/v_JugglingBalls_g15_c03.avi
1.160042804133647,3.5727545449565916,40.19950248448356,0.779796511627907,257.7860465116279,245.14017023147005,0.3186046511627907,255,252,JugglingBalls/v_JugglingBalls_g15_c04.avi
0.6083863613716486,2.3107869070456735,31.773613266356723,0.8963662790697674,690.7906976744187,780.2461316533254,0.13546511627906976,233,230,JugglingBalls/v_JugglingBalls_g16_c01.avi
0.5011838019465126,3.0920953450653132,83.7615663654877,0.9114825581395349,620.1302325581395,787.1779337091142,0.18255813953488373,259,256,JugglingBalls/v_JugglingBalls_g16_c02.avi
0.5852343841880502,4.1139659051177135,141.315250415516,0.9149709302325582,621.1348837209302,709.5184186880173,0.14709302325581394,252,249,JugglingBalls/v_JugglingBalls_g16_c03.avi
0.7548229033923006,5.341462035429891,185.0108104949546,0.889389534883721,573.5813953488372,533.6861821793925,0.17383720930232557,236,233,JugglingBalls/v_JugglingBalls_g16_c04.avi
1.9351467735379382,3.937097885396946,26.537709019431198,0.6367732558139535,263.70232558139537,176.1797832928151,0.13662790697674418,192,189,JugglingBalls/v_JugglingBalls_g17_c01.avi
1.327440368486444,2.2414308309329467,19.03943276465977,0.7684593023255814,238.69767441860466,159.09914049491147,0.21104651162790697,199,196,JugglingBalls/v_JugglingBalls_g17_c02.avi
0.9983109863102443,1.3631993592010747,14.633544512523272,0.7002906976744186,256.11162790697676,164.26678981731155,0.14593023255813953,210,207,JugglingBalls/v_JugglingBalls_g17_c03.avi
1.1624770382551033,1.8778474664324096,38.07886552931954,0.6034883720930233,254.77209302325582,199.17368641649315,0.22034883720930232,211,208,JugglingBalls/v_JugglingBalls_g17_c04.avi
0.9680083630921651,1.9668147921744399,30.5,0.6901162790697675,247.29302325581395,198.28572923042472,0.25,255,252,JugglingBalls/v_JugglingBalls_g18_c01.avi
1.7016193319116455,7.468824158403269,132.23085872821065,0.7382267441860465,193.6,153.35736650211857,0.4087209302325581,244,241,JugglingBalls/v_JugglingBalls_g18_c02.avi
1.4179904711750517,6.74345847218611,198.17668884104407,0.7699127906976744,237.02325581395348,204.60210828576786,0.3081395348837209,253,250,JugglingBalls/v_JugglingBalls_g18_c03.avi
0.8676654245765726,2.138179484399283,29.140285688373062,0.759156976744186,252.09302325581396,200.4265003544898,0.23430232558139535,248,245,JugglingBalls/v_JugglingBalls_g18_c04.avi
1.0909910431142875,2.761130140382608,26.1725046566048,0.8023255813953488,231.10697674418606,212.86218425593765,0.35290697674418603,257,254,JugglingBalls/v_JugglingBalls_g19_c01.avi
0.739779585335445,1.44691242372275,19.38507802408853,0.7715116279069767,609.3023255813954,1137.8765113626655,0.2761627906976744,235,232,JugglingBalls/v_JugglingBalls_g19_c02.avi
0.5808044670837598,2.869951871952505,215.18828964420902,0.8222383720930233,224.29767441860466,230.41427754572254,0.4255813953488372,237,234,JugglingBalls/v_JugglingBalls_g19_c03.avi
1.1665767700694123,4.656340455106973,176.5106229097841,0.7924418604651163,230.66046511627906,177.92350347313806,0.28081395348837207,259,256,JugglingBalls/v_JugglingBalls_g19_c04.avi
0.7842634445366669,3.929841190149551,78.85429601486528,0.8661337209302326,467.2,509.3914947108176,0.1744186046511628,242,239,JugglingBalls/v_JugglingBalls_g20_c01.avi
1.1518373406657512,4.785861075588603,80.39900496896712,0.8158430232558139,360.93023255813955,338.5032304025608,0.2441860465116279,250,247,JugglingBalls/v_JugglingBalls_g20_c02.avi
1.8633852262938415,6.459449750826994,125.6813928153249,0.7390988372093024,320.63255813953486,316.23772315240745,0.29593023255813955,250,247,JugglingBalls/v_JugglingBalls_g20_c03.avi
1.6027268262909418,4.848539305715324,102.44998779892558,0.8411337209302325,321.74883720930234,293.1374979957461,0.21569767441860466,265,262,JugglingBalls/v_JugglingBalls_g20_c04.avi
0.8321310119679073,6.086691821979544,117.57683657931948,0.8598837209302326,308.4651162790698,295.7676137464437,0.2709302325581395,247,244,JugglingBalls/v_JugglingBalls_g21_c01.avi
0.48333693341544554,1.6354988598941784,35.36704857632313,0.8469476744186046,648.0372093023256,400.31354979609614,0.06976744186046512,242,239,JugglingBalls/v_JugglingBalls_g21_c02.avi
0.45338786864604846,1.8885379567952703,67.7421582177598,0.8632267441860465,547.9069767441861,401.1773263291775,0.11918604651162791,260,257,JugglingBalls/v_JugglingBalls_g21_c03.avi
0.4770478162634049,2.300171580154289,53.71743199372062,0.8853197674418605,537.9720930232559,399.9739284093992,0.12441860465116279,260,257,JugglingBalls/v_JugglingBalls_g21_c04.avi
0.301206962282151,1.4901457507926255,58.4048371284434,0.9244186046511628,261.3581395348837,414.3536486561669,0.313953488372093,256,253,JugglingBalls/v_JugglingBalls_g22_c01.avi
0.6468997238418935,7.759882726075095,204.2473990042468,0.923110465116279,237.46976744186045,402.7952538546761,0.363953488372093,257,254,JugglingBalls/v_JugglingBalls_g22_c02.avi
0.2735159696962593,1.2141219398459535,49.75,0.9369186046511628,232.89302325581394,432.8571413700437,0.5203488372093024,233,230,JugglingBalls/v_JugglingBalls_g22_c03.avi
0.2777336656183755,0.8610277201225229,15.264337522473747,0.9100290697674419,259.01395348837207,427.1373122617953,0.3819767441860465,253,250,JugglingBalls/v_JugglingBalls_g22_c04.avi
0.4266860184499379,3.131258964189375,168.01190434013895,0.915406976744186,313.8232558139535,564.8406949060574,0.3174418604651163,238,235,JugglingBalls/v_JugglingBalls_g22_c05.avi
0.33760186219940636,1.3676746601801157,60.53924347066124,0.9180232558139535,285.13488372093025,554.3734409573929,0.3598837209302326,255,252,JugglingBalls/v_JugglingBalls_g22_c06.avi
0.4580972514514951,1.4284348954394448,20.171530060954723,0.885610465116279,254.54883720930232,407.10670127078254,0.30988372093023253,252,249,JugglingBalls/v_JugglingBalls_g23_c01.avi
0.7139041912004176,2.6511338655531875,47.0,0.8191860465116279,164.13023255813954,139.59430176763098,0.5343023255813953,244,241,JugglingBalls/v_JugglingBalls_g23_c02.avi
0.4881726019121242,1.6149512117291973,16.779824194549835,0.8867732558139535,299.0883720930233,550.6490940231471,0.28488372093023256,252,249,JugglingBalls/v_JugglingBalls_g23_c03.avi
0.7015963302190096,2.8475804062557786,79.40403012442127,0.88125,252.09302325581396,200.42650035448983,0.23430232558139535,248,245,JugglingBalls/v_JugglingBalls_g23_c04.avi
0.45569004413099456,5.877853333524416,285.41373477812874,0.9159883720930233,215.70232558139534,407.95684307110866,0.48430232558139535,243,240,JugglingBalls/v_JugglingBalls_g24_c01.avi
0.7096764235985473,2.3625015185999803,28.460498941515414,0.8675872093023256,219.83255813953488,175.85927212157551,0.32558139534883723,261,258,JugglingBalls/v_JugglingBalls_g24_c02.avi
1.7344321871006436,10.745949978329064,317.653899708472,0.8574127906976744,188.5767441860465,180.0106519292798,0.4813953488372093,246,243,JugglingBalls/v_JugglingBalls_g24_c03.avi
0.42055147618357575,2.9800684806215054,112.0870894661825,0.9420058139534884,301.8790697674419,558.828512431239,0.32383720930232557,242,239,JugglingBalls/v_JugglingBalls_g24_c04.avi
0.15632776240737048,0.7564273066432678,21.095023109728988,0.9620639534883721,218.71627906976744,145.60164982810568,0.2779069767441861,254,251,JugglingBalls/v_JugglingBalls_g25_c01.avi
0.13955345865889848,0.5514204662301735,9.06228448019593,0.9546511627906977,215.3674418604651,155.41491311659033,0.30930232558139537,254,251,JugglingBalls/v_JugglingBalls_g25_c02.avi
0.20274917237041246,0.8516568926412474,15.674920254980565,0.9438953488372093,331.12558139534883,660.3157370541809,0.29709302325581394,250,247,JugglingBalls/v_JugglingBalls_g25_c03.avi
0.1450731021292536,0.6813445619100582,17.88854381999832,0.9574127906976744,270.6232558139535,409.3673876407575,0.25406976744186044,250,247,JugglingBalls/v_JugglingBalls_g25_c04.avi
0.1226028054386972,0.6796298222320483,16.959971255871867,0.9713662790697675,208.7813953488372,130.85871531845783,0.30174418604651165,255,252,JugglingBalls/v_JugglingBalls_g25_c05.avi
0.3955028128947102,1.3823674973798175,21.38669270831748,0.8943313953488372,758.2139534883721,1264.9127447766202,0.21686046511627907,81,79,JumpingJack/v_JumpingJack_g08_c01.avi
0.7943361483828527,2.332044084272116,34.40385152857162,0.813953488372093,175.51627906976745,171.9025913061888,0.5308139534883721,84,82,JumpingJack/v_JumpingJack_g08_c02.avi
0.8587812889549349,3.0601155233185,104.01922899156675,0.7636627906976744,164.91162790697675,139.5689930402887,0.5302325581395348,82,80,JumpingJack/v_JumpingJack_g08_c03.avi
0.4808334765911556,1.919299624877967,23.644502532301246,0.8941860465116279,654.1767441860466,1080.3348087486818,0.175,81,79,JumpingJack/v_JumpingJack_g08_c04.avi
0.5395380573785951,1.9735218499051188,27.572631357924475,0.9015988372093023,193.0418604651163,153.47858911740394,0.4116279069767442,94,92,JumpingJack/v_JumpingJack_g09_c01.avi
0.5839455701038327,2.1866480970588813,23.8812164681785,0.9052325581395348,193.37674418604652,141.78937021398588,0.39127906976744187,93,91,JumpingJack/v_JumpingJack_g09_c02.avi
1.0447219295367487,3.379699509073412,51.66236541235796,0.8170058139534884,259.12558139534883,221.61600573233653,0.2534883720930233,90,88,JumpingJack/v_JumpingJack_g09_c03.avi
0.6393355448536038,2.6803507475939496,56.73017274784204,0.8931686046511628,231.2186046511628,157.22330032630296,0.24069767441860465,90,88,JumpingJack/v_JumpingJack_g09_c04.avi
0.7480395795036904,3.5624691216118354,75.16856058220085,0.9164244186046512,225.9720930232558,187.87739486236873,0.32151162790697674,91,89,JumpingJack/v_JumpingJack_g09_c05.avi
0.825293824064438,2.9896524287379576,49.57822102496216,0.8694767441860465,259.2372093023256,254.013686706194,0.33662790697674416,91,89,JumpingJack/v_JumpingJack_g09_c06.avi
0.7303719210484382,3.1047034613568902,38.05259518088089,0.8994186046511627,195.83255813953488,147.13553271211944,0.3877906976744186,93,91,JumpingJack/v_JumpingJack_g09_c07.avi
1.0787209066716026,3.782312508685451,33.54101966249684,0.8938953488372093,246.51162790697674,153.59995943752847,0.1680232558139535,70,68,JumpingJack/v_JumpingJack_g10_c01.avi
1.1936316822037665,4.113809802230221,54.74486277268398,0.890843023255814,243.83255813953488,145.08188501178293,0.16569767441860464,69,67,JumpingJack/v_JumpingJack_g10_c02.avi
1.143022547486602,4.503081470898958,62.82129913492716,0.9074127906976744,294.1767441860465,407.5564693858224,0.15465116279069768,67,65,JumpingJack/v_JumpingJack_g10_c03.avi
0.7265169619685985,3.1672303751575694,58.137767414994535,0.904796511627907,280.78139534883724,240.97349777643834,0.21511627906976744,64,62,JumpingJack/v_JumpingJack_g10_c04.avi
0.7090498521291493,4.715565298387716,163.19313711060278,0.9218023255813953,237.46976744186045,232.86030899360478,0.3732558139534884,65,63,JumpingJack/v_JumpingJack_g10_c05.avi
0.8728625244126804,3.4038392369891124,56.61271941887264,0.8940406976744186,256.0,154.93374427889836,0.13023255813953488,67,65,JumpingJack/v_JumpingJack_g10_c06.avi
3.2793065130382146,5.75870372543372,109.89540481748998,0.3117732558139535,247.96279069767442,186.85111225345048,0.22325581395348837,80,78,JumpingJack/v_JumpingJack_g11_c01.avi
1.8407231923799594,2.9818965847940846,20.71834935510066,0.6619186046511628,212.46511627906978,152.25244471817487,0.3174418604651163,81,79,JumpingJack/v_JumpingJack_g11_c02.avi
3.5355053973273756,4.131001668696968,32.78433314862451,0.37543604651162793,217.48837209302326,200.50730684279293,0.3866279069767442,83,81,JumpingJack/v_JumpingJack_g11_c03.avi
8.92862414089465,19.273596625269462,221.3170802265383,0.5905523255813954,175.06976744186048,152.09993583608528,0.4982558139534884,82,80,JumpingJack/v_JumpingJack_g11_c04.avi
0.13226091714046123,0.5171357452471066,13.0,0.9661337209302325,326.10232558139535,556.7520167310815,0.2255813953488372,96,94,JumpingJack/v_JumpingJack_g12_c01.avi
0.1154807760940742,0.5072511461164294,16.0,0.977906976744186,515.9813953488372,966.8670285083971,0.1877906976744186,97,95,JumpingJack/v_JumpingJack_g12_c02.avi
0.11013033372535896,0.36559641063012926,11.180339887498949,0.970203488372093,443.9813953488372,831.6066599439721,0.18372093023255814,97,95,JumpingJack/v_JumpingJack_g12_c03.avi
0.11914716588142071,0.37422459963622157,13.0,0.9768895348837209,258.6790697674419,172.95280786379814,0.1511627906976744,97,95,JumpingJack/v_JumpingJack_g12_c04.avi
0.1710365870803907,0.7704074539079102,8.503675675847475,0.9475290697674419,241.26511627906976,215.25426704435023,0.313953488372093,102,100,JumpingJack/v_JumpingJack_g13_c01.avi
0.24963344127082326,1.0660142404500559,18.601075237738275,0.9510174418604651,269.6186046511628,404.9013013561619,0.23837209302325582,111,109,JumpingJack/v_JumpingJack_g13_c02.avi
0.3889066032095876,1.6469230087385807,27.784887978899608,0.9367732558139535,222.1767441860465,185.73726484523877,0.33430232558139533,99,97,JumpingJack/v_JumpingJack_g13_c03.avi
0.2839527744872809,1.1487612611996751,15.033296378372908,0.9271802325581395,249.4139534883721,204.79991549484467,0.2552325581395349,93,91,JumpingJack/v_JumpingJack_g13_c04.avi
0.3590155535923184,1.7886646986583248,24.507970642221686,0.9364825581395348,225.4139534883721,191.4607028492602,0.3313953488372093,98,96,JumpingJack/v_JumpingJack_g13_c05.avi
0.4388771821225686,1.5791507892179693,16.0,0.9207848837209303,251.86976744186046,200.52893259308658,0.23546511627906977,81,79,JumpingJack/v_JumpingJack_g13_c06.avi
0.27440717634286294,1.1265485273905083,29.068883707497267,0.9357558139534884,241.48837209302326,199.67046946511564,0.2779069767441861,104,102,JumpingJack/v_JumpingJack_g13_c07.avi
0.45682706882923035,1.820201031327727,21.02379604162864,0.9244186046511628,271.8511627906977,234.52478658321752,0.23372093023255813,97,95,JumpingJack/v_JumpingJack_g14_c01.avi
0.5783052067543408,1.9000774174996087,21.529413020331045,0.895639534883721,268.27906976744185,208.2242000078332,0.18488372093023256,61,59,JumpingJack/v_JumpingJack_g14_c02.avi
0.6385469468221912,2.1119861385246677,18.224725649512532,0.8953488372093024,279.10697674418606,221.4488080854982,0.17267441860465116,59,57,JumpingJack/v_JumpingJack_g14_c03.avi
0.5553170934383344,2.018587210984821,28.0,0.9094476744186046,292.3906976744186,243.753126934222,0.17790697674418604,61,59,JumpingJack/v_JumpingJack_g14_c04.avi
0.3619489523549359,2.2781308210924274,47.66189515745256,0.9616279069767442,1689.860465116279,1570.6890441947037,0.10872093023255813,83,81,JumpingJack/v_JumpingJack_g15_c01.avi
0.47087455158085084,1.8388953613876007,22.289291150684896,0.9094476744186046,1801.8232558139534,1631.142851291582,0.12093023255813953,71,69,JumpingJack/v_JumpingJack_g15_c02.avi
1.007671086247037,5.27332310356725,64.0,0.9212209302325581,1621.879069767442,1582.0379568783378,0.14883720930232558,83,81,JumpingJack/v_JumpingJack_g15_c03.avi
0.5671644762984079,3.2485971595121286,64.03124237432849,0.9348837209302325,1840.6697674418604,1669.955219499165,0.12325581395348838,83,81,JumpingJack/v_JumpingJack_g15_c04.avi
0.35513966978434564,1.240473325291366,12.41219158730641,0.9165697674418605,233.45116279069768,190.78368655833088,0.2941860465116279,79,77,JumpingJack/v_JumpingJack_g16_c01.avi
0.38788036632019407,1.4592408784488264,17.240939649566666,0.9126453488372093,217.71162790697673,162.66721801973546,0.311046511627907,70,68,JumpingJack/v_JumpingJack_g16_c02.avi
0.25090339462148176,1.051841146568211,14.97706580075016,0.9502906976744186,222.4,184.50438451965508,0.3308139534883721,67,65,JumpingJack/v_JumpingJack_g16_c03.avi
0.27114406180182576,1.1275780668016588,33.06055050963308,0.9375,386.6046511627907,837.8572376461524,0.3802325581395349,66,64,JumpingJack/v_JumpingJack_g16_c04.avi
2.045608084577918,5.713189785747735,73.61576767242192,0.7223837209302325,288.2604651162791,428.88654874314597,0.2738372093023256,94,92,JumpingJack/v_JumpingJack_g17_c01.avi
2.7092358401788346,7.832058269008916,118.06777714516353,0.6808139534883721,290.9395348837209,424.0519396332959,0.24127906976744187,95,93,JumpingJack/v_JumpingJack_g17_c02.avi
0.6606447250555146,2.2946532504909936,51.0098029794274,0.8758720930232559,210.0093023255814,192.74154258760132,0.4046511627906977,102,100,JumpingJack/v_JumpingJack_g17_c03.avi
1.972616118126909,3.6379082080444367,50.21951811795888,0.5832848837209302,261.0232558139535,163.9287264824072,0.125,95,93,JumpingJack/v_JumpingJack_g17_c04.avi
1.6709503646132853,4.07315727645842,260.3247971285102,0.39578488372093024,305.6744186046512,241.44099581858768,0.12267441860465116,93,91,JumpingJack/v_JumpingJack_g18_c01.avi
0.755100892769877,2.0006167889828945,31.731539909055783,0.8280523255813953,233.33953488372094,156.24521892522975,0.22965116279069767,71,69,JumpingJack/v_JumpingJack_g18_c02.avi
0.7137932635174342,2.055464788313784,29.251068356557507,0.8936046511627908,240.70697674418605,106.1857201351828,0.12616279069767442,95,93,JumpingJack/v_JumpingJack_g18_c03.avi
1.7001962105731692,3.8986505841802988,35.805027579936315,0.6930232558139535,250.86511627906978,152.4775101734922,0.14767441860465116,98,96,JumpingJack/v_JumpingJack_g18_c04.avi
1.5055082640266395,7.002753696165302,250.77928542844202,0.488953488372093,303.553488372093,334.75353748679686,0.42209302325581394,84,82,JumpingJack/v_JumpingJack_g19_c01.avi
0.5772226034140454,1.954322928903846,77.79460135510689,0.9156976744186046,324.7627906976744,342.8162630963922,0.3767441860465116,83,81,JumpingJack/v_JumpingJack_g19_c02.avi
1.9193094557794907,3.298451497486266,174.18381095842403,0.611046511627907,330.6790697674419,349.8525992326373,0.38313953488372093,85,83,JumpingJack/v_JumpingJack_g19_c03.avi
1.132093427478832,1.9530341514178853,45.374139110290564,0.6498546511627907,265.93488372093026,202.13588669531882,0.1808139534883721,78,76,JumpingJack/v_JumpingJack_g19_c04.avi
0.8135202386398149,1.5717405108310254,15.379572490807409,0.7260174418604651,279.3302325581395,194.52869165418787,0.11104651162790698,80,78,JumpingJack/v_JumpingJack_g19_c05.avi
0.4054069568054484,1.3932622906565748,19.718329036710998,0.9209302325581395,221.73023255813953,150.17131849972523,0.27151162790697675,79,77,JumpingJack/v_JumpingJack_g19_c06.avi
3.2952934672706484,3.918025320798481,35.05709628591621,0.47005813953488373,246.9581395348837,268.2406991235784,0.42848837209302326,85,83,JumpingJack/v_JumpingJack_g19_c07.avi
0.010363413640508074,0.1681899451569617,11.149551560488879,0.9978197674418605,441.52558139534887,857.8015697505587,0.4290697674418605,121,119,JumpingJack/v_JumpingJack_g20_c01.avi
0.7677865527483405,1.26905805681615,18.826925532332677,0.7808139534883721,349.65581395348835,468.28670670381007,0.2517441860465116,115,113,JumpingJack/v_JumpingJack_g20_c02.avi
0.12530478743542225,1.0993858206423643,23.672571153129944,0.9859011627906977,258.45581395348836,188.4917779988684,0.18255813953488373,141,139,JumpingJack/v_JumpingJack_g20_c03.avi
0.20274232566566802,2.8959376808840185,113.37134779122987,0.9776162790697674,346.75348837209305,594.3624840851172,0.39244186046511625,96,94,JumpingJack/v_JumpingJack_g20_c04.avi
0.7116962556862179,1.2332082815403322,14.866068747318506,0.7585755813953489,252.76279069767443,190.23435855178045,0.20988372093023255,94,92,JumpingJack/v_JumpingJack_g21_c01.avi
0.7062258262811874,1.231032727328058,17.382192755806155,0.7286337209302326,262.80930232558137,202.6887082982332,0.19476744186046513,94,92,JumpingJack/v_JumpingJack_g21_c02.avi
0.8369245082950567,1.3543634230365436,15.542281042369552,0.7385174418604651,251.9813953488372,193.95727083479213,0.22093023255813954,94,92,JumpingJack/v_JumpingJack_g21_c03.avi
1.1277215374753504,1.7273243163337777,18.20928677900373,0.6369186046511628,366.4,571.185929082112,0.18546511627906978,129,127,JumpingJack/v_JumpingJack_g21_c04.avi
0.7498828112427472,3.520727206765786,82.10863611703704,0.8523255813953489,245.95348837209303,246.0756126457761,0.37093023255813956,90,88,JumpingJack/v_JumpingJack_g22_c01.avi
1.357504698948042,4.429925142702782,96.02083107326243,0.7774709302325581,278.2139534883721,257.6772287647956,0.2703488372093023,61,59,JumpingJack/v_JumpingJack_g22_c02.avi
0.9372921770780699,5.324426497921161,158.40474266889865,0.8667151162790697,189.02325581395348,189.2282353153526,0.49767441860465117,85,83,JumpingJack/v_JumpingJack_g22_c03.avi
0.8008005578785867,3.713694444128405,78.16009211867653,0.8550872093023256,315.72093023255815,298.545179906905,0.25406976744186044,58,56,JumpingJack/v_JumpingJack_g22_c04.avi
0.2830632814432745,1.2782210711574469,19.1049731745428,0.9457848837209303,173.28372093023256,172.08950744365907,0.5424418604651163,86,84,JumpingJack/v_JumpingJack_g23_c01.avi
0.6191298227870781,1.889668141824776,53.08483775994799,0.8421511627906977,248.74418604651163,300.83203171106504,0.5215116279069767,86,84,JumpingJack/v_JumpingJack_g23_c02.avi
0.1457295208541793,0.7890927321241441,10.63014581273465,0.9732558139534884,193.6,141.73663096793126,0.3901162790697674,88,86,JumpingJack/v_JumpingJack_g23_c03.avi
0.45093517042066483,4.595436087625393,169.1892431568863,0.9334302325581395,194.71627906976744,233.03455870094754,0.5703488372093023,86,84,JumpingJack/v_JumpingJack_g23_c04.avi
1.484727050053967,2.6936969039834278,54.037024344425184,0.5879360465116279,211.34883720930233,142.4645012856006,0.30697674418604654,93,91,JumpingJack/v_JumpingJack_g24_c01.avi
1.2318819572201303,3.384669610652126,71.52796655854269,0.5867732558139535,214.0279069767442,153.111174573707,0.3116279069767442,92,90,JumpingJack/v_JumpingJack_g24_c02.avi
1.523614556595325,3.6816039074276636,74.33034373659252,0.6879360465116279,212.91162790697675,147.81001824199456,0.3081395348837209,94,92,JumpingJack/v_JumpingJack_g24_c03.avi
1.7294804306999516,4.28752159057894,102.41581909060729,0.6831395348837209,208.44651162790697,107.62944904525318,0.27325581395348836,89,87,JumpingJack/v_JumpingJack_g24_c04.avi
0.21910457268055938,1.0200809447807995,20.8806130178211,0.9539244186046512,313.48837209302326,330.31629465703713,0.37034883720930234,87,85,JumpingJack/v_JumpingJack_g25_c01.avi
0.2536812594190635,1.126213177075457,23.706539182259394,0.9453488372093023,327.21860465116276,341.6250952438632,0.363953488372093,89,87,JumpingJack/v_JumpingJack_g25_c02.avi
0.26084866692497033,1.2275895655992344,23.502991830828687,0.9491279069767442,318.1767441860465,338.3874570475006,0.38313953488372093,88,86,JumpingJack/v_JumpingJack_g25_c03.avi
0.23788456825321985,1.0360076801315858,19.664768623098517,0.9447674418604651,315.4976744186047,326.76199822342215,0.3505813953488372,89,87,JumpingJack/v_JumpingJack_g25_c04.avi
0.2211559212531959,1.0057056687074164,15.900078616157845,0.9484011627906976,336.48372093023255,334.3780181730214,0.3063953488372093,87,85,JumpingJack/v_JumpingJack_g25_c05.avi
0.24856057052239994,1.2658927836052722,23.163818769797004,0.9460755813953489,323.0883720930233,336.0478185860156,0.35755813953488375,88,86,JumpingJack/v_JumpingJack_g25_c06.avi
0.2717774592095588,1.2636964467835112,26.627053911388696,0.9354651162790698,324.98604651162793,332.55218130944843,0.3383720930232558,89,87,JumpingJack/v_JumpingJack_g25_c07.avi
0.6900747708928612,2.660162223119057,26.949315854024942,0.8927325581395349,401.45116279069765,672.3172950990815,0.175,498,493,JumpRope/v_JumpRope_g08_c01.avi
0.49818640482032256,1.5537422545429476,16.36497784905314,0.8603197674418605,349.9906976744186,670.6561174107364,0.31046511627906975,444,440,JumpRope/v_JumpRope_g08_c02.avi
0.5810901945816997,1.9397884721213692,18.001736027394692,0.8629360465116279,340.5023255813953,578.7808588340939,0.3133720930232558,527,522,JumpRope/v_JumpRope_g08_c03.avi
0.2576966868593173,0.8848444514106397,8.94427190999916,0.932703488372093,397.4325581395349,578.5930922348001,0.1447674418604651,351,347,JumpRope/v_JumpRope_g08_c04.avi
0.6314132918541226,1.9053276538518855,18.24828759089466,0.8706395348837209,313.93488372093026,281.77057373861186,0.20755813953488372,510,505,JumpRope/v_JumpRope_g08_c05.avi
0.7837248660375055,2.319911518002423,27.751126103277322,0.8344476744186047,304.89302325581394,272.7286115036712,0.2127906976744186,357,353,JumpRope/v_JumpRope_g08_c06.avi
0.7226400168651221,3.0242637485354034,29.263084680190502,0.8954941860465117,377.5627906976744,573.0437821753993,0.16453488372093023,460,456,JumpRope/v_JumpRope_g08_c07.avi
0.7019652168152664,1.7518522469481579,18.50380028534679,0.8566860465116279,228.9860465116279,167.4298042171222,0.2686046511627907,473,469,JumpRope/v_JumpRope_g09_c01.avi
0.5511793531225869,1.4972444450554847,25.851740753767434,0.8736918604651163,204.76279069767443,94.48225875855732,0.2761627906976744,502,497,JumpRope/v_JumpRope_g09_c02.avi
0.9229985966631162,2.849852003068778,26.5,0.8486918604651162,228.2046511627907,181.25976471337503,0.2982558139534884,501,496,JumpRope/v_JumpRope_g09_c03.avi
0.410867177118722,1.0691999467539202,16.76305461424021,0.8928779069767442,234.90232558139536,205.38803829254866,0.3191860465116279,511,506,JumpRope/v_JumpRope_g09_c04.avi
0.33167369278810993,0.8322967332688341,16.308069321657914,0.9050872093023256,221.73023255813953,165.12597521481467,0.29709302325581394,511,506,JumpRope/v_JumpRope_g09_c05.avi
1.0871000205653538,2.6248048049401325,22.5,0.7825581395348837,238.0279069767442,192.3306725233749,0.27732558139534885,492,487,JumpRope/v_JumpRope_g09_c06.avi
0.6212914498761614,1.6518439983609963,17.50178562318714,0.845203488372093,228.2046511627907,150.22474628692615,0.2424418604651163,492,487,JumpRope/v_JumpRope_g09_c07.avi
0.18320454352909277,1.0899811951775873,20.05617112013158,0.9690406976744186,1517.6186046511627,1710.7564228312917,0.2058139534883721,600,595,JumpRope/v_JumpRope_g10_c01.avi
0.20064826107530503,1.2902036114129574,17.0,0.970203488372093,2226.1209302325583,1802.272292949658,0.10872093023255813,602,597,JumpRope/v_JumpRope_g10_c02.avi
0.891488585513655,7.5898170628410435,201.00995000248122,0.8811046511627907,1282.4186046511627,1589.144602909437,0.2563953488372093,606,601,JumpRope/v_JumpRope_g10_c03.avi
1.6713756097650696,11.591391039515756,207.5006024087641,0.8745639534883721,765.8046511627907,1021.0876913697172,0.17965116279069768,572,567,JumpRope/v_JumpRope_g10_c04.avi
0.4964542195656099,0.9529310731180263,9.055385138137417,0.8370639534883721,291.6093023255814,427.87078674060564,0.2563953488372093,534,529,JumpRope/v_JumpRope_g11_c01.avi
0.35086113557480614,0.8421497136150998,13.629586384039685,0.9026162790697675,242.04651162790697,192.88627249168934,0.261046511627907,534,529,JumpRope/v_JumpRope_g11_c02.avi
0.3349170106882728,0.7406109985574002,16.15549442140351,0.9146802325581396,217.93488372093023,145.91432797606754,0.2819767441860465,496,491,JumpRope/v_JumpRope_g11_c03.avi
1.8129893018036627,3.5450510724424973,26.019223662515376,0.6638081395348837,233.78604651162792,188.3926893132945,0.2877906976744186,519,514,JumpRope/v_JumpRope_g11_c04.avi
2.8776225214044984,5.578024978553752,143.00021853130156,0.29651162790697677,238.25116279069766,146.71317432972313,0.19244186046511627,496,491,JumpRope/v_JumpRope_g11_c05.avi
0.5660082654457356,1.2431916020027374,16.0312195418814,0.8604651162790697,235.46046511627907,196.64972299312308,0.29767441860465116,511,506,JumpRope/v_JumpRope_g11_c06.avi
0.7777070432574074,1.6976646835248677,23.755262574848548,0.821656976744186,257.45116279069765,237.27879036928903,0.29941860465116277,497,492,JumpRope/v_JumpRope_g11_c07.avi
0.15550788878939495,0.7403124217815291,13.625573382430554,0.9582848837209302,223.1813953488372,188.83417021268548,0.336046511627907,375,371,JumpRope/v_JumpRope_g12_c01.avi
0.2245783987690317,1.1568324855560257,20.828541115498226,0.9565406976744186,172.16744186046512,156.5228265111428,0.5203488372093024,404,400,JumpRope/v_JumpRope_g12_c02.avi
0.19492466933395003,0.7659056581652005,13.050383136138187,0.9396802325581395,179.2,131.9862995004177,0.44651162790697674,399,395,JumpRope/v_JumpRope_g12_c03.avi
0.1457876642901151,0.5699829701853362,7.525996611745184,0.95,195.94418604651162,134.95052203096697,0.3686046511627907,399,395,JumpRope/v_JumpRope_g12_c04.avi
0.1648558515076726,0.9677839148937993,16.90044378115557,0.9642441860465116,174.9581395348837,181.64999085585998,0.5523255813953488,404,400,JumpRope/v_JumpRope_g12_c05.avi
1.14397697542346,7.380434038464499,251.67637950352037,0.8965116279069767,364.27906976744185,744.231719528685,0.23604651162790696,540,535,JumpRope/v_JumpRope_g13_c01.avi
1.1193190672491558,3.4419358942266394,24.097782574336584,0.8184593023255814,236.91162790697675,148.86655989673926,0.20174418604651162,423,419,JumpRope/v_JumpRope_g13_c02.avi
1.0735156428019743,3.587300346479415,143.95138068111746,0.8395348837209302,222.62325581395348,189.01999997195975,0.33895348837209305,483,479,JumpRope/v_JumpRope_g13_c03.avi
1.168656384862835,3.3819912211109675,26.66692708206178,0.8180232558139535,219.72093023255815,180.705378303945,0.3354651162790698,375,371,JumpRope/v_JumpRope_g13_c04.avi
1.3605265506893567,3.9679889548374936,48.0,0.8021802325581395,249.4139534883721,404.0436665219033,0.31802325581395346,392,388,JumpRope/v_JumpRope_g13_c05.avi
0.25055205670394937,0.8261698412322089,23.507977369395267,0.9068313953488372,493.9906976744186,389.1371252387109,0.1372093023255814,297,294,JumpRope/v_JumpRope_g14_c01.avi
0.24301262276328017,0.9144276229053685,24.0,0.9226744186046512,341.0604651162791,324.74160184965007,0.2569767441860465,306,303,JumpRope/v_JumpRope_g14_c02.avi
0.24414302864187248,0.7865075505421164,12.823927830426994,0.9219476744186047,396.53953488372093,354.37665820261554,0.20290697674418604,299,296,JumpRope/v_JumpRope_g14_c03.avi
0.23319923472057288,0.78519580485049,24.327196714788162,0.9071220930232559,398.4372093023256,372.5948913150481,0.26976744186046514,307,304,JumpRope/v_JumpRope_g14_c04.avi
0.15780108742711962,0.6818286676786526,12.649110640673518,0.9527616279069767,179.31162790697675,123.58328555853718,0.43430232558139537,549,544,JumpRope/v_JumpRope_g15_c01.avi
0.2288999106033727,1.2086683861585128,16.433578429544795,0.9508720930232558,211.90697674418604,122.86044530723663,0.2761627906976744,353,349,JumpRope/v_JumpRope_g15_c02.avi
0.2020393288200536,0.8892235580599399,18.506755523321747,0.9361918604651163,169.37674418604652,139.34024750748145,0.5069767441860465,489,484,JumpRope/v_JumpRope_g15_c03.avi
0.1569444982209362,0.6786012766321495,16.941535497114774,0.9498546511627907,224.6325581395349,170.42035542921133,0.2936046511627907,490,485,JumpRope/v_JumpRope_g15_c04.avi
0.16913460086318402,0.7701876389202196,12.476227394529165,0.954796511627907,176.52093023255813,94.56774748428212,0.413953488372093,532,527,JumpRope/v_JumpRope_g15_c05.avi
0.17432783672455468,0.7936538428992522,16.921232963351105,0.9537790697674419,202.86511627906978,111.90351093629816,0.30465116279069765,497,492,JumpRope/v_JumpRope_g15_c06.avi
0.5033754499315499,1.806519368788326,21.42574386106583,0.9037790697674418,272.4093023255814,256.94675931556145,0.29127906976744183,540,535,JumpRope/v_JumpRope_g16_c01.avi
0.4425360355643223,1.7931584725864047,23.194827009486403,0.9042151162790698,162.56744186046512,156.97404276745328,0.5703488372093023,487,482,JumpRope/v_JumpRope_g16_c02.avi
0.43753040871536825,1.401396893591522,20.604914462331553,0.8892441860465117,219.1627906976744,204.2607692908302,0.3872093023255814,508,503,JumpRope/v_JumpRope_g16_c03.avi
0.4773386667373478,1.6840350665520436,43.95594385290799,0.8786337209302325,233.45116279069768,221.94132093981142,0.363953488372093,508,503,JumpRope/v_JumpRope_g16_c04.avi
0.4107798807061425,1.7981067912600883,31.752952618614856,0.9074127906976744,148.72558139534883,132.8981216606956,0.6052325581395349,486,481,JumpRope/v_JumpRope_g16_c05.avi
0.47432362020849084,1.7522887409071561,31.618082247347008,0.9020348837209302,220.27906976744185,217.16720870948626,0.4116279069767442,530,525,JumpRope/v_JumpRope_g16_c06.avi
0.40440790689767425,1.4588697966238908,32.42298567374695,0.8869186046511628,285.13488372093025,276.2008966219224,0.29709302325581394,465,461,JumpRope/v_JumpRope_g16_c07.avi
0.04631284420877542,0.39459628577341854,10.124228365658293,0.990843023255814,375.88837209302324,596.7495104622078,0.31976744186046513,624,619,JumpRope/v_JumpRope_g17_c01.avi
0.04974657777251142,0.31651250426258776,8.246211251235321,0.9882267441860465,596.1302325581395,1142.2396204305562,0.3354651162790698,606,601,JumpRope/v_JumpRope_g17_c02.avi
0.034045605508488876,0.3128000872207804,4.7909419741842,0.9936046511627907,328.33488372093024,565.6345434024543,0.27209302325581397,590,585,JumpRope/v_JumpRope_g17_c03.avi
0.046088301026781076,0.28710674579221407,9.217001952912888,0.9943313953488372,241.48837209302326,182.86204891819193,0.24302325581395348,620,615,JumpRope/v_JumpRope_g17_c04.avi
0.138054109701941,0.8502654990642955,21.46981893263192,0.971656976744186,794.8279069767442,1216.6644616509748,0.21686046511627907,576,571,JumpRope/v_JumpRope_g17_c05.avi
0.1288033954176013,0.6677153765917306,17.10263137648707,0.959593023255814,700.9488372093023,1089.0392745757222,0.29651162790697677,365,361,JumpRope/v_JumpRope_g18_c01.avi
0.1084527314828146,0.5760696855851691,16.25,0.977906976744186,825.413953488372,1215.1172173491425,0.25290697674418605,418,414,JumpRope/v_JumpRope_g18_c02.avi
0.20144209351649767,1.0251153101448691,22.47220505424423,0.9574127906976744,654.9581395348837,989.0260528072162,0.34069767441860466,448,444,JumpRope/v_JumpRope_g18_c03.avi
0.16962264938504576,0.8937428621353701,15.336333492722437,0.9655523255813954,441.86046511627904,399.40919050548746,0.27848837209302324,383,379,JumpRope/v_JumpRope_g18_c04.avi
0.09298280020269027,0.6241092505082383,12.053267191927672,0.9822674418604651,655.0697674418604,983.755249277655,0.28430232558139534,417,413,JumpRope/v_JumpRope_g18_c05.avi
0.0652312629216774,0.5593650256331695,15.225389978585113,0.9866279069767442,822.8465116279069,1165.4111519912215,0.20116279069767443,600,595,JumpRope/v_JumpRope_g18_c06.avi
0.16823405179235842,0.7853435730014828,16.547280743372912,0.9546511627906977,434.6046511627907,414.89556766900984,0.3627906976744186,406,402,JumpRope/v_JumpRope_g18_c07.avi
0.9563060465130129,2.0370807420467574,24.0,0.8156976744186046,298.4186046511628,280.690364252319,0.26046511627906976,308,305,JumpRope/v_JumpRope_g19_c01.avi
0.28538586097673146,0.8153086213207354,16.55294535724685,0.9316860465116279,250.75348837209302,267.7820871693279,0.41104651162790695,294,291,JumpRope/v_JumpRope_g19_c02.avi
0.30985460092636447,1.2093695845284178,18.43612282992278,0.9372093023255814,319.293023255814,314.87917608619404,0.29593023255813955,336,332,JumpRope/v_JumpRope_g19_c03.avi
0.20578197129654932,0.9099926633193918,17.4928556845359,0.9550872093023256,284.9116279069767,303.64922633770936,0.3843023255813954,477,473,JumpRope/v_JumpRope_g19_c04.avi
0.3600806536166224,0.9414704627301653,16.0312195418814,0.885610465116279,243.27441860465117,162.12907303237256,0.19651162790697674,459,455,JumpRope/v_JumpRope_g20_c01.avi
0.39963054377447554,1.385240246718188,23.25,0.9020348837209302,197.73023255813953,139.16181569114983,0.36627906976744184,528,523,JumpRope/v_JumpRope_g20_c02.avi
0.4437382251571506,1.132972398858454,18.0,0.8747093023255814,235.34883720930233,162.04031707915482,0.23081395348837208,510,505,JumpRope/v_JumpRope_g20_c03.avi
0.33016720427496216,0.8403145881435339,15.751984002023365,0.9049418604651163,243.27441860465117,178.488939261276,0.22674418604651161,511,506,JumpRope/v_JumpRope_g20_c04.avi
0.4178192959281609,1.23963181174196,20.501524333570906,0.8960755813953488,218.26976744186047,154.35019611092432,0.2941860465116279,493,488,JumpRope/v_JumpRope_g20_c05.avi
0.3780453852551895,1.1759055765916533,16.796577032240826,0.8706395348837209,205.9906976744186,177.57807298900954,0.3930232558139535,527,522,JumpRope/v_JumpRope_g20_c06.avi
0.29377279323766314,0.9268683787073153,25.495097567963924,0.9255813953488372,245.84186046511627,179.6702745309503,0.2180232558139535,477,473,JumpRope/v_JumpRope_g20_c07.avi
0.374491253610373,0.960826436958155,15.113115165312545,0.8927325581395349,296.52093023255816,276.23951231961104,0.25406976744186044,492,487,JumpRope/v_JumpRope_g21_c01.avi
0.28290776253641675,1.1081836209411415,62.36184731067546,0.8934593023255814,268.83720930232556,265.8379406865978,0.3308139534883721,446,442,JumpRope/v_JumpRope_g21_c02.avi
0.46522034988943245,3.715829831655644,145.00344823486094,0.8982558139534884,220.16744186046512,207.09546132824408,0.38895348837209304,526,521,JumpRope/v_JumpRope_g21_c03.avi
0.5163754919745857,3.362976358080582,151.02979838429235,0.8998546511627907,301.2093023255814,256.9133921699245,0.1808139534883721,504,499,JumpRope/v_JumpRope_g21_c04.avi
0.38259758716027925,0.9350349812926749,17.649805239718653,0.889389534883721,323.0883720930233,279.6558459792557,0.1691860465116279,503,498,JumpRope/v_JumpRope_g21_c05.avi
0.47790837655233676,3.6724804640414987,145.00344823486094,0.8986918604651163,310.5860465116279,280.53492223963457,0.21569767441860466,491,486,JumpRope/v_JumpRope_g21_c06.avi
0.46274486983738083,1.4053396917122836,15.757934509319425,0.8949127906976744,343.293023255814,305.0739028996004,0.18255813953488373,433,429,JumpRope/v_JumpRope_g21_c07.avi
0.214398499968072,1.101738822132541,16.56804152578089,0.9549418604651163,287.25581395348837,282.1515420811237,0.30697674418604654,199,196,JumpRope/v_JumpRope_g22_c01.avi
0.2128819915032737,1.1556372624044076,22.363474685298794,0.9585755813953488,327.4418604651163,326.7629325086537,0.30930232558139537,210,207,JumpRope/v_JumpRope_g22_c02.avi
0.3127162172121909,1.1982657993022172,12.296467988816952,0.9392441860465116,315.16279069767444,322.9636692241461,0.3383720930232558,213,210,JumpRope/v_JumpRope_g22_c03.avi
0.34063293776429526,1.3403497058519869,16.0,0.9149709302325582,200.96744186046513,214.74699848559513,0.49593023255813956,247,244,JumpRope/v_JumpRope_g22_c04.avi
0.24725680753289053,0.997190853356657,16.0,0.9247093023255814,289.48837209302326,292.3457949385969,0.3302325581395349,190,187,JumpRope/v_JumpRope_g22_c05.avi
0.2575136544538112,1.2389408450868404,34.132096331752024,0.9434593023255814,353.33953488372094,576.8536238255888,0.26046511627906976,222,219,JumpRope/v_JumpRope_g22_c06.avi
0.6058047308717314,1.5561300654732264,17.269916039170543,0.8258720930232558,221.28372093023256,166.58381078022455,0.30174418604651165,344,340,JumpRope/v_JumpRope_g23_c01.avi
0.3351309889205243,0.8370310601770988,12.041594578792296,0.9013081395348838,171.94418604651162,132.8396013073672,0.48430232558139535,311,308,JumpRope/v_JumpRope_g23_c02.avi
0.37392110947431223,1.0934652663771358,14.0,0.9094476744186046,210.67906976744186,116.21553464213777,0.27325581395348836,341,337,JumpRope/v_JumpRope_g23_c03.avi
0.5148449703186179,1.755131225713242,24.105238019982295,0.8710755813953488,174.28837209302327,180.52051511232645,0.5534883720930233,407,403,JumpRope/v_JumpRope_g23_c04.avi
1.1856215094310925,4.401624473152316,198.3456578803781,0.8300872093023256,184.11162790697674,203.00767909556654,0.5511627906976744,243,240,JumpRope/v_JumpRope_g23_c05.avi
0.5025804033301425,2.834040920344749,129.24782396620841,0.9300872093023256,235.90697674418604,176.96456273207056,0.2558139534883721,411,407,JumpRope/v_JumpRope_g24_c01.avi
1.2072177209602768,15.445890423937955,308.29369114531033,0.9103197674418605,223.06976744186048,155.2380610469621,0.2738372093023256,392,388,JumpRope/v_JumpRope_g24_c02.avi
0.41748561975349346,5.331255742182047,310.0580590792634,0.9293604651162791,236.91162790697675,177.74019870835298,0.25290697674418605,412,408,JumpRope/v_JumpRope_g24_c03.avi
0.29360773566025045,0.9484019621012165,16.56804152578089,0.9143895348837209,346.9767441860465,657.6349976672784,0.22616279069767442,431,427,JumpRope/v_JumpRope_g24_c04.avi
0.2926406299676971,0.9221842933216148,16.278820596099706,0.9270348837209302,318.51162790697674,548.9006506494563,0.20465116279069767,359,355,JumpRope/v_JumpRope_g24_c05.avi
0.23717871058446044,1.1235418854039758,17.46424919657298,0.9363372093023256,285.0232558139535,429.34246580968346,0.28837209302325584,385,381,JumpRope/v_JumpRope_g24_c06.avi
0.3959374581091952,1.3631289116228427,20.248456731316587,0.9161337209302326,194.6046511627907,135.30020703930322,0.3755813953488372,437,433,JumpRope/v_JumpRope_g24_c07.avi
1.2957613537307764,2.2649895495402674,20.8236644229588,0.690406976744186,231.4418604651163,182.37417482486464,0.28604651162790695,401,397,JumpRope/v_JumpRope_g25_c01.avi
1.3076166567704413,3.9671353447016,63.2203487810689,0.7050872093023256,224.29767441860466,123.97353335021093,0.22093023255813954,409,405,JumpRope/v_JumpRope_g25_c02.avi
1.2509155939738281,2.277103164412012,21.126479238150402,0.6938953488372093,184.11162790697674,124.47107296206077,0.4116279069767442,392,388,JumpRope/v_JumpRope_g25_c03.avi
1.6042492881353172,2.5158533951364603,30.838794561396202,0.6138081395348837,227.53488372093022,153.34826586431006,0.2505813953488372,409,405,JumpRope/v_JumpRope_g25_c04.avi
0.9162501206367607,1.6149271823736102,21.466543736708058,0.7068313953488372,222.51162790697674,166.12692991064384,0.29534883720930233,392,388,JumpRope/v_JumpRope_g25_c05.avi
1.085092719400136,1.6888074253614533,23.06004390715681,0.6606104651162791,222.62325581395348,155.41872150436328,0.2761627906976744,409,405,JumpRope/v_JumpRope_g25_c06.avi
2.763881582321081,12.497464612991555,351.89913327543167,0.5071220930232558,213.24651162790698,146.2313225582453,0.3040697674418605,183,180,Kayaking/v_Kayaking_g08_c01.avi
4.163840737775208,7.337789719190641,259.97884529322766,0.5129360465116279,228.65116279069767,141.18944616348008,0.22616279069767442,157,155,Kayaking/v_Kayaking_g08_c02.avi
3.1314444494721956,5.726649691417557,129.25169244539896,0.4761627906976744,226.53023255813955,153.7867982583374,0.2558139534883721,152,150,Kayaking/v_Kayaking_g08_c03.avi
6.452815275473918,14.36901627428505,245.0,0.6039244186046512,202.64186046511628,151.09306270156372,0.3616279069767442,171,168,Kayaking/v_Kayaking_g08_c04.avi
4.634499659446252,10.01060535595321,247.315587862957,0.526453488372093,190.92093023255813,115.77439279495982,0.36686046511627907,157,155,Kayaking/v_Kayaking_g08_c05.avi
3.6559382458891694,14.693818513143093,259.42243542145695,0.6870639534883721,218.82790697674417,186.82493524822368,0.35174418604651164,152,150,Kayaking/v_Kayaking_g08_c06.avi
2.3496200045545197,5.563194474733293,71.6699248290383,0.7523255813953489,209.33953488372094,170.50357991131554,0.363953488372093,194,191,Kayaking/v_Kayaking_g09_c01.avi
3.8418578169926505,23.204907675983783,315.06393200428386,0.7454941860465116,220.16744186046512,160.4446433855937,0.29593023255813955,195,192,Kayaking/v_Kayaking_g09_c02.avi
3.3586569957230337,9.84446061675245,220.10068718656922,0.6741279069767442,215.8139534883721,152.46917428656113,0.3023255813953488,200,197,Kayaking/v_Kayaking_g09_c03.avi
1.4852468786306061,10.379185535568597,326.80575270334515,0.9232558139534883,200.4093023255814,155.88612393153204,0.3802325581395349,201,198,Kayaking/v_Kayaking_g09_c04.avi
3.64397798550418,12.045212904329988,272.2590678012396,0.7375,451.2372093023256,836.3002990812421,0.21104651162790697,191,188,Kayaking/v_Kayaking_g09_c05.avi
3.5853152114597115,15.321017452837268,310.2208890452092,0.8824127906976744,180.53953488372093,144.20943126196687,0.45813953488372094,206,203,Kayaking/v_Kayaking_g09_c06.avi
2.323009422231091,10.90895914278153,249.0,0.8344476744186047,167.5906976744186,156.81142550618145,0.5441860465116279,166,163,Kayaking/v_Kayaking_g10_c01.avi
2.9378520801928194,6.466073159108812,79.39655219214497,0.584593023255814,271.9627906976744,226.09518166826857,0.21220930232558138,158,156,Kayaking/v_Kayaking_g10_c02.avi
3.662691829691004,6.916663211775846,247.5,0.4671511627906977,261.24651162790695,220.6551127141654,0.2424418604651163,160,158,Kayaking/v_Kayaking_g10_c03.avi
2.2150744661579678,8.065286322011882,246.25050761369002,0.5305232558139535,305.0046511627907,281.9438752936052,0.24011627906976743,215,212,Kayaking/v_Kayaking_g10_c04.avi
3.462154610308822,9.362364536820051,256.25,0.5331395348837209,253.09767441860464,233.57840124779386,0.3081395348837209,176,173,Kayaking/v_Kayaking_g10_c05.avi
4.463618958686078,10.072418431494002,263.97928422510734,0.5875,160.66976744186047,119.83056940973867,0.5244186046511627,159,157,Kayaking/v_Kayaking_g11_c01.avi
2.4643861997983363,10.286578908288275,318.0590550511021,0.5248546511627907,206.10232558139535,125.15430009312894,0.3063953488372093,159,157,Kayaking/v_Kayaking_g11_c02.avi
3.3122371198966767,20.07411485620537,323.0189622916896,0.9475290697674419,138.2325581395349,137.9485642615682,0.6691860465116279,162,160,Kayaking/v_Kayaking_g11_c03.avi
2.475785863470965,5.031146555843595,133.18408313308313,0.47063953488372096,222.4,110.36602106015764,0.21220930232558138,159,157,Kayaking/v_Kayaking_g11_c04.avi
1.86003894651218,6.689899715699828,307.5480653491418,0.733139534883721,208.11162790697674,127.79513622018627,0.3005813953488372,154,152,Kayaking/v_Kayaking_g11_c05.avi
2.553956606607659,4.850712415576607,176.13914953808538,0.5420058139534883,195.27441860465117,121.77903759167668,0.35348837209302325,155,153,Kayaking/v_Kayaking_g11_c06.avi
5.1494576508511996,13.5453482385483,260.0480724789169,0.5584302325581395,311.92558139534884,449.1616107832527,0.28313953488372096,172,169,Kayaking/v_Kayaking_g11_c07.avi
2.313439084460492,13.031803166498815,184.2199772011711,0.9082848837209302,1419.386046511628,1664.237235657671,0.2569767441860465,466,462,Kayaking/v_Kayaking_g12_c01.avi
4.095783194166328,13.240495462473888,338.0177510131679,0.727906976744186,839.7023255813954,1249.7524609759814,0.15058139534883722,369,365,Kayaking/v_Kayaking_g12_c02.avi
1.7542771294041786,3.174054081358566,36.0,0.48938953488372094,370.0837209302326,338.01099812176375,0.21511627906976744,373,369,Kayaking/v_Kayaking_g12_c03.avi
3.15991226833689,14.647150301681474,97.75127876401413,0.8517441860465116,1670.660465116279,1751.603393324745,0.17616279069767443,307,304,Kayaking/v_Kayaking_g12_c04.avi
3.967789982642153,16.900637548315913,383.03263568526376,0.7116279069767442,1003.7953488372093,1538.0215969018464,0.24941860465116278,382,378,Kayaking/v_Kayaking_g13_c01.avi
7.302781494397778,21.85011330809573,288.0781144064922,0.6225290697674418,975.8883720930232,1508.33930751969,0.24825581395348836,503,498,Kayaking/v_Kayaking_g13_c02.avi
3.338192432203804,12.852122638484547,119.00420160649792,0.9274709302325581,1978.8651162790698,1851.539099673657,0.13837209302325582,376,372,Kayaking/v_Kayaking_g13_c03.avi
2.292524084673607,10.42192526704029,214.26334555868394,0.9472383720930233,2127.553488372093,1916.896975473866,0.18255813953488373,376,372,Kayaking/v_Kayaking_g13_c04.avi
1.4915088397905338,7.170426627702744,225.0,0.747093023255814,309.0232558139535,288.14220394056343,0.24476744186046512,152,150,Kayaking/v_Kayaking_g14_c01.avi
1.00951403049735,4.620840147798045,232.7767170487633,0.803343023255814,372.6511627906977,323.40851002889985,0.15523255813953488,152,150,Kayaking/v_Kayaking_g14_c02.avi
1.1595079307924254,4.703935327449223,152.0,0.757703488372093,338.8279069767442,295.6347890954754,0.16627906976744186,154,152,Kayaking/v_Kayaking_g14_c03.avi
0.8670610525736531,1.8052850354340708,28.25,0.7219476744186046,325.7674418604651,314.2593239044751,0.27151162790697675,152,150,Kayaking/v_Kayaking_g14_c04.avi
4.944712098067361,20.438958589134625,213.03755537463343,0.8706395348837209,204.4279069767442,218.02607730267346,0.4872093023255814,166,163,Kayaking/v_Kayaking_g15_c01.avi
3.1838290165028686,7.00384592875046,237.11811402758752,0.3190406976744186,227.31162790697675,195.24327247356595,0.3308139534883721,161,159,Kayaking/v_Kayaking_g15_c02.avi
0.7316450881117497,1.1791318017443908,35.014282800023196,0.7472383720930232,225.86046511627907,216.53224491552234,0.38488372093023254,152,150,Kayaking/v_Kayaking_g15_c03.avi
4.291972038743557,16.380581367875887,375.8257574994029,0.3050872093023256,228.53953488372093,161.09280026574152,0.2593023255813954,160,158,Kayaking/v_Kayaking_g15_c04.avi
3.339240939429648,5.673978185659862,36.89173349139343,0.4925872093023256,221.84186046511627,190.40606086767121,0.3453488372093023,159,157,Kayaking/v_Kayaking_g15_c05.avi
2.5797055096145587,11.58230469301481,320.8067954392488,0.5180232558139535,203.4232558139535,143.59180652470246,0.34593023255813954,159,157,Kayaking/v_Kayaking_g15_c06.avi
3.20821392839773,4.336811697627799,103.94229168149026,0.3440406976744186,226.64186046511628,187.64086706228872,0.31802325581395346,159,157,Kayaking/v_Kayaking_g15_c07.avi
1.2320215711606908,3.4707798156073375,43.56604182158393,0.8450581395348837,539.5348837209302,974.5033165153442,0.23953488372093024,314,311,Kayaking/v_Kayaking_g16_c01.avi
2.3018022771105273,9.892380718732788,176.34341496069538,0.8776162790697675,138.0093023255814,117.7973818439132,0.6424418604651163,327,323,Kayaking/v_Kayaking_g16_c02.avi
2.059559928644123,9.191455492487659,194.5507645834372,0.8734011627906977,166.0279069767442,172.49614532340487,0.5802325581395349,326,322,Kayaking/v_Kayaking_g16_c03.avi
0.33028661111590407,3.0183892482956654,64.57795676544745,0.9809593023255814,863.2558139534884,1461.3077942182276,0.3395348837209302,304,301,Kayaking/v_Kayaking_g16_c04.avi
0.6195056335322601,1.7871001232976282,16.625,0.8504360465116279,902.1023255813953,1400.9568984768732,0.1,302,299,Kayaking/v_Kayaking_g16_c05.avi
1.0664240791565847,2.1809711213659475,16.280740155164935,0.7454941860465116,784.2232558139535,1345.9878801135824,0.2116279069767442,377,373,Kayaking/v_Kayaking_g16_c06.avi
