av1_mv_mean,av1_mv_std,av1_mv_max,av1_mv_sparsity,av1_block_area_mean,av1_block_area_std,av1_fine_partition_frac,av1_total_frames,av1_usable_frames,clip_path
2.9694261785099174,5.72093616826042,56.92099788303083,0.6126453488372093,177.30232558139534,190.657556755771,0.5587209302325581,166,163,ApplyEyeMakeup/v_ApplyEyeMakeup_g01_c01.avi
1.155541547300674,2.858945137769509,31.378734837465963,0.752906976744186,396.53953488372093,686.3495123391258,0.29127906976744183,125,123,ApplyEyeMakeup/v_ApplyEyeMakeup_g01_c02.avi
0.7332052342438377,4.71815879949978,275.5358415887124,0.8619186046511628,294.846511627907,305.7450673498454,0.35348837209302325,261,258,ApplyEyeMakeup/v_ApplyEyeMakeup_g01_c03.avi
0.550175700462323,1.922575964965404,20.40833163195855,0.858139534883721,947.4232558139535,1356.8586025692375,0.1755813953488372,237,234,ApplyEyeMakeup/v_ApplyEyeMakeup_g01_c04.avi
0.6088734435760125,1.4752096511622703,17.88854381999832,0.8222383720930233,918.0651162790698,1368.1607329216504,0.24941860465116278,298,295,ApplyEyeMakeup/v_ApplyEyeMakeup_g01_c05.avi
0.9439631423753545,2.1326654218793606,24.041630560342615,0.7385174418604651,256.5581395348837,272.90626232306084,0.40174418604651163,124,122,ApplyEyeMakeup/v_ApplyEyeMakeup_g01_c06.avi
1.5955503388385888,3.7012654359981565,31.78049716414141,0.7273255813953489,328.6697674418605,319.49145312649,0.2796511627906977,172,169,ApplyEyeMakeup/v_ApplyEyeMakeup_g02_c01.avi
0.517279250196077,1.0306509592002062,8.567744744096897,0.8370639534883721,323.2,298.8576576480578,0.22906976744186047,148,146,ApplyEyeMakeup/v_ApplyEyeMakeup_g02_c02.avi
1.0091833385435673,2.2481084845045642,20.75338827758012,0.8053779069767442,296.29767441860463,273.22988829016634,0.24593023255813953,218,215,ApplyEyeMakeup/v_ApplyEyeMakeup_g02_c03.avi
0.2414524990870403,1.0150559095689762,13.152946437965905,0.9520348837209303,301.09767441860464,332.58942458146333,0.4232558139534884,172,169,ApplyEyeMakeup/v_ApplyEyeMakeup_g02_c04.avi
2.566218565656269,6.5138312368599705,298.9916386790774,0.5517441860465117,328.11162790697676,320.4550058822991,0.28488372093023256,211,208,ApplyEyeMakeup/v_ApplyEyeMakeup_g03_c01.avi
1.4147575883133234,3.3306481430485007,224.89108474992955,0.6603197674418605,341.1720930232558,307.03703763066534,0.19593023255813954,136,134,ApplyEyeMakeup/v_ApplyEyeMakeup_g03_c02.avi
1.4815243225618144,2.729729370605256,25.495097567963924,0.721656976744186,401.33953488372094,484.49798623890183,0.1872093023255814,117,115,ApplyEyeMakeup/v_ApplyEyeMakeup_g03_c03.avi
1.1738801444072968,2.0122853623869474,20.152543263816604,0.7155523255813954,353.2279069767442,469.57070860946106,0.24709302325581395,110,108,ApplyEyeMakeup/v_ApplyEyeMakeup_g03_c04.avi
1.6435315198667444,4.1090408886679635,43.0,0.6601744186046512,328.2232558139535,319.0557382501213,0.2796511627906977,148,146,ApplyEyeMakeup/v_ApplyEyeMakeup_g03_c05.avi
2.2279359344274994,5.443378910641737,105.60303025955268,0.5459302325581395,438.4,601.0140639920825,0.18953488372093022,154,152,ApplyEyeMakeup/v_ApplyEyeMakeup_g03_c06.avi
1.1340447941250287,2.3819613399415327,41.88227548737055,0.7068313953488372,440.4093023255814,498.64394708045774,0.1697674418604651,128,126,ApplyEyeMakeup/v_ApplyEyeMakeup_g04_c01.avi
1.138373382638277,1.6403456796289713,12.502499750049987,0.6558139534883721,408.8186046511628,505.4755068506881,0.28081395348837207,134,132,ApplyEyeMakeup/v_ApplyEyeMakeup_g04_c02.avi
0.15662798722821542,0.623194933444044,15.500504024063218,0.9475290697674419,418.5302325581395,370.1158558619329,0.20930232558139536,116,114,ApplyEyeMakeup/v_ApplyEyeMakeup_g04_c03.avi
1.0162776244988516,2.1577975178127855,34.12934953965575,0.6781976744186047,314.9395348837209,307.43419953161384,0.28604651162790695,183,180,ApplyEyeMakeup/v_ApplyEyeMakeup_g04_c04.avi
0.5420615960048841,1.856877924129423,49.5,0.8549418604651163,414.4,505.66528869010426,0.2680232558139535,108,106,ApplyEyeMakeup/v_ApplyEyeMakeup_g04_c05.avi
1.9886636929277244,5.417930574748752,76.32168761236873,0.6656976744186046,326.54883720930235,307.6384108023143,0.24651162790697675,250,247,ApplyEyeMakeup/v_ApplyEyeMakeup_g04_c06.avi
0.8772658685189444,4.446613009859205,72.069410986909,0.817296511627907,349.9906976744186,346.0032260999979,0.3058139534883721,160,158,ApplyEyeMakeup/v_ApplyEyeMakeup_g04_c07.avi
0.7238581342319204,1.4238795336037335,9.645270861930213,0.7872093023255814,724.6139534883721,917.4879327718944,0.23372093023255813,270,267,ApplyEyeMakeup/v_ApplyEyeMakeup_g05_c01.avi
1.2378659428408805,7.552265252003826,115.03504900681357,0.8479651162790698,639.7767441860465,790.9591154098073,0.2127906976744186,266,263,ApplyEyeMakeup/v_ApplyEyeMakeup_g05_c02.avi
0.7037354447338049,2.4483302129265163,61.032778078668514,0.8427325581395348,908.8,1146.6742008045255,0.17674418604651163,160,158,ApplyEyeMakeup/v_ApplyEyeMakeup_g05_c03.avi
0.5192849479410505,1.8964271629597664,56.142675390472796,0.873546511627907,816.4837209302326,1015.3540834857912,0.1994186046511628,188,185,ApplyEyeMakeup/v_ApplyEyeMakeup_g05_c04.avi
0.48293646166842774,1.4528598405516242,19.0,0.8718023255813954,777.1906976744186,907.3979747413092,0.19709302325581396,229,226,ApplyEyeMakeup/v_ApplyEyeMakeup_g05_c05.avi
0.6999057597207057,2.272835753757031,57.4543296888929,0.8382267441860465,756.8744186046512,913.4109332970143,0.22848837209302325,117,115,ApplyEyeMakeup/v_ApplyEyeMakeup_g05_c06.avi
0.8784377184852502,2.642653225470808,30.675723300355934,0.864389534883721,1001.1162790697674,1263.6208809074124,0.23546511627906977,237,234,ApplyEyeMakeup/v_ApplyEyeMakeup_g05_c07.avi
2.3579163362199718,7.537178670438157,249.79303933456592,0.6590116279069768,333.24651162790695,451.9330776496425,0.22325581395348837,141,139,ApplyEyeMakeup/v_ApplyEyeMakeup_g06_c01.avi
1.5938164300430067,3.952842410550253,89.02246907382428,0.7531976744186046,360.8186046511628,467.2931251047313,0.21220930232558138,141,139,ApplyEyeMakeup/v_ApplyEyeMakeup_g06_c02.avi
4.530488998040509,6.831080387772881,116.50321883965266,0.538953488372093,186.67906976744186,175.48244271567526,0.4819767441860465,247,244,ApplyEyeMakeup/v_ApplyEyeMakeup_g06_c03.avi
1.6600218874371175,4.06528951952516,94.92101980067429,0.7723837209302326,299.31162790697675,297.3180750841908,0.30930232558139537,102,100,ApplyEyeMakeup/v_ApplyEyeMakeup_g06_c04.avi
1.8030390764224353,3.6985191880125785,31.977531174247957,0.6329941860465116,268.72558139534885,265.88361511656313,0.3313953488372093,283,280,ApplyEyeMakeup/v_ApplyEyeMakeup_g06_c05.avi
1.4732070814716045,3.174741224651716,23.50531854708632,0.7021802325581395,316.5023255813953,287.8960547952762,0.21744186046511627,148,146,ApplyEyeMakeup/v_ApplyEyeMakeup_g06_c06.avi
1.0080240424445757,1.9779342102008262,54.70831746635972,0.6886627906976744,372.87441860465117,477.88936935821476,0.23081395348837208,169,166,ApplyEyeMakeup/v_ApplyEyeMakeup_g06_c07.avi
0.7954101840019253,2.8406774484144113,37.33630940518894,0.8633720930232558,248.52093023255813,208.29752486347726,0.2668604651162791,160,158,ApplyEyeMakeup/v_ApplyEyeMakeup_g07_c01.avi
0.8306938497979327,1.9748665962822345,22.0,0.8196220930232558,512.2976744186046,915.1859004159608,0.26046511627906976,170,167,ApplyEyeMakeup/v_ApplyEyeMakeup_g07_c02.avi
1.5016015960170157,3.5705406462575833,32.0,0.7895348837209303,355.01395348837207,578.146255569087,0.2633720930232558,135,133,ApplyEyeMakeup/v_ApplyEyeMakeup_g07_c03.avi
1.1261331705065063,3.1811691789916425,43.35031718453742,0.7207848837209302,216.70697674418605,199.65911110940934,0.3883720930232558,144,142,ApplyEyeMakeup/v_ApplyEyeMakeup_g07_c04.avi
1.2661880631268363,4.294434109238565,46.54852978344214,0.7681686046511628,227.646511627907,216.97099940050632,0.37790697674418605,100,98,ApplyEyeMakeup/v_ApplyEyeMakeup_g07_c05.avi
1.6851547061118008,3.1741029137184933,21.15013297830536,0.6841569767441861,208.44651162790697,149.33310875874844,0.3313953488372093,164,161,ApplyEyeMakeup/v_ApplyEyeMakeup_g07_c06.avi
1.3084712739268245,2.4461902592235014,29.577229417239202,0.7094476744186047,221.73023255813953,189.3135255243469,0.3436046511627907,116,114,ApplyEyeMakeup/v_ApplyEyeMakeup_g07_c07.avi
0.7757226341260975,1.9356385088790808,16.724327340733318,0.8386627906976745,466.9767441860465,388.2517457318361,0.18023255813953487,150,148,ApplyLipstick/v_ApplyLipstick_g01_c01.avi
2.0320813913084126,4.223137119970057,45.0,0.6440406976744186,252.87441860465117,255.57125806757566,0.3674418604651163,162,160,ApplyLipstick/v_ApplyLipstick_g01_c02.avi
0.9232987213943858,2.273627743429778,17.5,0.7677325581395349,437.0604651162791,380.8733062499092,0.21046511627906977,311,308,ApplyLipstick/v_ApplyLipstick_g01_c03.avi
1.278207747274007,3.4496480506797655,23.443082668454675,0.7629360465116279,615.8883720930232,715.0021802566538,0.19069767441860466,371,367,ApplyLipstick/v_ApplyLipstick_g01_c04.avi
0.36917387796451984,0.8806736637618694,11.205467415507485,0.8765988372093023,466.9767441860465,509.9465310946298,0.17790697674418604,215,212,ApplyLipstick/v_ApplyLipstick_g01_c05.avi
0.35677193539646423,0.8628232014477152,14.489759314771243,0.8962209302325581,471.4418604651163,365.83140749916174,0.08023255813953488,129,127,ApplyLipstick/v_ApplyLipstick_g02_c01.avi
0.3330510233675422,0.7783381660419548,9.5,0.9081395348837209,721.2651162790697,690.9002414725638,0.03953488372093023,120,118,ApplyLipstick/v_ApplyLipstick_g02_c02.avi
0.5573895516480314,1.33531102456907,16.492422502470642,0.8343023255813954,457.71162790697673,373.6636599871927,0.1377906976744186,100,98,ApplyLipstick/v_ApplyLipstick_g02_c03.avi
0.4604172070294885,1.143543875112964,16.05167436749201,0.8527616279069767,553.1534883720931,613.7943066369419,0.0941860465116279,187,184,ApplyLipstick/v_ApplyLipstick_g02_c04.avi
0.520424321153684,1.3985951882212668,24.166091947189145,0.8574127906976744,308.2418604651163,563.6757909627386,0.3302325581395349,182,179,ApplyLipstick/v_ApplyLipstick_g03_c01.avi
0.5965371323406103,2.6215401668754126,101.41498903022176,0.8911337209302326,361.04186046511626,669.6706813826595,0.2691860465116279,110,108,ApplyLipstick/v_ApplyLipstick_g03_c02.avi
0.4480364060994044,2.417940423110274,62.625873247404705,0.9159883720930233,233.78604651162792,208.89274156781696,0.3319767441860465,156,154,ApplyLipstick/v_ApplyLipstick_g03_c03.avi
0.7376066335705569,2.7250815655942815,63.0317380372777,0.8174418604651162,241.71162790697673,233.25093903876615,0.3558139534883721,144,142,ApplyLipstick/v_ApplyLipstick_g03_c04.avi
1.066492947537391,1.9740900138973618,14.248903466582965,0.7703488372093024,289.48837209302326,294.53695405950714,0.3372093023255814,100,98,ApplyLipstick/v_ApplyLipstick_g04_c01.avi
1.452034093532097,2.7731697635976142,28.040149785619906,0.7520348837209302,482.26976744186044,614.2500526866297,0.19127906976744186,146,144,ApplyLipstick/v_ApplyLipstick_g04_c02.avi
1.5236254620151475,3.2633679886815483,19.0,0.678343023255814,323.646511627907,316.72525791205726,0.2872093023255814,152,150,ApplyLipstick/v_ApplyLipstick_g04_c03.avi
1.1366431902603287,2.052021018286194,32.77313114427732,0.6315406976744186,332.13023255813954,330.860220282013,0.3081395348837209,260,257,ApplyLipstick/v_ApplyLipstick_g04_c04.avi
1.880523457073977,2.707494005084583,32.40997145941353,0.49375,351.10697674418606,320.2739854644434,0.20930232558139536,171,168,ApplyLipstick/v_ApplyLipstick_g04_c05.avi
0.6489366670554977,2.0881079455495546,32.01562118716424,0.8284883720930233,511.4046511627907,713.7353942474917,0.26744186046511625,179,176,ApplyLipstick/v_ApplyLipstick_g05_c01.avi
0.29086766249066165,0.7300927659947852,10.04987562112089,0.9018895348837209,409.48837209302326,367.04326923770003,0.2191860465116279,156,154,ApplyLipstick/v_ApplyLipstick_g05_c02.avi
0.5879562700288272,1.604312386928916,14.0089257261219,0.8671511627906977,386.15813953488373,359.30531567958803,0.25,115,113,ApplyLipstick/v_ApplyLipstick_g05_c03.avi
1.0380604561044438,7.048955838863746,191.58809983921236,0.8255813953488372,358.47441860465113,485.81506486786617,0.31511627906976747,122,120,ApplyLipstick/v_ApplyLipstick_g05_c04.avi
0.4172473505284201,1.7897716235907681,25.019992006393608,0.8969476744186047,406.25116279069766,368.0601469881974,0.2313953488372093,158,156,ApplyLipstick/v_ApplyLipstick_g05_c05.avi
1.0016107551689895,3.094368904701833,24.413111231467404,0.8376453488372093,415.6279069767442,513.4628911776872,0.3081395348837209,462,458,ApplyLipstick/v_ApplyLipstick_g06_c01.avi
0.6915809949719233,1.8707144999905891,19.849433241279208,0.8376453488372093,325.54418604651164,317.0922492891008,0.2819767441860465,251,248,ApplyLipstick/v_ApplyLipstick_g06_c02.avi
0.43405775404013774,1.0893620568994875,10.5,0.8597383720930233,389.84186046511627,361.1386039610793,0.24709302325581395,155,153,ApplyLipstick/v_ApplyLipstick_g06_c03.avi
1.0314753458030734,2.762780952741608,48.0,0.7908430232558139,324.98604651162793,337.6687172303615,0.3569767441860465,525,520,ApplyLipstick/v_ApplyLipstick_g06_c04.avi
1.586708804772291,4.126432491081262,109.5,0.6962209302325582,201.63720930232557,205.43389931450176,0.47151162790697676,323,320,ApplyLipstick/v_ApplyLipstick_g06_c05.avi
0.5105417198847397,1.3158097268549893,9.903440058888629,0.885610465116279,438.4,761.1841741502145,0.18255813953488373,272,269,ApplyLipstick/v_ApplyLipstick_g07_c01.avi
1.1221497466765682,6.208408345084801,218.76428524784387,0.7831395348837209,226.86511627906978,152.24012685552543,0.2517441860465116,127,125,ApplyLipstick/v_ApplyLipstick_g07_c02.avi
0.5267160112452868,1.5102515252003383,16.75419723531987,0.8968023255813954,423.553488372093,757.4500831964723,0.18546511627906978,228,225,ApplyLipstick/v_ApplyLipstick_g07_c03.avi
2.9355013203285125,6.716583206837164,181.89282558693733,0.6328488372093023,189.46976744186045,175.03540576705885,0.46744186046511627,165,162,ApplyLipstick/v_ApplyLipstick_g07_c04.avi
2.057102495718252,9.999504071904184,337.24916604789405,0.7765988372093023,243.3860465116279,241.69416536760255,0.37034883720930234,132,130,Archery/v_Archery_g01_c01.avi
3.2324105860942898,7.766948903961116,54.27303658355593,0.7037790697674419,221.6186046511628,165.16766288583636,0.29767441860465116,143,141,Archery/v_Archery_g01_c02.avi
1.859421269663817,5.1972016608647245,184.41291982938722,0.7520348837209302,203.4232558139535,187.5972985837251,0.425,159,157,Archery/v_Archery_g01_c03.avi
1.6930987453407074,3.312001187718709,46.600026824026614,0.6369186046511628,220.6139534883721,410.923401214588,0.475,126,124,Archery/v_Archery_g01_c04.avi
6.544049575601524,13.488677708573269,213.52107624307254,0.38968023255813955,254.77209302325582,185.81265674664675,0.19244186046511627,136,134,Archery/v_Archery_g01_c05.avi
7.6186687398921284,18.81719307152618,111.82156545139225,0.31555232558139534,234.56744186046512,181.11867845187473,0.26976744186046514,109,107,Archery/v_Archery_g01_c06.avi
1.082521106397419,2.8661656289351094,47.766358454460395,0.7219476744186046,208.44651162790697,217.16847103899005,0.4662790697674419,144,142,Archery/v_Archery_g01_c07.avi
0.48573647974761985,4.806020519849381,182.69373278796402,0.9325581395348838,191.3674418604651,183.0915131724611,0.4738372093023256,159,157,Archery/v_Archery_g02_c01.avi
0.5113670330079405,1.6585540786558368,25.378386473532945,0.8758720930232559,188.24186046511628,170.2752275917504,0.4645348837209302,161,159,Archery/v_Archery_g02_c02.avi
0.5463689676754674,1.4581041167918807,16.329134239144462,0.8465116279069768,252.4279069767442,412.81829232365016,0.34418604651162793,139,137,Archery/v_Archery_g02_c03.avi
0.5124561685185856,1.8676807126454855,21.762927192820364,0.9059593023255814,216.59534883720931,203.9387481613597,0.39825581395348836,110,108,Archery/v_Archery_g02_c04.avi
0.45144913607694587,3.0293793676935663,122.10241602851272,0.8997093023255814,376.11162790697676,756.625646495385,0.3023255813953488,128,126,Archery/v_Archery_g02_c05.avi
0.5869539949304685,2.116079814957652,48.093658625644196,0.8623546511627908,401.0046511627907,910.5000491560943,0.43546511627906975,114,112,Archery/v_Archery_g02_c06.avi
0.6260295490208185,2.272149471546558,49.62358310319802,0.8781976744186046,227.08837209302325,283.1214491716776,0.5598837209302325,167,164,Archery/v_Archery_g02_c07.avi
0.4875901375312375,0.6456341304924078,16.372614330032942,0.7854651162790698,746.6046511627907,1222.535948765875,0.22616279069767442,152,150,Archery/v_Archery_g03_c01.avi
1.8111341013529785,1.6334525327661225,16.554833131143305,0.30537790697674416,424.89302325581394,677.1801056829124,0.15290697674418605,178,175,Archery/v_Archery_g03_c02.avi
5.157941466989385,8.43283450992626,96.81070447011528,0.3242732558139535,218.6046511627907,133.35564262612644,0.25988372093023254,127,125,Archery/v_Archery_g03_c03.avi
2.5835673545418416,3.227371939163915,20.143624922044197,0.34738372093023256,257.1162790697674,154.23648548875238,0.12441860465116279,140,138,Archery/v_Archery_g03_c04.avi
5.12996333410552,15.903894634480492,274.0,0.5313953488372093,207.10697674418606,166.04875355140788,0.36627906976744184,126,124,Archery/v_Archery_g03_c05.avi
0.4920045074818038,2.4842090438082134,50.0,0.9123546511627907,337.48837209302326,370.36753411970125,0.44069767441860463,166,163,Archery/v_Archery_g04_c01.avi
0.3450367985105265,1.4236573859557633,23.104720837958634,0.9290697674418604,267.6093023255814,212.64175771181223,0.19767441860465115,174,171,Archery/v_Archery_g04_c02.avi
0.5133772179418762,1.9649273913606042,34.92849839314596,0.8875,299.0883720930233,266.2432994761644,0.21511627906976744,141,139,Archery/v_Archery_g04_c03.avi
0.2891107181918704,1.612061957099585,56.0,0.9462209302325582,330.6790697674419,573.9645919547123,0.31569767441860463,136,134,Archery/v_Archery_g04_c04.avi
0.5506935015674507,1.9761891620248897,18.65894557578214,0.8909883720930233,287.36744186046514,233.92157274561384,0.17151162790697674,150,148,Archery/v_Archery_g04_c05.avi
0.42866326935197074,2.4063610061794147,143.17821063276352,0.9203488372093023,314.3813953488372,444.9644497196738,0.25406976744186044,457,453,Archery/v_Archery_g05_c01.avi
0.252699698367218,1.2940612207750148,20.91948852147203,0.9531976744186047,560.2976744186046,1030.9790807180875,0.23837209302325582,559,554,Archery/v_Archery_g05_c02.avi
0.4165812906260211,1.1470434850074487,10.111874208078342,0.8805232558139535,236.13023255813954,224.88178138217495,0.35930232558139535,490,485,Archery/v_Archery_g05_c03.avi
1.0530372624528992,6.034949549645266,196.468827043885,0.8327034883720931,303.88837209302324,313.443510143117,0.34593023255813954,53,51,Archery/v_Archery_g05_c04.avi
0.6779832347161681,2.0514004712214344,18.0,0.8905523255813953,342.846511627907,346.13573043414647,0.32906976744186045,198,195,Archery/v_Archery_g05_c05.avi
1.1018736027675295,5.008334098931329,127.4244874425634,0.654796511627907,243.27441860465117,239.05798468837352,0.363953488372093,82,80,Archery/v_Archery_g06_c01.avi
0.6590804646204502,1.5127596613143404,16.278820596099706,0.8453488372093023,205.43255813953488,200.39466608615487,0.4424418604651163,117,115,Archery/v_Archery_g06_c02.avi
0.6373692882929619,1.5685338258146184,33.6844270398058,0.8088662790697675,267.0511627906977,200.48070645685237,0.17267441860465116,88,86,Archery/v_Archery_g06_c03.avi
2.0015718937212488,2.897550968468993,18.973665961010276,0.5545058139534884,252.9860465116279,203.20299116709296,0.23662790697674418,105,103,Archery/v_Archery_g06_c04.avi
1.7069074687064416,1.6023508960277435,20.828541115498226,0.351453488372093,272.07441860465116,221.2482012466871,0.2,131,129,Archery/v_Archery_g06_c05.avi
1.0206184902625721,2.359634805383241,23.744078209103,0.8441860465116279,220.72558139534883,168.06818673414617,0.30697674418604654,133,131,Archery/v_Archery_g06_c06.avi
0.2552661103634557,0.9055560723164603,16.05167436749201,0.9322674418604651,375.88837209302324,345.6798177163655,0.22674418604651161,93,91,Archery/v_Archery_g07_c01.avi
0.3903146087658845,1.3197854899447936,22.090722034374522,0.8976744186046511,442.86511627906975,502.82696218421415,0.1872093023255814,74,72,Archery/v_Archery_g07_c02.avi
0.16249845860742568,0.4349359576850597,8.398288516120413,0.9462209302325582,504.1488372093023,515.6038646958978,0.14709302325581394,53,51,Archery/v_Archery_g07_c03.avi
0.15196117897289022,0.506671162679487,9.268562455958314,0.9491279069767442,445.09767441860464,504.1218611851943,0.18953488372093022,53,51,Archery/v_Archery_g07_c04.avi
0.15063075247823526,1.0262290836951535,34.0,0.9571220930232558,463.51627906976745,513.6853696936652,0.2052325581395349,66,64,Archery/v_Archery_g07_c05.avi
0.5030332362386448,2.217347940897166,53.48831648126533,0.8972383720930233,382.5860465116279,345.77208623492675,0.20813953488372092,69,67,Archery/v_Archery_g07_c06.avi
10.17188273512796,26.557658767550443,197.0,0.596656976744186,393.07906976744187,363.8017710672844,0.24883720930232558,166,163,BabyCrawling/v_BabyCrawling_g01_c01.avi
4.960039783772678,13.754754621328447,218.0,0.7280523255813953,323.31162790697675,331.4433700335705,0.34011627906976744,166,163,BabyCrawling/v_BabyCrawling_g01_c02.avi
1.7158848838795961,7.446353989635825,88.0,0.7421511627906977,438.95813953488374,509.65198624640993,0.23313953488372094,157,155,BabyCrawling/v_BabyCrawling_g01_c03.avi
3.5254989952505107,16.257968241571124,332.0000941264927,0.5927325581395348,419.86976744186046,372.0679879949948,0.21395348837209302,220,217,BabyCrawling/v_BabyCrawling_g01_c04.avi
0.8752763699785945,2.052005434989601,12.175795661885921,0.8142441860465116,312.706976744186,266.8298346306115,0.16744186046511628,111,109,BabyCrawling/v_BabyCrawling_g02_c01.avi
0.9141210480477487,1.0420287587586243,15.0,0.6665697674418605,272.4093023255814,226.8204082261677,0.21220930232558138,114,112,BabyCrawling/v_BabyCrawling_g02_c02.avi
2.55606024745894,2.190800532749659,22.14158982548453,0.23677325581395348,251.2,185.29260831904335,0.2063953488372093,119,117,BabyCrawling/v_BabyCrawling_g02_c03.avi
3.5551875592384814,6.3379616215325605,204.84460573810577,0.3300872093023256,329.89767441860465,446.05254539168993,0.2058139534883721,107,105,BabyCrawling/v_BabyCrawling_g02_c04.avi
5.020039424232557,7.060949482530556,55.61025085359713,0.49781976744186046,206.43720930232558,121.55371866974933,0.3,86,84,BabyCrawling/v_BabyCrawling_g02_c05.avi
1.6368650410306325,1.6704733337209299,26.580067720004024,0.36511627906976746,388.72558139534885,335.41165827738143,0.15290697674418605,192,189,BabyCrawling/v_BabyCrawling_g02_c06.avi
3.7998913117871713,5.649089227798888,40.34615842927304,0.32325581395348835,225.30232558139534,175.13045435075907,0.29941860465116277,216,213,BabyCrawling/v_BabyCrawling_g03_c01.avi
8.958143977773426,12.695859939306267,82.00609733428362,0.279796511627907,217.26511627906976,146.17848103605996,0.2854651162790698,182,179,BabyCrawling/v_BabyCrawling_g03_c02.avi
3.791001168553241,7.344219820581499,168.00297616411441,0.22805232558139535,197.95348837209303,152.33835558011816,0.386046511627907,199,196,BabyCrawling/v_BabyCrawling_g03_c03.avi
3.7111232812869663,4.674738193898867,44.69287555080787,0.25305232558139534,252.2046511627907,189.3771307544427,0.21046511627906977,208,205,BabyCrawling/v_BabyCrawling_g03_c04.avi
2.9919160762852406,5.70393726393666,87.25510371892294,0.6603197674418605,600.9302325581396,857.8857026745663,0.22441860465116278,129,127,BabyCrawling/v_BabyCrawling_g04_c01.avi
1.297305127547258,2.3509773152880262,28.571183034659242,0.6681686046511628,465.19069767441863,610.3999724976195,0.19651162790697674,180,177,BabyCrawling/v_BabyCrawling_g04_c02.avi
1.4431495679298865,1.4795327575584234,11.313708498984761,0.43270348837209305,366.51162790697674,340.20516191024086,0.23372093023255813,161,159,BabyCrawling/v_BabyCrawling_g04_c03.avi
1.8283666168624009,6.506761404388935,290.0,0.8248546511627907,321.07906976744187,307.7642532985873,0.26569767441860465,206,203,BabyCrawling/v_BabyCrawling_g04_c04.avi
2.064669925961375,4.38040614042985,49.24428900898052,0.7126453488372093,321.4139534883721,291.12172917982093,0.21046511627906977,222,219,BabyCrawling/v_BabyCrawling_g05_c01.avi
1.5600631340814244,3.780577405328457,39.05124837953327,0.726453488372093,382.5860465116279,342.03278884123,0.1941860465116279,198,195,BabyCrawling/v_BabyCrawling_g05_c02.avi
1.4660063401188927,1.9325808737789798,15.811388300841896,0.5720930232558139,399.553488372093,365.4835416705071,0.23837209302325582,272,269,BabyCrawling/v_BabyCrawling_g05_c03.avi
1.2773650348031862,2.716005296501441,40.37577398638941,0.671656976744186,446.3255813953488,506.39683496431064,0.1994186046511628,231,228,BabyCrawling/v_BabyCrawling_g05_c04.avi
1.2417011530624151,3.0576986290946317,40.0,0.7406976744186047,382.0279069767442,353.4831059583256,0.23895348837209301,160,158,BabyCrawling/v_BabyCrawling_g05_c05.avi
0.3237653208704462,0.8918461179521432,18.702021949511234,0.8566860465116279,1492.0558139534883,1816.0591519541513,0.19476744186046513,200,197,BabyCrawling/v_BabyCrawling_g06_c01.avi
1.6243523108736977,2.1578896510320846,17.329526825623372,0.5936046511627907,589.2093023255813,963.9506056567552,0.0877906976744186,169,166,BabyCrawling/v_BabyCrawling_g06_c02.avi
2.200323802996699,5.048454311204072,135.36986370680884,0.6905523255813953,1457.0046511627907,1805.5227819823917,0.26569767441860465,203,200,BabyCrawling/v_BabyCrawling_g06_c03.avi
0.959789898110583,1.8279070828463246,19.74287846287871,0.7254360465116279,908.0186046511628,1484.9423697619825,0.24127906976744187,115,113,BabyCrawling/v_BabyCrawling_g06_c04.avi
1.4821540296565674,2.8246534007312003,13.439680055715613,0.6909883720930232,367.7395348837209,751.0184137152154,0.28081395348837207,260,257,BabyCrawling/v_BabyCrawling_g06_c05.avi
1.0264419371136384,1.781229798505302,27.69137952504353,0.5720930232558139,584.4093023255814,1076.062892562826,0.14069767441860465,331,327,BabyCrawling/v_BabyCrawling_g06_c06.avi
4.54819653687302,11.940476910062591,189.97368238785077,0.6155523255813954,303.4418604651163,305.3380362602018,0.32034883720930235,205,202,BabyCrawling/v_BabyCrawling_g07_c01.avi
2.5320840883351607,2.198660488971111,20.223748416156685,0.30247093023255817,340.83720930232556,330.7503049081938,0.27906976744186046,147,145,BabyCrawling/v_BabyCrawling_g07_c02.avi
1.8088836340246492,2.2251542951817784,31.25699921617557,0.44534883720930235,428.353488372093,615.048332889503,0.30465116279069765,173,170,BabyCrawling/v_BabyCrawling_g07_c03.avi
1.323947995956163,2.223870320860382,23.163818769797004,0.625,343.9627906976744,336.1111644895742,0.28837209302325584,217,214,BabyCrawling/v_BabyCrawling_g07_c04.avi
2.8903706878196984,6.728264262830426,114.06138698087096,0.5984011627906977,314.15813953488373,318.0991700219158,0.325,143,141,BabyCrawling/v_BabyCrawling_g07_c05.avi
2.457505969318143,4.917716324796772,160.0124995117569,0.49215116279069765,320.63255813953486,295.9314343284411,0.22848837209302325,212,209,BabyCrawling/v_BabyCrawling_g07_c06.avi
0.12193692741821174,0.25137725541493466,8.514693182963201,0.9921511627906977,391.51627906976745,368.30653116362544,0.2709302325581395,127,125,BalanceBeam/v_BalanceBeam_g01_c01.avi
0.06294877653402224,0.26719232646834645,8.101890211549401,0.9920058139534884,456.706976744186,508.45789901190847,0.18953488372093022,92,90,BalanceBeam/v_BalanceBeam_g01_c02.avi
0.1104549143878898,1.282711490211311,85.09406559801923,0.9877906976744186,491.9813953488372,620.5600468503352,0.21744186046511627,114,112,BalanceBeam/v_BalanceBeam_g01_c03.avi
4.178673036713246,6.393325680326057,189.8000592729096,0.1688953488372093,293.95348837209303,218.75652319718293,0.10930232558139535,113,111,BalanceBeam/v_BalanceBeam_g01_c04.avi
12.49606549833736,31.263417765420595,227.14092541856036,0.7930232558139535,287.25581395348837,319.21678083063296,0.42790697674418604,84,82,BalanceBeam/v_BalanceBeam_g02_c01.avi
4.575987658823939,11.397375247296473,103.57802011044622,0.38372093023255816,310.69767441860466,320.4226521972242,0.3453488372093023,102,100,BalanceBeam/v_BalanceBeam_g02_c02.avi
7.542852532365921,15.687564423655678,182.5171224844398,0.5132267441860465,223.51627906976745,202.9492053878261,0.36453488372093024,62,60,BalanceBeam/v_BalanceBeam_g02_c03.avi
2.817521192008632,3.516449809615027,18.50380028534679,0.46162790697674416,264.8186046511628,180.33622249076598,0.14011627906976745,135,133,BalanceBeam/v_BalanceBeam_g02_c04.avi
1.0167503949440524,1.7857904373484865,17.02388028623322,0.6880813953488372,354.5674418604651,325.50879509493075,0.21686046511627907,199,196,BalanceBeam/v_BalanceBeam_g03_c01.avi
3.3618255226131297,5.631038270222503,87.29735462773199,0.4433139534883721,328.6697674418605,277.8723109253883,0.1447674418604651,107,105,BalanceBeam/v_BalanceBeam_g03_c02.avi
1.804886191298775,2.4936034317491416,22.0,0.5803779069767442,281.45116279069765,270.80884219366953,0.29534883720930233,103,101,BalanceBeam/v_BalanceBeam_g03_c03.avi
5.463095063550108,6.271226689179683,32.311955991552104,0.46671511627906975,334.80930232558137,333.33304235069323,0.3081395348837209,76,74,BalanceBeam/v_BalanceBeam_g03_c04.avi
4.2999688106471305,14.083689889954814,208.02163349036562,0.6747093023255814,349.9906976744186,330.1544387129133,0.24767441860465117,122,120,BalanceBeam/v_BalanceBeam_g04_c01.avi
1.0853545873487438,1.3291377178697705,16.0,0.6585755813953489,374.66046511627906,311.9370107402312,0.10988372093023256,232,229,BalanceBeam/v_BalanceBeam_g04_c02.avi
14.445084553083964,27.348949291494396,165.01212076693034,0.49811046511627904,325.54418604651164,337.39543655143416,0.3540697674418605,162,160,BalanceBeam/v_BalanceBeam_g04_c03.avi
3.2572179126369227,8.57404980569944,191.21192431435858,0.2905523255813954,320.29767441860463,275.10117334534766,0.16511627906976745,133,131,BalanceBeam/v_BalanceBeam_g04_c04.avi
6.2012046287548355,13.426443897293291,113.6001760562016,0.6072674418604651,365.84186046511627,308.2398841076187,0.12325581395348838,97,95,BalanceBeam/v_BalanceBeam_g05_c01.avi
5.817992120191062,9.290450021549663,112.21853679316978,0.3629360465116279,348.2046511627907,304.8934773597268,0.16627906976744186,116,114,BalanceBeam/v_BalanceBeam_g05_c02.avi
3.2525201378222417,5.403057341211664,27.625,0.39636627906976746,320.63255813953486,252.1327997453116,0.09825581395348837,113,111,BalanceBeam/v_BalanceBeam_g05_c03.avi
1.8248134930470528,2.0179793086904323,16.0,0.44026162790697676,325.65581395348835,280.44485036118044,0.16279069767441862,182,179,BalanceBeam/v_BalanceBeam_g05_c04.avi
0.9662672459742365,1.5117810227711064,8.639480597813737,0.6636627906976744,408.5953488372093,364.7222313280044,0.21220930232558138,108,106,BalanceBeam/v_BalanceBeam_g06_c01.avi
1.3313327935246964,1.0833120437643062,13.45362404707371,0.2805232558139535,410.3813953488372,380.77637168719156,0.27267441860465114,120,118,BalanceBeam/v_BalanceBeam_g06_c02.avi
1.2371999069035629,1.4471382830003694,13.625573382430554,0.5296511627906977,393.52558139534887,356.97089718717336,0.22093023255813954,107,105,BalanceBeam/v_BalanceBeam_g06_c03.avi
9.816691322428321,21.690424993871225,267.0318333083155,0.3260174418604651,364.72558139534885,356.03604997313954,0.2988372093023256,122,120,BalanceBeam/v_BalanceBeam_g06_c04.avi
4.085048011878502,17.302075255833486,319.0,0.5890988372093023,397.8790697674419,374.6715327709087,0.2796511627906977,104,102,BalanceBeam/v_BalanceBeam_g06_c05.avi
2.204848480978576,2.4978985368395312,13.12738073646072,0.22805232558139535,468.53953488372093,506.0464240765998,0.15348837209302327,113,111,BalanceBeam/v_BalanceBeam_g06_c06.avi
1.3905032468317213,1.439166278068086,6.0,0.5052325581395349,429.3581395348837,373.9556709412184,0.1994186046511628,118,116,BalanceBeam/v_BalanceBeam_g06_c07.avi
7.218075215541187,14.177108994228812,115.35163631262454,0.4206395348837209,377.2279069767442,314.9546134342633,0.1127906976744186,80,78,BalanceBeam/v_BalanceBeam_g07_c01.avi
1.9480053143085243,2.238629425632896,14.5,0.504796511627907,376.6697674418605,372.65867888250983,0.32965116279069767,112,110,BalanceBeam/v_BalanceBeam_g07_c02.avi
5.330026550871823,14.963193208563403,62.72658925846359,0.5680232558139535,299.2,258.007593181935,0.19127906976744186,204,201,BalanceBeam/v_BalanceBeam_g07_c03.avi
7.588989874308315,12.64045837748293,134.05968819895114,0.44811046511627906,259.3488372093023,201.23697516377683,0.2058139534883721,109,107,BalanceBeam/v_BalanceBeam_g07_c04.avi
1.293081218118461,7.119807618955479,204.15680248279753,0.7322674418604651,251.2,284.7039294457673,0.45988372093023255,161,159,BandMarching/v_BandMarching_g01_c01.avi
3.308079978913766,15.186218358686368,287.01567901423084,0.8802325581395349,198.28837209302327,276.2864213257282,0.6726744186046512,163,160,BandMarching/v_BandMarching_g01_c02.avi
0.6860921874851043,1.9518297875889636,24.28090813787656,0.8327034883720931,239.47906976744187,175.38929001024397,0.2372093023255814,152,150,BandMarching/v_BandMarching_g01_c03.avi
1.427822833217413,2.107889110633641,33.0,0.48415697674418606,251.53488372093022,200.68201722859965,0.2372093023255814,161,159,BandMarching/v_BandMarching_g01_c04.avi
2.0227009614228737,2.005830062590143,11.036870027322058,0.4622093023255814,374.10232558139535,562.6586463568947,0.11046511627906977,169,166,BandMarching/v_BandMarching_g01_c05.avi
1.2722287759434066,1.8132666740033239,12.0,0.5905523255813954,261.69302325581396,145.47985938338257,0.09127906976744186,152,150,BandMarching/v_BandMarching_g01_c06.avi
0.9845868680344914,1.9886469285096275,16.930002953337013,0.826453488372093,267.3860465116279,225.47057723935734,0.22906976744186047,111,109,BandMarching/v_BandMarching_g01_c07.avi
1.9750232361005955,6.967720649882483,90.79647570252934,0.751453488372093,192.93023255813952,179.2653477388921,0.45872093023255817,157,155,BandMarching/v_BandMarching_g02_c01.avi
1.9651500101729338,6.971294413064332,90.79647570252934,0.7572674418604651,193.15348837209302,183.94541575207398,0.46686046511627904,157,155,BandMarching/v_BandMarching_g02_c02.avi
3.4415450285668605,9.52021004317664,330.74584275543054,0.517296511627907,241.37674418604652,417.1981431190194,0.41104651162790695,124,122,BandMarching/v_BandMarching_g02_c03.avi
2.9224188234390933,8.829213704582857,237.00646088239873,0.4936046511627907,242.49302325581397,269.64734712544487,0.4517441860465116,123,121,BandMarching/v_BandMarching_g02_c04.avi
11.280997427344975,28.950216179328375,287.0052264332481,0.7174418604651163,256.2232558139535,553.9596714551539,0.47325581395348837,124,122,BandMarching/v_BandMarching_g02_c05.avi
9.416084462614753,27.456478322369424,331.074009852782,0.6956395348837209,174.06511627906977,161.75357497033613,0.5197674418604651,126,124,BandMarching/v_BandMarching_g02_c06.avi
3.4044355579889314,15.04387511117783,319.0564213426835,0.85625,224.85581395348837,423.63987849616376,0.5133720930232558,146,144,BandMarching/v_BandMarching_g02_c07.avi
3.0542883245159906,14.7726538555816,275.5,0.7087209302325581,370.86511627906975,614.7939684698011,0.45290697674418606,406,402,BandMarching/v_BandMarching_g03_c01.avi
2.170938173709368,5.780815100901876,139.25,0.6034883720930233,363.0511627906977,343.5318504390674,0.2563953488372093,336,332,BandMarching/v_BandMarching_g03_c02.avi
1.9307048528747905,11.612303646424095,287.14108030722457,0.7774709302325581,272.74418604651163,301.3436648191945,0.42441860465116277,285,282,BandMarching/v_BandMarching_g03_c03.avi
2.1215120822623845,3.3984772344621854,64.8459713474939,0.42209302325581394,460.72558139534885,612.961878283889,0.22209302325581395,472,468,BandMarching/v_BandMarching_g03_c04.avi
1.6243390798926947,2.443413746517951,48.0,0.457703488372093,481.8232558139535,512.1362703999465,0.1633720930232558,271,268,BandMarching/v_BandMarching_g03_c05.avi
1.5310448945471455,2.212037197275652,20.250385798794056,0.5598837209302325,352.0,308.133465495294,0.16511627906976745,415,411,BandMarching/v_BandMarching_g03_c06.avi
1.6576389272025929,4.8932725616804476,151.00331122197287,0.6792151162790697,345.9720930232558,297.0234649923881,0.14767441860465116,250,247,BandMarching/v_BandMarching_g03_c07.avi
0.686090543663894,2.353295709452499,52.009614495783374,0.8482558139534884,318.28837209302327,292.83291625351126,0.22674418604651161,449,445,BandMarching/v_BandMarching_g04_c01.avi
0.7087476417242886,1.609572224822492,23.194827009486403,0.8085755813953488,402.0093023255814,475.2278864918527,0.1372093023255814,211,208,BandMarching/v_BandMarching_g04_c02.avi
0.8011506418814073,2.2346481354510015,36.69213130904227,0.8223837209302326,322.4186046511628,268.3200304182198,0.1377906976744186,196,193,BandMarching/v_BandMarching_g04_c03.avi
0.9029563723420863,1.9243982194294742,17.5,0.7715116279069767,319.8511627906977,266.66166384346326,0.14186046511627906,168,165,BandMarching/v_BandMarching_g04_c04.avi
2.9261298568399603,10.495272207794626,247.8225171367606,0.4931686046511628,235.90697674418604,149.381330976626,0.2069767441860465,48,46,BandMarching/v_BandMarching_g05_c01.avi
4.329295908197787,7.073527604996777,182.49657531033287,0.5638081395348837,140.0186046511628,144.28782484344615,0.6691860465116279,85,83,BandMarching/v_BandMarching_g05_c02.avi
2.4237016847475834,5.772336205919201,144.03124660989366,0.34011627906976744,218.93953488372094,104.33573300254815,0.22093023255813954,150,148,BandMarching/v_BandMarching_g05_c03.avi
2.8954004760922487,3.934736250457082,23.08679276123039,0.44200581395348837,249.63720930232557,174.15352358840894,0.19127906976744186,90,88,BandMarching/v_BandMarching_g05_c04.avi
4.18195084865923,15.452359984385675,340.03529228596256,0.43023255813953487,216.03720930232558,163.25160638585103,0.31976744186046513,66,64,BandMarching/v_BandMarching_g05_c05.avi
1.8492248409851573,4.468492433443862,159.65587994182988,0.4568313953488372,238.0279069767442,148.28451333709552,0.19593023255813954,80,78,BandMarching/v_BandMarching_g05_c06.avi
3.8709494815949976,17.12628986193645,326.2177187094533,0.5277616279069768,208.7813953488372,149.22405077026144,0.32965116279069767,63,61,BandMarching/v_BandMarching_g05_c07.avi
5.676508849303695,9.924732584283198,81.76500244603433,0.2691860465116279,224.85581395348837,139.94235574447868,0.24127906976744187,69,67,BandMarching/v_BandMarching_g06_c01.avi
0.9971434486863365,2.513474769144429,77.92945527847606,0.7424418604651163,259.2372093023256,175.09857558988693,0.15290697674418605,153,151,BandMarching/v_BandMarching_g06_c02.avi
2.1374998483574106,4.487646430857529,106.62932289009436,0.6709302325581395,239.14418604651163,195.1962939296552,0.27848837209302324,106,104,BandMarching/v_BandMarching_g06_c03.avi
1.5390542641480696,4.3006626507802,252.5,0.5597383720930232,271.51627906976745,185.74558360298946,0.12383720930232558,119,117,BandMarching/v_BandMarching_g06_c04.avi
1.8799185689536475,7.008037395211218,179.97812367062838,0.44796511627906976,229.9906976744186,168.2907227250724,0.26569767441860465,72,70,BandMarching/v_BandMarching_g07_c01.avi
2.5212315375210816,7.994014066909167,223.75879870968203,0.5270348837209302,202.75348837209302,137.701563634427,0.34011627906976744,103,101,BandMarching/v_BandMarching_g07_c02.avi
3.606785913198978,15.442032152675255,274.18242102658587,0.6218023255813954,209.67441860465115,180.18746322575205,0.3808139534883721,106,104,BandMarching/v_BandMarching_g07_c03.avi
2.9241804244367717,6.289056027185109,138.3979768638256,0.4097383720930233,237.69302325581396,154.1267334089873,0.2069767441860465,133,131,BandMarching/v_BandMarching_g07_c04.avi
3.6039622261960433,12.464644988731818,253.59662852648495,0.46613372093023253,224.4093023255814,149.0419011069027,0.2575581395348837,118,116,BandMarching/v_BandMarching_g07_c05.avi
3.910311849073881,9.994167650397026,216.152868359409,0.41686046511627906,226.64186046511628,153.7384584173351,0.2552325581395349,147,145,BandMarching/v_BandMarching_g07_c06.avi
3.8515234790111847,9.7860618686933,216.152868359409,0.413953488372093,228.09302325581396,158.60200502464235,0.2569767441860465,147,145,BandMarching/v_BandMarching_g07_c07.avi
1.0747643729528447,1.9914163554542819,15.0,0.7468023255813954,240.48372093023255,217.52722035519372,0.3226744186046512,108,106,BaseballPitch/v_BaseballPitch_g01_c01.avi
1.614124843208335,1.6642766424840252,23.345235059857504,0.3135174418604651,465.52558139534887,684.085387058847,0.11802325581395348,95,93,BaseballPitch/v_BaseballPitch_g01_c02.avi
0.042161794850488744,0.2702646260317008,15.297058540778355,0.9924418604651163,238.13953488372093,174.76809636418315,0.24186046511627907,105,103,BaseballPitch/v_BaseballPitch_g01_c03.avi
1.169161308268444,2.0157203687193603,18.110770276274835,0.7117732558139535,382.13953488372096,674.1909736136411,0.24069767441860465,106,104,BaseballPitch/v_BaseballPitch_g01_c04.avi
0.026902910786168473,0.1255828624411224,1.346291201783626,0.9954941860465116,643.9069767441861,1021.6934372495338,0.10058139534883721,93,91,BaseballPitch/v_BaseballPitch_g01_c05.avi
0.4887625135139409,1.134783130535809,7.648529270389178,0.8412790697674418,393.52558139534887,342.88371891127963,0.16744186046511628,103,101,BaseballPitch/v_BaseballPitch_g01_c06.avi
3.5066111501395727,4.410739508195727,26.010815058356016,0.45392441860465116,732.6511627906976,1260.1297623052496,0.12209302325581395,80,78,BaseballPitch/v_BaseballPitch_g02_c01.avi
1.643203903790074,2.7565517105952035,62.00806399170998,0.47078488372093025,570.2325581395348,1079.7620073091753,0.1936046511627907,73,71,BaseballPitch/v_BaseballPitch_g02_c02.avi
2.172958314605728,3.8607933594397372,188.0026595556563,0.547093023255814,271.7395348837209,194.62987430473436,0.14127906976744187,77,75,BaseballPitch/v_BaseballPitch_g02_c03.avi
7.439145920622466,9.785868776086811,117.10678887237921,0.5026162790697675,176.74418604651163,125.67438417709062,0.45,86,84,BaseballPitch/v_BaseballPitch_g02_c04.avi
3.847231525760609,3.7308050518639355,22.32886304763411,0.3302325581395349,245.95348837209303,185.4871591479084,0.22906976744186047,88,86,BaseballPitch/v_BaseballPitch_g03_c01.avi
1.5503685981657886,3.3932936484595757,21.213203435596427,0.7729651162790697,297.6372093023256,447.08211462786005,0.325,121,119,BaseballPitch/v_BaseballPitch_g03_c02.avi
1.372109834979456,4.235029680200254,71.02816342831905,0.8446220930232559,594.4558139534884,1088.5131128676412,0.2813953488372093,89,87,BaseballPitch/v_BaseballPitch_g03_c03.avi
0.35129688461210834,0.7822527408747209,14.500538783093544,0.9295058139534884,248.52093023255813,249.49651305587744,0.3691860465116279,81,79,BaseballPitch/v_BaseballPitch_g03_c04.avi
0.3188873915067934,1.0097445204153985,17.39117951721504,0.8981104651162791,297.30232558139534,442.3663395497952,0.30348837209302326,71,69,BaseballPitch/v_BaseballPitch_g03_c05.avi
0.35910350820418757,0.9039834694189128,17.0898361607126,0.8607558139534883,233.11627906976744,220.11299522114646,0.36104651162790696,77,75,BaseballPitch/v_BaseballPitch_g03_c06.avi
0.3609133986879572,0.9235905960660783,16.25,0.9215116279069767,252.2046511627907,189.37713075444273,0.21046511627906977,98,96,BaseballPitch/v_BaseballPitch_g03_c07.avi
1.517954887880458,4.564035203303493,228.0350850198276,0.6388081395348837,253.43255813953488,215.2952194037459,0.2622093023255814,214,211,BaseballPitch/v_BaseballPitch_g04_c01.avi
1.8781672283923605,3.588436369815719,24.351591323771842,0.5309593023255814,241.0418604651163,168.42590839830578,0.21744186046511627,115,113,BaseballPitch/v_BaseballPitch_g04_c02.avi
2.6630394750508266,12.924772272153367,274.0656855573131,0.5328488372093023,248.52093023255813,134.5267269340921,0.1296511627906977,100,98,BaseballPitch/v_BaseballPitch_g04_c03.avi
1.0329469201671688,1.3980117677794128,16.155977995776052,0.5761627906976744,230.66046511627906,182.67834502019812,0.29011627906976745,119,117,BaseballPitch/v_BaseballPitch_g04_c04.avi
0.7584830115382719,1.1080076269119465,15.18634254848744,0.7329941860465117,278.10232558139535,256.8954700899399,0.2686046511627907,117,115,BaseballPitch/v_BaseballPitch_g04_c05.avi
0.19231282831278387,0.6161862306427981,8.00390529679106,0.9469476744186046,224.85581395348837,130.4298890384027,0.22732558139534884,119,117,BaseballPitch/v_BaseballPitch_g05_c01.avi
0.3753679237184487,1.1111821357022287,26.25476147292144,0.8943313953488372,209.67441860465115,100.88439640804452,0.25988372093023254,95,93,BaseballPitch/v_BaseballPitch_g05_c02.avi
0.2854131186918469,0.741261849835547,12.206555615733702,0.9239825581395349,205.32093023255814,144.4951573311643,0.3383720930232558,92,90,BaseballPitch/v_BaseballPitch_g05_c03.avi
0.17597288136703257,0.6566614341227007,15.033296378372908,0.9546511627906977,197.28372093023256,146.77452559248445,0.3802325581395349,117,115,BaseballPitch/v_BaseballPitch_g05_c04.avi
0.2354909750169319,0.8379600740576156,17.0,0.9484011627906976,203.2,149.50769444304333,0.3563953488372093,73,71,BaseballPitch/v_BaseballPitch_g05_c05.avi
0.3229320816830272,2.4649888426048463,71.0,0.9396802325581395,186.7906976744186,149.04729359307478,0.43488372093023253,117,115,BaseballPitch/v_BaseballPitch_g05_c06.avi
0.24506897685129428,0.7318229525914796,15.008331019803634,0.9363372093023256,199.62790697674419,171.77554625431435,0.4122093023255814,71,69,BaseballPitch/v_BaseballPitch_g05_c07.avi
0.33134678458350014,0.8113909059396244,14.813950350936107,0.9058139534883721,233.78604651162792,241.26814338947133,0.41104651162790695,100,98,BaseballPitch/v_BaseballPitch_g06_c01.avi
0.720200006422458,10.954703277018613,274.25045578813535,0.9309593023255814,238.69767441860466,232.44819726811457,0.36686046511627907,88,86,BaseballPitch/v_BaseballPitch_g06_c02.avi
0.2199928836143311,3.0405948211861715,124.10076550932311,0.9539244186046512,264.2604651162791,271.6401297027005,0.36627906976744184,106,104,BaseballPitch/v_BaseballPitch_g06_c03.avi
0.2359763298134047,1.6533067148231821,105.76248448764808,0.9511627906976744,222.28837209302327,205.42677211600505,0.3755813953488372,48,46,BaseballPitch/v_BaseballPitch_g06_c04.avi
0.18101825369352495,0.6539372431606395,15.350081433008752,0.9382267441860465,236.353488372093,233.22871432459957,0.37906976744186044,64,62,BaseballPitch/v_BaseballPitch_g06_c05.avi
0.2828218019114176,0.915410310304847,17.46424919657298,0.9229651162790697,212.13023255813954,218.2863955480077,0.4517441860465116,62,60,BaseballPitch/v_BaseballPitch_g06_c06.avi
0.6371018467878947,4.889640930370365,126.52000829908287,0.9034883720930232,169.15348837209302,156.72796658888635,0.536046511627907,82,80,BaseballPitch/v_BaseballPitch_g06_c07.avi
0.3140910270209548,4.37321678638923,170.53152201279386,0.9530523255813953,705.1906976744186,1269.384262347246,0.2255813953488372,66,64,BaseballPitch/v_BaseballPitch_g07_c01.avi
0.12601607369161144,1.0971818005173375,40.607881008493905,0.9780523255813953,385.153488372093,655.1189841685737,0.09476744186046511,139,137,BaseballPitch/v_BaseballPitch_g07_c02.avi
0.21588192407123163,1.0239743833403303,15.159567935795533,0.9648255813953488,801.3023255813954,1295.9465165335807,0.11802325581395348,79,77,BaseballPitch/v_BaseballPitch_g07_c03.avi
0.2028408502889056,0.8966288267569339,17.714753738056874,0.9565406976744186,384.93023255813955,761.6866655835934,0.3191860465116279,89,87,BaseballPitch/v_BaseballPitch_g07_c04.avi
0.21353482694446838,1.0933249538525496,23.74934209615079,0.9531976744186047,370.9767441860465,667.8922586964225,0.22674418604651161,71,69,BaseballPitch/v_BaseballPitch_g07_c05.avi
0.10824551700202292,0.6921154043247527,20.248456731316587,0.9774709302325582,645.1348837209302,1129.5369932037129,0.1686046511627907,79,77,BaseballPitch/v_BaseballPitch_g07_c06.avi
0.1964480907755807,1.0498155244022533,19.50040063691,0.975,403.46046511627907,748.273751094162,0.15988372093023256,81,79,BaseballPitch/v_BaseballPitch_g07_c07.avi
0.10743851329701704,0.9991961376672405,24.58149710656371,0.9780523255813953,266.04651162790697,385.81776355408755,0.17093023255813952,142,140,Basketball/v_Basketball_g01_c01.avi
0.11262924091097379,0.841597151854985,26.476404589747453,0.9722383720930232,283.12558139534883,545.0802356525878,0.3122093023255814,181,178,Basketball/v_Basketball_g01_c02.avi
0.11734074110759753,0.6348645582387752,20.501524333570906,0.9761627906976744,215.03255813953487,114.21837045444954,0.2505813953488372,207,204,Basketball/v_Basketball_g01_c03.avi
0.08066860970799831,0.41941615164012924,8.06225774829855,0.9815406976744186,222.62325581395348,110.23949580758841,0.21104651162790697,109,107,Basketball/v_Basketball_g01_c04.avi
0.13181141738212848,1.1570920982334232,28.125,0.9805232558139535,233.89767441860465,123.80918831359305,0.17790697674418604,142,140,Basketball/v_Basketball_g01_c05.avi
0.06863341310483063,0.29390092552454866,5.771698190307598,0.9797965116279069,212.68837209302325,129.33508167996754,0.2813953488372093,149,147,Basketball/v_Basketball_g01_c06.avi
0.2600687003090733,2.0382853542533574,51.500606792541774,0.9593023255813954,267.6093023255814,548.7451697362043,0.3953488372093023,101,99,Basketball/v_Basketball_g01_c07.avi
0.6466051543187659,7.57227259771005,308.7588055424493,0.8883720930232558,429.13488372093025,829.3245755274733,0.19593023255813954,54,52,Basketball/v_Basketball_g02_c01.avi
1.5972695444935887,2.6559130235053074,44.04543109109048,0.5827034883720931,255.2186046511628,393.01887477949026,0.24593023255813953,57,55,Basketball/v_Basketball_g02_c02.avi
1.7869342527110574,3.6247397494437132,57.0087712549569,0.5765988372093023,338.04651162790697,668.8176987159792,0.3354651162790698,113,111,Basketball/v_Basketball_g02_c03.avi
3.280749454061459,15.651803047954024,298.0440403698755,0.9293604651162791,618.1209302325582,1134.732589860782,0.23488372093023255,81,79,Basketball/v_Basketball_g02_c04.avi
1.9799909213836948,8.416729158016595,280.1446055165082,0.823110465116279,776.5209302325582,1305.128698377814,0.20755813953488372,145,143,Basketball/v_Basketball_g02_c05.avi
2.068321838844171,3.816745739672621,49.040799340956916,0.6875,566.3255813953489,1087.7599709779138,0.29069767441860467,125,123,Basketball/v_Basketball_g02_c06.avi
0.1343025359662385,0.8509889093820064,16.070158679988197,0.9771802325581396,239.5906976744186,144.51529220434983,0.18313953488372092,139,137,Basketball/v_Basketball_g03_c01.avi
0.17027675647339427,0.6593284753551925,12.25,0.9645348837209302,245.50697674418603,204.37493747425125,0.2709302325581395,127,125,Basketball/v_Basketball_g03_c02.avi
0.11682673675677227,1.0128504122620783,41.0,0.9777616279069767,269.3953488372093,241.07493185535563,0.26046511627906976,121,119,Basketball/v_Basketball_g03_c03.avi
0.11253820018411818,0.6070784744486122,16.048753845704034,0.9768895348837209,305.5627906976744,552.0875684768049,0.26976744186046514,81,79,Basketball/v_Basketball_g03_c04.avi
0.23409959132891967,1.01397429691237,38.05259518088089,0.9555232558139535,263.1441860465116,233.02774093998613,0.2651162790697674,124,122,Basketball/v_Basketball_g03_c05.avi
0.06793054861724603,0.3722071300857266,16.1245154965971,0.9888081395348837,237.91627906976746,172.39903001161397,0.23837209302325582,87,85,Basketball/v_Basketball_g03_c06.avi
0.3271706553924946,1.385731990172434,35.0,0.9238372093023256,228.2046511627907,239.34957401887695,0.4308139534883721,110,108,Basketball/v_Basketball_g04_c01.avi
1.347810052716239,7.4498554176227545,109.12636024352686,0.8744186046511628,328.2232558139535,464.10033640352464,0.3005813953488372,105,103,Basketball/v_Basketball_g04_c02.avi
0.32996299038516524,0.7359218104988734,12.36931687685298,0.8780523255813953,307.90697674418607,309.4968019486491,0.31802325581395346,107,105,Basketball/v_Basketball_g04_c03.avi
0.6147268560738027,2.9820208540942525,121.75025667324073,0.8707848837209302,257.0046511627907,248.0561732645365,0.32965116279069767,73,71,Basketball/v_Basketball_g04_c04.avi
0.3425618559814723,1.0096532319608982,10.972978173677372,0.9313953488372093,231.4418604651163,198.1450375914574,0.3186046511627907,135,133,Basketball/v_Basketball_g05_c01.avi
1.0543328457227295,1.3140472888445631,16.0,0.5752906976744186,220.94883720930233,144.68130875582747,0.26627906976744187,112,110,Basketball/v_Basketball_g05_c02.avi
0.2611623557465375,2.040166383281028,51.500606792541774,0.958139534883721,263.36744186046514,544.8599648217412,0.38953488372093026,101,99,Basketball/v_Basketball_g05_c03.avi
0.7952640740620005,2.9898879665476277,33.0,0.8165697674418605,255.88837209302326,213.2098575421969,0.24709302325581395,88,86,Basketball/v_Basketball_g05_c04.avi
3.209204498737884,4.089308952603664,19.49118390452463,0.5332848837209302,218.6046511627907,131.73866652367653,0.2575581395348837,72,70,Basketball/v_Basketball_g06_c01.avi
3.251852119235257,9.015586216228064,127.3184982632139,0.6402616279069767,203.75813953488372,160.41578857595547,0.37209302325581395,102,100,Basketball/v_Basketball_g06_c02.avi
5.117563538537406,7.334360877348335,48.0,0.40901162790697676,265.48837209302326,170.15018975626828,0.11802325581395348,92,90,Basketball/v_Basketball_g06_c03.avi
4.9807650903063285,11.135295124961093,170.98830369355676,0.5027616279069768,261.9162790697674,159.3908534188726,0.11337209302325581,78,76,Basketball/v_Basketball_g06_c04.avi
2.3121246069745895,4.698178587129375,28.777161083053347,0.641860465116279,223.85116279069769,197.49043235240777,0.3511627906976744,143,141,Basketball/v_Basketball_g07_c01.avi
1.2572826468615306,3.044917532029425,63.0,0.7751453488372093,235.7953488372093,210.2211349026592,0.3261627906976744,102,100,Basketball/v_Basketball_g07_c02.avi
0.5665629516654762,0.9417890112508714,16.1245154965971,0.7351744186046512,310.13953488372096,265.0680984371488,0.17151162790697674,151,149,Basketball/v_Basketball_g07_c03.avi
0.9702134180450727,6.942753743743547,319.0,0.8267441860465117,191.5906976744186,153.7838407665402,0.4191860465116279,102,100,Basketball/v_Basketball_g07_c04.avi
3.4390757788010773,9.614551003550456,116.49704931885614,0.6074127906976744,197.84186046511627,140.66352105175747,0.3680232558139535,62,60,BasketballDunk/v_BasketballDunk_g01_c01.avi
2.9222377685602217,6.834446825843278,287.3882391469769,0.5007267441860465,233.22790697674418,186.32379708651155,0.28604651162790695,66,64,BasketballDunk/v_BasketballDunk_g01_c02.avi
2.2034318827615667,5.700679142000156,164.84234892769516,0.5303779069767441,217.37674418604652,105.20324700358516,0.22906976744186047,72,70,BasketballDunk/v_BasketballDunk_g01_c03.avi
4.27628830458465,10.480191480969594,238.00052520950453,0.40348837209302324,207.66511627906976,189.97977723923725,0.40988372093023256,62,60,BasketballDunk/v_BasketballDunk_g01_c04.avi
2.8453601814817095,7.890470000305417,136.875,0.4072674418604651,231.66511627906976,200.2169043390843,0.32209302325581396,67,65,BasketballDunk/v_BasketballDunk_g01_c05.avi
3.6767853444420155,14.410978326090612,133.1974568075532,0.4507267441860465,227.4232558139535,147.70291495794555,0.24186046511627907,81,79,BasketballDunk/v_BasketballDunk_g01_c06.avi
3.7418251938330984,5.658821337996603,29.87683048785463,0.42688953488372094,268.3906976744186,192.10248211409703,0.1494186046511628,58,56,BasketballDunk/v_BasketballDunk_g01_c07.avi
6.681745728165113,20.48675651137264,206.00970850908945,0.4008720930232558,254.54883720930232,194.93029448484972,0.21220930232558138,57,55,BasketballDunk/v_BasketballDunk_g02_c01.avi
3.1957029610396592,10.963411513498349,206.196508214858,0.5146802325581395,217.37674418604652,157.43112903552358,0.30348837209302326,110,108,BasketballDunk/v_BasketballDunk_g02_c02.avi
3.9983816551214177,13.724515608155574,183.5551688185326,0.3622093023255814,228.76279069767443,158.31277405636388,0.2534883720930233,72,70,BasketballDunk/v_BasketballDunk_g02_c03.avi
5.495830564327693,12.421615800138639,237.25474178612322,0.4315406976744186,241.15348837209302,200.87661300067253,0.2819767441860465,59,57,BasketballDunk/v_BasketballDunk_g02_c04.avi
2.612987996261603,4.272215943667738,27.5,0.5504360465116279,329.5627906976744,554.93598584243,0.20290697674418604,59,57,BasketballDunk/v_BasketballDunk_g03_c01.avi
4.633041003432378,14.224619271999304,126.01587201618692,0.34840116279069766,229.43255813953488,146.76909205220292,0.2313953488372093,77,75,BasketballDunk/v_BasketballDunk_g03_c02.avi
3.2016294596051167,11.566405407335846,236.0,0.42441860465116277,213.69302325581396,164.037541640943,0.3319767441860465,75,73,BasketballDunk/v_BasketballDunk_g03_c03.avi
2.1424964716435184,5.726058641694388,255.50599308039725,0.5553779069767442,225.52558139534884,274.2648152433628,0.5401162790697674,82,80,BasketballDunk/v_BasketballDunk_g03_c04.avi
6.710755870351377,21.163372156996182,300.5746579470731,0.4617732558139535,238.69767441860466,206.05480585962434,0.3040697674418605,72,70,BasketballDunk/v_BasketballDunk_g03_c05.avi
5.389621919561035,13.984923204502921,173.38540884399703,0.43706395348837207,266.8279069767442,201.6653529241894,0.17616279069767443,67,65,BasketballDunk/v_BasketballDunk_g03_c06.avi
2.6623572268419475,6.102412513153636,135.00370365289984,0.3693313953488372,233.11627906976744,143.4831177659208,0.20988372093023255,52,50,BasketballDunk/v_BasketballDunk_g04_c01.avi
4.287538573631798,10.190007979204301,140.66321702918643,0.37296511627906975,246.73488372093024,165.56608865754657,0.1877906976744186,56,54,BasketballDunk/v_BasketballDunk_g04_c02.avi
1.5477114158862377,4.294926961371209,128.25,0.7133720930232558,227.08837209302325,157.6761078320709,0.25988372093023254,63,61,BasketballDunk/v_BasketballDunk_g04_c03.avi
2.426734704724848,4.793831135716791,79.03203464418716,0.5998546511627907,286.5860465116279,237.073182285109,0.18255813953488373,49,47,BasketballDunk/v_BasketballDunk_g04_c04.avi
1.6190629083327033,11.485113506036221,298.0067113338221,0.5748546511627907,250.64186046511628,162.1433678448599,0.16511627906976745,53,51,BasketballDunk/v_BasketballDunk_g05_c01.avi
0.6419254471507874,1.6167789409786735,42.08622102303793,0.8366279069767442,274.30697674418604,233.3376806414665,0.22093023255813954,81,79,BasketballDunk/v_BasketballDunk_g05_c02.avi
5.56151350110208,18.9444337407401,263.0684321616716,0.5789244186046512,339.3860465116279,307.38748335216775,0.20290697674418604,57,55,BasketballDunk/v_BasketballDunk_g05_c03.avi
5.284112658242477,16.323351575800295,143.50348427825716,0.49709302325581395,274.75348837209305,242.1377844820543,0.24186046511627907,53,51,BasketballDunk/v_BasketballDunk_g05_c04.avi
1.371157911908266,3.326273951536389,33.24154027718932,0.7068313953488372,257.89767441860465,192.1579988088437,0.19244186046511627,54,52,BasketballDunk/v_BasketballDunk_g05_c05.avi
2.555894113914777,4.655170218810602,75.61952459517317,0.5491279069767442,234.90232558139536,252.22371897423986,0.43546511627906975,85,83,BasketballDunk/v_BasketballDunk_g05_c06.avi
0.3058020849600827,0.97850201302053,16.0,0.9322674418604651,213.02325581395348,135.67154049773146,0.288953488372093,53,51,BasketballDunk/v_BasketballDunk_g06_c01.avi
3.401333218494716,11.011806470202808,66.22122016393234,0.7203488372093023,199.85116279069769,162.75299071605414,0.39476744186046514,62,60,BasketballDunk/v_BasketballDunk_g06_c02.avi
3.511271111702031,8.034697730592436,156.11534197509224,0.38502906976744183,269.95348837209303,400.01708995400827,0.21569767441860466,54,52,BasketballDunk/v_BasketballDunk_g06_c03.avi
3.027521672839321,9.48568327977992,63.75,0.7438953488372093,195.83255813953488,178.70784228302887,0.4436046511627907,64,62,BasketballDunk/v_BasketballDunk_g06_c04.avi
2.7150079827500995,8.63176740447572,132.61221663180206,0.6568313953488372,310.0279069767442,328.0049619063013,0.3744186046511628,43,41,BasketballDunk/v_BasketballDunk_g07_c01.avi
7.685788339481356,16.55551825440428,104.02433609497346,0.4625,376.89302325581394,357.25728166149713,0.2680232558139535,36,34,BasketballDunk/v_BasketballDunk_g07_c02.avi
1.303471771789551,2.9256022572487086,78.00640999302557,0.6530523255813954,332.68837209302325,271.4737224075565,0.11220930232558139,54,52,BasketballDunk/v_BasketballDunk_g07_c03.avi
4.108291162864767,10.980865366828434,95.81753492967766,0.6308139534883721,302.10232558139535,253.05509785959896,0.16686046511627908,47,45,BasketballDunk/v_BasketballDunk_g07_c04.avi
2.2579108253157885,7.96493562074215,63.387695966961914,0.6315406976744186,414.846511627907,349.5132158720563,0.1377906976744186,38,36,BasketballDunk/v_BasketballDunk_g07_c05.avi
2.4676886180486486,6.1232654003744535,141.00354605470034,0.4130813953488372,311.8139534883721,263.2999223464104,0.16046511627906976,52,50,BasketballDunk/v_BasketballDunk_g07_c06.avi
0.5531869743628076,2.4849598049952104,95.33624704172071,0.8392441860465116,197.6186046511628,183.08443503351498,0.4436046511627907,152,150,BenchPress/v_BenchPress_g01_c01.avi
1.3672260050939642,3.999701843281793,141.79210133149166,0.5443313953488372,298.75348837209305,546.0436388340103,0.25872093023255816,181,178,BenchPress/v_BenchPress_g01_c02.avi
3.0947809345726927,9.246836743482067,291.78073959739015,0.35872093023255813,211.46046511627907,148.32148323989125,0.31569767441860463,105,103,BenchPress/v_BenchPress_g01_c03.avi
1.7652566619086631,3.556611425681017,143.58969322343438,0.5443313953488372,219.94418604651162,167.0705091401157,0.30872093023255814,106,104,BenchPress/v_BenchPress_g01_c04.avi
3.677044137407806,5.089081050560225,173.5396208362805,0.2879360465116279,242.15813953488373,169.15602572299673,0.21395348837209302,89,87,BenchPress/v_BenchPress_g01_c05.avi
2.604540372044017,4.569676131256881,25.152658905173425,0.5856104651162791,236.46511627906978,160.18410176276737,0.22267441860465118,112,110,BenchPress/v_BenchPress_g01_c06.avi
1.5360697761904631,4.674565584865513,240.85265205099984,0.6921511627906977,190.0279069767442,240.9104806485532,0.6133720930232558,82,80,BenchPress/v_BenchPress_g02_c01.avi
0.8891286184998403,2.0206567220292535,28.442925306655784,0.7888081395348837,224.1860465116279,149.13818406040437,0.25872093023255816,99,97,BenchPress/v_BenchPress_g02_c02.avi
0.5522592551438642,0.8303231272409556,11.40175425099138,0.7585755813953489,240.14883720930231,177.5156100205655,0.23837209302325582,222,219,BenchPress/v_BenchPress_g02_c03.avi
1.8045764061041027,11.256793983616761,165.3602128687551,0.7184593023255814,254.77209302325582,175.1241929092919,0.17151162790697674,96,94,BenchPress/v_BenchPress_g02_c04.avi
0.8893044349837055,2.2209232711699265,18.027756377319946,0.8318313953488372,230.88372093023256,156.00673946419013,0.24011627906976743,74,72,BenchPress/v_BenchPress_g02_c05.avi
0.8615756954429291,1.8712279652440982,21.470910553583888,0.8281976744186047,257.1162790697674,210.62798785981795,0.23604651162790696,73,71,BenchPress/v_BenchPress_g02_c06.avi
0.9880844121420395,2.35845090390682,29.427877939124322,0.8140988372093023,234.56744186046512,154.27994446961972,0.22093023255813954,79,77,BenchPress/v_BenchPress_g02_c07.avi
2.3296994202959134,4.5717035609287855,71.82976837634936,0.5293604651162791,216.8186046511628,182.81499004211747,0.35290697674418603,94,92,BenchPress/v_BenchPress_g03_c01.avi
2.2342304081316056,4.546817185090036,74.10802925459562,0.5883720930232558,224.74418604651163,153.15413926229576,0.2627906976744186,101,99,BenchPress/v_BenchPress_g03_c02.avi
1.642263830028596,4.532109866233903,82.01867165469092,0.5678779069767442,227.08837209302325,231.47652772591783,0.41569767441860467,157,155,BenchPress/v_BenchPress_g03_c03.avi
1.6677807238874292,5.02925358598817,58.69412236331676,0.6893895348837209,197.84186046511627,197.6753107503808,0.47267441860465115,106,104,BenchPress/v_BenchPress_g03_c04.avi
2.2724377504013304,5.671162978959698,89.1403387922662,0.6069767441860465,156.09302325581396,162.31691854008412,0.6133720930232558,85,83,BenchPress/v_BenchPress_g03_c05.avi
2.3594364916131867,5.743576522499346,60.46925871879033,0.6074127906976744,152.6325581395349,143.99757704830142,0.6011627906976744,84,82,BenchPress/v_BenchPress_g03_c06.avi
2.4827876266644684,8.317618461159222,231.0432859877127,0.5864825581395349,160.89302325581394,156.9924978141621,0.5790697674418605,86,84,BenchPress/v_BenchPress_g03_c07.avi
1.5288083066918552,3.2425216360685307,42.05948168962618,0.6960755813953489,216.93023255813952,166.84171517699562,0.32209302325581396,71,69,BenchPress/v_BenchPress_g04_c01.avi
1.4308425687612811,3.3839342810648625,39.05124837953327,0.7712209302325581,222.73488372093024,149.75440185900803,0.26627906976744187,71,69,BenchPress/v_BenchPress_g04_c02.avi
1.435322048504443,3.485981133275646,37.21558813185679,0.7004360465116279,221.17209302325583,157.36351979012016,0.28604651162790695,209,206,BenchPress/v_BenchPress_g04_c03.avi
1.4042354121425833,4.746599359919993,201.08953229842672,0.6620639534883721,189.8046511627907,183.35239669476783,0.4819767441860465,205,202,BenchPress/v_BenchPress_g04_c04.avi
1.8685276438057952,2.8313987576304878,27.139684965010186,0.5063953488372093,200.96744186046513,139.78519687559535,0.35174418604651164,149,147,BenchPress/v_BenchPress_g04_c05.avi
1.3185416745978638,2.844275330960061,39.613760235554516,0.5732558139534883,206.9953488372093,159.49745197861,0.35523255813953486,177,174,BenchPress/v_BenchPress_g04_c06.avi
1.8912780333415893,3.6631054164894965,64.32728814430156,0.5494186046511628,234.7906976744186,166.21316631859457,0.24069767441860465,76,74,BenchPress/v_BenchPress_g04_c07.avi
0.631132175027169,0.8623070927008655,11.40175425099138,0.654796511627907,381.5813953488372,751.057370383485,0.24127906976744187,75,73,BenchPress/v_BenchPress_g05_c01.avi
1.1060315112817776,1.860022564365039,16.965498076979642,0.5861918604651163,687.106976744186,1177.6353534797088,0.1872093023255814,68,66,BenchPress/v_BenchPress_g05_c02.avi
1.3226204386380576,4.905001019827824,161.3071604114337,0.5543604651162791,210.0093023255814,213.82779401860296,0.4511627906976744,66,64,BenchPress/v_BenchPress_g05_c03.avi
2.261149041017713,4.293698511901715,25.544079548889602,0.5667151162790698,247.40465116279069,175.28464286661944,0.20290697674418604,299,296,BenchPress/v_BenchPress_g05_c04.avi
1.6008754308829178,1.8839237495676324,22.47220505424423,0.4550872093023256,198.73488372093024,199.6608273859155,0.47267441860465115,166,163,BenchPress/v_BenchPress_g05_c05.avi
1.7554946558495121,2.845894995948381,22.135943621178654,0.5825581395348837,468.09302325581393,831.785969058999,0.1372093023255814,196,193,BenchPress/v_BenchPress_g05_c06.avi
1.5151287078696876,1.5562438727017334,22.755493842147217,0.36715116279069765,294.7348837209302,445.5666884983718,0.32848837209302323,65,63,BenchPress/v_BenchPress_g05_c07.avi
0.23614896458981569,1.095736327618416,52.5101180726153,0.9276162790697674,602.7162790697674,721.1546739004609,0.24302325581395348,69,67,BenchPress/v_BenchPress_g06_c01.avi
0.2920568256984181,1.244722636615749,73.0,0.9078488372093023,493.09767441860464,427.6520915299498,0.30930232558139537,67,65,BenchPress/v_BenchPress_g06_c02.avi
0.2944097031177924,1.060671253549111,70.1115183119008,0.9103197674418605,527.3674418604651,425.64233250352027,0.2517441860465116,66,64,BenchPress/v_BenchPress_g06_c03.avi
0.3011883056882903,1.383293432643879,47.9876286140501,0.9343023255813954,498.0093023255814,424.28614730767214,0.28604651162790695,253,250,BenchPress/v_BenchPress_g06_c04.avi
0.4850724297223292,1.895958919608197,78.0040063073686,0.8239825581395349,514.4186046511628,429.0546792582524,0.28430232558139534,129,127,BenchPress/v_BenchPress_g06_c05.avi
0.2803321722211208,1.4625603718277902,55.740750353758244,0.9210755813953488,488.8558139534884,433.4022168101651,0.3430232558139535,97,95,BenchPress/v_BenchPress_g06_c06.avi
0.6722200762612658,2.006371161602956,70.78885858664484,0.7806686046511628,499.7953488372093,417.7578635244419,0.2534883720930233,85,83,BenchPress/v_BenchPress_g06_c07.avi
1.1755653446466505,2.346951334847023,57.0087712549569,0.7053779069767442,263.8139534883721,405.9006211179096,0.26627906976744187,74,72,BenchPress/v_BenchPress_g07_c01.avi
0.7514543160774557,2.05537359059006,56.568542494923804,0.8193313953488373,226.08372093023254,182.0437270883048,0.30930232558139537,72,70,BenchPress/v_BenchPress_g07_c02.avi
0.9358822762929864,2.7467890710202836,68.11754546370561,0.7453488372093023,204.2046511627907,178.03107901331654,0.40232558139534885,73,71,BenchPress/v_BenchPress_g07_c03.avi
0.8990003352553882,1.3100914624343056,15.041608956491324,0.7313953488372092,261.5813953488372,173.74911511344212,0.14069767441860465,273,270,BenchPress/v_BenchPress_g07_c04.avi
0.6294858692850552,1.2802535448916548,17.665290826929514,0.8433139534883721,234.34418604651162,198.15899806142937,0.3058139534883721,133,131,BenchPress/v_BenchPress_g07_c05.avi
1.5693854904377056,3.1999509903799828,88.30982391557578,0.6511627906976745,243.3860465116279,155.3189510313735,0.18430232558139534,88,86,BenchPress/v_BenchPress_g07_c06.avi
0.8444902516583099,2.1921719845651304,64.0,0.8255813953488372,245.84186046511627,156.73444618141377,0.17616279069767443,80,78,BenchPress/v_BenchPress_g07_c07.avi
4.034012461948103,8.224863662395077,94.75296829123613,0.49622093023255814,232.2232558139535,119.53003483061894,0.17965116279069768,152,150,Biking/v_Biking_g01_c01.avi
3.3291868701241576,11.347299058576947,250.3197954617253,0.5748546511627907,245.06046511627906,126.98899813092193,0.13372093023255813,152,150,Biking/v_Biking_g01_c02.avi
3.9012906112618646,10.066375538719893,144.00347218036097,0.40944767441860463,184.5581395348837,169.5862684115314,0.4813953488372093,152,150,Biking/v_Biking_g01_c03.avi
2.8191981451170327,7.767325684572888,149.56603892595405,0.5545058139534884,236.13023255813954,99.24694016695958,0.13837209302325582,182,179,Biking/v_Biking_g01_c04.avi
0.9653283023891641,16.062743469008172,333.304665433894,0.9848837209302326,211.7953488372093,203.1107727937598,0.4186046511627907,241,238,Biking/v_Biking_g02_c01.avi
0.804072640501785,8.662990312006507,310.8649224341659,0.9795058139534883,430.92093023255813,976.6597980821327,0.44476744186046513,241,238,Biking/v_Biking_g02_c02.avi
1.3753249048889802,9.201138273224565,320.14059411452337,0.8786337209302325,209.78604651162792,165.2652576517385,0.35232558139534886,241,238,Biking/v_Biking_g02_c03.avi
1.0574279507305966,9.830136684013981,323.0990560184291,0.9763081395348837,329.2279069767442,761.4671634953577,0.4883720930232558,241,238,Biking/v_Biking_g02_c04.avi
3.1455197445609993,9.640752298576452,147.80054127099805,0.7989825581395349,232.11162790697674,126.56281317490246,0.18953488372093022,181,178,Biking/v_Biking_g02_c05.avi
0.8351649622449102,10.291060846779477,280.6439024814186,0.9822674418604651,506.04651162790697,919.2014216974547,0.30930232558139537,241,238,Biking/v_Biking_g02_c06.avi
0.5239270686126577,8.577147724639723,291.5681738461864,0.9806686046511628,193.6,129.07386743959427,0.3715116279069767,241,238,Biking/v_Biking_g02_c07.avi
3.1543150965176023,5.1117713502550295,88.86506625215557,0.5813953488372093,417.30232558139534,759.5963289918187,0.2180232558139535,381,377,Biking/v_Biking_g03_c01.avi
4.302154029281281,12.79059469814916,174.7512517837855,0.6704941860465117,768.0372093023256,1255.961249036205,0.10755813953488372,381,377,Biking/v_Biking_g03_c02.avi
2.878269983133696,11.819092039224607,88.0056816347672,0.7143895348837209,923.8697674418605,1441.8979423186431,0.2005813953488372,357,353,Biking/v_Biking_g03_c03.avi
4.110491822448529,6.700378361418058,30.4138126514911,0.6306686046511628,761.5627906976745,1301.7588725783276,0.13895348837209304,381,377,Biking/v_Biking_g03_c04.avi
1.7176786488055054,6.3635129871506795,332.1404070570156,0.8261627906976744,295.06976744186045,556.2912653248208,0.33372093023255817,241,238,Biking/v_Biking_g04_c01.avi
3.445500842059014,20.47408142579476,412.50757568801083,0.7199127906976744,204.9860465116279,166.6358647866873,0.37732558139534883,181,178,Biking/v_Biking_g04_c02.avi
1.1207181325343338,6.846008019688227,198.40614909825754,0.892296511627907,180.9860465116279,102.42163103063035,0.4,241,238,Biking/v_Biking_g04_c03.avi
1.4531412725826123,10.402109754563577,335.51825583714515,0.8409883720930232,259.68372093023254,239.0545183807403,0.2947674418604651,217,214,Biking/v_Biking_g04_c04.avi
2.701491418332027,9.647954265798228,362.27061708065696,0.7718023255813954,221.28372093023256,206.7678812382041,0.38313953488372093,214,211,Biking/v_Biking_g04_c05.avi
2.518870303490316,5.430872219340025,37.12142238654117,0.6688953488372092,626.6046511627907,1183.491683379959,0.25116279069767444,301,298,Biking/v_Biking_g05_c01.avi
0.9801925855702243,9.174088263163236,154.45488823601536,0.9433139534883721,201.4139534883721,164.9813260488442,0.39127906976744187,202,199,Biking/v_Biking_g05_c02.avi
0.3689881789149931,4.559731167885334,139.72920238804772,0.9843023255813953,177.74883720930234,125.53643846457031,0.44476744186046513,202,199,Biking/v_Biking_g05_c03.avi
2.0825862846654903,8.973695716788296,150.7912464302885,0.7502906976744186,198.28837209302327,181.77023729730166,0.4377906976744186,202,199,Biking/v_Biking_g05_c04.avi
4.905643333694105,27.486489522153935,332.0060240417333,0.9332848837209302,125.50697674418605,128.83809453142277,0.7261627906976744,164,161,Biking/v_Biking_g05_c05.avi
2.3225694507258945,4.684811030884952,222.02026934494066,0.6765988372093024,183.33023255813953,124.61989750210154,0.41569767441860467,181,178,Biking/v_Biking_g05_c06.avi
2.219972033998831,8.7646424911804,190.8952592391964,0.6776162790697674,218.6046511627907,133.3556426261264,0.25988372093023254,181,178,Biking/v_Biking_g05_c07.avi
3.3142355509729082,8.921923792687425,267.25456029785533,0.515406976744186,203.31162790697675,143.62551630737212,0.34651162790697676,102,100,Biking/v_Biking_g06_c01.avi
3.6307218262019614,25.459041329906587,327.2460847741345,0.7622093023255814,226.64186046511628,150.9245217681914,0.2505813953488372,158,156,Biking/v_Biking_g06_c02.avi
1.4055262487687845,14.615977829723327,305.09834480049216,0.9524709302325581,481.71162790697673,777.4439039688202,0.23372093023255813,202,199,Biking/v_Biking_g06_c03.avi
1.703982078981613,7.1527302478285435,184.09780009549272,0.7723837209302326,234.45581395348836,179.9776643795009,0.2680232558139535,236,233,Biking/v_Biking_g06_c04.avi
1.786991299878332,3.836137779637567,63.0,0.6319767441860465,275.5348837209302,215.5192052994198,0.17267441860465116,202,199,Biking/v_Biking_g06_c05.avi
1.5555611512219474,5.105641272219772,49.33558553417604,0.7718023255813954,1103.7023255813954,1544.6103338651346,0.2127906976744186,301,298,Biking/v_Biking_g07_c01.avi
0.1535787941408366,1.2529411402527737,30.55016366568271,0.9861918604651163,1827.4976744186047,1742.7906967806803,0.11046511627906977,361,357,Biking/v_Biking_g07_c02.avi
0.7520396122536395,2.254126064363583,30.0,0.8511627906976744,1227.2744186046511,1604.137996165212,0.14825581395348839,401,397,Biking/v_Biking_g07_c03.avi
2.217033029015279,7.184599472549519,136.7808466123821,0.7847383720930232,741.5813953488372,1172.3646196957377,0.16395348837209303,301,298,Biking/v_Biking_g07_c04.avi
6.305342236945209,17.32282257560097,127.50055146939562,0.6953488372093023,276.87441860465117,210.766702384329,0.1563953488372093,193,190,Biking/v_Biking_g07_c05.avi
1.7536629557468344,4.179607669515347,40.50077159758811,0.670639534883721,308.0186046511628,420.44061011112035,0.16162790697674417,241,238,Biking/v_Biking_g07_c06.avi
0.225274139015925,0.7476973006667569,14.2587692315992,0.9158430232558139,215.14418604651163,230.92584665265267,0.4686046511627907,275,272,Billiards/v_Billiards_g01_c01.avi
0.07421324831757184,0.39401260976276054,7.5,0.9767441860465116,271.06976744186045,203.6153915858121,0.1633720930232558,384,380,Billiards/v_Billiards_g01_c02.avi
0.09978070868029783,0.522849733988872,6.754628043053148,0.9659883720930232,238.47441860465116,188.77302242840474,0.2680232558139535,396,392,Billiards/v_Billiards_g01_c03.avi
0.17170651469626963,0.5891594833263892,8.628622427711159,0.9372093023255814,326.10232558139535,278.6465106574429,0.1558139534883721,190,187,Billiards/v_Billiards_g01_c04.avi
0.045008296478357496,0.2922976497319366,5.257435211203273,0.9847383720930233,360.3720930232558,297.75946459530786,0.10523255813953489,353,349,Billiards/v_Billiards_g01_c05.avi
0.2454427616393368,0.8744160437796877,12.550522897473236,0.9553779069767442,266.6046511627907,225.84107805380805,0.23313953488372094,299,296,Billiards/v_Billiards_g01_c06.avi
0.32335029894640227,0.9081677774939216,11.424343525997458,0.8931686046511628,327.4418604651163,443.127641977919,0.2,337,333,Billiards/v_Billiards_g02_c01.avi
0.9368502691008671,2.8062115712965503,13.038404810405298,0.8941860465116279,239.70232558139534,188.25787545016615,0.2616279069767442,314,311,Billiards/v_Billiards_g02_c02.avi
0.5366188267893056,2.0802768279621344,18.62667777678027,0.8457848837209302,338.26976744186044,285.65385097065376,0.13662790697674418,393,389,Billiards/v_Billiards_g02_c03.avi
0.14375781458233702,0.48536730387504373,7.404601609809943,0.9747093023255814,272.1860465116279,268.46395590330866,0.325,357,353,Billiards/v_Billiards_g02_c04.avi
0.30615600905372164,0.7682067367686964,17.0,0.8831395348837209,327.3302325581395,307.2140951336431,0.2424418604651163,400,396,Billiards/v_Billiards_g02_c05.avi
0.3222891922970073,0.8915289160028632,11.506112505968295,0.8947674418604651,350.2139534883721,570.8016808621604,0.23255813953488372,337,333,Billiards/v_Billiards_g02_c06.avi
0.5203929935876229,2.038351539124322,18.62667777678027,0.8571220930232558,315.8325581395349,272.1978245397152,0.17209302325581396,393,389,Billiards/v_Billiards_g02_c07.avi
0.248804950511783,2.6533968402964176,51.61395160225576,0.9843023255813953,221.84186046511627,210.71032273755972,0.38953488372093026,214,211,Billiards/v_Billiards_g03_c01.avi
1.2038622683403575,3.6643535688876825,31.64278156230896,0.7803779069767441,280.2232558139535,281.4367563614606,0.3319767441860465,384,380,Billiards/v_Billiards_g03_c02.avi
0.5858196465888577,1.177960392744168,10.286520305720492,0.8204941860465116,243.05116279069767,235.52335031830614,0.3558139534883721,276,273,Billiards/v_Billiards_g03_c03.avi
0.1457030615445335,0.7667702908323076,16.435955250608345,0.9768895348837209,306.45581395348836,299.64257258174655,0.29069767441860467,271,268,Billiards/v_Billiards_g03_c04.avi
1.1036006099311815,2.5810156743142874,16.662082702951633,0.7388081395348837,259.3488372093023,234.67096051269374,0.28488372093023256,288,285,Billiards/v_Billiards_g03_c05.avi
0.5108961873863294,1.4875657360261416,19.347561215822527,0.8097383720930232,262.69767441860466,249.21789615120645,0.30930232558139537,175,172,Billiards/v_Billiards_g04_c01.avi
0.17343044406903005,1.6736620412027756,52.533471472957125,0.9818313953488372,344.63255813953486,329.94845243696614,0.26395348837209304,300,297,Billiards/v_Billiards_g04_c02.avi
0.47686322639403417,1.5787979053566106,16.867127793433,0.9011627906976745,386.9395348837209,681.7688560561825,0.28313953488372096,269,266,Billiards/v_Billiards_g04_c03.avi
0.45389048713540986,1.321843285739372,29.5296461204668,0.8854651162790698,278.66046511627906,299.7792537770626,0.3959302325581395,280,277,Billiards/v_Billiards_g04_c04.avi
1.020898510384719,2.7106542233755238,27.506817336798527,0.84375,260.8,216.94305758091951,0.23546511627906977,235,232,Billiards/v_Billiards_g04_c05.avi
0.3450685326660535,0.6375771019738484,8.0156097709407,0.8925872093023256,243.27441860465117,231.77469823287666,0.3453488372093023,298,295,Billiards/v_Billiards_g04_c06.avi
0.23629508195489518,1.8958665520234117,42.88884616074441,0.9553779069767442,269.84186046511627,253.02242407524034,0.29069767441860467,192,189,Billiards/v_Billiards_g04_c07.avi
1.2822853869181357,3.165597587419912,62.00806399170998,0.7611918604651163,222.06511627906977,226.33955853953194,0.4255813953488372,366,362,Billiards/v_Billiards_g05_c01.avi
0.868380896518755,2.6078482272853742,35.171899294749494,0.8681686046511627,245.6186046511628,263.8415021533158,0.42151162790697677,482,478,Billiards/v_Billiards_g05_c02.avi
0.3520161218280168,0.5888155442722715,9.219544457292887,0.8703488372093023,294.95813953488374,294.99179825615346,0.31802325581395346,593,588,Billiards/v_Billiards_g05_c03.avi
0.4155643279456553,1.6699769200837273,57.07889277132134,0.8825581395348837,223.73953488372092,230.56929961589654,0.42848837209302326,375,371,Billiards/v_Billiards_g05_c04.avi
1.2134724904902885,1.8250828653528837,19.6468827043885,0.6468023255813954,233.22790697674418,195.30941263303498,0.30465116279069765,304,301,Billiards/v_Billiards_g05_c05.avi
0.898207772550201,2.4686841607538925,14.680450435868785,0.7949127906976744,240.14883720930231,237.43116737874573,0.3732558139534884,360,356,Billiards/v_Billiards_g05_c06.avi
0.25013742337038825,0.7552877078371233,13.951926390287472,0.9059593023255814,274.1953488372093,244.16345835724752,0.24941860465116278,252,249,Billiards/v_Billiards_g06_c01.avi
0.7609411337061817,1.9303176432077955,21.965882636488796,0.8335755813953488,591.7767441860465,914.8625548916558,0.1813953488372093,347,343,Billiards/v_Billiards_g06_c02.avi
0.7945287455636832,1.9748093260038646,18.420437019788647,0.8790697674418605,283.68372093023254,277.6268408462116,0.30697674418604654,371,367,Billiards/v_Billiards_g06_c03.avi
0.4851177565519425,2.100036351411313,87.57603838950469,0.9175872093023256,242.6046511627907,244.6052481453069,0.3813953488372093,300,297,Billiards/v_Billiards_g06_c04.avi
0.2695122575355702,0.919894698939459,20.683628791873055,0.8863372093023256,273.52558139534887,240.05219983978026,0.24127906976744187,262,259,Billiards/v_Billiards_g06_c05.avi
0.07882236413214319,0.4265668450368744,9.762812094883317,0.9872093023255814,276.2046511627907,255.25275203262188,0.27151162790697675,317,314,Billiards/v_Billiards_g07_c01.avi
0.10610139729236306,0.5870840908119284,10.791344911548329,0.9693313953488372,257.5627906976744,218.4180214722217,0.25232558139534883,259,256,Billiards/v_Billiards_g07_c02.avi
0.10731707790404257,0.6344450826972672,21.820288724029297,0.9771802325581396,218.15813953488373,209.72263658034888,0.40406976744186046,274,271,Billiards/v_Billiards_g07_c03.avi
0.29464185908255847,0.6872887765534759,12.837932076467768,0.916860465116279,282.2325581395349,225.5153103872048,0.17034883720930233,282,279,Billiards/v_Billiards_g07_c04.avi
4.271361118007283,12.407399502238619,308.02921939322573,0.5944767441860465,179.9813953488372,194.84615189857078,0.5540697674418604,244,241,BlowDryHair/v_BlowDryHair_g01_c01.avi
1.6294850982847178,3.562661533537734,155.72411502397438,0.66875,314.26976744186044,319.389973437652,0.32906976744186045,221,218,BlowDryHair/v_BlowDryHair_g01_c02.avi
2.269718390493918,6.31007753234387,119.54915307102765,0.629796511627907,302.7720930232558,297.11815700357437,0.29593023255813955,169,166,BlowDryHair/v_BlowDryHair_g01_c03.avi
1.9088367652581755,8.322349826189164,153.00510612394606,0.7518895348837209,368.9674418604651,375.8930499310664,0.36511627906976746,145,143,BlowDryHair/v_BlowDryHair_g01_c04.avi
1.1853006717626138,3.5391927547549304,64.43019478474359,0.7760174418604651,299.7581395348837,446.90349316288615,0.31627906976744186,130,128,BlowDryHair/v_BlowDryHair_g02_c01.avi
1.0881213361077988,3.692647231311542,110.20889256316842,0.7834302325581395,526.586046511628,916.1308786314565,0.25116279069767444,139,137,BlowDryHair/v_BlowDryHair_g02_c02.avi
1.1164187153927354,5.650405367586875,246.60291969074495,0.8690406976744186,547.4604651162791,919.4654498964451,0.261046511627907,192,189,BlowDryHair/v_BlowDryHair_g02_c03.avi
1.1260066257216843,7.090599531812947,219.25783908448975,0.8934593023255814,1032.260465116279,1459.9607535565349,0.2872093023255814,212,209,BlowDryHair/v_BlowDryHair_g02_c04.avi
0.9625744730897734,4.567007239512738,268.1678578800972,0.8550872093023256,1179.1627906976744,1556.835564052668,0.23372093023255813,239,236,BlowDryHair/v_BlowDryHair_g02_c05.avi
1.2294465421308596,6.700331913814047,255.44079548889601,0.7023255813953488,227.53488372093022,151.94419857566274,0.24825581395348836,238,235,BlowDryHair/v_BlowDryHair_g03_c01.avi
4.305073789790906,17.23470668872223,238.27085428142487,0.7255813953488373,173.28372093023256,150.85217919390502,0.5052325581395349,243,240,BlowDryHair/v_BlowDryHair_g03_c02.avi
1.401557561272719,4.201588809117162,43.73785545725808,0.8338662790697674,322.30697674418604,561.3172868021729,0.26627906976744187,135,133,BlowDryHair/v_BlowDryHair_g03_c03.avi
0.465352734756932,2.0812862873402405,98.47842403288143,0.8848837209302326,350.10232558139535,579.7798208736365,0.288953488372093,191,188,BlowDryHair/v_BlowDryHair_g03_c04.avi
1.737609467818488,11.985095866549035,223.98660674245681,0.8135174418604652,223.29302325581395,198.75131755637446,0.3563953488372093,120,118,BlowDryHair/v_BlowDryHair_g03_c05.avi
0.32013874725691255,1.1274471968912916,14.035668847618199,0.9255813953488372,1259.7581395348836,1562.277507765812,0.2372093023255814,345,341,BlowDryHair/v_BlowDryHair_g04_c01.avi
0.45789189458661095,1.4725846102630273,10.612492638395562,0.8575581395348837,1040.1860465116279,1295.96093925873,0.2505813953488372,207,204,BlowDryHair/v_BlowDryHair_g04_c02.avi
0.2768675258206477,0.8458253900436333,16.262014789072108,0.8992732558139535,959.0325581395349,1183.9392637864987,0.2127906976744186,172,169,BlowDryHair/v_BlowDryHair_g04_c03.avi
0.46322476953461134,2.6937648269618517,91.0,0.9088662790697675,859.4604651162791,1211.3353335461895,0.2779069767441861,173,170,BlowDryHair/v_BlowDryHair_g04_c04.avi
0.24926165765130848,0.9621449546797092,15.811388300841896,0.9136627906976744,1359.7767441860465,1516.6749268969181,0.20232558139534884,119,117,BlowDryHair/v_BlowDryHair_g04_c05.avi
0.6905992279182921,1.3495088318394262,25.537044171164368,0.8093023255813954,295.9627906976744,312.8784272578965,0.3732558139534884,139,137,BlowDryHair/v_BlowDryHair_g05_c01.avi
0.9384772460650815,2.204519940797523,17.240939649566666,0.8146802325581395,341.95348837209303,345.9870916726668,0.3313953488372093,152,150,BlowDryHair/v_BlowDryHair_g05_c02.avi
0.5869567994819151,1.551223633329536,19.75039556565893,0.8383720930232558,369.30232558139534,352.75787432964336,0.27267441860465114,189,186,BlowDryHair/v_BlowDryHair_g05_c03.avi
3.9526497396674998,9.814276880810421,129.58250267686606,0.4613372093023256,313.3767441860465,282.0747755366489,0.21046511627906977,88,86,BlowDryHair/v_BlowDryHair_g05_c04.avi
1.6045709825694832,3.806713219280338,38.600518131237564,0.7174418604651163,384.48372093023255,369.1674964466215,0.2936046511627907,96,94,BlowDryHair/v_BlowDryHair_g05_c05.avi
2.4990701551180443,4.866890468554716,69.93948276903397,0.5491279069767442,258.2325581395349,227.7318738820458,0.27209302325581397,195,192,BlowDryHair/v_BlowDryHair_g06_c01.avi
2.440724491743721,11.995495598173898,207.06762180505189,0.7917151162790698,250.08372093023254,259.88815566686014,0.39127906976744187,204,201,BlowDryHair/v_BlowDryHair_g06_c02.avi
2.7138425736710285,5.299283309842564,55.31726674375732,0.6010174418604651,224.1860465116279,179.16800687907732,0.3122093023255814,98,96,BlowDryHair/v_BlowDryHair_g06_c03.avi
0.8148951733630037,2.400286459928182,29.5296461204668,0.8377906976744186,417.4139534883721,696.8690182828545,0.3174418604651163,173,170,BlowDryHair/v_BlowDryHair_g06_c04.avi
1.1566061612658467,8.682653288532002,383.00522189651673,0.6944767441860465,741.1348837209302,1271.5019558250183,0.2872093023255814,224,221,BlowDryHair/v_BlowDryHair_g06_c05.avi
0.5024768155870876,1.625768984088158,95.00526301210897,0.8223837209302326,310.92093023255813,456.5962933963883,0.32325581395348835,191,188,BlowDryHair/v_BlowDryHair_g06_c06.avi
1.8305749743357667,6.19454753286163,167.8663903227802,0.6452034883720931,182.32558139534885,185.57111354626701,0.5232558139534884,167,164,BlowDryHair/v_BlowDryHair_g06_c07.avi
0.893300258445337,2.1164983028907445,53.9351462406472,0.7869186046511628,399.7767441860465,383.0918845620547,0.30930232558139537,69,67,BlowDryHair/v_BlowDryHair_g07_c01.avi
1.368799060645298,2.8600465290431316,34.3861345603137,0.6739825581395349,416.1860465116279,369.4289279801407,0.21220930232558138,74,72,BlowDryHair/v_BlowDryHair_g07_c02.avi
1.9583134745080817,7.976480585375609,216.08331726442927,0.586046511627907,419.5348837209302,371.7255394644048,0.21337209302325583,79,77,BlowDryHair/v_BlowDryHair_g07_c03.avi
1.3208001772831137,3.112936376428967,102.0003063720889,0.6613372093023255,387.72093023255815,390.37860725683447,0.37209302325581395,79,77,BlowDryHair/v_BlowDryHair_g07_c04.avi
2.328083330562666,6.337233330084889,80.87538639784047,0.6149709302325581,396.6511627906977,385.0305263476886,0.32558139534883723,81,79,BlowDryHair/v_BlowDryHair_g07_c05.avi
1.838561425068838,5.82643166047994,246.95976392926843,0.6254360465116279,402.0093023255814,376.5978175620997,0.27674418604651163,87,85,BlowDryHair/v_BlowDryHair_g07_c06.avi
4.359653892547802,17.065235505792238,271.0073799733136,0.776453488372093,353.89767441860465,405.60167049812645,0.5366279069767442,86,84,BlowDryHair/v_BlowDryHair_g07_c07.avi
2.4479209793082415,6.687968788806581,184.04347312523745,0.6302325581395349,406.25116279069766,493.8795561541497,0.22441860465116278,61,59,BlowingCandles/v_BlowingCandles_g01_c01.avi
1.0691758765092072,2.68062723664892,58.0,0.678343023255814,308.9116279069767,300.57654151089747,0.28488372093023256,76,74,BlowingCandles/v_BlowingCandles_g01_c02.avi
1.4625920630181604,8.574125217181038,241.00324167944297,0.7957848837209303,259.2372093023256,427.5870367121822,0.38313953488372093,126,124,BlowingCandles/v_BlowingCandles_g01_c03.avi
0.8862736441450898,3.588772468714002,63.7122437212817,0.782703488372093,386.71627906976744,668.1901334097614,0.18430232558139534,69,67,BlowingCandles/v_BlowingCandles_g01_c04.avi
4.016322999200461,13.880008715245085,293.9442974442607,0.695203488372093,663.4418604651163,1133.0947394107254,0.21511627906976744,77,75,BlowingCandles/v_BlowingCandles_g02_c01.avi
1.1110251391550094,3.2701880191914445,19.76186352548767,0.8754360465116279,1634.6046511627908,1606.4814960613983,0.1127906976744186,117,115,BlowingCandles/v_BlowingCandles_g02_c02.avi
1.4748354168196613,2.3297871741265572,23.59157688667716,0.6515988372093023,284.8,297.2757423281358,0.363953488372093,122,120,BlowingCandles/v_BlowingCandles_g02_c03.avi
1.317265920679774,2.8645369187271004,22.677080940897135,0.6559593023255814,330.45581395348836,336.2181969414654,0.33313953488372094,77,75,BlowingCandles/v_BlowingCandles_g02_c04.avi
0.6680023800780908,5.295286804029138,198.4968513604183,0.8969476744186047,690.9023255813953,1091.618565610392,0.3209302325581395,77,75,BlowingCandles/v_BlowingCandles_g03_c01.avi
2.3758773788793515,5.969520376280316,182.4719156473127,0.5771802325581395,722.939534883721,1228.9119827962654,0.2866279069767442,54,52,BlowingCandles/v_BlowingCandles_g03_c02.avi
0.6483485672349992,1.9555771848527608,18.466608378367695,0.8613372093023256,1454.213953488372,1641.4828267462851,0.15,188,185,BlowingCandles/v_BlowingCandles_g03_c03.avi
2.881332284991231,6.695326260923466,116.84177335182824,0.5125,462.4,850.9189604241418,0.3226744186046512,54,52,BlowingCandles/v_BlowingCandles_g03_c04.avi
1.60238706937558,4.598139724763097,308.7588055424493,0.7114825581395349,213.91627906976746,176.55254824876198,0.3540697674418605,146,144,BlowingCandles/v_BlowingCandles_g04_c01.avi
3.4719130867071524,6.651378562262566,40.049968789001575,0.4729651162790698,257.89767441860465,197.65614667946215,0.20406976744186048,94,92,BlowingCandles/v_BlowingCandles_g04_c02.avi
1.4090152904653048,1.74869533049911,28.0178514522438,0.4890988372093023,224.85581395348837,175.29630105587614,0.30174418604651165,57,55,BlowingCandles/v_BlowingCandles_g04_c03.avi
2.201274511613157,2.0521333884164674,14.346166735403573,0.31046511627906975,266.8279069767442,247.47559553214808,0.2877906976744186,103,101,BlowingCandles/v_BlowingCandles_g04_c04.avi
1.3077425556558946,2.4145022712185655,25.0,0.66875,229.32093023255814,158.06917614021492,0.2505813953488372,127,125,BlowingCandles/v_BlowingCandles_g04_c05.avi
1.9830219470289372,6.289921589455382,217.51321798916038,0.40218023255813956,251.31162790697675,182.9089253729048,0.20116279069767443,94,92,BlowingCandles/v_BlowingCandles_g05_c01.avi
1.5264630074954888,1.9028396352031751,16.0312195418814,0.4956395348837209,231.66511627906976,171.37832334737834,0.26395348837209304,77,75,BlowingCandles/v_BlowingCandles_g05_c02.avi
2.487490421937614,8.641067432844526,192.61640149530362,0.3742732558139535,283.7953488372093,242.99318581075417,0.20872093023255814,32,30,BlowingCandles/v_BlowingCandles_g05_c03.avi
4.445628244328008,8.989777638799776,196.17418917890294,0.6120639534883721,188.68837209302325,206.6036551707352,0.5366279069767442,83,81,BlowingCandles/v_BlowingCandles_g05_c04.avi
1.5639732093569747,2.610290627665579,53.600373133029585,0.5511627906976744,282.90232558139536,213.42248686951527,0.13895348837209304,98,96,BlowingCandles/v_BlowingCandles_g05_c05.avi
3.546898954409765,6.456716576418333,209.76653689280377,0.4325581395348837,197.84186046511627,225.05357112387364,0.5354651162790698,86,84,BlowingCandles/v_BlowingCandles_g06_c01.avi
1.0106684712584524,2.3335688761593656,36.776351096866584,0.7126453488372093,182.88372093023256,165.9909228818791,0.4831395348837209,143,141,BlowingCandles/v_BlowingCandles_g06_c02.avi
1.1690850709044835,1.9246504464900387,49.678969393496885,0.7703488372093024,272.8558139534884,184.9347657485661,0.11686046511627907,151,149,BlowingCandles/v_BlowingCandles_g06_c03.avi
1.159358327613058,2.6182567224320334,82.3286098510111,0.7005813953488372,317.50697674418603,251.5539032302914,0.10755813953488372,116,114,BlowingCandles/v_BlowingCandles_g06_c04.avi
1.7577519875810912,7.040185503882631,248.67649667791284,0.6074127906976744,272.1860465116279,189.9110263908735,0.1296511627906977,151,149,BlowingCandles/v_BlowingCandles_g06_c05.avi
1.5916620696695056,4.323830627204151,82.41965784932621,0.4367732558139535,303.7767441860465,246.08462605391944,0.14186046511627906,137,135,BlowingCandles/v_BlowingCandles_g06_c06.avi
1.2982767892642146,2.94300907487473,53.53503525729669,0.46555232558139537,261.13488372093025,224.55706363781485,0.25232558139534883,135,133,BlowingCandles/v_BlowingCandles_g06_c07.avi
6.220459116716585,12.290475517649101,182.0988742414406,0.47848837209302325,350.66046511627906,459.559173070533,0.20465116279069767,51,49,BlowingCandles/v_BlowingCandles_g07_c01.avi
2.198464311862975,7.820109871666124,309.438200615244,0.7944767441860465,1395.832558139535,1803.6767951231034,0.30290697674418604,56,54,BlowingCandles/v_BlowingCandles_g07_c02.avi
6.230280372833265,15.195041209276644,262.788531903506,0.5399709302325582,185.0046511627907,175.72884761854962,0.4906976744186046,126,124,BlowingCandles/v_BlowingCandles_g07_c03.avi
1.960046365004201,11.155660615104267,225.01999911119012,0.6465116279069767,549.5813953488372,1082.6428093684099,0.2453488372093023,76,74,BlowingCandles/v_BlowingCandles_g07_c04.avi
0.33023622812540576,1.1524849101947185,18.31367317061217,0.9071220930232559,467.2,384.1897205748076,0.16279069767441862,268,265,BodyWeightSquats/v_BodyWeightSquats_g01_c01.avi
0.37695945167189615,1.696424921099942,80.62257748298549,0.9104651162790698,414.1767441860465,346.9252937725457,0.1296511627906977,253,250,BodyWeightSquats/v_BodyWeightSquats_g01_c02.avi
0.6323292669756779,3.0728262068092804,92.61209424259879,0.879796511627907,420.09302325581393,369.59964600012546,0.20348837209302326,251,248,BodyWeightSquats/v_BodyWeightSquats_g01_c03.avi
0.6546883887130553,3.7283883707756984,97.12363255150623,0.8975290697674418,475.90697674418607,509.53584961644094,0.15930232558139534,175,172,BodyWeightSquats/v_BodyWeightSquats_g01_c04.avi
1.4615354425255767,3.727594060833832,104.9952379872535,0.6646802325581396,196.05581395348838,183.3986042683894,0.4517441860465116,103,101,BodyWeightSquats/v_BodyWeightSquats_g02_c01.avi
0.9603877184424318,4.132720828668059,160.31219541881399,0.6890988372093023,226.97674418604652,195.3584050813051,0.3325581395348837,58,56,BodyWeightSquats/v_BodyWeightSquats_g02_c02.avi
0.9471971658443467,4.071678086711563,161.27616066858735,0.7273255813953489,255.7767441860465,417.73656594669154,0.35232558139534886,118,116,BodyWeightSquats/v_BodyWeightSquats_g02_c03.avi
1.1274225100534903,2.40472778546695,61.0,0.6234011627906977,233.22790697674418,404.1186783581586,0.3883720930232558,122,120,BodyWeightSquats/v_BodyWeightSquats_g02_c04.avi
0.38498320786912504,1.4340606456746352,17.64449276686638,0.9199127906976744,360.706976744186,673.9182634157338,0.30116279069767443,133,131,BodyWeightSquats/v_BodyWeightSquats_g03_c01.avi
0.6341514320419271,3.277549884834155,89.80534505250787,0.9061046511627907,268.83720930232556,423.2240008488857,0.32383720930232557,53,51,BodyWeightSquats/v_BodyWeightSquats_g03_c02.avi
0.45835474304409074,2.311179001077842,118.4056190600767,0.9292151162790697,263.8139534883721,432.48719598274937,0.3872093023255814,49,47,BodyWeightSquats/v_BodyWeightSquats_g03_c03.avi
0.4821592880992316,1.580803026761109,17.46424919657298,0.8906976744186047,243.49767441860465,432.92197991354755,0.4744186046511628,102,100,BodyWeightSquats/v_BodyWeightSquats_g03_c04.avi
0.569970236433005,2.718322679208897,55.036351623268054,0.909156976744186,227.75813953488372,212.94763438903823,0.3680232558139535,76,74,BodyWeightSquats/v_BodyWeightSquats_g03_c05.avi
6.3374368827084675,12.065414161348404,144.25,0.40915697674418605,379.90697674418607,466.4964823992351,0.15232558139534882,131,129,BodyWeightSquats/v_BodyWeightSquats_g04_c01.avi
1.464135070790103,2.506612691730201,29.068883707497267,0.6232558139534884,276.42790697674417,268.25444908474265,0.3075581395348837,60,58,BodyWeightSquats/v_BodyWeightSquats_g04_c02.avi
0.9352377576647324,1.44520217117283,17.001838135919304,0.7329941860465117,313.3767441860465,306.82294328966753,0.2895348837209302,89,87,BodyWeightSquats/v_BodyWeightSquats_g04_c03.avi
1.389984511153595,2.827169305482706,59.25,0.7040697674418605,310.80930232558137,296.03079020716075,0.2633720930232558,64,62,BodyWeightSquats/v_BodyWeightSquats_g04_c04.avi
2.1393934288274505,4.1938402440820015,39.50316443020736,0.5502906976744186,216.48372093023255,201.85721056212515,0.3941860465116279,73,71,BodyWeightSquats/v_BodyWeightSquats_g05_c01.avi
1.8007003574912532,1.9143727121334302,12.91559135308949,0.4747093023255814,258.90232558139536,218.79650680470314,0.24767441860465117,137,135,BodyWeightSquats/v_BodyWeightSquats_g05_c02.avi
3.368103174785968,4.481780259690098,114.56984769126649,0.21540697674418605,298.30697674418604,255.14923803973093,0.1866279069767442,56,54,BodyWeightSquats/v_BodyWeightSquats_g05_c03.avi
8.006470171284693,12.54177507324614,121.19818480488888,0.21308139534883722,254.10232558139535,207.908317773106,0.2424418604651163,261,258,BodyWeightSquats/v_BodyWeightSquats_g05_c04.avi
0.374156410615657,1.5885604874400194,20.530845696171408,0.9234011627906977,300.2046511627907,275.1682022204789,0.2372093023255814,180,177,BodyWeightSquats/v_BodyWeightSquats_g06_c01.avi
0.4397018265849633,2.5476899134839024,50.75985126061738,0.9186046511627907,308.353488372093,570.4498312119058,0.3715116279069767,123,121,BodyWeightSquats/v_BodyWeightSquats_g06_c02.avi
0.3887058085432968,1.8728458313666643,40.11234224026316,0.9251453488372093,558.9581395348837,970.2547414797727,0.1755813953488372,153,151,BodyWeightSquats/v_BodyWeightSquats_g06_c03.avi
0.3101376147139144,1.1833212037637004,16.492422502470642,0.9305232558139535,565.0976744186047,971.6858831824136,0.18546511627906978,96,94,BodyWeightSquats/v_BodyWeightSquats_g06_c04.avi
0.4280681619801623,2.1204919306753776,45.880278987817846,0.9190406976744186,202.97674418604652,148.13216731706467,0.35523255813953486,178,175,BodyWeightSquats/v_BodyWeightSquats_g06_c05.avi
0.22903780336274018,1.4774840467235617,29.356643200475084,0.9627906976744186,248.1860465116279,245.2843869939026,0.35930232558139535,124,122,BodyWeightSquats/v_BodyWeightSquats_g07_c01.avi
0.25850668791758813,2.7710754678819605,111.0,0.9406976744186046,256.11162790697676,256.88681174952967,0.35755813953488375,104,102,BodyWeightSquats/v_BodyWeightSquats_g07_c02.avi
0.22786106310859516,1.3256567293124364,28.638370239942077,0.9468023255813953,163.90697674418604,167.51533271766823,0.5819767441860465,84,82,BodyWeightSquats/v_BodyWeightSquats_g07_c03.avi
0.2598276844641963,1.4711284006957546,79.92066378603221,0.9441860465116279,216.93023255813952,199.59556728880847,0.3872093023255814,55,53,BodyWeightSquats/v_BodyWeightSquats_g07_c04.avi
2.672165408579927,8.093953309476847,205.47749268472205,0.4265988372093023,343.9627906976744,302.55273384156146,0.17209302325581396,161,159,Bowling/v_Bowling_g01_c01.avi
3.6380688433541235,7.422681162716176,291.7681014093213,0.41758720930232557,257.45116279069765,184.42170125556467,0.17848837209302326,127,125,Bowling/v_Bowling_g01_c02.avi
2.073625825235038,3.509101485199585,45.75,0.6034883720930233,655.7395348837209,1130.4348153223198,0.1808139534883721,132,130,Bowling/v_Bowling_g01_c03.avi
1.6556328977484744,5.290398604035336,237.01898658124415,0.614389534883721,610.1953488372093,1032.017423224449,0.22034883720930232,157,155,Bowling/v_Bowling_g01_c04.avi
2.9938756707290195,5.1233300936025366,231.00216449202375,0.49723837209302324,388.5023255813953,674.6075439592154,0.22616279069767442,187,184,Bowling/v_Bowling_g01_c05.avi
1.4462425553226883,1.8330722599306306,25.458299236201935,0.47267441860465115,302.4372093023256,236.21435773786982,0.12093023255813953,150,148,Bowling/v_Bowling_g01_c06.avi
1.852718576253026,2.5222377988276334,25.059928172283335,0.4478197674418605,325.54418604651164,266.40301110659965,0.12151162790697674,133,131,Bowling/v_Bowling_g01_c07.avi
19.340328315677343,42.25473232930277,340.00588230205665,0.65,259.7953488372093,278.7472890292521,0.40581395348837207,83,81,Bowling/v_Bowling_g02_c01.avi
2.941818875445076,3.5436011791284328,45.39823785126467,0.48125,389.1720930232558,348.2789087656157,0.1994186046511628,149,147,Bowling/v_Bowling_g02_c02.avi
5.512298370688629,10.802990487079395,80.02499609497022,0.475,358.47441860465113,313.0345074172563,0.16162790697674417,120,118,Bowling/v_Bowling_g02_c03.avi
2.933959994482423,6.105868066419934,38.01315561749642,0.5566860465116279,545.5627906976745,781.4709651120395,0.18023255813953487,118,116,Bowling/v_Bowling_g02_c04.avi
1.6228785456935866,1.7991008738047858,15.831140198987564,0.37383720930232556,267.6093023255814,409.1235736524087,0.2651162790697674,161,159,Bowling/v_Bowling_g03_c01.avi
2.7089232987910856,6.237342554131123,177.0706073858674,0.45377906976744187,267.9441860465116,187.84396456723726,0.14244186046511628,141,139,Bowling/v_Bowling_g03_c02.avi
3.4371098235226984,5.44172372442965,206.0728026693479,0.39811046511627907,259.12558139534883,168.93311748381817,0.14186046511627906,140,138,Bowling/v_Bowling_g03_c03.avi
5.6554119634757,21.390789647601604,312.78059902270155,0.5854651162790697,252.2046511627907,200.37517131793618,0.23372093023255813,141,139,Bowling/v_Bowling_g03_c04.avi
3.0047692538458874,3.9107956102652985,18.826925532332677,0.35421511627906976,247.1813953488372,175.39579064161484,0.20406976744186048,147,145,Bowling/v_Bowling_g03_c05.avi
3.9276121773874673,14.014250411661438,255.5,0.5758720930232558,275.0883720930233,240.2008202542995,0.23546511627906977,143,141,Bowling/v_Bowling_g03_c06.avi
2.6999975220340517,9.56312959765286,338.0,0.515406976744186,316.1674418604651,555.7769419223199,0.25406976744186044,111,109,Bowling/v_Bowling_g03_c07.avi
1.1656006843331743,2.046814951006708,22.825424421026653,0.7045058139534883,278.4372093023256,273.7110588407909,0.31569767441860463,124,122,Bowling/v_Bowling_g04_c01.avi
0.529986565717402,1.0373600947484514,14.089002803605371,0.8245639534883721,312.706976744186,305.0563389790893,0.28604651162790695,141,139,Bowling/v_Bowling_g04_c02.avi
2.3351438183364213,3.6854295977631866,21.02379604162864,0.4770348837209302,334.92093023255813,289.9428464595879,0.16104651162790698,139,137,Bowling/v_Bowling_g04_c03.avi
2.219207697305301,3.202765898702168,36.91967632577512,0.3691860465116279,335.70232558139537,294.60725885717045,0.17325581395348838,52,50,Bowling/v_Bowling_g04_c04.avi
0.10484450153707434,0.4825296333565534,8.94427190999916,0.9684593023255814,383.8139534883721,485.3898579738814,0.23895348837209301,117,115,Bowling/v_Bowling_g05_c01.avi
0.22172783709597713,1.0956476943713058,20.526278888293415,0.9565406976744186,354.5674418604651,489.14873741231366,0.3447674418604651,130,128,Bowling/v_Bowling_g05_c02.avi
0.13281573739629773,0.8520915539054984,18.756665481902694,0.9729651162790698,320.8558139534884,333.9282928890263,0.35755813953488375,152,150,Bowling/v_Bowling_g05_c03.avi
0.2198700703241506,1.846222153510162,80.36246014153623,0.9675872093023256,256.11162790697676,284.59378901956507,0.438953488372093,123,121,Bowling/v_Bowling_g05_c04.avi
0.24037935936957347,2.551917903739515,53.0,0.9680232558139535,322.1953488372093,315.4390354642966,0.2877906976744186,120,118,Bowling/v_Bowling_g05_c05.avi
0.09681357045995816,0.47917889770421573,9.0,0.9709302325581395,323.42325581395346,328.7911649616539,0.3302325581395349,152,150,Bowling/v_Bowling_g05_c06.avi
0.3910137376460472,2.0273451440936756,19.83053201505194,0.9366279069767441,325.8790697674419,324.2709809662423,0.3058139534883721,114,112,Bowling/v_Bowling_g05_c07.avi
2.3865364811894794,3.4549000082876047,17.46424919657298,0.45828488372093024,262.69767441860466,401.9410771860416,0.2534883720930233,140,138,Bowling/v_Bowling_g06_c01.avi
2.735483835170002,2.1500399724232584,27.51363298439521,0.1930232558139535,244.72558139534883,199.3962842753132,0.2633720930232558,134,132,Bowling/v_Bowling_g06_c02.avi
7.187831843275592,7.510931428624341,195.4405280385826,0.19127906976744186,238.47441860465116,188.77302242840474,0.2680232558139535,72,70,Bowling/v_Bowling_g06_c03.avi
1.4226739483230626,1.3727293684062276,14.625,0.404796511627907,249.74883720930234,188.29030575904318,0.2186046511627907,74,72,Bowling/v_Bowling_g06_c04.avi
2.5799001824673664,4.6108169892062,32.01562118716424,0.4486918604651163,206.77209302325582,160.90066027525992,0.35872093023255813,132,130,Bowling/v_Bowling_g06_c05.avi
9.9860119353272,17.004101223902875,242.3040445390873,0.21046511627906977,231.33023255813953,138.31409407893378,0.20988372093023255,67,65,Bowling/v_Bowling_g06_c06.avi
3.009286622335082,4.249661599720043,26.1725046566048,0.43430232558139537,294.4,413.2281176412156,0.17906976744186046,141,139,Bowling/v_Bowling_g06_c07.avi
1.7284688407484305,3.1152489479953602,25.622255950637914,0.7308139534883721,305.6744186046512,273.8816346721855,0.21337209302325583,146,144,Bowling/v_Bowling_g07_c01.avi
3.3170083815074998,9.706500562111488,318.50245289479324,0.6933139534883721,311.92558139534884,450.1149352409755,0.2877906976744186,102,100,Bowling/v_Bowling_g07_c02.avi
1.0722467316117532,1.9379737021163173,35.88958762649691,0.6484011627906977,361.48837209302326,460.5347938825249,0.17616279069767443,152,150,Bowling/v_Bowling_g07_c03.avi
1.61126927677836,2.3687236335234347,58.26341047346954,0.48502906976744187,302.9953488372093,258.4237640752719,0.17848837209302326,127,125,Bowling/v_Bowling_g07_c04.avi
2.7033811571813477,4.873101172682579,31.544611267219636,0.4838662790697674,364.27906976744185,576.427099631716,0.22441860465116278,143,141,Bowling/v_Bowling_g07_c05.avi
5.406035057948354,9.23521678104694,110.22250223978767,0.49098837209302326,255.10697674418606,226.23030598634188,0.2813953488372093,123,121,Bowling/v_Bowling_g07_c06.avi
1.910371027565407,7.858955986956321,176.25,0.708139534883721,412.3906976744186,676.2576610283342,0.17616279069767443,132,130,Bowling/v_Bowling_g07_c07.avi
0.35978227700678866,1.3943460406332844,22.682936868932998,0.9159883720930233,203.4232558139535,167.049922683219,0.38546511627906976,130,128,BoxingPunchingBag/v_BoxingPunchingBag_g01_c01.avi
0.2828790276057897,1.250718683252214,37.75331111306662,0.9271802325581395,215.03255813953487,134.86901090598332,0.27848837209302324,160,158,BoxingPunchingBag/v_BoxingPunchingBag_g01_c02.avi
0.3013254639358452,1.2074792370688834,24.515301344262525,0.922093023255814,190.25116279069766,148.3836391220846,0.41686046511627906,149,147,BoxingPunchingBag/v_BoxingPunchingBag_g01_c03.avi
0.3503005871324376,1.4706252810980334,30.277105624547403,0.9175872093023256,540.8744186046512,1027.5217320381641,0.2186046511627907,170,167,BoxingPunchingBag/v_BoxingPunchingBag_g01_c04.avi
0.21244346324488145,0.8931266867350015,16.0,0.9406976744186046,770.8279069767442,1354.0203574996672,0.30930232558139537,170,167,BoxingPunchingBag/v_BoxingPunchingBag_g01_c05.avi
0.5843607671029282,8.161001637670632,327.566787083184,0.9321220930232558,177.07906976744187,181.46286257016314,0.5412790697674419,165,162,BoxingPunchingBag/v_BoxingPunchingBag_g01_c06.avi
0.22120543691774078,0.9477699712937582,17.62898891031474,0.94375,223.96279069767442,170.67286404828556,0.29709302325581394,154,152,BoxingPunchingBag/v_BoxingPunchingBag_g01_c07.avi
0.6901210684200381,2.3772599957769915,48.255828663488934,0.8377906976744186,335.1441860465116,472.99997802366124,0.3226744186046512,132,130,BoxingPunchingBag/v_BoxingPunchingBag_g02_c01.avi
1.200217043111192,3.465555049361093,26.98379143115363,0.7755813953488372,298.6418604651163,306.15031589420266,0.34069767441860466,282,279,BoxingPunchingBag/v_BoxingPunchingBag_g02_c02.avi
0.6165175511082496,2.027263562480887,29.842293812641145,0.870203488372093,326.8837209302326,471.4528366410073,0.34244186046511627,230,227,BoxingPunchingBag/v_BoxingPunchingBag_g02_c03.avi
1.1780861961730869,5.255986723295828,70.69520846563789,0.8623546511627908,260.8,283.72359952995197,0.41686046511627906,224,221,BoxingPunchingBag/v_BoxingPunchingBag_g02_c04.avi
1.1949524838337282,3.72310548245314,72.89686635926128,0.7145348837209302,282.0093023255814,261.69902810063235,0.2668604651162791,170,167,BoxingPunchingBag/v_BoxingPunchingBag_g02_c05.avi
0.6312618107878147,2.304499454919321,44.16481914374834,0.8690406976744186,286.0279069767442,304.59815565840677,0.38313953488372093,180,177,BoxingPunchingBag/v_BoxingPunchingBag_g02_c06.avi
0.8489479370184785,3.219975293166729,96.54176557324814,0.8661337209302326,231.2186046511628,261.61342620390496,0.47790697674418603,286,283,BoxingPunchingBag/v_BoxingPunchingBag_g02_c07.avi
0.40883701636125974,1.8035814069335887,53.600373133029585,0.8828488372093023,350.3255813953488,665.7495765285307,0.2738372093023256,177,174,BoxingPunchingBag/v_BoxingPunchingBag_g03_c01.avi
0.4758207080758769,1.4365748396951832,41.82179455738359,0.8651162790697674,286.13953488372096,416.33917196369066,0.22441860465116278,153,151,BoxingPunchingBag/v_BoxingPunchingBag_g03_c02.avi
0.44933822219917346,1.6979872110966059,44.181444068749045,0.8587209302325581,248.52093023255813,403.17847427667175,0.31802325581395346,186,183,BoxingPunchingBag/v_BoxingPunchingBag_g03_c03.avi
0.5794419783877537,2.5362466994984874,118.96217886370441,0.8773255813953489,312.0372093023256,447.2109314631285,0.27325581395348836,274,271,BoxingPunchingBag/v_BoxingPunchingBag_g03_c04.avi
0.5354551024677596,1.915069605560697,30.925818501698544,0.8911337209302326,355.3488372093023,674.538356649695,0.32209302325581396,171,168,BoxingPunchingBag/v_BoxingPunchingBag_g03_c05.avi
0.47163064185338177,1.568694998995748,23.64747608096898,0.8909883720930233,213.35813953488372,171.80242063508172,0.34767441860465115,141,139,BoxingPunchingBag/v_BoxingPunchingBag_g03_c06.avi
0.4252485834275351,1.2330418866293267,26.575364531836623,0.8616279069767442,332.9116279069767,565.7696027122382,0.2575581395348837,228,225,BoxingPunchingBag/v_BoxingPunchingBag_g03_c07.avi
4.744139045672178,6.65652200848804,76.69419795525604,0.5145348837209303,172.50232558139535,186.49064754699805,0.5744186046511628,246,243,BoxingPunchingBag/v_BoxingPunchingBag_g04_c01.avi
1.6445834536020074,2.32582897878522,28.77308855510649,0.5690406976744186,223.73953488372092,143.4737382006618,0.2517441860465116,272,269,BoxingPunchingBag/v_BoxingPunchingBag_g04_c02.avi
1.5989172376327927,2.0983045102264746,22.659504076656223,0.501453488372093,212.68837209302325,129.33508167996754,0.2813953488372093,213,210,BoxingPunchingBag/v_BoxingPunchingBag_g04_c03.avi
2.7529917110567443,5.314346219215499,203.16634194669155,0.6196220930232558,188.13023255813954,165.18275085194483,0.4558139534883721,207,204,BoxingPunchingBag/v_BoxingPunchingBag_g04_c04.avi
2.9715099412631716,5.009782639190972,197.3068675946177,0.44200581395348837,201.9720930232558,119.63595618332444,0.3186046511627907,259,256,BoxingPunchingBag/v_BoxingPunchingBag_g04_c05.avi
1.6426842418516863,3.478520259843533,34.23448553724738,0.6699127906976744,179.646511627907,138.26656315910677,0.45348837209302323,206,203,BoxingPunchingBag/v_BoxingPunchingBag_g04_c06.avi
1.3163014681997358,2.312628034963708,27.506817336798527,0.6284883720930232,178.41860465116278,138.43548284193943,0.45988372093023255,227,224,BoxingPunchingBag/v_BoxingPunchingBag_g04_c07.avi
0.9503879108932379,2.3272327892705307,36.069377593742864,0.786046511627907,368.74418604651163,354.90477550393746,0.28255813953488373,297,294,BoxingPunchingBag/v_BoxingPunchingBag_g05_c01.avi
0.9808920291307809,4.273808854455949,131.67158482375763,0.8440406976744186,362.26976744186044,496.916690193607,0.3627906976744186,220,217,BoxingPunchingBag/v_BoxingPunchingBag_g05_c02.avi
0.7465251758578126,2.5314997432999875,71.19691004531025,0.8252906976744186,406.80930232558137,625.3781411660872,0.42616279069767443,233,230,BoxingPunchingBag/v_BoxingPunchingBag_g05_c03.avi
1.2253482000699991,3.9881945935907943,42.01190307520001,0.795639534883721,285.3581395348837,309.7562989824894,0.4029069767441861,239,236,BoxingPunchingBag/v_BoxingPunchingBag_g05_c04.avi
2.5426477650275894,18.673391268131734,240.0,0.923110465116279,245.50697674418603,286.4652236658574,0.48953488372093024,247,244,BoxingPunchingBag/v_BoxingPunchingBag_g05_c05.avi
0.9735508221173602,4.5270251891799465,101.17806086301516,0.9244186046511628,261.24651162790695,297.5789591124277,0.45872093023255817,247,244,BoxingPunchingBag/v_BoxingPunchingBag_g05_c06.avi
1.1090803709060064,3.2543663726464005,128.41339493993607,0.7808139534883721,314.8279069767442,343.0707339945018,0.4122093023255814,201,198,BoxingPunchingBag/v_BoxingPunchingBag_g05_c07.avi
1.5970257262969763,6.588898614791331,132.54433220624713,0.7379360465116279,254.77209302325582,252.3383095707321,0.3505813953488372,133,131,BoxingPunchingBag/v_BoxingPunchingBag_g06_c01.avi
7.801266320863422,16.644182093753717,168.1071087134628,0.3614825581395349,241.8232558139535,173.0740570582691,0.22267441860465118,129,127,BoxingPunchingBag/v_BoxingPunchingBag_g06_c02.avi
1.2993056555551992,4.21380952519274,137.01459776242822,0.5979651162790698,226.1953488372093,212.43207171857492,0.37383720930232556,132,130,BoxingPunchingBag/v_BoxingPunchingBag_g06_c03.avi
4.585215330915929,15.492939626685127,191.0,0.4543604651162791,261.9162790697674,230.7981146694918,0.26453488372093026,128,126,BoxingPunchingBag/v_BoxingPunchingBag_g06_c04.avi
4.570380468555922,20.8085372062717,333.0,0.5892441860465116,304.11162790697676,283.1592971089072,0.24709302325581395,66,64,BoxingPunchingBag/v_BoxingPunchingBag_g06_c05.avi
3.4915987014143797,12.554881405335195,228.0,0.6369186046511628,279.4418604651163,238.06597701160942,0.2127906976744186,136,134,BoxingPunchingBag/v_BoxingPunchingBag_g06_c06.avi
8.245365147337754,28.00883244382274,314.0,0.8177325581395349,167.47906976744187,228.09028868955272,0.6936046511627907,162,160,BoxingPunchingBag/v_BoxingPunchingBag_g06_c07.avi
0.39971501489929095,1.4986618546351536,23.0,0.9215116279069767,560.5209302325582,1086.7597703260526,0.2837209302325581,253,250,BoxingPunchingBag/v_BoxingPunchingBag_g07_c01.avi
0.5781324136168625,2.0233206847370595,28.905557424135587,0.8982558139534884,234.45581395348836,399.6265194207431,0.3633720930232558,276,273,BoxingPunchingBag/v_BoxingPunchingBag_g07_c02.avi
0.6682978987191646,2.451482501299574,33.0,0.9011627906976745,186.45581395348836,149.10709948678075,0.4366279069767442,288,285,BoxingPunchingBag/v_BoxingPunchingBag_g07_c03.avi
0.4178958272788536,2.8163047062032294,115.00434774390054,0.9209302325581395,204.65116279069767,171.79096054960198,0.3883720930232558,286,283,BoxingPunchingBag/v_BoxingPunchingBag_g07_c04.avi
0.29856374896480187,1.2695990200908753,18.973665961010276,0.9303779069767442,555.1627906976744,1033.580386501047,0.27209302325581397,312,309,BoxingPunchingBag/v_BoxingPunchingBag_g07_c05.avi
0.1895168254708856,0.9238814521050146,38.0,0.942296511627907,398.10232558139535,758.2379381993651,0.2552325581395349,280,277,BoxingPunchingBag/v_BoxingPunchingBag_g07_c06.avi
0.4788518437356776,1.6685589298263541,30.01666203960727,0.8936046511627908,277.8790697674419,549.758817545387,0.36046511627906974,254,251,BoxingPunchingBag/v_BoxingPunchingBag_g07_c07.avi
1.2545233092626515,5.572232253231961,89.37561188601732,0.8107558139534884,470.54883720930235,694.8967306151168,0.18953488372093022,133,131,BoxingSpeedBag/v_BoxingSpeedBag_g01_c01.avi
3.4173921988719487,7.22889657133307,61.91122676865643,0.6744186046511628,406.3627906976744,767.41528038537,0.30988372093023253,126,124,BoxingSpeedBag/v_BoxingSpeedBag_g01_c02.avi
3.3080928592812273,14.630604919292663,232.62201099638014,0.6321220930232558,461.28372093023256,770.7128856199131,0.21453488372093024,101,99,BoxingSpeedBag/v_BoxingSpeedBag_g01_c03.avi
1.8694843585113758,4.8067765610333835,70.25667228100119,0.7398255813953488,568.5581395348837,977.2792155901228,0.24186046511627907,73,71,BoxingSpeedBag/v_BoxingSpeedBag_g01_c04.avi
0.9285340411428908,1.757388691806686,53.33854141237835,0.7267441860465116,269.6186046511628,246.25217482766593,0.27325581395348836,173,170,BoxingSpeedBag/v_BoxingSpeedBag_g02_c01.avi
0.45006552515591003,0.9790017284244169,45.27692569068709,0.8584302325581395,240.59534883720931,222.35864383916942,0.33372093023255817,201,198,BoxingSpeedBag/v_BoxingSpeedBag_g02_c02.avi
1.198802142563421,2.2438260262801335,58.214313102535186,0.5302325581395348,231.2186046511628,157.223300326303,0.24069767441860465,180,177,BoxingSpeedBag/v_BoxingSpeedBag_g02_c03.avi
0.8736802759400857,1.4308809946260708,25.495097567963924,0.7398255813953488,272.8558139534884,229.4185423684777,0.21686046511627907,138,136,BoxingSpeedBag/v_BoxingSpeedBag_g02_c04.avi
4.380183481125719,11.06308489589044,214.44113411377026,0.4449127906976744,186.90232558139536,128.98308792758786,0.40406976744186046,122,120,BoxingSpeedBag/v_BoxingSpeedBag_g03_c01.avi
1.8243158481572301,4.049741408999718,47.265209192385896,0.6527616279069768,251.75813953488372,187.31934457592098,0.20813953488372092,140,138,BoxingSpeedBag/v_BoxingSpeedBag_g03_c02.avi
1.675312927661254,4.3843785912572635,107.01868995647442,0.7111918604651163,222.62325581395348,137.88098143167701,0.24825581395348836,134,132,BoxingSpeedBag/v_BoxingSpeedBag_g03_c03.avi
1.301524212361334,5.419620306850112,178.89941307897016,0.7635174418604651,218.6046511627907,145.64661589804524,0.27848837209302324,149,147,BoxingSpeedBag/v_BoxingSpeedBag_g03_c04.avi
2.0435319318678222,9.324412772674204,263.3476789341421,0.732703488372093,211.5720930232558,148.2827066170083,0.31511627906976747,155,153,BoxingSpeedBag/v_BoxingSpeedBag_g03_c05.avi
0.5333009433936351,1.4270375981511791,41.0,0.8526162790697674,332.68837209302325,321.3641426643196,0.27267441860465114,113,111,BoxingSpeedBag/v_BoxingSpeedBag_g04_c01.avi
0.5439924717717484,1.401912777705945,20.900059808526866,0.85625,353.33953488372094,362.3452177262534,0.3581395348837209,134,132,BoxingSpeedBag/v_BoxingSpeedBag_g04_c02.avi
0.8874387987598803,2.5417320073535725,50.686690807351,0.7943313953488372,336.8186046511628,307.48056414720844,0.2116279069767442,211,208,BoxingSpeedBag/v_BoxingSpeedBag_g04_c03.avi
0.8915529097258802,3.3405396940729144,69.1158447825099,0.7998546511627908,278.7720930232558,302.58172705367065,0.4046511627906977,205,202,BoxingSpeedBag/v_BoxingSpeedBag_g04_c04.avi
0.6520111712855147,1.7058892467564017,50.08991914547278,0.804796511627907,293.0604651162791,306.5265739377521,0.3627906976744186,226,223,BoxingSpeedBag/v_BoxingSpeedBag_g04_c05.avi
0.8545412939294812,2.2495847892906147,25.790017448617593,0.8212209302325582,368.1860465116279,486.60261499665137,0.29011627906976745,254,251,BoxingSpeedBag/v_BoxingSpeedBag_g04_c06.avi
0.9692482929535443,2.345674978372916,67.67569726275453,0.7186046511627907,304.5581395348837,311.07505280922095,0.3354651162790698,301,298,BoxingSpeedBag/v_BoxingSpeedBag_g04_c07.avi
0.7146244495171992,9.019039586806933,185.5989038895435,0.9428779069767442,357.69302325581396,327.5695966493219,0.21453488372093024,137,135,BoxingSpeedBag/v_BoxingSpeedBag_g05_c01.avi
0.35773353666533025,1.3366401991476513,17.88854381999832,0.9222383720930233,237.8046511627907,260.55471947142274,0.4459302325581395,166,163,BoxingSpeedBag/v_BoxingSpeedBag_g05_c02.avi
0.4459049190271033,1.618623339119774,19.768978223469215,0.9075581395348837,339.8325581395349,333.87530029828486,0.2936046511627907,192,189,BoxingSpeedBag/v_BoxingSpeedBag_g05_c03.avi
0.34018572149768056,1.6819733361509699,41.669083263254066,0.9364825581395348,328.33488372093024,321.0061499691396,0.28604651162790695,138,136,BoxingSpeedBag/v_BoxingSpeedBag_g05_c04.avi
0.5118313505019578,2.786911121582933,92.52702307974681,0.9063953488372093,307.90697674418607,314.9880628194772,0.33662790697674416,185,182,BoxingSpeedBag/v_BoxingSpeedBag_g05_c05.avi
3.613239345193867,14.275372329957174,177.0769606696478,0.7252906976744186,213.46976744186045,167.9827171825689,0.34011627906976744,224,221,BoxingSpeedBag/v_BoxingSpeedBag_g06_c01.avi
5.744649101234945,27.500714084270875,370.4375790872195,0.7973837209302326,207.4418604651163,194.49461071335284,0.42034883720930233,246,243,BoxingSpeedBag/v_BoxingSpeedBag_g06_c02.avi
5.170343951487056,18.387204984461825,310.59871619180916,0.7372093023255814,249.86046511627907,213.82426835913304,0.2738372093023256,252,249,BoxingSpeedBag/v_BoxingSpeedBag_g06_c03.avi
2.876178332068496,9.921539952725839,121.04880214194604,0.7611918604651163,222.73488372093024,193.4662026655397,0.34767441860465115,225,222,BoxingSpeedBag/v_BoxingSpeedBag_g06_c04.avi
1.7054401048101204,4.536201648227511,117.64352935882194,0.7117732558139535,230.88372093023256,156.00673946419013,0.24011627906976743,127,125,BoxingSpeedBag/v_BoxingSpeedBag_g06_c05.avi
5.345060725795081,7.559272517979518,64.51792386616296,0.45421511627906974,222.4,210.54570955959537,0.3866279069767442,484,480,BoxingSpeedBag/v_BoxingSpeedBag_g07_c01.avi
1.2075987906842562,2.0340134468981126,18.931207700513983,0.754796511627907,293.95348837209303,461.3947486867814,0.40930232558139534,506,501,BoxingSpeedBag/v_BoxingSpeedBag_g07_c02.avi
1.225233280651039,1.4725913989745865,10.660968530110198,0.6005813953488373,312.1488372093023,305.33509793918495,0.288953488372093,453,449,BoxingSpeedBag/v_BoxingSpeedBag_g07_c03.avi
1.0332504715782869,1.6471354693551064,16.1245154965971,0.7364825581395349,346.86511627906975,479.34697385220403,0.3174418604651163,468,464,BoxingSpeedBag/v_BoxingSpeedBag_g07_c04.avi
0.7792872520827996,1.2377017415859768,11.448935540040393,0.7354651162790697,265.93488372093026,290.090820488969,0.41569767441860467,455,451,BoxingSpeedBag/v_BoxingSpeedBag_g07_c05.avi
0.5407570494199829,0.8360034465422382,11.52443057161611,0.7552325581395349,295.6279069767442,306.1002285508377,0.35174418604651164,439,435,BoxingSpeedBag/v_BoxingSpeedBag_g07_c06.avi
0.6766503036374706,0.9789330327329296,16.0312195418814,0.7813953488372093,274.1953488372093,305.04193989457536,0.4308139534883721,454,450,BoxingSpeedBag/v_BoxingSpeedBag_g07_c07.avi
6.502426598612638,15.582019458831732,263.5,0.4943313953488372,422.7720930232558,369.4442578878672,0.19651162790697674,97,95,BreastStroke/v_BreastStroke_g01_c01.avi
5.726670717906416,22.23273554525299,328.9623838678216,0.6130813953488372,422.54883720930235,370.7608972960393,0.20232558139534884,97,95,BreastStroke/v_BreastStroke_g01_c02.avi
5.081476391108006,29.548578346782982,338.0,0.6306686046511628,428.8,367.42264112232164,0.1744186046511628,97,95,BreastStroke/v_BreastStroke_g01_c03.avi
6.407407925303698,17.16089344290376,302.75,0.5728197674418605,418.6418604651163,369.4582043470268,0.2063953488372093,97,95,BreastStroke/v_BreastStroke_g01_c04.avi
1.5106327272143873,10.986891470519787,337.0779768836878,0.8561046511627907,401.89767441860465,376.6695285200568,0.27732558139534885,228,225,BreastStroke/v_BreastStroke_g02_c01.avi
3.4538887659088537,17.742727848095,337.5,0.7463662790697675,402.34418604651165,367.1584065351817,0.2377906976744186,303,300,BreastStroke/v_BreastStroke_g02_c02.avi
2.3618541919276383,15.211994004738555,325.613267542955,0.8524709302325582,407.25581395348837,384.4892772583692,0.29593023255813955,98,96,BreastStroke/v_BreastStroke_g02_c03.avi
3.124302295101221,16.717870743393366,307.17584540455,0.8761627906976744,435.16279069767444,369.70540945225366,0.1691860465116279,262,259,BreastStroke/v_BreastStroke_g02_c04.avi
4.530147724648664,22.234062772804517,309.5,0.6796511627906977,496.2232558139535,623.7938437169504,0.23255813953488372,177,174,BreastStroke/v_BreastStroke_g03_c01.avi
1.9147905483472027,4.480273018894956,83.35203956712758,0.6520348837209302,768.9302325581396,1124.5988100227555,0.19825581395348837,180,177,BreastStroke/v_BreastStroke_g03_c02.avi
2.7645424616834084,13.64215182886779,319.03918254659567,0.8609011627906977,966.5116279069767,1403.9071123465933,0.3505813953488372,185,182,BreastStroke/v_BreastStroke_g03_c03.avi
2.9078217343799992,8.780682200223906,150.0133327407934,0.5968023255813953,993.8604651162791,1300.45840900556,0.12441860465116279,188,185,BreastStroke/v_BreastStroke_g03_c04.avi
2.686231001377118,13.507988513045817,215.0,0.7614825581395349,401.6744186046512,372.2347172073414,0.25988372093023254,193,190,BreastStroke/v_BreastStroke_g04_c01.avi
3.90748351597777,21.03435085445108,272.50561920811833,0.7244186046511628,386.71627906976744,379.2760649657741,0.32848837209302323,184,181,BreastStroke/v_BreastStroke_g04_c02.avi
4.224896447605529,16.904212581089403,177.75,0.70625,412.1674418604651,367.54781351415676,0.21453488372093024,193,190,BreastStroke/v_BreastStroke_g04_c03.avi
4.094113068010259,16.139952873439313,175.5,0.6069767441860465,401.6744186046512,376.8128102874888,0.27848837209302324,218,215,BreastStroke/v_BreastStroke_g04_c04.avi
0.7606193411701013,3.3627261484581243,97.0,0.833139534883721,422.2139534883721,374.44797296348526,0.2180232558139535,151,149,BreastStroke/v_BreastStroke_g05_c01.avi
1.818648388085041,7.280166437926873,143.0,0.6924418604651162,383.5906976744186,385.0433257494076,0.36104651162790696,226,223,BreastStroke/v_BreastStroke_g05_c02.avi
1.0211560764007783,2.6932461364757208,41.773197148410844,0.7866279069767442,436.83720930232556,374.79724318515036,0.18604651162790697,290,287,BreastStroke/v_BreastStroke_g05_c03.avi
2.293707294660015,5.628165183164188,166.25,0.6101744186046512,414.51162790697674,372.89067991452583,0.2302325581395349,334,330,BreastStroke/v_BreastStroke_g05_c04.avi
0.9809542714162591,5.668734557434474,62.0,0.9340116279069768,1098.7906976744187,1309.0117798986632,0.1127906976744186,117,115,BreastStroke/v_BreastStroke_g06_c01.avi
2.2641823037803808,10.730546433013638,171.0263137648707,0.8036337209302326,589.5441860465116,796.7800762494369,0.27674418604651163,101,99,BreastStroke/v_BreastStroke_g06_c02.avi
3.0028708474984565,15.623716649444818,179.0,0.8616279069767442,736.0,1030.9415881317111,0.2534883720930233,101,99,BreastStroke/v_BreastStroke_g06_c03.avi
1.0878568670838769,9.346290825417277,234.94041797868667,0.9281976744186047,1101.4697674418605,1435.5576431339884,0.22441860465116278,115,113,BreastStroke/v_BreastStroke_g06_c04.avi
1.5918259893214162,4.843128185303879,186.76188047886004,0.7677325581395349,391.4046511627907,385.436000752448,0.3412790697674419,261,258,BreastStroke/v_BreastStroke_g07_c01.avi
2.275717369292141,12.66860744292908,205.0,0.7604651162790698,404.2418604651163,390.82293274490604,0.3302325581395349,306,303,BreastStroke/v_BreastStroke_g07_c02.avi
3.631037440627715,16.353557097217106,190.0,0.7292151162790698,417.6372093023256,377.6115864792483,0.24186046511627907,128,126,BreastStroke/v_BreastStroke_g07_c03.avi
1.4534629552486102,13.235145435821327,287.75,0.7065406976744186,419.31162790697675,376.46370541222,0.23313953488372094,199,196,BreastStroke/v_BreastStroke_g07_c04.avi
3.4064143932395456,10.194580827348352,162.04937519163718,0.6130813953488372,304.0,291.4215359713605,0.27325581395348836,104,102,BrushingTeeth/v_BrushingTeeth_g01_c01.avi
1.3813065498220882,2.804467296893123,171.23667831396403,0.5408430232558139,385.2651162790698,335.8363381059714,0.16395348837209303,110,108,BrushingTeeth/v_BrushingTeeth_g01_c02.avi
6.59006827060198,10.217867401426602,56.568542494923804,0.5005813953488372,273.9720930232558,257.0923988506506,0.2854651162790698,123,121,BrushingTeeth/v_BrushingTeeth_g01_c03.avi
2.7553571344556236,9.373682158994644,320.0,0.6155523255813954,365.28372093023256,475.3734282084137,0.24011627906976743,102,100,BrushingTeeth/v_BrushingTeeth_g01_c04.avi
0.16153848623820588,1.1201567149333975,17.0,0.9594476744186047,516.2046511627907,393.1001588171743,0.12151162790697674,717,711,BrushingTeeth/v_BrushingTeeth_g02_c01.avi
0.10311108460344216,0.40417224610628505,3.923088706618804,0.9619186046511627,511.06976744186045,408.85349598482793,0.19709302325581396,733,727,BrushingTeeth/v_BrushingTeeth_g02_c02.avi
0.1916935718303917,1.0962158809552256,22.892752674154327,0.952906976744186,511.8511627906977,406.6029618007714,0.18604651162790697,733,727,BrushingTeeth/v_BrushingTeeth_g02_c03.avi
0.04666349946504824,0.23309588479751395,3.365728004459065,0.9844476744186047,646.2511627906977,704.8174378079636,0.10930232558139535,716,710,BrushingTeeth/v_BrushingTeeth_g02_c04.avi
0.2585661275219283,2.075651653311795,62.00806399170998,0.9726744186046512,480.48372093023255,393.8576634233711,0.17965116279069768,749,743,BrushingTeeth/v_BrushingTeeth_g02_c05.avi
0.0906533980599787,0.3602647392549146,5.0990195135927845,0.9664244186046511,548.1302325581395,523.3869498932415,0.13662790697674418,717,711,BrushingTeeth/v_BrushingTeeth_g02_c06.avi
0.1443890415827181,0.7152120372023923,9.604686356149273,0.9609011627906977,546.0093023255814,407.23592374431473,0.14767441860465116,794,788,BrushingTeeth/v_BrushingTeeth_g02_c07.avi
0.8687035168578744,1.8816864553821204,24.830047321743066,0.7406976744186047,289.2651162790698,433.0621303960045,0.2895348837209302,242,239,BrushingTeeth/v_BrushingTeeth_g03_c01.avi
1.5468533143844043,4.229102564934703,51.03920062069938,0.7433139534883721,246.84651162790698,198.48170128161746,0.25232558139534883,240,237,BrushingTeeth/v_BrushingTeeth_g03_c02.avi
0.8017484640242655,5.2144822317745865,143.56183336806478,0.8616279069767442,360.5953488372093,575.4891298565228,0.22965116279069767,227,224,BrushingTeeth/v_BrushingTeeth_g03_c03.avi
1.2313583581614245,4.997627003971072,119.07980517283357,0.791860465116279,300.53953488372093,557.6316088850153,0.32151162790697674,206,203,BrushingTeeth/v_BrushingTeeth_g03_c04.avi
1.063482246183876,2.5362584615351556,19.767792618297065,0.7969476744186047,388.72558139534885,678.3340427338427,0.25290697674418605,232,229,BrushingTeeth/v_BrushingTeeth_g03_c05.avi
0.43218850948468535,1.030842489942926,15.876476309307428,0.8680232558139535,468.53953488372093,396.85414937839994,0.21395348837209302,194,191,BrushingTeeth/v_BrushingTeeth_g04_c01.avi
0.4388845187704216,0.8895242950477334,12.419742348374221,0.8534883720930233,380.68837209302325,368.5525308613776,0.30174418604651165,129,127,BrushingTeeth/v_BrushingTeeth_g04_c02.avi
0.5974070022639362,2.503453709020794,28.36370920736567,0.9097383720930232,345.4139534883721,330.15977920591746,0.2622093023255814,102,100,BrushingTeeth/v_BrushingTeeth_g04_c03.avi
0.8439792122238603,2.2966728687239786,16.25,0.8340116279069767,224.29767441860466,244.84517128497436,0.4627906976744186,82,80,BrushingTeeth/v_BrushingTeeth_g04_c04.avi
1.1358113213761187,6.183818301571929,173.8657887567304,0.9007267441860465,595.0139534883721,783.7534465133657,0.1622093023255814,171,168,BrushingTeeth/v_BrushingTeeth_g05_c01.avi
1.0518239305578554,3.217178366327052,79.39812655220524,0.8420058139534884,598.3627906976744,856.4521292975215,0.21220930232558138,196,193,BrushingTeeth/v_BrushingTeeth_g05_c02.avi
0.5782378891983722,2.62223216318146,57.52445132289399,0.8508720930232558,588.2046511627907,851.0638130785817,0.16744186046511628,211,208,BrushingTeeth/v_BrushingTeeth_g05_c03.avi
1.4719436408062465,4.006936019028325,49.25444142409901,0.7828488372093023,307.3488372093023,343.24083915151857,0.43953488372093025,162,160,BrushingTeeth/v_BrushingTeeth_g05_c04.avi
0.6643579535275534,2.0322148342152335,16.76305461424021,0.8651162790697674,393.86046511627904,366.82253369673276,0.25872093023255816,230,227,BrushingTeeth/v_BrushingTeeth_g05_c05.avi
2.658052662574194,4.446949328722605,63.28506932918696,0.4578488372093023,339.72093023255815,308.5840374461656,0.2058139534883721,288,285,BrushingTeeth/v_BrushingTeeth_g06_c01.avi
3.3166573306939626,5.904187446952221,82.13746100288223,0.3765988372093023,313.93488372093026,281.77057373861186,0.20755813953488372,250,247,BrushingTeeth/v_BrushingTeeth_g06_c02.avi
1.4817870427326254,4.521517346525562,48.76474136094644,0.6114825581395349,335.0325581395349,340.8469258288012,0.33488372093023255,310,307,BrushingTeeth/v_BrushingTeeth_g06_c03.avi
1.0304291959012966,1.2206865621998837,14.089002803605371,0.6047965116279069,348.2046511627907,328.57696698670253,0.24767441860465117,338,334,BrushingTeeth/v_BrushingTeeth_g06_c04.avi
1.5299057981568964,3.65572255490966,26.542418879973994,0.6800872093023256,323.86976744186046,309.07378778423566,0.26046511627906976,228,225,BrushingTeeth/v_BrushingTeeth_g06_c05.avi
4.194218714084094,4.0938772215022405,26.74211332337069,0.3188953488372093,449.1162790697674,501.40069894026135,0.16627906976744186,172,169,BrushingTeeth/v_BrushingTeeth_g07_c01.avi
2.6811238962352917,4.261853327435939,27.300412084801945,0.46497093023255814,360.48372093023255,335.58965594435773,0.23488372093023255,230,227,BrushingTeeth/v_BrushingTeeth_g07_c02.avi
1.6627586702702057,3.4903157331309234,63.387695966961914,0.6164244186046511,397.54418604651164,374.3117922468315,0.27906976744186046,159,157,BrushingTeeth/v_BrushingTeeth_g07_c03.avi
2.7757495486580095,5.2695620338772615,93.47626704142608,0.5164244186046512,390.95813953488374,362.20527793501367,0.24825581395348836,176,173,BrushingTeeth/v_BrushingTeeth_g07_c04.avi
7.8313271087419585,16.18436855317984,185.17289218457435,0.5190406976744186,390.28837209302327,363.81161826654466,0.2563953488372093,250,247,BrushingTeeth/v_BrushingTeeth_g07_c05.avi
3.619892143156674,7.078468458593024,159.20113064925135,0.5366279069767442,372.31627906976746,344.1688775101837,0.2313953488372093,226,223,BrushingTeeth/v_BrushingTeeth_g07_c06.avi
0.7747365129744903,1.6319316315333223,23.50132974961204,0.7811046511627907,323.9813953488372,298.429625731649,0.225,101,99,CleanAndJerk/v_CleanAndJerk_g01_c01.avi
0.6377789188290817,2.036196781957526,24.0,0.8498546511627907,304.446511627907,285.2516566193969,0.25232558139534883,114,112,CleanAndJerk/v_CleanAndJerk_g01_c02.avi
1.9917670352839947,5.179363871789681,35.64692307899799,0.723546511627907,242.15813953488373,241.22746790313346,0.3744186046511628,125,123,CleanAndJerk/v_CleanAndJerk_g01_c03.avi
0.42546679424517836,1.3127079673621727,24.596747752497688,0.8909883720930233,318.4,342.6892931328713,0.39825581395348836,120,118,CleanAndJerk/v_CleanAndJerk_g01_c04.avi
0.7000398614178099,5.0958425548273105,322.0,0.8412790697674418,230.54883720930232,231.37360542928312,0.4,122,120,CleanAndJerk/v_CleanAndJerk_g01_c05.avi
3.122067712066709,7.541589639310343,96.56345064256973,0.7404069767441861,262.25116279069766,248.54058147148282,0.30930232558139537,104,102,CleanAndJerk/v_CleanAndJerk_g02_c01.avi
5.591203502702876,13.94767326355706,192.0,0.49520348837209305,152.96744186046513,95.74206560344341,0.5366279069767442,246,243,CleanAndJerk/v_CleanAndJerk_g02_c02.avi
1.8597867973680022,8.936770701746974,192.09372712298546,0.6841569767441861,351.4418604651163,566.9991715807729,0.2052325581395349,212,209,CleanAndJerk/v_CleanAndJerk_g02_c03.avi
1.9219890245164788,7.040750769499924,142.0,0.71875,290.3813953488372,237.7275040156163,0.1697674418604651,294,291,CleanAndJerk/v_CleanAndJerk_g02_c04.avi
1.8137800961359125,7.283478087619412,148.22280526288793,0.7744186046511627,243.1627906976744,214.52824720308038,0.3040697674418605,173,170,CleanAndJerk/v_CleanAndJerk_g03_c01.avi
0.6263829967014414,3.271917083015609,90.0,0.922093023255814,275.2,245.4437500092529,0.24883720930232558,255,252,CleanAndJerk/v_CleanAndJerk_g03_c02.avi
0.8567525830583169,3.401967557160035,83.09632964216891,0.8646802325581395,218.15813953488373,411.7989497216906,0.49011627906976746,277,274,CleanAndJerk/v_CleanAndJerk_g03_c03.avi
0.6854241247978753,2.3883583933174584,59.552497848536966,0.7744186046511627,304.2232558139535,421.2491130828889,0.17906976744186046,294,291,CleanAndJerk/v_CleanAndJerk_g03_c04.avi
2.9273762381163193,17.023738264276712,382.1884351991829,0.7805232558139535,235.0139534883721,209.48058641403964,0.32790697674418606,239,236,CleanAndJerk/v_CleanAndJerk_g03_c05.avi
2.640227798418053,7.506434391520701,132.21951444472938,0.5982558139534884,192.03720930232558,122.67043582204371,0.37034883720930234,247,244,CleanAndJerk/v_CleanAndJerk_g03_c06.avi
0.15132902843727872,0.776107292994621,16.387876616572385,0.9575581395348837,191.8139534883721,169.6441221421868,0.4459302325581395,144,142,CleanAndJerk/v_CleanAndJerk_g04_c01.avi
0.053000375267805204,0.33722036893889695,15.502015997927495,0.9933139534883721,261.3581395348837,427.0892473762897,0.37209302325581395,238,235,CleanAndJerk/v_CleanAndJerk_g04_c02.avi
0.21824402532674095,0.878684826093438,16.326741867255695,0.9507267441860465,224.4093023255814,202.66755894407586,0.3598837209302326,147,145,CleanAndJerk/v_CleanAndJerk_g04_c03.avi
0.1743034158986014,0.6954308321584141,15.0,0.954360465116279,203.86976744186046,161.71609279038307,0.37383720930232556,153,151,CleanAndJerk/v_CleanAndJerk_g04_c04.avi
0.09149043408473899,0.4229631789667792,13.021616643105418,0.96875,299.42325581395346,563.2642755495239,0.3598837209302326,238,235,CleanAndJerk/v_CleanAndJerk_g04_c05.avi
1.4016597529287484,3.9155341078594144,50.0006249960938,0.6085755813953488,211.90697674418604,129.65066013042613,0.2854651162790698,92,90,CleanAndJerk/v_CleanAndJerk_g05_c01.avi
0.7027469947970958,1.557705943342884,39.62578863568522,0.7427325581395349,216.93023255813952,188.55205873560303,0.363953488372093,147,145,CleanAndJerk/v_CleanAndJerk_g05_c02.avi
1.1498519040083839,3.2585464455046655,60.5,0.8020348837209302,263.25581395348837,245.51986544201074,0.29709302325581394,147,145,CleanAndJerk/v_CleanAndJerk_g05_c03.avi
1.3782121820257347,4.691749258539689,75.0,0.7267441860465116,189.58139534883722,173.7876588010247,0.4645348837209302,207,204,CleanAndJerk/v_CleanAndJerk_g05_c04.avi
0.9688341566251019,1.7309826327194315,22.080817466751544,0.6617732558139535,270.06511627906974,422.9063291105143,0.3174418604651163,191,188,CleanAndJerk/v_CleanAndJerk_g06_c01.avi
0.8239267829940476,1.0802651019180691,25.254950009849555,0.6677325581395349,352.446511627907,660.6130103658082,0.2302325581395349,195,192,CleanAndJerk/v_CleanAndJerk_g06_c02.avi
0.6700593909163022,1.13606508102022,17.0,0.7715116279069767,201.9720930232558,155.47263024752738,0.37209302325581395,102,100,CleanAndJerk/v_CleanAndJerk_g06_c03.avi
1.912736492929779,2.5474104018428236,41.048751503547585,0.41627906976744183,184.66976744186047,134.30460958492773,0.42267441860465116,247,244,CleanAndJerk/v_CleanAndJerk_g06_c04.avi
0.6428496239498673,4.192061435760574,159.53056133543816,0.8726744186046511,223.73953488372092,173.24848955955545,0.30290697674418604,229,226,CleanAndJerk/v_CleanAndJerk_g07_c01.avi
2.0279452778577665,8.326799190105401,75.58438992278762,0.865843023255814,354.7906976744186,588.5085823854854,0.32965116279069767,305,302,CleanAndJerk/v_CleanAndJerk_g07_c02.avi
0.8021010984621374,2.18030221914287,19.25,0.840843023255814,239.8139534883721,402.337313984056,0.35174418604651164,229,226,CleanAndJerk/v_CleanAndJerk_g07_c03.avi
1.109227176093834,4.466957913456759,227.01541797860338,0.8186046511627907,331.90697674418607,666.896171060069,0.34186046511627904,286,283,CleanAndJerk/v_CleanAndJerk_g07_c04.avi
0.29856148888019723,0.9261526591839241,22.360679774997898,0.9392441860465116,411.4976744186047,841.7454118477183,0.3505813953488372,191,188,CleanAndJerk/v_CleanAndJerk_g07_c05.avi
4.885231479923772,22.666226899859932,310.4834939252005,0.8505813953488373,450.6790697674419,531.6440532248689,0.3325581395348837,91,89,CliffDiving/v_CliffDiving_g01_c01.avi
2.9193657905615513,12.887106701392643,256.0,0.8829941860465116,870.7348837209303,1108.779894882097,0.2052325581395349,115,113,CliffDiving/v_CliffDiving_g01_c02.avi
3.914154639754036,10.362832106096494,109.01834707974616,0.7716569767441861,702.9581395348837,783.404492103346,0.1697674418604651,73,71,CliffDiving/v_CliffDiving_g01_c03.avi
0.9307236114450335,7.7512456752705905,339.93832161143587,0.9690406976744186,875.0883720930233,1051.946973022328,0.14534883720930233,82,80,CliffDiving/v_CliffDiving_g01_c04.avi
2.8693571343073625,14.074004323023752,198.33809518093088,0.9385174418604652,596.4651162790698,789.4887173542365,0.21046511627906977,83,81,CliffDiving/v_CliffDiving_g01_c05.avi
3.0148838596514342,9.131280876594529,58.60034129593445,0.8536337209302326,985.1534883720931,1219.084769044277,0.1697674418604651,77,75,CliffDiving/v_CliffDiving_g01_c06.avi
8.843715808722623,20.381768703252735,157.1712839547988,0.7699127906976744,694.6976744186046,984.147359331067,0.30348837209302326,79,77,CliffDiving/v_CliffDiving_g02_c01.avi
9.491420103683463,20.246880517881372,187.17104476921637,0.7292151162790698,711.8883720930232,1091.8126027996898,0.3372093023255814,98,96,CliffDiving/v_CliffDiving_g02_c02.avi
5.999045034504644,18.898332204918866,182.6540445760783,0.7661337209302326,772.0558139534884,1081.2838865887304,0.2796511627906977,95,93,CliffDiving/v_CliffDiving_g02_c03.avi
3.334403900614558,18.08798668079536,267.9063502420202,0.9199127906976744,634.6418604651162,923.5730097259301,0.2558139534883721,83,81,CliffDiving/v_CliffDiving_g02_c04.avi
7.265086322917153,9.366992346081558,80.375,0.46555232558139537,286.69767441860466,307.1243619700689,0.38895348837209304,93,91,CliffDiving/v_CliffDiving_g03_c01.avi
17.489888300237283,24.093083356452112,183.6250425459447,0.23866279069767443,249.52558139534884,158.762827488376,0.16395348837209303,97,95,CliffDiving/v_CliffDiving_g03_c02.avi
7.954715922155713,10.71209311954821,155.71849601123176,0.2059593023255814,248.52093023255813,159.32517072654164,0.1691860465116279,101,99,CliffDiving/v_CliffDiving_g03_c03.avi
5.650059455910207,26.51926482931356,346.71602212761957,0.47325581395348837,271.7395348837209,219.473041348712,0.19709302325581396,105,103,CliffDiving/v_CliffDiving_g03_c04.avi
14.978061482931992,15.711724375820907,65.25191568069094,0.3315406976744186,231.10697674418606,151.72491232850484,0.23197674418604652,94,92,CliffDiving/v_CliffDiving_g03_c05.avi
1.7156076212247182,1.8955091729874023,21.107241056092576,0.4982558139534884,329.6744186046512,279.56941318293866,0.14651162790697675,102,100,CliffDiving/v_CliffDiving_g04_c01.avi
0.4707755918321736,0.45255208631374927,11.27497228377968,0.8806686046511628,260.353488372093,242.3379644204745,0.3005813953488372,108,106,CliffDiving/v_CliffDiving_g04_c02.avi
1.1692987194083173,1.4139769135004159,7.0710678118654755,0.5584302325581395,264.48372093023255,200.7659483429938,0.18372093023255814,112,110,CliffDiving/v_CliffDiving_g04_c03.avi
2.6461486386352817,8.187683511301058,90.27181176868004,0.46671511627906975,255.88837209302326,219.15827689117305,0.261046511627907,103,101,CliffDiving/v_CliffDiving_g04_c04.avi
2.347724359112211,13.492403803990573,257.0025534892601,0.8924418604651163,973.0976744186047,1126.252805171815,0.13488372093023257,81,79,CliffDiving/v_CliffDiving_g05_c01.avi
8.08378996832034,10.057848917627844,29.614185789921695,0.38226744186046513,270.51162790697674,267.56024073642055,0.32906976744186045,77,75,CliffDiving/v_CliffDiving_g05_c02.avi
19.585007210741942,42.1935373458343,253.03161857759991,0.6896802325581395,405.13488372093025,508.5381286767097,0.30697674418604654,99,97,CliffDiving/v_CliffDiving_g05_c03.avi
2.061835320611841,3.7927511268142453,82.0598105042901,0.39127906976744187,283.3488372093023,294.26130483280286,0.3598837209302326,69,67,CliffDiving/v_CliffDiving_g05_c04.avi
3.2027955991413375,5.642368136845614,31.206219332049823,0.7207848837209302,309.8046511627907,302.2671834832965,0.2872093023255814,87,85,CliffDiving/v_CliffDiving_g05_c05.avi
32.897143297617525,34.289249798131536,111.00450441310929,0.342296511627907,736.5581395348837,1015.1241716307896,0.07848837209302326,98,96,CliffDiving/v_CliffDiving_g05_c06.avi
19.271738187196153,16.380716303049663,56.625,0.24811046511627907,554.8279069767442,706.917871722547,0.16453488372093023,95,93,CliffDiving/v_CliffDiving_g05_c07.avi
4.9087462918368665,17.895254375777203,151.60804727981954,0.8936046511627908,542.8837209302326,541.6737716109863,0.24767441860465117,82,80,CliffDiving/v_CliffDiving_g06_c01.avi
2.6383180060261604,7.8750018648175875,142.12670403551894,0.7255813953488373,507.72093023255815,541.2511915484556,0.288953488372093,72,70,CliffDiving/v_CliffDiving_g06_c02.avi
2.304710553341335,8.280962360036442,157.91770008456936,0.6895348837209302,484.72558139534885,419.98980502190335,0.2877906976744186,97,95,CliffDiving/v_CliffDiving_g06_c03.avi
3.7842778085649544,11.675148499485765,124.07281128434222,0.7822674418604652,455.5906976744186,412.8677922373639,0.30930232558139537,90,88,CliffDiving/v_CliffDiving_g06_c04.avi
2.2278316290177598,10.962065323323257,256.75669416784444,0.9100290697674419,565.4325581395349,423.3064466520405,0.20232558139534884,86,84,CliffDiving/v_CliffDiving_g06_c05.avi
2.183855373568103,6.522105600429334,95.0,0.7745639534883721,544.1116279069768,427.47395036058606,0.24127906976744187,73,71,CliffDiving/v_CliffDiving_g06_c06.avi
3.5855735572779266,7.965756016540967,103.5,0.7645348837209303,425.33953488372094,408.4768657247823,0.35523255813953486,89,87,CliffDiving/v_CliffDiving_g06_c07.avi
6.736811433553758,18.155203600239577,165.0,0.6133720930232558,259.90697674418607,206.2240612530389,0.21453488372093024,59,57,CliffDiving/v_CliffDiving_g07_c01.avi
10.699270023379425,19.732162531114383,81.49846624323675,0.3315406976744186,271.6279069767442,190.23963141452813,0.1325581395348837,61,59,CliffDiving/v_CliffDiving_g07_c02.avi
5.217462741775998,25.72211193478411,372.1558813185679,0.8802325581395349,197.73023255813953,236.22311441445956,0.563953488372093,84,82,CliffDiving/v_CliffDiving_g07_c03.avi
3.6229122621773344,25.092472771515702,331.87949620306466,0.9668604651162791,187.90697674418604,202.5208360171676,0.5313953488372093,85,83,CliffDiving/v_CliffDiving_g07_c04.avi
1.6262770428899926,5.557269838008894,103.1746092796091,0.7866279069767442,272.8558139534884,265.7747475206896,0.31453488372093025,73,71,CliffDiving/v_CliffDiving_g07_c05.avi
9.66223055729909,12.427459893914893,119.10079764636339,0.38909883720930233,253.54418604651164,174.55963637749838,0.1755813953488372,76,74,CliffDiving/v_CliffDiving_g07_c06.avi
0.2875303896556281,2.3687370112906585,89.8443097808648,0.9364825581395348,272.52093023255816,234.20418100267696,0.2302325581395349,70,68,CricketBowling/v_CricketBowling_g01_c01.avi
0.12640550727165137,0.5265360538893324,8.0,0.9625,357.24651162790695,476.0705924539544,0.2680232558139535,62,60,CricketBowling/v_CricketBowling_g01_c02.avi
0.07981283792911817,0.5813170487714927,17.0,0.9718023255813953,470.3255813953488,694.0706927647174,0.18372093023255814,67,65,CricketBowling/v_CricketBowling_g01_c03.avi
0.06640344158324334,0.7532096496061732,23.325147373596593,0.9853197674418605,506.26976744186044,840.4298688378642,0.15232558139534882,134,132,CricketBowling/v_CricketBowling_g01_c04.avi
0.1371452075477456,1.1495495532301203,35.13923199217649,0.9693313953488372,303.553488372093,294.5666516346905,0.28488372093023256,61,59,CricketBowling/v_CricketBowling_g01_c05.avi
0.14047075784843438,1.1820297341850694,63.20848439885266,0.9642441860465116,298.4186046511628,449.70947896149625,0.33488372093023255,171,168,CricketBowling/v_CricketBowling_g01_c06.avi
0.105627774264894,0.42927867692306976,6.600189391222043,0.9585755813953488,359.5906976744186,577.6963231438573,0.24651162790697675,121,119,CricketBowling/v_CricketBowling_g01_c07.avi
0.704987140452456,1.7054432934843813,51.35172830587107,0.7934593023255814,330.2325581395349,336.33128997223287,0.33430232558139533,124,122,CricketBowling/v_CricketBowling_g02_c01.avi
0.8687572783456873,1.3168042928551908,20.396078054371138,0.7379360465116279,339.4976744186047,335.3361780663892,0.3,101,99,CricketBowling/v_CricketBowling_g02_c02.avi
0.45473878147546154,0.8251522029686844,13.210436215356403,0.8585755813953488,370.30697674418604,366.47535365293805,0.32325581395348835,116,114,CricketBowling/v_CricketBowling_g02_c03.avi
0.22074324777963303,0.6329657192133191,14.035668847618199,0.954796511627907,398.7720930232558,370.07099150850013,0.25872093023255816,160,158,CricketBowling/v_CricketBowling_g02_c04.avi
0.32606573094732905,1.3540620405806074,38.80157857613528,0.9117732558139535,360.8186046511628,368.2841163443536,0.35872093023255813,134,132,CricketBowling/v_CricketBowling_g02_c05.avi
1.0420226780235828,2.864237702367734,178.8700645720239,0.615843023255814,529.6,716.5509949557625,0.26569767441860465,131,129,CricketBowling/v_CricketBowling_g02_c06.avi
1.0365495753878717,3.64791952837048,69.25406125275254,0.7940406976744186,317.6186046511628,328.36551334076086,0.3488372093023256,124,122,CricketBowling/v_CricketBowling_g02_c07.avi
0.9947560123686117,2.4004682485588216,27.754504138968148,0.7754360465116279,360.48372093023255,328.4893520133563,0.20930232558139536,102,100,CricketBowling/v_CricketBowling_g03_c01.avi
0.712204266482101,1.9107281091072585,8.631338250816034,0.8979651162790697,399.66511627906976,356.503797483751,0.20290697674418604,118,116,CricketBowling/v_CricketBowling_g03_c02.avi
2.345347247179344,4.805522718452287,145.00344823486094,0.6328488372093023,353.7860465116279,323.9961107873059,0.21395348837209302,61,59,CricketBowling/v_CricketBowling_g03_c03.avi
0.5688637565426695,1.3563822959409941,17.00735135169495,0.8604651162790697,376.6697674418605,488.6207239533441,0.2761627906976744,102,100,CricketBowling/v_CricketBowling_g03_c04.avi
4.416128127388304,4.077284908417423,169.04733065032408,0.19244186046511627,225.86046511627907,115.98026724611968,0.20348837209302326,96,94,CricketBowling/v_CricketBowling_g04_c01.avi
3.599696982132437,19.797679617278295,292.0,0.7119186046511627,441.30232558139534,837.3938401271911,0.24186046511627907,102,100,CricketBowling/v_CricketBowling_g04_c02.avi
5.86580972080905,5.225267503883409,23.57468186423732,0.2895348837209302,251.86976744186046,181.4518752713259,0.19593023255813954,88,86,CricketBowling/v_CricketBowling_g04_c03.avi
4.033825502091815,13.275113394259463,312.0,0.5130813953488372,233.78604651162792,172.9720794533512,0.2575581395348837,104,102,CricketBowling/v_CricketBowling_g04_c04.avi
3.354750879427336,4.416159709176339,25.004999500099974,0.49098837209302326,547.1255813953488,967.7552150840297,0.16046511627906976,111,109,CricketBowling/v_CricketBowling_g04_c05.avi
0.10489922950026279,0.5391655203518653,17.125456198303155,0.9765988372093023,573.5813953488372,850.9925868711672,0.17616279069767443,130,128,CricketBowling/v_CricketBowling_g05_c01.avi
0.044927534473729776,0.24278385135240604,5.062114182829147,0.9882267441860465,462.7348837209302,607.4020617326546,0.1813953488372093,112,110,CricketBowling/v_CricketBowling_g05_c02.avi
0.8658840015046795,1.934273753654787,18.777063801350838,0.8052325581395349,358.5860465116279,349.82766626493384,0.2936046511627907,99,97,CricketBowling/v_CricketBowling_g05_c03.avi
1.7094419465670188,4.804083057889615,42.51837837923737,0.7822674418604652,403.01395348837207,353.01733904408337,0.1808139534883721,108,106,CricketBowling/v_CricketBowling_g05_c04.avi
2.3069430071588344,18.460082993454783,216.11339616044165,0.8982558139534884,333.13488372093025,311.63982705421625,0.2377906976744186,161,159,CricketBowling/v_CricketBowling_g06_c01.avi
2.344302962283776,19.45212895853005,280.0111604918633,0.870203488372093,333.13488372093025,324.4437607651056,0.2819767441860465,176,173,CricketBowling/v_CricketBowling_g06_c02.avi
0.7821747564523643,10.489233517438864,275.0,0.926889534883721,334.3627906976744,321.7935760580251,0.2686046511627907,154,152,CricketBowling/v_CricketBowling_g06_c03.avi
0.22346406017572382,0.8931148876924626,16.50189383070925,0.9392441860465116,398.3255813953488,355.5970884942567,0.20290697674418604,151,149,CricketBowling/v_CricketBowling_g06_c04.avi
0.07488263252379855,0.25015413953508403,4.2793106921559225,0.9883720930232558,440.8558139534884,372.3714232923931,0.16744186046511628,158,156,CricketBowling/v_CricketBowling_g06_c05.avi
2.01718190058668,12.584649955332862,339.0014749230451,0.7056686046511628,459.8325581395349,625.8514348268695,0.31046511627906975,66,64,CricketBowling/v_CricketBowling_g07_c01.avi
1.130874689255614,9.186757854402595,315.1352884080106,0.8534883720930233,426.6790697674419,519.9066501890147,0.31802325581395346,76,74,CricketBowling/v_CricketBowling_g07_c02.avi
1.9792963169053097,5.765950694915213,32.75,0.7354651162790697,379.2372093023256,349.134976912712,0.2302325581395349,75,73,CricketBowling/v_CricketBowling_g07_c03.avi
14.297369001728228,37.712856641133286,315.00158729758806,0.8100290697674418,310.0279069767442,315.34565629183936,0.3302325581395349,85,83,CricketBowling/v_CricketBowling_g07_c04.avi
0.5447887192076611,4.0832039889500455,105.13235705528531,0.9145348837209303,173.73023255813953,180.56382435966452,0.5563953488372093,85,83,CricketShot/v_CricketShot_g01_c01.avi
0.1539825420837222,1.2734275693036115,82.0,0.954796511627907,247.73953488372092,257.379291318831,0.3941860465116279,92,90,CricketShot/v_CricketShot_g01_c02.avi
0.21951810273921699,1.6663720788109433,44.09878824865826,0.9510174418604651,226.08372093023254,220.38911142038373,0.3930232558139535,96,94,CricketShot/v_CricketShot_g01_c03.avi
0.20209880399951313,3.231497323316576,126.1269202034205,0.963953488372093,290.3813953488372,289.73788254920953,0.3186046511627907,73,71,CricketShot/v_CricketShot_g01_c04.avi
0.21961884621856195,2.7192512790805075,86.0559411080955,0.9625,259.12558139534883,272.7710992781423,0.39069767441860465,96,94,CricketShot/v_CricketShot_g01_c05.avi
0.12220426484753023,1.191922335492097,87.36596877503277,0.9715116279069768,258.6790697674419,264.96392782848284,0.3697674418604651,77,75,CricketShot/v_CricketShot_g01_c06.avi
0.2808761592327409,2.6378244882571473,69.58448102845921,0.9393895348837209,295.7395348837209,448.6184343066875,0.3395348837209302,72,70,CricketShot/v_CricketShot_g01_c07.avi
0.07424348526333177,1.2362983748315246,94.81725845013659,0.9800872093023256,349.4325581395349,343.8246630769345,0.29941860465116277,106,104,CricketShot/v_CricketShot_g02_c01.avi
0.1721245858566584,1.5045667637448885,44.12924908719839,0.9706395348837209,404.9116279069767,366.62187174463,0.22906976744186047,94,92,CricketShot/v_CricketShot_g02_c02.avi
0.18999023215686833,1.0071590153392689,35.080487810177324,0.9328488372093023,367.51627906976745,358.62485220451856,0.3005813953488372,98,96,CricketShot/v_CricketShot_g02_c03.avi
0.12821527691158124,1.2319449239020852,55.94472718675103,0.9736918604651162,414.846511627907,370.35426117016806,0.2191860465116279,95,93,CricketShot/v_CricketShot_g02_c04.avi
0.14043948805448495,1.0316897611570979,37.882425014774334,0.9629360465116279,374.66046511627906,366.8751147629692,0.3122093023255814,128,126,CricketShot/v_CricketShot_g02_c05.avi
0.17945228931108553,1.0277019217457208,40.94279545903039,0.9497093023255814,350.3255813953488,347.05644075066874,0.30872093023255814,97,95,CricketShot/v_CricketShot_g02_c06.avi
0.23549529653924348,2.6647332550718477,84.75848040166836,0.9665697674418605,386.26976744186044,364.5650377647464,0.2703488372093023,95,93,CricketShot/v_CricketShot_g02_c07.avi
1.3554807237035316,2.2409285691750407,72.09065473416094,0.5058139534883721,229.87906976744185,238.86608932975986,0.42209302325581394,93,91,CricketShot/v_CricketShot_g03_c01.avi
3.5432406862842396,7.33093769404322,30.026030373660785,0.5468023255813953,276.09302325581393,205.0188662848382,0.14651162790697675,105,103,CricketShot/v_CricketShot_g03_c02.avi
1.448386142377005,2.449841498434945,90.62456896449218,0.33430232558139533,274.6418604651163,174.25652599645338,0.08895348837209302,94,92,CricketShot/v_CricketShot_g03_c03.avi
5.089780559789611,10.80290377048057,65.73859216624585,0.3640988372093023,245.84186046511627,197.8378784628419,0.2552325581395349,102,100,CricketShot/v_CricketShot_g03_c04.avi
3.129256137627994,6.348642920048372,30.377314726617954,0.5710755813953489,241.26511627906976,208.16782013862172,0.29767441860465116,106,104,CricketShot/v_CricketShot_g03_c05.avi
3.7535686282566814,6.8657273213989845,77.63053522937994,0.4399709302325581,211.34883720930233,193.49982077041517,0.4,143,141,CricketShot/v_CricketShot_g03_c06.avi
3.0508005781504948,6.277241251470182,47.55325961487814,0.5617732558139535,245.50697674418603,203.32354488551843,0.2686046511627907,104,102,CricketShot/v_CricketShot_g03_c07.avi
0.17128337955243628,0.8556491557445173,39.38432429279446,0.9502906976744186,300.87441860465117,315.4896939996786,0.363953488372093,81,79,CricketShot/v_CricketShot_g04_c01.avi
0.15237626285353034,2.8264754596382744,232.0,0.9609011627906977,250.97674418604652,246.01167379865052,0.3494186046511628,117,115,CricketShot/v_CricketShot_g04_c02.avi
0.28629714842872805,0.8869636154635825,11.18383319796929,0.9236918604651163,246.28837209302327,225.97610617599855,0.31802325581395346,100,98,CricketShot/v_CricketShot_g04_c03.avi
0.11272072424251,1.0221256748353595,68.41052550594829,0.9675872093023256,264.0372093023256,261.27073815386944,0.3372093023255814,76,74,CricketShot/v_CricketShot_g04_c04.avi
0.4977075091585239,5.010082293733146,143.9066537725063,0.9574127906976744,192.14883720930231,169.58097794282017,0.4441860465116279,85,83,CricketShot/v_CricketShot_g04_c05.avi
0.22631259795705852,0.6478752692815373,11.067971810589327,0.9363372093023256,238.8093023255814,257.7701805096516,0.43372093023255814,78,76,CricketShot/v_CricketShot_g04_c06.avi
0.5619629835405986,3.8972136438484815,172.74782921935662,0.8921511627906977,194.04651162790697,210.93170431013945,0.5203488372093024,89,87,CricketShot/v_CricketShot_g04_c07.avi
0.18230664755725035,1.7556889793099426,49.0,0.9643895348837209,407.36744186046514,383.3007803830996,0.29069767441860467,57,55,CricketShot/v_CricketShot_g05_c01.avi
0.17718693852392503,0.9485816233879454,24.08318915758459,0.9613372093023256,380.4651162790698,375.0261602557204,0.32848837209302323,65,63,CricketShot/v_CricketShot_g05_c02.avi
0.23568863997643894,2.6189101757947717,104.0,0.9593023255813954,398.10232558139535,395.67819758119515,0.36686046511627907,78,76,CricketShot/v_CricketShot_g05_c03.avi
0.2134867723674566,0.8528574344797503,16.0,0.9526162790697674,413.6186046511628,385.9165154060775,0.28604651162790695,58,56,CricketShot/v_CricketShot_g05_c04.avi
0.23938731639503352,0.7391657743458502,14.035668847618199,0.9258720930232558,406.13953488372096,379.60013119041946,0.27848837209302324,57,55,CricketShot/v_CricketShot_g05_c05.avi
0.26783032506173515,4.3325202236340745,125.5,0.9790697674418605,383.8139534883721,377.60563012000154,0.32965116279069767,66,64,CricketShot/v_CricketShot_g05_c06.avi
0.13258286125876773,0.49691992887626457,13.038404810405298,0.9690406976744186,392.1860465116279,386.0776675575726,0.34186046511627904,67,65,CricketShot/v_CricketShot_g05_c07.avi
2.967642572333109,3.131967058791148,32.0,0.2928779069767442,266.49302325581397,218.1714254469581,0.21511627906976744,123,121,CricketShot/v_CricketShot_g06_c01.avi
3.460992887658993,9.458809290754857,239.13385373049965,0.48604651162790696,275.5348837209302,205.33391396694915,0.1494186046511628,128,126,CricketShot/v_CricketShot_g06_c02.avi
1.4658914184254666,2.1273172672726965,17.240939649566666,0.6255813953488372,253.43255813953488,195.46779633761622,0.2180232558139535,119,117,CricketShot/v_CricketShot_g06_c03.avi
0.8405714453043205,1.066797636016831,19.375,0.7001453488372092,271.9627906976744,207.3033021458754,0.1680232558139535,136,134,CricketShot/v_CricketShot_g06_c04.avi
1.4025791920670654,1.5332598308237604,16.0,0.5486918604651163,265.93488372093026,193.46758743463252,0.1622093023255814,123,121,CricketShot/v_CricketShot_g06_c05.avi
1.417064267197882,2.051895923835569,20.25,0.6662790697674419,288.706976744186,217.0004880450506,0.125,170,167,CricketShot/v_CricketShot_g06_c06.avi
3.2692271529447163,3.3729936472511564,48.25,0.17790697674418604,263.47906976744184,215.6780293692963,0.22151162790697673,101,99,CricketShot/v_CricketShot_g06_c07.avi
1.9461602567253786,1.6423274663099612,19.384675003723945,0.3774709302325581,233.67441860465115,125.65951058875793,0.1813953488372093,101,99,CricketShot/v_CricketShot_g07_c01.avi
4.712635609948794,4.058237647827406,14.625534178278754,0.15770348837209303,311.5906976744186,230.4470476572261,0.07325581395348837,127,125,CricketShot/v_CricketShot_g07_c02.avi
5.02816867421631,12.473112098265501,224.0022321317357,0.22616279069767442,286.80930232558137,215.14679879037433,0.12790697674418605,135,133,CricketShot/v_CricketShot_g07_c03.avi
2.057861319520586,7.291157680229117,225.30548706145618,0.40508720930232556,237.69302325581396,169.996658510729,0.23488372093023255,119,117,CricketShot/v_CricketShot_g07_c04.avi
2.5651541341508297,5.422082122934456,132.2800060477773,0.6065406976744186,261.13488372093025,177.66604534025893,0.15,120,118,CricketShot/v_CricketShot_g07_c05.avi
4.914647209658075,9.530714652297828,181.3394606807906,0.34011627906976744,252.87441860465117,186.7684004110541,0.20232558139534884,100,98,CricketShot/v_CricketShot_g07_c06.avi
2.8063124909431703,4.87295452313806,19.230509613632186,0.47238372093023256,248.85581395348837,169.57098438491096,0.18604651162790697,103,101,CricketShot/v_CricketShot_g07_c07.avi
0.7978790358756667,4.714179757741124,128.0,0.8367732558139535,446.8837209302326,608.0381417542942,0.21744186046511627,302,299,CuttingInKitchen/v_CuttingInKitchen_g01_c01.avi
1.02254037456072,5.089405367301075,123.45444503945575,0.8311046511627908,382.3627906976744,353.8787054208709,0.23953488372093024,106,104,CuttingInKitchen/v_CuttingInKitchen_g01_c02.avi
3.793696994382898,17.495103089179043,394.84807204797136,0.8271802325581395,412.27906976744185,516.7781371636163,0.33488372093023255,163,160,CuttingInKitchen/v_CuttingInKitchen_g01_c03.avi
3.2829104467250207,13.180000843567084,321.8850726579286,0.773546511627907,415.6279069767442,514.7136039633318,0.31511627906976747,170,167,CuttingInKitchen/v_CuttingInKitchen_g01_c04.avi
3.03308735753148,16.82241468954757,319.30706224573237,0.788953488372093,367.4046511627907,366.95942235182525,0.33372093023255817,220,217,CuttingInKitchen/v_CuttingInKitchen_g01_c05.avi
0.6281000488004097,3.4388133397333904,258.72379094316005,0.8646802325581395,379.46046511627907,349.60826858106316,0.2313953488372093,81,79,CuttingInKitchen/v_CuttingInKitchen_g02_c01.avi
1.2734136883684946,4.47391853996676,211.8740781690861,0.801889534883721,336.2604651162791,332.5679746146922,0.3005813953488372,90,88,CuttingInKitchen/v_CuttingInKitchen_g02_c02.avi
0.7666172767385329,2.4032822200490043,51.884487084291386,0.8399709302325581,360.706976744186,597.3792863933181,0.3686046511627907,124,122,CuttingInKitchen/v_CuttingInKitchen_g02_c03.avi
0.49343779942502297,1.5845934431596025,25.942243542145693,0.8792151162790698,416.9674418604651,512.793819449444,0.30116279069767443,148,146,CuttingInKitchen/v_CuttingInKitchen_g02_c04.avi
1.1219892294704286,3.465504924312605,92.03599839193357,0.7308139534883721,427.3488372093023,506.19009590896025,0.24011627906976743,267,264,CuttingInKitchen/v_CuttingInKitchen_g03_c01.avi
0.4182907605377249,1.106585257422709,13.52081728298996,0.9015988372093023,442.5302325581395,387.48937601933414,0.22616279069767442,202,199,CuttingInKitchen/v_CuttingInKitchen_g03_c02.avi
0.5325207727724542,1.5845778666174686,18.703275114268088,0.8143895348837209,410.3813953488372,375.6764362721542,0.2517441860465116,267,264,CuttingInKitchen/v_CuttingInKitchen_g03_c03.avi
1.2224823084658838,4.825338473529255,178.85923235885812,0.8161337209302325,373.09767441860464,374.712770301667,0.34825581395348837,261,258,CuttingInKitchen/v_CuttingInKitchen_g03_c04.avi
4.818156041296842,8.774000276182646,76.0,0.3616279069767442,226.64186046511628,153.73845841733507,0.2552325581395349,98,96,CuttingInKitchen/v_CuttingInKitchen_g04_c01.avi
4.628585212507883,16.855113168380846,227.0594635772753,0.673546511627907,219.83255813953488,161.89910685495664,0.3,153,151,CuttingInKitchen/v_CuttingInKitchen_g04_c02.avi
3.6368742110156522,6.680158848788822,49.580742229216376,0.4720930232558139,217.93488372093023,191.63098123521812,0.3656976744186046,142,140,CuttingInKitchen/v_CuttingInKitchen_g04_c03.avi
3.2324410245405497,10.519518670578895,303.4616944525289,0.48590116279069767,317.1720930232558,573.7146224896223,0.36046511627906974,183,180,CuttingInKitchen/v_CuttingInKitchen_g04_c04.avi
4.120715038500166,8.946555020955843,89.8276126811795,0.5325581395348837,387.27441860465115,760.4270000262011,0.3023255813953488,209,206,CuttingInKitchen/v_CuttingInKitchen_g04_c05.avi
0.48235065465612237,2.4275302971894246,75.32595834106593,0.8845930232558139,383.1441860465116,674.4949343172907,0.24011627906976743,238,235,CuttingInKitchen/v_CuttingInKitchen_g05_c01.avi
0.3821897510954581,1.443313962635638,19.42453345643081,0.920203488372093,565.6558139534884,970.5701094459479,0.17325581395348838,235,232,CuttingInKitchen/v_CuttingInKitchen_g05_c02.avi
0.5082305680460902,1.4856042859725669,10.375752984723567,0.8959302325581395,231.7767441860465,172.57800775734057,0.26569767441860465,252,249,CuttingInKitchen/v_CuttingInKitchen_g05_c03.avi
0.6712011408054768,1.829549055931043,16.211492836873475,0.8555232558139535,270.4,412.03671997123166,0.2668604651162791,233,230,CuttingInKitchen/v_CuttingInKitchen_g05_c04.avi
0.5988493568300653,4.158936500194467,112.05802068571441,0.8975290697674418,804.6511627906976,1302.208194045093,0.21220930232558138,239,236,CuttingInKitchen/v_CuttingInKitchen_g05_c05.avi
0.6209875881674991,2.833373102841535,24.97623870802007,0.9097383720930232,304.89302325581394,554.2007550771374,0.28488372093023256,142,140,CuttingInKitchen/v_CuttingInKitchen_g05_c06.avi
1.808629061641366,10.194716514940598,208.65521800328887,0.8681686046511627,285.4697674418605,295.5468526464937,0.3558139534883721,244,241,CuttingInKitchen/v_CuttingInKitchen_g06_c01.avi
0.8888526883471282,6.265478865878241,208.65521800328887,0.8446220930232559,415.6279069767442,364.5621153732059,0.1941860465116279,274,271,CuttingInKitchen/v_CuttingInKitchen_g06_c02.avi
1.682012852410159,13.388227596607821,322.0,0.8046511627906977,454.0279069767442,512.1086904643462,0.21511627906976744,227,224,CuttingInKitchen/v_CuttingInKitchen_g06_c03.avi
2.002884486912615,7.394885358058566,97.40973385652997,0.7690406976744186,341.84186046511627,340.4259344591017,0.311046511627907,169,166,CuttingInKitchen/v_CuttingInKitchen_g06_c04.avi
1.3664511088379594,3.9820322002955217,56.4695714522432,0.7998546511627908,443.31162790697675,506.8221197102416,0.20813953488372092,152,150,CuttingInKitchen/v_CuttingInKitchen_g06_c05.avi
5.390510838284326,25.391736064364885,324.0,0.846656976744186,250.41860465116278,446.6609052794186,0.5104651162790698,83,81,CuttingInKitchen/v_CuttingInKitchen_g07_c01.avi
1.3585318748460595,2.8300785078987247,43.6584756948751,0.7204941860465116,320.29767441860463,334.83728050083715,0.3627906976744186,66,64,CuttingInKitchen/v_CuttingInKitchen_g07_c02.avi
3.8419512809476406,9.603720290683462,128.0,0.5829941860465117,286.80930232558137,302.86163224409887,0.3744186046511628,64,62,CuttingInKitchen/v_CuttingInKitchen_g07_c03.avi
1.9066521833951673,3.700909231693568,30.26652441229419,0.6087209302325581,367.9627906976744,496.2915858145809,0.34244186046511627,99,97,CuttingInKitchen/v_CuttingInKitchen_g07_c04.avi
2.5125331944776796,13.622125036147146,393.49221720384764,0.42296511627906974,241.48837209302326,138.8993900723333,0.16627906976744186,260,257,Diving/v_Diving_g01_c01.avi
2.816189090756517,9.553009125265216,127.66362050325849,0.5366279069767442,190.36279069767443,174.8827075675737,0.4627906976744186,283,280,Diving/v_Diving_g01_c02.avi
3.9372365254673296,8.219633177833206,51.66236541235796,0.4443313953488372,263.5906976744186,171.31214515105881,0.12790697674418605,215,212,Diving/v_Diving_g01_c03.avi
5.005927754666,10.81890819885306,74.62573282722254,0.42180232558139535,242.26976744186047,145.97375287308637,0.17383720930232557,233,230,Diving/v_Diving_g01_c04.avi
3.2173654978197175,7.157477998768693,63.387695966961914,0.7417151162790697,667.4604651162791,1223.5879254175775,0.18255813953488373,235,232,Diving/v_Diving_g01_c05.avi
3.3969675879848302,9.387445993159933,63.071388124885914,0.592296511627907,242.49302325581397,139.8461569931174,0.1633720930232558,256,253,Diving/v_Diving_g01_c06.avi
5.160433143956404,15.125643280671103,160.65510418284256,0.7520348837209302,199.1813953488372,228.60564120062892,0.5377906976744186,244,241,Diving/v_Diving_g01_c07.avi
0.2321516465550816,0.8585351651020946,12.75,0.9454941860465116,201.63720930232557,151.3729984573849,0.36686046511627907,135,133,Diving/v_Diving_g02_c01.avi
0.14332556499273535,0.5549391947686192,15.033296378372908,0.9686046511627907,312.48372093023255,656.7596767393729,0.336046511627907,152,150,Diving/v_Diving_g02_c02.avi
0.1998808572017289,0.6705955200416145,13.0,0.9523255813953488,212.91162790697675,152.09784673384056,0.31511627906976747,129,127,Diving/v_Diving_g02_c03.avi
0.3025007648541437,0.9197233762721785,16.070158679988197,0.921656976744186,219.83255813953488,132.8092524812135,0.2534883720930233,161,159,Diving/v_Diving_g02_c04.avi
0.24045068242281045,0.7413766994289244,15.0,0.9465116279069767,253.32093023255814,418.80410504093044,0.3674418604651163,201,198,Diving/v_Diving_g02_c05.avi
0.21944248310907366,0.7345047029603538,15.0,0.9582848837209302,169.37674418604652,142.38330976988695,0.5116279069767442,153,151,Diving/v_Diving_g02_c06.avi
0.847045918426832,6.756529669298103,140.00089285429576,0.890406976744186,196.05581395348838,147.08098275934168,0.3866279069767442,124,122,Diving/v_Diving_g02_c07.avi
0.8816525568272273,3.7022769791152204,140.45995870709916,0.7585755813953489,820.7255813953489,1295.285129442508,0.1447674418604651,193,190,Diving/v_Diving_g03_c01.avi
1.9580916090749827,3.161312667388881,19.209372712298546,0.5995639534883721,1351.9627906976743,1685.9344130561828,0.1058139534883721,193,190,Diving/v_Diving_g03_c02.avi
1.4060479845057468,4.597345521293441,118.10588469674151,0.7420058139534884,1176.260465116279,1591.658888040667,0.21627906976744185,189,186,Diving/v_Diving_g03_c03.avi
0.7801522174639633,2.7858123931493366,128.03515142334936,0.9072674418604652,2068.279069767442,1873.4654163624455,0.1377906976744186,199,196,Diving/v_Diving_g03_c04.avi
2.788833926405306,5.718111882072761,176.751591223389,0.6453488372093024,244.94883720930233,220.7321267984647,0.311046511627907,249,246,Diving/v_Diving_g03_c05.avi
0.5980099254330384,1.2631634112426533,60.876925020897694,0.7696220930232558,450.0093023255814,688.9422292633135,0.18488372093023256,116,114,Diving/v_Diving_g03_c06.avi
0.9926509086419456,2.8645364294330533,38.47076812334269,0.85,353.2279069767442,587.2014029217689,0.3261627906976744,104,102,Diving/v_Diving_g03_c07.avi
3.6654773969599828,7.294763598712188,130.32747216147484,0.4079941860465116,250.64186046511628,146.88535987420897,0.13953488372093023,107,105,Diving/v_Diving_g04_c01.avi
2.2054019078524143,2.7277715745232367,70.42105509007942,0.45145348837209304,272.4093023255814,194.2438168348816,0.1377906976744186,99,97,Diving/v_Diving_g04_c02.avi
2.792059974302441,5.086835193725564,29.614185789921695,0.6821220930232558,249.4139534883721,164.13474552641526,0.17383720930232557,147,145,Diving/v_Diving_g04_c03.avi
4.167349940962819,8.938073396597185,95.88534820294495,0.6036337209302326,207.7767441860465,189.95173540862564,0.40930232558139534,286,283,Diving/v_Diving_g04_c04.avi
1.361475268772392,1.740689964720012,21.273516399504807,0.5581395348837209,234.2325581395349,131.9938048597846,0.1877906976744186,151,149,Diving/v_Diving_g04_c05.avi
2.4536539133088726,5.543679528065806,166.3640586184408,0.617296511627907,219.72093023255815,132.85948611332748,0.25406976744186044,121,119,Diving/v_Diving_g04_c06.avi
2.34370670176613,2.781799236470303,18.829000238993043,0.42296511627906974,260.2418604651163,172.05174212611647,0.14302325581395348,151,149,Diving/v_Diving_g04_c07.avi
0.1593168037953778,0.5720698900315858,12.509996003196804,0.9642441860465116,352.0,747.4936726806952,0.3,111,109,Diving/v_Diving_g05_c01.avi
0.2338848496635187,1.2643943748261692,19.175586692458722,0.9613372093023256,550.1395348837209,1031.7545584595734,0.2563953488372093,159,157,Diving/v_Diving_g05_c02.avi
0.10104358280736563,0.6044165409582337,17.665290826929514,0.9771802325581396,518.9953488372093,1024.3388406398942,0.20930232558139536,107,105,Diving/v_Diving_g05_c03.avi
0.256473080036497,1.0790166696862373,21.445424920014993,0.9472383720930233,288.3720930232558,414.62367489006243,0.20813953488372092,131,129,Diving/v_Diving_g05_c04.avi
0.24321133122926547,2.7543311644267874,78.43468620451031,0.9699127906976744,499.57209302325583,1025.3121150043478,0.24767441860465117,102,100,Diving/v_Diving_g05_c05.avi
0.17238955243517576,0.6333696509466407,17.753960825686192,0.9659883720930232,289.2651162790698,550.3180640082821,0.31976744186046513,61,59,Diving/v_Diving_g05_c06.avi
1.5787584573456697,4.2517902911103755,31.064449134018133,0.8226744186046512,232.89302325581394,143.5966660806043,0.21104651162790697,213,210,Diving/v_Diving_g06_c01.avi
1.0777652750239357,1.0844978068475892,10.04987562112089,0.4757267441860465,255.10697674418606,203.27610435682755,0.22790697674418606,210,207,Diving/v_Diving_g06_c02.avi
0.7255560977870249,1.514122903623751,16.00781059358212,0.7767441860465116,256.33488372093024,210.9865187842754,0.24011627906976743,237,234,Diving/v_Diving_g06_c03.avi
0.8155158938593509,1.2797096727324042,16.751865567750954,0.659156976744186,269.1720930232558,398.08327183420295,0.21046511627906977,217,214,Diving/v_Diving_g06_c04.avi
5.0354914751835365,10.340698683303618,190.51509126575775,0.6222383720930232,258.1209302325581,227.779992340773,0.27267441860465114,126,124,Diving/v_Diving_g06_c05.avi
1.9894590029587425,3.7192381452873327,20.615528128088304,0.6161337209302326,263.25581395348837,211.77479185728868,0.21337209302325583,220,217,Diving/v_Diving_g06_c06.avi
2.5984024991906667,5.5375068114574875,117.74548823628021,0.538953488372093,215.8139534883721,205.20112151354448,0.4046511627906977,243,240,Diving/v_Diving_g06_c07.avi
2.3674364205922798,3.022409484690166,30.640047323723245,0.404796511627907,275.2,218.65898265947,0.1813953488372093,180,177,Diving/v_Diving_g07_c01.avi
0.5681155942553585,0.8435337979126015,17.392527130926087,0.734156976744186,257.33953488372094,197.9316092122859,0.2069767441860465,159,157,Diving/v_Diving_g07_c02.avi
1.0792414325041815,1.7462642886965272,20.506096654409877,0.6678779069767442,227.08837209302325,152.14187566185737,0.2505813953488372,217,214,Diving/v_Diving_g07_c03.avi
1.8753601349046718,7.778095216006614,260.0,0.6257267441860465,206.77209302325582,154.09661470344219,0.3470930232558139,174,171,Diving/v_Diving_g07_c04.avi
0.12201455174269918,0.6012109902784819,16.92307965472006,0.9755813953488373,270.51162790697674,261.89296340947465,0.3127906976744186,301,298,Drumming/v_Drumming_g01_c01.avi
0.19903975736699858,0.5318714721841479,15.453559460525591,0.9648255813953488,345.19069767441863,670.7204289918081,0.3261627906976744,301,298,Drumming/v_Drumming_g01_c02.avi
0.5773839094054125,0.9840624067776282,9.058835465996719,0.8207848837209303,301.8790697674419,437.01376092331924,0.261046511627907,301,298,Drumming/v_Drumming_g01_c03.avi
1.28563858984655,3.791452932390925,185.02432272541898,0.5529069767441861,230.77209302325582,177.879131062956,0.2802325581395349,301,298,Drumming/v_Drumming_g01_c04.avi
0.5020132911859393,1.5231488977213088,34.514489710844636,0.8436046511627907,459.9441860465116,900.4687134273721,0.20290697674418604,301,298,Drumming/v_Drumming_g01_c05.avi
0.5633115900030826,2.065643900070773,142.56226709757388,0.8691860465116279,279.10697674418606,227.18160484342036,0.1866279069767442,301,298,Drumming/v_Drumming_g01_c06.avi
4.821076534966109,11.567332876892674,61.35068255529029,0.5290697674418605,250.64186046511628,201.08694663793216,0.24186046511627907,301,298,Drumming/v_Drumming_g01_c07.avi
0.7129500342750478,1.7280820480408126,13.349274324846276,0.8203488372093023,345.19069767441863,658.1401815100776,0.23546511627906977,301,298,Drumming/v_Drumming_g02_c01.avi
0.684621109668831,1.938822543026303,22.75858354555485,0.8488372093023255,268.83720930232556,548.5029490596161,0.38895348837209304,301,298,Drumming/v_Drumming_g02_c02.avi
0.5217459965607314,1.439195458523434,23.021728866442675,0.8725290697674418,261.8046511627907,413.72645605941483,0.30930232558139537,301,298,Drumming/v_Drumming_g02_c03.avi
0.6745956399009022,1.8369816226828093,20.248456731316587,0.8454941860465116,258.7906976744186,404.5117963692021,0.28081395348837207,301,298,Drumming/v_Drumming_g02_c04.avi
0.49303264038571243,1.8230182305334512,58.25,0.8757267441860465,228.87441860465117,401.6947100015964,0.39709302325581397,301,298,Drumming/v_Drumming_g02_c05.avi
0.6789202324618134,1.8997901657969096,27.955880418974466,0.8289244186046512,258.5674418604651,407.2064716674755,0.2936046511627907,301,298,Drumming/v_Drumming_g02_c06.avi
0.5102970657638995,1.607734268263003,18.050277006184697,0.8947674418604651,205.9906976744186,157.08454221163467,0.3558139534883721,301,298,Drumming/v_Drumming_g02_c07.avi
1.0895596669858878,2.2609574500837537,18.969136116333818,0.7283430232558139,247.85116279069769,189.18315522154225,0.22848837209302325,178,175,Drumming/v_Drumming_g03_c01.avi
0.31274092256175096,1.0090531703904368,16.0,0.9475290697674419,254.9953488372093,254.79052039016727,0.3563953488372093,232,229,Drumming/v_Drumming_g03_c02.avi
1.6185653525030153,4.87439760520521,97.90620511489556,0.7281976744186046,252.53953488372093,226.34767878820168,0.2924418604651163,112,110,Drumming/v_Drumming_g03_c03.avi
1.223926801541868,3.21556346352484,78.9070853916174,0.7627906976744186,304.0,283.9718295887816,0.25,175,172,Drumming/v_Drumming_g03_c04.avi
0.4474085491806695,1.0552895340760817,36.625,0.9049418604651163,301.3209302325581,260.16832526059375,0.18953488372093022,154,152,Drumming/v_Drumming_g03_c05.avi
3.238433114144796,9.629505755165056,320.5635662392094,0.5611918604651163,1083.7209302325582,1581.5022344179288,0.1447674418604651,301,298,Drumming/v_Drumming_g04_c01.avi
1.94671338231759,3.743397585693582,54.120236510939236,0.5767441860465117,656.0744186046512,1123.6315849280481,0.09767441860465116,301,298,Drumming/v_Drumming_g04_c02.avi
1.6344461240503907,2.7270064459208925,16.7075020574591,0.6373546511627907,790.8093023255814,1300.0975977342612,0.15872093023255815,301,298,Drumming/v_Drumming_g04_c03.avi
0.47362588473024986,1.1823929794875285,38.2099463490856,0.8968023255813954,912.4837209302326,1441.641980025624,0.1622093023255814,301,298,Drumming/v_Drumming_g04_c04.avi
0.7275892419571335,5.125473627044523,252.03174403237384,0.8392441860465116,747.3860465116279,1259.980714060854,0.13604651162790699,301,298,Drumming/v_Drumming_g04_c05.avi
0.6748180507115421,2.161149610034279,72.0,0.7883720930232558,878.660465116279,1410.696569180438,0.18488372093023256,301,298,Drumming/v_Drumming_g04_c06.avi
1.276875674587114,13.916796628890697,288.1058833137567,0.8181686046511628,448.33488372093024,829.8490305075309,0.15872093023255815,301,298,Drumming/v_Drumming_g04_c07.avi
0.2724079940916349,1.1255081654055235,16.56804152578089,0.9353197674418605,385.93488372093026,359.4457431539538,0.25116279069767444,171,168,Drumming/v_Drumming_g05_c01.avi
0.3205399271572531,1.0825348487243605,18.560711193270585,0.9178779069767442,372.98604651162793,358.40618089393297,0.2837209302325581,178,175,Drumming/v_Drumming_g05_c02.avi
0.38934160615806057,1.7044384751594281,62.90195744172036,0.9171511627906976,333.0232558139535,338.7221876249025,0.33372093023255817,177,174,Drumming/v_Drumming_g05_c03.avi
0.23974059837868517,0.9064784744045483,20.615528128088304,0.9392441860465116,377.7860465116279,368.53440821429183,0.30988372093023253,209,206,Drumming/v_Drumming_g05_c04.avi
0.46104200280984386,1.8610300190147813,30.262394155122625,0.8859011627906976,362.8279069767442,367.1813482150402,0.34825581395348837,196,193,Drumming/v_Drumming_g05_c05.avi
0.26453492496930775,1.2812676962183374,16.0,0.9417151162790698,387.72093023255815,506.9382020766595,0.34418604651162793,212,209,Drumming/v_Drumming_g05_c06.avi
0.15825370483737985,0.7460477904282793,16.278820596099706,0.9520348837209303,286.69767441860466,432.3355466282094,0.29593023255813955,301,298,Drumming/v_Drumming_g06_c01.avi
0.10333941621671644,0.44562076828370073,13.341664064126334,0.9760174418604651,456.1488372093023,839.6941060892196,0.23197674418604652,301,298,Drumming/v_Drumming_g06_c02.avi
0.11744436158889382,0.5401057120748316,14.080127840328723,0.9723837209302325,284.13023255813954,275.1000862560487,0.29767441860465116,301,298,Drumming/v_Drumming_g06_c03.avi
0.12306120510227322,0.5731623651074104,13.768169813014364,0.9620639534883721,500.353488372093,974.0198487421318,0.2854651162790698,301,298,Drumming/v_Drumming_g06_c04.avi
0.1293053838625707,0.5381559963663728,10.765250809897557,0.9569767441860465,408.2604651162791,764.2837942835337,0.27906976744186046,301,298,Drumming/v_Drumming_g06_c05.avi
0.1277675626586,0.5042244642987853,14.560219778561036,0.9611918604651163,462.06511627906974,912.5317785823466,0.3174418604651163,301,298,Drumming/v_Drumming_g06_c06.avi
1.0465435171233028,2.808078344475962,47.38143096192854,0.8098837209302325,311.25581395348837,658.6725231089847,0.3540697674418605,301,298,Drumming/v_Drumming_g07_c01.avi
0.683782461373507,2.575058148281242,47.095647357266465,0.8832848837209303,349.7674418604651,756.0432138876381,0.3767441860465116,301,298,Drumming/v_Drumming_g07_c02.avi
0.740358628162902,2.4053786944009468,38.05916446797013,0.8710755813953488,178.75348837209302,118.35590660109087,0.43023255813953487,301,298,Drumming/v_Drumming_g07_c03.avi
0.5262953744055451,2.717671432561686,172.29045243425418,0.8930232558139535,298.4186046511628,660.1920169077711,0.4116279069767442,301,298,Drumming/v_Drumming_g07_c04.avi
1.1430928841143546,4.79001890963422,165.08922776789527,0.8156976744186046,244.05581395348838,414.0867414479026,0.38546511627906976,301,298,Drumming/v_Drumming_g07_c05.avi
0.8665243806470599,5.907461566388281,223.46588106464932,0.8838662790697674,221.28372093023256,186.03382654429495,0.33895348837209305,301,298,Drumming/v_Drumming_g07_c06.avi
0.5964548124143872,2.3737644460055027,34.4746283518764,0.9210755813953488,307.01395348837207,672.5033516234956,0.46918604651162793,301,298,Drumming/v_Drumming_g07_c07.avi
2.806151345229238,5.60911771873349,51.03920062069938,0.5142441860465117,254.43720930232558,158.6170890574191,0.14302325581395348,148,146,Fencing/v_Fencing_g01_c01.avi
5.631169993950363,9.428246989076165,153.16004700965587,0.5270348837209302,148.16744186046512,132.8495909805088,0.608139534883721,162,160,Fencing/v_Fencing_g01_c02.avi
1.1094897520412919,2.0587452532383974,20.0,0.7369186046511628,223.51627906976745,147.98336947768365,0.25988372093023254,148,146,Fencing/v_Fencing_g01_c03.avi
1.97128389335172,4.224050290695379,91.08786966440702,0.5204941860465117,221.95348837209303,118.11345619506224,0.2238372093023256,148,146,Fencing/v_Fencing_g01_c04.avi
2.149621986818267,3.6059025624391086,25.62621948317777,0.6123546511627908,215.03255813953487,158.2658166105663,0.31569767441860463,137,135,Fencing/v_Fencing_g01_c05.avi
1.8190685387108594,3.6120057560453716,35.09918980546417,0.7537790697674419,212.24186046511628,137.54152731474792,0.29534883720930233,175,172,Fencing/v_Fencing_g01_c06.avi
3.24735994375918,9.600936629054273,82.28076932066205,0.6975290697674419,379.2372093023256,492.7218891127293,0.29069767441860467,143,141,Fencing/v_Fencing_g02_c01.avi
4.253579888480255,17.770441142253908,304.9070555103637,0.6283430232558139,482.49302325581397,849.5850252138416,0.2738372093023256,133,131,Fencing/v_Fencing_g02_c02.avi
4.9576428982300795,14.099001061962783,130.38404810405297,0.5234011627906977,346.30697674418604,313.6652618046075,0.20174418604651162,116,114,Fencing/v_Fencing_g02_c03.avi
1.663319811257945,2.5643433386598526,30.602287496198713,0.5204941860465117,440.63255813953486,705.9916132715281,0.33372093023255817,120,118,Fencing/v_Fencing_g02_c04.avi
3.0652496434072383,8.759735291338348,209.4803093371785,0.5180232558139535,307.01395348837207,469.42569047195065,0.40174418604651163,137,135,Fencing/v_Fencing_g02_c05.avi
2.4160331978092775,3.162881901500479,45.17742799230607,0.5159883720930233,274.86511627906975,217.8534934240888,0.1808139534883721,121,119,Fencing/v_Fencing_g03_c01.avi
2.748770593375746,6.657055965485722,38.01315561749642,0.7091569767441861,215.14418604651163,167.44052092487436,0.3313953488372093,115,113,Fencing/v_Fencing_g03_c02.avi
8.096522141542568,13.955124190942243,285.17538463198395,0.4409883720930233,243.3860465116279,159.40492476036712,0.19127906976744186,112,110,Fencing/v_Fencing_g03_c03.avi
2.4952232291669145,2.7486136716244705,20.163782507257906,0.3614825581395349,246.9581395348837,130.7123706046861,0.1308139534883721,95,93,Fencing/v_Fencing_g03_c04.avi
2.139208948521973,3.721248502335377,117.90104431259293,0.42863372093023255,232.11162790697674,139.45377363510406,0.20813953488372092,139,137,Fencing/v_Fencing_g03_c05.avi
4.554151067995675,5.0104769975709695,55.893313553590644,0.24607558139534882,280.2232558139535,217.91388616778994,0.15988372093023256,171,168,Fencing/v_Fencing_g04_c01.avi
4.924740280033588,8.651501590861878,161.37533888422976,0.44709302325581396,234.2325581395349,125.33060228930566,0.17848837209302326,137,135,Fencing/v_Fencing_g04_c02.avi
1.7419267467573334,2.5736300902031073,25.019992006393608,0.5209302325581395,220.8372093023256,144.72828273965717,0.2668604651162791,153,151,Fencing/v_Fencing_g04_c03.avi
2.775085421328796,2.7391277408660346,24.465536985727496,0.2677325581395349,224.4093023255814,137.05575136868276,0.23895348837209301,128,126,Fencing/v_Fencing_g04_c04.avi
2.2944840428985427,2.7649465070617607,33.78169807750937,0.25392441860465115,247.96279069767442,151.3641489660349,0.15813953488372093,111,109,Fencing/v_Fencing_g04_c05.avi
6.867264450520713,10.957149994312593,86.5057801536984,0.30261627906976746,243.49767441860465,119.3581623720147,0.13023255813953488,140,138,Fencing/v_Fencing_g05_c01.avi
3.798520191029119,7.627652499803771,153.0294089382822,0.41424418604651164,209.0046511627907,135.60282283109757,0.3075581395348837,121,119,Fencing/v_Fencing_g05_c02.avi
3.929255010841327,4.123841101940226,60.0,0.25261627906976747,247.06976744186048,165.39022149166559,0.18604651162790697,130,128,Fencing/v_Fencing_g05_c03.avi
4.536558458590576,4.854796275039679,42.56337187065893,0.2866279069767442,258.45581395348836,169.32433897264602,0.14534883720930233,131,129,Fencing/v_Fencing_g05_c04.avi
4.445742096483988,7.703924641527527,81.09870529176159,0.38633720930232557,227.9813953488372,162.65220314754632,0.26453488372093026,131,129,Fencing/v_Fencing_g05_c05.avi
7.329233682661503,22.294927303752107,352.0522865995902,0.36424418604651165,207.55348837209303,142.27737624147008,0.3244186046511628,143,141,Fencing/v_Fencing_g06_c01.avi
4.529501191482625,5.305559141205969,26.034832436564674,0.46468023255813956,243.49767441860465,145.2748757682325,0.16744186046511628,152,150,Fencing/v_Fencing_g06_c02.avi
12.310241007580464,21.56706340407185,130.3944137031951,0.3321220930232558,234.34418604651162,125.26441856816804,0.17790697674418604,127,125,Fencing/v_Fencing_g06_c03.avi
4.859795843400722,8.850552903870756,64.59537522145065,0.577906976744186,205.65581395348838,166.45360454552477,0.37383720930232556,126,124,Fencing/v_Fencing_g06_c04.avi
1.9412901080589777,3.5525359946440935,39.500197784314956,0.6284883720930232,254.77209302325582,211.69310644001595,0.24825581395348836,148,146,Fencing/v_Fencing_g07_c01.avi
1.8321633890247133,4.900505551437268,104.60789884133989,0.7524709302325582,229.54418604651164,191.12415701954188,0.3122093023255814,111,109,Fencing/v_Fencing_g07_c02.avi
4.974725162135047,9.634763019128542,336.56769378536615,0.3799418604651163,210.2325581395349,104.78168604610839,0.2616279069767442,112,110,Fencing/v_Fencing_g07_c03.avi
9.404248138743748,29.197754422407446,311.4113035841827,0.5928779069767441,214.25116279069766,163.85379809394323,0.32906976744186045,124,122,Fencing/v_Fencing_g07_c04.avi
0.7173718546516032,2.714255287292553,76.0,0.8162790697674419,325.09767441860464,294.9208246043154,0.20988372093023255,132,130,FieldHockeyPenalty/v_FieldHockeyPenalty_g01_c01.avi
1.2217316754441188,2.383918342214014,58.42088667591412,0.590843023255814,315.6093023255814,473.93854562563894,0.3941860465116279,181,178,FieldHockeyPenalty/v_FieldHockeyPenalty_g01_c02.avi
2.517274339511125,19.097773872651175,311.5090538411364,0.7659883720930233,506.04651162790697,785.149784361672,0.26046511627906976,102,100,FieldHockeyPenalty/v_FieldHockeyPenalty_g01_c03.avi
1.6479205008896867,3.6554453760138093,31.100643080167973,0.6299418604651162,300.98604651162793,290.68796471225977,0.2819767441860465,155,153,FieldHockeyPenalty/v_FieldHockeyPenalty_g01_c04.avi
1.9090731885257661,16.24217388603314,383.01174916704576,0.8443313953488372,399.7767441860465,688.6573025746549,0.3,145,143,FieldHockeyPenalty/v_FieldHockeyPenalty_g01_c05.avi
0.6128717603985284,2.883033366452644,74.70609078247904,0.9347383720930232,334.69767441860466,322.2776164855619,0.2691860465116279,106,104,FieldHockeyPenalty/v_FieldHockeyPenalty_g02_c01.avi
0.5795073561368019,2.782962169545138,63.60031446463138,0.9289244186046511,310.5860465116279,302.58780127381004,0.2854651162790698,142,140,FieldHockeyPenalty/v_FieldHockeyPenalty_g02_c02.avi
0.11928018695934539,0.2677061571254891,3.760402239122831,0.9843023255813953,301.8790697674419,312.30605781504124,0.3494186046511628,152,150,FieldHockeyPenalty/v_FieldHockeyPenalty_g02_c03.avi
0.05145739546121774,0.9156056439967082,68.15607089614248,0.9904069767441861,532.7255813953489,853.2424143921147,0.23546511627906977,197,194,FieldHockeyPenalty/v_FieldHockeyPenalty_g02_c04.avi
0.15420963985133754,0.3706013845767128,4.422951503238533,0.9792151162790698,309.13488372093025,342.4685970215616,0.43023255813953487,170,167,FieldHockeyPenalty/v_FieldHockeyPenalty_g02_c05.avi
0.07114778038895186,0.22714426225373874,5.203664574124662,0.9906976744186047,313.48837209302326,317.74908721022524,0.3261627906976744,152,150,FieldHockeyPenalty/v_FieldHockeyPenalty_g02_c06.avi
10.607288583956878,12.969914056382294,51.24451190127583,0.22848837209302325,222.28837209302327,190.2604594310949,0.3430232558139535,83,81,FieldHockeyPenalty/v_FieldHockeyPenalty_g03_c01.avi
8.333986065799785,13.047471556183424,129.81766058591566,0.5568313953488372,224.07441860465116,215.08365932441944,0.38953488372093026,83,81,FieldHockeyPenalty/v_FieldHockeyPenalty_g03_c02.avi
2.541387515623951,3.268368961595766,23.021728866442675,0.4325581395348837,328.5581395348837,321.5561943963733,0.2872093023255814,35,33,FieldHockeyPenalty/v_FieldHockeyPenalty_g03_c03.avi
0.6483201235893343,2.488335864424356,63.0317380372777,0.8159883720930232,810.7906976744187,1207.4915100696198,0.12441860465116279,71,69,FieldHockeyPenalty/v_FieldHockeyPenalty_g03_c04.avi
0.27059961806509614,0.6141166166096204,11.75,0.9331395348837209,450.45581395348836,839.6407186527381,0.24302325581395348,68,66,FieldHockeyPenalty/v_FieldHockeyPenalty_g04_c01.avi
0.37503853717264596,0.6187336165286409,13.892443989449804,0.8943313953488372,305.0046511627907,284.21523939428033,0.24709302325581395,67,65,FieldHockeyPenalty/v_FieldHockeyPenalty_g04_c02.avi
1.0957160846854124,2.8871093742099907,78.00640999302557,0.6078488372093023,254.10232558139535,290.4761267766248,0.46569767441860466,84,82,FieldHockeyPenalty/v_FieldHockeyPenalty_g04_c03.avi
0.40273650654275495,1.1998303687838032,18.924603694661613,0.9234011627906977,297.6372093023256,426.9750807081139,0.22965116279069767,77,75,FieldHockeyPenalty/v_FieldHockeyPenalty_g04_c04.avi
0.5382884924970242,0.8354815277987632,14.508618128546908,0.7941860465116279,277.2093023255814,278.88887160330444,0.336046511627907,87,85,FieldHockeyPenalty/v_FieldHockeyPenalty_g04_c05.avi
0.35690889587961566,1.3225230649552033,20.336236131595246,0.9510174418604651,346.75348837209305,563.2584351906438,0.19709302325581396,88,86,FieldHockeyPenalty/v_FieldHockeyPenalty_g04_c06.avi
0.4963384878380991,1.294426128838436,40.024992192379,0.8539244186046512,262.47441860465113,195.3225550426343,0.18023255813953487,59,57,FieldHockeyPenalty/v_FieldHockeyPenalty_g04_c07.avi
2.936643703475891,6.997069993473966,44.37517605598878,0.7417151162790697,232.2232558139535,190.12795304461298,0.2982558139534884,101,99,FieldHockeyPenalty/v_FieldHockeyPenalty_g05_c01.avi
1.7635451040060675,1.7564532592805857,25.137434733878475,0.45915697674418604,207.66511627906976,198.8002139390091,0.42848837209302326,78,76,FieldHockeyPenalty/v_FieldHockeyPenalty_g05_c02.avi
3.881228644885839,24.82628064278313,383.0,0.5988372093023255,195.72093023255815,168.86465277634096,0.4255813953488372,113,111,FieldHockeyPenalty/v_FieldHockeyPenalty_g05_c03.avi
1.3459384006172983,1.9488544739659852,48.5,0.5130813953488372,212.5767441860465,210.17370981256533,0.4308139534883721,68,66,FieldHockeyPenalty/v_FieldHockeyPenalty_g05_c04.avi
3.976494859631504,5.7954000690040886,180.6657825931629,0.4688953488372093,231.2186046511628,199.3036800040814,0.32209302325581396,73,71,FieldHockeyPenalty/v_FieldHockeyPenalty_g05_c05.avi
3.577821538851318,7.338019578575012,42.625,0.6171511627906977,249.30232558139534,221.9234662632877,0.29534883720930233,138,136,FieldHockeyPenalty/v_FieldHockeyPenalty_g05_c06.avi
2.962899495675575,5.681277240260824,25.76941016011038,0.7261627906976744,301.4325581395349,431.7318222946138,0.2377906976744186,108,106,FieldHockeyPenalty/v_FieldHockeyPenalty_g05_c07.avi
0.02465058859982699,0.17101355793949186,5.25,0.9941860465116279,373.7674418604651,342.0184162870509,0.2191860465116279,116,114,FieldHockeyPenalty/v_FieldHockeyPenalty_g06_c01.avi
0.013720757747524806,0.1002937377411449,2.0,0.9960755813953488,328.33488372093024,345.4470907448147,0.3744186046511628,172,169,FieldHockeyPenalty/v_FieldHockeyPenalty_g06_c02.avi
0.02322855103983121,0.15177769937331068,4.251837837923738,0.9936046511627907,369.86046511627904,348.75816778934893,0.2558139534883721,171,168,FieldHockeyPenalty/v_FieldHockeyPenalty_g06_c03.avi
0.008225267506780851,0.08695336596330742,4.756574397610112,0.9992732558139535,391.4046511627907,336.7662621570098,0.15058139534883722,149,147,FieldHockeyPenalty/v_FieldHockeyPenalty_g06_c04.avi
0.01581241042663901,0.12657892485401034,6.001301942078902,0.9976744186046511,367.6279069767442,347.6344660874383,0.25813953488372093,129,127,FieldHockeyPenalty/v_FieldHockeyPenalty_g06_c05.avi
0.009437122123246214,0.07753095986545532,3.25,0.9992732558139535,416.1860465116279,342.9534686597663,0.10988372093023256,132,130,FieldHockeyPenalty/v_FieldHockeyPenalty_g06_c06.avi
0.019093672379187618,0.09831974632849448,1.25,0.9986918604651163,353.6744186046512,310.5538728630563,0.1680232558139535,141,139,FieldHockeyPenalty/v_FieldHockeyPenalty_g06_c07.avi
0.24575455258407553,1.8058900757999012,46.52956049652737,0.9566860465116279,237.02325581395348,142.93167799842757,0.19186046511627908,73,71,FieldHockeyPenalty/v_FieldHockeyPenalty_g07_c01.avi
1.7723724012028859,9.213258865960118,222.07206037680652,0.8017441860465117,209.33953488372094,198.3912766972155,0.4197674418604651,82,80,FieldHockeyPenalty/v_FieldHockeyPenalty_g07_c02.avi
0.40028722610389206,0.5681255087919787,5.522680508593631,0.864389534883721,353.6744186046512,330.6104094458677,0.2377906976744186,115,113,FieldHockeyPenalty/v_FieldHockeyPenalty_g07_c03.avi
0.9058228309613856,1.7445401453324436,27.75,0.6193313953488372,196.72558139534883,190.1531183424549,0.4622093023255814,54,52,FieldHockeyPenalty/v_FieldHockeyPenalty_g07_c04.avi
5.610295697123708,9.332694399400877,216.0,0.43270348837209305,286.47441860465113,226.02683118461766,0.15523255813953488,98,96,FloorGymnastics/v_FloorGymnastics_g01_c01.avi
2.982608115928276,4.304771095718929,21.93919153022736,0.39578488372093024,276.53953488372093,201.60086533075508,0.1372093023255814,195,192,FloorGymnastics/v_FloorGymnastics_g01_c02.avi
2.711227512104234,5.242869111335649,199.32385707686876,0.5784883720930233,292.6139534883721,242.7504313040935,0.1744186046511628,187,184,FloorGymnastics/v_FloorGymnastics_g01_c03.avi
5.073355956629724,7.0634806583082534,66.12606331848282,0.37805232558139534,298.4186046511628,214.96416494850132,0.08372093023255814,137,135,FloorGymnastics/v_FloorGymnastics_g01_c04.avi
4.161468376204292,6.930824313657623,161.07762104029226,0.429796511627907,285.69302325581396,226.4622946133806,0.15930232558139534,131,129,FloorGymnastics/v_FloorGymnastics_g01_c05.avi
12.387832156008667,26.176876916391763,166.0200006776292,0.6765988372093024,656.1860465116279,1184.6786092637788,0.2668604651162791,138,136,FloorGymnastics/v_FloorGymnastics_g02_c01.avi
12.51961960336491,17.44663295946285,226.78527840228077,0.48619186046511625,208.33488372093024,179.36041263426918,0.38546511627906976,146,144,FloorGymnastics/v_FloorGymnastics_g02_c02.avi
2.9905906280561068,12.231608262891536,219.18485349129398,0.9145348837209303,266.8279069767442,405.1178216935893,0.2505813953488372,120,118,FloorGymnastics/v_FloorGymnastics_g02_c03.avi
2.3118758564280992,11.12603483603753,235.32530675641326,0.7611918604651163,474.90232558139536,853.4328298764178,0.3226744186046512,126,124,FloorGymnastics/v_FloorGymnastics_g02_c04.avi
5.132568126397362,12.45934182586902,213.30860859327737,0.6911337209302325,347.42325581395346,474.6347064590265,0.29127906976744183,142,140,FloorGymnastics/v_FloorGymnastics_g03_c01.avi
3.540156113745327,9.132392025980032,292.16476515829214,0.6008720930232558,414.95813953488374,510.02769930823854,0.29069767441860467,144,142,FloorGymnastics/v_FloorGymnastics_g03_c02.avi
1.2262229674208747,4.113700947166196,126.50691680694776,0.6927325581395349,495.7767441860465,614.3423985978675,0.1697674418604651,154,152,FloorGymnastics/v_FloorGymnastics_g03_c03.avi
7.716679284122516,26.052773349106594,243.74166652421167,0.8122093023255814,377.45116279069765,595.8222118048666,0.30930232558139537,162,160,FloorGymnastics/v_FloorGymnastics_g03_c04.avi
5.330237019141324,9.166433712429738,136.8941196691808,0.27180232558139533,265.2651162790698,184.77541224192282,0.14709302325581394,96,94,FloorGymnastics/v_FloorGymnastics_g04_c01.avi
3.7700817696428737,5.500287054974955,86.73090567957884,0.4575581395348837,257.5627906976744,186.67323648589527,0.18255813953488373,99,97,FloorGymnastics/v_FloorGymnastics_g04_c02.avi
4.869753410798117,4.798533824343529,30.677760674469056,0.39825581395348836,357.0232558139535,292.0211435776123,0.09709302325581395,272,269,FloorGymnastics/v_FloorGymnastics_g04_c03.avi
5.398573108498444,8.305383114538511,48.11850605536294,0.3313953488372093,290.8279069767442,212.72706208221578,0.10697674418604651,140,138,FloorGymnastics/v_FloorGymnastics_g04_c04.avi
15.120459564389497,33.21358240149687,272.5472436110848,0.617296511627907,255.4418604651163,265.34061500010074,0.3843023255813954,164,161,FloorGymnastics/v_FloorGymnastics_g04_c05.avi
1.813260439311366,2.376598759320541,22.070908454343243,0.4747093023255814,284.0186046511628,230.19393164350546,0.175,181,178,FloorGymnastics/v_FloorGymnastics_g05_c01.avi
2.6436867587901456,2.936102399742822,22.25,0.4594476744186046,318.51162790697674,256.8315321593192,0.1186046511627907,212,209,FloorGymnastics/v_FloorGymnastics_g05_c02.avi
14.604770071074478,39.893166412534114,383.03263568526376,0.5936046511627907,242.04651162790697,264.9740622223654,0.44011627906976747,163,160,FloorGymnastics/v_FloorGymnastics_g05_c03.avi
1.7034153933606362,5.72320065234169,114.0,0.7553779069767442,295.8511627906977,259.78648869398546,0.20872093023255814,117,115,FloorGymnastics/v_FloorGymnastics_g05_c04.avi
6.684555342074494,11.999032113435925,180.5,0.37383720930232556,238.8093023255814,153.55894529759118,0.20116279069767443,156,154,FloorGymnastics/v_FloorGymnastics_g06_c01.avi
7.191772582025879,10.109159302583953,113.28972813101812,0.3190406976744186,237.35813953488372,175.1153695890401,0.24593023255813953,183,180,FloorGymnastics/v_FloorGymnastics_g06_c02.avi
4.8705452179988,9.637314350363066,318.0,0.3158430232558139,241.26511627906976,178.21408458906023,0.23488372093023255,185,182,FloorGymnastics/v_FloorGymnastics_g06_c03.avi
0.12055717631124117,0.3757060174807633,13.532368602724357,0.9844476744186047,272.4093023255814,244.11446020444717,0.2563953488372093,179,176,FloorGymnastics/v_FloorGymnastics_g06_c04.avi
0.21083477536789338,0.4478991518826507,7.754031209635412,0.9792151162790698,284.4651162790698,258.0603272571285,0.24709302325581395,177,174,FloorGymnastics/v_FloorGymnastics_g06_c05.avi
0.15731125843307528,0.38418817224262963,7.211102550927978,0.9732558139534884,264.48372093023255,236.08983009550997,0.26744186046511625,198,195,FloorGymnastics/v_FloorGymnastics_g06_c06.avi
0.11912348651188268,0.3812365396658216,8.753570700005799,0.985610465116279,228.87441860465117,236.4539151647843,0.42034883720930233,198,195,FloorGymnastics/v_FloorGymnastics_g06_c07.avi
7.830156240498136,9.466382844456394,262.50964268003565,0.4011627906976744,208.44651162790697,194.24679979865127,0.41511627906976745,143,141,FloorGymnastics/v_FloorGymnastics_g07_c01.avi
6.63455968739737,12.189669068459068,216.0,0.44636627906976745,273.6372093023256,415.8207110423276,0.2709302325581395,127,125,FloorGymnastics/v_FloorGymnastics_g07_c02.avi
11.273138387906807,22.238030438423962,196.22945752358385,0.44811046511627906,232.66976744186047,235.31520230284661,0.4005813953488372,124,122,FloorGymnastics/v_FloorGymnastics_g07_c03.avi
2.158124177434696,10.454135779001021,196.50461190516623,0.6691860465116279,237.46976744186045,205.4791739969225,0.3081395348837209,134,132,FloorGymnastics/v_FloorGymnastics_g07_c04.avi
9.721533911916564,16.302308048080626,232.6753371116071,0.45377906976744187,265.2651162790698,233.91709809914713,0.25872093023255816,175,172,FloorGymnastics/v_FloorGymnastics_g07_c05.avi
8.39082893634838,15.302098876975512,291.9794513317675,0.40421511627906975,247.73953488372092,184.6490248836461,0.21976744186046512,114,112,FloorGymnastics/v_FloorGymnastics_g07_c06.avi
4.382288479297496,7.277650409700597,260.0,0.4305232558139535,272.9674418604651,407.67660902315544,0.2372093023255814,138,136,FloorGymnastics/v_FloorGymnastics_g07_c07.avi
3.2398010741829335,8.621769509546201,102.70589077555387,0.6164244186046511,384.1488372093023,361.1561489079159,0.2627906976744186,104,102,FrisbeeCatch/v_FrisbeeCatch_g01_c01.avi
3.778342220623585,4.784682503474679,98.04590761474952,0.45901162790697675,377.6744186046512,333.17330645820033,0.1755813953488372,65,63,FrisbeeCatch/v_FrisbeeCatch_g01_c02.avi
9.562628695887444,18.85054993137568,123.33516327471254,0.5130813953488372,366.4,305.77080335775435,0.11337209302325581,101,99,FrisbeeCatch/v_FrisbeeCatch_g01_c03.avi
7.046608954574122,16.17129640177281,276.75815819050393,0.6582848837209302,358.3627906976744,362.5874951494103,0.3436046511627907,92,90,FrisbeeCatch/v_FrisbeeCatch_g01_c04.avi
8.440955436311611,25.015022125005167,289.0155705148081,0.735610465116279,306.0093023255814,320.58664236412585,0.3627906976744186,86,84,FrisbeeCatch/v_FrisbeeCatch_g01_c05.avi
3.7967179978962187,16.783866105868235,245.0617269179339,0.6063953488372092,340.3906976744186,305.3986124258037,0.1930232558139535,103,101,FrisbeeCatch/v_FrisbeeCatch_g01_c06.avi
2.7885733249107614,3.9502776111008635,27.294688127912362,0.5883720930232558,364.9488372093023,336.72246827050725,0.2255813953488372,109,107,FrisbeeCatch/v_FrisbeeCatch_g02_c01.avi
11.48217922061509,20.872138336276645,100.2715843347456,0.548110465116279,349.09767441860464,307.1444243942126,0.17093023255813952,87,85,FrisbeeCatch/v_FrisbeeCatch_g02_c02.avi
9.691047979485745,21.233990684923445,115.71253443339663,0.5597383720930232,341.6186046511628,289.5205075724857,0.1377906976744186,100,98,FrisbeeCatch/v_FrisbeeCatch_g02_c03.avi
3.5783484363542035,5.178414619661952,67.00746227100382,0.4806686046511628,372.53953488372093,340.9019051019065,0.2186046511627907,107,105,FrisbeeCatch/v_FrisbeeCatch_g02_c04.avi
7.468951566523296,17.93293829131218,208.2584407052929,0.5425872093023256,314.49302325581397,281.46493638896,0.20465116279069767,91,89,FrisbeeCatch/v_FrisbeeCatch_g02_c05.avi
4.4911414510398515,11.114568863326356,255.04901489713697,0.46584302325581395,352.0,285.007711033995,0.09069767441860466,70,68,FrisbeeCatch/v_FrisbeeCatch_g03_c01.avi
0.35501086172551755,2.5837226829046,94.92101980067429,0.9011627906976745,332.8,328.5597492651973,0.29767441860465116,100,98,FrisbeeCatch/v_FrisbeeCatch_g03_c02.avi
3.3320692021291323,12.854215508831496,180.01111076819674,0.6196220930232558,379.90697674418607,301.93852862396363,0.06162790697674419,58,56,FrisbeeCatch/v_FrisbeeCatch_g03_c03.avi
0.728903120700246,5.690140840457124,202.50061728300977,0.7469476744186047,395.31162790697675,322.9566471080962,0.09069767441860466,96,94,FrisbeeCatch/v_FrisbeeCatch_g03_c04.avi
0.26472152493412976,0.7427955839247947,13.894693231590253,0.9582848837209302,343.293023255814,340.9065106757166,0.3081395348837209,58,56,FrisbeeCatch/v_FrisbeeCatch_g03_c05.avi
4.2083908225616415,9.877900360168752,141.0319112825179,0.6002906976744186,365.95348837209303,326.403798533555,0.18546511627906978,78,76,FrisbeeCatch/v_FrisbeeCatch_g04_c01.avi
2.4584669888802297,6.701761331521244,162.47249767268306,0.47674418604651164,343.8511627906977,291.0683707518498,0.13546511627906976,70,68,FrisbeeCatch/v_FrisbeeCatch_g04_c02.avi
6.148803201245659,10.152892888224713,152.04625118693326,0.4292151162790698,342.6232558139535,299.0941399884762,0.16511627906976745,69,67,FrisbeeCatch/v_FrisbeeCatch_g04_c03.avi
7.7476240017905145,23.164988681137498,153.50732881527188,0.6030523255813953,331.2372093023256,342.7693705776021,0.3546511627906977,64,62,FrisbeeCatch/v_FrisbeeCatch_g04_c04.avi
5.167870251138964,20.22138875765765,294.0,0.8406976744186047,451.57209302325583,403.1522802635076,0.2744186046511628,84,82,FrisbeeCatch/v_FrisbeeCatch_g04_c05.avi
8.629327057298406,9.884708589648783,145.6193668438371,0.3267441860465116,255.66511627906976,203.01403191705504,0.225,71,69,FrisbeeCatch/v_FrisbeeCatch_g05_c01.avi
11.73391498078058,16.762179596442014,174.39323381370048,0.3598837209302326,235.5720930232558,143.70422842669691,0.1994186046511628,90,88,FrisbeeCatch/v_FrisbeeCatch_g05_c02.avi
15.444337032085729,26.98804147564147,107.18675291284833,0.3969476744186046,255.7767441860465,189.86709285060226,0.19651162790697674,58,56,FrisbeeCatch/v_FrisbeeCatch_g05_c03.avi
9.88669043136751,15.124469729544785,203.67744106797886,0.44476744186046513,248.29767441860466,206.3250646920366,0.2633720930232558,72,70,FrisbeeCatch/v_FrisbeeCatch_g05_c04.avi
8.699126564905406,11.285604365072228,93.0,0.3367732558139535,223.51627906976745,193.2110749994258,0.3436046511627907,75,73,FrisbeeCatch/v_FrisbeeCatch_g05_c05.avi
3.091469140977778,5.719163169743925,42.14558102577303,0.6406976744186047,237.13488372093022,180.04024212138245,0.2563953488372093,75,73,FrisbeeCatch/v_FrisbeeCatch_g06_c01.avi
4.962967849597683,10.75104592398412,60.5,0.6376453488372092,200.85581395348837,172.7329237039489,0.40813953488372096,102,100,FrisbeeCatch/v_FrisbeeCatch_g06_c02.avi
8.391046439886544,23.704914622728502,215.52088065892826,0.7603197674418605,226.75348837209302,237.0614083418905,0.4313953488372093,86,84,FrisbeeCatch/v_FrisbeeCatch_g06_c03.avi
1.6462957883893898,3.001530006374456,60.76851569686395,0.5344476744186046,236.13023255813954,147.8248547797142,0.20348837209302326,112,110,FrisbeeCatch/v_FrisbeeCatch_g06_c04.avi
11.133038907587855,15.599496002513215,79.50039308078922,0.3090116279069767,252.87441860465117,151.2620336831563,0.1372093023255814,91,89,FrisbeeCatch/v_FrisbeeCatch_g06_c05.avi
16.308788944921908,24.778045376747215,124.39767381265617,0.4191860465116279,326.2139534883721,271.5675268984959,0.13430232558139535,112,110,FrisbeeCatch/v_FrisbeeCatch_g07_c01.avi
10.750167348074143,23.57097202128863,336.00595232822883,0.6277616279069768,293.73023255813956,287.4629064320552,0.2988372093023256,122,120,FrisbeeCatch/v_FrisbeeCatch_g07_c02.avi
11.084842202154206,22.212051581783264,276.3059898011623,0.457703488372093,314.8279069767442,352.3170389938396,0.44709302325581396,141,139,FrisbeeCatch/v_FrisbeeCatch_g07_c03.avi
1.4915100556934315,3.044114222893285,50.1422975141746,0.7040697674418605,367.9627906976744,390.97235792569717,0.4308139534883721,67,65,FrisbeeCatch/v_FrisbeeCatch_g07_c04.avi
7.46253477915742,15.314992250806059,118.83976870139053,0.4324127906976744,339.8325581395349,286.1743977310195,0.13313953488372093,80,78,FrisbeeCatch/v_FrisbeeCatch_g07_c05.avi
5.091185858146256,15.35890173881231,124.02022264534119,0.37369186046511627,372.42790697674417,308.6383646785234,0.10523255813953489,127,125,FrisbeeCatch/v_FrisbeeCatch_g07_c06.avi
0.788594747784313,2.863928640076956,83.0,0.8030523255813954,319.1813953488372,291.61439915306283,0.21976744186046512,139,137,FrontCrawl/v_FrontCrawl_g01_c01.avi
1.4686766096375317,6.825306983226921,163.5,0.7568313953488373,331.57209302325583,298.471210349084,0.1994186046511628,140,138,FrontCrawl/v_FrontCrawl_g01_c02.avi
0.914867200238208,2.038263322053149,27.459060435491963,0.7784883720930232,331.46046511627907,313.9326058171284,0.25116279069767444,134,132,FrontCrawl/v_FrontCrawl_g01_c03.avi
1.0508252677023182,4.9799969605374095,173.0,0.7197674418604652,340.3906976744186,336.7713127966352,0.3023255813953488,152,150,FrontCrawl/v_FrontCrawl_g01_c04.avi
1.1057034050783432,6.239682356808272,302.105941682715,0.828343023255814,229.09767441860464,121.36366547248502,0.19593023255813954,100,98,FrontCrawl/v_FrontCrawl_g02_c01.avi
0.9153055656693413,3.8325367099079357,182.43903091169938,0.8392441860465116,242.3813953488372,139.9119444936939,0.16395348837209303,90,88,FrontCrawl/v_FrontCrawl_g02_c02.avi
0.6981884727574175,2.196290718897578,73.68174807915459,0.8251453488372092,252.65116279069767,145.6262951787387,0.12906976744186047,93,91,FrontCrawl/v_FrontCrawl_g02_c03.avi
0.8950876359087145,5.259450976470641,288.0,0.7704941860465117,246.84651162790698,127.46694847272191,0.12674418604651164,135,133,FrontCrawl/v_FrontCrawl_g02_c04.avi
1.9081940979759016,9.871229149640463,254.0019684963091,0.6359011627906976,250.64186046511628,172.39397042355958,0.18372093023255814,230,227,FrontCrawl/v_FrontCrawl_g03_c01.avi
2.040155591832726,6.498801068245673,112.0,0.6440406976744186,260.68837209302325,191.831056012415,0.18023255813953487,210,207,FrontCrawl/v_FrontCrawl_g03_c02.avi
2.8119732863034312,19.545919458635918,336.04501186597014,0.5861918604651163,248.6325581395349,172.19537270736407,0.19186046511627908,240,237,FrontCrawl/v_FrontCrawl_g03_c03.avi
1.8253018978719626,4.597390178727733,224.26393490706437,0.5835755813953488,247.51627906976745,154.4239662840547,0.16511627906976745,257,254,FrontCrawl/v_FrontCrawl_g03_c04.avi
1.9055946765285776,5.654170751135931,112.00111606586785,0.6844476744186047,228.4279069767442,166.37543189269175,0.2691860465116279,194,191,FrontCrawl/v_FrontCrawl_g03_c05.avi
2.1228051115673914,8.636601712352444,301.2507261402037,0.5927325581395348,250.53023255813955,189.0529586624226,0.21686046511627907,201,198,FrontCrawl/v_FrontCrawl_g03_c06.avi
1.7172039652228441,5.46264090377238,89.27485648266257,0.6539244186046511,348.09302325581393,360.3693075975003,0.36686046511627907,355,351,FrontCrawl/v_FrontCrawl_g04_c01.avi
1.4282341072247258,3.0587590889403344,32.28002478313795,0.6588662790697675,385.2651162790698,376.17239917277965,0.31976744186046513,263,260,FrontCrawl/v_FrontCrawl_g04_c02.avi
0.8683052336769942,2.623636561073079,28.036806166180913,0.7510174418604652,422.66046511627906,393.12982774173827,0.2947674418604651,268,265,FrontCrawl/v_FrontCrawl_g04_c03.avi
2.088007641558619,3.8901895043160155,27.61934331225129,0.5800872093023256,368.63255813953486,365.6770590262767,0.325,330,326,FrontCrawl/v_FrontCrawl_g04_c04.avi
1.5885224602329298,3.327897560164946,145.25344230000198,0.5424418604651163,378.34418604651165,378.53653647031507,0.3488372093023256,393,389,FrontCrawl/v_FrontCrawl_g04_c05.avi
1.4168252082442072,2.664432258792959,66.40030120413611,0.5748546511627907,370.5302325581395,366.93171250810684,0.3244186046511628,312,309,FrontCrawl/v_FrontCrawl_g04_c06.avi
1.1259250953838784,2.693666074356124,47.5,0.7087209302325581,412.83720930232556,386.42890559659753,0.29011627906976745,385,381,FrontCrawl/v_FrontCrawl_g04_c07.avi
1.928580171687421,10.546172870096864,319.00626953086675,0.7507267441860465,226.1953488372093,210.4045692685032,0.3691860465116279,101,99,FrontCrawl/v_FrontCrawl_g05_c01.avi
2.883756426294804,10.700818677431307,272.8279276851987,0.5800872093023256,165.58139534883722,133.25866306463507,0.5174418604651163,104,102,FrontCrawl/v_FrontCrawl_g05_c02.avi
1.6060661952459325,5.15381773634676,130.00384609695206,0.6382267441860465,246.62325581395348,170.7222480252501,0.19767441860465115,101,99,FrontCrawl/v_FrontCrawl_g05_c03.avi
2.1973202196403774,6.282200637067028,248.1859496929671,0.576889534883721,237.91627906976746,169.89444729997498,0.23372093023255813,147,145,FrontCrawl/v_FrontCrawl_g05_c04.avi
1.2292641923031318,2.6592730963365225,134.6124065604653,0.5670058139534884,297.52558139534887,234.582693400998,0.13488372093023257,151,149,FrontCrawl/v_FrontCrawl_g06_c01.avi
1.6954908999698606,4.323640020231079,62.07253821135398,0.48328488372093026,281.7860465116279,200.62361100745912,0.11453488372093024,109,107,FrontCrawl/v_FrontCrawl_g06_c02.avi
2.3587956879839265,10.483067268843802,203.50003839065977,0.6640988372093023,251.9813953488372,205.75370154721054,0.24651162790697675,101,99,FrontCrawl/v_FrontCrawl_g06_c03.avi
4.81301979315773,15.8654696343045,83.41013127911981,0.5677325581395349,290.26976744186044,253.49395069602903,0.21220930232558138,127,125,FrontCrawl/v_FrontCrawl_g06_c04.avi
2.2630270015809644,3.899265865254027,40.024992192379,0.6609011627906977,295.6279069767442,282.8082613884763,0.27732558139534885,144,142,FrontCrawl/v_FrontCrawl_g06_c05.avi
1.7280748247370168,2.9650223914248652,42.0,0.5398255813953489,254.54883720930232,181.25673988699526,0.18430232558139534,269,266,FrontCrawl/v_FrontCrawl_g07_c01.avi
1.5966580269314414,10.817403550440728,296.4877737782791,0.570203488372093,201.30232558139534,145.69473261196075,0.35930232558139535,201,198,FrontCrawl/v_FrontCrawl_g07_c02.avi
1.0488897363223404,7.289285335516668,306.7523431043356,0.8444767441860465,252.9860465116279,228.05204381680312,0.2947674418604651,183,180,FrontCrawl/v_FrontCrawl_g07_c03.avi
1.7748952160474687,7.42781312124928,126.0,0.8023255813953488,229.87906976744185,152.2943425450456,0.23837209302325582,220,217,FrontCrawl/v_FrontCrawl_g07_c04.avi
1.5869175377659657,3.671703497398387,68.4470598345904,0.6196220930232558,216.70697674418605,159.0271081108996,0.30930232558139537,176,173,FrontCrawl/v_FrontCrawl_g07_c05.avi
3.009536379447781,10.842599149416957,276.0,0.6450581395348837,207.10697674418606,129.83031035243178,0.3081395348837209,284,281,FrontCrawl/v_FrontCrawl_g07_c06.avi
1.6012935789530212,7.363612485324911,127.00393694685216,0.9084302325581395,211.46046511627907,140.91134296616386,0.3040697674418605,158,156,FrontCrawl/v_FrontCrawl_g07_c07.avi
0.052615026286377785,0.2369890277428718,10.621322893124,0.9906976744186047,310.5860465116279,269.6270133293919,0.18313953488372092,173,170,GolfSwing/v_GolfSwing_g01_c01.avi
0.09747859624835742,0.3766136719059373,9.433981132056603,0.9869186046511628,346.6418604651163,480.7731922993918,0.32558139534883723,97,95,GolfSwing/v_GolfSwing_g01_c02.avi
0.032648704015189295,0.13739959200064067,3.181980515339464,0.9979651162790698,277.9906976744186,397.1813011207582,0.17151162790697674,192,189,GolfSwing/v_GolfSwing_g01_c03.avi
0.032296611941775896,0.14164051057162041,2.7613402542968153,0.9956395348837209,225.4139534883721,130.1508634130432,0.22441860465116278,77,75,GolfSwing/v_GolfSwing_g01_c04.avi
0.05115642215800286,0.20454108120919073,3.25,0.9899709302325581,274.6418604651163,225.700227439642,0.2005813953488372,622,617,GolfSwing/v_GolfSwing_g01_c05.avi
0.06430203763698715,0.25477091024238124,5.669270235224284,0.9848837209302326,247.29302325581395,128.83601510654674,0.12674418604651164,519,514,GolfSwing/v_GolfSwing_g01_c06.avi
0.1729286250415413,0.6106371739654011,12.562344526401112,0.9510174418604651,217.26511627906976,165.4365878428333,0.31802325581395346,141,139,GolfSwing/v_GolfSwing_g02_c01.avi
0.024665987707796683,0.1416115626985795,5.830951894845301,0.9962209302325581,291.9441860465116,231.37091262815207,0.14767441860465116,118,116,GolfSwing/v_GolfSwing_g02_c02.avi
0.1051486941411947,0.4345694858380697,8.25,0.9734011627906977,405.69302325581396,759.772033556501,0.24825581395348836,93,91,GolfSwing/v_GolfSwing_g02_c03.avi
0.0703137575738429,0.5817113524669001,30.479501308256342,0.9805232558139535,202.41860465116278,172.35580188831656,0.4,123,121,GolfSwing/v_GolfSwing_g02_c04.avi
0.10629528053930036,0.49165215738195156,19.235384061671343,0.9741279069767442,543.7767441860465,967.538745774786,0.16162790697674417,133,131,GolfSwing/v_GolfSwing_g03_c01.avi
0.11724361723097977,0.384270501000956,5.385164807134504,0.9655523255813954,536.1860465116279,901.8339778064642,0.09883720930232558,114,112,GolfSwing/v_GolfSwing_g03_c02.avi
0.1387298369152822,0.37311364071842357,3.5,0.9616279069767442,446.9953488372093,840.319869870573,0.2563953488372093,181,178,GolfSwing/v_GolfSwing_g03_c03.avi
0.1346023028158947,0.5956448862718242,14.0089257261219,0.9475290697674419,257.0046511627907,220.61806410836994,0.25988372093023254,146,144,GolfSwing/v_GolfSwing_g03_c04.avi
0.08104905187119847,0.21367429714532168,1.5,0.9790697674418605,310.13953488372096,424.25911243425827,0.17151162790697674,147,145,GolfSwing/v_GolfSwing_g03_c05.avi
0.1438810873400035,0.6889562369038028,12.693502274786104,0.9678779069767441,689.339534883721,1123.1400463814962,0.10348837209302325,253,250,GolfSwing/v_GolfSwing_g03_c06.avi
0.11654689795930463,0.48107596151801435,10.509668167929947,0.9668604651162791,368.52093023255816,581.20928326832,0.24186046511627907,174,171,GolfSwing/v_GolfSwing_g03_c07.avi
1.834437215391246,3.313901015309626,14.011156269202054,0.7309593023255814,241.48837209302326,204.9671978399792,0.2895348837209302,126,124,GolfSwing/v_GolfSwing_g04_c01.avi
2.0408446633655384,2.2050461849460117,18.33712082089225,0.37616279069767444,248.4093023255814,210.3922801373038,0.27209302325581397,123,121,GolfSwing/v_GolfSwing_g04_c02.avi
0.2689863303736688,2.5239452102940527,152.89140345356242,0.9251453488372093,281.0046511627907,267.82659259173073,0.28837209302325584,172,169,GolfSwing/v_GolfSwing_g04_c03.avi
0.16334220950676945,0.7891374577629738,33.13608305156178,0.9616279069767442,283.12558139534883,435.8321610452883,0.3261627906976744,184,181,GolfSwing/v_GolfSwing_g04_c04.avi
0.1585743515945023,1.2312582914437333,35.84689665786984,0.9787790697674419,328.11162790697676,293.2132593287471,0.1941860465116279,346,342,GolfSwing/v_GolfSwing_g04_c05.avi
0.09109161665558146,0.4386544268364474,10.259142264341596,0.9742732558139535,660.2046511627907,1132.0690072551536,0.20174418604651162,234,231,GolfSwing/v_GolfSwing_g04_c06.avi
0.617325791704672,0.9203888447917705,9.055385138137417,0.7181686046511628,319.1813953488372,276.524744892004,0.17325581395348838,115,113,GolfSwing/v_GolfSwing_g05_c01.avi
1.8118245255808285,2.6275108096691486,24.839484696748443,0.4678779069767442,223.85116279069769,165.61669443444436,0.28837209302325584,97,95,GolfSwing/v_GolfSwing_g05_c02.avi
1.1421558774719018,2.255984014203397,22.02271554554524,0.6690406976744186,229.2093023255814,186.70914554393366,0.30465116279069765,102,100,GolfSwing/v_GolfSwing_g05_c03.avi
2.602893483534645,3.4605352683240693,29.038767191463208,0.5454941860465117,242.04651162790697,263.35138375379876,0.43546511627906975,163,160,GolfSwing/v_GolfSwing_g05_c04.avi
0.6049453726977456,0.7439633747895992,5.385164807134504,0.7061046511627908,452.4651162790698,830.7276538250293,0.15813953488372093,121,119,GolfSwing/v_GolfSwing_g05_c05.avi
0.7852255558948436,1.028205135628872,19.5,0.7203488372093023,261.9162790697674,195.61436306497913,0.18313953488372092,182,179,GolfSwing/v_GolfSwing_g05_c06.avi
0.8147866302744137,1.1868089788835539,15.799525309324961,0.6222383720930232,202.53023255813955,174.79800373359024,0.40406976744186046,133,131,GolfSwing/v_GolfSwing_g05_c07.avi
0.9544019855340967,1.3169368281949776,12.976541334269314,0.6390988372093023,275.646511627907,248.70497264442426,0.2558139534883721,158,156,GolfSwing/v_GolfSwing_g06_c01.avi
0.4545150814877412,0.8175713142759694,15.0,0.8684593023255814,290.71627906976744,416.4717232257429,0.20755813953488372,110,108,GolfSwing/v_GolfSwing_g06_c02.avi
0.5346331725152639,0.866973118969019,15.297058540778355,0.786046511627907,238.25116279069766,192.2399474156421,0.2761627906976744,92,90,GolfSwing/v_GolfSwing_g06_c03.avi
0.7126539186043171,1.2418723889270211,6.504805915628844,0.8178779069767442,267.0511627906977,200.48070645685237,0.17267441860465116,128,126,GolfSwing/v_GolfSwing_g06_c04.avi
1.0118009401311905,1.333158042222986,23.0,0.5536337209302326,232.5581395348837,226.05960341072242,0.37790697674418605,153,151,GolfSwing/v_GolfSwing_g07_c01.avi
0.9561507493590176,1.7730211905189568,17.4928556845359,0.7469476744186047,230.88372093023256,232.19610890539457,0.4005813953488372,102,100,GolfSwing/v_GolfSwing_g07_c02.avi
0.789140787705974,1.2379329626197144,11.845357740482134,0.6709302325581395,292.1674418604651,397.5731611601206,0.1186046511627907,128,126,GolfSwing/v_GolfSwing_g07_c03.avi
0.679778198557001,0.971927030744685,9.75,0.7257267441860465,308.13023255813954,431.96785169725985,0.21453488372093024,112,110,GolfSwing/v_GolfSwing_g07_c04.avi
0.602718534806482,0.7012015285520639,15.5,0.698110465116279,279.21860465116276,290.107507944029,0.3627906976744186,136,134,GolfSwing/v_GolfSwing_g07_c05.avi
0.806708651631836,3.8382742646778327,133.77593206552515,0.83125,371.31162790697675,357.00257390076126,0.28313953488372096,136,134,Haircut/v_Haircut_g01_c01.avi
1.4059876873991624,8.551505951417337,134.00373129133382,0.7875,345.9720930232558,336.2806955475512,0.28255813953488373,124,122,Haircut/v_Haircut_g01_c02.avi
1.1260227320745861,2.671516618114683,47.1210210521801,0.7890988372093023,399.4418604651163,374.82009962768905,0.2761627906976744,111,109,Haircut/v_Haircut_g01_c03.avi
1.0476249450262212,2.79636516198813,27.65863337187866,0.7752906976744186,364.0558139534884,350.9666606457123,0.2813953488372093,106,104,Haircut/v_Haircut_g01_c04.avi
1.5208936674779407,3.1006797394841654,65.0,0.6578488372093023,272.29767441860463,396.1322597364345,0.18953488372093022,90,88,Haircut/v_Haircut_g02_c01.avi
1.490676433961744,3.0900659226925487,35.00736529646297,0.7066860465116279,179.646511627907,176.40826240845635,0.5186046511627908,84,82,Haircut/v_Haircut_g02_c02.avi
0.9820410791889131,2.4647585718142837,26.40075756488817,0.7475290697674418,234.2325581395349,414.4113694458853,0.42965116279069765,78,76,Haircut/v_Haircut_g02_c03.avi
0.5127778347781837,1.4360432230704188,21.0,0.885610465116279,246.1767441860465,207.21988415545374,0.2744186046511628,105,103,Haircut/v_Haircut_g02_c04.avi
0.42266531968254856,1.2831351395151562,47.70744176750625,0.8821220930232558,302.2139534883721,325.5963127479603,0.3941860465116279,102,100,Haircut/v_Haircut_g03_c01.avi
0.24318352423154693,0.8882244731350547,11.313708498984761,0.9337209302325581,351.4418604651163,356.8039851642591,0.34244186046511627,80,78,Haircut/v_Haircut_g03_c02.avi
0.2453192808056621,2.1640540965691644,41.30375285612676,0.9697674418604652,384.3720930232558,378.40872594638125,0.3313953488372093,80,78,Haircut/v_Haircut_g03_c03.avi
0.44769749992810254,2.910421611726693,96.0,0.9296511627906977,495.553488372093,794.5614824949519,0.3569767441860465,101,99,Haircut/v_Haircut_g03_c04.avi
0.3806178787263076,1.6534241572903572,37.25754957052329,0.9329941860465116,358.25116279069766,372.56010869612857,0.38372093023255816,94,92,Haircut/v_Haircut_g03_c05.avi
0.16698428836644622,0.5569090402613321,10.644834428021884,0.9434593023255814,395.7581395348837,495.525520537051,0.26046511627906976,116,114,Haircut/v_Haircut_g03_c06.avi
1.6223235536625948,3.7399006894023312,110.22250223978767,0.5180232558139535,368.4093023255814,315.4690563190978,0.14011627906976745,150,148,Haircut/v_Haircut_g04_c01.avi
1.9506055383117078,7.82745823517715,286.3360132781065,0.8386627906976745,352.2232558139535,364.7059171041718,0.37093023255813956,146,144,Haircut/v_Haircut_g04_c02.avi
2.077432383112639,3.9807320136351585,35.84624282961884,0.5406976744186046,321.07906976744187,344.5624772442816,0.3959302325581395,146,144,Haircut/v_Haircut_g04_c03.avi
2.0670222952549464,6.591118567911505,107.96758772891057,0.5774709302325581,390.1767441860465,507.0974094934632,0.3383720930232558,151,149,Haircut/v_Haircut_g04_c04.avi
1.1895178544713063,3.11887554494923,128.00390619039717,0.5132267441860465,360.706976744186,368.3449630601594,0.35930232558139535,155,153,Haircut/v_Haircut_g04_c05.avi
1.441777198457522,4.544072013618384,190.51049839838223,0.7607558139534883,223.51627906976745,219.19579962262318,0.40174418604651163,101,99,Haircut/v_Haircut_g05_c01.avi
0.666633045529048,2.6393163041578687,102.30347012687302,0.8832848837209303,206.32558139534885,185.75148701151107,0.40755813953488373,106,104,Haircut/v_Haircut_g05_c02.avi
0.47527827137822964,2.011907776524133,52.11540679108242,0.8840116279069767,236.5767441860465,202.66549922334139,0.3058139534883721,108,106,Haircut/v_Haircut_g05_c03.avi
1.0187466130843803,3.072962165736837,58.309518948453004,0.7389534883720931,242.71627906976744,234.72986644248778,0.35523255813953486,101,99,Haircut/v_Haircut_g05_c04.avi
2.5020733425338464,3.6057589533369914,24.0,0.42601744186046514,392.29767441860463,748.6716451957915,0.19244186046511627,98,96,Haircut/v_Haircut_g06_c01.avi
1.3210331711045444,12.180373956277611,244.24577785501228,0.8444767441860465,628.5023255813953,1133.3261558686393,0.21569767441860466,135,133,Haircut/v_Haircut_g06_c02.avi
0.9960168486173064,2.1719237470159594,54.589376255824725,0.6300872093023255,1077.246511627907,1549.5775417308644,0.16686046511627908,127,125,Haircut/v_Haircut_g06_c03.avi
1.3556753893033593,3.851949136876209,85.80009469691744,0.6680232558139535,386.6046511627907,507.43816851128537,0.35,176,173,Haircut/v_Haircut_g06_c04.avi
2.229410053214373,7.59901947043238,126.0,0.6267441860465116,242.6046511627907,241.96233990407487,0.3744186046511628,115,113,Haircut/v_Haircut_g07_c01.avi
0.8921382826747637,3.1874709991373944,202.40553352119602,0.8116279069767441,281.33953488372094,266.87314479680634,0.28430232558139534,112,110,Haircut/v_Haircut_g07_c02.avi
1.9866326690297065,3.9267678971381876,134.0,0.6161337209302326,261.13488372093025,429.1445416410831,0.3825581395348837,122,120,Haircut/v_Haircut_g07_c03.avi
0.9448803713417856,2.5312229852680943,110.0,0.7380813953488372,307.2372093023256,440.6212258414016,0.25872093023255816,116,114,Haircut/v_Haircut_g07_c04.avi
0.7119258672147074,3.721471820614187,109.93463967285288,0.8997093023255814,332.8,560.0929092362661,0.22325581395348837,119,117,Haircut/v_Haircut_g07_c05.avi
1.4814219597267857,3.8014839999022096,117.0,0.5799418604651163,275.7581395348837,236.2778362904995,0.22267441860465118,108,106,Haircut/v_Haircut_g07_c06.avi
4.537481527156498,14.098593587691216,348.1292863290878,0.3491279069767442,244.8372093023256,155.9118609436424,0.17906976744186046,99,97,Hammering/v_Hammering_g01_c01.avi
4.020989086958751,15.181118765296814,274.2735860413831,0.38401162790697674,271.293023255814,248.96754752129223,0.2738372093023256,144,142,Hammering/v_Hammering_g01_c02.avi
4.5613794865900426,8.327226963067107,149.9587443265647,0.42950581395348836,236.24186046511628,165.5525409925707,0.23313953488372094,74,72,Hammering/v_Hammering_g01_c03.avi
2.306250192282696,7.045839258546995,49.20365840057018,0.6809593023255814,277.8790697674419,430.8615104529904,0.32325581395348835,80,78,Hammering/v_Hammering_g01_c04.avi
0.7356325778801746,1.4090214154403433,14.252192813739224,0.7361918604651163,463.8511627906977,914.988807244312,0.3383720930232558,75,73,Hammering/v_Hammering_g02_c01.avi
0.5259026813934708,1.1875660736549274,41.19465984809196,0.8364825581395349,395.42325581395346,835.4222340987873,0.33430232558139533,75,73,Hammering/v_Hammering_g02_c02.avi
2.0655260301216476,2.546627194492181,37.20215047547655,0.40828488372093025,230.10232558139535,127.6867123322532,0.2,101,99,Hammering/v_Hammering_g02_c03.avi
1.2196712230425644,2.9730694158692637,63.00793600809346,0.5635174418604652,449.1162790697674,895.4276932958006,0.1755813953488372,112,110,Hammering/v_Hammering_g02_c04.avi
1.9195686939597942,2.188977145973413,16.1245154965971,0.3268895348837209,252.65116279069767,203.3559010666962,0.23837209302325582,194,191,Hammering/v_Hammering_g03_c01.avi
1.0797926986469397,1.5570062544817445,17.35160295188891,0.6722383720930233,208.66976744186047,153.5078144134442,0.3372093023255814,101,99,Hammering/v_Hammering_g03_c02.avi
1.0243054603712454,1.4166319910713956,14.100642715848098,0.6973837209302326,421.7674418604651,684.0575535833123,0.21104651162790697,127,125,Hammering/v_Hammering_g03_c03.avi
1.5247646625406237,2.5393813320273058,20.04759960693549,0.6441860465116279,230.77209302325582,180.27281434895744,0.28488372093023256,132,130,Hammering/v_Hammering_g03_c04.avi
2.774978534318937,3.566187675064007,34.52535300326414,0.5428779069767442,217.6,157.34958265845734,0.3023255813953488,122,120,Hammering/v_Hammering_g03_c05.avi
3.7117348185039813,7.96725692923824,289.9039711697651,0.4495639534883721,261.24651162790695,431.1114135115473,0.39127906976744187,225,222,Hammering/v_Hammering_g04_c01.avi
5.649239895576369,11.387919977534454,336.1339018903032,0.5620639534883721,210.12093023255815,233.9077223718387,0.4994186046511628,83,81,Hammering/v_Hammering_g04_c02.avi
6.53917294086346,11.615585059237201,117.88553770501282,0.36540697674418604,225.4139534883721,178.7233559018939,0.3058139534883721,89,87,Hammering/v_Hammering_g04_c03.avi
3.650844513626908,8.7697505934343,79.30952023559341,0.46424418604651163,219.83255813953488,181.85087133440913,0.3372093023255814,75,73,Hammering/v_Hammering_g04_c04.avi
3.0692140491565807,11.232589546747109,191.06543381784158,0.40261627906976744,203.4232558139535,177.01662625526177,0.40406976744186046,65,63,Hammering/v_Hammering_g04_c05.avi
12.644626054583455,19.49432354346311,322.89471968429586,0.27892441860465117,241.8232558139535,173.07405705826906,0.22267441860465118,101,99,Hammering/v_Hammering_g05_c01.avi
6.43250245236387,15.590093035743035,307.8830946966722,0.4127906976744186,207.4418604651163,165.95338408589902,0.36453488372093024,125,123,Hammering/v_Hammering_g05_c02.avi
6.076770366802049,17.08696239993187,290.25850547399983,0.29622093023255813,233.67441860465115,138.63449031078719,0.2,75,73,Hammering/v_Hammering_g05_c03.avi
5.416864785285907,8.087294669608298,51.11873433487961,0.2684593023255814,217.71162790697673,157.3086747993173,0.30174418604651165,75,73,Hammering/v_Hammering_g05_c04.avi
0.07038609504951339,0.5638279012915588,14.633544512523272,0.98125,336.0372093023256,337.1656393865034,0.31802325581395346,93,91,Hammering/v_Hammering_g06_c01.avi
0.019159849195012717,0.11311964572341894,1.6677080080157918,0.9953488372093023,343.6279069767442,342.6081240470825,0.3133720930232558,136,134,Hammering/v_Hammering_g06_c02.avi
0.07649913132758267,0.5015922046219625,11.0,0.977906976744186,315.72093023255815,324.68133397485724,0.34244186046511627,129,127,Hammering/v_Hammering_g06_c03.avi
0.05729166326516031,0.4531105210042358,12.80197738632591,0.9835755813953488,279.88837209302324,289.8313649302813,0.35930232558139535,115,113,Hammering/v_Hammering_g06_c04.avi
0.08048584172146317,0.532026663666545,10.0,0.9768895348837209,286.13953488372096,289.39629072978073,0.33372093023255817,142,140,Hammering/v_Hammering_g06_c05.avi
0.06911133032876446,0.46791317292023465,9.013878188659973,0.9832848837209303,262.80930232558137,257.62983343599285,0.3319767441860465,88,86,Hammering/v_Hammering_g06_c06.avi
1.2469066488701783,2.1160206723002917,12.293926345964499,0.6867732558139535,327.4418604651163,255.3328245074598,0.08372093023255814,111,109,Hammering/v_Hammering_g07_c01.avi
2.320550155092826,4.502187645838209,19.852975217835738,0.7456395348837209,308.0186046511628,290.8785083683756,0.2569767441860465,63,61,Hammering/v_Hammering_g07_c02.avi
1.2081584634496083,2.2950375248712542,13.021616643105418,0.6697674418604651,319.1813953488372,258.91235767377447,0.12209302325581395,107,105,Hammering/v_Hammering_g07_c03.avi
1.5207545219024141,2.276105440178691,12.947007376224052,0.6940406976744186,377.5627906976744,315.4036387863238,0.11337209302325581,103,101,Hammering/v_Hammering_g07_c04.avi
0.7799759421228425,1.11293987608989,11.625,0.6438953488372093,330.5674418604651,299.76231492900416,0.2069767441860465,129,127,Hammering/v_Hammering_g07_c05.avi
0.45631660860198897,1.1124730889528123,16.77050983124842,0.8813953488372093,375.88837209302324,459.1265991541312,0.12674418604651164,114,112,HammerThrow/v_HammerThrow_g01_c01.avi
3.525744479734684,22.87075363772192,280.04463929880893,0.7210755813953489,355.46046511627907,309.4328601629453,0.15872093023255815,248,245,HammerThrow/v_HammerThrow_g01_c02.avi
0.06581744597436336,0.6495043004742012,16.73740197880185,0.9870639534883721,534.4,709.8401313627056,0.20813953488372092,155,153,HammerThrow/v_HammerThrow_g01_c03.avi
3.208171791836596,3.1000817190316825,14.560219778561036,0.36119186046511625,371.646511627907,335.1214783903427,0.2,241,238,HammerThrow/v_HammerThrow_g01_c04.avi
0.3216579480398401,0.8560351378275063,20.0,0.9008720930232558,388.3906976744186,348.7918229079063,0.20348837209302326,155,153,HammerThrow/v_HammerThrow_g01_c05.avi
2.1833680638380195,3.88321997279507,140.0,0.5992732558139535,416.29767441860463,340.989619625387,0.10232558139534884,195,192,HammerThrow/v_HammerThrow_g01_c06.avi
0.09221436325852843,0.4085988220745192,8.73212459828649,0.9767441860465116,553.2651162790697,418.5565888687593,0.19127906976744186,271,268,HammerThrow/v_HammerThrow_g02_c01.avi
0.14232015917841595,0.7259549554148869,21.897845213627754,0.9758720930232558,521.1162790697674,422.92652665007216,0.24709302325581395,260,257,HammerThrow/v_HammerThrow_g02_c02.avi
0.23059320833677213,0.9944474346697665,51.03920062069938,0.9523255813953488,511.06976744186045,417.15656507319505,0.23430232558139535,212,209,HammerThrow/v_HammerThrow_g02_c03.avi
0.45153917432835927,1.8921197606724307,23.0,0.929796511627907,523.3488372093024,410.70234135724417,0.18895348837209303,224,221,HammerThrow/v_HammerThrow_g02_c04.avi
0.07333304692227502,0.5029032611757338,16.00439392791867,0.9767441860465116,517.2093023255813,422.1896718102353,0.24883720930232558,259,256,HammerThrow/v_HammerThrow_g02_c05.avi
0.12100117836854687,0.828204045859237,44.52544918358489,0.9732558139534884,509.50697674418603,420.00048582217136,0.24941860465116278,212,209,HammerThrow/v_HammerThrow_g02_c06.avi
0.15242679094713185,1.2753859687116065,75.70089167242351,0.9484011627906976,533.7302325581395,414.93304785503824,0.19534883720930232,236,233,HammerThrow/v_HammerThrow_g02_c07.avi
0.16081243828437847,1.0056504186294286,15.407486005185921,0.9633720930232558,576.8186046511628,1035.6473852767704,0.2779069767441861,212,209,HammerThrow/v_HammerThrow_g03_c01.avi
0.3591720485363927,1.1838393239490224,14.96349725164542,0.9260174418604651,208.7813953488372,206.98568342336878,0.44127906976744186,240,237,HammerThrow/v_HammerThrow_g03_c02.avi
2.5292893895873094,2.596846333804809,34.794036845413615,0.18473837209302327,459.8325581395349,390.51590190111585,0.20348837209302326,167,164,HammerThrow/v_HammerThrow_g03_c03.avi
0.9309283464593958,1.8833640610055842,14.7648230602334,0.78125,538.306976744186,970.1324381885928,0.19476744186046513,212,209,HammerThrow/v_HammerThrow_g03_c04.avi
4.359593816919089,5.369420067089066,49.58452379523272,0.29752906976744187,293.84186046511627,222.7081375405291,0.11918604651162791,184,181,HammerThrow/v_HammerThrow_g03_c05.avi
1.072123553512565,1.0566331420624442,9.5,0.4890988372093023,334.80930232558137,452.75326809856585,0.22209302325581395,254,251,HammerThrow/v_HammerThrow_g03_c06.avi
2.831731678012355,5.406281322220601,44.0,0.5693313953488373,353.33953488372094,300.952149591874,0.1372093023255814,226,223,HammerThrow/v_HammerThrow_g03_c07.avi
2.4833628034211084,5.657175333261706,60.93541663105292,0.6986918604651163,200.96744186046513,182.36430153637878,0.42616279069767443,122,120,HammerThrow/v_HammerThrow_g04_c01.avi
3.9436257543346125,5.042750853229112,77.75160770041992,0.5075581395348837,179.4232558139535,125.2882905072812,0.436046511627907,86,84,HammerThrow/v_HammerThrow_g04_c02.avi
0.47293922834201685,1.0745976370245498,19.75988676586989,0.8805232558139535,207.10697674418606,185.55486293985226,0.40348837209302324,107,105,HammerThrow/v_HammerThrow_g04_c03.avi
0.7656673481555085,0.9563427935934091,16.21968325831303,0.7097383720930233,246.28837209302327,165.79923585161006,0.19011627906976744,90,88,HammerThrow/v_HammerThrow_g04_c04.avi
1.701174885717812,5.022496105119003,107.0,0.5633720930232559,227.53488372093022,188.46199405113663,0.31569767441860463,103,101,HammerThrow/v_HammerThrow_g04_c05.avi
1.4070130802074559,3.4167402156987,44.77722635447622,0.7718023255813954,219.27441860465117,199.98659035629464,0.37732558139534883,105,103,HammerThrow/v_HammerThrow_g04_c06.avi
0.19615220402866831,1.0617039013051408,24.186773244895647,0.9684593023255814,171.1627906976744,119.3113827651339,0.4697674418604651,90,88,HammerThrow/v_HammerThrow_g04_c07.avi
3.8687538343361543,8.05824668328656,112.28535078094559,0.32238372093023254,384.3720930232558,354.42695467182637,0.23604651162790696,246,243,HammerThrow/v_HammerThrow_g05_c01.avi
0.7288767526601793,0.9395218209844679,15.0,0.6888081395348837,397.7674418604651,361.9413313122177,0.22906976744186047,262,259,HammerThrow/v_HammerThrow_g05_c02.avi
1.3615163786626354,5.557659327651544,115.00679327761469,0.6821220930232558,430.0279069767442,362.9956744732876,0.15406976744186046,230,227,HammerThrow/v_HammerThrow_g05_c03.avi
0.7678034975239949,1.3301242477605686,16.0,0.7098837209302326,780.8744186046512,1063.8259947096662,0.08953488372093023,254,251,HammerThrow/v_HammerThrow_g05_c04.avi
2.929637083999236,3.1710807435666535,49.924943665466465,0.3986918604651163,400.5581395348837,368.91250001362937,0.24941860465116278,247,244,HammerThrow/v_HammerThrow_g05_c05.avi
0.5821109828777388,0.8311316368657611,20.375,0.8078488372093023,388.9488372093023,524.2686264990554,0.4377906976744186,262,259,HammerThrow/v_HammerThrow_g05_c06.avi
0.337565677309476,1.3797752355244488,41.0396150079408,0.9123546511627907,183.33023255813953,160.6790177976298,0.47151162790697676,243,240,HammerThrow/v_HammerThrow_g06_c01.avi
0.4152037407508698,2.8947762105791686,162.36378906640482,0.9005813953488372,329.45116279069765,566.4373987341359,0.27325581395348836,132,130,HammerThrow/v_HammerThrow_g06_c02.avi
0.22122979357549138,0.602290144098948,11.0,0.9444767441860465,426.45581395348836,764.6065999576227,0.2377906976744186,161,159,HammerThrow/v_HammerThrow_g06_c03.avi
0.3350511521734312,1.5393635870201476,22.390008932557397,0.9414244186046512,419.86976744186046,755.3244069826335,0.17674418604651163,250,247,HammerThrow/v_HammerThrow_g06_c04.avi
0.4135566558528713,1.4510151000083062,29.516944286290883,0.9109011627906977,236.91162790697675,213.8622608338784,0.32965116279069767,235,232,HammerThrow/v_HammerThrow_g06_c05.avi
0.33449813390915945,1.5539650870822652,31.68028764073963,0.91875,327.10697674418606,561.8177331663377,0.25290697674418605,139,137,HammerThrow/v_HammerThrow_g06_c06.avi
0.4073785774078707,1.1952163610037305,19.90602923739438,0.8825581395348837,343.6279069767442,666.9856183120849,0.3040697674418605,228,225,HammerThrow/v_HammerThrow_g06_c07.avi
0.2700101512745185,0.6588253355135377,19.00657780874821,0.9373546511627907,387.9441860465116,385.2737554677771,0.35,112,110,HammerThrow/v_HammerThrow_g07_c01.avi
0.15581189611866758,1.198087364316025,41.0,0.9646802325581395,390.51162790697674,383.7431536904948,0.33662790697674416,112,110,HammerThrow/v_HammerThrow_g07_c02.avi
0.34535706701471314,0.5516997953061991,7.0710678118654755,0.9130813953488373,650.8279069767442,916.9455681964738,0.19011627906976744,140,138,HammerThrow/v_HammerThrow_g07_c03.avi
3.5439267030037716,12.637871088496809,213.25014654156746,0.7537790697674419,397.3209302325581,377.304373188334,0.29186046511627906,86,84,HammerThrow/v_HammerThrow_g07_c04.avi
2.9568193524047,11.941045757668038,183.0,0.7186046511627907,505.71162790697673,614.4139431895422,0.15523255813953488,90,88,HammerThrow/v_HammerThrow_g07_c05.avi
1.6267082492872715,2.089166571868958,14.285044627161653,0.45130813953488375,271.9627906976744,227.98318687830636,0.21686046511627907,80,78,HandstandPushups/v_HandStandPushups_g01_c01.avi
2.357184174762262,2.887095148221491,33.5,0.4569767441860465,284.57674418604654,243.4753842074822,0.2069767441860465,95,93,HandstandPushups/v_HandStandPushups_g01_c02.avi
3.6314625889398675,6.456185654692924,53.494304603387455,0.5183139534883721,237.35813953488372,163.7300589421192,0.225,103,101,HandstandPushups/v_HandStandPushups_g01_c03.avi
3.842292339749357,5.177984755784432,22.33306125456159,0.37180232558139537,357.69302325581396,459.3859184219171,0.1819767441860465,108,106,HandstandPushups/v_HandStandPushups_g01_c04.avi
1.6785939819726523,4.738239708949947,175.04570831642803,0.6338662790697674,358.69767441860466,300.31019117709644,0.1186046511627907,56,54,HandstandPushups/v_HandStandPushups_g02_c01.avi
0.8076204366944185,1.6020495686306948,19.69295559330798,0.6581395348837209,320.52093023255816,308.05573080670905,0.2686046511627907,57,55,HandstandPushups/v_HandStandPushups_g02_c02.avi
1.5295073664855543,4.5226528731403395,99.00126261821109,0.7610465116279069,334.25116279069766,300.5026365802323,0.19709302325581396,107,105,HandstandPushups/v_HandStandPushups_g02_c03.avi
0.6183424877684952,1.3187625532083807,16.278820596099706,0.8584302325581395,311.92558139534884,280.57667201760717,0.21104651162790697,134,132,HandstandPushups/v_HandStandPushups_g02_c04.avi
0.14964176522025413,0.45631038763477016,10.688779163215974,0.952906976744186,401.45116279069765,339.8814241741492,0.13546511627906976,127,125,HandstandPushups/v_HandStandPushups_g03_c01.avi
0.14350580627617615,0.8534475638113274,10.5,0.9709302325581395,398.10232558139535,362.90421408305923,0.23197674418604652,117,115,HandstandPushups/v_HandStandPushups_g03_c02.avi
0.26496451346794,1.3647999783929154,15.033296378372908,0.9412790697674419,341.6186046511628,340.5450946854646,0.3122093023255814,125,123,HandstandPushups/v_HandStandPushups_g03_c03.avi
0.1403221340573686,0.9681660450794318,14.75,0.9752906976744186,368.1860465116279,339.1830990615852,0.225,177,174,HandstandPushups/v_HandStandPushups_g03_c04.avi
2.2831830094459695,2.885840051314798,16.7751676593708,0.36104651162790696,247.62790697674419,202.41851915182872,0.2575581395348837,117,115,HandstandPushups/v_HandStandPushups_g04_c01.avi
2.497769940695765,4.76014577524201,28.684708469845045,0.39898255813953487,254.9953488372093,245.3630911322944,0.3308139534883721,110,108,HandstandPushups/v_HandStandPushups_g04_c02.avi
6.337694732941971,11.708825348536623,53.40002340823457,0.45276162790697677,204.4279069767442,186.2144878903637,0.4174418604651163,162,160,HandstandPushups/v_HandStandPushups_g04_c03.avi
5.918096377472925,19.558206507021605,353.9562119810867,0.5962209302325582,296.1860465116279,275.62826801850633,0.2534883720930233,224,221,HandstandPushups/v_HandStandPushups_g04_c04.avi
0.39035163978611703,1.236844382915186,8.704345179276842,0.9273255813953488,293.0604651162791,266.1040731355282,0.2372093023255814,116,114,HandstandPushups/v_HandStandPushups_g05_c01.avi
0.48067068201386465,1.8948240846398898,14.67353059082919,0.9242732558139535,286.5860465116279,260.340690546325,0.2453488372093023,115,113,HandstandPushups/v_HandStandPushups_g05_c02.avi
1.0898513701304628,2.882544869536471,21.125369819248135,0.80625,206.32558139534885,179.88985272392125,0.3959302325581395,82,80,HandstandPushups/v_HandStandPushups_g05_c03.avi
1.0576772377164032,2.5618162910183595,15.82126733229674,0.7622093023255814,212.24186046511628,189.9044977026649,0.3883720930232558,162,160,HandstandPushups/v_HandStandPushups_g05_c04.avi
0.9609139719536975,2.7074414954250656,26.75262837554471,0.8316860465116279,337.3767441860465,669.9560571626579,0.34593023255813954,90,88,HandstandPushups/v_HandStandPushups_g06_c01.avi
0.6240709967933986,2.9649635213797243,61.15004599344141,0.8639534883720931,445.9906976744186,843.7161541363755,0.2895348837209302,127,125,HandstandPushups/v_HandStandPushups_g06_c02.avi
0.2862736664891401,0.7482380372608267,17.731504448297667,0.890843023255814,543.2186046511628,1031.4401147674748,0.25988372093023254,92,90,HandstandPushups/v_HandStandPushups_g06_c03.avi
0.5436546078574386,1.591232104130582,18.224296968607597,0.870203488372093,415.293023255814,833.6895762129984,0.2680232558139535,74,72,HandstandPushups/v_HandStandPushups_g06_c04.avi
3.824554890898829,6.001710148653426,94.36630754670864,0.5087209302325582,682.5302325581396,1174.2101225405486,0.14127906976744187,94,92,HandstandPushups/v_HandStandPushups_g07_c01.avi
3.3142353287431887,5.2530106936664875,22.798368910955013,0.4991279069767442,552.0372093023256,1083.5376335257722,0.2534883720930233,139,137,HandstandPushups/v_HandStandPushups_g07_c02.avi
1.1538719768112635,2.8091141232336216,30.01666203960727,0.8462209302325582,590.2139534883721,1133.5674294079743,0.2313953488372093,155,153,HandstandPushups/v_HandStandPushups_g07_c03.avi
2.9540187479996765,7.680929733818424,44.49789320855539,0.7523255813953489,909.1348837209302,1406.9920729820367,0.21220930232558138,174,171,HandstandPushups/v_HandStandPushups_g07_c04.avi
2.7131515327185896,3.3534624732056617,25.0,0.25973837209302325,263.47906976744184,226.34525650722327,0.24709302325581395,110,108,HandstandWalking/v_HandstandWalking_g01_c01.avi
4.762315212539102,21.90545721206513,291.10994486619654,0.5995639534883721,317.84186046511627,564.1109845578831,0.2988372093023256,105,103,HandstandWalking/v_HandstandWalking_g01_c02.avi
4.138729212780213,8.022801002668896,182.6925354249593,0.4027616279069767,245.17209302325583,195.9516864108272,0.25406976744186044,107,105,HandstandWalking/v_HandstandWalking_g01_c03.avi
4.041948926136633,6.935477024441451,60.5,0.4627906976744186,248.74418604651163,213.2874567582069,0.27732558139534885,141,139,HandstandWalking/v_HandstandWalking_g01_c04.avi
0.04247041806874536,0.17890790045406027,2.75,0.9892441860465117,365.28372093023256,561.3727265436797,0.12848837209302325,105,103,HandstandWalking/v_HandstandWalking_g02_c01.avi
0.05850020838292406,0.3464878553485507,11.621639299169459,0.9805232558139535,444.87441860465117,900.3639874021553,0.23255813953488372,105,103,HandstandWalking/v_HandstandWalking_g02_c02.avi
0.04502194698089123,0.2295827016071967,8.94427190999916,0.9927325581395349,674.3813953488373,1126.8401028221733,0.14186046511627906,121,119,HandstandWalking/v_HandstandWalking_g02_c03.avi
0.05917706705472398,0.3635892074838775,12.083045973594572,0.9861918604651163,358.47441860465113,556.9317089332944,0.12209302325581395,120,118,HandstandWalking/v_HandstandWalking_g02_c04.avi
4.597424683983853,18.21212790396437,384.5958918137322,0.5209302325581395,337.04186046511626,580.9565433183842,0.3383720930232558,105,103,HandstandWalking/v_HandstandWalking_g03_c01.avi
3.821740029770404,4.1346713067556715,77.07788269017254,0.31962209302325584,223.29302325581395,142.17167054238834,0.2517441860465116,107,105,HandstandWalking/v_HandstandWalking_g03_c02.avi
4.914424013380794,14.92630026241208,245.73359558676546,0.6284883720930232,333.24651162790695,582.8355463728496,0.3627906976744186,106,104,HandstandWalking/v_HandstandWalking_g03_c03.avi
6.801611159026444,9.500679250792338,148.70776711389354,0.39229651162790696,235.5720930232558,248.59890767181432,0.42267441860465116,135,133,HandstandWalking/v_HandstandWalking_g03_c04.avi
1.4949012956484964,10.653415932211539,283.6688209867274,0.8969476744186047,817.3767441860465,1389.6848571708138,0.3226744186046512,109,107,HandstandWalking/v_HandstandWalking_g04_c01.avi
0.6134803784782537,1.7480269247720395,17.077031357938065,0.8978197674418604,692.353488372093,1274.9893007027297,0.2947674418604651,121,119,HandstandWalking/v_HandstandWalking_g04_c02.avi
3.376048860295938,6.089549486777009,49.8196748283246,0.6614825581395349,298.86511627906975,666.5603588865303,0.4558139534883721,123,121,HandstandWalking/v_HandstandWalking_g04_c03.avi
2.5696289358282605,4.289075553690398,25.0,0.598546511627907,975.3302325581395,1543.6100717918225,0.23488372093023255,129,127,HandstandWalking/v_HandstandWalking_g04_c04.avi
3.8065640470000037,7.04130967894111,88.05112151472007,0.704360465116279,542.7720930232558,1146.722139115435,0.43197674418604654,124,122,HandstandWalking/v_HandstandWalking_g04_c05.avi
2.510225447492715,8.17624820661593,147.4262527503158,0.7494186046511628,342.4,364.4620221386521,0.4011627906976744,225,222,HandstandWalking/v_HandstandWalking_g05_c01.avi
1.6441380474508804,3.2318254454035924,176.70455568547177,0.5079941860465116,381.13488372093025,330.2382726004101,0.15523255813953488,251,248,HandstandWalking/v_HandstandWalking_g05_c02.avi
2.844239343091694,8.36704982432265,88.02272433866155,0.6732558139534883,459.3860465116279,616.405178426777,0.24767441860465117,223,220,HandstandWalking/v_HandstandWalking_g05_c03.avi
1.5816101664469129,6.0744053428927405,84.21995013059554,0.6063953488372092,484.6139534883721,639.7042301961757,0.36046511627906974,254,251,HandstandWalking/v_HandstandWalking_g05_c04.avi
2.287146783586548,3.5992192604920796,76.03453162872775,0.5316860465116279,535.9627906976744,874.9077179306041,0.43488372093023253,288,285,HandstandWalking/v_HandstandWalking_g05_c05.avi
0.6382199632007285,1.9904521931884152,26.68332812825267,0.7972383720930233,528.9302325581396,619.7246723756516,0.15988372093023256,191,188,HandstandWalking/v_HandstandWalking_g05_c06.avi
2.9774089053493493,5.1257444475223,104.0768946500615,0.5709302325581396,371.86976744186046,359.66359187239203,0.29186046511627906,252,249,HandstandWalking/v_HandstandWalking_g05_c07.avi
3.9493295319640254,15.359532010238405,309.64748101672006,0.42863372093023255,247.62790697674419,159.81806855031797,0.17383720930232557,68,66,HandstandWalking/v_HandstandWalking_g06_c01.avi
2.165911715885968,1.4703684007914615,15.76239591559608,0.15334302325581395,261.13488372093025,145.86841933698398,0.0941860465116279,69,67,HandstandWalking/v_HandstandWalking_g06_c02.avi
1.3408129392883135,2.3913826422456,17.4928556845359,0.7079941860465117,216.03720930232558,178.3112473767407,0.34767441860465115,73,71,HandstandWalking/v_HandstandWalking_g06_c03.avi
1.9474034289028546,2.2558870958699417,27.807654072215442,0.48517441860465116,233.0046511627907,179.38031567812922,0.27325581395348836,77,75,HandstandWalking/v_HandstandWalking_g06_c04.avi
3.5879101366235364,14.202939873539165,234.00854685246006,0.4947674418604651,348.2046511627907,335.675417665456,0.27325581395348836,225,222,HandstandWalking/v_HandstandWalking_g07_c01.avi
1.241844124260226,1.6962518655093177,33.094561486745825,0.5928779069767441,367.06976744186045,325.03805826172197,0.17732558139534885,193,190,HandstandWalking/v_HandstandWalking_g07_c02.avi
2.325809919016897,3.3820493280518353,17.46424919657298,0.4013081395348837,401.1162790697674,359.71908996949304,0.2116279069767442,188,185,HandstandWalking/v_HandstandWalking_g07_c03.avi
3.2020291507389946,12.73913376296653,85.12123706807837,0.7675872093023256,391.8511627906977,341.51702083776695,0.16686046511627908,194,191,HandstandWalking/v_HandstandWalking_g07_c04.avi
1.1219141976964642,2.238237368174337,21.255881538999976,0.7203488372093023,378.6790697674419,346.4049576409155,0.22151162790697673,200,197,HandstandWalking/v_HandstandWalking_g07_c05.avi
1.1176746014560777,2.097061005027395,17.029386365926403,0.6598837209302325,406.47441860465113,349.99819009035235,0.16046511627906976,202,199,HandstandWalking/v_HandstandWalking_g07_c06.avi
1.0825145568862224,4.452069411540654,125.39936203984452,0.8020348837209302,477.8046511627907,967.0906833104166,0.24941860465116278,155,153,HeadMassage/v_HeadMassage_g01_c01.avi
1.1748454784212121,3.319670237471512,29.87578450852797,0.84375,209.89767441860465,142.97922680206815,0.31453488372093025,153,151,HeadMassage/v_HeadMassage_g01_c02.avi
0.8329261741014508,1.1258474983381015,31.04834939252005,0.6851744186046511,366.28837209302327,744.8291769849297,0.23488372093023255,150,148,HeadMassage/v_HeadMassage_g01_c03.avi
1.0768192508557344,1.7366257785116364,13.612953390061982,0.6590116279069768,548.6883720930233,1020.3992153574017,0.1313953488372093,109,107,HeadMassage/v_HeadMassage_g01_c04.avi
1.1199153060668834,2.223053129360171,63.953107821277925,0.65,720.706976744186,1320.5212017873585,0.36104651162790696,123,121,HeadMassage/v_HeadMassage_g01_c05.avi
4.073948539224821,5.591479578889945,47.9311028978053,0.4095930232558139,189.13488372093022,178.72597042415592,0.4761627906976744,244,241,HeadMassage/v_HeadMassage_g02_c01.avi
0.7129216351157494,1.4591738197932187,13.601470508735444,0.8271802325581395,288.48372093023255,300.7331018897009,0.36104651162790696,242,239,HeadMassage/v_HeadMassage_g02_c02.avi
0.41004337478695824,0.8574026602371223,11.739356881873896,0.9,338.8279069767442,345.13781967503627,0.3383720930232558,279,276,HeadMassage/v_HeadMassage_g02_c03.avi
0.38606101175554636,1.197132691397553,16.278820596099706,0.9140988372093023,304.11162790697676,302.19880504689047,0.3075581395348837,258,255,HeadMassage/v_HeadMassage_g02_c04.avi
0.6824260959895794,1.318813208546107,12.91559135308949,0.8133720930232559,327.4418604651163,330.026165440876,0.3209302325581395,308,305,HeadMassage/v_HeadMassage_g02_c05.avi
0.769852847809496,1.01181591754849,9.925503765552659,0.6683139534883721,318.7348837209302,300.54072113807774,0.25,311,308,HeadMassage/v_HeadMassage_g02_c06.avi
1.4326533995068031,1.9679516108992376,18.35755975068582,0.4254360465116279,283.90697674418607,252.45435359486171,0.23372093023255813,249,246,HeadMassage/v_HeadMassage_g02_c07.avi
0.7397625154617872,4.155055756463722,210.2974084481309,0.7655523255813953,234.2325581395349,238.44972530516173,0.40174418604651163,321,318,HeadMassage/v_HeadMassage_g03_c01.avi
1.2653752027148613,3.2224242711914313,80.05623023850174,0.6517441860465116,227.31162790697675,250.96155659392852,0.46569767441860466,321,318,HeadMassage/v_HeadMassage_g03_c02.avi
2.1425728269983266,4.778964470689551,56.142675390472796,0.6071220930232558,280.89302325581394,284.93580296584383,0.34011627906976744,357,353,HeadMassage/v_HeadMassage_g03_c03.avi
1.5121955035468653,3.131766561793852,49.79614693929642,0.6617732558139535,285.8046511627907,294.6780331721057,0.35174418604651164,316,313,HeadMassage/v_HeadMassage_g03_c04.avi
0.8748959742184278,1.9965206115803042,57.14017850864661,0.7642441860465117,289.153488372093,315.75016569907615,0.4087209302325581,350,346,HeadMassage/v_HeadMassage_g03_c05.avi
1.6320633908144535,4.672225607368926,120.90492132250036,0.7790697674418605,207.2186046511628,225.18619402496319,0.49127906976744184,405,401,HeadMassage/v_HeadMassage_g03_c06.avi
1.798354697247991,3.0146309524862933,19.1049731745428,0.6441860465116279,230.21395348837208,226.7986522061131,0.3901162790697674,338,334,HeadMassage/v_HeadMassage_g03_c07.avi
3.0593718137058445,2.2992353520984796,22.20360331117452,0.17078488372093023,253.87906976744185,181.60453912744808,0.1877906976744186,154,152,HeadMassage/v_HeadMassage_g04_c01.avi
3.633604097374569,2.930883572033527,20.615528128088304,0.1875,243.83255813953488,195.43489931483606,0.25872093023255816,169,166,HeadMassage/v_HeadMassage_g04_c02.avi
5.365973784881184,4.672621292986559,29.888595232964697,0.21540697674418605,249.86046511627907,192.73763120756826,0.22732558139534884,181,178,HeadMassage/v_HeadMassage_g04_c03.avi
4.211560675124913,3.6912931384090597,25.739075352467502,0.2258720930232558,231.7767441860465,139.62643322278183,0.20988372093023255,199,196,HeadMassage/v_HeadMassage_g04_c04.avi
2.754154146492117,6.995620329632813,98.83082135649789,0.595203488372093,231.55348837209303,418.99470571603143,0.4622093023255814,220,217,HeadMassage/v_HeadMassage_g05_c01.avi
1.9021909877973613,6.687262732566497,229.36869882353173,0.5376453488372093,212.5767441860465,194.2761458710666,0.3959302325581395,200,197,HeadMassage/v_HeadMassage_g05_c02.avi
2.2062651332502563,7.4437802957930455,261.2661478263114,0.4603197674418605,233.0046511627907,145.02540267217725,0.2127906976744186,232,229,HeadMassage/v_HeadMassage_g05_c03.avi
6.992261010385725,16.54547806699905,264.592138961081,0.4966569767441861,227.2,227.70987661271243,0.40581395348837207,244,241,HeadMassage/v_HeadMassage_g05_c04.avi
2.1995132655183847,2.744784835476993,14.311271781361711,0.47834302325581396,238.8093023255814,173.2342839127667,0.23604651162790696,271,268,HeadMassage/v_HeadMassage_g05_c05.avi
3.272101769354366,5.464564610369322,57.9396237474839,0.39549418604651165,238.13953488372093,179.60649252720012,0.25116279069767444,108,106,HeadMassage/v_HeadMassage_g05_c06.avi
2.6445289892908668,9.551545335502864,125.00624984375781,0.7776162790697675,621.1348837209302,1029.6767681766257,0.19127906976744186,230,227,HeadMassage/v_HeadMassage_g06_c01.avi
1.6147723033931825,2.6563548127987646,21.982947936980608,0.6414244186046512,422.9953488372093,596.5241607822531,0.19534883720930232,112,110,HeadMassage/v_HeadMassage_g06_c02.avi
0.5419663211150001,1.248869319824137,13.45362404707371,0.8449127906976744,584.4093023255814,974.9072704416448,0.2058139534883721,239,236,HeadMassage/v_HeadMassage_g06_c03.avi
0.391771821809554,1.1421659650927511,19.849433241279208,0.8697674418604651,788.2418604651162,1212.501154011929,0.1511627906976744,233,230,HeadMassage/v_HeadMassage_g06_c04.avi
1.0567370997341767,2.8105135131963612,35.25354592094248,0.7199127906976744,303.553488372093,278.86885418896907,0.23604651162790696,264,261,HeadMassage/v_HeadMassage_g06_c05.avi
1.9596837528863824,6.32046137366789,191.0026177831079,0.7126453488372093,760.1116279069768,1221.9408072310293,0.23488372093023255,210,207,HeadMassage/v_HeadMassage_g06_c06.avi
2.278787206270909,4.035516655302276,23.03394234602492,0.6786337209302326,355.90697674418607,471.65102461575606,0.24941860465116278,258,255,HeadMassage/v_HeadMassage_g06_c07.avi
1.7411651394210588,5.048033317842675,66.09841147864296,0.7132267441860465,202.30697674418604,145.40617912616102,0.3540697674418605,253,250,HeadMassage/v_HeadMassage_g07_c01.avi
1.8662245986526287,2.33093396891503,47.75981574503821,0.39738372093023255,243.83255813953488,155.07840435762515,0.1819767441860465,299,296,HeadMassage/v_HeadMassage_g07_c02.avi
1.670996590657389,5.409726848596349,240.55976388415417,0.6164244186046511,241.6,157.63026506707487,0.19593023255813954,179,176,HeadMassage/v_HeadMassage_g07_c03.avi
1.4130627208522109,3.1600464625055062,127.41271522104849,0.6643895348837209,194.15813953488373,135.4136234301858,0.37790697674418605,232,229,HeadMassage/v_HeadMassage_g07_c04.avi
1.6835181279106357,3.647374936795782,93.87533288889047,0.6369186046511628,231.33023255813953,145.85624578614943,0.22151162790697673,250,247,HeadMassage/v_HeadMassage_g07_c05.avi
1.7332540105345524,1.8259631181785814,9.848857801796104,0.3992732558139535,282.0093023255814,216.9189322518454,0.15058139534883722,156,154,HighJump/v_HighJump_g01_c01.avi
5.237496106754923,8.800331281367436,43.01162633521314,0.5415697674418605,273.86046511627904,197.77995541149855,0.13953488372093023,155,153,HighJump/v_HighJump_g01_c02.avi
6.872665063451349,10.842114413130753,64.07027391856539,0.34084302325581395,242.93953488372094,185.70371768646518,0.2424418604651163,103,101,HighJump/v_HighJump_g01_c03.avi
11.027155388076332,13.87352801703718,78.79016832701907,0.40813953488372096,236.0186046511628,149.3245556152132,0.2063953488372093,180,177,HighJump/v_HighJump_g01_c04.avi
5.309499024517252,14.339985540988959,69.08441394410175,0.4417151162790698,364.9488372093023,661.0700783919656,0.19534883720930232,233,230,HighJump/v_HighJump_g01_c05.avi
4.248486870352631,10.67492941159465,124.00403219250575,0.7622093023255814,319.7395348837209,302.85206622770187,0.25406976744186044,138,136,HighJump/v_HighJump_g02_c01.avi
7.51363572690397,18.122884604959314,212.82434805491593,0.5959302325581395,299.646511627907,262.7076643465811,0.20290697674418604,138,136,HighJump/v_HighJump_g02_c02.avi
2.7137581984723007,15.837068106084697,324.05555079337864,0.7242732558139535,301.09767441860464,287.6689064915316,0.27209302325581397,122,120,HighJump/v_HighJump_g02_c03.avi
5.695169308152148,28.78779051860696,336.0,0.7020348837209303,315.8325581395349,283.76296996968097,0.2069767441860465,105,103,HighJump/v_HighJump_g02_c04.avi
3.003930484174081,4.651704941114141,24.0,0.5757267441860465,333.3581395348837,314.2556759640284,0.24593023255813953,154,152,HighJump/v_HighJump_g02_c05.avi
4.45503300211251,17.796650465635903,339.7399740978385,0.6280523255813953,340.0558139534884,324.64018959265667,0.25988372093023254,145,143,HighJump/v_HighJump_g02_c06.avi
6.834652331286838,12.314970047343845,116.03878661895772,0.5335755813953489,315.8325581395349,273.76807339376694,0.17674418604651163,129,127,HighJump/v_HighJump_g02_c07.avi
5.957521173562156,11.415159270081432,239.43683927081898,0.43982558139534883,200.85581395348837,167.69632756906583,0.3988372093023256,109,107,HighJump/v_HighJump_g03_c01.avi
4.525779796178998,14.108779719213036,150.75005182420335,0.46642441860465117,261.13488372093025,194.9230389376982,0.18488372093023256,139,137,HighJump/v_HighJump_g03_c02.avi
3.90146712126495,25.012412662979955,261.9508541692506,0.8082848837209302,200.4093023255814,157.2549992756595,0.3825581395348837,93,91,HighJump/v_HighJump_g03_c03.avi
10.015804070471534,11.917698066222881,105.5106629682517,0.4623546511627907,216.59534883720931,196.4445338055697,0.3819767441860465,184,181,HighJump/v_HighJump_g03_c04.avi
10.125387238303848,21.031123177432427,341.39172881017487,0.4638081395348837,277.54418604651164,196.705698363122,0.12267441860465116,97,95,HighJump/v_HighJump_g04_c01.avi
6.746405820574014,17.24291083004645,180.52094753795194,0.6324127906976744,321.4139534883721,447.2795814603509,0.24069767441860465,145,143,HighJump/v_HighJump_g04_c02.avi
4.341106138992677,8.194426580160776,184.13310403075272,0.5379360465116279,389.6186046511628,679.2954925255244,0.2575581395348837,145,143,HighJump/v_HighJump_g04_c03.avi
6.383238405064847,9.92587649919804,40.73235814435496,0.6069767441860465,252.65116279069767,188.02262156341234,0.2058139534883721,109,107,HighJump/v_HighJump_g04_c04.avi
3.4490493361611816,7.588788292614789,193.50145348291315,0.6399709302325581,296.1860465116279,223.21115832468817,0.11162790697674418,110,108,HighJump/v_HighJump_g04_c05.avi
3.8037240220083266,6.92741874158248,204.08821622033938,0.5350290697674419,416.4093023255814,756.7893872522611,0.19709302325581396,133,131,HighJump/v_HighJump_g04_c06.avi
4.003063101049302,17.561188572926984,219.0,0.8475290697674419,320.63255813953486,315.5592596990746,0.2936046511627907,122,120,HighJump/v_HighJump_g05_c01.avi
7.397190307016326,24.30220969118413,252.07141845120006,0.5944767441860465,285.0232558139535,302.8965199284213,0.3813953488372093,72,70,HighJump/v_HighJump_g05_c02.avi
9.278500928993855,16.203759682579115,222.43425995111454,0.5462209302325581,242.6046511627907,161.1467826540823,0.19767441860465115,75,73,HighJump/v_HighJump_g05_c03.avi
8.171300890152255,21.509998959639717,346.77081768799405,0.5944767441860465,218.6046511627907,162.34762294545956,0.3063953488372093,122,120,HighJump/v_HighJump_g05_c04.avi
15.482450772638536,32.39278245886691,263.78838583228037,0.5331395348837209,250.1953488372093,196.98249001806104,0.23488372093023255,100,98,HighJump/v_HighJump_g05_c05.avi
3.463065114971595,8.583261900960743,108.25,0.6997093023255814,187.46046511627907,136.92899898332115,0.4127906976744186,109,107,HighJump/v_HighJump_g06_c01.avi
10.313599865850374,18.956321112350462,264.6828290615015,0.43938953488372096,226.64186046511628,169.64470976139233,0.28313953488372096,133,131,HighJump/v_HighJump_g06_c02.avi
4.044800349508843,10.183793970202164,113.26765866742369,0.5508720930232558,265.2651162790698,222.65083613056032,0.23081395348837208,158,156,HighJump/v_HighJump_g06_c03.avi
10.922000110028675,21.3374719517232,277.6970021444236,0.4729651162790698,270.6232558139535,236.92267881787276,0.24476744186046512,106,104,HighJump/v_HighJump_g06_c04.avi
7.543015642911313,19.982996243006315,314.0,0.6979651162790698,247.40465116279069,216.82585226610968,0.29127906976744183,117,115,HighJump/v_HighJump_g07_c01.avi
13.327154007787543,28.91614993467696,220.7323393275213,0.6822674418604651,240.26046511627908,162.32705163590856,0.20988372093023255,99,97,HighJump/v_HighJump_g07_c02.avi
8.475347382695318,32.78327557515692,319.1269339933563,0.7244186046511628,226.64186046511628,195.47289615550895,0.33430232558139533,124,122,HighJump/v_HighJump_g07_c03.avi
6.592835797703022,19.543889116792915,292.25,0.7204941860465116,291.6093023255814,438.26371577468,0.30523255813953487,103,101,HighJump/v_HighJump_g07_c04.avi
4.256386702732989,17.959565043756648,337.06759336963853,0.7607558139534883,272.1860465116279,293.6296715104703,0.40174418604651163,92,90,HighJump/v_HighJump_g07_c05.avi
10.070671516171721,16.48150543316522,221.74140344103535,0.5738372093023256,208.5581395348837,129.29456225648786,0.3005813953488372,81,79,HighJump/v_HighJump_g07_c06.avi
4.791610966941905,16.980675205623182,306.85117015419706,0.6417151162790697,244.05581395348838,181.69618559988209,0.22965116279069767,193,190,HorseRace/v_HorseRace_g01_c01.avi
8.919191693661825,26.33175137454866,334.0538878684096,0.45625,250.08372093023254,141.28543586001595,0.13313953488372093,154,152,HorseRace/v_HorseRace_g01_c02.avi
3.3887062388450384,9.797218272959144,190.58073256496837,0.6523255813953488,241.6,135.71121185537993,0.16104651162790698,172,169,HorseRace/v_HorseRace_g01_c03.avi
8.922500414875138,18.103265679471313,224.4147945212169,0.4424418604651163,229.32093023255814,113.94574098011194,0.18546511627906978,170,167,HorseRace/v_HorseRace_g01_c04.avi
2.433455160574974,10.932051413490413,141.76741515595182,0.7100290697674418,261.13488372093025,191.5960271517531,0.17790697674418604,301,298,HorseRace/v_HorseRace_g02_c01.avi
3.1148165912449346,10.956874770642093,185.52038297718124,0.6664244186046512,244.72558139534883,161.37546583511136,0.18895348837209303,301,298,HorseRace/v_HorseRace_g02_c02.avi
3.932756958897597,7.953251670110447,126.17844506887855,0.5566860465116279,224.07441860465116,149.1861769471416,0.2593023255813954,314,311,HorseRace/v_HorseRace_g02_c03.avi
3.87361290446821,9.859878535469656,116.00431026474836,0.6109011627906977,226.86511627906978,146.50068796365323,0.2424418604651163,342,338,HorseRace/v_HorseRace_g02_c04.avi
3.369384505563426,11.243799391732225,110.72488428533127,0.7561046511627907,222.51162790697674,247.91449877326878,0.4790697674418605,168,165,HorseRace/v_HorseRace_g03_c01.avi
5.258198060787043,23.159254015583752,337.4648129805536,0.88125,163.12558139534883,172.5731339313699,0.5953488372093023,165,162,HorseRace/v_HorseRace_g03_c02.avi
5.311895317236331,24.760865137867082,297.0463978909692,0.8934593023255814,137.45116279069768,149.74774505751566,0.6918604651162791,162,160,HorseRace/v_HorseRace_g03_c03.avi
2.2278810674178846,10.383369386287203,120.03749414245534,0.6902616279069768,237.69302325581396,112.29478936605607,0.14651162790697675,152,150,HorseRace/v_HorseRace_g03_c04.avi
1.9240450420809674,5.389083907973356,72.44308110509934,0.7389534883720931,344.63255813953486,309.84907032590564,0.1941860465116279,132,130,HorseRace/v_HorseRace_g03_c05.avi
0.8366122660031504,2.2159426786111855,32.0,0.8074127906976745,309.9162790697674,299.36163471567806,0.27732558139534885,149,147,HorseRace/v_HorseRace_g04_c01.avi
4.199640642704881,14.26362116215448,119.0,0.8034883720930233,300.98604651162793,293.62237223978485,0.29127906976744183,156,154,HorseRace/v_HorseRace_g04_c02.avi
2.6945816042149735,13.245817882257834,158.00178005326396,0.8571220930232558,237.69302325581396,218.53950459265738,0.3372093023255814,79,77,HorseRace/v_HorseRace_g04_c03.avi
2.2475382958924817,17.247439883293637,175.839992962352,0.9613372093023256,309.4697674418605,287.16545391673026,0.24011627906976743,136,134,HorseRace/v_HorseRace_g04_c04.avi
2.2239277232636288,6.296851707806102,41.375755280115435,0.7739825581395349,614.5488372093023,1031.3549706681515,0.2116279069767442,139,137,HorseRace/v_HorseRace_g04_c05.avi
0.8161228370088611,4.509344607709129,108.00462953040486,0.9242732558139535,935.7023255813954,1319.9866612237204,0.19709302325581396,159,157,HorseRace/v_HorseRace_g04_c06.avi
2.354784327731296,6.5401832850014054,303.08084729985825,0.645639534883721,242.71627906976744,145.72120072125074,0.17151162790697674,254,251,HorseRace/v_HorseRace_g05_c01.avi
6.180608834449124,13.155043633534998,117.65309175708049,0.49869186046511627,249.74883720930234,145.9717468236266,0.14186046511627906,299,296,HorseRace/v_HorseRace_g05_c02.avi
2.1324514835044486,14.729902312222638,319.1269339933563,0.7007267441860465,245.84186046511627,169.8593484259888,0.1994186046511628,274,271,HorseRace/v_HorseRace_g05_c03.avi
1.4455189346242934,3.4695631891212817,36.763602924631854,0.7642441860465117,248.52093023255813,160.6647478130543,0.17151162790697674,215,212,HorseRace/v_HorseRace_g05_c04.avi
2.4601462329222947,7.287672254306224,125.93649193144932,0.7303779069767442,466.86511627906975,964.4147209055889,0.24127906976744187,193,190,HorseRace/v_HorseRace_g06_c01.avi
1.8586806732517405,11.869015494603184,191.0,0.8950581395348837,356.8,475.8051115593931,0.2680232558139535,146,144,HorseRace/v_HorseRace_g06_c02.avi
2.4863295159184196,9.920401619889226,211.0,0.7257267441860465,309.0232558139535,293.3027238728958,0.261046511627907,140,138,HorseRace/v_HorseRace_g06_c03.avi
1.0104611749097276,2.887529291412902,72.0,0.763953488372093,309.0232558139535,260.8124594302405,0.1633720930232558,214,211,HorseRace/v_HorseRace_g06_c04.avi
3.042632896062264,11.095293762299328,139.75559022808355,0.8072674418604651,490.5302325581395,922.1092089725809,0.3622093023255814,207,204,HorseRace/v_HorseRace_g06_c05.avi
0.7761500305070149,5.771490490811007,142.0,0.891860465116279,387.0511627906977,488.29323270274705,0.2453488372093023,226,223,HorseRace/v_HorseRace_g06_c06.avi
3.489465695536712,12.315338069310835,209.86081697163004,0.7491279069767441,212.68837209302325,231.49851695672666,0.4813953488372093,170,167,HorseRace/v_HorseRace_g07_c01.avi
0.9820217134128413,2.8256500069796058,93.37508366796787,0.7901162790697674,300.53953488372093,421.4765706415763,0.1936046511627907,113,111,HorseRace/v_HorseRace_g07_c02.avi
1.6238816124824083,6.0065136765375176,49.09175083453431,0.7928779069767442,278.4372093023256,234.9463560972479,0.20872093023255814,155,153,HorseRace/v_HorseRace_g07_c03.avi
4.5266220768093355,15.399338913614399,203.60393537454036,0.60625,198.84651162790698,120.68706284848452,0.33488372093023255,183,180,HorseRace/v_HorseRace_g07_c04.avi
2.3875050743727,4.577883166626958,27.213278009089606,0.6594476744186046,214.92093023255813,167.5138821850776,0.3325581395348837,249,246,HorseRace/v_HorseRace_g07_c05.avi
2.165688153777349,4.748453708926835,110.47624178980746,0.642296511627907,270.28837209302327,226.91666456100012,0.22093023255813954,136,134,HorseRace/v_HorseRace_g07_c06.avi
4.022245803808493,7.52675715729801,178.0,0.46598837209302324,235.0139534883721,180.9342031010494,0.26744186046511625,240,237,HorseRiding/v_HorseRiding_g01_c01.avi
3.415757348058794,9.924624080995011,80.08784239820673,0.6066860465116279,212.46511627906978,181.76848920219078,0.37093023255813956,103,101,HorseRiding/v_HorseRiding_g01_c02.avi
4.4972405490568725,14.208117512300396,322.89471968429586,0.6954941860465116,242.82790697674417,172.59551629302672,0.21744186046511627,99,97,HorseRiding/v_HorseRiding_g01_c03.avi
4.097465549752796,9.612390623730501,295.9594566828369,0.2956395348837209,237.24651162790698,116.34691378930674,0.15348837209302327,120,118,HorseRiding/v_HorseRiding_g01_c04.avi
2.2774520938820846,5.332432572640572,108.01851693112621,0.7167151162790698,574.3627906976744,1024.3614181013152,0.15348837209302327,121,119,HorseRiding/v_HorseRiding_g01_c05.avi
8.6782692815523,10.688826294624786,190.09471323527123,0.41337209302325584,702.7348837209303,1169.04936909772,0.0872093023255814,172,169,HorseRiding/v_HorseRiding_g01_c06.avi
2.8904322131067577,11.58639533165162,137.23337786413333,0.6978197674418605,354.6790697674419,652.7748030641302,0.16744186046511628,121,119,HorseRiding/v_HorseRiding_g01_c07.avi
5.148447902612684,9.083636383423947,205.75972030501987,0.3252906976744186,367.9627906976744,570.6187897945796,0.17732558139534885,181,178,HorseRiding/v_HorseRiding_g02_c01.avi
4.666056114490225,5.3888216107435545,79.73863555391452,0.30843023255813956,258.7906976744186,157.31120957405668,0.12267441860465116,133,131,HorseRiding/v_HorseRiding_g02_c02.avi
6.770003091495045,23.274074370258216,227.65873583062873,0.5751453488372092,236.68837209302325,193.97676821974795,0.2866279069767442,122,120,HorseRiding/v_HorseRiding_g02_c03.avi
3.799946039920456,11.984189027131716,208.8888759604015,0.7036337209302326,473.6744186046512,773.2736728135275,0.2127906976744186,169,166,HorseRiding/v_HorseRiding_g02_c04.avi
4.915746883436911,7.788881985110591,144.80676779764127,0.3632267441860465,478.5860465116279,763.723224425073,0.12441860465116279,181,178,HorseRiding/v_HorseRiding_g02_c05.avi
4.658784647387806,9.679853849114819,64.25109434865682,0.4020348837209302,383.1441860465116,576.1254487511866,0.1680232558139535,181,178,HorseRiding/v_HorseRiding_g02_c06.avi
1.5974076377154518,8.072975429177403,77.02596964660685,0.6998546511627907,537.0790697674419,852.836595640836,0.22674418604651161,121,119,HorseRiding/v_HorseRiding_g02_c07.avi
2.36034528322757,11.308542574143354,264.39364591457183,0.5920058139534884,204.76279069767443,123.92201040162095,0.311046511627907,186,183,HorseRiding/v_HorseRiding_g03_c01.avi
4.531638723481189,5.311217520320527,112.04017136723775,0.3149709302325581,222.28837209302327,116.10568803906352,0.21976744186046512,152,150,HorseRiding/v_HorseRiding_g03_c02.avi
2.9913994882486445,5.852445668957644,137.05838172107534,0.5247093023255814,257.33953488372094,189.07065510818828,0.1883720930232558,152,150,HorseRiding/v_HorseRiding_g03_c03.avi
3.4387050807995414,4.990753245711506,78.63135904332317,0.41540697674418603,241.48837209302326,125.95170209306669,0.14767441860465116,152,150,HorseRiding/v_HorseRiding_g03_c04.avi
2.4832917846733333,5.641722133115935,83.21808697632986,0.5209302325581395,392.4093023255814,837.0342216932112,0.3569767441860465,157,155,HorseRiding/v_HorseRiding_g03_c05.avi
3.9933858767301955,11.621490720433124,242.82413903893493,0.30276162790697675,219.05116279069767,126.55665956417808,0.24825581395348836,181,178,HorseRiding/v_HorseRiding_g03_c06.avi
3.8700235461865855,8.648770373883162,72.0850192481073,0.6027616279069767,274.86511627906975,400.77930532129983,0.1994186046511628,193,190,HorseRiding/v_HorseRiding_g03_c07.avi
3.5925576971549322,8.92774229676616,78.29830777226287,0.35872093023255813,211.34883720930233,154.0303328207807,0.32558139534883723,202,199,HorseRiding/v_HorseRiding_g04_c01.avi
2.9925140078874723,3.8964853875683025,147.25,0.31875,223.51627906976745,124.37568170710931,0.225,202,199,HorseRiding/v_HorseRiding_g04_c02.avi
6.031899572039629,6.629364975359254,145.00048491298227,0.31540697674418605,249.4139534883721,174.2682529646369,0.19244186046511627,128,126,HorseRiding/v_HorseRiding_g04_c03.avi
1.6490284723885866,4.432613554994431,52.461890930464946,0.5398255813953489,218.3813953488372,133.45353211984425,0.261046511627907,202,199,HorseRiding/v_HorseRiding_g04_c04.avi
6.407392153327915,14.714860081739067,98.08159868191383,0.4875,277.54418604651164,389.1380058314493,0.13895348837209304,241,238,HorseRiding/v_HorseRiding_g04_c05.avi
3.724545415892441,9.513652015482739,77.62540257544562,0.49186046511627907,234.34418604651162,138.27647616838803,0.19651162790697674,241,238,HorseRiding/v_HorseRiding_g04_c06.avi
4.08640978110396,9.750396398987093,128.01562404644207,0.5265988372093023,223.62790697674419,105.68162438583424,0.20116279069767443,241,238,HorseRiding/v_HorseRiding_g04_c07.avi
4.724262191547466,12.461720693655348,383.0469945058961,0.3859011627906977,228.87441860465117,121.49050320435761,0.19709302325581396,152,150,HorseRiding/v_HorseRiding_g05_c01.avi
3.2029355687732175,8.433478777956738,71.75043553874778,0.36947674418604654,239.92558139534884,141.3292183175276,0.17674418604651163,152,150,HorseRiding/v_HorseRiding_g05_c02.avi
3.839980087204667,8.694480442058778,296.50094856509315,0.36715116279069765,251.31162790697675,173.2814637482765,0.18255813953488373,152,150,HorseRiding/v_HorseRiding_g05_c03.avi
4.139983457130316,8.103511336841283,199.95280693203583,0.37311046511627904,232.2232558139535,126.49914575905945,0.18895348837209303,152,150,HorseRiding/v_HorseRiding_g05_c04.avi
3.51171197886718,5.676432632021798,67.11929677819934,0.3851744186046512,238.36279069767443,153.7872844159294,0.20348837209302326,181,178,HorseRiding/v_HorseRiding_g05_c05.avi
4.196825640225008,8.988959930898565,42.04759208325728,0.44229651162790695,255.88837209302326,137.41204918106934,0.10290697674418604,241,238,HorseRiding/v_HorseRiding_g05_c06.avi
3.6498382307481814,16.371671739889617,307.13189349203054,0.47601744186046513,229.2093023255814,140.91669287941505,0.22325581395348837,241,238,HorseRiding/v_HorseRiding_g05_c07.avi
4.5481223657647485,11.921095906947032,195.62783544270994,0.5033430232558139,250.53023255813955,163.52170119103772,0.1680232558139535,241,238,HorseRiding/v_HorseRiding_g06_c01.avi
2.9364913281767584,11.865308149561415,322.5387573610341,0.5629360465116279,335.5906976744186,644.344195111535,0.1691860465116279,241,238,HorseRiding/v_HorseRiding_g06_c02.avi
4.740576479510552,15.07410706508977,317.45550869373807,0.5713662790697674,235.7953488372093,142.08610221792617,0.19593023255813954,181,178,HorseRiding/v_HorseRiding_g06_c03.avi
4.912213450357518,13.08657680613479,258.1770831231928,0.47325581395348837,224.52093023255813,82.26575358609533,0.17325581395348838,181,178,HorseRiding/v_HorseRiding_g06_c04.avi
4.832538339363101,9.168518190790964,87.0,0.3816860465116279,240.8186046511628,134.59492933503907,0.16279069767441862,181,178,HorseRiding/v_HorseRiding_g06_c05.avi
4.145281957591701,19.699705681422046,312.10254725009855,0.8071220930232558,178.30697674418604,132.1131252309996,0.4511627906976744,205,202,HorseRiding/v_HorseRiding_g06_c06.avi
3.5134468874893603,7.527132795665814,230.5391777984818,0.5604651162790698,243.60930232558138,132.8793679436151,0.14825581395348839,217,214,HorseRiding/v_HorseRiding_g06_c07.avi
4.744415122019217,17.69150781194553,321.90837205639747,0.6401162790697674,256.2232558139535,173.09727449012968,0.16162790697674417,181,178,HorseRiding/v_HorseRiding_g07_c01.avi
4.958297637875157,12.152732169275229,319.22562553780045,0.5703488372093023,254.88372093023256,176.28375768448998,0.17325581395348838,181,178,HorseRiding/v_HorseRiding_g07_c02.avi
3.434048323210804,10.271157071265295,210.82075473017358,0.6649709302325582,258.1209302325581,192.04409444991575,0.19127906976744186,181,178,HorseRiding/v_HorseRiding_g07_c03.avi
3.957581746805972,17.988989648408438,327.6779096918192,0.6524709302325581,233.22790697674418,147.84120696549596,0.21627906976744185,181,178,HorseRiding/v_HorseRiding_g07_c04.avi
5.47218946954515,9.591038920983369,128.00390619039717,0.42194767441860465,244.39069767441862,144.75794039988128,0.16279069767441862,181,178,HorseRiding/v_HorseRiding_g07_c05.avi
5.053898560663706,17.7915208657503,344.0886513676381,0.5902616279069768,258.0093023255814,206.09534913899088,0.22209302325581395,181,178,HorseRiding/v_HorseRiding_g07_c06.avi
2.4060663227779684,4.495589732744876,138.0,0.4966569767441861,343.6279069767442,551.9971782560089,0.13895348837209304,241,238,HorseRiding/v_HorseRiding_g07_c07.avi
2.0491746766704173,2.8388581848122056,19.000411179761347,0.5536337209302326,254.54883720930232,401.80760892704757,0.2866279069767442,92,90,HulaHoop/v_HulaHoop_g01_c01.avi
1.6261557273274603,2.8828742016256457,59.38486760109851,0.6521802325581395,192.93023255813952,153.50257862372203,0.4122093023255814,142,140,HulaHoop/v_HulaHoop_g01_c02.avi
5.077136272969229,9.432197688550831,94.63498956517087,0.6659883720930233,229.87906976744185,187.60543523407637,0.30348837209302326,112,110,HulaHoop/v_HulaHoop_g01_c03.avi
5.326308301384144,13.928043274657373,246.1381725779242,0.4877906976744186,192.70697674418605,157.6821138274487,0.42034883720930233,102,100,HulaHoop/v_HulaHoop_g01_c04.avi
3.469737959616291,6.210232976207737,191.58809983921236,0.4626453488372093,208.5581395348837,191.99918874896218,0.40988372093023256,122,120,HulaHoop/v_HulaHoop_g01_c05.avi
2.986337304790461,5.476035129645872,35.75087411518773,0.5601744186046511,205.54418604651164,155.84535164382876,0.3558139534883721,122,120,HulaHoop/v_HulaHoop_g01_c06.avi
0.670416725098329,2.4225720563477164,74.95331880577403,0.8590116279069767,947.646511627907,1479.8865907756579,0.2837209302325581,119,117,HulaHoop/v_HulaHoop_g01_c07.avi
0.8035260206116376,4.823564843757424,132.1879580370315,0.8890988372093023,495.10697674418606,403.3398505821165,0.19651162790697674,112,110,HulaHoop/v_HulaHoop_g02_c01.avi
0.860795346747082,3.9388291676412663,78.0,0.8693313953488372,324.31627906976746,321.75213985680614,0.3023255813953488,122,120,HulaHoop/v_HulaHoop_g02_c02.avi
0.5629598581691898,2.660799417814151,39.211764816187504,0.8860465116279069,322.75348837209305,460.9602209285839,0.30348837209302326,122,120,HulaHoop/v_HulaHoop_g02_c03.avi
0.956061805346979,6.890805474977419,133.75613303695647,0.9148255813953489,397.54418604651164,360.902121178096,0.2255813953488372,112,110,HulaHoop/v_HulaHoop_g02_c04.avi
1.197287697422642,1.1269768598181171,14.162009038268547,0.5023255813953489,214.36279069767443,141.34186993549778,0.29127906976744183,93,91,HulaHoop/v_HulaHoop_g03_c01.avi
3.9460161068107857,6.180462967417672,69.0,0.5322674418604652,162.56744186046512,133.3507836426434,0.5331395348837209,82,80,HulaHoop/v_HulaHoop_g03_c02.avi
0.9915680067380335,1.1408188594120923,16.415027413927763,0.6324127906976744,205.87906976744185,118.19276442289252,0.2982558139534884,92,90,HulaHoop/v_HulaHoop_g03_c03.avi
0.902895509373754,1.1231444617039243,17.72004514666935,0.6316860465116279,203.53488372093022,153.6536953198705,0.3616279069767442,102,100,HulaHoop/v_HulaHoop_g03_c04.avi
0.4918916440986533,0.754981822513886,17.66927064142717,0.7969476744186047,273.30232558139534,226.3756432460365,0.20755813953488372,93,91,HulaHoop/v_HulaHoop_g03_c05.avi
0.9126550270937552,1.1459503672095517,14.035668847618199,0.5656976744186046,383.36744186046514,660.2901475411908,0.13662790697674418,114,112,HulaHoop/v_HulaHoop_g04_c01.avi
0.9186176207811674,1.3461742082332586,16.56804152578089,0.6651162790697674,574.4744186046512,1027.0327446814526,0.18313953488372092,113,111,HulaHoop/v_HulaHoop_g04_c02.avi
1.038007819299987,1.6505081679792657,13.400093283257396,0.7052325581395349,395.31162790697675,842.3517304379261,0.39767441860465114,106,104,HulaHoop/v_HulaHoop_g04_c03.avi
1.0276093192660134,1.3689667487016124,16.49100133406095,0.6321220930232558,279.553488372093,418.2779599622204,0.25872093023255816,112,110,HulaHoop/v_HulaHoop_g04_c04.avi
0.7348265874520281,0.9666640609448787,16.405029716522918,0.6892441860465116,249.52558139534884,141.63975938491095,0.13604651162790699,116,114,HulaHoop/v_HulaHoop_g04_c05.avi
0.42828394742626236,0.9241778267385115,24.0,0.8475290697674419,770.8279069767442,1070.2270844285604,0.14883720930232558,107,105,HulaHoop/v_HulaHoop_g05_c01.avi
1.4599196278023385,5.3129796770566315,123.0,0.7097383720930233,658.1953488372093,1032.1835509099458,0.2191860465116279,97,95,HulaHoop/v_HulaHoop_g05_c02.avi
1.972097617416647,6.520412189342042,82.0,0.592296511627907,673.7116279069768,1033.090775004634,0.23372093023255813,109,107,HulaHoop/v_HulaHoop_g05_c03.avi
0.5717513250668941,2.7454406815038537,51.92301994298868,0.8771802325581395,992.6325581395349,1303.8775980006228,0.1680232558139535,115,113,HulaHoop/v_HulaHoop_g05_c04.avi
1.0137793100777779,2.7486964178273356,73.25383948981786,0.6664244186046512,337.93488372093026,320.50166409880427,0.25232558139534883,97,95,HulaHoop/v_HulaHoop_g06_c01.avi
0.2943744066135332,0.9073913995872364,17.0004595526121,0.9239825581395349,469.2093023255814,370.62314327638984,0.10348837209302325,109,107,HulaHoop/v_HulaHoop_g06_c02.avi
0.7594157801842,1.330745131032432,15.033296378372908,0.7497093023255814,413.0604651162791,356.86572430142263,0.17034883720930233,97,95,HulaHoop/v_HulaHoop_g06_c03.avi
0.2855530853369212,0.979669399172749,18.867962264113206,0.9186046511627907,415.293023255814,367.722573255379,0.20755813953488372,97,95,HulaHoop/v_HulaHoop_g06_c04.avi
0.6339036665259199,3.940463111800483,81.24076870635827,0.8665697674418604,390.7348837209302,356.9844234004726,0.22848837209302325,97,95,HulaHoop/v_HulaHoop_g07_c01.avi
0.2917828487144357,1.5074859942400158,34.264595430268834,0.9209302325581395,354.7906976744186,340.8176596404139,0.27151162790697675,102,100,HulaHoop/v_HulaHoop_g07_c02.avi
0.3733120345702707,2.257620522805007,58.538715821240906,0.920639534883721,468.6511627906977,512.7109382679271,0.19011627906976744,92,90,HulaHoop/v_HulaHoop_g07_c03.avi
0.42549661419640755,1.9257946667814574,32.01562118716424,0.9111918604651162,447.3302325581395,511.7250695055022,0.22674418604651161,102,100,HulaHoop/v_HulaHoop_g07_c04.avi
0.42031694229080707,2.174998162622866,44.384682042344295,0.8959302325581395,356.13023255813954,334.3279294866488,0.2436046511627907,102,100,HulaHoop/v_HulaHoop_g07_c05.avi
9.28645492646252,19.999841530362758,223.14345161801185,0.6754360465116279,175.40465116279069,156.23744296108356,0.5034883720930232,245,242,IceDancing/v_IceDancing_g01_c01.avi
2.8079798127094224,11.035243447069782,146.75,0.7069767441860465,378.0093023255814,675.5378493911192,0.2622093023255814,252,249,IceDancing/v_IceDancing_g01_c02.avi
8.803366279962233,22.030516325583093,253.08904065565542,0.49694767441860466,208.0,124.43883339140541,0.29651162790697677,236,233,IceDancing/v_IceDancing_g01_c03.avi
4.436918210156247,8.836461115248381,199.0,0.4950581395348837,228.31627906976743,163.8253535908833,0.2651162790697674,259,256,IceDancing/v_IceDancing_g01_c04.avi
5.826868643496627,12.934174632811919,238.75,0.6027616279069767,229.87906976744185,215.26897027190276,0.363953488372093,260,257,IceDancing/v_IceDancing_g01_c05.avi
2.704657492183346,10.31671914207793,209.0,0.5255813953488372,207.88837209302326,155.14106590425394,0.3436046511627907,260,257,IceDancing/v_IceDancing_g01_c06.avi
6.765006942205544,20.763076113406147,195.0,0.6295058139534884,249.4139534883721,188.44956339783613,0.22034883720930232,252,249,IceDancing/v_IceDancing_g01_c07.avi
11.314222697410264,16.178279772343366,181.738823590338,0.5303779069767441,262.80930232558137,206.87512446586965,0.20406976744186048,257,254,IceDancing/v_IceDancing_g02_c01.avi
10.832851479854456,20.31943751519403,198.76116320851014,0.5473837209302326,244.05581395348838,208.08923991529096,0.2854651162790698,253,250,IceDancing/v_IceDancing_g02_c02.avi
5.488499352573726,17.267993489349656,272.0606550017845,0.4931686046511628,404.8,763.436558336481,0.28081395348837207,253,250,IceDancing/v_IceDancing_g02_c03.avi
15.389547076707743,37.84102373281334,319.0015673942685,0.3574127906976744,237.13488372093022,182.40556764722783,0.261046511627907,257,254,IceDancing/v_IceDancing_g02_c04.avi
20.873738510438997,48.70576891115853,323.1118227487196,0.7257267441860465,273.86046511627904,437.8546844742702,0.37209302325581395,245,242,IceDancing/v_IceDancing_g02_c05.avi
16.071290771000974,20.53084520148218,184.69434208984313,0.40232558139534885,256.89302325581394,410.75089797087867,0.31627906976744186,249,246,IceDancing/v_IceDancing_g02_c06.avi
12.866714251538767,26.411697120127,306.04084694693944,0.525,247.40465116279069,221.71311649263856,0.30290697674418604,250,247,IceDancing/v_IceDancing_g02_c07.avi
4.4795371508022015,11.407943132682039,152.029602380589,0.584593023255814,276.53953488372093,275.3040214943226,0.32790697674418606,259,256,IceDancing/v_IceDancing_g03_c01.avi
8.733200895463936,20.96819133732944,274.0,0.4757267441860465,229.7674418604651,208.2204597780922,0.34825581395348837,256,253,IceDancing/v_IceDancing_g03_c02.avi
8.81511892589011,24.335664978219775,258.0,0.513953488372093,213.13488372093022,179.19752760405228,0.3627906976744186,248,245,IceDancing/v_IceDancing_g03_c03.avi
6.702707108712569,23.056052555431005,223.75,0.7986918604651163,187.90697674418604,175.29136063741342,0.4755813953488372,244,241,IceDancing/v_IceDancing_g03_c04.avi
4.768392459801763,22.019331245977718,265.25,0.8443313953488372,230.88372093023256,276.0523382547631,0.5215116279069767,245,242,IceDancing/v_IceDancing_g03_c05.avi
3.972102280874262,9.428174019096822,209.0598000573042,0.5036337209302325,191.47906976744187,179.52585686428458,0.4662790697674419,241,238,IceDancing/v_IceDancing_g03_c06.avi
4.705358152151423,8.8448478964392,35.75196672911856,0.6646802325581396,261.5813953488372,395.778786730618,0.2313953488372093,256,253,IceDancing/v_IceDancing_g04_c01.avi
9.859318655183406,16.673154089891383,92.43916918709297,0.4888081395348837,242.6046511627907,191.53215038089425,0.2558139534883721,250,247,IceDancing/v_IceDancing_g04_c02.avi
9.919933832800115,14.85947277644807,184.0,0.3901162790697674,238.92093023255813,179.26451361325013,0.24709302325581395,256,253,IceDancing/v_IceDancing_g04_c03.avi
10.45221403647077,17.5451327630365,140.375222617811,0.41482558139534886,223.62790697674419,149.37716011956678,0.2616279069767442,251,248,IceDancing/v_IceDancing_g04_c04.avi
8.834770719352198,15.813364354742399,189.0,0.34098837209302324,223.40465116279069,124.43262481319584,0.2255813953488372,250,247,IceDancing/v_IceDancing_g04_c05.avi
12.277443548690105,19.83711719407632,226.00884938426637,0.49084302325581397,241.6,173.17942839322646,0.2238372093023256,262,259,IceDancing/v_IceDancing_g04_c06.avi
9.286330829944212,14.956261234807458,121.1486689980538,0.4459302325581395,224.1860465116279,154.77985203506896,0.2680232558139535,256,253,IceDancing/v_IceDancing_g04_c07.avi
10.13646150648026,28.41857518861898,239.0188277102873,0.5415697674418605,235.12558139534883,166.06207314221356,0.23895348837209301,249,246,IceDancing/v_IceDancing_g05_c01.avi
3.6093446297865537,6.794862127291185,135.00370365289984,0.41875,217.26511627906976,140.1910969599958,0.2761627906976744,249,246,IceDancing/v_IceDancing_g05_c02.avi
7.442665726636533,30.098686172229186,284.5,0.8552325581395349,196.94883720930233,217.45503076641998,0.5215116279069767,243,240,IceDancing/v_IceDancing_g05_c03.avi
8.22783955281083,34.484839069931915,331.0060422409235,0.8395348837209302,175.40465116279069,199.6035581934424,0.5872093023255814,244,241,IceDancing/v_IceDancing_g05_c04.avi
8.707337437124176,31.94276679783427,252.7849876871647,0.8770348837209302,200.29767441860466,212.869442997424,0.4947674418604651,244,241,IceDancing/v_IceDancing_g05_c05.avi
15.66760917508946,44.598276498651494,278.0017985553331,0.7655523255813953,172.16744186046512,177.08137627567865,0.5575581395348838,244,241,IceDancing/v_IceDancing_g05_c06.avi
3.4131457817920716,6.059656212977215,110.9479748575881,0.520639534883721,224.29767441860466,210.99221796337258,0.37906976744186044,189,186,IceDancing/v_IceDancing_g06_c01.avi
5.273686676737244,11.585164571817627,165.5023130503015,0.5818313953488372,274.0837209302326,421.33163479517873,0.2941860465116279,250,247,IceDancing/v_IceDancing_g06_c02.avi
8.246867257843391,18.468239423032518,176.65945346909686,0.4693313953488372,231.88837209302326,172.53153834953451,0.2651162790697674,249,246,IceDancing/v_IceDancing_g06_c03.avi
9.43689382387237,28.044522164876206,231.00865784641059,0.5893895348837209,210.34418604651162,175.17399363944781,0.3680232558139535,249,246,IceDancing/v_IceDancing_g06_c04.avi
4.044753602503495,15.073049011517565,201.0006218895852,0.5979651162790698,264.0372093023256,422.4047199696957,0.3395348837209302,234,231,IceDancing/v_IceDancing_g06_c05.avi
1.1603658313054286,3.6974170809740143,106.88779163215975,0.6638081395348837,261.9162790697674,239.00968641481495,0.2854651162790698,253,250,IceDancing/v_IceDancing_g06_c06.avi
2.8527038640523292,5.079088204264159,25.774260416159375,0.5543604651162791,229.87906976744185,213.2684393817894,0.35930232558139535,262,259,IceDancing/v_IceDancing_g07_c01.avi
2.0097422849992066,4.022784771949984,63.6258595226815,0.696656976744186,210.67906976744186,154.2519964186353,0.32906976744186045,267,264,IceDancing/v_IceDancing_g07_c02.avi
5.6748350212367225,12.623591197153441,150.3416941503587,0.46831395348837207,193.15348837209302,164.24827966086036,0.42965116279069765,262,259,IceDancing/v_IceDancing_g07_c03.avi
8.77921413956068,22.026280917851654,236.01906702637396,0.44476744186046513,192.93023255813952,135.71745536460514,0.3843023255813954,231,228,IceDancing/v_IceDancing_g07_c04.avi
16.68381459329083,47.56907088872965,318.69264189811474,0.7957848837209303,185.89767441860465,198.51497218254897,0.5325581395348837,246,243,IceDancing/v_IceDancing_g07_c05.avi
7.318079222648223,15.871673644175246,143.73108571217293,0.4052325581395349,206.21395348837208,131.78732264505308,0.31511627906976747,257,254,IceDancing/v_IceDancing_g07_c06.avi
3.2126520515643544,6.757602077384922,136.1800279042415,0.5159883720930233,223.51627906976745,175.78609746101446,0.30872093023255814,256,253,IceDancing/v_IceDancing_g07_c07.avi
2.294256898897474,5.174698139426776,127.56566936288148,0.45377906976744187,255.88837209302326,170.7913907874673,0.15872093023255815,121,119,JavelinThrow/v_JavelinThrow_g01_c01.avi
5.576256153705727,12.977663854261994,304.2963193993644,0.32659883720930233,245.50697674418603,181.01779097370365,0.22209302325581395,145,143,JavelinThrow/v_JavelinThrow_g01_c02.avi
9.659242369524629,19.430779019200468,243.47689828811275,0.2431686046511628,280.33488372093024,202.55824184975918,0.12441860465116279,140,138,JavelinThrow/v_JavelinThrow_g01_c03.avi
6.535832297224434,16.183892031858004,192.06509313251067,0.36773255813953487,241.71162790697673,168.10199175570062,0.21395348837209302,111,109,JavelinThrow/v_JavelinThrow_g01_c04.avi
1.9204794306261277,6.485714717948788,73.83300413771609,0.7398255813953488,393.9720930232558,345.693154923171,0.17674418604651163,72,70,JavelinThrow/v_JavelinThrow_g02_c01.avi
1.323044877808138,1.9945578251156488,14.018403083090456,0.6443313953488372,426.0093023255814,357.0577178369837,0.14011627906976745,112,110,JavelinThrow/v_JavelinThrow_g02_c02.avi
11.63605271131517,29.792366033968598,166.1731495308433,0.7745639534883721,339.8325581395349,330.00122601670085,0.2796511627906977,82,80,JavelinThrow/v_JavelinThrow_g02_c03.avi
3.725679653484295,13.184326490484622,129.89671377675418,0.5888081395348838,378.45581395348836,352.67619597923533,0.24593023255813953,143,141,JavelinThrow/v_JavelinThrow_g02_c04.avi
5.061416972448407,16.82312290567138,248.81610302590948,0.7209302325581395,402.6790697674419,353.8538448504039,0.18488372093023256,147,145,JavelinThrow/v_JavelinThrow_g03_c01.avi
5.081702230292511,13.242564425463556,220.10906387516167,0.5345930232558139,240.37209302325581,191.36292358637874,0.2651162790697674,152,150,JavelinThrow/v_JavelinThrow_g03_c02.avi
7.529961026761245,20.52190816944438,291.62475889402805,0.5390988372093023,238.0279069767442,177.2529900368809,0.24709302325581395,132,130,JavelinThrow/v_JavelinThrow_g03_c03.avi
6.250305239201779,16.95891106802048,319.8065821711617,0.5017441860465116,202.08372093023254,151.24947038958987,0.36453488372093024,62,60,JavelinThrow/v_JavelinThrow_g03_c04.avi
2.7818468488198422,3.834022063651403,40.52159917870962,0.44127906976744186,282.1209302325581,443.4251089376243,0.36627906976744184,133,131,JavelinThrow/v_JavelinThrow_g04_c01.avi
3.2710812018997726,4.319297922980942,40.01249804748511,0.4638081395348837,221.95348837209303,210.6775286842012,0.38895348837209304,168,165,JavelinThrow/v_JavelinThrow_g04_c02.avi
4.961043622462883,18.856021020728626,338.0014792867037,0.7526162790697675,313.6,317.69514127650376,0.32558139534883723,124,122,JavelinThrow/v_JavelinThrow_g04_c03.avi
4.355094043568138,5.933575660245968,71.84792968485591,0.44127906976744186,263.8139534883721,254.7147292436624,0.31976744186046513,121,119,JavelinThrow/v_JavelinThrow_g04_c04.avi
5.925570634169634,7.686151063084415,40.01249804748511,0.3168604651162791,265.04186046511626,235.84203052887014,0.26453488372093026,72,70,JavelinThrow/v_JavelinThrow_g05_c01.avi
7.570417505662006,13.641868947581541,254.6369965264278,0.5216569767441861,318.6232558139535,253.40171695716964,0.10872093023255813,89,87,JavelinThrow/v_JavelinThrow_g05_c02.avi
4.502824889156803,7.946527351114361,40.537791010364636,0.4829941860465116,256.0,207.03892455060176,0.23255813953488372,99,97,JavelinThrow/v_JavelinThrow_g05_c03.avi
2.2368694766352726,2.765031604469026,15.709272739372755,0.5293604651162791,272.74418604651163,215.00763567006288,0.18255813953488373,160,158,JavelinThrow/v_JavelinThrow_g05_c04.avi
7.3271969746888335,25.653252428971218,319.62634434601915,0.8696220930232558,178.41860465116278,181.33179566469647,0.5343023255813953,82,80,JavelinThrow/v_JavelinThrow_g05_c05.avi
8.621979366436817,18.045109256531916,131.7459676802292,0.3190406976744186,357.5813953488372,470.95204083871005,0.24069767441860465,52,50,JavelinThrow/v_JavelinThrow_g05_c06.avi
7.57421051504205,12.030720924234783,208.25015005996994,0.4611918604651163,239.03255813953487,191.92002661105002,0.27209302325581397,157,155,JavelinThrow/v_JavelinThrow_g06_c01.avi
4.690446363552851,26.335662095231427,319.0,0.909156976744186,170.3813953488372,186.62072874697762,0.5854651162790697,164,161,JavelinThrow/v_JavelinThrow_g06_c02.avi
6.559505516757016,21.453356957135764,340.00588230205665,0.5805232558139535,217.8232558139535,180.135624405883,0.3430232558139535,143,141,JavelinThrow/v_JavelinThrow_g06_c03.avi
8.458280407920176,13.013205023609208,321.4498405661449,0.4838662790697674,228.09302325581396,167.79497649623352,0.27325581395348836,136,134,JavelinThrow/v_JavelinThrow_g06_c04.avi
3.5609569217054413,4.729951431438163,145.79973422472347,0.36526162790697675,187.0139534883721,130.61113877744893,0.40581395348837207,78,76,JavelinThrow/v_JavelinThrow_g07_c01.avi
6.5993849604948736,12.332529616743079,86.6087647123546,0.4138081395348837,229.7674418604651,140.64119566013272,0.22034883720930232,61,59,JavelinThrow/v_JavelinThrow_g07_c02.avi
4.333224682262741,6.4956308178258,39.45883931389772,0.33648255813953487,234.2325581395349,161.2308524358066,0.23430232558139535,67,65,JavelinThrow/v_JavelinThrow_g07_c03.avi
3.7060641161945216,4.110699888591736,20.59732992404598,0.3236918604651163,218.93953488372094,133.20797193047486,0.25813953488372093,91,89,JavelinThrow/v_JavelinThrow_g07_c04.avi
3.466541690806709,3.5128380810893187,25.709920264364882,0.35755813953488375,203.646511627907,165.70330918203706,0.3819767441860465,73,71,JavelinThrow/v_JavelinThrow_g07_c05.avi
0.08668393001710262,0.6665041719657275,13.875563051638661,0.985610465116279,264.93023255813955,262.5511153199694,0.3372093023255814,258,255,JugglingBalls/v_JugglingBalls_g01_c01.avi
0.07666170304106568,0.33103544499793824,7.1293846157996,0.9834302325581395,374.2139534883721,584.6600370087455,0.24709302325581395,249,246,JugglingBalls/v_JugglingBalls_g01_c02.avi
0.08258657262691893,0.3539795912831621,8.110564098754168,0.9864825581395349,265.3767441860465,259.9100424316874,0.32790697674418606,252,249,JugglingBalls/v_JugglingBalls_g01_c03.avi
0.15850530475930233,0.5905271898632711,10.63014581273465,0.9678779069767441,292.6139534883721,245.38485158357983,0.1813953488372093,246,243,JugglingBalls/v_JugglingBalls_g01_c04.avi
0.6592468939077553,5.919281274579058,195.5006393851437,0.8957848837209302,256.78139534883724,191.60731070168507,0.19593023255813954,248,245,JugglingBalls/v_JugglingBalls_g02_c01.avi
0.5624283845963352,1.645576672836278,18.245290488232847,0.8882267441860465,244.39069767441862,187.35087317893291,0.23953488372093024,254,251,JugglingBalls/v_JugglingBalls_g02_c02.avi
0.7689640758585055,6.978001089858625,196.5,0.8870639534883721,294.4,267.8414803660015,0.2372093023255814,249,246,JugglingBalls/v_JugglingBalls_g02_c03.avi
0.5325596483921159,1.9729626504034543,63.56886030125127,0.8818313953488373,291.9441860465116,276.91092791921676,0.27325581395348836,248,245,JugglingBalls/v_JugglingBalls_g02_c04.avi
0.5014871040249728,5.633536647400734,225.75,0.9197674418604651,308.353488372093,270.8618212461134,0.19476744186046513,248,245,JugglingBalls/v_JugglingBalls_g02_c05.avi
0.4187786357239137,1.8053126841078673,79.37450787249014,0.9174418604651163,325.9906976744186,298.7549667303037,0.2191860465116279,254,251,JugglingBalls/v_JugglingBalls_g02_c06.avi
0.15408085505606917,0.9032885687093601,42.05948168962618,0.9649709302325581,256.5581395348837,264.9364383908645,0.3784883720930233,264,261,JugglingBalls/v_JugglingBalls_g03_c01.avi
0.1944328032244344,0.9000414992861524,35.510561809129406,0.9502906976744186,256.2232558139535,215.06141128049407,0.25,250,247,JugglingBalls/v_JugglingBalls_g03_c02.avi
0.19250800988706182,0.7225538155874762,16.879166152390347,0.9431686046511628,244.27906976744185,227.67646624729485,0.3308139534883721,254,251,JugglingBalls/v_JugglingBalls_g03_c03.avi
0.17123951247473312,0.6989004380062461,16.211492836873475,0.9563953488372093,232.89302325581394,212.2571996153119,0.3436046511627907,257,254,JugglingBalls/v_JugglingBalls_g03_c04.avi
0.20550329667208397,1.0898962211898353,22.652262580148587,0.9531976744186047,260.2418604651163,273.1486299831191,0.3872093023255814,277,274,JugglingBalls/v_JugglingBalls_g03_c05.avi
0.24351621761538925,1.087283582789533,17.066048165876012,0.9347383720930232,239.8139534883721,197.11019888117048,0.2796511627906977,258,255,JugglingBalls/v_JugglingBalls_g03_c06.avi
0.21601349353823354,1.3311297775058957,38.87580385020996,0.9625,422.66046511627906,912.0416101634569,0.39709302325581397,270,267,JugglingBalls/v_JugglingBalls_g03_c07.avi
0.17346572949311928,0.5796670058223897,11.552191350562023,0.9472383720930233,278.3255813953488,418.1146900035384,0.2627906976744186,261,258,JugglingBalls/v_JugglingBalls_g04_c01.avi
0.24416988831595038,0.854682073744661,9.540210951546092,0.9299418604651163,297.30232558139534,440.91044995363023,0.29651162790697677,254,251,JugglingBalls/v_JugglingBalls_g04_c02.avi
0.3190701981745262,1.85401585876904,35.522000225212544,0.923110465116279,157.9906976744186,133.36036127717398,0.5569767441860465,247,244,JugglingBalls/v_JugglingBalls_g04_c03.avi
0.2443585710776553,0.9011106321085253,16.1245154965971,0.9405523255813953,258.2325581395349,203.8974704964514,0.21627906976744185,250,247,JugglingBalls/v_JugglingBalls_g04_c04.avi
0.18516901746371933,0.7377319971722478,15.953056133543816,0.9638081395348838,244.05581395348838,193.13211925895123,0.25290697674418605,256,253,JugglingBalls/v_JugglingBalls_g04_c05.avi
0.925852653956702,2.3726002041460035,32.449961479175904,0.7768895348837209,166.25116279069766,145.53059995033254,0.5325581395348837,244,241,JugglingBalls/v_JugglingBalls_g05_c01.avi
0.4219840399092056,2.055830137703739,50.80354318352215,0.9030523255813954,191.3674418604651,151.01729412889787,0.41569767441860467,242,239,JugglingBalls/v_JugglingBalls_g05_c02.avi
0.995089564453937,3.0204632717053004,63.52952069707436,0.7675872093023256,169.93488372093023,133.004967355605,0.4947674418604651,245,242,JugglingBalls/v_JugglingBalls_g05_c03.avi
0.5407861911796837,2.2324277201753424,56.32051136131489,0.8601744186046512,234.12093023255815,187.11927368708223,0.2837209302325581,255,252,JugglingBalls/v_JugglingBalls_g05_c04.avi
0.4454090841047215,1.2296557051956654,21.578345627040086,0.870203488372093,190.36279069767443,143.96174721772257,0.40930232558139534,261,258,JugglingBalls/v_JugglingBalls_g05_c05.avi
0.30887716432717877,0.796261627257805,9.12585612422199,0.9027616279069768,450.45581395348836,774.0282289492961,0.26395348837209304,257,254,JugglingBalls/v_JugglingBalls_g06_c01.avi
0.29896694507285304,1.196762050404628,27.892651361962706,0.9505813953488372,659.4232558139535,1131.467227086492,0.1941860465116279,241,238,JugglingBalls/v_JugglingBalls_g06_c02.avi
0.30820971188243546,0.839006885997574,18.0,0.9155523255813953,265.6,250.58125544700138,0.30116279069767443,258,255,JugglingBalls/v_JugglingBalls_g06_c03.avi
0.31158716501390454,1.1030705909276741,16.65270248338089,0.9197674418604651,558.4,978.1830560599539,0.25988372093023254,253,250,JugglingBalls/v_JugglingBalls_g06_c04.avi
0.3392215074155579,0.9988715875489353,14.422205101855956,0.9138081395348837,642.5674418604651,1134.0432352450607,0.2238372093023256,239,236,JugglingBalls/v_JugglingBalls_g06_c05.avi
0.27194728868747237,0.8492071451496429,20.0,0.9244186046511628,404.0186046511628,588.3648920232196,0.18953488372093022,257,254,JugglingBalls/v_JugglingBalls_g06_c06.avi
1.443228399680126,8.54351369261281,230.52114870440846,0.797093023255814,425.1162790697674,392.5713212820461,0.2866279069767442,254,251,JugglingBalls/v_JugglingBalls_g07_c01.avi
2.1593408585808835,7.3537131858463125,99.18165152889924,0.765406976744186,429.13488372093025,395.28699664086923,0.288953488372093,262,259,JugglingBalls/v_JugglingBalls_g07_c02.avi
3.8253906781765012,15.17044237464616,128.0,0.766860465116279,329.6744186046512,320.3001296698496,0.27906976744186046,247,244,JugglingBalls/v_JugglingBalls_g07_c03.avi
2.2466881348282155,8.120492297275629,188.85448267118258,0.6748546511627908,400.78139534883724,381.90044194900287,0.30174418604651165,251,248,JugglingBalls/v_JugglingBalls_g07_c04.avi
2.9634907136484867,7.964861639534079,97.51153777887005,0.6568313953488372,437.73023255813956,401.2251722579658,0.29534883720930233,249,246,JugglingBalls/v_JugglingBalls_g07_c05.avi
2.89200389985499,9.170129042661644,106.621995854514,0.7159883720930232,441.74883720930234,389.71129706076965,0.2372093023255814,248,245,JugglingBalls/v_JugglingBalls_g07_c06.avi
1.6608010211927087,5.6371360406268645,87.19527295100349,0.7359011627906977,443.2,401.67485636091055,0.2854651162790698,253,250,JugglingBalls/v_JugglingBalls_g07_c07.avi
0.2783140363226901,1.1905878839443456,33.65728004459065,0.9372093023255814,357.69302325581396,340.40397163489945,0.261046511627907,94,92,JumpingJack/v_JumpingJack_g01_c01.avi
0.4181129612642273,1.9071004231572546,32.01562118716424,0.9184593023255814,366.51162790697674,340.2051619102408,0.23372093023255813,92,90,JumpingJack/v_JumpingJack_g01_c02.avi
0.45147323721546245,1.9850409281857075,23.369317491103587,0.9228197674418605,345.19069767441863,337.34756889452774,0.288953488372093,93,91,JumpingJack/v_JumpingJack_g01_c03.avi
0.36648244962544113,1.3289834701647674,20.024984394500787,0.9247093023255814,336.0372093023256,342.21320501294986,0.33662790697674416,90,88,JumpingJack/v_JumpingJack_g01_c04.avi
0.4104504101740346,2.1736623650114195,42.2965719651132,0.9309593023255814,323.2,341.058532792683,0.3755813953488372,90,88,JumpingJack/v_JumpingJack_g01_c05.avi
0.42677342570144605,1.9565734508077508,35.88893457599431,0.9151162790697674,336.2604651162791,342.098268310699,0.3354651162790698,89,87,JumpingJack/v_JumpingJack_g01_c06.avi
0.4712228375412795,1.8377801213143397,29.5,0.9197674418604651,337.04186046511626,339.17628415924594,0.32209302325581396,90,88,JumpingJack/v_JumpingJack_g01_c07.avi
0.7056774213694975,2.121548460199557,52.974050251042726,0.8460755813953489,308.353488372093,564.0265420724895,0.3319767441860465,64,62,JumpingJack/v_JumpingJack_g02_c01.avi
0.8829147698811345,2.588641829929476,61.26989472816156,0.8415697674418605,260.13023255813954,217.25300172934556,0.23895348837209301,64,62,JumpingJack/v_JumpingJack_g02_c02.avi
0.8256228526384447,4.15893139738289,136.79546776117988,0.851453488372093,267.72093023255815,429.53941398499916,0.35755813953488375,102,100,JumpingJack/v_JumpingJack_g02_c03.avi
0.9904081167853122,2.8220716827713566,33.37874510822718,0.8511627906976744,257.1162790697674,392.55425987281586,0.23604651162790696,95,93,JumpingJack/v_JumpingJack_g02_c04.avi
2.0838301940242556,11.08981415672113,142.60747043896404,0.8036337209302326,243.3860465116279,224.21350869142287,0.3261627906976744,57,55,JumpingJack/v_JumpingJack_g03_c01.avi
2.062495038785893,6.1038378060695,137.41906709041507,0.8475290697674419,285.8046511627907,248.94452352345527,0.21686046511627907,89,87,JumpingJack/v_JumpingJack_g03_c02.avi
1.4707326390504545,7.942888787831295,313.28301900996803,0.9138081395348837,179.75813953488372,215.7473481823159,0.6017441860465116,86,84,JumpingJack/v_JumpingJack_g03_c03.avi
1.4344772385535312,7.551145490390367,171.9447585708852,0.9138081395348837,222.51162790697674,268.6594084929253,0.5372093023255814,85,83,JumpingJack/v_JumpingJack_g03_c04.avi
0.8283067671244855,1.473728979070066,13.634171225270716,0.763953488372093,211.5720930232558,169.8416311930527,0.35232558139534886,55,53,JumpingJack/v_JumpingJack_g04_c01.avi
1.0795076615806858,2.8220625967824255,205.84703058339218,0.6390988372093023,208.33488372093024,146.47142571357688,0.32732558139534884,79,77,JumpingJack/v_JumpingJack_g04_c02.avi
0.7781657898452768,1.392851829649335,15.811388300841896,0.7867732558139535,210.2325581395349,170.24262265330185,0.35930232558139535,81,79,JumpingJack/v_JumpingJack_g04_c03.avi
3.0078958227644987,3.469625065287189,41.78516483155236,0.3055232558139535,206.88372093023256,190.17411964172075,0.413953488372093,86,84,JumpingJack/v_JumpingJack_g04_c04.avi
0.1778817774177125,1.1530591448736134,27.35415873317986,0.9616279069767442,146.71627906976744,145.0578343847282,0.6343023255813953,82,80,JumpingJack/v_JumpingJack_g05_c01.avi
0.2137888863839354,1.3075009236158845,33.0,0.9561046511627908,148.8372093023256,139.20854862693116,0.6139534883720931,83,81,JumpingJack/v_JumpingJack_g05_c02.avi
0.4471013398909311,1.6669085823192566,18.256848030259768,0.9172965116279069,192.59534883720931,107.62319701860851,0.3488372093023256,101,99,JumpingJack/v_JumpingJack_g05_c03.avi
0.20580827251791856,1.48509533159211,30.066592756745816,0.9607558139534884,149.28372093023256,145.27007235159758,0.6209302325581395,82,80,JumpingJack/v_JumpingJack_g05_c04.avi
0.46487864934363593,1.6483979724391236,17.804493814764857,0.9094476744186046,205.65581395348838,138.32490451969952,0.32732558139534884,80,78,JumpingJack/v_JumpingJack_g05_c05.avi
0.22565335291841804,1.271275298306436,27.0,0.9450581395348837,153.1906976744186,151.28275054063883,0.6098837209302326,83,81,JumpingJack/v_JumpingJack_g05_c06.avi
0.27276162652580654,1.1647585998058743,17.564168070250297,0.9402616279069768,195.05116279069767,174.00366792724887,0.4383720930232558,72,70,JumpingJack/v_JumpingJack_g06_c01.avi
0.3226687593837292,2.0330236144881844,138.26243162913056,0.9470930232558139,185.11627906976744,149.3385741695423,0.4436046511627907,73,71,JumpingJack/v_JumpingJack_g06_c02.avi
1.1345129204857598,3.7306080216054798,239.75,0.7779069767441861,226.1953488372093,69.52823737389129,0.15523255813953488,80,78,JumpingJack/v_JumpingJack_g06_c03.avi
0.12985581841114033,0.5914219376090458,24.005207768315607,0.9729651162790698,250.41860465116278,240.0467234129823,0.336046511627907,74,72,JumpingJack/v_JumpingJack_g06_c04.avi
0.3361913410003529,2.084345744966982,134.06388402548987,0.9412790697674419,237.69302325581396,197.95578246616128,0.29069767441860467,71,69,JumpingJack/v_JumpingJack_g06_c05.avi
0.27421210673867713,1.0903115965148131,15.033296378372908,0.9531976744186047,186.90232558139536,170.4919959771311,0.47151162790697676,73,71,JumpingJack/v_JumpingJack_g06_c06.avi
0.11035439124002745,0.6432505094650655,14.426538046253508,0.9741279069767442,209.45116279069768,210.93099540899465,0.44709302325581396,67,65,JumpingJack/v_JumpingJack_g06_c07.avi
0.38332394249187896,1.6740409874003097,25.137434733878475,0.9305232558139535,196.72558139534883,128.2195575058172,0.35523255813953486,89,87,JumpingJack/v_JumpingJack_g07_c01.avi
0.37712633027587095,1.407952627114528,27.789386463180506,0.857703488372093,163.23720930232557,126.74359581684631,0.5203488372093024,85,83,JumpingJack/v_JumpingJack_g07_c02.avi
0.365904775973956,1.57949491697163,19.73971251057117,0.8806686046511628,158.77209302325582,119.82614989201996,0.5343023255813953,85,83,JumpingJack/v_JumpingJack_g07_c03.avi
0.3158631942448368,1.4049254650814182,22.375,0.9255813953488372,170.26976744186047,111.98098579230174,0.46511627906976744,88,86,JumpingJack/v_JumpingJack_g07_c04.avi
0.4816323168033872,2.0838712338829355,33.54567781398969,0.9293604651162791,198.84651162790698,127.592992715732,0.34418604651162793,89,87,JumpingJack/v_JumpingJack_g07_c05.avi
0.8998518025133873,2.088175527850148,56.500138274167085,0.7760174418604651,193.0418604651163,129.2178730393661,0.3744186046511628,258,255,JumpRope/v_JumpRope_g01_c01.avi
1.1342141397881615,2.3186558661554164,44.71716672599014,0.7093023255813954,247.29302325581395,206.75212143716178,0.2686046511627907,269,266,JumpRope/v_JumpRope_g01_c02.avi
0.7465382035949711,3.0383413853763432,202.0,0.8079941860465116,236.8,227.49800305793642,0.3627906976744186,347,343,JumpRope/v_JumpRope_g01_c03.avi
2.367013589399956,7.467296165284116,134.01492454200763,0.6572674418604652,202.75348837209302,165.93596320020592,0.3866279069767442,207,204,JumpRope/v_JumpRope_g01_c04.avi
0.3621837736333986,1.3128824414642168,14.832923683481958,0.9190406976744186,226.30697674418604,165.94546231504177,0.2779069767441861,449,445,JumpRope/v_JumpRope_g02_c01.avi
0.3385170113740108,1.6590237527611003,25.924168260524773,0.9343023255813954,223.51627906976745,251.94888456325083,0.48546511627906974,484,480,JumpRope/v_JumpRope_g02_c02.avi
0.36472442356102497,1.4961553761352162,18.20928677900373,0.929796511627907,221.95348837209303,185.81185201244938,0.3354651162790698,493,488,JumpRope/v_JumpRope_g02_c03.avi
0.3105697676272692,1.2068775097356448,14.765881280844702,0.9258720930232558,185.45116279069768,144.91073815812146,0.43488372093023253,501,496,JumpRope/v_JumpRope_g02_c04.avi
0.3551479048030648,2.246406015731866,150.63200191194434,0.9261627906976744,232.11162790697674,146.93743837097588,0.21976744186046512,502,497,JumpRope/v_JumpRope_g02_c05.avi
0.2730795066382355,0.9696079675159941,9.433981132056603,0.9457848837209303,238.47441860465116,145.12447919586577,0.18895348837209303,501,496,JumpRope/v_JumpRope_g02_c06.avi
0.2614582363928002,0.9265096404669412,18.110770276274835,0.93125,201.63720930232557,159.64238672333747,0.3808139534883721,511,506,JumpRope/v_JumpRope_g02_c07.avi
0.38284459164286383,0.8395720552438132,15.116216457830975,0.8901162790697674,176.1860465116279,103.28899529710901,0.425,295,292,JumpRope/v_JumpRope_g03_c01.avi
0.4493458573335239,1.1289983055982467,13.341664064126334,0.8875,181.87906976744185,124.88284474163204,0.4232558139534884,306,303,JumpRope/v_JumpRope_g03_c02.avi
0.3176745320491192,0.892683869309053,15.518134552838495,0.9148255813953489,200.6325581395349,118.29946179462432,0.32325581395348835,295,292,JumpRope/v_JumpRope_g03_c03.avi
0.32072471528977725,0.8931081159954501,18.475067658874757,0.8973837209302326,194.3813953488372,98.7346155359393,0.3302325581395349,317,314,JumpRope/v_JumpRope_g03_c04.avi
0.14424972333003735,0.7088307400543179,14.05180148593055,0.9704941860465116,432.48372093023255,831.0719715090956,0.20406976744186048,499,494,JumpRope/v_JumpRope_g04_c01.avi
0.1852708295156807,1.0839478673710494,21.213203435596427,0.9683139534883721,225.74883720930234,164.87252915734913,0.27848837209302324,529,524,JumpRope/v_JumpRope_g04_c02.avi
0.2161009056535043,1.0072482494054713,17.88854381999832,0.9633720930232558,193.71162790697673,147.635914848535,0.3988372093023256,490,485,JumpRope/v_JumpRope_g04_c03.avi
0.16092216732438863,1.0635270962942098,28.829238630251755,0.9741279069767442,325.3209302325581,577.3897674148839,0.35523255813953486,547,542,JumpRope/v_JumpRope_g04_c04.avi
0.14268882972615965,0.9243580324444823,27.17075633838705,0.9799418604651163,186.90232558139536,137.03974892449762,0.41569767441860467,481,477,JumpRope/v_JumpRope_g04_c05.avi
0.25874905771975915,1.040129913473501,20.615528128088304,0.9334302325581395,428.353488372093,904.7149805193917,0.3116279069767442,538,533,JumpRope/v_JumpRope_g04_c06.avi
0.1720229227025821,0.88477603178404,24.08318915758459,0.9786337209302326,228.31627906976743,178.8366864842511,0.2930232558139535,519,514,JumpRope/v_JumpRope_g04_c07.avi
0.5533950841305021,1.648069494784508,19.24269341854201,0.8513081395348837,425.0046511627907,762.3043858738796,0.22209302325581395,623,618,JumpRope/v_JumpRope_g05_c01.avi
0.5779098064917906,1.3990505622614606,15.674920254980565,0.8558139534883721,425.45116279069765,684.2045499845627,0.20348837209302326,621,616,JumpRope/v_JumpRope_g05_c02.avi
0.45431939085982825,1.3551581566226312,13.914920050075747,0.8966569767441861,751.5162790697674,1121.883229203267,0.14244186046511628,619,614,JumpRope/v_JumpRope_g05_c03.avi
0.457305898882313,1.4397239001271875,19.1049731745428,0.8906976744186047,875.8697674418605,1328.435086253114,0.14593023255813953,615,610,JumpRope/v_JumpRope_g05_c04.avi
0.5677639413296973,1.8581084172770979,28.853076092507017,0.8924418604651163,683.5348837209302,1131.7434861975428,0.2058139534883721,625,620,JumpRope/v_JumpRope_g05_c05.avi
1.5542836511399618,3.1131136482445094,24.08318915758459,0.7501453488372093,588.3162790697675,1027.8222869036854,0.18313953488372092,388,384,JumpRope/v_JumpRope_g06_c01.avi
3.322142702985899,6.756787967025928,31.249249990999783,0.7011627906976744,261.24651162790695,401.7759756143398,0.25872093023255816,379,375,JumpRope/v_JumpRope_g06_c02.avi
1.8811457036929413,5.029595726728583,241.13274352522097,0.6890988372093023,515.5348837209302,1033.8707433230736,0.32034883720930235,356,352,JumpRope/v_JumpRope_g06_c03.avi
0.9382300481509033,2.6899461714112007,22.02271554554524,0.890406976744186,721.6,1220.953362917112,0.17965116279069768,359,355,JumpRope/v_JumpRope_g06_c04.avi
5.033691476809786,16.20440641414402,274.0124312873414,0.4744186046511628,216.26046511627908,187.61406966074637,0.36511627906976746,367,363,JumpRope/v_JumpRope_g06_c05.avi
1.48225145323963,4.85800916335679,175.13708916160505,0.8116279069767441,678.2883720930232,1225.878498704387,0.21686046511627907,397,393,JumpRope/v_JumpRope_g07_c01.avi
2.872634673509056,14.792384134139537,198.01010075246163,0.7191860465116279,714.4558139534884,1317.9645182262714,0.3191860465116279,367,363,JumpRope/v_JumpRope_g07_c02.avi
1.9359677554590056,5.358158220734777,178.54971296532514,0.5646802325581395,721.6,1265.6017405097843,0.1866279069767442,389,385,JumpRope/v_JumpRope_g07_c03.avi
0.895093002949454,1.85172899408213,21.01338858918285,0.7295058139534883,266.49302325581397,396.112127298806,0.2127906976744186,359,355,JumpRope/v_JumpRope_g07_c04.avi
1.5191038082482917,6.851631952403016,179.5027854937076,0.6888081395348837,303.4418604651163,553.0301014695514,0.28313953488372096,344,340,JumpRope/v_JumpRope_g07_c05.avi
4.15511277171838,8.316932759224038,163.98170629676957,0.590843023255814,193.48837209302326,183.88474298320966,0.46511627906976744,404,400,JumpRope/v_JumpRope_g07_c06.avi
1.2428931526648366,2.776989967381368,29.28336771957761,0.7265988372093023,339.6093023255814,295.88595525661214,0.16453488372093023,230,227,Kayaking/v_Kayaking_g01_c01.avi
2.2018558025939052,4.921589539697308,114.33722053644648,0.6741279069767442,293.1720930232558,221.17967685517308,0.11802325581395348,193,190,Kayaking/v_Kayaking_g01_c02.avi
2.7574707135919114,9.720536218596948,176.00284088616297,0.5524709302325581,324.2046511627907,272.7871561061961,0.1447674418604651,188,185,Kayaking/v_Kayaking_g01_c03.avi
1.336960306776012,6.2618717831189805,162.0,0.7039244186046512,383.1441860465116,326.9230371718087,0.1377906976744186,189,186,Kayaking/v_Kayaking_g01_c04.avi
0.7402134472155022,1.3194769313363477,16.00781059358212,0.7600290697674419,367.06976744186045,306.01880131849913,0.11220930232558139,202,199,Kayaking/v_Kayaking_g01_c05.avi
0.6597902468153239,1.283383700759823,16.0312195418814,0.7938953488372092,353.45116279069765,337.79406990271247,0.26453488372093026,199,196,Kayaking/v_Kayaking_g01_c06.avi
1.0102165623961883,1.9050069376199648,92.65527507918802,0.7369186046511628,244.16744186046512,156.27444511429724,0.18255813953488373,199,196,Kayaking/v_Kayaking_g02_c01.avi
0.8607625879169332,2.0163555698233533,21.914607000811127,0.8417151162790698,242.15813953488373,212.91114669560244,0.30465116279069765,215,212,Kayaking/v_Kayaking_g02_c02.avi
1.677949308853345,2.189592503648764,20.024984394500787,0.5899709302325581,236.24186046511628,189.6857060637695,0.2796511627906977,182,179,Kayaking/v_Kayaking_g02_c03.avi
2.744051670629238,4.332807565438417,217.52471123989568,0.43938953488372096,228.4279069767442,157.09941501464868,0.25290697674418605,182,179,Kayaking/v_Kayaking_g02_c04.avi
3.6013080875937202,12.864913268032081,190.7590102721232,0.8565406976744186,161.0046511627907,167.55787608713536,0.5970930232558139,164,161,Kayaking/v_Kayaking_g03_c01.avi
2.9950279559484425,12.56845498550212,302.2796718272666,0.8469476744186046,168.37209302325581,200.02197824074278,0.6238372093023256,167,164,Kayaking/v_Kayaking_g03_c02.avi
2.0628285628478014,12.799815241096272,316.30997455028194,0.84375,147.1627906976744,145.0980310530361,0.6319767441860465,163,160,Kayaking/v_Kayaking_g03_c03.avi
3.432687984309017,10.35936581847345,107.07940978544848,0.4770348837209302,221.95348837209303,243.6961464409252,0.4703488372093023,188,185,Kayaking/v_Kayaking_g03_c04.avi
2.2995406720207106,4.352009375947277,46.06517122512408,0.6430232558139535,204.87441860465117,150.44510100152698,0.35,210,207,Kayaking/v_Kayaking_g04_c01.avi
2.228422868375453,7.929129701104635,77.98717843338096,0.7225290697674419,196.16744186046512,158.28443594016997,0.4046511627906977,238,235,Kayaking/v_Kayaking_g04_c02.avi
1.70134210690084,5.453683805316147,146.32839779072276,0.6774709302325581,186.45581395348836,160.19405862792266,0.4552325581395349,182,179,Kayaking/v_Kayaking_g04_c03.avi
3.011884182122089,6.841810040417036,149.27156460625713,0.5667151162790698,213.24651162790698,192.98625008116352,0.3901162790697674,212,209,Kayaking/v_Kayaking_g04_c04.avi
1.378414126900008,4.759467827072973,128.39003076563228,0.598546511627907,238.69767441860466,126.02464411703066,0.15988372093023256,192,189,Kayaking/v_Kayaking_g04_c05.avi
3.160205084327289,9.146599291920943,300.5877575684013,0.5556686046511627,194.49302325581397,128.83809453142274,0.36686046511627907,186,183,Kayaking/v_Kayaking_g04_c06.avi
3.678847281333295,9.619698560506777,127.00393694685216,0.3421511627906977,245.50697674418603,155.54554764822268,0.1755813953488372,188,185,Kayaking/v_Kayaking_g04_c07.avi
7.415776371071906,20.45639465787053,198.75927651307248,0.5569767441860465,214.5860465116279,168.89708106224535,0.33662790697674416,186,183,Kayaking/v_Kayaking_g05_c01.avi
1.7798864957864708,8.434400812792681,232.86047324524614,0.6369186046511628,233.22790697674418,144.91280188938867,0.2116279069767442,182,179,Kayaking/v_Kayaking_g05_c02.avi
5.444985767120477,9.922187481319835,166.68280130235394,0.5700581395348837,257.5627906976744,240.8195590287812,0.3081395348837209,184,181,Kayaking/v_Kayaking_g05_c03.avi
4.639457748919615,17.25709240311088,320.9143187830671,0.6274709302325582,215.8139534883721,196.66797138347377,0.386046511627907,186,183,Kayaking/v_Kayaking_g05_c04.avi
3.673497867016628,5.171100583475963,104.0,0.5165697674418605,249.4139534883721,233.18209431177547,0.3226744186046512,152,150,Kayaking/v_Kayaking_g06_c01.avi
9.413037959571893,43.72041375312541,339.0,0.9143895348837209,166.8093023255814,167.42247329623802,0.5668604651162791,164,161,Kayaking/v_Kayaking_g06_c02.avi
3.4205207028123112,7.76764708678252,179.00279327429502,0.5331395348837209,270.4,247.63988858543095,0.2738372093023256,152,150,Kayaking/v_Kayaking_g06_c03.avi
4.68987744494334,15.974677725684892,339.002304564438,0.5200581395348837,267.4976744186047,257.37994490850156,0.3122093023255814,156,154,Kayaking/v_Kayaking_g06_c04.avi
2.4323295651341965,6.241247664865605,80.05623023850174,0.5156976744186047,326.7720930232558,292.5154723203237,0.19651162790697674,157,155,Kayaking/v_Kayaking_g06_c05.avi
6.3801819699188504,25.565877324162447,319.03918254659567,0.8563953488372092,212.91162790697675,239.6369086854666,0.5011627906976744,162,160,Kayaking/v_Kayaking_g06_c06.avi
4.906846988664861,14.853285681763301,319.0767932645682,0.4001453488372093,340.72558139534885,297.37554996617536,0.16569767441860464,152,150,Kayaking/v_Kayaking_g06_c07.avi
1.6169775582888377,4.393164145215179,175.72990639046048,0.5648255813953489,242.26976744186047,402.3753445766797,0.3412790697674419,178,175,Kayaking/v_Kayaking_g07_c01.avi
2.426839533519167,19.812041211085987,342.81190177705327,0.9745639534883721,149.95348837209303,145.31792787625986,0.6174418604651163,167,164,Kayaking/v_Kayaking_g07_c02.avi
7.5570811246645695,15.90891573651629,260.00192306981114,0.36017441860465116,230.9953488372093,133.76284107623195,0.20465116279069767,160,158,Kayaking/v_Kayaking_g07_c03.avi
4.235328853459013,14.893800809333921,97.18538984847466,0.45218023255813955,250.75348837209302,192.31875109493353,0.22267441860465118,153,151,Kayaking/v_Kayaking_g07_c04.avi
2.311349837746373,7.6039983571464465,136.88316185711082,0.6277616279069768,298.86511627906975,457.6044960767296,0.37209302325581395,267,264,Knitting/v_Knitting_g01_c01.avi
1.530557044910427,5.710261289548877,102.34256201600583,0.648546511627907,333.13488372093025,313.01227473050193,0.2424418604651163,241,238,Knitting/v_Knitting_g01_c02.avi
3.260890704446163,12.940198125729504,219.03652663425797,0.7633720930232558,322.1953488372093,459.29411864319263,0.29709302325581394,276,273,Knitting/v_Knitting_g01_c03.avi
3.333246862501574,8.330109454832842,72.00694410957877,0.6963662790697674,327.66511627906976,315.29689137915483,0.2686046511627907,191,188,Knitting/v_Knitting_g01_c04.avi
2.2337400647077974,7.5541031956653235,129.71121771072848,0.5569767441860465,326.10232558139535,460.23004232129045,0.28837209302325584,234,231,Knitting/v_Knitting_g02_c01.avi
2.2224266049079335,9.019636284211252,140.71602609511115,0.6771802325581395,323.646511627907,313.32352797947635,0.2755813953488372,219,216,Knitting/v_Knitting_g02_c02.avi
2.9603115825208777,5.816788561706712,81.75764490247991,0.55625,323.9813953488372,466.99490523380666,0.32965116279069767,259,256,Knitting/v_Knitting_g02_c03.avi
2.3531662254838994,5.159790202376291,139.4793891583986,0.5524709302325581,315.4976744186047,308.54468410201935,0.2877906976744186,202,199,Knitting/v_Knitting_g02_c04.avi
2.216769325075273,20.181832307078395,359.25800269444244,0.6526162790697675,342.95813953488374,317.6609178240499,0.22616279069767442,241,238,Knitting/v_Knitting_g02_c05.avi
1.3697875025900308,2.2629807370385344,22.54994456755936,0.6575581395348837,302.54883720930235,446.5014556980843,0.3040697674418605,217,214,Knitting/v_Knitting_g03_c01.avi
4.1522431614671556,17.633888108215903,342.78345934423385,0.7457848837209302,156.76279069767443,145.62881938020536,0.5819767441860465,245,242,Knitting/v_Knitting_g03_c02.avi
2.047199154051958,6.116622093179457,188.45158529447292,0.6194767441860465,260.9116279069767,422.655510507631,0.35348837209302325,257,254,Knitting/v_Knitting_g03_c03.avi
1.9248001888421908,5.169161492341399,138.27870407260838,0.6540697674418605,287.1441860465116,430.2163140616621,0.28430232558139534,237,234,Knitting/v_Knitting_g03_c04.avi
1.3677889803557428,2.361048941908975,73.43194127898295,0.6031976744186046,392.29767441860463,678.6998684175064,0.24593023255813953,213,210,Knitting/v_Knitting_g03_c05.avi
1.9834313275743198,9.75048800050602,193.75,0.7885174418604651,303.7767441860465,291.5317469147522,0.2744186046511628,223,220,Knitting/v_Knitting_g04_c01.avi
0.8912546681268303,2.160095925640005,34.055331814563196,0.7879360465116279,300.2046511627907,302.61796466255305,0.32325581395348835,232,229,Knitting/v_Knitting_g04_c02.avi
1.1184432396304993,5.08543089919435,75.0066663703967,0.7719476744186047,288.2604651162791,299.40009331804396,0.35755813953488375,227,224,Knitting/v_Knitting_g04_c03.avi
0.7888341330869099,2.2048737954668347,52.61178575186362,0.7898255813953489,394.30697674418604,602.7017918932422,0.3075581395348837,241,238,Knitting/v_Knitting_g04_c04.avi
0.8867906968802369,3.591038014597076,87.75035612463348,0.779796511627907,306.45581395348836,298.20859977174683,0.28604651162790695,221,218,Knitting/v_Knitting_g04_c05.avi
1.730710302526224,3.061901081546767,45.55353992830854,0.5677325581395349,299.9813953488372,276.0593121774983,0.24069767441860465,248,245,Knitting/v_Knitting_g04_c06.avi
2.3680847392780047,6.910403253303473,55.90798802496831,0.7619186046511628,419.42325581395346,829.0596760402182,0.21627906976744185,254,251,Knitting/v_Knitting_g05_c01.avi
1.3172404811453264,9.496155350990831,317.58620876857987,0.9101744186046512,1254.9581395348837,1699.2976587788917,0.24825581395348836,266,263,Knitting/v_Knitting_g05_c02.avi
1.173252940741413,4.345933508081287,161.37224048763778,0.8334302325581395,377.0046511627907,757.5026011018319,0.30697674418604654,264,261,Knitting/v_Knitting_g05_c03.avi
1.6409217521213941,5.483963621224072,96.78140640122977,0.8468023255813953,291.3860465116279,424.419093876749,0.24127906976744187,275,272,Knitting/v_Knitting_g05_c04.avi
2.960849339623658,14.461717943814673,319.189598828032,0.8251453488372092,252.76279069767443,278.86963614618395,0.43546511627906975,247,244,Knitting/v_Knitting_g05_c05.avi
1.329742698516588,3.1296256780662426,38.14712472782188,0.7438953488372093,284.13023255813954,318.4322961408395,0.4372093023255814,221,218,Knitting/v_Knitting_g06_c01.avi
1.8143435786705975,10.566936492699579,186.59046063504962,0.8713662790697675,245.84186046511627,298.0995824190285,0.525,287,284,Knitting/v_Knitting_g06_c02.avi
1.5814086952558548,5.161620750275423,104.0,0.7739825581395349,261.5813953488372,259.77183481951016,0.3430232558139535,142,140,Knitting/v_Knitting_g06_c03.avi
1.1375956738777346,5.0994732072249285,149.96666296213968,0.7938953488372092,290.8279069767442,305.387840580939,0.3674418604651163,112,110,Knitting/v_Knitting_g06_c04.avi
2.527690844923244,4.490394505920316,41.0,0.5415697674418605,222.28837209302327,206.46745473510293,0.37790697674418605,235,232,Knitting/v_Knitting_g07_c01.avi
3.5067546531983758,11.89356035453315,205.854317418897,0.7642441860465117,179.9813953488372,179.97932601663405,0.5238372093023256,247,244,Knitting/v_Knitting_g07_c02.avi
2.5340905102128395,4.858064606171401,150.14014286658983,0.47950581395348835,301.8790697674419,429.0951044135703,0.2238372093023256,193,190,Knitting/v_Knitting_g07_c03.avi
2.767361184051346,9.514258427301767,191.47862152209055,0.5758720930232558,227.4232558139535,210.01431273175257,0.3627906976744186,173,170,Knitting/v_Knitting_g07_c04.avi
3.45018880435857,5.661035163785507,183.52145651122106,0.41409883720930235,209.22790697674418,149.07734581469495,0.32732558139534884,216,213,Knitting/v_Knitting_g07_c05.avi
2.216490410911831,12.453318338727655,300.4663042672173,0.903343023255814,419.7581395348837,504.63556928003516,0.24941860465116278,144,142,LongJump/v_LongJump_g01_c01.avi
6.050201057610603,16.516075167746255,227.89910048089263,0.6940406976744186,319.1813953488372,346.06314738707493,0.40813953488372096,179,176,LongJump/v_LongJump_g01_c02.avi
4.8129188986590545,21.757827203019197,293.86561554560956,0.8218023255813953,503.8139534883721,791.2930617494013,0.31627906976744186,143,141,LongJump/v_LongJump_g01_c03.avi
9.515822896817467,23.515762025362232,211.91035840656775,0.7584302325581396,590.5488372093023,925.2219727058571,0.2854651162790698,127,125,LongJump/v_LongJump_g01_c04.avi
1.6914900044830607,9.13080234298457,262.9839586362636,0.8388081395348838,465.86046511627904,710.3746008644116,0.31627906976744186,154,152,LongJump/v_LongJump_g01_c05.avi
12.432396349327348,28.089523232612372,269.7869529832753,0.6561046511627907,478.92093023255813,688.6089437909604,0.12732558139534883,100,98,LongJump/v_LongJump_g01_c06.avi
5.300565692973395,26.733619712609027,347.0,0.8588662790697674,406.25116279069766,369.2229328286028,0.23604651162790696,124,122,LongJump/v_LongJump_g01_c07.avi
8.6572389324004,11.172288209764377,43.83206588788623,0.27165697674418604,390.1767441860465,319.33690952464065,0.09186046511627907,111,109,LongJump/v_LongJump_g02_c01.avi
7.911040348913881,9.970191970786676,71.57961039988972,0.27238372093023255,382.0279069767442,310.2106998331426,0.08313953488372093,117,115,LongJump/v_LongJump_g02_c02.avi
3.4736565410578066,3.763917756435198,11.510864433221338,0.5133720930232558,391.9627906976744,310.5406515899109,0.056976744186046514,147,145,LongJump/v_LongJump_g02_c03.avi
7.577543132978061,9.151846619893108,35.014282800023196,0.2533430232558139,377.5627906976744,320.79380396444606,0.13197674418604652,117,115,LongJump/v_LongJump_g02_c04.avi
24.960050115676047,48.29868584058868,225.64186225078006,0.7376453488372093,239.3674418604651,249.13985959224183,0.40755813953488373,86,84,LongJump/v_LongJump_g02_c05.avi
1.3077031203698348,3.0216771844166,13.594576124322524,0.8507267441860465,232.44651162790697,167.2482229179928,0.25290697674418605,75,73,LongJump/v_LongJump_g03_c01.avi
0.7445796345950858,0.8929546822479707,11.435279839164409,0.7063953488372093,470.9953488372093,831.4788366472837,0.12906976744186047,91,89,LongJump/v_LongJump_g03_c02.avi
0.7658489770954375,6.329199765821681,303.05775027212223,0.7709302325581395,254.66046511627906,181.19846775307659,0.18372093023255814,109,107,LongJump/v_LongJump_g03_c03.avi
2.3606763928090713,3.507010852402655,20.435875317685806,0.35319767441860467,265.3767441860465,218.7127720744023,0.22093023255813954,95,93,LongJump/v_LongJump_g03_c04.avi
1.6510660573035596,2.460945521223846,43.2030091544559,0.5428779069767442,228.31627906976743,168.97736869279487,0.2744186046511628,110,108,LongJump/v_LongJump_g03_c05.avi
1.939966288074999,2.3356314051194342,81.0209270806006,0.4364825581395349,275.86976744186046,216.3323493263599,0.17325581395348838,98,96,LongJump/v_LongJump_g03_c06.avi
7.130107388322402,15.533508438254994,196.0,0.5658430232558139,341.3953488372093,328.49297465390543,0.2691860465116279,118,116,LongJump/v_LongJump_g04_c01.avi
6.9300731313189035,25.53083003808956,198.0,0.6206395348837209,299.86976744186046,288.26793377712335,0.27848837209302324,143,141,LongJump/v_LongJump_g04_c02.avi
4.732722852444593,25.175405081021406,236.82958007816507,0.7126453488372093,312.1488372093023,317.0435172038272,0.32848837209302323,143,141,LongJump/v_LongJump_g04_c03.avi
11.77750944362528,26.032122046186622,249.25,0.5241279069767442,315.0511627906977,290.16125778936055,0.22965116279069767,127,125,LongJump/v_LongJump_g04_c04.avi
7.595096755121325,21.305946251437735,229.73952642068366,0.5351744186046512,345.30232558139534,319.6692720343383,0.2255813953488372,119,117,LongJump/v_LongJump_g04_c05.avi
8.357341936526085,23.933930826042324,232.0,0.5866279069767442,329.0046511627907,314.58090980791576,0.2616279069767442,152,150,LongJump/v_LongJump_g04_c06.avi
6.688247969279843,14.77213844073786,169.46773291691844,0.5947674418604652,337.04186046511626,315.60910930391157,0.23837209302325582,120,118,LongJump/v_LongJump_g04_c07.avi
5.350610929466844,7.809382123181034,39.0,0.2449127906976744,391.1813953488372,333.08089614205915,0.1377906976744186,112,110,LongJump/v_LongJump_g05_c01.avi
6.040491756338575,11.279195008800388,53.75,0.29273255813953486,360.1488372093023,299.3449844376054,0.11104651162790698,93,91,LongJump/v_LongJump_g05_c02.avi
4.967198056035861,13.06831698307317,168.0,0.2995639534883721,339.4976744186047,293.0426252734401,0.1558139534883721,135,133,LongJump/v_LongJump_g05_c03.avi
4.834625434604027,9.034647969404364,245.506109903603,0.3656976744186046,342.95813953488374,302.45352226651687,0.175,133,131,LongJump/v_LongJump_g05_c04.avi
6.846078542115699,12.1293689279408,181.06904760339356,0.30377906976744184,337.6,288.30960103075245,0.14709302325581394,147,145,LongJump/v_LongJump_g05_c05.avi
18.842210030675748,30.464193944883903,178.02527910383964,0.5542151162790697,378.34418604651165,474.5126779507218,0.19767441860465115,87,85,LongJump/v_LongJump_g06_c01.avi
19.97056040031522,38.889680211165555,223.00896842952304,0.5337209302325582,271.293023255814,286.58584118886563,0.38313953488372093,82,80,LongJump/v_LongJump_g06_c02.avi
10.256986470502623,27.495497769685716,197.5975233903502,0.4805232558139535,401.89767441860465,467.0972497160158,0.09593023255813954,137,135,LongJump/v_LongJump_g06_c03.avi
12.438474422913204,13.994162911090214,56.5311031645412,0.3133720930232558,356.57674418604654,310.8006201822621,0.15988372093023256,127,125,LongJump/v_LongJump_g06_c04.avi
7.609905866244499,27.73468864371871,323.37284981890485,0.7017441860465117,285.9162790697674,298.24536872774746,0.3627906976744186,124,122,LongJump/v_LongJump_g07_c01.avi
8.819370225298684,13.550572288203771,298.5,0.3879360465116279,322.4186046511628,284.60026904807916,0.1866279069767442,172,169,LongJump/v_LongJump_g07_c02.avi
8.887811942385726,14.341492456849359,241.27538726525754,0.4265988372093023,325.3209302325581,315.1752030723432,0.2761627906976744,103,101,LongJump/v_LongJump_g07_c03.avi
3.591770764913487,16.247327888412663,301.6836091006603,0.8251453488372092,223.62790697674419,242.38169238330687,0.45930232558139533,83,81,LongJump/v_LongJump_g07_c04.avi
6.398703075212734,14.533321436814997,250.15307813416968,0.5069767441860465,346.4186046511628,326.98212969861066,0.24767441860465117,119,117,LongJump/v_LongJump_g07_c05.avi
4.653594452810392,12.278861767116389,192.6058150731696,0.46831395348837207,795.4976744186047,1386.9045367943095,0.24127906976744187,263,260,Lunges/v_Lunges_g01_c01.avi
4.285252737411356,10.032984828856886,184.05433980213562,0.6353197674418605,931.0139534883721,1476.47625605325,0.175,236,233,Lunges/v_Lunges_g01_c02.avi
1.9607469853553658,8.894957409500769,281.37519435799595,0.6940406976744186,798.9581395348837,1390.8721818178253,0.30697674418604654,227,224,Lunges/v_Lunges_g01_c03.avi
2.2144343522751546,3.9750111495439353,55.014202711663465,0.4321220930232558,846.7348837209303,1414.743115622667,0.1697674418604651,272,269,Lunges/v_Lunges_g01_c04.avi
4.2610205787368844,8.142849855728008,295.00508470194205,0.5079941860465116,780.8744186046512,1344.988692974522,0.19186046511627908,254,251,Lunges/v_Lunges_g01_c05.avi
3.352889938503516,9.440971416530866,160.15305179733542,0.6944767441860465,780.7627906976744,1305.745363014578,0.22267441860465118,263,260,Lunges/v_Lunges_g01_c06.avi
2.800720634834042,4.153260814107915,28.217902119044926,0.5396802325581396,1355.9813953488372,1751.4792258898287,0.1686046511627907,236,233,Lunges/v_Lunges_g01_c07.avi
4.276518559341181,6.714991649199552,109.02322000381386,0.5915697674418605,198.73488372093024,204.95780494136304,0.48430232558139535,166,163,Lunges/v_Lunges_g02_c01.avi
1.9307744442375525,3.6472395356039056,51.14027889051838,0.5117732558139535,284.57674418604654,236.32827467879395,0.1883720930232558,169,166,Lunges/v_Lunges_g02_c02.avi
1.0866494352506268,1.9360800216088645,16.80773631397161,0.6343023255813953,254.43720930232558,209.80951385444826,0.2453488372093023,159,157,Lunges/v_Lunges_g02_c03.avi
1.5294704130810868,3.407767271588818,33.25587354137612,0.6824127906976745,264.3720930232558,184.12091871803364,0.1494186046511628,178,175,Lunges/v_Lunges_g02_c04.avi
3.446766326804122,7.306204145888849,145.71547618561317,0.6656976744186046,645.3581395348838,1185.003164402125,0.26976744186046514,255,252,Lunges/v_Lunges_g03_c01.avi
4.777359037612626,11.149725865008513,288.0277764383151,0.4136627906976744,216.14883720930231,145.14165073374934,0.288953488372093,249,246,Lunges/v_Lunges_g03_c02.avi
2.2032252618858648,6.508913096594675,200.60159520801423,0.6946220930232558,509.0604651162791,906.0767209518995,0.175,236,233,Lunges/v_Lunges_g03_c03.avi
2.6095659652150753,8.567833630631121,263.00760445279906,0.6883720930232559,1226.493023255814,1672.669911054382,0.17093023255813952,253,250,Lunges/v_Lunges_g03_c04.avi
3.834786104362523,11.59423579655108,162.01234520862909,0.634156976744186,226.08372093023254,194.56382336626422,0.33488372093023255,263,260,Lunges/v_Lunges_g04_c01.avi
3.491554176387653,6.255753646428496,59.481089431852205,0.6117732558139535,251.4232558139535,189.75558923313332,0.21453488372093024,261,258,Lunges/v_Lunges_g04_c02.avi
3.388488291216352,8.627095129548083,179.42912946341795,0.6061046511627907,246.4,218.2125441366849,0.2988372093023256,249,246,Lunges/v_Lunges_g04_c03.avi
2.3316944780022677,5.329958616672346,94.58494859120029,0.6267441860465116,244.8372093023256,234.88591295316098,0.34651162790697676,185,182,Lunges/v_Lunges_g04_c04.avi
2.561874587669926,8.282462087449918,259.8557292037257,0.44549418604651164,194.71627906976744,141.46735498230524,0.3843023255813954,240,237,Lunges/v_Lunges_g05_c01.avi
5.704683867674937,14.403019265584634,174.4849563716024,0.4322674418604651,240.8186046511628,126.38251140387531,0.1511627906976744,256,253,Lunges/v_Lunges_g05_c02.avi
3.72810540411412,7.45845546666909,129.9730741346068,0.4206395348837209,223.1813953488372,101.82300936066613,0.19883720930232557,218,215,Lunges/v_Lunges_g05_c03.avi
4.3473278156375805,14.579070960996367,323.74835906920055,0.30188953488372094,279.3302325581395,203.15171960634663,0.1296511627906977,199,196,Lunges/v_Lunges_g05_c04.avi
1.1732924792838881,2.3550506519951635,23.837994882120434,0.7190406976744186,436.1674418604651,904.2585603997601,0.2895348837209302,256,253,Lunges/v_Lunges_g06_c01.avi
0.47361517706242673,4.157978590244787,198.17164277464119,0.8886627906976744,1548.3162790697675,1819.4726689320744,0.20406976744186048,236,233,Lunges/v_Lunges_g06_c02.avi
2.7506475219887365,7.671695631595859,176.63804799646084,0.735610465116279,769.9348837209302,1345.8507106268341,0.1883720930232558,257,254,Lunges/v_Lunges_g06_c03.avi
2.2025374658740926,5.708731466603348,65.06919393998976,0.8258720930232558,974.8837209302326,1587.108607079309,0.3767441860465116,267,264,Lunges/v_Lunges_g06_c04.avi
2.5055475750246536,6.335947900716689,99.04039579888602,0.7436046511627907,612.3162790697675,1133.0936177029585,0.21627906976744185,256,253,Lunges/v_Lunges_g06_c05.avi
4.282891533854066,11.503646851781014,64.35060217278468,0.8254360465116279,553.9348837209302,1086.6032653296174,0.2877906976744186,256,253,Lunges/v_Lunges_g06_c06.avi
1.8990518496635795,6.714605242733829,236.50475682319797,0.8443313953488372,1411.6837209302325,1794.2665412077947,0.2505813953488372,263,260,Lunges/v_Lunges_g06_c07.avi
5.328554031840712,6.515256708560758,41.0,0.2802325581395349,330.0093023255814,277.0547757225564,0.1377906976744186,250,247,Lunges/v_Lunges_g07_c01.avi
7.382508793704503,11.277087228535725,131.73458164050928,0.6178779069767442,240.14883720930231,243.66804752032806,0.38953488372093026,247,244,Lunges/v_Lunges_g07_c02.avi
6.159719936891599,10.352825012816929,93.86160024205851,0.6655523255813953,208.2232558139535,215.23574186330248,0.4627906976744186,247,244,Lunges/v_Lunges_g07_c03.avi
3.3422089612378825,4.46727257419488,61.0,0.3707848837209302,234.45581395348836,193.74151240503068,0.29593023255813955,266,263,Lunges/v_Lunges_g07_c04.avi
1.6941707731689888,1.7598295781827762,14.750529651507433,0.39825581395348836,255.66511627906976,175.8609372437276,0.1691860465116279,239,236,Lunges/v_Lunges_g07_c05.avi
5.055126134126629,7.355048292060023,31.508927306400007,0.4848837209302326,246.51162790697674,182.89867217505008,0.22151162790697673,252,249,Lunges/v_Lunges_g07_c06.avi
4.359460354700203,7.788188016806514,177.73013250431114,0.3959302325581395,250.08372093023254,192.63338469170546,0.22616279069767442,255,252,Lunges/v_Lunges_g07_c07.avi
1.1920058085261385,8.579260785750185,295.5,0.7180232558139535,757.7674418604652,1176.464803676168,0.23546511627906977,129,127,MilitaryParade/v_MilitaryParade_g01_c01.avi
2.7595255910794867,6.280046481527229,50.80354318352215,0.607703488372093,255.7767441860465,180.61091784610815,0.17790697674418604,128,126,MilitaryParade/v_MilitaryParade_g01_c02.avi
2.9854232871718933,11.55528117182482,252.51497480347575,0.7082848837209302,237.69302325581396,250.52406224807734,0.4186046511627907,122,120,MilitaryParade/v_MilitaryParade_g01_c03.avi
2.4022778389667967,13.183460976029854,282.0,0.7745639534883721,300.7627906976744,266.9722997766359,0.21104651162790697,119,117,MilitaryParade/v_MilitaryParade_g01_c04.avi
1.833533211874972,12.437886449596027,318.5,0.5398255813953489,315.27441860465115,262.90964766239426,0.14709302325581394,150,148,MilitaryParade/v_MilitaryParade_g01_c05.avi
2.1874141642595086,5.181533841218132,95.5,0.6065406976744186,381.24651162790695,571.6316342528019,0.14534883720930233,137,135,MilitaryParade/v_MilitaryParade_g01_c06.avi
2.3145045996468214,7.191342328561249,383.0,0.6953488372093023,308.8,303.47008894406866,0.2947674418604651,142,140,MilitaryParade/v_MilitaryParade_g01_c07.avi
6.680914207726023,20.91414929657876,304.8212591011329,0.4029069767441861,227.2,99.2168027779991,0.17790697674418604,94,92,MilitaryParade/v_MilitaryParade_g02_c01.avi
5.99466781824741,9.389600897024831,163.7988476760444,0.24941860465116278,254.88372093023256,194.76750711557392,0.21046511627906977,129,127,MilitaryParade/v_MilitaryParade_g02_c02.avi
2.6978719704396514,7.991330308847121,216.00014467587746,0.5274709302325581,231.88837209302326,162.28962512413207,0.24651162790697675,113,111,MilitaryParade/v_MilitaryParade_g02_c03.avi
1.3005299687808791,8.059279619701103,243.9760490294078,0.7415697674418604,214.36279069767443,178.82884765887943,0.3563953488372093,120,118,MilitaryParade/v_MilitaryParade_g02_c04.avi
2.413163607370675,10.72301403242914,242.5963726027246,0.30843023255813956,272.52093023255816,194.17917470085914,0.1372093023255814,109,107,MilitaryParade/v_MilitaryParade_g03_c01.avi
3.6922789648848293,14.430447987991633,296.52150006365474,0.19752906976744186,248.07441860465116,154.10631801639076,0.1622093023255814,113,111,MilitaryParade/v_MilitaryParade_g03_c02.avi
4.238035485460378,9.243876110166791,243.50770008359078,0.32165697674418603,233.56279069767442,118.7103354040704,0.17267441860465116,94,92,MilitaryParade/v_MilitaryParade_g03_c03.avi
2.3935509906497057,3.577529020336756,85.09406559801923,0.45392441860465116,222.1767441860465,171.3316012844741,0.3063953488372093,113,111,MilitaryParade/v_MilitaryParade_g03_c04.avi
2.7977545169720583,8.246876731340139,154.87459644822323,0.6167151162790697,247.29302325581395,189.44133950676058,0.2313953488372093,138,136,MilitaryParade/v_MilitaryParade_g04_c01.avi
3.5126230895150523,8.70542000174216,70.40596565632774,0.6245639534883721,243.94418604651162,173.29656433519963,0.21395348837209302,90,88,MilitaryParade/v_MilitaryParade_g04_c02.avi
2.6759950903198746,6.524376845888449,129.77865772152214,0.516860465116279,227.53488372093022,189.5958184257273,0.31802325581395346,152,150,MilitaryParade/v_MilitaryParade_g04_c03.avi
3.393258894771903,8.776545055436982,138.10141201305655,0.5738372093023256,220.8372093023256,156.12650360235358,0.2854651162790698,90,88,MilitaryParade/v_MilitaryParade_g04_c04.avi
1.8523785227919043,6.581976955545222,232.10046316196787,0.5834302325581395,241.37674418604652,173.28444801621237,0.225,94,92,MilitaryParade/v_MilitaryParade_g05_c01.avi
0.2150813508137022,0.7244729225023733,13.038404810405298,0.942296511627907,215.8139534883721,180.76829005392813,0.35348837209302325,111,109,MilitaryParade/v_MilitaryParade_g05_c02.avi
0.4870052541448013,4.463660780258108,144.90384742994232,0.9604651162790697,175.85116279069769,186.23589988405743,0.5569767441860465,86,84,MilitaryParade/v_MilitaryParade_g05_c03.avi
3.038598585681721,15.328752025422531,223.50013982098534,0.5940406976744186,196.94883720930233,152.5851411158557,0.39127906976744187,106,104,MilitaryParade/v_MilitaryParade_g05_c04.avi
2.156675520728601,7.9930659430046145,195.78048932414077,0.5443313953488372,204.65116279069767,138.65246560944436,0.3325581395348837,145,143,MilitaryParade/v_MilitaryParade_g06_c01.avi
2.668269778866916,9.760438648159314,302.0198668962027,0.5370639534883721,230.54883720930232,127.44055134279235,0.19767441860465115,112,110,MilitaryParade/v_MilitaryParade_g06_c02.avi
2.0814906964318145,5.128484311342412,77.34056180297632,0.4494186046511628,228.9860465116279,152.70093827310365,0.24302325581395348,118,116,MilitaryParade/v_MilitaryParade_g06_c03.avi
5.077204435501489,20.160508096025048,257.12448347055556,0.6265988372093023,189.13488372093022,142.72137579461392,0.41337209302325584,125,123,MilitaryParade/v_MilitaryParade_g06_c04.avi
1.4434328846650515,3.572648470830894,181.33394607739612,0.5625,197.50697674418603,146.71763324431532,0.37906976744186044,110,108,MilitaryParade/v_MilitaryParade_g07_c01.avi
1.7609878410391449,5.559689945713006,98.01147891956329,0.7370639534883721,226.08372093023254,226.14877273469892,0.4069767441860465,145,143,MilitaryParade/v_MilitaryParade_g07_c02.avi
2.6965516511086323,9.037307883159974,156.3873396410336,0.6049418604651163,212.353488372093,205.068668418413,0.42034883720930233,144,142,MilitaryParade/v_MilitaryParade_g07_c03.avi
1.2615129195406605,3.1778507672695215,101.51354589413178,0.6093023255813953,212.68837209302325,150.76033839254157,0.313953488372093,157,155,MilitaryParade/v_MilitaryParade_g07_c04.avi
1.8831785832750432,4.5695867406342385,76.4198926981712,0.5454941860465117,213.35813953488372,140.20376240275263,0.2941860465116279,149,147,MilitaryParade/v_MilitaryParade_g07_c05.avi
3.2177636211222955,9.726536891334693,250.75012462609067,0.47151162790697676,239.92558139534884,135.12713753750793,0.16744186046511628,141,139,MilitaryParade/v_MilitaryParade_g07_c06.avi
0.9564720422744432,4.33060746901186,72.5,0.8739825581395348,699.7209302325581,778.5130228655316,0.12616279069767442,106,104,Mixing/v_Mixing_g01_c01.avi
0.532793904634656,3.3279759458961276,76.34839962304383,0.9236918604651163,524.353488372093,422.17644903018714,0.23953488372093024,127,125,Mixing/v_Mixing_g01_c02.avi
0.5933891016995648,3.0237168325956976,52.49761899362675,0.9284883720930233,565.9906976744186,535.4956147363289,0.19011627906976744,143,141,Mixing/v_Mixing_g01_c03.avi
0.5620186761841031,3.3633824888557053,63.0,0.9178779069767442,533.5069767441861,409.9387120360111,0.17325581395348838,122,120,Mixing/v_Mixing_g01_c04.avi
0.41392057335119353,1.5844346064252743,23.75,0.891860465116279,605.1720930232558,713.359587176446,0.1813953488372093,111,109,Mixing/v_Mixing_g01_c05.avi
0.4653162847623256,2.96208448710848,99.75,0.936046511627907,579.3860465116279,534.7774975616713,0.17616279069767443,159,157,Mixing/v_Mixing_g01_c06.avi
0.43612128719644716,1.361753510474697,14.713938969562161,0.8840116279069767,531.4976744186047,417.9599276932926,0.2116279069767442,125,123,Mixing/v_Mixing_g01_c07.avi
0.8861920017353782,3.570215131255253,69.02897942168927,0.8444767441860465,1410.2325581395348,1664.055746455647,0.17674418604651163,104,102,Mixing/v_Mixing_g02_c01.avi
0.596421929421219,2.5570657059503437,44.27188724235731,0.8441860465116279,1302.1767441860466,1612.2570360078573,0.20232558139534884,106,104,Mixing/v_Mixing_g02_c02.avi
2.270666242591436,9.656985068172514,196.93907687404246,0.7838662790697675,179.53488372093022,210.74257953635671,0.5912790697674418,166,163,Mixing/v_Mixing_g02_c03.avi
1.7391811279767264,8.392082982207242,144.40221604947757,0.7989825581395349,217.6,436.63129888132244,0.6069767441860465,166,163,Mixing/v_Mixing_g02_c04.avi
0.849540045251886,3.1243643987387975,38.8329756778952,0.8436046511627907,1503.106976744186,1749.7053101242238,0.20465116279069767,149,147,Mixing/v_Mixing_g02_c05.avi
0.145749573148795,0.8428226351610015,19.235384061671343,0.9664244186046511,1258.9767441860465,1520.0014915594286,0.12034883720930233,109,107,Mixing/v_Mixing_g02_c06.avi
0.8394785821853984,2.0931282705904617,27.3610124081694,0.7661337209302326,268.1674418604651,281.7590754782997,0.3808139534883721,160,158,Mixing/v_Mixing_g03_c01.avi
1.8570126183908289,5.809127143432779,279.00716836669267,0.7122093023255814,270.95813953488374,236.76602741118407,0.24302325581395348,129,127,Mixing/v_Mixing_g03_c02.avi
1.4187223718171005,2.993497191033107,33.52610922848042,0.6832848837209302,210.67906976744186,152.856230610152,0.3267441860465116,136,134,Mixing/v_Mixing_g03_c03.avi
1.2128151725117917,2.5046201959728727,47.25,0.7248546511627907,221.73023255813953,171.4929838348994,0.30872093023255814,135,133,Mixing/v_Mixing_g03_c04.avi
1.4199945378662024,10.09878932975009,206.25,0.7575581395348837,194.71627906976744,183.65688044555228,0.45872093023255817,122,120,Mixing/v_Mixing_g03_c05.avi
0.43718712026513845,1.3165621862214594,17.793959649274246,0.8866279069767442,281.2279069767442,267.72561303013845,0.2872093023255814,134,132,Mixing/v_Mixing_g03_c06.avi
0.2703198424942219,1.1081153562616886,27.277509050497994,0.9386627906976744,272.8558139534884,252.542665336048,0.27732558139534885,154,152,Mixing/v_Mixing_g03_c07.avi
1.4848226208356863,3.752475648973248,54.70945987669774,0.7184593023255814,245.6186046511628,193.55490448246408,0.24709302325581395,142,140,Mixing/v_Mixing_g04_c01.avi
1.481650120608672,3.1441752513088916,23.759208741033444,0.6690406976744186,180.76279069767443,164.9754724874112,0.49186046511627907,105,103,Mixing/v_Mixing_g04_c02.avi
4.655336794154964,8.339398908926356,212.08488866489287,0.4867732558139535,182.10232558139535,143.97819196681672,0.45,125,123,Mixing/v_Mixing_g04_c03.avi
2.21893431258529,4.388882369819437,40.85339643163099,0.4377906976744186,197.28372093023256,145.30695165788927,0.37790697674418605,110,108,Mixing/v_Mixing_g04_c04.avi
1.1936494781709341,2.555657017480009,24.596747752497688,0.7731104651162791,236.13023255813954,157.64753670824825,0.21976744186046512,112,110,Mixing/v_Mixing_g04_c05.avi
1.2680543838027767,3.6501571075311845,34.08537076224931,0.7488372093023256,198.1767441860465,175.80016778732275,0.42674418604651165,147,145,Mixing/v_Mixing_g04_c06.avi
2.0081400531225846,3.252959056343672,23.271495439700473,0.6263081395348837,239.03255813953487,205.92659306331765,0.3023255813953488,123,121,Mixing/v_Mixing_g04_c07.avi
4.932340144236415,13.259210437179016,225.30423875284725,0.5527616279069767,238.69767441860466,223.99621413782876,0.34593023255813954,127,125,Mixing/v_Mixing_g05_c01.avi
5.65013475261227,11.332360556880072,126.26955294131677,0.5313953488372093,237.02325581395348,210.7935712770322,0.32209302325581396,111,109,Mixing/v_Mixing_g05_c02.avi
4.25667057702746,14.315405912571672,194.4350791395421,0.7225290697674419,212.91162790697675,237.84142969370424,0.4965116279069767,125,123,Mixing/v_Mixing_g05_c03.avi
2.842309134889291,7.154569162748002,115.7410903698423,0.6184593023255814,221.06046511627906,214.96390409764135,0.4029069767441861,119,117,Mixing/v_Mixing_g05_c04.avi
4.733966560163293,13.923149788504318,186.02301604909002,0.5659883720930232,248.4093023255814,226.10468846537628,0.30930232558139537,131,129,Mixing/v_Mixing_g05_c05.avi
4.598020981636827,9.500895116380171,77.359550153811,0.4231104651162791,263.70232558139537,218.5330899199032,0.22732558139534884,128,126,Mixing/v_Mixing_g05_c06.avi
3.1919031063021124,5.968979960231692,97.082439194738,0.5302325581395348,229.54418604651164,187.7298322272153,0.30523255813953487,111,109,Mixing/v_Mixing_g05_c07.avi
0.242901477782106,1.333191535942932,31.38470965295043,0.9563953488372093,256.78139534883724,429.64870845508517,0.4029069767441861,140,138,Mixing/v_Mixing_g06_c01.avi
1.322081303595202,2.712053670373493,46.010868281309364,0.7406976744186047,246.4,422.8285352628866,0.41511627906976745,104,102,Mixing/v_Mixing_g06_c02.avi
0.3680241127471154,0.8764837525163092,9.503288904374106,0.8848837209302326,243.72093023255815,257.05219138690313,0.4104651162790698,122,120,Mixing/v_Mixing_g06_c03.avi
0.18787207302622158,0.7025449841941546,12.020815280171307,0.9540697674418605,300.98604651162793,576.0479266161701,0.4331395348837209,108,106,Mixing/v_Mixing_g06_c04.avi
0.24938216664296362,0.8788056439367651,16.492422502470642,0.9328488372093023,197.28372093023256,163.36026235405978,0.40813953488372096,142,140,Mixing/v_Mixing_g06_c05.avi
0.18817462083303105,0.747338735041957,16.76305461424021,0.9440406976744186,230.32558139534885,212.11358529458323,0.3546511627906977,108,106,Mixing/v_Mixing_g06_c06.avi
2.925877314480222,9.524909014828193,247.8911051248108,0.4816860465116279,234.0093023255814,166.56256567896568,0.24476744186046512,116,114,Mixing/v_Mixing_g07_c01.avi
4.939109429564445,8.830347181500846,142.08800090085018,0.3700581395348837,206.88372093023256,171.1951435551031,0.3767441860465116,102,100,Mixing/v_Mixing_g07_c02.avi
3.33438886480771,5.876059209068516,173.0028901492689,0.32848837209302323,257.89767441860465,210.26594178245188,0.23197674418604652,130,128,Mixing/v_Mixing_g07_c03.avi
6.547662504924777,10.498770077222993,254.84468309148613,0.2694767441860465,218.71627906976744,139.58952604512817,0.2686046511627907,131,129,Mixing/v_Mixing_g07_c04.avi
4.681233569274775,6.744790082594643,129.0155029444136,0.3767441860465116,245.06046511627906,171.5062438886903,0.2058139534883721,131,129,Mixing/v_Mixing_g07_c05.avi
1.7144259925462817,14.011350256575843,288.3400769924292,0.75,216.14883720930231,113.67377307318708,0.24476744186046512,161,159,MoppingFloor/v_MoppingFloor_g01_c01.avi
1.2381094592394606,2.012884242083727,28.64000698323937,0.7036337209302326,228.9860465116279,163.54444610506278,0.2616279069767442,161,159,MoppingFloor/v_MoppingFloor_g01_c02.avi
0.5610200218790857,0.9483231326795782,15.033296378372908,0.8498546511627907,247.96279069767442,420.47220245109247,0.39767441860465114,161,159,MoppingFloor/v_MoppingFloor_g01_c03.avi
1.5007483980995935,1.9104367798077488,14.375543467987567,0.590843023255814,204.53953488372093,132.36259947325962,0.32383720930232557,138,136,MoppingFloor/v_MoppingFloor_g01_c04.avi
2.9826612406637927,10.023863496214343,192.0,0.8700581395348838,503.5906976744186,719.0216478980482,0.31976744186046513,166,163,MoppingFloor/v_MoppingFloor_g02_c01.avi
0.4970453337621813,4.609942725832773,95.98762941129445,0.9414244186046512,920.6325581395349,1088.6336944998684,0.10348837209302325,176,173,MoppingFloor/v_MoppingFloor_g02_c02.avi
0.3111306084205291,1.5733865158392586,56.39204287840617,0.9517441860465117,795.1627906976744,1012.0231850049487,0.12441860465116279,144,142,MoppingFloor/v_MoppingFloor_g02_c03.avi
0.4365651448909735,2.0660666594102883,55.036351623268054,0.8793604651162791,553.7116279069768,632.3607232295475,0.2191860465116279,138,136,MoppingFloor/v_MoppingFloor_g02_c04.avi
0.5040355370772645,2.8615172594622673,80.5,0.9018895348837209,954.4558139534884,1178.4984362852006,0.12732558139534883,159,157,MoppingFloor/v_MoppingFloor_g02_c05.avi
1.1909012514858561,6.510015939616743,115.0,0.9646802325581395,932.5767441860465,1133.8195428454376,0.09011627906976744,135,133,MoppingFloor/v_MoppingFloor_g02_c06.avi
0.5189385472027558,1.8253242994151018,25.079872407968907,0.8821220930232558,659.9813953488372,1079.6476598508,0.1680232558139535,117,115,MoppingFloor/v_MoppingFloor_g03_c01.avi
2.120370958483702,5.4320155714501634,87.2331645648603,0.6986918604651163,550.4744186046512,982.0286824052149,0.3081395348837209,168,165,MoppingFloor/v_MoppingFloor_g03_c02.avi
1.4463455983584108,4.884031848322554,70.03570517957252,0.6938953488372093,657.7488372093023,1084.0450313250406,0.2191860465116279,147,145,MoppingFloor/v_MoppingFloor_g03_c03.avi
2.122680475003389,6.990423509510597,345.028984289726,0.663953488372093,276.53953488372093,437.14925030433733,0.3581395348837209,126,124,MoppingFloor/v_MoppingFloor_g03_c04.avi
3.392032224330531,4.940555236839302,213.38184669741707,0.3969476744186046,181.54418604651164,203.2961790582556,0.5645348837209302,245,242,MoppingFloor/v_MoppingFloor_g04_c01.avi
1.5016257097285974,2.472861116779931,38.07886552931954,0.5920058139534884,556.6139534883721,1077.7024980132064,0.1808139534883721,291,288,MoppingFloor/v_MoppingFloor_g04_c02.avi
0.719084711535731,1.3245828205762775,26.991896932227643,0.7149709302325581,302.66046511627906,552.8446445387099,0.28488372093023256,305,302,MoppingFloor/v_MoppingFloor_g04_c03.avi
1.2684257653970343,2.0433108087028344,21.146069374708862,0.5876453488372093,462.95813953488374,969.8570468223436,0.3058139534883721,300,297,MoppingFloor/v_MoppingFloor_g04_c04.avi
1.6246507088791426,3.0220257170652296,17.876748166263347,0.6561046511627907,841.0418604651163,1416.736253577634,0.1877906976744186,281,278,MoppingFloor/v_MoppingFloor_g04_c05.avi
4.407888403834376,6.854294647951842,65.25335240430181,0.32398255813953486,229.43255813953488,208.33236830640027,0.35,307,304,MoppingFloor/v_MoppingFloor_g04_c06.avi
5.855540373963692,12.856935203618471,202.60552805883654,0.48938953488372094,202.53023255813955,177.23330509480894,0.4087209302325581,287,284,MoppingFloor/v_MoppingFloor_g05_c01.avi
4.701146428505728,6.413818300369961,39.92492955535426,0.5164244186046512,255.10697674418606,180.96450300175968,0.1813953488372093,291,288,MoppingFloor/v_MoppingFloor_g05_c02.avi
3.3950802573270997,8.912538671012662,112.61438629233834,0.6466569767441861,224.4093023255814,214.9836119378378,0.3877906976744186,306,303,MoppingFloor/v_MoppingFloor_g05_c03.avi
2.35076095700671,2.1706691281055646,25.019992006393608,0.18953488372093022,273.86046511627904,423.9274609622774,0.30697674418604654,294,291,MoppingFloor/v_MoppingFloor_g05_c04.avi
3.145394887583412,14.080808585309832,208.2758087248733,0.48023255813953486,270.51162790697674,237.877472084384,0.24767441860465117,184,181,MoppingFloor/v_MoppingFloor_g05_c05.avi
4.035592968459675,5.507281989230912,77.98717843338096,0.31613372093023256,245.84186046511627,171.1164790734433,0.20174418604651162,101,99,MoppingFloor/v_MoppingFloor_g06_c01.avi
2.8795156597479092,3.1610795472321405,23.521266972678152,0.3813953488372093,226.41860465116278,188.8582872873805,0.32151162790697674,226,223,MoppingFloor/v_MoppingFloor_g06_c02.avi
2.9325508316533426,5.449973813664056,76.21679604916491,0.45159883720930233,206.43720930232558,171.3168002775218,0.37906976744186044,224,221,MoppingFloor/v_MoppingFloor_g06_c03.avi
3.4724066441660666,5.727621924313014,59.73744637997175,0.6183139534883721,230.32558139534885,213.12161839971358,0.3569767441860465,124,122,MoppingFloor/v_MoppingFloor_g06_c04.avi
0.05892373335444975,0.47917716101851077,23.0,0.9917151162790697,565.0976744186047,529.7371570656404,0.15755813953488373,159,157,MoppingFloor/v_MoppingFloor_g07_c01.avi
0.22720168231289176,1.46798317396439,31.622776601683793,0.9726744186046512,531.1627906976744,405.77281593319134,0.15755813953488373,146,144,MoppingFloor/v_MoppingFloor_g07_c02.avi
0.06015812076797247,0.25026095638463014,4.6097722286464435,0.9847383720930233,511.293023255814,404.44426723612025,0.17732558139534885,109,107,MoppingFloor/v_MoppingFloor_g07_c03.avi
0.3081530924353805,1.1737054007899264,59.0,0.8709302325581395,602.6046511627907,715.2551062069468,0.19709302325581396,205,202,MoppingFloor/v_MoppingFloor_g07_c04.avi
0.05721598031104542,0.6838209872792425,51.03920062069938,0.9821220930232558,520.3348837209302,398.0284896217454,0.1372093023255814,127,125,MoppingFloor/v_MoppingFloor_g07_c05.avi
0.11380681269548815,0.7910087879111702,28.001116049186326,0.9652616279069768,309.8046511627907,436.8209243824827,0.2313953488372093,266,263,Nunchucks/v_Nunchucks_g01_c01.avi
0.12209970785354012,0.5654889907829607,12.585954473141877,0.9688953488372093,229.65581395348838,183.06377755373796,0.29534883720930233,262,259,Nunchucks/v_Nunchucks_g01_c02.avi
0.07744807873093575,0.3690567999026371,7.00446286306095,0.979360465116279,250.53023255813955,187.91585887365918,0.21453488372093024,236,233,Nunchucks/v_Nunchucks_g01_c03.avi
0.10591299909136023,0.7226302654725735,22.376396604458012,0.9723837209302325,242.6046511627907,208.66955512048384,0.2930232558139535,231,228,Nunchucks/v_Nunchucks_g01_c04.avi
1.6303596493615264,2.471529142416726,17.88854381999832,0.6616279069767442,285.69302325581396,280.56878889171236,0.3081395348837209,293,290,Nunchucks/v_Nunchucks_g02_c01.avi
1.4106257945088492,1.759573704274207,16.0,0.5425872093023256,290.9395348837209,296.07439522316076,0.33662790697674416,237,234,Nunchucks/v_Nunchucks_g02_c02.avi
0.855875223019423,2.3487788771643263,73.75,0.8441860465116279,344.63255813953486,477.5259202612596,0.31511627906976747,278,275,Nunchucks/v_Nunchucks_g02_c03.avi
1.9817735071119702,4.503789001786582,308.5633038778267,0.5376453488372093,278.54883720930235,275.22462063008373,0.31976744186046513,246,243,Nunchucks/v_Nunchucks_g02_c04.avi
0.722323837688839,0.9710813093699366,21.744252114064533,0.7944767441860465,262.25116279069766,272.402834711963,0.3767441860465116,293,290,Nunchucks/v_Nunchucks_g02_c05.avi
0.8556369518244354,1.107520561774807,15.20896117425513,0.740843023255814,309.0232558139535,272.860598907045,0.19825581395348837,298,295,Nunchucks/v_Nunchucks_g02_c06.avi
0.18302533513858812,0.6044440110160919,14.2587692315992,0.9542151162790697,261.24651162790695,416.44467476364025,0.32383720930232557,253,250,Nunchucks/v_Nunchucks_g03_c01.avi
0.22019855822351986,0.9932800485462315,34.20526275297414,0.9492732558139535,315.27441860465115,551.3821905387103,0.23081395348837208,252,249,Nunchucks/v_Nunchucks_g03_c02.avi
0.24281986886951912,0.6704954354913594,10.816653826391969,0.942296511627907,244.94883720930233,165.19719628806843,0.19476744186046513,252,249,Nunchucks/v_Nunchucks_g03_c03.avi
0.23006238481219102,0.6796951172676986,15.0,0.9438953488372093,341.6186046511628,663.9943846974015,0.288953488372093,251,248,Nunchucks/v_Nunchucks_g03_c04.avi
0.17565813657267204,0.6110741117681704,14.035668847618199,0.9662790697674418,210.45581395348836,154.32516758428898,0.3302325581395349,253,250,Nunchucks/v_Nunchucks_g03_c05.avi
0.20399896834238837,0.5660414763000899,16.278820596099706,0.9485465116279069,310.47441860465113,544.5073369967264,0.2069767441860465,252,249,Nunchucks/v_Nunchucks_g03_c06.avi
0.284347959688908,1.8533086815790036,106.66888018536615,0.9373546511627907,199.29302325581395,191.88626160615433,0.45348837209302323,245,242,Nunchucks/v_Nunchucks_g03_c07.avi
0.5311915112602202,1.1086867971257244,12.799536124407009,0.8270348837209303,276.87441860465117,239.33687078610606,0.22616279069767442,262,259,Nunchucks/v_Nunchucks_g04_c01.avi
0.5052063222374787,2.666155699173045,86.35989375861922,0.8524709302325582,328.89302325581394,449.7819447891409,0.22732558139534884,262,259,Nunchucks/v_Nunchucks_g04_c02.avi
0.596189878946311,2.6834244444145465,63.012895505602664,0.8364825581395349,410.6046511627907,678.8186091765702,0.1994186046511628,259,256,Nunchucks/v_Nunchucks_g04_c03.avi
0.6180824327130977,1.2031201473375792,19.756328100130347,0.801889534883721,285.9162790697674,249.74772846720106,0.2186046511627907,259,256,Nunchucks/v_Nunchucks_g04_c04.avi
0.5722515822368737,2.3016744492918066,30.14962686336267,0.8546511627906976,377.7860465116279,321.3100086610519,0.13313953488372093,269,266,Nunchucks/v_Nunchucks_g04_c05.avi
0.9365179004503442,4.303503316969904,86.03896283080125,0.8090116279069768,355.57209302325583,576.4724509142317,0.25116279069767444,252,249,Nunchucks/v_Nunchucks_g04_c06.avi
0.21427777978650545,1.1155537704547516,17.89203733508289,0.946656976744186,841.1534883720931,1343.857193989253,0.2872093023255814,227,224,Nunchucks/v_Nunchucks_g05_c01.avi
0.9556230247966886,9.159416371791004,179.4017837146554,0.8978197674418604,836.2418604651162,1300.0095946394697,0.24302325581395348,210,207,Nunchucks/v_Nunchucks_g05_c02.avi
0.5698590138308869,6.766609522958087,240.60756430336932,0.9188953488372092,282.7906976744186,559.8960268154252,0.40232558139534885,206,203,Nunchucks/v_Nunchucks_g05_c03.avi
0.22771791503385025,3.023641857980144,116.51716611727218,0.9670058139534884,382.5860465116279,586.2959097237405,0.23372093023255813,217,214,Nunchucks/v_Nunchucks_g05_c04.avi
3.2739566515331147,11.54932353765612,152.0,0.7063953488372093,442.1953488372093,695.8853280144715,0.2534883720930233,319,316,Nunchucks/v_Nunchucks_g06_c01.avi
3.284257777197678,11.196630083065859,200.02249873451737,0.6704941860465117,257.45116279069765,222.35738295469716,0.2622093023255814,221,218,Nunchucks/v_Nunchucks_g06_c02.avi
3.9142844680908855,15.728497919884099,204.0006127441778,0.626453488372093,333.5813953488372,467.19679796201507,0.2982558139534884,211,208,Nunchucks/v_Nunchucks_g06_c03.avi
3.0157765550882374,5.860560056143924,74.26725388756473,0.6436046511627908,462.51162790697674,781.831373364116,0.3058139534883721,213,210,Nunchucks/v_Nunchucks_g06_c04.avi
0.7117431470795055,1.9089224497945296,40.024992192379,0.8472383720930232,329.5627906976744,553.3889624231286,0.1936046511627907,256,253,Nunchucks/v_Nunchucks_g07_c01.avi
0.46417928266254804,4.589476188137698,374.1243108914469,0.9058139534883721,316.83720930232556,553.6561324812292,0.23895348837209301,256,253,Nunchucks/v_Nunchucks_g07_c02.avi
0.600849767767639,1.0172817193602295,11.313708498984761,0.7786337209302325,281.2279069767442,419.8426938667549,0.2593023255813954,152,150,Nunchucks/v_Nunchucks_g07_c03.avi
0.761950679407403,1.032883802377862,12.75,0.7181686046511628,238.36279069767443,169.68895898529857,0.2313953488372093,248,245,Nunchucks/v_Nunchucks_g07_c04.avi
3.279531755181607,4.456049182765645,21.357083134173543,0.5720930232558139,339.27441860465115,277.402962789147,0.10813953488372093,108,106,ParallelBars/v_ParallelBars_g01_c01.avi
1.9599217354815217,7.529146335750658,191.0,0.813953488372093,422.8837209302326,396.2393691217073,0.3075581395348837,125,123,ParallelBars/v_ParallelBars_g01_c02.avi
1.691226673445887,5.094709557465109,110.01818031580054,0.8206395348837209,322.9767441860465,309.5456151058518,0.2651162790697674,143,141,ParallelBars/v_ParallelBars_g01_c03.avi
2.045116275537929,2.975201964059358,17.315094570922792,0.46656976744186046,343.293023255814,275.54317215051236,0.08953488372093023,199,196,ParallelBars/v_ParallelBars_g01_c04.avi
0.833579653589804,2.816160581821225,70.50709184188496,0.8039244186046511,305.33953488372094,311.3997670978912,0.33372093023255817,110,108,ParallelBars/v_ParallelBars_g02_c01.avi
2.323013230684443,4.64467730055447,113.1591799192624,0.6255813953488372,193.8232558139535,184.98569754544926,0.46569767441860466,158,156,ParallelBars/v_ParallelBars_g02_c02.avi
2.9784627623332547,4.772473138027145,40.62519230723714,0.3802325581395349,390.846511627907,387.9864894248296,0.35348837209302325,134,132,ParallelBars/v_ParallelBars_g02_c03.avi
0.21534888653781684,0.5997840141314372,7.5,0.9792151162790698,350.54883720930235,332.4216658011279,0.25406976744186044,193,190,ParallelBars/v_ParallelBars_g02_c04.avi
6.839809844231234,7.2636998121606,29.022620488164055,0.3497093023255814,281.0046511627907,197.87267453391308,0.11162790697674418,116,114,ParallelBars/v_ParallelBars_g03_c01.avi
3.326558684640908,11.144351320987923,226.25,0.6520348837209302,224.29767441860466,238.63905749485676,0.44651162790697674,104,102,ParallelBars/v_ParallelBars_g03_c02.avi
1.1005171952094717,1.7340025351355222,16.103182915187915,0.7683139534883721,312.8186046511628,236.9836803877981,0.08546511627906976,149,147,ParallelBars/v_ParallelBars_g03_c03.avi
0.7154585000617356,1.1847606652051368,18.0,0.7619186046511628,365.0604651162791,300.3149835876084,0.09941860465116278,159,157,ParallelBars/v_ParallelBars_g03_c04.avi
0.0483243382950678,0.31258990853121466,11.250694423012296,0.9898255813953488,313.3767441860465,312.361213711402,0.3081395348837209,137,135,ParallelBars/v_ParallelBars_g04_c01.avi
0.057612238026359355,0.4020113828951471,15.116733278059781,0.9885174418604651,405.0232558139535,529.2431405174267,0.4238372093023256,112,110,ParallelBars/v_ParallelBars_g04_c02.avi
0.4590982249585046,1.413538311033187,17.88854381999832,0.8665697674418604,318.7348837209302,494.17658028690136,0.48953488372093024,149,147,ParallelBars/v_ParallelBars_g04_c03.avi
0.04855509898169209,0.28419766148423997,6.604922406811453,0.9885174418604651,359.5906976744186,499.2882561248205,0.38372093023255816,174,171,ParallelBars/v_ParallelBars_g04_c04.avi
0.031448137453859694,0.21739368752893293,6.175809663517812,0.9946220930232558,389.6186046511628,481.33703671095253,0.20174418604651162,161,159,ParallelBars/v_ParallelBars_g04_c05.avi
0.04386192071805963,0.39644611051040674,13.25943060617612,0.990843023255814,459.6093023255814,690.7426646376174,0.17906976744186046,223,220,ParallelBars/v_ParallelBars_g04_c06.avi
0.264512459250803,0.7179662696981997,13.383758814324173,0.8925872093023256,426.45581395348836,508.34999539198895,0.25406976744186044,149,147,ParallelBars/v_ParallelBars_g04_c07.avi
1.1888575657335034,1.5219927373720694,27.542013361408422,0.5318313953488372,308.9116279069767,310.3987332218384,0.3174418604651163,184,181,ParallelBars/v_ParallelBars_g05_c01.avi
0.837195580818642,1.0367095608353885,9.513148795220223,0.6590116279069768,356.68837209302325,320.90947880316975,0.1941860465116279,117,115,ParallelBars/v_ParallelBars_g05_c02.avi
4.382962432935533,8.507509590693925,383.03263568526376,0.48590116279069767,309.5813953488372,305.90120251541765,0.3,167,164,ParallelBars/v_ParallelBars_g05_c03.avi
1.4130894781182919,2.4928715561739985,14.625,0.7055232558139535,328.33488372093024,318.3242743914559,0.27674418604651163,159,157,ParallelBars/v_ParallelBars_g05_c04.avi
5.029837748814828,10.500519567209672,253.83323757932095,0.5837209302325581,296.52093023255816,281.6182279365301,0.2703488372093023,126,124,ParallelBars/v_ParallelBars_g05_c05.avi
5.4584549000598725,4.8526916090515035,29.225684337582244,0.15566860465116278,253.54418604651164,145.05426939890157,0.12441860465116279,150,148,ParallelBars/v_ParallelBars_g06_c01.avi
1.3454174157280854,1.4381283563423763,12.075284675733322,0.5251453488372093,313.04186046511626,262.5881081213908,0.15406976744186046,128,126,ParallelBars/v_ParallelBars_g06_c02.avi
1.4685704062672758,1.436170928431981,17.857946410491884,0.45319767441860465,291.0511627906977,225.3148952766586,0.13604651162790699,153,151,ParallelBars/v_ParallelBars_g06_c03.avi
1.7562332902816125,1.769267917850683,18.25171224844398,0.41875,311.1441860465116,241.62953125223478,0.10348837209302325,130,128,ParallelBars/v_ParallelBars_g06_c04.avi
4.15784778213952,8.925260175922723,187.17104476921637,0.5468023255813953,252.9860465116279,253.8476283323351,0.3622093023255814,105,103,ParallelBars/v_ParallelBars_g06_c05.avi
1.443241521923143,1.7175446205254197,16.0,0.5504360465116279,336.3720930232558,286.08122307824544,0.14418604651162792,127,125,ParallelBars/v_ParallelBars_g06_c06.avi
0.9989940438885041,1.5150966619948987,15.75,0.7151162790697675,320.29767441860463,460.89085096823044,0.3116279069767442,115,113,ParallelBars/v_ParallelBars_g06_c07.avi
2.5418764872625452,2.7821254512871088,15.033296378372908,0.4752906976744186,338.9395348837209,272.1613595760708,0.0936046511627907,129,127,ParallelBars/v_ParallelBars_g07_c01.avi
2.2732492734671497,5.308268867808838,92.0,0.6558139534883721,317.84186046511627,247.04352900743152,0.0941860465116279,129,127,ParallelBars/v_ParallelBars_g07_c02.avi
1.1627230926164314,1.3063040599188365,16.0,0.4838662790697674,317.84186046511627,269.4514550337305,0.1569767441860465,129,127,ParallelBars/v_ParallelBars_g07_c03.avi
2.2358489032178426,3.117088959423861,53.75872022286245,0.5741279069767442,288.706976744186,252.59969746741058,0.21569767441860466,197,194,ParallelBars/v_ParallelBars_g07_c04.avi
1.9243029432167684,3.2510461542358127,19.366933804812778,0.6229651162790698,239.3674418604651,206.83657150528427,0.30290697674418604,109,107,ParallelBars/v_ParallelBars_g07_c05.avi
2.810228132386036,3.732621945805974,57.46004046291649,0.5671511627906977,294.51162790697674,246.96712634012397,0.17848837209302326,139,137,ParallelBars/v_ParallelBars_g07_c06.avi
1.9737859178556687,7.883016603042692,345.469246098694,0.6318313953488373,202.97674418604652,207.2366906963992,0.46918604651162793,145,143,PizzaTossing/v_PizzaTossing_g01_c01.avi
4.575837443221168,25.553672438291077,339.01115394629716,0.9462209302325582,155.2,151.3598269333786,0.5994186046511628,84,82,PizzaTossing/v_PizzaTossing_g01_c02.avi
2.947058555292396,8.093047347358763,260.65398519876885,0.5950581395348837,197.3953488372093,152.4763251977452,0.38895348837209304,134,132,PizzaTossing/v_PizzaTossing_g01_c03.avi
2.9346264203908787,8.065769681572496,260.65398519876885,0.588953488372093,194.49302325581397,144.51908604193014,0.3901162790697674,134,132,PizzaTossing/v_PizzaTossing_g01_c04.avi
0.39350684695619215,0.8649331198454437,15.167811312117513,0.8443313953488372,352.89302325581394,660.8071897644186,0.2302325581395349,119,117,PizzaTossing/v_PizzaTossing_g02_c01.avi
0.3654251784956922,0.6427240175678832,10.482872936366253,0.8815406976744186,330.6790697674419,567.9585673384003,0.27848837209302324,108,106,PizzaTossing/v_PizzaTossing_g02_c02.avi
0.5329530190632282,0.8326779221635454,18.64009455448121,0.8392441860465116,246.62325581395348,180.4862744729377,0.21627906976744185,113,111,PizzaTossing/v_PizzaTossing_g02_c03.avi
0.46281415286214095,0.9281202325211697,28.5,0.8545058139534883,215.3674418604651,196.7941430884594,0.3883720930232558,98,96,PizzaTossing/v_PizzaTossing_g02_c04.avi
2.899264579034987,11.669459782209366,204.51528060269726,0.5396802325581396,209.0046511627907,149.1508834197046,0.32848837209302323,79,77,PizzaTossing/v_PizzaTossing_g02_c05.avi
0.34360835443162235,1.5121118553712642,23.335862958116632,0.9148255813953489,573.0232558139535,914.853184011717,0.1930232558139535,103,101,PizzaTossing/v_PizzaTossing_g03_c01.avi
0.43255829634255977,1.4963286183433644,24.47734922331256,0.8867732558139535,476.8,767.5435853088978,0.15930232558139534,99,97,PizzaTossing/v_PizzaTossing_g03_c02.avi
0.20161779997287618,1.502455375677661,33.46079795820775,0.9678779069767441,498.45581395348836,839.5322267045501,0.1558139534883721,108,106,PizzaTossing/v_PizzaTossing_g03_c03.avi
0.04211454490178569,0.4271912375971779,16.15549442140351,0.9940406976744186,2398.920930232558,1760.2229109046252,0.05058139534883721,37,35,PizzaTossing/v_PizzaTossing_g03_c04.avi
3.6290841132733784,6.809969069778873,172.0,0.6912790697674419,301.09767441860464,541.1030119390165,0.22093023255813954,105,103,PizzaTossing/v_PizzaTossing_g04_c01.avi
2.0414275765950034,2.2635516983464767,15.652475842498529,0.5132267441860465,226.97674418604652,153.59286084003895,0.2534883720930233,116,114,PizzaTossing/v_PizzaTossing_g04_c02.avi
0.813877693954547,1.554587083116456,17.365554986812256,0.8254360465116279,324.7627906976744,669.6578887146729,0.386046511627907,110,108,PizzaTossing/v_PizzaTossing_g04_c03.avi
0.5265223282085707,1.0708386792587683,7.504165509901817,0.8174418604651162,252.76279069767443,414.8150549079174,0.35174418604651164,121,119,PizzaTossing/v_PizzaTossing_g04_c04.avi
0.7430261915031467,1.3374112311193032,15.734118977559563,0.8029069767441861,573.5813953488372,1135.2189058965807,0.2622093023255814,127,125,PizzaTossing/v_PizzaTossing_g04_c05.avi
0.47186631653529576,0.9261563085180515,18.788294228055936,0.8196220930232558,206.32558139534885,186.90175518110647,0.40988372093023256,121,119,PizzaTossing/v_PizzaTossing_g04_c06.avi
2.212055924338323,3.538435192713832,16.63251709754119,0.6375,203.08837209302325,156.5421307571897,0.3686046511627907,138,136,PizzaTossing/v_PizzaTossing_g04_c07.avi
0.3820852230957117,2.197265407689017,149.1798411314344,0.9050872093023256,332.0186046511628,678.3388188377833,0.425,125,123,PizzaTossing/v_PizzaTossing_g05_c01.avi
0.2415478285726467,0.846243320196358,13.252358280698571,0.9361918604651163,251.53488372093022,241.40551127956724,0.33488372093023255,188,185,PizzaTossing/v_PizzaTossing_g05_c02.avi
0.3265421735822682,1.4700998639667164,70.67708256570867,0.9338662790697675,227.2,215.12629497738683,0.3755813953488372,146,144,PizzaTossing/v_PizzaTossing_g05_c03.avi
0.34939745089579477,1.0691655236431146,16.095418602819873,0.9046511627906977,211.68372093023257,196.70696530653956,0.4052325581395349,113,111,PizzaTossing/v_PizzaTossing_g05_c04.avi
0.3892574447561692,1.0227796022664724,15.282751715577925,0.9117732558139535,358.25116279069766,352.4583593231794,0.30465116279069765,107,105,PizzaTossing/v_PizzaTossing_g06_c01.avi
2.466415597390067,6.310516932230548,44.26129799271594,0.6159883720930233,329.1162790697674,276.8276442458607,0.14011627906976745,99,97,PizzaTossing/v_PizzaTossing_g06_c02.avi
3.5661106768272037,6.531036937967491,142.00352108310554,0.5190406976744186,314.15813953488373,280.8864922055089,0.20406976744186048,99,97,PizzaTossing/v_PizzaTossing_g06_c03.avi
4.337631115602982,12.126774115010699,227.14092541856036,0.5393895348837209,317.1720930232558,310.4688175373835,0.28837209302325584,64,62,PizzaTossing/v_PizzaTossing_g06_c04.avi
1.445881768204949,5.488979903905916,129.0,0.8218023255813953,347.9813953488372,359.83241529318536,0.36511627906976746,117,115,PizzaTossing/v_PizzaTossing_g06_c05.avi
3.9981026582065646,7.669969452521321,43.15669125408017,0.27863372093023253,245.6186046511628,180.96501943336486,0.22151162790697673,113,111,PizzaTossing/v_PizzaTossing_g07_c01.avi
2.868798542324126,5.9934373866518325,28.90069203323685,0.6280523255813953,235.5720930232558,175.89352794997612,0.2552325581395349,135,133,PizzaTossing/v_PizzaTossing_g07_c02.avi
2.657122244928183,6.282952431428636,182.7151129490935,0.42267441860465116,223.40465116279069,149.47206000638624,0.2627906976744186,117,115,PizzaTossing/v_PizzaTossing_g07_c03.avi
4.874572824259031,7.180721942485842,33.89436715739062,0.39578488372093024,244.94883720930233,190.50403691272072,0.2436046511627907,172,169,PizzaTossing/v_PizzaTossing_g07_c04.avi
0.08586354414531726,0.3442541215264793,14.916433890176299,0.975,725.1720930232558,1268.7494092243933,0.23313953488372094,224,221,PlayingCello/v_PlayingCello_g01_c01.avi
0.09616871197971548,0.2873717452532233,3.816084380618437,0.9808139534883721,269.3953488372093,434.57534147743263,0.3744186046511628,212,209,PlayingCello/v_PlayingCello_g01_c02.avi
0.17957408612658188,0.526546090739641,17.170104833692776,0.954796511627907,254.10232558139535,245.70697000872957,0.3354651162790698,163,160,PlayingCello/v_PlayingCello_g01_c03.avi
0.12716881920921838,0.4583145220907856,8.403868156985805,0.9606104651162791,265.93488372093026,428.98532033415296,0.3622093023255814,144,142,PlayingCello/v_PlayingCello_g01_c04.avi
0.1849546078527115,0.4624539435072914,6.504805915628844,0.946656976744186,244.39069767441862,216.0415031336744,0.3023255813953488,165,162,PlayingCello/v_PlayingCello_g01_c05.avi
0.1977548354723175,0.45484316590509793,8.54400374531753,0.9454941860465116,251.9813953488372,239.4522424160045,0.32790697674418606,163,160,PlayingCello/v_PlayingCello_g01_c06.avi
0.09566709397456961,0.3575427458705419,7.615773105863909,0.9796511627906976,384.93023255813955,760.56030127577,0.30988372093023253,145,143,PlayingCello/v_PlayingCello_g01_c07.avi
0.6639272609909103,1.4939278780797305,29.65768239428024,0.8747093023255814,321.30232558139534,327.22736103288366,0.3319767441860465,158,156,PlayingCello/v_PlayingCello_g02_c01.avi
0.9733880058089897,3.0302735153675315,102.3132444994293,0.7642441860465117,326.3255813953488,318.0337645472629,0.28255813953488373,195,192,PlayingCello/v_PlayingCello_g02_c02.avi
2.9036853577740014,5.380255962401403,129.27973545765013,0.5719476744186046,200.52093023255813,212.82705781612813,0.4936046511627907,167,164,PlayingCello/v_PlayingCello_g02_c03.avi
2.356800020482125,6.916405240478568,127.66362050325849,0.5732558139534883,217.93488372093023,220.73664291936683,0.4308139534883721,163,160,PlayingCello/v_PlayingCello_g02_c04.avi
0.4786508587109298,1.068443493416425,34.828149534535996,0.8748546511627907,304.5581395348837,317.8902327976853,0.35872093023255813,237,234,PlayingCello/v_PlayingCello_g02_c05.avi
0.4758601169636996,1.073380383881641,16.751865567750954,0.8502906976744186,381.9162790697674,484.93629643021876,0.24186046511627907,177,174,PlayingCello/v_PlayingCello_g02_c06.avi
1.005163298403198,2.065358338101196,21.982947936980608,0.7899709302325582,307.90697674418607,298.9289262928244,0.28313953488372096,229,226,PlayingCello/v_PlayingCello_g02_c07.avi
0.23344196707772,0.7839454875899845,14.304719500919967,0.9241279069767442,596.8,541.6338692992647,0.2063953488372093,172,169,PlayingCello/v_PlayingCello_g03_c01.avi
0.12571565709064494,0.8781905531774834,34.792240514229604,0.9739825581395349,768.4837209302326,840.9294019341443,0.1494186046511628,106,104,PlayingCello/v_PlayingCello_g03_c02.avi
0.09877123116044301,0.5851122492186845,15.041608956491324,0.9739825581395349,1002.7906976744187,1162.454991539598,0.10116279069767442,160,158,PlayingCello/v_PlayingCello_g03_c03.avi
0.09757648387838955,0.45607783450979034,16.1245154965971,0.984156976744186,869.060465116279,878.5371303292909,0.1,190,187,PlayingCello/v_PlayingCello_g03_c04.avi
0.18646786121547135,0.7638140924586159,15.033296378372908,0.9656976744186047,808.5581395348837,1016.647141052633,0.19883720930232557,208,205,PlayingCello/v_PlayingCello_g04_c01.avi
0.17204159066092392,0.5111987891065685,10.770329614269007,0.9428779069767442,668.5767441860465,791.6619682776902,0.22325581395348837,213,210,PlayingCello/v_PlayingCello_g04_c02.avi
0.6039518772121918,2.845518319474566,70.44501401802685,0.8440406976744186,586.5302325581396,639.8407925286311,0.24593023255813953,139,137,PlayingCello/v_PlayingCello_g04_c03.avi
0.2605348518527458,0.6733509999753042,8.5,0.8795058139534884,657.7488372093023,923.0117297176251,0.2517441860465116,144,142,PlayingCello/v_PlayingCello_g04_c04.avi
0.44141275297422994,1.308649315155983,35.22782990761707,0.8547965116279069,451.90697674418607,530.567042602074,0.32383720930232557,126,124,PlayingCello/v_PlayingCello_g04_c05.avi
0.19444962219515327,1.2395348735364595,55.863813197811695,0.9667151162790698,509.3953488372093,540.5684406697585,0.28255813953488373,130,128,PlayingCello/v_PlayingCello_g04_c06.avi
0.21019972774524157,0.43656444276025336,7.433034373659253,0.932703488372093,521.1162790697674,536.4179734993334,0.2424418604651163,130,128,PlayingCello/v_PlayingCello_g04_c07.avi
1.2469665788862376,1.8334904605747635,17.029386365926403,0.6835755813953488,286.80930232558137,256.0809390706915,0.23255813953488372,176,173,PlayingCello/v_PlayingCello_g05_c01.avi
1.2647836838975144,2.629529110170016,18.867962264113206,0.7286337209302326,378.90232558139536,679.3627005008452,0.2877906976744186,199,196,PlayingCello/v_PlayingCello_g05_c02.avi
1.2316688240083464,1.8821454187821516,23.289616785168448,0.5636627906976744,374.3255813953488,582.0472178132947,0.2302325581395349,174,171,PlayingCello/v_PlayingCello_g05_c03.avi
1.201514857869079,1.674263966568617,34.48187929913333,0.5735465116279069,282.45581395348836,439.44819167209266,0.34593023255813954,187,184,PlayingCello/v_PlayingCello_g05_c04.avi
0.8639335104170813,1.1096840478668002,15.125,0.704796511627907,290.9395348837209,451.9437617512053,0.37383720930232556,182,179,PlayingCello/v_PlayingCello_g05_c05.avi
2.05230820738837,2.3525840391835566,17.4928556845359,0.4132267441860465,212.91162790697675,221.99431504275825,0.4569767441860465,162,160,PlayingCello/v_PlayingCello_g05_c06.avi
1.0487002696192695,1.5847416125388072,17.906440880308963,0.6655523255813953,300.2046511627907,453.90251486593735,0.3488372093023256,144,142,PlayingCello/v_PlayingCello_g05_c07.avi
0.17797948705535213,0.7830431694611986,18.439088914585774,0.959593023255814,421.2093023255814,368.8115771614964,0.19767441860465115,254,251,PlayingCello/v_PlayingCello_g06_c01.avi
0.1797130931725238,1.3171628437855893,56.79788728465171,0.9598837209302326,558.0651162790698,713.2599092094351,0.21046511627906977,226,223,PlayingCello/v_PlayingCello_g06_c02.avi
0.16594628772572786,0.669811414536613,13.152946437965905,0.9334302325581395,709.9906976744186,978.9727411018366,0.25872093023255816,285,282,PlayingCello/v_PlayingCello_g06_c03.avi
0.08266909818372976,0.4310618848245714,8.0,0.9758720930232558,685.7674418604652,909.467435197189,0.12674418604651164,268,265,PlayingCello/v_PlayingCello_g06_c04.avi
0.21318591738178772,1.4825614173449453,82.17245584744319,0.958139534883721,573.0232558139535,719.4520359393715,0.24651162790697675,168,165,PlayingCello/v_PlayingCello_g06_c05.avi
0.26111747432257904,1.3748727759572934,48.27007354458868,0.9507267441860465,680.6325581395349,849.1494895977703,0.14418604651162792,217,214,PlayingCello/v_PlayingCello_g06_c06.avi
0.12880663877412185,0.9736298521032262,46.52956049652737,0.9629360465116279,623.0325581395349,709.7928383398723,0.14883720930232558,215,212,PlayingCello/v_PlayingCello_g06_c07.avi
0.7643593398727777,2.046601844312243,86.3036065295072,0.7691860465116279,344.29767441860463,322.91541803372286,0.24011627906976743,415,411,PlayingCello/v_PlayingCello_g07_c01.avi
2.234246714989535,6.659562841898273,110.72968210917973,0.8063953488372093,226.75348837209302,214.26731766198927,0.3755813953488372,327,323,PlayingCello/v_PlayingCello_g07_c02.avi
1.249686299758479,5.445670626693681,153.93505123915085,0.8703488372093023,312.8186046511628,302.88498028422265,0.27848837209302324,283,280,PlayingCello/v_PlayingCello_g07_c03.avi
0.9750299497454658,9.487569572339234,193.25889371514057,0.8534883720930233,349.2093023255814,322.7296772294571,0.2238372093023256,308,305,PlayingCello/v_PlayingCello_g07_c04.avi
1.119595652210906,2.334001691681342,47.42955302340514,0.6671511627906976,300.87441860465117,285.5352836039734,0.26627906976744187,273,270,PlayingCello/v_PlayingCello_g07_c05.avi
0.532001968375643,1.252821987278014,13.038404810405298,0.8199127906976744,203.08837209302325,165.84931968969897,0.38488372093023254,123,121,PlayingDaf/v_PlayingDaf_g01_c01.avi
0.3650281861477683,0.9149669827746082,9.5,0.8928779069767442,339.8325581395349,572.6618141264286,0.27732558139534885,181,178,PlayingDaf/v_PlayingDaf_g01_c02.avi
0.398869626478172,1.1865141048162111,19.469527472437537,0.9120639534883721,362.04651162790697,468.13901500681635,0.2127906976744186,191,188,PlayingDaf/v_PlayingDaf_g01_c03.avi
0.5773536391424005,1.211609742372059,18.867962264113206,0.7995639534883721,551.1441860465117,786.9061541819672,0.22093023255813954,188,185,PlayingDaf/v_PlayingDaf_g01_c04.avi
0.45098798265052936,1.29922012725664,29.25240374738459,0.8864825581395349,351.4418604651163,335.12131106723484,0.261046511627907,360,356,PlayingDaf/v_PlayingDaf_g02_c01.avi
1.0354366555729506,3.632675980151911,62.22941426688829,0.8174418604651162,241.6,250.99253764502316,0.4029069767441861,365,361,PlayingDaf/v_PlayingDaf_g02_c02.avi
0.8211581851411194,2.9841609213155946,94.6958948423848,0.8281976744186047,185.22790697674418,194.23653564491977,0.5267441860465116,325,321,PlayingDaf/v_PlayingDaf_g02_c03.avi
1.2917834618527,4.052548474672868,78.24321056807422,0.7872093023255814,325.3209302325581,328.49418851405386,0.3226744186046512,321,318,PlayingDaf/v_PlayingDaf_g02_c04.avi
0.8153570719378478,3.3223065108991725,89.88395296158264,0.8088662790697675,170.04651162790697,172.30880249732982,0.5593023255813954,326,322,PlayingDaf/v_PlayingDaf_g02_c05.avi
1.0535041800366278,4.263402680545501,107.24096698556947,0.8273255813953488,436.9488372093023,780.6122773918732,0.34825581395348837,364,360,PlayingDaf/v_PlayingDaf_g02_c06.avi
1.0969190653076808,3.306425133213853,63.60473645885187,0.804796511627907,340.83720930232556,466.7381582674698,0.27209302325581397,335,331,PlayingDaf/v_PlayingDaf_g02_c07.avi
1.1175175240703772,3.2076945164731465,62.40242383113015,0.8001453488372093,270.6232558139535,269.11168671071016,0.33313953488372094,188,185,PlayingDaf/v_PlayingDaf_g03_c01.avi
1.912808891687489,2.986939957356393,34.573291714848324,0.5738372093023256,261.8046511627907,244.3773273401229,0.3,172,169,PlayingDaf/v_PlayingDaf_g03_c02.avi
1.086916225466645,3.4959872165227663,134.18271125595876,0.7050872093023256,295.7395348837209,303.2366288695278,0.34186046511627904,182,179,PlayingDaf/v_PlayingDaf_g03_c03.avi
1.5113178728121586,4.472116693113491,134.06341782902598,0.6773255813953488,319.51627906976745,327.4478456112622,0.33895348837209305,212,209,PlayingDaf/v_PlayingDaf_g03_c04.avi
1.2744515174856426,1.4988477530576563,17.46424919657298,0.4501453488372093,225.86046511627907,192.42462509764624,0.3313953488372093,328,324,PlayingDaf/v_PlayingDaf_g04_c01.avi
1.3391954323209765,2.5588967856770437,18.27737672643424,0.6991279069767442,278.10232558139535,267.52149010688896,0.2988372093023256,347,343,PlayingDaf/v_PlayingDaf_g04_c02.avi
1.9339624468134946,8.760242059669093,115.67627241573788,0.7546511627906977,264.3720930232558,257.00068077511986,0.32383720930232557,306,303,PlayingDaf/v_PlayingDaf_g04_c03.avi
1.5998080619795716,3.0666815710371886,26.34032080290595,0.6616279069767442,266.15813953488373,261.2378994483124,0.32848837209302323,306,303,PlayingDaf/v_PlayingDaf_g04_c04.avi
0.5749545836077743,5.884829727552242,166.83225107874077,0.8834302325581396,359.47906976744184,590.576311575806,0.32848837209302323,321,318,PlayingDaf/v_PlayingDaf_g04_c05.avi
0.3895134715598177,0.5872585819733298,7.945124291035352,0.8879360465116279,352.6697674418605,587.749541475446,0.3313953488372093,341,337,PlayingDaf/v_PlayingDaf_g04_c06.avi
0.8019535702352295,1.7640484226534254,17.10263137648707,0.7539244186046512,249.07906976744187,257.75161701442977,0.38953488372093026,372,368,PlayingDaf/v_PlayingDaf_g04_c07.avi
0.18970413050964327,0.8055352130698492,12.772039774444801,0.9468023255813953,351.88837209302324,326.4393766214147,0.22848837209302325,302,299,PlayingDaf/v_PlayingDaf_g05_c01.avi
0.18237872027950866,0.8287439783216075,11.932754292283068,0.9545058139534883,345.52558139534887,337.163514325177,0.2872093023255814,335,331,PlayingDaf/v_PlayingDaf_g05_c02.avi
0.2632019938990295,1.0982679782172213,11.885521654517314,0.9482558139534883,363.4976744186047,344.5140139508771,0.25872093023255816,349,345,PlayingDaf/v_PlayingDaf_g05_c03.avi
0.18925199018812636,0.9141835971653136,12.39455525624054,0.9571220930232558,328.5581395348837,320.2203676050242,0.28255813953488373,394,390,PlayingDaf/v_PlayingDaf_g05_c04.avi
0.2539926109580295,1.4393661796840505,21.470910553583888,0.9545058139534883,237.69302325581396,278.0943100823213,0.49767441860465117,404,400,PlayingDaf/v_PlayingDaf_g05_c05.avi
0.18998942062024693,0.9496789090144108,20.155644370746373,0.9575581395348837,303.66511627906976,312.861600194318,0.3447674418604651,387,383,PlayingDaf/v_PlayingDaf_g05_c06.avi
0.16653942431825,0.9053944908719261,18.0,0.9614825581395349,372.98604651162793,346.85821081524267,0.23953488372093024,378,374,PlayingDaf/v_PlayingDaf_g05_c07.avi
0.8609074161600598,5.0097506064497725,103.1746092796091,0.8648255813953488,316.72558139534885,312.7570928261006,0.29767441860465116,300,297,PlayingDaf/v_PlayingDaf_g06_c01.avi
1.499145387568703,5.824028480973724,144.01388821915754,0.8148255813953489,307.12558139534883,312.6234350401292,0.3313953488372093,300,297,PlayingDaf/v_PlayingDaf_g06_c02.avi
1.3089644326529661,3.859973280661615,40.213492760515095,0.8029069767441861,330.6790697674419,341.1681768728768,0.3505813953488372,320,317,PlayingDaf/v_PlayingDaf_g06_c03.avi
1.6303486966989222,3.9411381552246394,51.03920062069938,0.7456395348837209,328.446511627907,333.3942504134729,0.32965116279069767,319,316,PlayingDaf/v_PlayingDaf_g06_c04.avi
1.449406087684982,6.210680904263279,72.0,0.8446220930232559,316.72558139534885,314.12465907441185,0.3023255813953488,302,299,PlayingDaf/v_PlayingDaf_g06_c05.avi
0.9373158197845642,2.610539943380948,34.52535300326414,0.8220930232558139,446.2139534883721,707.3925200903093,0.3325581395348837,312,309,PlayingDaf/v_PlayingDaf_g06_c06.avi
1.7114103769924427,4.166318111627867,67.99597874139323,0.7680232558139535,305.89767441860465,303.4668040451581,0.30523255813953487,221,218,PlayingDaf/v_PlayingDaf_g06_c07.avi
0.5220563902316906,1.3330248376211031,16.0,0.8460755813953489,465.6372093023256,908.2791490334655,0.2686046511627907,250,247,PlayingDaf/v_PlayingDaf_g07_c01.avi
0.4634204400812105,1.1694976228088858,13.009611831257688,0.8552325581395349,360.93023255813955,577.2317818833479,0.23953488372093024,250,247,PlayingDaf/v_PlayingDaf_g07_c02.avi
0.26920950946698324,0.6414856208722078,14.84082207965583,0.9074127906976744,264.48372093023255,420.76916111366126,0.3302325581395349,250,247,PlayingDaf/v_PlayingDaf_g07_c03.avi
0.9310496763884842,2.5591100072421007,26.68332812825267,0.8329941860465117,237.24651162790698,159.80875103208808,0.2186046511627907,250,247,PlayingDaf/v_PlayingDaf_g07_c04.avi
0.5394994050256006,2.178522709321468,44.75,0.8815406976744186,255.88837209302326,225.90021794908245,0.27732558139534885,250,247,PlayingDaf/v_PlayingDaf_g07_c05.avi
1.237848715696089,2.3895016640292135,35.84689665786984,0.6446220930232558,336.2604651162791,288.38825101018574,0.15174418604651163,253,250,PlayingDhol/v_PlayingDhol_g01_c01.avi
1.110597288112659,1.6091691104842922,16.313338101075452,0.6193313953488372,318.51162790697674,319.3260615510767,0.313953488372093,241,238,PlayingDhol/v_PlayingDhol_g01_c02.avi
0.49811264119470006,0.9703831804424109,11.672617529928752,0.8300872093023256,299.9813953488372,327.2180122805646,0.40813953488372096,272,269,PlayingDhol/v_PlayingDhol_g01_c03.avi
1.8454894543589098,4.582912522365902,26.92582403567252,0.6148255813953488,323.7581395348837,288.32671570960525,0.1936046511627907,240,237,PlayingDhol/v_PlayingDhol_g01_c04.avi
2.1613308834128717,2.893245647804461,41.75,0.47063953488372096,237.02325581395348,258.3094852242974,0.44302325581395346,247,244,PlayingDhol/v_PlayingDhol_g01_c05.avi
1.5236757859313206,4.049276167527632,26.903763677225534,0.8213662790697674,315.16279069767444,303.8145800987571,0.27325581395348836,196,193,PlayingDhol/v_PlayingDhol_g01_c06.avi
1.368262747405836,2.167901730995502,21.33219397999184,0.5539244186046511,313.93488372093026,278.7114127082415,0.19825581395348837,139,137,PlayingDhol/v_PlayingDhol_g01_c07.avi
0.9528004004477503,2.6802815568409026,16.0312195418814,0.8892441860465117,747.6093023255814,1128.1219445494053,0.21395348837209302,268,265,PlayingDhol/v_PlayingDhol_g02_c01.avi
1.1116981907081338,2.179105289264537,13.400093283257396,0.7598837209302326,517.6558139534884,908.870442657239,0.19069767441860466,306,303,PlayingDhol/v_PlayingDhol_g02_c02.avi
0.6266145527275155,1.2565970558956747,13.400093283257396,0.8334302325581395,845.1720930232558,1295.4905843366525,0.19883720930232557,268,265,PlayingDhol/v_PlayingDhol_g02_c03.avi
2.3164319041233155,3.180736221976319,40.607881008493905,0.5162790697674419,557.953488372093,1030.6392225890659,0.23662790697674418,276,273,PlayingDhol/v_PlayingDhol_g02_c04.avi
1.198945312120055,4.600113816656137,76.21679604916491,0.809593023255814,982.6976744186046,1428.1965133315043,0.1872093023255814,268,265,PlayingDhol/v_PlayingDhol_g02_c05.avi
0.8001851563148918,2.1715216585896115,64.37402911889235,0.7373546511627908,443.0883720930233,777.3046732016159,0.30697674418604654,290,287,PlayingDhol/v_PlayingDhol_g02_c06.avi
1.2591163834550756,2.1402300766565907,17.613914953808536,0.6427325581395349,1060.5023255813953,1484.0144576316325,0.2005813953488372,283,280,PlayingDhol/v_PlayingDhol_g02_c07.avi
0.08352964296599552,0.32725278157457866,13.752272539475067,0.9681686046511628,472.89302325581394,393.43082805361473,0.19127906976744186,358,354,PlayingDhol/v_PlayingDhol_g03_c01.avi
0.12960803173387378,0.4330740570895752,8.715109006776679,0.9619186046511627,434.71627906976744,389.2322657639472,0.2505813953488372,382,378,PlayingDhol/v_PlayingDhol_g03_c02.avi
0.4027977756732896,1.3039517970852883,13.021616643105418,0.9031976744186047,436.1674418604651,381.52132417524535,0.21511627906976744,408,404,PlayingDhol/v_PlayingDhol_g03_c03.avi
0.17334917585807466,0.6841976246213266,7.75,0.9521802325581395,496.0,391.80441252545717,0.14534883720930233,392,388,PlayingDhol/v_PlayingDhol_g03_c04.avi
0.19945100368100713,0.633857585044946,9.154916711800277,0.9406976744186046,434.6046511627907,387.1026628767537,0.24186046511627907,410,406,PlayingDhol/v_PlayingDhol_g03_c05.avi
0.11603627336857768,0.45917633346069475,6.4347688381168755,0.9671511627906977,522.1209302325582,530.1099177630641,0.20465116279069767,417,413,PlayingDhol/v_PlayingDhol_g03_c06.avi
0.2652130914485918,0.8123095971836146,12.130797583011597,0.90625,397.7674418604651,384.8994333896693,0.32209302325581396,406,402,PlayingDhol/v_PlayingDhol_g03_c07.avi
0.1761344000244584,0.7284151855746133,11.180339887498949,0.9588662790697674,291.72093023255815,250.1860076006144,0.19767441860465115,438,434,PlayingDhol/v_PlayingDhol_g04_c01.avi
0.10211178886497425,0.388296442608269,8.0,0.9741279069767442,389.0604651162791,569.6753470136588,0.11162790697674418,455,451,PlayingDhol/v_PlayingDhol_g04_c02.avi
0.17858132359243709,0.6743971851475238,15.742061491431166,0.9425872093023255,295.51627906976745,425.1397455230032,0.22906976744186047,453,449,PlayingDhol/v_PlayingDhol_g04_c03.avi
0.2815992438335912,0.8174344870273409,7.386643351347079,0.90625,210.0093023255814,180.09480683337446,0.37906976744186044,412,408,PlayingDhol/v_PlayingDhol_g04_c04.avi
0.18905172740749376,0.6332499090179322,9.905806378079475,0.9318313953488372,438.1767441860465,764.9170354274208,0.21395348837209302,426,422,PlayingDhol/v_PlayingDhol_g04_c05.avi
0.1906719644036853,0.6606799796921511,11.597413504743201,0.9390988372093023,350.10232558139535,566.6937885618578,0.20755813953488372,449,445,PlayingDhol/v_PlayingDhol_g04_c06.avi
0.22851187011874033,0.8646666015034544,11.381179640090037,0.9184593023255814,579.6093023255814,1088.627484883465,0.29127906976744183,444,440,PlayingDhol/v_PlayingDhol_g04_c07.avi
1.989575848912137,2.2823786643100314,22.85278976405288,0.4425872093023256,272.9674418604651,409.7741111829559,0.24651162790697675,285,282,PlayingDhol/v_PlayingDhol_g05_c01.avi
1.4604017058209937,1.8212333014880562,20.248456731316587,0.5527616279069767,238.47441860465116,153.7303530166228,0.20290697674418604,269,266,PlayingDhol/v_PlayingDhol_g05_c02.avi
1.862880593820821,2.537105132954838,25.739075352467502,0.5023255813953489,224.1860465116279,183.89067224898574,0.32151162790697674,217,214,PlayingDhol/v_PlayingDhol_g05_c03.avi
3.6907559159453434,4.630832177039958,24.064042158373976,0.4417151162790698,203.31162790697675,139.07672503401542,0.3395348837209302,298,295,PlayingDhol/v_PlayingDhol_g05_c04.avi
1.8594957346695071,2.309960794514397,37.87912518789208,0.529796511627907,222.28837209302327,131.67532517575424,0.24069767441860465,304,301,PlayingDhol/v_PlayingDhol_g05_c05.avi
1.189789237606576,1.9332254864754193,46.06008304378098,0.6329941860465116,234.45581395348836,190.39385531213068,0.288953488372093,296,293,PlayingDhol/v_PlayingDhol_g05_c06.avi
1.4964380477462573,1.834100692298525,29.369680369387748,0.5125,244.27906976744185,156.2142722808993,0.1819767441860465,273,270,PlayingDhol/v_PlayingDhol_g05_c07.avi
0.38695944091631845,1.0165280377593362,17.307873930670976,0.885610465116279,482.04651162790697,706.529479083083,0.2575581395348837,378,374,PlayingDhol/v_PlayingDhol_g06_c01.avi
1.388056308219586,1.9058784410763157,16.666302079345616,0.5888081395348838,306.45581395348836,296.0446173965231,0.27906976744186046,369,365,PlayingDhol/v_PlayingDhol_g06_c02.avi
1.0023343854079116,1.805667534645281,10.957303500405564,0.7406976744186047,390.51162790697674,598.1024401677016,0.2877906976744186,366,362,PlayingDhol/v_PlayingDhol_g06_c03.avi
0.5574045589157165,1.1666473957764911,22.522211259110417,0.8129360465116279,601.2651162790697,981.4714531937691,0.2668604651162791,373,369,PlayingDhol/v_PlayingDhol_g06_c04.avi
0.7719036060701091,1.4959352135210404,12.727922061357855,0.7851744186046512,482.15813953488373,849.9642636078837,0.2779069767441861,387,383,PlayingDhol/v_PlayingDhol_g06_c05.avi
0.7507647504425847,1.5348414219898008,15.811388300841896,0.7614825581395349,419.31162790697675,693.0796058876281,0.28430232558139534,365,361,PlayingDhol/v_PlayingDhol_g06_c06.avi
1.0025767016733167,1.4113730406515963,12.041594578792296,0.6729651162790697,298.6418604651163,316.4771450894686,0.3755813953488372,358,354,PlayingDhol/v_PlayingDhol_g06_c07.avi
1.2441406951810146,2.6554914297822214,40.8166632639171,0.6268895348837209,383.25581395348837,368.7507567527595,0.29534883720930233,259,256,PlayingDhol/v_PlayingDhol_g07_c01.avi
2.1969041065240495,2.859126183939991,40.252329125157466,0.47267441860465115,409.6,372.7620701335271,0.24186046511627907,256,253,PlayingDhol/v_PlayingDhol_g07_c02.avi
0.7459382679424944,1.1457632837146101,8.54400374531753,0.75625,426.2325581395349,369.8671563664071,0.19011627906976744,263,260,PlayingDhol/v_PlayingDhol_g07_c03.avi
1.163000707590577,1.9812742398748064,11.5,0.7196220930232559,423.4418604651163,367.80336647077655,0.1883720930232558,255,252,PlayingDhol/v_PlayingDhol_g07_c04.avi
0.6465338581039736,1.2722560684686963,9.055385138137417,0.83125,439.8511627906977,369.08431782106186,0.1563953488372093,278,275,PlayingDhol/v_PlayingDhol_g07_c05.avi
0.89776768970289,1.4300615506675327,17.125456198303155,0.7270348837209303,416.63255813953486,375.45161625603623,0.23546511627906977,252,249,PlayingDhol/v_PlayingDhol_g07_c06.avi
0.6499793558741482,1.5780070736795753,30.03747659175118,0.8188953488372093,419.0883720930233,373.18728586315484,0.22034883720930232,271,268,PlayingDhol/v_PlayingDhol_g07_c07.avi
0.42431797084394035,2.597786094999875,69.47841391396324,0.9140988372093023,614.8837209302326,410.8449155322636,0.11918604651162791,255,252,PlayingFlute/v_PlayingFlute_g01_c01.avi
0.6446176769475912,2.9964838178722375,36.54192797322002,0.8732558139534884,488.8558139534884,410.02381400059346,0.23604651162790696,303,300,PlayingFlute/v_PlayingFlute_g01_c02.avi
0.43750966810191505,2.1060442992640733,57.48912940721924,0.920639534883721,526.8093023255814,417.48544707344934,0.21511627906976744,305,302,PlayingFlute/v_PlayingFlute_g01_c03.avi
0.1415620440384866,0.3613116731959342,3.758324094593227,0.9468023255813953,602.046511627907,420.56915773903296,0.16744186046511628,352,348,PlayingFlute/v_PlayingFlute_g01_c04.avi
0.5776270615198517,4.932453425640621,176.0454486773231,0.8946220930232558,444.7627906976744,388.06714177116896,0.2238372093023256,366,362,PlayingFlute/v_PlayingFlute_g01_c05.avi
0.6208115369004129,3.323268684162312,90.86150174854035,0.8497093023255814,509.6186046511628,410.09510369238944,0.20465116279069767,332,328,PlayingFlute/v_PlayingFlute_g01_c06.avi
0.4272399898281146,2.683889046389594,83.6301381082203,0.9095930232558139,521.8976744186047,409.8954248304283,0.1872093023255814,385,381,PlayingFlute/v_PlayingFlute_g01_c07.avi
0.3311701203509989,1.2254321688160725,37.013511046643494,0.9319767441860465,469.65581395348835,415.01154105685293,0.29186046511627906,254,251,PlayingFlute/v_PlayingFlute_g02_c01.avi
0.798214384360684,2.60215513656262,85.5,0.7953488372093023,294.28837209302327,288.6912418494987,0.3005813953488372,247,244,PlayingFlute/v_PlayingFlute_g02_c02.avi
0.7769725187982608,3.1149087978833547,71.0,0.8219476744186046,319.51627906976745,299.4117464646943,0.2436046511627907,246,243,PlayingFlute/v_PlayingFlute_g02_c03.avi
0.2783061648082146,0.6779686033853297,16.0,0.9476744186046512,494.4372093023256,411.7781458578946,0.23488372093023255,200,197,PlayingFlute/v_PlayingFlute_g02_c04.avi
0.3887308478612687,0.9698564908298444,27.65863337187866,0.8572674418604651,439.1813953488372,402.35317082442833,0.29709302325581394,250,247,PlayingFlute/v_PlayingFlute_g02_c05.avi
2.7888068907743624,16.993337557204335,127.0,0.9164244186046512,378.90232558139536,365.5345938442998,0.2947674418604651,207,204,PlayingFlute/v_PlayingFlute_g02_c06.avi
0.21595105220187302,0.6624015047673278,7.766112283504533,0.932703488372093,414.1767441860465,388.87021379902234,0.29709302325581394,220,217,PlayingFlute/v_PlayingFlute_g02_c07.avi
0.4420711636804465,1.1854658807451273,38.75,0.8126453488372093,568.6697674418605,420.1820178872007,0.18546511627906978,236,233,PlayingFlute/v_PlayingFlute_g03_c01.avi
0.48076138004606955,2.2229816426452094,85.37564055396598,0.8453488372093023,570.1209302325582,418.7657215698598,0.17790697674418604,225,222,PlayingFlute/v_PlayingFlute_g03_c02.avi
0.9807069725673736,4.327166959959451,104.45550787296953,0.85,498.45581395348836,419.35524891406726,0.2627906976744186,250,247,PlayingFlute/v_PlayingFlute_g03_c03.avi
0.43400718932247107,2.8661993787596938,90.0499861188218,0.8760174418604652,528.8186046511628,412.08669174620536,0.1883720930232558,223,220,PlayingFlute/v_PlayingFlute_g03_c04.avi
0.3712060884433943,2.7050563000451913,86.3264154242489,0.8914244186046512,597.1348837209302,421.1160978315759,0.17209302325581396,201,198,PlayingFlute/v_PlayingFlute_g03_c05.avi
0.5604167644197758,2.6348173632725698,84.43340571124678,0.8412790697674418,589.4325581395349,421.4066741124055,0.17732558139534885,189,186,PlayingFlute/v_PlayingFlute_g03_c06.avi
0.5029161161839985,1.8431680394111714,48.90568090723203,0.8197674418604651,629.5069767441861,537.9997740966712,0.1755813953488372,231,228,PlayingFlute/v_PlayingFlute_g03_c07.avi
0.9052521479800234,3.679161939184023,59.0,0.8257267441860465,513.0790697674419,402.8859937755717,0.1680232558139535,281,278,PlayingFlute/v_PlayingFlute_g04_c01.avi
1.0650267999066505,3.4505990223662644,81.93900170248598,0.7726744186046511,440.4093023255814,375.0009239144919,0.17906976744186046,295,292,PlayingFlute/v_PlayingFlute_g04_c02.avi
1.459034701009241,3.88920017334463,55.775358582442124,0.784156976744186,450.6790697674419,378.0279358190341,0.1697674418604651,302,299,PlayingFlute/v_PlayingFlute_g04_c03.avi
1.3058602909882957,3.189355874106719,70.23932303204523,0.7742732558139535,409.153488372093,362.57211590526,0.20232558139534884,275,272,PlayingFlute/v_PlayingFlute_g04_c04.avi
1.321901357771771,3.666091163655637,63.4492907761781,0.7761627906976745,554.8279069767442,626.2119732967986,0.17616279069767443,390,386,PlayingFlute/v_PlayingFlute_g04_c05.avi
0.8997641887957881,5.913545557576894,191.80198122021577,0.8015988372093024,455.36744186046514,382.86718792700213,0.18023255813953487,269,266,PlayingFlute/v_PlayingFlute_g04_c06.avi
1.0721240939533532,6.354055872861804,139.16896205691842,0.858139534883721,395.2,492.3202134364783,0.24476744186046512,287,284,PlayingFlute/v_PlayingFlute_g04_c07.avi
1.3724327740403628,5.249392116959862,93.5,0.740843023255814,270.28837209302327,230.6637754539109,0.2302325581395349,321,318,PlayingFlute/v_PlayingFlute_g05_c01.avi
1.4692829055061187,6.03359971129554,90.0,0.7463662790697675,266.8279069767442,243.10679663480795,0.2761627906976744,272,269,PlayingFlute/v_PlayingFlute_g05_c02.avi
0.8521582789423604,1.869961242031439,26.754672489118605,0.7818313953488372,295.6279069767442,275.125427908192,0.25406976744186044,224,221,PlayingFlute/v_PlayingFlute_g05_c03.avi
1.3049171033469962,3.9980112631800546,61.24591823134012,0.8239825581395349,252.53953488372093,208.60860663590645,0.2505813953488372,201,198,PlayingFlute/v_PlayingFlute_g05_c04.avi
1.272903006030549,2.2759367890842217,21.037169486411425,0.6614825581395349,248.6325581395349,216.32681963514355,0.28488372093023256,237,234,PlayingFlute/v_PlayingFlute_g05_c05.avi
1.5051648080604856,8.500071972685753,299.25,0.8045058139534884,243.05116279069767,201.1677356026188,0.2744186046511628,241,238,PlayingFlute/v_PlayingFlute_g05_c06.avi
1.5767707556955186,2.87975181082981,20.91799464575895,0.6475290697674418,231.33023255813953,198.18524988514898,0.3191860465116279,124,122,PlayingFlute/v_PlayingFlute_g05_c07.avi
2.1628165165623114,6.636017978997255,65.92656899915238,0.8212209302325582,451.2372093023256,629.8971894786816,0.35523255813953486,122,120,PlayingFlute/v_PlayingFlute_g06_c01.avi
1.3577925892424723,6.809779288728604,170.31973608481198,0.8947674418604651,405.13488372093025,486.56943904820423,0.1883720930232558,220,217,PlayingFlute/v_PlayingFlute_g06_c02.avi
0.7526790237204849,1.9956588959454704,23.04886114323222,0.8517441860465116,496.5581395348837,512.7085078888929,0.14244186046511628,154,152,PlayingFlute/v_PlayingFlute_g06_c03.avi
1.0312699563111718,3.388572205822154,50.99019513592785,0.8475290697674419,857.8976744186047,1109.974920623523,0.1883720930232558,335,331,PlayingFlute/v_PlayingFlute_g06_c04.avi
0.39740275811116454,1.185898862994908,11.853269591129697,0.8981104651162791,992.8558139534883,1069.2687928221821,0.125,120,118,PlayingFlute/v_PlayingFlute_g06_c05.avi
1.0389040213629137,5.308058618873927,125.99206324209474,0.8578488372093023,762.4558139534884,1027.6656395210675,0.24825581395348836,224,221,PlayingFlute/v_PlayingFlute_g06_c06.avi
0.5478293245034743,1.3021737823950728,14.7648230602334,0.829796511627907,280.5581395348837,419.0137535804307,0.25813953488372093,217,214,PlayingFlute/v_PlayingFlute_g07_c01.avi
1.5823210370394742,4.724960601593882,66.20611754211238,0.8026162790697674,233.67441860465115,195.14141812163416,0.3023255813953488,252,249,PlayingFlute/v_PlayingFlute_g07_c02.avi
0.5810318488333034,2.38419837677118,38.244280618152565,0.8803779069767442,177.1906976744186,156.05102298265095,0.4941860465116279,207,204,PlayingFlute/v_PlayingFlute_g07_c03.avi
0.704074765738898,2.3132227067686717,28.560516889580274,0.8629360465116279,309.9162790697674,433.3341719951392,0.21453488372093024,409,405,PlayingFlute/v_PlayingFlute_g07_c04.avi
1.3907850007101814,5.6469541983645914,69.46221994724903,0.8949127906976744,162.2325581395349,177.4848617467695,0.6093023255813953,165,162,PlayingFlute/v_PlayingFlute_g07_c05.avi
0.3620965647677171,1.4379469712154218,28.267693574113895,0.8966569767441861,360.8186046511628,483.522808800796,0.29593023255813955,280,277,PlayingFlute/v_PlayingFlute_g07_c06.avi
0.9081665581957579,4.795450728790268,130.26895255585654,0.8824127906976744,148.72558139534883,145.22782117509934,0.6238372093023256,247,244,PlayingFlute/v_PlayingFlute_g07_c07.avi
0.8385890202343064,1.5256327066905264,17.278961195627474,0.7376453488372093,232.0,203.28465550255063,0.32732558139534884,251,248,PlayingGuitar/v_PlayingGuitar_g01_c01.avi
1.4776064984891297,3.1635324663593867,17.106285394556004,0.7204941860465116,227.2,175.63564823301832,0.29186046511627906,251,248,PlayingGuitar/v_PlayingGuitar_g01_c02.avi
1.379122576271176,3.0189522821383674,29.966648127543394,0.7459302325581395,227.646511627907,191.80403195417392,0.32209302325581396,251,248,PlayingGuitar/v_PlayingGuitar_g01_c03.avi
2.0965315218148604,2.6485905779666363,17.734588379773577,0.48459302325581394,221.95348837209303,184.65479464532106,0.33313953488372094,251,248,PlayingGuitar/v_PlayingGuitar_g01_c04.avi
0.5169505384202773,1.2847228757872926,19.756328100130347,0.8802325581395349,345.74883720930234,582.6624314388871,0.3209302325581395,239,236,PlayingGuitar/v_PlayingGuitar_g01_c05.avi
0.7455126190269176,1.2664756856499677,13.400093283257396,0.7543604651162791,276.98604651162793,254.8955733112528,0.26744186046511625,251,248,PlayingGuitar/v_PlayingGuitar_g01_c06.avi
0.7882320477569553,2.8203100886527213,171.67702234137218,0.7962209302325581,351.88837209302324,371.8640244168417,0.4005813953488372,251,248,PlayingGuitar/v_PlayingGuitar_g02_c01.avi
0.6273325200800625,1.3979785692330486,19.1637678967368,0.8199127906976744,395.646511627907,363.9151775363589,0.2424418604651163,251,248,PlayingGuitar/v_PlayingGuitar_g02_c02.avi
1.7126936835556381,2.7525979940681777,23.089499778037634,0.5591569767441861,440.1860465116279,516.0868529669208,0.26627906976744187,251,248,PlayingGuitar/v_PlayingGuitar_g02_c03.avi
0.544649494633434,1.49754001478206,27.46475013540083,0.8741279069767441,419.646511627907,394.58410919855515,0.3081395348837209,201,198,PlayingGuitar/v_PlayingGuitar_g02_c04.avi
1.37833070457716,3.415292640226278,94.51454914456292,0.7203488372093023,331.3488372093023,562.8280287445788,0.24476744186046512,251,248,PlayingGuitar/v_PlayingGuitar_g03_c01.avi
1.1156430094145435,2.4949556696015702,21.273516399504807,0.7171511627906977,283.2372093023256,270.00074851167204,0.28604651162790695,251,248,PlayingGuitar/v_PlayingGuitar_g03_c02.avi
0.963009711634136,1.8445410243083447,17.135489488193794,0.71875,349.54418604651164,668.2214342992116,0.2941860465116279,251,248,PlayingGuitar/v_PlayingGuitar_g03_c03.avi
1.6106718300112648,3.9556144749542352,77.0,0.7174418604651163,305.6744186046512,552.0581247174272,0.2691860465116279,251,248,PlayingGuitar/v_PlayingGuitar_g03_c04.avi
1.256606203010002,2.2010779163231344,22.610838109190027,0.6614825581395349,269.95348837209303,228.0210061200882,0.225,251,248,PlayingGuitar/v_PlayingGuitar_g03_c05.avi
1.1172332999016183,1.8586704524941104,18.66815470259447,0.6956395348837209,389.0604651162791,762.1439472592888,0.3116279069767442,251,248,PlayingGuitar/v_PlayingGuitar_g03_c06.avi
0.9374151775320478,1.6537703755330422,13.119641763401926,0.7177325581395348,438.06511627906974,840.7717249255523,0.2796511627906977,251,248,PlayingGuitar/v_PlayingGuitar_g03_c07.avi
0.1702829914969699,0.45575332958623116,8.602325267042627,0.9546511627906977,191.5906976744186,173.43366778906875,0.45406976744186045,251,248,PlayingGuitar/v_PlayingGuitar_g04_c01.avi
0.2804154676857169,0.7631320506140868,12.963892162464173,0.9138081395348837,228.4279069767442,151.5441240919028,0.2436046511627907,251,248,PlayingGuitar/v_PlayingGuitar_g04_c02.avi
0.18003845370356222,0.5055122564091703,10.819542504191201,0.9414244186046512,235.0139534883721,164.81723434014032,0.2372093023255814,251,248,PlayingGuitar/v_PlayingGuitar_g04_c03.avi
0.37355354142949687,0.8576201125786607,18.34265861318909,0.8609011627906977,249.1906976744186,200.66956735465382,0.24709302325581395,251,248,PlayingGuitar/v_PlayingGuitar_g04_c04.avi
0.2499762011575195,0.7573648796444213,14.758472143145442,0.9252906976744186,242.71627906976744,168.88380060587488,0.21104651162790697,251,248,PlayingGuitar/v_PlayingGuitar_g04_c05.avi
0.18871439138983906,0.5302633414928849,10.482872936366253,0.9392441860465116,238.92093023255813,400.9128517249159,0.3494186046511628,251,248,PlayingGuitar/v_PlayingGuitar_g04_c06.avi
1.3796864631039456,2.3811595772086287,22.045762064396868,0.6536337209302325,206.43720930232558,148.53409133894624,0.3395348837209302,251,248,PlayingGuitar/v_PlayingGuitar_g04_c07.avi
0.5354916030790505,1.3446021217637565,17.92344832893492,0.8302325581395349,228.65116279069767,164.98948292358548,0.26569767441860465,251,248,PlayingGuitar/v_PlayingGuitar_g05_c01.avi
1.0416577157569786,2.8016892652138314,63.12685640834652,0.7875,221.6186046511628,217.77732093662115,0.4069767441860465,213,210,PlayingGuitar/v_PlayingGuitar_g05_c02.avi
0.739749596924394,1.6943175708653972,18.229869034087987,0.7973837209302326,244.72558139534883,223.71076435830767,0.3191860465116279,251,248,PlayingGuitar/v_PlayingGuitar_g05_c03.avi
0.42440971312920367,0.7560694552277134,8.806957476904268,0.845203488372093,238.8093023255814,202.86706818832673,0.29651162790697677,251,248,PlayingGuitar/v_PlayingGuitar_g05_c04.avi
0.43258745040169866,1.202208746551125,15.020818885799802,0.8899709302325581,251.2,242.4179592702327,0.33895348837209305,235,232,PlayingGuitar/v_PlayingGuitar_g05_c05.avi
0.4853876421518756,1.0838716032137845,14.002231964940446,0.8547965116279069,257.45116279069765,234.55334333737585,0.2924418604651163,251,248,PlayingGuitar/v_PlayingGuitar_g06_c01.avi
0.478746904035299,0.9484202570583935,14.396180048887969,0.8248546511627907,541.8790697674418,970.500232691857,0.19476744186046513,251,248,PlayingGuitar/v_PlayingGuitar_g06_c02.avi
0.672841276714927,1.373579110478889,15.94766832486806,0.7761627906976745,565.9906976744186,1031.2475262411945,0.23662790697674418,251,248,PlayingGuitar/v_PlayingGuitar_g06_c03.avi
0.5701016115246003,1.3398834159115218,17.0,0.8072674418604651,235.5720930232558,225.06995948606985,0.3622093023255814,251,248,PlayingGuitar/v_PlayingGuitar_g06_c04.avi
0.6137839471876465,1.1579388625239924,14.807092894960848,0.8029069767441861,232.89302325581394,221.1582674322862,0.36453488372093024,251,248,PlayingGuitar/v_PlayingGuitar_g06_c05.avi
0.735657059104931,1.5335883627113684,12.311706827243736,0.7921511627906976,622.6976744186046,1137.5939426555876,0.2691860465116279,251,248,PlayingGuitar/v_PlayingGuitar_g06_c06.avi
0.5078257832091173,1.0380624008391566,16.885644790768282,0.8010174418604651,407.47906976744184,764.2567864326996,0.28081395348837207,251,248,PlayingGuitar/v_PlayingGuitar_g06_c07.avi
0.49368903312554274,1.7210128521916321,30.0,0.8771802325581395,387.27441860465115,366.2876161129192,0.2744186046511628,251,248,PlayingGuitar/v_PlayingGuitar_g07_c01.avi
0.5710810634927205,1.2038150784268862,17.824228594808808,0.8133720930232559,414.06511627906974,383.951711404055,0.27674418604651163,251,248,PlayingGuitar/v_PlayingGuitar_g07_c02.avi
0.5291476973047081,1.268265526434341,18.48140957827622,0.8661337209302326,400.0,376.17610917797407,0.2802325581395349,251,248,PlayingGuitar/v_PlayingGuitar_g07_c03.avi
0.4160217248393858,0.9250714723563127,11.490485194281398,0.8731104651162791,451.57209302325583,508.8990791007316,0.20232558139534884,251,248,PlayingGuitar/v_PlayingGuitar_g07_c04.avi
0.438158927346874,1.676259896706009,90.0950886563746,0.8642441860465117,453.0232558139535,397.8117755440287,0.24825581395348836,251,248,PlayingGuitar/v_PlayingGuitar_g07_c05.avi
0.5255249647048256,1.3164720217864145,17.08800749063506,0.8348837209302326,408.3720930232558,363.69761419349163,0.20872093023255814,251,248,PlayingGuitar/v_PlayingGuitar_g07_c06.avi
0.5832605675001609,1.2818678201043812,16.1245154965971,0.8247093023255814,441.19069767441863,515.9557182251988,0.2633720930232558,251,248,PlayingGuitar/v_PlayingGuitar_g07_c07.avi
0.893565842339945,1.6162085604399425,16.509466981099056,0.7565406976744186,220.16744186046512,165.701805187189,0.30523255813953487,219,216,PlayingPiano/v_PlayingPiano_g01_c01.avi
0.7445702445879077,2.34819987610547,38.81526761468997,0.8690406976744186,205.32093023255814,116.58379271886835,0.2988372093023256,222,219,PlayingPiano/v_PlayingPiano_g01_c02.avi
0.267293383490903,0.8420175016942505,14.25,0.9438953488372093,196.39069767441862,151.30931174400166,0.3918604651162791,215,212,PlayingPiano/v_PlayingPiano_g01_c03.avi
0.41213129645390806,1.161354106783838,13.840610535666409,0.9174418604651163,252.31627906976743,259.10352149531076,0.37965116279069766,216,213,PlayingPiano/v_PlayingPiano_g01_c04.avi
0.34135143961283465,0.9331154240118938,9.25,0.9347383720930232,451.3488372093023,517.3793931460126,0.25,226,223,PlayingPiano/v_PlayingPiano_g02_c01.avi
0.40039618282262746,0.7652818302921187,15.66544764760969,0.882703488372093,339.16279069767444,335.51521853901323,0.30174418604651165,218,215,PlayingPiano/v_PlayingPiano_g02_c02.avi
0.30437200158351724,0.6640366115097113,8.0,0.9239825581395349,479.5906976744186,399.44126081778194,0.2052325581395349,218,215,PlayingPiano/v_PlayingPiano_g02_c03.avi
0.30662119313751535,1.2955698199280734,24.020824298928627,0.9340116279069768,497.45116279069765,615.1687355484853,0.17267441860465116,211,208,PlayingPiano/v_PlayingPiano_g02_c04.avi
0.2031699921251721,0.7978191381917168,8.77852493303972,0.9674418604651163,383.47906976744184,338.929900523548,0.18023255813953487,229,226,PlayingPiano/v_PlayingPiano_g03_c01.avi
0.25403445173733175,1.0468230507161878,39.81205847478876,0.9209302325581395,428.4651162790698,367.08400590025326,0.17383720930232557,208,205,PlayingPiano/v_PlayingPiano_g03_c02.avi
0.23448760735787139,0.6985262274846614,9.486832980505138,0.9340116279069768,415.6279069767442,362.2028869490467,0.18488372093023256,229,226,PlayingPiano/v_PlayingPiano_g03_c03.avi
0.11915063365013011,0.3264608013893793,3.605551275463989,0.9670058139534884,208.11162790697674,175.80027410791965,0.37965116279069766,249,246,PlayingPiano/v_PlayingPiano_g03_c04.avi
0.2353546526946615,0.8824973095757651,18.681541692269406,0.929796511627907,422.8837209302326,506.4115988101087,0.2517441860465116,213,210,PlayingPiano/v_PlayingPiano_g04_c01.avi
0.3065355077946258,1.595275976449427,28.263271219022048,0.9300872093023256,358.13953488372096,600.3814904028841,0.3959302325581395,206,203,PlayingPiano/v_PlayingPiano_g04_c02.avi
0.36923789983370303,1.4799741651719454,24.041630560342615,0.9188953488372092,279.21860465116276,305.22785027598565,0.4116279069767442,206,203,PlayingPiano/v_PlayingPiano_g04_c03.avi
0.4243298170625531,1.1129500748651566,24.73863375370596,0.8470930232558139,322.86511627906975,334.23787023526387,0.35174418604651164,227,224,PlayingPiano/v_PlayingPiano_g04_c04.avi
0.1783932075479487,0.8675126030252998,13.877252069484074,0.9561046511627908,705.413953488372,705.6102691275995,0.13837209302325582,213,210,PlayingPiano/v_PlayingPiano_g05_c01.avi
0.31523911733385557,1.1778976934471657,18.439088914585774,0.9213662790697674,975.7767441860465,1019.1226625483471,0.08837209302325581,226,223,PlayingPiano/v_PlayingPiano_g05_c02.avi
0.4795477249655871,1.4362903797845772,26.627053911388696,0.8757267441860465,626.6046511627907,858.5456101043959,0.22325581395348837,239,236,PlayingPiano/v_PlayingPiano_g05_c03.avi
0.4348621342909376,2.2526436206639673,25.310570914145735,0.9015988372093023,647.3674418604651,530.4292687743822,0.1313953488372093,239,236,PlayingPiano/v_PlayingPiano_g05_c04.avi
0.28814238383073076,1.8021531913437814,33.50489703013576,0.9428779069767442,360.93023255813955,318.9434152153768,0.1744186046511628,223,220,PlayingPiano/v_PlayingPiano_g06_c01.avi
0.09693576473109791,0.38171826708054457,6.5,0.971656976744186,274.6418604651163,248.3080178650572,0.25872093023255816,223,220,PlayingPiano/v_PlayingPiano_g06_c02.avi
0.7169099940963216,2.772203719340915,31.47419578003543,0.9148255813953489,362.49302325581397,336.2984813465208,0.2313953488372093,223,220,PlayingPiano/v_PlayingPiano_g06_c03.avi
0.2727867945892008,1.0072272767037842,13.4837865601618,0.9313953488372093,339.4976744186047,332.7698118354642,0.29069767441860467,222,219,PlayingPiano/v_PlayingPiano_g06_c04.avi
0.05530879921621069,0.8107749930440258,61.39218191268331,0.9882267441860465,319.51627906976745,277.1062233825099,0.17383720930232557,213,210,PlayingPiano/v_PlayingPiano_g07_c01.avi
0.04011205734312917,0.16967430422040417,4.0,0.9973837209302325,456.1488372093023,765.7348233611622,0.18313953488372092,221,218,PlayingPiano/v_PlayingPiano_g07_c02.avi
0.19318527790231946,1.1212571121863835,15.305227865013967,0.9720930232558139,464.74418604651163,382.79584048086747,0.16162790697674417,229,226,PlayingPiano/v_PlayingPiano_g07_c03.avi
0.33377116987024796,1.2823847655744354,12.206555615733702,0.9106104651162791,486.6232558139535,705.6413493254005,0.24302325581395348,206,203,PlayingPiano/v_PlayingPiano_g07_c04.avi
0.9743765950163958,1.7617609236092018,10.0,0.7857558139534884,373.4325581395349,345.3446325325432,0.23255813953488372,104,102,PlayingSitar/v_PlayingSitar_g01_c01.avi
1.1089304380889238,1.9397373921450607,20.223748416156685,0.7633720930232558,333.24651162790695,341.1305003979925,0.34186046511627904,142,140,PlayingSitar/v_PlayingSitar_g01_c02.avi
1.2917456524883772,2.0208314204884066,31.894356867634123,0.6377906976744186,315.0511627906977,296.73458845746313,0.2505813953488372,130,128,PlayingSitar/v_PlayingSitar_g01_c03.avi
0.5607716554266569,1.5537011248479444,61.29437168288782,0.8552325581395349,337.2651162790698,317.5152945473621,0.2441860465116279,131,129,PlayingSitar/v_PlayingSitar_g01_c04.avi
0.10044283773100925,0.6343231154836739,26.950185528118354,0.9723837209302325,441.52558139534887,775.6646950280991,0.29651162790697677,251,248,PlayingSitar/v_PlayingSitar_g02_c01.avi
0.07335280200796475,0.316693517956221,5.269309727089498,0.9760174418604651,507.72093023255815,912.2477816598519,0.2377906976744186,254,251,PlayingSitar/v_PlayingSitar_g02_c02.avi
0.05542496601540469,0.24974264172479554,7.57566003725088,0.9832848837209303,450.0093023255814,772.532832090425,0.25232558139534883,256,253,PlayingSitar/v_PlayingSitar_g02_c03.avi
0.1257563374691618,1.0324863651947598,17.0,0.986046511627907,256.89302325581394,230.17490356334423,0.2837209302325581,269,266,PlayingSitar/v_PlayingSitar_g02_c04.avi
0.07942995037571347,0.2476771153689774,2.9154759474226504,0.9829941860465117,263.8139534883721,257.2266447746896,0.3267441860465116,251,248,PlayingSitar/v_PlayingSitar_g02_c05.avi
0.0441777075070206,0.2101109761782733,3.605551275463989,0.9924418604651163,283.90697674418607,266.49628593367174,0.27325581395348836,229,226,PlayingSitar/v_PlayingSitar_g02_c06.avi
0.12473731073003075,0.3976958483056042,6.325790464439997,0.971656976744186,289.153488372093,435.0704082815216,0.29941860465116277,356,352,PlayingSitar/v_PlayingSitar_g03_c01.avi
0.26038193494261425,0.6220713606589294,7.583905656058756,0.9071220930232559,252.65116279069767,207.52885859516195,0.24767441860465117,412,408,PlayingSitar/v_PlayingSitar_g03_c02.avi
0.21581957242920613,0.44350052447409827,6.329494450586082,0.9263081395348837,273.6372093023256,257.24059593474584,0.2872093023255814,424,420,PlayingSitar/v_PlayingSitar_g03_c03.avi
0.19812971956666015,0.5543868812292438,12.041594578792296,0.945203488372093,269.28372093023256,274.3858231898106,0.3540697674418605,423,419,PlayingSitar/v_PlayingSitar_g03_c04.avi
0.2504129133030538,0.6885892829638762,7.213269023126754,0.9226744186046512,263.8139534883721,260.5381957280105,0.336046511627907,420,416,PlayingSitar/v_PlayingSitar_g03_c05.avi
0.16089118885162249,0.5606516135223909,15.167811312117513,0.9598837209302326,391.6279069767442,758.2647578136088,0.27267441860465114,427,423,PlayingSitar/v_PlayingSitar_g03_c06.avi
0.2134213902583417,0.7768656056177443,27.073972741361768,0.9497093023255814,227.31162790697675,206.9664181380274,0.3563953488372093,422,418,PlayingSitar/v_PlayingSitar_g03_c07.avi
0.3442104077228716,0.5491274875116304,8.48528137423857,0.895639534883721,255.33023255813953,234.51118437639673,0.30116279069767443,435,431,PlayingSitar/v_PlayingSitar_g04_c01.avi
0.3576157032909207,0.7196955979249359,16.0,0.8671511627906977,277.09767441860464,278.93575945290416,0.33662790697674416,421,417,PlayingSitar/v_PlayingSitar_g04_c02.avi
0.25360788003038215,0.38600305610217156,10.63014581273465,0.9677325581395348,284.13023255813954,249.7836492078171,0.2255813953488372,423,419,PlayingSitar/v_PlayingSitar_g04_c03.avi
2.7747235837161814,4.7120248130156375,19.844709622466134,0.3675872093023256,316.3906976744186,284.2108550812669,0.2063953488372093,428,424,PlayingSitar/v_PlayingSitar_g04_c04.avi
0.46140762528737256,0.5946905693211035,8.097067370350823,0.7954941860465117,336.5953488372093,307.6088409784968,0.2127906976744186,421,417,PlayingSitar/v_PlayingSitar_g04_c05.avi
0.29794722049985506,0.45625217140599983,16.50189383070925,0.9760174418604651,230.66046511627906,204.8033227150685,0.33662790697674416,416,412,PlayingSitar/v_PlayingSitar_g04_c06.avi
0.48977912391240236,0.7213087315658171,14.142135623730951,0.8085755813953488,238.5860465116279,193.21575069576514,0.27674418604651163,426,422,PlayingSitar/v_PlayingSitar_g04_c07.avi
4.751835598380181,6.179970521318692,34.52535300326414,0.40072674418604654,203.646511627907,175.74639676591764,0.4005813953488372,407,403,PlayingSitar/v_PlayingSitar_g05_c01.avi
1.0568195654955461,1.2581717456098438,14.560219778561036,0.5924418604651163,652.2790697674419,1176.8752937349761,0.16627906976744186,415,411,PlayingSitar/v_PlayingSitar_g05_c02.avi
0.6148350430826881,1.1757917062612007,12.06751838614717,0.7443313953488372,375.88837209302324,747.8573589927931,0.2313953488372093,429,425,PlayingSitar/v_PlayingSitar_g05_c03.avi
0.4973071252971177,1.3726331816353528,14.100088652203574,0.8635174418604651,336.0372093023256,660.3229079787511,0.28081395348837207,397,393,PlayingSitar/v_PlayingSitar_g05_c04.avi
0.8837181504721295,1.267575097313151,10.724533789400825,0.6683139534883721,726.0651162790698,1309.0967791401897,0.20290697674418604,437,433,PlayingSitar/v_PlayingSitar_g05_c05.avi
2.070888769932592,5.961732664822472,38.029593739612835,0.7905523255813953,755.7581395348838,1353.4534148446623,0.28081395348837207,435,431,PlayingSitar/v_PlayingSitar_g05_c06.avi
0.8157718323242336,1.3910705493449882,17.779904386694547,0.7101744186046511,251.2,177.01071311686064,0.19011627906976744,322,319,PlayingSitar/v_PlayingSitar_g05_c07.avi
1.0106311192625774,0.6902940150838832,7.163274390947201,0.35348837209302325,275.31162790697675,168.8097060051227,0.07616279069767441,152,150,PlayingSitar/v_PlayingSitar_g06_c01.avi
1.8317621170383218,2.5423396037276613,18.736661922551733,0.45319767441860465,278.3255813953488,199.48628453526632,0.12558139534883722,151,149,PlayingSitar/v_PlayingSitar_g06_c02.avi
1.6957493540016062,1.995206735383724,18.779144016701082,0.4838662790697674,260.353488372093,224.90735182833822,0.2563953488372093,145,143,PlayingSitar/v_PlayingSitar_g06_c03.avi
6.48784168623029,7.6740828217350225,50.35871324805669,0.15421511627906978,249.07906976744187,197.4898013947774,0.24069767441860465,145,143,PlayingSitar/v_PlayingSitar_g06_c04.avi
1.959311171905608,3.2363772920595437,20.808652046684813,0.5244186046511627,247.06976744186048,143.16251869959203,0.14883720930232558,116,114,PlayingSitar/v_PlayingSitar_g06_c05.avi
1.2798580799512511,1.531749501864638,16.11870031981487,0.5938953488372093,257.0046511627907,193.71990083201752,0.1994186046511628,114,112,PlayingSitar/v_PlayingSitar_g06_c06.avi
1.0566857567122998,1.4932627784048909,12.125,0.5489825581395349,467.0883720930233,777.8438813915553,0.2633720930232558,387,383,PlayingSitar/v_PlayingSitar_g07_c01.avi
0.8359094096083926,0.9790464672787187,18.681541692269406,0.5713662790697674,278.66046511627906,256.63814190188765,0.26569767441860465,275,272,PlayingSitar/v_PlayingSitar_g07_c02.avi
0.282369184973731,0.8037462373266862,13.865424623862047,0.8752906976744186,589.9906976744186,914.7666622833905,0.1813953488372093,363,359,PlayingSitar/v_PlayingSitar_g07_c03.avi
0.7766961119813593,1.2962728390194522,15.532224567009067,0.686046511627907,411.9441860465116,604.8291218619061,0.2761627906976744,386,382,PlayingSitar/v_PlayingSitar_g07_c04.avi
1.2550959513688744,2.22154106211165,24.0,0.588953488372093,339.0511627906977,315.8336803785161,0.23255813953488372,373,369,PlayingSitar/v_PlayingSitar_g07_c05.avi
0.7335883201651923,0.8680501472022851,15.18634254848744,0.7244186046511628,278.4372093023256,254.22453820347505,0.25988372093023254,411,407,PlayingSitar/v_PlayingSitar_g07_c06.avi
1.6722262984907048,2.0836538632297725,25.75,0.45625,233.22790697674418,180.4807511807895,0.2744186046511628,247,244,PlayingSitar/v_PlayingSitar_g07_c07.avi
0.3205313534039564,1.0618183194364477,14.7648230602334,0.8988372093023256,422.4372093023256,591.3582430631399,0.1633720930232558,249,246,PlayingTabla/v_PlayingTabla_g01_c01.avi
0.24231808367992427,0.818048011744643,13.271209439986997,0.9190406976744186,443.646511627907,690.3454515587332,0.20872093023255814,252,249,PlayingTabla/v_PlayingTabla_g01_c02.avi
0.26000243884381874,1.1645754338374101,14.866068747318506,0.9398255813953489,447.3302325581395,767.6926697139319,0.21744186046511627,252,249,PlayingTabla/v_PlayingTabla_g01_c03.avi
0.2288619139998358,0.8803769820766169,7.882932512713781,0.93125,381.3581395348837,685.1672463399019,0.32383720930232557,256,253,PlayingTabla/v_PlayingTabla_g01_c04.avi
0.8339178902826874,2.1448585199788295,48.83646178829912,0.8120639534883721,320.29767441860463,671.0601849722995,0.4116279069767442,319,316,PlayingTabla/v_PlayingTabla_g02_c01.avi
0.7229301929176907,1.4342286231911499,16.04534589842176,0.7876453488372093,225.4139534883721,163.70163099782076,0.2779069767441861,291,288,PlayingTabla/v_PlayingTabla_g02_c02.avi
0.5183394182414005,0.9900757691950482,16.15549442140351,0.8425872093023256,506.3813953488372,974.5352254794994,0.2819767441860465,299,296,PlayingTabla/v_PlayingTabla_g02_c03.avi
0.4308744303668542,0.9875627489455423,22.0,0.8569767441860465,644.6883720930233,1186.0003414269288,0.28255813953488373,314,311,PlayingTabla/v_PlayingTabla_g02_c04.avi
0.20525770799151455,0.658185128646719,7.7479836086558675,0.9460755813953489,481.8232558139535,524.1320856235548,0.23081395348837208,294,291,PlayingTabla/v_PlayingTabla_g03_c01.avi
0.30938556183327376,1.025648571750461,17.204650534085253,0.9143895348837209,448.6697674418605,398.8383105008867,0.2616279069767442,314,311,PlayingTabla/v_PlayingTabla_g03_c02.avi
0.29977981400195025,0.8035528026966288,13.661647960623199,0.9063953488372093,422.9953488372093,383.52047939829964,0.2534883720930233,256,253,PlayingTabla/v_PlayingTabla_g03_c03.avi
0.3055468372348631,0.6955873794816466,13.601470508735444,0.8994186046511627,415.6279069767442,386.25675418228377,0.28255813953488373,237,234,PlayingTabla/v_PlayingTabla_g03_c04.avi
0.38308530730955737,1.010693105174265,18.447560814373265,0.8771802325581395,424.11162790697676,383.8708923034084,0.25232558139534883,255,252,PlayingTabla/v_PlayingTabla_g03_c05.avi
0.7437347542269366,3.1522200359946213,51.0,0.8392441860465116,237.69302325581396,183.34128475471937,0.26046511627906976,250,247,PlayingTabla/v_PlayingTabla_g04_c01.avi
0.6167056968013608,1.6065632134991747,15.297058540778355,0.8489825581395349,235.23720930232557,198.90213676785038,0.30348837209302326,303,300,PlayingTabla/v_PlayingTabla_g04_c02.avi
0.7489267215061368,1.386401732935777,14.7648230602334,0.7946220930232558,239.14418604651163,201.6767218610431,0.2924418604651163,298,295,PlayingTabla/v_PlayingTabla_g04_c03.avi
0.6516707393413841,1.0292872585277877,10.920164833920778,0.7736918604651163,276.87441860465117,274.38200843877235,0.32383720930232557,382,378,PlayingTabla/v_PlayingTabla_g04_c04.avi
0.6515870723579941,2.4300447002030183,51.0013786578363,0.8751453488372093,244.16744186046512,249.28498655427063,0.3872093023255814,320,317,PlayingTabla/v_PlayingTabla_g04_c05.avi
0.4717704998858093,0.8495990210683415,15.82126733229674,0.8617732558139535,212.5767441860465,197.55802778649127,0.4029069767441861,321,318,PlayingTabla/v_PlayingTabla_g04_c06.avi
0.07407007669831404,0.26631979413767537,6.254998001598402,0.986046511627907,246.73488372093024,205.94882959374397,0.2691860465116279,271,268,PlayingTabla/v_PlayingTabla_g05_c01.avi
1.325499876461646,2.815730867991375,19.704060495238032,0.704360465116279,208.2232558139535,117.25585786370404,0.28604651162790695,248,245,PlayingTabla/v_PlayingTabla_g05_c02.avi
0.2096929536072778,0.5227792305824575,8.403868156985805,0.9351744186046511,188.68837209302325,184.69446952763397,0.49011627906976746,261,258,PlayingTabla/v_PlayingTabla_g05_c03.avi
0.19202834026034668,0.7451320510577979,13.64047286570374,0.952906976744186,224.29767441860466,222.84867061436935,0.4069767441860465,268,265,PlayingTabla/v_PlayingTabla_g05_c04.avi
0.17519292942189682,0.6056552968837678,8.896101674329042,0.9468023255813953,437.84186046511627,396.31018285983913,0.2738372093023256,210,207,PlayingTabla/v_PlayingTabla_g06_c01.avi
0.14968726126320558,0.669858331717487,17.0,0.9611918604651163,387.0511627906977,384.1304916192819,0.34767441860465115,207,204,PlayingTabla/v_PlayingTabla_g06_c02.avi
0.2206546708813677,0.8605699762925396,16.1245154965971,0.9402616279069768,354.45581395348836,375.1268395116669,0.40581395348837207,245,242,PlayingTabla/v_PlayingTabla_g06_c03.avi
0.09686027510713457,0.522458367275712,12.260199835239229,0.9728197674418605,408.5953488372093,364.7222313280044,0.21220930232558138,235,232,PlayingTabla/v_PlayingTabla_g06_c04.avi
0.46216192898662295,1.0883248390622087,12.126932835634904,0.8781976744186046,242.3813953488372,231.16832411139637,0.34767441860465115,252,249,PlayingTabla/v_PlayingTabla_g07_c01.avi
0.6843101825079049,1.9150256463049085,22.360679774997898,0.8146802325581395,226.08372093023254,237.24898601026487,0.43488372093023253,246,243,PlayingTabla/v_PlayingTabla_g07_c02.avi
0.3480003666703424,0.9811036847813249,14.826075003182737,0.9130813953488373,280.89302325581394,292.3609471863456,0.3633720930232558,267,264,PlayingTabla/v_PlayingTabla_g07_c03.avi
0.3431178698934662,0.7645663101532778,11.40175425099138,0.8925872093023256,289.2651162790698,273.5096944701824,0.27325581395348836,252,249,PlayingTabla/v_PlayingTabla_g07_c04.avi
0.48787683373646534,2.574586568535296,54.57105459856901,0.8758720930232559,242.71627906976744,246.3139771031827,0.38546511627906976,187,184,PlayingViolin/v_PlayingViolin_g01_c01.avi
0.7309601809896172,2.243607074413867,22.67156809750927,0.858139534883721,270.1767441860465,255.40677345028143,0.29593023255813955,170,167,PlayingViolin/v_PlayingViolin_g01_c02.avi
0.5849920625356386,2.111212096847437,21.592822881689184,0.8953488372093024,241.8232558139535,207.94906894025902,0.2947674418604651,171,168,PlayingViolin/v_PlayingViolin_g01_c03.avi
0.38388061101326654,1.300190180869684,18.344788088173708,0.8825581395348837,249.30232558139534,223.84666002398603,0.3,179,176,PlayingViolin/v_PlayingViolin_g01_c04.avi
1.9225667752599453,5.691920136143544,80.53619139865009,0.6357558139534883,273.52558139534887,217.57166805662234,0.18546511627906978,170,167,PlayingViolin/v_PlayingViolin_g02_c01.avi
1.15662605627054,1.8287649956775094,32.13472615411558,0.6494186046511627,286.80930232558137,251.86145306770095,0.22093023255813954,340,336,PlayingViolin/v_PlayingViolin_g02_c02.avi
0.9167930575902755,1.4561416489850583,18.560711193270585,0.7287790697674419,302.8837209302326,283.7808857734092,0.2534883720930233,510,505,PlayingViolin/v_PlayingViolin_g02_c03.avi
0.7178215253439132,1.1608510628697069,18.221724671391563,0.790406976744186,231.10697674418606,199.34353355433853,0.3226744186046512,181,178,PlayingViolin/v_PlayingViolin_g02_c04.avi
0.655501467605912,3.148788579064451,134.0,0.8239825581395349,348.42790697674417,321.19087009931354,0.22093023255813954,182,179,PlayingViolin/v_PlayingViolin_g03_c01.avi
0.8486419606477849,2.325199133122666,26.5,0.7821220930232559,359.25581395348837,309.0898938273427,0.14593023255813953,182,179,PlayingViolin/v_PlayingViolin_g03_c02.avi
1.286710666468108,3.9615646050644586,123.0,0.7077034883720931,312.3720930232558,287.87828688251216,0.23197674418604652,182,179,PlayingViolin/v_PlayingViolin_g03_c03.avi
0.47587492389196456,1.2025944341067516,18.681541692269406,0.8703488372093023,382.25116279069766,497.86946284496264,0.30988372093023253,200,197,PlayingViolin/v_PlayingViolin_g03_c04.avi
1.2825415325646345,5.306974084730088,64.62294484159632,0.860610465116279,834.0093023255814,1340.2777289096246,0.21976744186046512,177,174,PlayingViolin/v_PlayingViolin_g04_c01.avi
0.7331417485878617,3.0125296269933037,54.45181356024793,0.8840116279069767,441.52558139534887,696.7720244073774,0.2616279069767442,175,172,PlayingViolin/v_PlayingViolin_g04_c02.avi
1.225655850217416,2.6175537598979184,20.623105973640342,0.7344476744186047,821.953488372093,1300.768823704039,0.22441860465116278,170,167,PlayingViolin/v_PlayingViolin_g04_c03.avi
0.7641355856655914,2.4863561858435115,66.09841147864296,0.8252906976744186,835.9069767441861,1295.5599276877913,0.17965116279069768,177,174,PlayingViolin/v_PlayingViolin_g04_c04.avi
0.5992456059040092,1.282335366273361,16.492422502470642,0.7732558139534884,565.6558139534884,719.4732004648458,0.25232558139534883,177,174,PlayingViolin/v_PlayingViolin_g05_c01.avi
1.171729986840462,2.7458780651806105,33.50373113550191,0.7595930232558139,441.19069767441863,387.9104139047989,0.23081395348837208,177,174,PlayingViolin/v_PlayingViolin_g05_c02.avi
0.5167772441212053,1.0966031146911597,12.655285457072868,0.7936046511627907,437.0604651162791,378.04922906915664,0.19883720930232557,170,167,PlayingViolin/v_PlayingViolin_g05_c03.avi
1.4949972916177385,6.999909376641612,182.8879438344693,0.8328488372093024,558.0651162790698,715.0605604158263,0.22441860465116278,185,182,PlayingViolin/v_PlayingViolin_g05_c04.avi
0.3957812289172531,1.2935518422336427,20.2596427658535,0.9061046511627907,368.8558139534884,387.7420536137608,0.4145348837209302,178,175,PlayingViolin/v_PlayingViolin_g06_c01.avi
0.18304728869063144,0.8235351656289045,10.277402395547233,0.9521802325581395,392.4093023255814,377.5214885699507,0.3058139534883721,177,174,PlayingViolin/v_PlayingViolin_g06_c02.avi
0.5635611310628635,1.7389405145613959,15.033296378372908,0.8726744186046511,392.4093023255814,378.65522135268753,0.31046511627906975,178,175,PlayingViolin/v_PlayingViolin_g06_c03.avi
0.3939804053650087,1.3143141213270968,28.35627135220708,0.8859011627906976,415.7395348837209,519.2188113102108,0.34011627906976744,188,185,PlayingViolin/v_PlayingViolin_g06_c04.avi
4.3341935676490015,9.005831597594172,78.0,0.445203488372093,208.66976744186047,165.59743219962292,0.3581395348837209,179,176,PlayingViolin/v_PlayingViolin_g07_c01.avi
3.3660338417375293,9.72041780008732,122.0,0.6161337209302326,273.6372093023256,267.85292477989157,0.3174418604651163,175,172,PlayingViolin/v_PlayingViolin_g07_c02.avi
6.86611148937871,14.65305785163981,272.25,0.4633720930232558,325.7674418604651,449.99167109652893,0.23895348837209301,169,166,PlayingViolin/v_PlayingViolin_g07_c03.avi
5.485050856561308,11.010930528418694,122.0,0.4502906976744186,247.40465116279069,210.8116297412945,0.27732558139534885,174,171,PlayingViolin/v_PlayingViolin_g07_c04.avi
9.978772851082896,19.827014170440137,168.5389884418439,0.5617732558139535,396.09302325581393,344.2481402191569,0.16569767441860464,197,194,PoleVault/v_PoleVault_g01_c01.avi
4.769834496548614,8.811361783567438,73.00684899377592,0.5343023255813953,381.0232558139535,332.2538598212876,0.16279069767441862,242,239,PoleVault/v_PoleVault_g01_c02.avi
10.38139539305755,19.461470732790602,172.87504519160652,0.5517441860465117,391.1813953488372,340.71497960654085,0.16569767441860464,210,207,PoleVault/v_PoleVault_g01_c03.avi
4.27998671362246,12.483244510525228,259.0,0.5515988372093024,401.33953488372094,351.73519514936294,0.18023255813953487,202,199,PoleVault/v_PoleVault_g01_c04.avi
7.436977935149667,17.041287331854814,148.9731519435633,0.6289244186046512,373.9906976744186,318.5116257335362,0.13430232558139535,196,193,PoleVault/v_PoleVault_g01_c05.avi
0.1042268591826635,0.36690542717916,7.158910531638177,0.9773255813953489,216.26046511627908,140.59728757768505,0.2813953488372093,119,117,PoleVault/v_PoleVault_g02_c01.avi
0.12656177156590803,0.5514664114949963,14.2587692315992,0.9736918604651162,205.9906976744186,161.12574868782121,0.3627906976744186,81,79,PoleVault/v_PoleVault_g02_c02.avi
0.0859341605968085,0.41893321259156496,10.52675163571365,0.9712209302325582,351.21860465116276,556.0059424376326,0.13895348837209304,118,116,PoleVault/v_PoleVault_g02_c03.avi
0.21293771367175873,1.1121529088197557,28.0,0.9574127906976744,208.33488372093024,172.04142130193858,0.3715116279069767,102,100,PoleVault/v_PoleVault_g02_c04.avi
0.11899095040647811,0.4582609811361078,11.363318177363512,0.9747093023255814,252.53953488372093,405.987474969785,0.3133720930232558,101,99,PoleVault/v_PoleVault_g02_c05.avi
0.1694997676358127,0.5624788654876223,16.0312195418814,0.9646802325581395,188.0186046511628,123.65021794583704,0.39127906976744187,98,96,PoleVault/v_PoleVault_g02_c06.avi
0.11861278247758036,0.5275330412183793,15.18634254848744,0.9712209302325582,210.12093023255815,116.45733535193993,0.2761627906976744,109,107,PoleVault/v_PoleVault_g02_c07.avi
6.249195305112568,17.562768955071625,180.3995565404749,0.6034883720930233,246.1767441860465,149.54873645553207,0.16279069767441862,182,179,PoleVault/v_PoleVault_g03_c01.avi
6.659243638364782,24.925686245552008,339.0,0.5216569767441861,245.95348837209303,149.67716476009946,0.16395348837209303,198,195,PoleVault/v_PoleVault_g03_c02.avi
3.3780920448213974,13.946297894740256,261.23169792351007,0.7138081395348838,249.07906976744187,209.08702600985626,0.26627906976744187,223,220,PoleVault/v_PoleVault_g03_c03.avi
3.712497249960434,13.527562386139516,340.0,0.4966569767441861,243.83255813953488,167.054398215741,0.20290697674418604,256,253,PoleVault/v_PoleVault_g03_c04.avi
5.944232871463956,19.48194160718203,241.0186714758838,0.5706395348837209,249.07906976744187,188.60809195955258,0.22209302325581395,177,174,PoleVault/v_PoleVault_g03_c05.avi
4.163716265006447,6.968937342647134,41.246211947280685,0.6360465116279069,240.14883720930231,147.14895533705786,0.18488372093023256,228,225,PoleVault/v_PoleVault_g03_c06.avi
3.9880412323358536,6.389909233371771,100.00499987500625,0.49723837209302324,265.2651162790698,145.88494811135106,0.07732558139534884,273,270,PoleVault/v_PoleVault_g03_c07.avi
7.601860585439824,18.73775039723631,132.02367211981343,0.703343023255814,248.07441860465116,146.9880996496501,0.15058139534883722,211,208,PoleVault/v_PoleVault_g04_c01.avi
6.081557984353905,11.452200647334447,169.0,0.5697674418604651,228.87441860465117,173.75668110698118,0.28081395348837207,219,216,PoleVault/v_PoleVault_g04_c02.avi
3.6550742364117266,14.34778176809858,188.31041527223076,0.672093023255814,238.25116279069766,179.557886464703,0.2505813953488372,220,217,PoleVault/v_PoleVault_g04_c03.avi
3.2296254736806853,11.710423373012134,209.55428890862626,0.5747093023255814,266.04651162790697,401.070541466233,0.23604651162790696,187,184,PoleVault/v_PoleVault_g04_c04.avi
2.341669897374411,3.698745056782576,44.27188724235731,0.5138081395348837,226.30697674418604,129.69817806424845,0.21976744186046512,256,253,PoleVault/v_PoleVault_g04_c05.avi
3.9546766999047005,17.116699414363527,320.2623924222137,0.6946220930232558,244.94883720930233,180.09421871600148,0.22267441860465118,187,184,PoleVault/v_PoleVault_g04_c06.avi
2.5338400998596162,18.650645339782457,322.001552791287,0.9501453488372092,184.44651162790697,175.8073620026843,0.4936046511627907,204,201,PoleVault/v_PoleVault_g04_c07.avi
10.110351783595924,21.59591808400731,310.9340766143203,0.37776162790697676,272.9674418604651,206.7575455960381,0.16279069767441862,217,214,PoleVault/v_PoleVault_g05_c01.avi
4.133408568472418,6.240663732657132,113.11056537742175,0.3633720930232558,256.33488372093024,185.0072517544398,0.18430232558139534,316,313,PoleVault/v_PoleVault_g05_c02.avi
2.584774430727467,12.572203273790919,307.31254448850603,0.7120639534883721,248.1860465116279,177.3268242426899,0.20348837209302326,202,199,PoleVault/v_PoleVault_g05_c03.avi
5.526997573513099,12.841240168925044,111.28791488746656,0.516860465116279,219.1627906976744,196.77881931688404,0.37093023255813956,268,265,PoleVault/v_PoleVault_g05_c04.avi
6.2706000604044725,26.299288686583253,242.10121850168372,0.7822674418604652,218.82790697674417,210.55612556251674,0.4029069767441861,162,160,PoleVault/v_PoleVault_g05_c05.avi
8.816687931395027,11.66777053285919,37.52998800959041,0.445203488372093,247.40465116279069,169.0604927560689,0.19127906976744186,130,128,PoleVault/v_PoleVault_g06_c01.avi
6.5625204744326195,6.733809460345166,38.118237105091836,0.40305232558139537,260.0186046511628,181.86731587643644,0.16279069767441862,155,153,PoleVault/v_PoleVault_g06_c02.avi
4.961805840306384,5.4399171793928796,33.24154027718932,0.34752906976744186,269.73023255813956,195.76973129328138,0.15174418604651163,157,155,PoleVault/v_PoleVault_g06_c03.avi
3.1956008271789424,2.3719101682116497,13.99330196915653,0.19694767441860464,236.24186046511628,99.16121295485551,0.1377906976744186,279,276,PoleVault/v_PoleVault_g06_c04.avi
8.876415560217373,14.390867171219584,241.75323162266105,0.48997093023255817,254.32558139534885,170.40631620161903,0.16453488372093023,261,258,PoleVault/v_PoleVault_g06_c05.avi
2.478711464822674,3.3112764048171055,88.05112151472007,0.45334302325581394,223.40465116279069,148.03123170386047,0.26046511627906976,261,258,PoleVault/v_PoleVault_g07_c01.avi
1.7970305046338222,2.7859569601358642,22.02271554554524,0.6209302325581395,239.5906976744186,191.68923471119712,0.2691860465116279,200,197,PoleVault/v_PoleVault_g07_c02.avi
7.751529144217383,17.50868390635755,156.82155464093577,0.4321220930232558,267.4976744186047,216.69133281126383,0.20755813953488372,222,219,PoleVault/v_PoleVault_g07_c03.avi
3.3878145699770172,6.142489701738462,106.38138934982942,0.4550872093023256,259.3488372093023,208.55905233914308,0.22209302325581395,319,316,PoleVault/v_PoleVault_g07_c04.avi
0.14142706432758095,0.9005646760596264,16.1245154965971,0.9671511627906977,187.23720930232557,109.10244603924741,0.3767441860465116,397,393,PommelHorse/v_PommelHorse_g01_c01.avi
0.4104171080534773,7.271204413956408,219.9681795169474,0.9697674418604652,199.73953488372092,130.64109211354932,0.34418604651162793,402,398,PommelHorse/v_PommelHorse_g01_c02.avi
0.12715221688429082,1.5698598787892213,82.76472678623425,0.9736918604651162,193.93488372093023,141.6568255502942,0.3883720930232558,375,371,PommelHorse/v_PommelHorse_g01_c03.avi
0.3308655914174067,6.983616799074613,215.59452683219953,0.9840116279069767,435.4976744186047,901.3770389097236,0.2627906976744186,358,354,PommelHorse/v_PommelHorse_g01_c04.avi
0.17759742823240462,0.8415263744829108,15.033296378372908,0.9636627906976745,201.9720930232558,160.89233483061636,0.3813953488372093,306,303,PommelHorse/v_PommelHorse_g01_c05.avi
0.1214066088411649,0.6592726535326394,16.140012391568973,0.9722383720930232,207.7767441860465,197.6922353667017,0.4255813953488372,309,306,PommelHorse/v_PommelHorse_g01_c06.avi
0.10660336295320837,1.2429900476743694,65.55198318891657,0.9800872093023256,184.7813953488372,149.39451011957217,0.44534883720930235,505,500,PommelHorse/v_PommelHorse_g01_c07.avi
1.0529946304878401,3.1152045608102283,65.62440475920525,0.9013081395348838,240.93023255813952,200.96666336401876,0.28313953488372096,318,315,PommelHorse/v_PommelHorse_g02_c01.avi
0.3858344056179633,1.9044772060718518,129.9050133751581,0.8953488372093024,241.93488372093023,216.98478232325465,0.31511627906976747,313,310,PommelHorse/v_PommelHorse_g02_c02.avi
0.3983878149444764,1.1930090973318501,32.176272313616444,0.8418604651162791,258.2325581395349,260.2343163479479,0.3581395348837209,313,310,PommelHorse/v_PommelHorse_g02_c03.avi
0.44580238870302125,4.297812372536638,125.67374676120706,0.9584302325581395,303.3302325581395,256.5729014084598,0.17209302325581396,494,489,PommelHorse/v_PommelHorse_g02_c04.avi
3.6859604562350516,8.836230060672346,105.89647066828998,0.5476744186046512,265.04186046511626,224.67231562987942,0.23662790697674418,22,20,PommelHorse/v_PommelHorse_g03_c01.avi
3.8200213327432997,7.613180750384535,78.0,0.5193313953488372,281.6744186046512,256.8970222545731,0.25465116279069766,23,21,PommelHorse/v_PommelHorse_g03_c02.avi
1.9710074088097864,2.9932108677434335,84.53697415923993,0.5706395348837209,240.03720930232558,212.71227102208937,0.3133720930232558,24,22,PommelHorse/v_PommelHorse_g03_c03.avi
5.6614450376421015,10.545075375163504,101.0,0.44694767441860467,277.7674418604651,257.0491616366548,0.2703488372093023,23,21,PommelHorse/v_PommelHorse_g03_c04.avi
1.1744841494993399,1.818420100748826,32.845281244038695,0.6691860465116279,210.12093023255815,142.90111812692498,0.3133720930232558,299,296,PommelHorse/v_PommelHorse_g04_c01.avi
1.636733265223935,10.581775922371019,255.78506602223672,0.6848837209302325,210.56744186046512,154.2886267205603,0.32965116279069767,299,296,PommelHorse/v_PommelHorse_g04_c02.avi
1.1258718949633248,2.7105022506346765,70.89439769826669,0.7488372093023256,202.53023255813955,137.7706816194919,0.3412790697674419,309,306,PommelHorse/v_PommelHorse_g04_c03.avi
1.230904137143611,8.409256557184605,273.09361947874214,0.7127906976744186,232.5581395348837,171.00214908558166,0.2593023255813954,299,296,PommelHorse/v_PommelHorse_g04_c04.avi
1.4423824670659866,3.918383391620799,238.1197177891827,0.641860465116279,208.0,122.70440942779219,0.2941860465116279,399,395,PommelHorse/v_PommelHorse_g04_c05.avi
2.2200489721453756,4.847378416258026,96.50008095851527,0.6758720930232558,380.57674418604654,597.1897306073574,0.30930232558139537,23,21,PommelHorse/v_PommelHorse_g05_c01.avi
3.2391402631950785,6.488378213509165,79.6994353806851,0.573110465116279,290.71627906976744,281.3279943991822,0.29127906976744183,24,22,PommelHorse/v_PommelHorse_g05_c02.avi
2.829864685376221,7.781955898762233,124.16923934694937,0.6061046511627907,269.95348837209303,250.41936486978148,0.28313953488372096,23,21,PommelHorse/v_PommelHorse_g05_c03.avi
1.8816595320246794,4.4610058154178445,161.6168308066954,0.6142441860465117,387.0511627906977,356.9448556016859,0.23837209302325582,27,25,PommelHorse/v_PommelHorse_g05_c04.avi
1.4440580277295558,2.515728197532071,118.59595271340417,0.5946220930232559,260.9116279069767,220.8084650480701,0.2441860465116279,302,299,PommelHorse/v_PommelHorse_g06_c01.avi
1.1890564340170708,2.4266006862425074,33.57547468018881,0.6800872093023256,277.9906976744186,237.88928420879685,0.2180232558139535,299,296,PommelHorse/v_PommelHorse_g06_c02.avi
1.2238495067479815,2.97714363867413,163.12404214278163,0.7149709302325581,259.3488372093023,221.5160116760874,0.25232558139534883,302,299,PommelHorse/v_PommelHorse_g06_c03.avi
0.8617858748362262,2.2692977901950027,77.43545699484184,0.7976744186046512,240.37209302325581,230.0185051459398,0.35348837209302325,309,306,PommelHorse/v_PommelHorse_g06_c04.avi
0.5524545071322257,0.9132357829777136,18.0,0.8433139534883721,262.13953488372096,412.60632633300264,0.30290697674418604,376,372,PommelHorse/v_PommelHorse_g07_c01.avi
0.23869339117845897,0.4643910036293912,8.628622427711159,0.9453488372093023,269.73023255813956,414.80712443416553,0.2819767441860465,514,509,PommelHorse/v_PommelHorse_g07_c02.avi
0.5272132724682923,2.7832883696480604,56.25,0.8292151162790697,441.30232558139534,686.9498317853644,0.1883720930232558,436,432,PommelHorse/v_PommelHorse_g07_c03.avi
0.26849927514770583,0.6127163385152452,18.527007313648905,0.9058139534883721,311.70232558139537,299.1777642903203,0.2703488372093023,458,454,PommelHorse/v_PommelHorse_g07_c04.avi
0.6381620956473253,1.0585235752221616,16.0312195418814,0.7196220930232559,337.48837209302326,290.5994103687278,0.15465116279069768,388,384,PommelHorse/v_PommelHorse_g07_c05.avi
0.24109324521198494,0.5205946216099435,11.180339887498949,0.8851744186046512,377.0046511627907,590.2030828859962,0.2744186046511628,671,665,PommelHorse/v_PommelHorse_g07_c06.avi
0.17316964985908131,0.33660587502335926,11.898660638912263,0.98125,270.846511627907,292.67702601604844,0.40406976744186046,633,628,PommelHorse/v_PommelHorse_g07_c07.avi
0.825408652952281,2.2582682929208686,28.160255680657446,0.8046511627906977,582.2883720930232,1091.5252271444297,0.32383720930232557,168,165,PullUps/v_PullUps_g01_c01.avi
2.112725080610365,4.044811796874117,120.33287165193059,0.5443313953488372,236.46511627906978,202.70764247558532,0.3063953488372093,139,137,PullUps/v_PullUps_g01_c02.avi
1.3398019803064272,4.614570526114601,106.01886624558857,0.8007267441860465,263.5906976744186,255.64535738142408,0.32325581395348835,182,179,PullUps/v_PullUps_g01_c03.avi
0.7196329520333629,1.0594977069781386,14.317821063276353,0.7125,419.7581395348837,691.6740307105142,0.27267441860465114,158,156,PullUps/v_PullUps_g01_c04.avi
0.4158936848164633,2.9845528473698937,52.03844732503075,0.9296511627906977,1045.2093023255813,1492.612888615901,0.2709302325581395,123,121,PullUps/v_PullUps_g02_c01.avi
0.2691406275930278,0.8323515200663348,9.5524865872714,0.9203488372093023,925.0976744186047,1367.6923578818978,0.26395348837209304,177,174,PullUps/v_PullUps_g02_c02.avi
0.14001825067407708,0.7462820846020215,28.320707971376706,0.9751453488372093,1253.7302325581395,1594.9764572928814,0.16162790697674417,132,130,PullUps/v_PullUps_g02_c03.avi
0.3412864057403845,0.9290719843195722,9.750801249128196,0.9251453488372093,1160.5209302325582,1523.976593935829,0.17267441860465116,179,176,PullUps/v_PullUps_g02_c04.avi
0.9300703852511928,13.627694903023881,327.573846636144,0.9353197674418605,313.93488372093026,282.53018845386623,0.20988372093023255,179,176,PullUps/v_PullUps_g03_c01.avi
0.12226699639074065,0.9714277042068357,14.577379737113251,0.9811046511627907,271.7395348837209,277.2869340337373,0.35290697674418603,209,206,PullUps/v_PullUps_g03_c02.avi
0.31035498409636264,0.9849513613791255,40.85339643163099,0.9712209302325582,320.29767441860463,337.387920744592,0.37209302325581395,204,201,PullUps/v_PullUps_g03_c03.avi
0.2646002395325147,1.3359900919315744,20.750376502608333,0.954360465116279,219.60930232558138,169.73477506673493,0.31511627906976747,250,247,PullUps/v_PullUps_g03_c04.avi
1.8942441661370986,2.876337042832143,68.39773388058994,0.45276162790697677,223.62790697674419,129.3872901374305,0.2313953488372093,142,140,PullUps/v_PullUps_g04_c01.avi
3.722243751182494,9.588558530394153,135.72398461583714,0.6713662790697674,242.3813953488372,187.1010263800592,0.24767441860465117,143,141,PullUps/v_PullUps_g04_c02.avi
0.7130411996229324,1.2118432163135515,24.08318915758459,0.8114825581395348,212.353488372093,169.6023959747898,0.34825581395348837,155,153,PullUps/v_PullUps_g04_c03.avi
1.2948346244305562,2.207506075579137,49.31341095483053,0.6501453488372093,228.31627906976743,128.65115068354885,0.20930232558139536,139,137,PullUps/v_PullUps_g04_c04.avi
0.1770451620246419,0.6432724547271125,8.582321946885935,0.9579941860465117,203.9813953488372,203.89637045917493,0.4569767441860465,175,172,PullUps/v_PullUps_g05_c01.avi
0.4251605991279273,1.429308753274657,42.0,0.890406976744186,234.2325581395349,401.80736083232387,0.37383720930232556,122,120,PullUps/v_PullUps_g05_c02.avi
0.4432640922439499,1.9535075677731362,25.086413155331712,0.9251453488372093,207.88837209302326,180.67034506449036,0.3901162790697674,109,107,PullUps/v_PullUps_g05_c03.avi
0.23045918912211993,1.0501591489013786,17.46424919657298,0.9357558139534884,227.2,207.0026895679669,0.3569767441860465,145,143,PullUps/v_PullUps_g05_c04.avi
6.232754641772956,9.802448133786477,243.9832217592021,0.5281976744186047,150.28837209302327,139.31730757652895,0.6063953488372092,85,83,PullUps/v_PullUps_g06_c01.avi
2.176973723297987,2.1109234900262295,24.00130204801398,0.3588662790697674,235.90697674418604,143.52761892118707,0.19767441860465115,88,86,PullUps/v_PullUps_g06_c02.avi
3.5825864210112477,4.921129539265943,66.21272536302973,0.4119186046511628,232.33488372093024,162.09110111969682,0.2441860465116279,99,97,PullUps/v_PullUps_g06_c03.avi
1.6544304075754326,2.003151205058419,20.24112459820353,0.41598837209302325,264.5953488372093,207.01578184248433,0.19709302325581396,171,168,PullUps/v_PullUps_g06_c04.avi
0.13128967057926277,1.1360739827787905,42.01190307520001,0.9681686046511628,247.1813953488372,400.8054212462433,0.3133720930232558,99,97,PullUps/v_PullUps_g07_c01.avi
0.13025839565995864,0.7169434776987267,8.639480597813737,0.9760174418604651,235.23720930232557,102.04793452612951,0.14534883720930233,129,127,PullUps/v_PullUps_g07_c02.avi
0.10051003677888143,0.7360619996918933,19.275956526201234,0.9783430232558139,207.7767441860465,109.8962996122683,0.27906976744186046,94,92,PullUps/v_PullUps_g07_c03.avi
0.14761596995733683,1.4879491228782047,41.287104524294264,0.977906976744186,209.0046511627907,153.40123700039192,0.3354651162790698,94,92,PullUps/v_PullUps_g07_c04.avi
3.5717329291486664,13.121264711082548,258.2789190003706,0.6401162790697674,192.03720930232558,179.42709476664345,0.4633720930232558,122,120,Punch/v_Punch_g01_c01.avi
2.1981368781505624,5.799193613971454,82.00609733428362,0.6318313953488373,210.12093023255815,165.16400384640875,0.3505813953488372,134,132,Punch/v_Punch_g01_c02.avi
3.6311487934345794,9.570232950698548,199.04019694524018,0.6614825581395349,246.06511627906977,190.00233888856738,0.2377906976744186,49,47,Punch/v_Punch_g01_c03.avi
2.026975301860811,10.264008340770006,236.25,0.8136627906976744,222.06511627906977,194.78554800949317,0.35348837209302325,102,100,Punch/v_Punch_g01_c04.avi
2.126513166638398,5.9929104933762645,154.72500807884936,0.5904069767441861,212.8,173.21655219259034,0.35290697674418603,72,70,Punch/v_Punch_g01_c05.avi
1.6839707564247277,4.579499593686005,80.76983115619346,0.7611918604651163,236.68837209302325,408.7537617830184,0.3936046511627907,232,229,Punch/v_Punch_g02_c01.avi
1.5530671875144868,5.973487247686659,111.46895588010143,0.7604651162790698,242.04651162790697,235.87520877730717,0.36104651162790696,111,109,Punch/v_Punch_g02_c02.avi
3.1723593275170314,10.198232720132255,144.0846647808156,0.7843023255813953,368.07441860465116,678.031839855047,0.30930232558139537,49,47,Punch/v_Punch_g02_c03.avi
2.421602285812338,7.560960483805111,333.8701094737293,0.6674418604651163,194.71627906976744,121.93932332189313,0.3563953488372093,56,54,Punch/v_Punch_g02_c04.avi
3.7347258604931826,5.879789262027919,86.37129152675674,0.4292151162790698,258.5674418604651,245.70088425026654,0.3168604651162791,109,107,Punch/v_Punch_g03_c01.avi
2.532626603979643,5.606915484412925,128.50218869731364,0.44549418604651164,252.76279069767443,212.581244685913,0.25872093023255816,295,292,Punch/v_Punch_g03_c02.avi
4.5168289065814715,9.49387955463182,88.10576031111701,0.5863372093023256,247.40465116279069,224.59443339773674,0.30988372093023253,139,137,Punch/v_Punch_g03_c03.avi
4.063840092440632,6.22031502279978,97.59098319004681,0.49622093023255814,251.646511627907,200.63106410319435,0.23662790697674418,149,147,Punch/v_Punch_g03_c04.avi
2.103365826953295,13.054963787282187,188.2153022471871,0.6376453488372092,228.31627906976743,177.63420073250424,0.29069767441860467,156,154,Punch/v_Punch_g04_c01.avi
4.313535201397861,15.667177309971517,206.22211932768028,0.6276162790697675,251.75813953488372,209.9766922088194,0.2569767441860465,301,298,Punch/v_Punch_g04_c02.avi
1.8336904662023599,6.1205650520303525,228.20440398905538,0.6414244186046512,200.07441860465116,171.67192628914248,0.40988372093023256,262,259,Punch/v_Punch_g04_c03.avi
3.667789412041975,10.074339000352781,155.0129026887762,0.5578488372093023,226.64186046511628,174.62511904416797,0.2924418604651163,301,298,Punch/v_Punch_g04_c04.avi
1.97553413428965,6.0427882977269665,213.04694318389082,0.5664244186046512,226.64186046511628,153.7384584173351,0.2552325581395349,199,196,Punch/v_Punch_g04_c05.avi
1.3597570362454277,3.8768656695050536,180.00277775634464,0.5981104651162791,329.2279069767442,561.1825215355649,0.24186046511627907,301,298,Punch/v_Punch_g05_c01.avi
2.9739734687736954,6.962206515278803,146.21901381147393,0.7024709302325581,612.3162790697675,1086.5524452352129,0.25116279069767444,301,298,Punch/v_Punch_g05_c02.avi
1.9100241717942457,5.949049727132414,233.00214591286493,0.5895348837209302,284.9116279069767,428.87550815207294,0.2866279069767442,301,298,Punch/v_Punch_g05_c03.avi
3.269032862082171,9.61478641120589,208.4034548657963,0.6588662790697675,277.54418604651164,242.56903433803402,0.23197674418604652,301,298,Punch/v_Punch_g05_c04.avi
3.838869631182491,10.144772401612148,274.11676344215067,0.7171511627906977,316.6139534883721,662.2912131140582,0.36104651162790696,301,298,Punch/v_Punch_g05_c05.avi
1.8108165266320049,4.849950749005352,121.82774724995944,0.7446220930232558,805.7674418604652,1304.122494553496,0.24127906976744187,301,298,Punch/v_Punch_g05_c06.avi
1.9533578642358074,5.804632152666923,185.82787734890587,0.7206395348837209,669.246511627907,1132.7705856426242,0.2127906976744186,301,298,Punch/v_Punch_g05_c07.avi
1.9766687519646653,9.576854438093788,211.11608181282637,0.6049418604651163,198.51162790697674,134.24039043049342,0.35523255813953486,301,298,Punch/v_Punch_g06_c01.avi
3.872140400704112,9.802723628920518,248.07257002740147,0.39578488372093024,250.97674418604652,163.27370206113574,0.16569767441860464,301,298,Punch/v_Punch_g06_c02.avi
1.6154834769837074,7.118012123057519,195.0,0.7126453488372093,202.97674418604652,149.57202330931253,0.35755813953488375,272,269,Punch/v_Punch_g06_c03.avi
4.941864476700407,10.910830875760558,180.03905826236706,0.5178779069767442,240.37209302325581,158.25987213497106,0.20232558139534884,301,298,Punch/v_Punch_g06_c04.avi
3.2986994035414576,11.625064775207866,319.0015673942685,0.6651162790697674,245.73023255813953,239.08644299819116,0.35348837209302325,301,298,Punch/v_Punch_g06_c05.avi
1.933498465684321,3.4203538177254322,32.01562118716424,0.5629360465116279,260.68837209302325,274.5501023529241,0.38953488372093026,293,290,Punch/v_Punch_g06_c06.avi
4.054521736847286,11.487804572820291,241.07467722678797,0.5664244186046512,228.31627906976743,128.65115068354885,0.20930232558139536,301,298,Punch/v_Punch_g06_c07.avi
4.652924384564028,11.67568586897228,319.0141062711804,0.5318313953488372,235.12558139534883,206.34777157499013,0.32034883720930235,301,298,Punch/v_Punch_g07_c01.avi
3.7015889297446276,9.373165490385995,305.04589818583037,0.3752906976744186,221.06046511627906,138.58014579688535,0.2563953488372093,293,290,Punch/v_Punch_g07_c02.avi
2.6233115356027215,5.730571586166558,138.6474846508223,0.4390988372093023,225.74883720930234,169.9928102065018,0.2877906976744186,301,298,Punch/v_Punch_g07_c03.avi
4.869451195209446,12.618043026894023,325.3136947624554,0.39680232558139533,232.5581395348837,194.46017136601893,0.3058139534883721,301,298,Punch/v_Punch_g07_c04.avi
3.725676062689212,6.305985956122292,55.750140134353025,0.29941860465116277,224.1860465116279,160.22299225504634,0.27732558139534885,301,298,Punch/v_Punch_g07_c05.avi
4.3130993174562695,5.194348715679747,59.669925423114115,0.3388081395348837,243.72093023255815,172.16410851161686,0.2127906976744186,301,298,Punch/v_Punch_g07_c06.avi
3.3317267652983085,11.5657943772803,220.45822308319552,0.5050872093023255,264.706976744186,235.99089989880113,0.26627906976744187,301,298,Punch/v_Punch_g07_c07.avi
0.7721969473439225,3.723922901023669,77.15568676384133,0.9152616279069767,732.8744186046512,1221.3326377921333,0.19534883720930232,57,55,PushUps/v_PushUps_g01_c01.avi
0.5535653841578224,3.0948431170644612,49.96248592694322,0.9274709302325581,720.0372093023256,1220.9690389048794,0.17848837209302326,54,52,PushUps/v_PushUps_g01_c02.avi
0.5123968224699845,2.688400573412561,48.541219597369,0.928343023255814,386.8279069767442,669.4341124032354,0.1930232558139535,52,50,PushUps/v_PushUps_g01_c03.avi
0.20305636648424671,1.0778008392528597,17.08800749063506,0.9611918604651163,497.6744186046512,969.2193867118788,0.23895348837209301,105,103,PushUps/v_PushUps_g01_c04.avi
0.6892821332110948,2.52470695884597,45.82064218231778,0.85625,558.2883720930232,1083.6314702670663,0.24883720930232558,64,62,PushUps/v_PushUps_g01_c05.avi
2.5110255696698216,8.74157539034207,305.5503231875234,0.4686046511627907,213.46976744186045,135.49618639597534,0.2866279069767442,68,66,PushUps/v_PushUps_g02_c01.avi
1.0132309473282137,2.408508556192873,53.150729063673246,0.7659883720930233,227.08837209302325,164.33201390789426,0.27151162790697675,74,72,PushUps/v_PushUps_g02_c02.avi
0.8405390741391024,5.664475963584417,157.64913574136713,0.8363372093023256,219.3860465116279,156.68423227150032,0.2930232558139535,80,78,PushUps/v_PushUps_g02_c03.avi
1.602725065736844,4.347516939700685,91.23493026248225,0.5898255813953488,203.2,177.0712430528432,0.4052325581395349,85,83,PushUps/v_PushUps_g02_c04.avi
0.2674389761993854,1.4014499196526105,23.635249099596983,0.9401162790697675,409.04186046511626,369.6727819160641,0.23081395348837208,73,71,PushUps/v_PushUps_g03_c01.avi
0.376441118099252,1.5729975639071008,49.893010532538526,0.9084302325581395,365.73023255813956,353.03639942440856,0.28430232558139534,64,62,PushUps/v_PushUps_g03_c02.avi
0.3708946807572407,2.84982234042367,99.0,0.9004360465116279,354.7906976744186,351.3456231265887,0.311046511627907,64,62,PushUps/v_PushUps_g03_c03.avi
0.2141899294410585,1.147484348640989,29.261749776799064,0.9443313953488373,370.75348837209305,348.2192435199392,0.25116279069767444,73,71,PushUps/v_PushUps_g03_c04.avi
0.3769493502871842,1.7129451216088774,30.59411708155671,0.922093023255814,427.46046511627907,606.315112692116,0.24883720930232558,92,90,PushUps/v_PushUps_g04_c01.avi
0.29473094483564,1.1281659844500918,26.476404589747453,0.9215116279069767,251.53488372093022,226.7558208106202,0.29767441860465116,98,96,PushUps/v_PushUps_g04_c02.avi
0.3191308008680033,1.474079460468314,23.15437323703667,0.9265988372093024,250.75348837209302,219.3887696653435,0.28313953488372096,112,110,PushUps/v_PushUps_g04_c03.avi
0.4609401553719406,1.9657548316970026,26.030030733750586,0.9183139534883721,267.0511627906977,269.7591556064996,0.3494186046511628,131,129,PushUps/v_PushUps_g04_c04.avi
0.2017713850263148,0.8872300244717248,23.08679276123039,0.9361918604651163,287.70232558139537,262.2582159915239,0.24651162790697675,135,133,PushUps/v_PushUps_g04_c05.avi
2.402455957932944,6.094046725893454,138.84163640637487,0.7281976744186046,199.06976744186048,185.11057604864774,0.44069767441860463,151,149,PushUps/v_PushUps_g05_c01.avi
2.5720007641815688,8.356098568708942,193.0,0.7716569767441861,201.52558139534884,192.53196182020378,0.4441860465116279,151,149,PushUps/v_PushUps_g05_c02.avi
2.1916105204812473,4.936117854995508,40.58498028827906,0.7068313953488372,250.86511627906978,404.2503201498616,0.3127906976744186,151,149,PushUps/v_PushUps_g05_c03.avi
2.4157604953143084,7.090296812999432,204.00245096566854,0.7148255813953488,219.83255813953488,201.95410452703456,0.37906976744186044,151,149,PushUps/v_PushUps_g05_c04.avi
2.3404743643819415,10.196780062599164,194.18600136209614,0.775,250.64186046511628,204.25942719135065,0.24883720930232558,86,84,PushUps/v_PushUps_g06_c01.avi
1.6790571670735257,8.880373125085766,252.63412279421004,0.739389534883721,247.06976744186048,174.22538134438705,0.20232558139534884,82,80,PushUps/v_PushUps_g06_c02.avi
1.4511377666310652,4.636831970140924,49.307231974630255,0.7920058139534883,287.25581395348837,431.67537830369685,0.29069767441860467,87,85,PushUps/v_PushUps_g06_c03.avi
1.1410716743916898,2.9536675999056397,38.07886552931954,0.7194767441860465,298.9767441860465,261.4280539003874,0.20174418604651162,69,67,PushUps/v_PushUps_g06_c04.avi
1.9505601684800098,10.911172124452532,237.51592051902543,0.6655523255813953,242.93953488372094,220.5251893427764,0.3191860465116279,75,73,PushUps/v_PushUps_g07_c01.avi
1.3320657700460194,7.348612402100589,255.03137061938085,0.8209302325581396,208.2232558139535,197.58379186563945,0.4232558139534884,78,76,PushUps/v_PushUps_g07_c02.avi
2.4158783186161696,4.086021015828415,109.0,0.4670058139534884,237.91627906976746,173.63777443786842,0.24069767441860465,79,77,PushUps/v_PushUps_g07_c03.avi
1.9638692570285483,8.171294702341793,194.0,0.6957848837209303,221.06046511627906,208.89608203160674,0.38895348837209304,78,76,PushUps/v_PushUps_g07_c04.avi
3.31927376491813,10.177202661519642,297.0151511286924,0.43866279069767444,268.3906976744186,207.1339661027779,0.1819767441860465,234,231,Rafting/v_Rafting_g01_c01.avi
1.9577477756109458,4.6408000554952356,226.92069099136816,0.47863372093023254,307.7953488372093,259.8659314029988,0.16511627906976745,214,211,Rafting/v_Rafting_g01_c02.avi
3.6403489937061018,15.982266298590199,383.0013054808038,0.6888081395348837,246.1767441860465,245.12471703405916,0.3674418604651163,249,246,Rafting/v_Rafting_g01_c03.avi
2.477345447679687,9.851958242299148,260.155722597063,0.6319767441860465,252.76279069767443,240.93634112755373,0.32848837209302323,256,253,Rafting/v_Rafting_g01_c04.avi
1.963630311548165,2.392189253835928,13.77043935392041,0.41773255813953486,367.1813953488372,320.98534289207254,0.16279069767441862,241,238,Rafting/v_Rafting_g02_c01.avi
3.3254570739470832,4.752344303925825,77.51451476981585,0.3656976744186046,372.53953488372093,302.95377968105873,0.08604651162790698,252,249,Rafting/v_Rafting_g02_c02.avi
2.5125717508306673,6.141982537761409,187.0106948813356,0.4178779069767442,383.0325581395349,326.3431121487694,0.13604651162790699,234,231,Rafting/v_Rafting_g02_c03.avi
2.0312593001998653,4.426237130535311,105.04284840006957,0.6546511627906977,344.74418604651163,333.76137507125316,0.27732558139534885,226,223,Rafting/v_Rafting_g02_c04.avi
4.254272691432611,22.384106173747462,340.0000229779404,0.7518895348837209,388.72558139534885,341.11411722984906,0.17383720930232557,113,111,Rafting/v_Rafting_g03_c01.avi
3.083783284240565,9.450768358753134,336.52593232171574,0.43953488372093025,357.5813953488372,334.7553242231218,0.24069767441860465,119,117,Rafting/v_Rafting_g03_c02.avi
2.6786756090700754,12.753034470506892,343.21421881967535,0.5936046511627907,339.72093023255815,307.19180627255525,0.20116279069767443,113,111,Rafting/v_Rafting_g03_c03.avi
3.2736642383920564,16.166211230083203,293.0,0.563953488372093,407.47906976744184,351.12453005797954,0.1622093023255814,119,117,Rafting/v_Rafting_g03_c04.avi
4.508936930036335,8.50484494098845,210.58252539087852,0.46642441860465117,209.67441860465115,175.36509701924427,0.3715116279069767,186,183,Rafting/v_Rafting_g04_c01.avi
4.515201313573326,8.448520240415018,198.59506539690256,0.32921511627906974,230.21395348837208,168.1976987114027,0.26453488372093026,271,268,Rafting/v_Rafting_g04_c02.avi
4.444186709480825,11.180175524893908,193.59752064528098,0.5271802325581395,242.49302325581397,244.64291718353348,0.3819767441860465,146,144,Rafting/v_Rafting_g04_c03.avi
4.009468822747071,10.222614017829768,185.31055015837603,0.5167151162790697,212.8,179.29648565279203,0.36453488372093024,223,220,Rafting/v_Rafting_g04_c04.avi
4.044249055504352,16.859108507722546,210.0,0.5388081395348837,299.2,273.3354902542993,0.23546511627906977,103,101,Rafting/v_Rafting_g05_c01.avi
4.852090539437092,24.978508656897162,310.3626910567699,0.7376453488372093,279.4418604651163,260.4233853613194,0.27325581395348836,125,123,Rafting/v_Rafting_g05_c02.avi
3.8881819382621154,12.09987351242033,298.76297042973715,0.4636627906976744,281.6744186046512,232.36576229110665,0.18953488372093022,110,108,Rafting/v_Rafting_g05_c03.avi
1.9888222265002882,3.466534088914341,115.03830883666537,0.5469476744186047,262.69767441860466,226.70086169281774,0.25116279069767444,240,237,Rafting/v_Rafting_g05_c04.avi
5.781489258155755,7.23496019590419,242.79209212822397,0.3319767441860465,309.69302325581396,430.9317095821774,0.20406976744186048,254,251,Rafting/v_Rafting_g06_c01.avi
4.508059762116475,14.418807626479143,353.39701912296886,0.5970930232558139,222.4,144.0613822662587,0.25872093023255816,107,105,Rafting/v_Rafting_g06_c02.avi
3.413620942081262,13.374346815031947,179.2344832893492,0.8130813953488372,208.11162790697674,169.59504875575286,0.3680232558139535,264,261,Rafting/v_Rafting_g06_c03.avi
5.966136060899648,20.120780361417317,317.0678160898706,0.7864825581395349,233.67441860465115,199.48628453526632,0.3116279069767442,130,128,Rafting/v_Rafting_g06_c04.avi
5.118369612361159,14.419959349781097,192.35384061671346,0.6133720930232558,195.49767441860465,182.33577190316194,0.45232558139534884,237,234,Rafting/v_Rafting_g07_c01.avi
9.695034434864253,40.808952856592185,338.50332346965223,0.9120639534883721,199.85116279069769,214.956947957939,0.5017441860465116,246,243,Rafting/v_Rafting_g07_c02.avi
5.821624911881776,27.80862028189714,330.3891644712338,0.5098837209302326,212.46511627906978,174.55049896835803,0.3569767441860465,183,180,Rafting/v_Rafting_g07_c03.avi
2.3569894250944823,9.260092879936513,293.93409125176345,0.6084302325581395,285.69302325581396,443.39363444641845,0.35232558139534886,273,270,Rafting/v_Rafting_g07_c04.avi
1.0169314166844867,1.372609815896757,20.8806130178211,0.565406976744186,329.33953488372094,343.7108453063112,0.36453488372093024,530,525,RockClimbingIndoor/v_RockClimbingIndoor_g01_c01.avi
1.1867776383527582,2.821822078022076,13.82931668593933,0.8316860465116279,377.7860465116279,361.4883069815259,0.2819767441860465,536,531,RockClimbingIndoor/v_RockClimbingIndoor_g01_c02.avi
1.0779356107869038,2.2762859627282648,17.51606405560336,0.7781976744186047,376.446511627907,350.260535156091,0.2424418604651163,505,500,RockClimbingIndoor/v_RockClimbingIndoor_g01_c03.avi
0.5108482567433836,1.0542509342748791,12.116620816052635,0.7998546511627908,376.11162790697676,351.0782680968847,0.24651162790697675,545,540,RockClimbingIndoor/v_RockClimbingIndoor_g01_c04.avi
0.4246127157479194,0.8189467570595982,10.965856099730654,0.8152616279069768,580.8372093023256,784.3836546520047,0.1755813953488372,465,461,RockClimbingIndoor/v_RockClimbingIndoor_g01_c05.avi
1.1977829263606323,10.53806010488909,313.64241183232855,0.7771802325581395,285.3581395348837,422.7039616302809,0.2563953488372093,321,318,RockClimbingIndoor/v_RockClimbingIndoor_g02_c01.avi
4.3139635431455865,16.892182310156777,315.03968004046726,0.5223837209302326,202.53023255813955,133.02182988339663,0.33430232558139533,355,351,RockClimbingIndoor/v_RockClimbingIndoor_g02_c02.avi
4.739317319361663,5.975859265939198,24.186773244895647,0.44665697674418603,340.72558139534885,753.4349459095226,0.3843023255813954,301,298,RockClimbingIndoor/v_RockClimbingIndoor_g02_c03.avi
3.1106397509851837,4.691996536136198,38.34872879249063,0.5074127906976744,274.6418604651163,411.3979990186373,0.24709302325581395,291,288,RockClimbingIndoor/v_RockClimbingIndoor_g02_c04.avi
0.888624642733129,1.388520878676039,17.0,0.6992732558139535,171.3860465116279,159.29564379129005,0.5290697674418605,311,308,RockClimbingIndoor/v_RockClimbingIndoor_g02_c05.avi
3.8393510865060305,7.366274158043778,32.69556544854363,0.7103197674418604,274.4186046511628,425.7953560517803,0.3133720930232558,345,341,RockClimbingIndoor/v_RockClimbingIndoor_g03_c01.avi
2.2528537253923426,2.8469809497136356,17.572172603295247,0.42776162790697675,289.04186046511626,240.24815294167715,0.1813953488372093,299,296,RockClimbingIndoor/v_RockClimbingIndoor_g03_c02.avi
1.1702678719064412,1.4712728201055179,16.175309116057104,0.6527616279069768,229.54418604651164,157.97107963510808,0.24941860465116278,301,298,RockClimbingIndoor/v_RockClimbingIndoor_g03_c03.avi
0.708970656823847,0.9350741662700096,12.041594578792296,0.747093023255814,275.42325581395346,400.6189193347396,0.19651162790697674,301,298,RockClimbingIndoor/v_RockClimbingIndoor_g03_c04.avi
2.0855667405627294,3.683750167299237,25.0,0.6593023255813953,339.4976744186047,561.0469687623153,0.2069767441860465,294,291,RockClimbingIndoor/v_RockClimbingIndoor_g03_c05.avi
2.9707265142262576,4.560955377535586,23.928278249803096,0.5949127906976744,322.4186046511628,549.3201816604305,0.1936046511627907,414,410,RockClimbingIndoor/v_RockClimbingIndoor_g03_c06.avi
2.0199057607332045,2.974538767821703,15.258194519667128,0.49796511627906975,267.72093023255815,201.18975488056566,0.17151162790697674,413,409,RockClimbingIndoor/v_RockClimbingIndoor_g03_c07.avi
1.388630529962968,5.11557673282244,69.77822009767804,0.796656976744186,1221.1348837209302,1610.2036893949987,0.21511627906976744,845,838,RockClimbingIndoor/v_RockClimbingIndoor_g04_c01.avi
1.57452753038011,2.482061102879976,17.45440488816505,0.6065406976744186,1090.9767441860465,1550.2411738608885,0.2441860465116279,815,808,RockClimbingIndoor/v_RockClimbingIndoor_g04_c02.avi
2.0851719097254393,4.663700781771056,36.58209944768069,0.7300872093023256,1540.3906976744186,1822.7905608573567,0.19186046511627908,842,835,RockClimbingIndoor/v_RockClimbingIndoor_g04_c03.avi
3.8074370386692657,13.23153265325952,204.1886382735337,0.7495639534883721,1070.8837209302326,1557.5977510002501,0.27209302325581397,835,828,RockClimbingIndoor/v_RockClimbingIndoor_g04_c04.avi
2.5249521481726673,4.05135103745076,21.830311495716227,0.4805232558139535,385.71162790697673,755.2377913562713,0.26395348837209304,354,350,RockClimbingIndoor/v_RockClimbingIndoor_g05_c01.avi
3.459476471941987,5.525630514253622,25.5049014897137,0.4873546511627907,238.5860465116279,219.19992104628028,0.33488372093023255,345,341,RockClimbingIndoor/v_RockClimbingIndoor_g05_c02.avi
1.4588709105874136,1.6328153935934715,16.95812858189252,0.5790697674418605,255.66511627906976,215.31026707685683,0.25290697674418605,371,367,RockClimbingIndoor/v_RockClimbingIndoor_g05_c03.avi
1.9816445754316911,3.6337809923886044,17.553489681541958,0.7122093023255814,292.72558139534885,254.75334910551408,0.2063953488372093,383,379,RockClimbingIndoor/v_RockClimbingIndoor_g05_c04.avi
2.9705481990462013,7.91544979111673,166.0752841334315,0.6056686046511628,307.01395348837207,439.23433888581957,0.25290697674418605,329,325,RockClimbingIndoor/v_RockClimbingIndoor_g05_c05.avi
2.4133823598534674,2.6133969946916262,19.147862152209054,0.50625,283.90697674418607,249.89447204895782,0.22674418604651161,333,329,RockClimbingIndoor/v_RockClimbingIndoor_g05_c06.avi
1.5731692476467585,4.033054905223735,30.4138126514911,0.7857558139534884,798.5116279069767,1338.9487089555107,0.1325581395348837,313,310,RockClimbingIndoor/v_RockClimbingIndoor_g06_c01.avi
1.7009154120328451,5.855572773833115,56.56094611125242,0.7670058139534883,266.9395348837209,415.5353297825085,0.29651162790697677,309,306,RockClimbingIndoor/v_RockClimbingIndoor_g06_c02.avi
0.8117134132413453,3.2419471125241417,119.01260437449471,0.8082848837209302,1002.0093023255814,1536.909753567574,0.2238372093023256,313,310,RockClimbingIndoor/v_RockClimbingIndoor_g06_c03.avi
2.170689719014629,5.04213777897196,103.58088626768937,0.7465116279069768,1323.7209302325582,1702.028643564912,0.1877906976744186,314,311,RockClimbingIndoor/v_RockClimbingIndoor_g06_c04.avi
0.6136249019071917,2.4148681365892513,36.507704666275586,0.8322674418604651,209.56279069767442,123.82468669079066,0.28837209302325584,560,555,RockClimbingIndoor/v_RockClimbingIndoor_g06_c05.avi
1.9738672514071847,3.77709668350252,42.7551166528639,0.7002906976744186,253.09767441860464,397.8598382908537,0.2755813953488372,503,498,RockClimbingIndoor/v_RockClimbingIndoor_g06_c06.avi
3.145080734200684,8.313188365810491,165.46903033498444,0.6924418604651162,170.26976744186047,177.20155851968792,0.5674418604651162,408,404,RockClimbingIndoor/v_RockClimbingIndoor_g06_c07.avi
1.6231817674706293,2.8732139879472616,13.297673668728677,0.6710755813953488,391.9627906976744,677.8665290258897,0.24069767441860465,419,415,RockClimbingIndoor/v_RockClimbingIndoor_g07_c01.avi
1.4296475040304555,4.537749568907549,125.81360220580285,0.7175872093023256,302.8837209302326,279.9791694329906,0.24186046511627907,444,440,RockClimbingIndoor/v_RockClimbingIndoor_g07_c02.avi
1.3591607879896155,2.074159322292266,15.132745950421556,0.6433139534883721,573.0232558139535,1088.1929011700277,0.29069767441860467,459,455,RockClimbingIndoor/v_RockClimbingIndoor_g07_c03.avi
4.288828961854695,4.221357183879662,14.045128158902646,0.32122093023255816,259.12558139534883,213.73919784267326,0.23488372093023255,399,395,RockClimbingIndoor/v_RockClimbingIndoor_g07_c04.avi
4.760345057288717,15.635057815828404,107.68936809174804,0.8366279069767442,454.69767441860466,838.6725817009385,0.2255813953488372,443,439,RockClimbingIndoor/v_RockClimbingIndoor_g07_c05.avi
4.921547191641012,6.680633208627165,23.58495283014151,0.32063953488372093,261.0232558139535,211.8395057664013,0.22267441860465118,412,408,RockClimbingIndoor/v_RockClimbingIndoor_g07_c06.avi
1.5553817611924263,1.8414774536019616,14.450346016618425,0.45726744186046514,425.33953488372094,591.5128031953068,0.15755813953488373,429,425,RockClimbingIndoor/v_RockClimbingIndoor_g07_c07.avi
5.954135946131021,14.563065875090617,155.06530882179933,0.6245639534883721,240.26046511627908,247.12510167697135,0.39825581395348836,162,160,RopeClimbing/v_RopeClimbing_g01_c01.avi
3.838815508505401,6.568319909443521,41.048751503547585,0.5234011627906977,338.9395348837209,301.312464055393,0.18430232558139534,171,168,RopeClimbing/v_RopeClimbing_g01_c02.avi
0.8575106417621626,1.1670641715495527,27.018512172212592,0.5808139534883721,338.3813953488372,337.83990102359786,0.3127906976744186,160,158,RopeClimbing/v_RopeClimbing_g01_c03.avi
2.9493128120508505,6.144930647981643,35.17101079013795,0.41482558139534886,338.6046511627907,335.17382782981076,0.3023255813953488,189,186,RopeClimbing/v_RopeClimbing_g01_c04.avi
2.3214069897693093,5.26350594414427,38.90392814356925,0.6609011627906977,251.646511627907,215.06729217212427,0.2691860465116279,153,151,RopeClimbing/v_RopeClimbing_g02_c01.avi
2.5607126498996844,6.14430209359666,43.67082120821636,0.56875,249.30232558139534,220.95559217979053,0.2930232558139535,152,150,RopeClimbing/v_RopeClimbing_g02_c02.avi
4.580981518936556,11.286170689793332,75.25010382052639,0.611046511627907,310.47441860465113,432.1499072877929,0.2069767441860465,171,168,RopeClimbing/v_RopeClimbing_g02_c03.avi
2.226918101600686,7.114992718143028,179.84715733088473,0.6395348837209303,261.3581395348837,412.79897367399803,0.30697674418604654,152,150,RopeClimbing/v_RopeClimbing_g02_c04.avi
2.228831808564246,8.439392579142652,79.39773296511683,0.6694767441860465,239.47906976744187,207.82754093533347,0.30465116279069765,155,153,RopeClimbing/v_RopeClimbing_g02_c05.avi
3.736945203100069,21.18728986047711,353.63823322712153,0.7316860465116279,220.05581395348838,189.85134123446042,0.35232558139534886,187,184,RopeClimbing/v_RopeClimbing_g02_c06.avi
2.021877882587982,2.449572336486638,32.0,0.3117732558139535,227.31162790697675,129.17963193418782,0.21453488372093024,154,152,RopeClimbing/v_RopeClimbing_g03_c01.avi
2.328187576025656,10.111742505029488,305.91828974417336,0.31569767441860463,233.22790697674418,144.91280188938867,0.2116279069767442,153,151,RopeClimbing/v_RopeClimbing_g03_c02.avi
8.34651404329958,17.49853632064619,243.02263269086689,0.5094476744186046,185.11627906976744,185.2140445353198,0.5087209302325582,167,164,RopeClimbing/v_RopeClimbing_g03_c03.avi
1.9845905371445616,2.9098388475354198,70.2922470831599,0.3882267441860465,200.96744186046513,112.61208931947662,0.31453488372093025,153,151,RopeClimbing/v_RopeClimbing_g03_c04.avi
1.5194200205469497,1.7064277293493861,17.55393474409655,0.4433139534883721,260.0186046511628,230.69964290232937,0.27209302325581397,156,154,RopeClimbing/v_RopeClimbing_g04_c01.avi
1.8248622702278536,4.108199895687355,147.05441169852742,0.45406976744186045,251.646511627907,421.21395510619465,0.38546511627906976,159,157,RopeClimbing/v_RopeClimbing_g04_c02.avi
1.5603203785647735,7.713070194431637,120.26663086658743,0.638953488372093,264.93023255813955,186.12091535478774,0.1511627906976744,156,154,RopeClimbing/v_RopeClimbing_g04_c03.avi
1.4989770748800295,2.7235663793515497,58.872744118140105,0.4059593023255814,237.35813953488372,168.88498113317425,0.23430232558139535,156,154,RopeClimbing/v_RopeClimbing_g04_c04.avi
1.2392959596118107,3.1387052508431044,28.121388657034704,0.6662790697674419,311.8139534883721,336.22799959592436,0.39767441860465114,157,155,RopeClimbing/v_RopeClimbing_g05_c01.avi
1.0981445629684075,2.8933249307196878,72.0,0.7239825581395349,368.8558139534884,321.90204006254834,0.16104651162790698,161,159,RopeClimbing/v_RopeClimbing_g05_c02.avi
4.51648340979514,9.32915262161512,219.25912181708657,0.6700581395348837,213.02325581395348,213.10042270451166,0.43546511627906975,167,164,RopeClimbing/v_RopeClimbing_g05_c03.avi
1.759160366511442,3.295717285327751,59.852422674441506,0.5992732558139535,225.4139534883721,210.64881121374808,0.3732558139534884,167,164,RopeClimbing/v_RopeClimbing_g05_c04.avi
1.7844444902077403,3.4786224549441487,20.518284528683193,0.6431686046511628,318.7348837209302,288.90535899762165,0.2127906976744186,176,173,RopeClimbing/v_RopeClimbing_g05_c05.avi
2.945955306525612,4.710010787646276,43.86342439892262,0.4495639534883721,393.07906976744187,353.6448202140828,0.20930232558139536,189,186,RopeClimbing/v_RopeClimbing_g05_c06.avi
0.505591799936792,2.4228114049746106,100.7983754829412,0.9004360465116279,460.83720930232556,389.7424868516753,0.19825581395348837,158,156,RopeClimbing/v_RopeClimbing_g05_c07.avi
0.6772716644434282,1.4063231390121895,34.23448553724738,0.7276162790697674,1794.4558139534884,1797.9379808356334,0.15465116279069768,153,151,RopeClimbing/v_RopeClimbing_g06_c01.avi
3.7597268113201214,5.6333814976949705,40.162171256046406,0.6085755813953488,1756.2790697674418,1825.3535156247913,0.22325581395348837,162,160,RopeClimbing/v_RopeClimbing_g06_c02.avi
0.8944089260578485,1.7922025236909171,39.00080127382,0.7417151162790697,1806.7348837209302,1789.5749890242837,0.14651162790697675,160,158,RopeClimbing/v_RopeClimbing_g06_c03.avi
0.4883537647537205,0.8582853128258083,11.25,0.7959302325581395,1787.0883720930233,1803.1822997533725,0.16511627906976745,190,187,RopeClimbing/v_RopeClimbing_g06_c04.avi
1.584877353983719,2.6518556642402857,16.50189383070925,0.6853197674418605,228.76279069767443,201.23214526980135,0.3372093023255814,198,195,RopeClimbing/v_RopeClimbing_g07_c01.avi
3.203034438150221,4.6130411251343375,19.53562451010973,0.5113372093023256,341.1720930232558,659.907620851896,0.261046511627907,207,204,RopeClimbing/v_RopeClimbing_g07_c02.avi
0.7876665459460355,1.1859989820242505,15.542281042369552,0.7611918604651163,281.6744186046512,236.932697825945,0.20116279069767443,198,195,RopeClimbing/v_RopeClimbing_g07_c03.avi
0.9774088999280088,1.0664660775979238,14.562365879210699,0.6049418604651163,311.70232558139537,437.1471837117904,0.22616279069767442,182,179,RopeClimbing/v_RopeClimbing_g07_c04.avi
4.86071001404816,5.995997542646675,20.129657846073787,0.3716569767441861,247.29302325581395,147.45349348870207,0.15465116279069768,196,193,RopeClimbing/v_RopeClimbing_g07_c05.avi
2.558782002963189,4.355004163046105,42.0,0.5186046511627908,416.63255813953486,352.48619944677637,0.1447674418604651,354,350,Rowing/v_Rowing_g01_c01.avi
4.178273662205893,10.365902657582609,184.5,0.5261627906976745,410.71627906976744,350.0471044250863,0.15,302,299,Rowing/v_Rowing_g01_c02.avi
4.997140048713185,24.346409297012872,288.0,0.38880813953488375,435.9441860465116,369.122550584381,0.16511627906976745,228,225,Rowing/v_Rowing_g01_c03.avi
3.0982261906329547,18.364006490635433,322.0558957696629,0.6770348837209302,351.21860465116276,344.7049343233865,0.29709302325581394,204,201,Rowing/v_Rowing_g01_c04.avi
1.6089171571458196,8.927980336699243,196.1249601657066,0.8164244186046512,442.30697674418604,611.2293968165475,0.24825581395348836,360,356,Rowing/v_Rowing_g02_c01.avi
3.938956775298076,9.01924013208009,102.3132444994293,0.43270348837209305,337.48837209302326,309.1810918203285,0.21511627906976744,375,371,Rowing/v_Rowing_g02_c02.avi
2.620817303934419,14.395596448566462,255.01764644824092,0.9094476744186046,406.5860465116279,498.89456479505196,0.2505813953488372,387,383,Rowing/v_Rowing_g02_c03.avi
4.462991560683985,12.301588462260305,194.8760022424516,0.5859011627906977,300.42790697674417,257.3413318564776,0.18488372093023256,415,411,Rowing/v_Rowing_g02_c04.avi
3.4325259120664167,15.875031663754308,290.00043103416243,0.8280523255813953,292.3906976744186,272.01052631303565,0.2569767441860465,409,405,Rowing/v_Rowing_g02_c05.avi
2.6050892851560197,7.958228439565376,132.13629327327143,0.7063953488372093,354.0093023255814,312.40971891349074,0.17325581395348838,291,288,Rowing/v_Rowing_g02_c06.avi
0.8858068145707566,2.955415769415337,42.04759208325728,0.8226744186046512,289.8232558139535,292.1972357423085,0.32848837209302323,378,374,Rowing/v_Rowing_g03_c01.avi
0.7200723808255266,2.202571221350687,57.0,0.8546511627906976,252.9860465116279,247.00082815170023,0.3436046511627907,482,478,Rowing/v_Rowing_g03_c02.avi
1.9568642178173195,3.1651780849550475,23.0,0.5449127906976744,253.9906976744186,203.7946524778877,0.23372093023255813,500,495,Rowing/v_Rowing_g03_c03.avi
1.774536155510292,11.715512319922329,175.0,0.8074127906976745,290.9395348837209,303.2269103075573,0.3598837209302326,501,496,Rowing/v_Rowing_g03_c04.avi
0.7538964298082923,3.021537575341054,200.06249023742558,0.798546511627907,250.75348837209302,244.34609399501758,0.34593023255813954,500,495,Rowing/v_Rowing_g03_c05.avi
1.7216349945149543,7.293279626192589,173.95401691251627,0.7905523255813953,251.646511627907,248.36542034412716,0.35290697674418603,368,364,Rowing/v_Rowing_g03_c06.avi
1.0818676788250894,2.5685734725326617,38.50081167975553,0.7245639534883721,310.92093023255813,303.83500461112385,0.28837209302325584,498,493,Rowing/v_Rowing_g03_c07.avi
4.170964085184192,13.444564273685504,166.14752480852673,0.7611918604651163,335.8139534883721,564.8744357619604,0.2424418604651163,263,260,Rowing/v_Rowing_g04_c01.avi
1.4894403292112786,2.975292211668937,33.02366575654496,0.6722383720930233,680.9674418604651,1173.4440638705328,0.1308139534883721,298,295,Rowing/v_Rowing_g04_c02.avi
1.2183175206347618,7.134770892555918,152.0,0.7840116279069768,281.7860465116279,235.96880123045372,0.19825581395348837,308,305,Rowing/v_Rowing_g04_c03.avi
2.5591500136606977,5.851360074805028,66.76076692189807,0.6869186046511628,380.2418604651163,663.9268221908538,0.17151162790697674,295,292,Rowing/v_Rowing_g04_c04.avi
2.862292119764743,6.299600640712858,49.01020301937138,0.5912790697674418,383.0325581395349,671.3469375575303,0.21744186046511627,301,298,Rowing/v_Rowing_g04_c05.avi
2.5943896467925422,5.404679871014077,84.29116205154607,0.6755813953488372,254.54883720930232,196.02670958504845,0.21453488372093024,347,343,Rowing/v_Rowing_g04_c06.avi
1.6773600125292965,4.970395085455369,94.25,0.7481104651162791,329.6744186046512,328.8839281308856,0.30930232558139537,327,323,Rowing/v_Rowing_g05_c01.avi
0.7455134820021762,1.5294323516295614,21.037169486411425,0.7725290697674418,378.5674418604651,351.389261209639,0.24069767441860465,343,339,Rowing/v_Rowing_g05_c02.avi
1.9434091774578095,7.491833937021228,75.03009812735154,0.7767441860465116,418.6418604651163,364.7878225174242,0.1877906976744186,415,411,Rowing/v_Rowing_g05_c03.avi
0.6686104411685664,2.731921607633881,96.00520819205592,0.8742732558139535,406.47441860465113,371.96616256022304,0.24651162790697675,427,423,Rowing/v_Rowing_g05_c04.avi
1.8858706417002147,4.048517519167452,95.0,0.6931686046511628,176.1860465116279,132.38970939667996,0.4622093023255814,326,322,Rowing/v_Rowing_g06_c01.avi
0.685398249116347,1.5391035689866839,42.250184910837966,0.8085755813953488,260.2418604651163,232.45412073719288,0.2755813953488372,413,409,Rowing/v_Rowing_g06_c02.avi
0.46988237144479034,1.8228677964203408,104.00480758118829,0.8440406976744186,324.53953488372093,456.58575910089127,0.2755813953488372,308,305,Rowing/v_Rowing_g06_c03.avi
0.24597415698324976,1.6794510840591763,69.26037828369117,0.9324127906976745,691.6837209302325,966.2350103967394,0.11220930232558139,293,290,Rowing/v_Rowing_g06_c04.avi
0.6763090905806818,1.9071030068728625,31.0,0.8575581395348837,232.89302325581394,246.80602061495617,0.42965116279069765,189,186,Rowing/v_Rowing_g07_c01.avi
0.9467005607166026,2.902201928752972,64.0,0.720203488372093,301.4325581395349,234.08643575629029,0.11918604651162791,275,272,Rowing/v_Rowing_g07_c02.avi
1.5135090797928192,5.271981402040991,64.77895105665111,0.8593023255813953,389.3953488372093,765.130727226275,0.3354651162790698,267,264,Rowing/v_Rowing_g07_c03.avi
0.7438933852817777,2.4723189893525244,55.0,0.7915697674418605,324.09302325581393,343.13735902787874,0.3802325581395349,315,312,Rowing/v_Rowing_g07_c04.avi
1.608929919223549,5.025147791031956,63.97118491946198,0.7579941860465116,327.3302325581395,330.08277716910163,0.32151162790697674,346,342,Rowing/v_Rowing_g07_c05.avi
2.159787077389458,6.0311711130369225,153.05227865013967,0.6167151162790697,266.15813953488373,206.21874391219805,0.18895348837209303,168,165,SalsaSpin/v_SalsaSpin_g01_c01.avi
1.6951103414847308,11.798533825846294,255.04901489713697,0.6084302325581395,267.6093023255814,220.55776210574552,0.21627906976744185,168,165,SalsaSpin/v_SalsaSpin_g01_c02.avi
1.0545874816793372,2.309739187939842,113.30710480812755,0.6348837209302326,248.96744186046513,197.5401139373625,0.24127906976744187,168,165,SalsaSpin/v_SalsaSpin_g01_c03.avi
1.804200374006719,2.4740858953766045,32.38826948140329,0.5941860465116279,299.5348837209302,426.8610878471001,0.22209302325581395,168,165,SalsaSpin/v_SalsaSpin_g01_c04.avi
0.9434624305162442,1.4838556800674163,30.745172385270504,0.6690406976744186,445.09767441860464,838.4131549341796,0.24302325581395348,168,165,SalsaSpin/v_SalsaSpin_g01_c05.avi
2.2940635189860146,3.458526423201854,203.44286667268528,0.41671511627906976,222.51162790697674,149.84773234202643,0.26744186046511625,168,165,SalsaSpin/v_SalsaSpin_g01_c06.avi
1.4383742378665094,4.827110379265757,150.65523555456014,0.7375,271.9627906976744,214.41832295799486,0.18430232558139534,168,165,SalsaSpin/v_SalsaSpin_g01_c07.avi
2.7394901399049183,5.755847854620896,29.832867780352597,0.6222383720930232,576.8186046511628,1141.5690220972213,0.3383720930232558,334,330,SalsaSpin/v_SalsaSpin_g02_c01.avi
2.0308862044778637,6.467541227072316,134.46189051177288,0.6661337209302326,740.1302325581395,1312.7574323014653,0.2691860465116279,334,330,SalsaSpin/v_SalsaSpin_g02_c02.avi
1.4802812922433093,3.171678778621646,54.037024344425184,0.6411337209302326,385.04186046511626,755.43763574733,0.26744186046511625,334,330,SalsaSpin/v_SalsaSpin_g02_c03.avi
3.0209226963728613,7.360785713778607,149.78985279383915,0.5982558139534884,340.72558139534885,662.2991904854522,0.2796511627906977,334,330,SalsaSpin/v_SalsaSpin_g02_c04.avi
2.4133317632387525,3.871775013541566,73.48394807711409,0.5450581395348837,373.9906976744186,758.6421038763481,0.325,334,330,SalsaSpin/v_SalsaSpin_g02_c05.avi
2.590739371900503,7.371306501043125,292.0616373302047,0.7010174418604651,452.4651162790698,911.195569053206,0.32325581395348835,334,330,SalsaSpin/v_SalsaSpin_g02_c06.avi
1.5810063800790883,4.874367649043182,160.76287856653974,0.5787790697674419,260.9116279069767,417.0401872383147,0.32790697674418606,334,330,SalsaSpin/v_SalsaSpin_g02_c07.avi
2.166360423509949,3.0448521196308906,37.013511046643494,0.5459302325581395,386.3813953488372,672.4598534764643,0.21627906976744185,169,166,SalsaSpin/v_SalsaSpin_g03_c01.avi
2.199028654452355,3.289214681955328,26.16414531376861,0.5521802325581395,273.74883720930234,222.32846470836373,0.19593023255813954,169,166,SalsaSpin/v_SalsaSpin_g03_c02.avi
2.9582098372693917,5.394806219696139,58.63659267044769,0.5598837209302325,295.51627906976745,249.01291358148626,0.18023255813953487,169,166,SalsaSpin/v_SalsaSpin_g03_c03.avi
1.9173641199762417,8.366074474531317,171.40595088852663,0.5543604651162791,316.27906976744185,436.5150747593466,0.2069767441860465,169,166,SalsaSpin/v_SalsaSpin_g03_c04.avi
1.904970407636159,4.287922453892383,104.23531071570709,0.5095930232558139,344.52093023255816,453.15968567902866,0.19244186046511627,169,166,SalsaSpin/v_SalsaSpin_g03_c05.avi
3.713937932287261,6.6192141578207435,68.3593446428504,0.4681686046511628,282.1209302325581,237.60660134723915,0.20116279069767443,169,166,SalsaSpin/v_SalsaSpin_g03_c06.avi
0.8213448398271275,1.8195531705811485,46.61544808322666,0.7613372093023256,397.4325581395349,769.1111837006766,0.3470930232558139,334,330,SalsaSpin/v_SalsaSpin_g04_c01.avi
0.4651848281108727,1.570734194572011,45.880278987817846,0.8875,633.6372093023256,1192.0760388231943,0.36104651162790696,334,330,SalsaSpin/v_SalsaSpin_g04_c02.avi
1.5108923646422565,4.295034722423813,173.7723007271297,0.7370639534883721,641.7860465116279,1189.346731297127,0.32558139534883723,334,330,SalsaSpin/v_SalsaSpin_g04_c03.avi
1.6432476293298715,5.88487933741305,117.67340927329334,0.7755813953488372,273.52558139534887,423.511497931846,0.3063953488372093,334,330,SalsaSpin/v_SalsaSpin_g04_c04.avi
1.4917038410795176,4.07792955083633,80.82233602167163,0.6396802325581395,297.4139534883721,563.3775311423041,0.3680232558139535,334,330,SalsaSpin/v_SalsaSpin_g04_c05.avi
1.0526245629540258,2.686083450303604,42.01190307520001,0.736046511627907,404.57674418604654,837.9198398795784,0.33313953488372094,334,330,SalsaSpin/v_SalsaSpin_g04_c06.avi
1.268625231261032,2.649728913447384,133.41664064126334,0.6209302325581395,270.6232558139535,420.72792116189964,0.30523255813953487,201,198,SalsaSpin/v_SalsaSpin_g05_c01.avi
0.9510525709612816,1.318624211183862,14.142135623730951,0.7321220930232558,212.13023255813954,156.5304688891067,0.3261627906976744,201,198,SalsaSpin/v_SalsaSpin_g05_c02.avi
1.183688578539409,2.707441243976992,27.885087860718674,0.8098837209302325,276.2046511627907,423.7969182112388,0.29709302325581394,201,198,SalsaSpin/v_SalsaSpin_g05_c03.avi
0.6847611518161036,0.9186611367362449,25.0,0.7255813953488373,295.1813953488372,434.71695108523625,0.275,201,198,SalsaSpin/v_SalsaSpin_g05_c04.avi
0.795842146237716,0.963765832864668,17.46424919657298,0.7206395348837209,227.31162790697675,202.7818867298606,0.3470930232558139,201,198,SalsaSpin/v_SalsaSpin_g05_c05.avi
1.0721440420617783,1.5035412033477682,12.905909499140307,0.6675872093023256,269.84186046511627,421.4414612071832,0.3116279069767442,201,198,SalsaSpin/v_SalsaSpin_g05_c06.avi
0.7425813605404786,4.502207355262547,241.29857024027308,0.8646802325581395,454.0279069767442,849.3177886974609,0.3244186046511628,168,165,SalsaSpin/v_SalsaSpin_g06_c01.avi
0.8279650412426298,7.182430458025713,187.44415835122737,0.8843023255813953,513.7488372093023,974.5278604897559,0.27151162790697675,168,165,SalsaSpin/v_SalsaSpin_g06_c02.avi
0.5430178366084357,2.560014818253484,71.35573295117919,0.864389534883721,462.06511627906974,853.050240043891,0.3430232558139535,168,165,SalsaSpin/v_SalsaSpin_g06_c03.avi
0.7132051791198537,4.051463124899261,120.93502904452457,0.8694767441860465,517.0976744186047,975.0657674869036,0.27267441860465114,168,165,SalsaSpin/v_SalsaSpin_g06_c04.avi
0.8300422498520803,6.29619116862884,136.00970783366898,0.8472383720930232,453.69302325581396,852.204604048011,0.35174418604651164,168,165,SalsaSpin/v_SalsaSpin_g06_c05.avi
2.179073281418891,5.855914765830478,269.8983604989108,0.690406976744186,277.8790697674419,419.775315625439,0.27209302325581397,168,165,SalsaSpin/v_SalsaSpin_g07_c01.avi
2.9650463872336177,4.456025724326016,69.77822009767804,0.5284883720930232,258.2325581395349,411.99620890157456,0.31627906976744186,168,165,SalsaSpin/v_SalsaSpin_g07_c02.avi
3.158370591085704,10.643335623414767,197.52468200202222,0.5728197674418605,198.4,169.5445280059023,0.413953488372093,168,165,SalsaSpin/v_SalsaSpin_g07_c03.avi
3.790231723980801,9.81465998117697,287.4804341168282,0.5309593023255814,221.06046511627906,154.65968964078414,0.2819767441860465,168,165,SalsaSpin/v_SalsaSpin_g07_c04.avi
3.737782316102057,9.692998832276931,160.414161235846,0.5356104651162791,324.87441860465117,568.540897096395,0.30174418604651165,168,165,SalsaSpin/v_SalsaSpin_g07_c05.avi
1.7303641465502317,5.661581515322005,209.093280618962,0.6486918604651163,290.49302325581397,414.4784772347775,0.1994186046511628,168,165,SalsaSpin/v_SalsaSpin_g07_c06.avi
1.1954940562560656,2.559729339622653,33.78701673720247,0.6956395348837209,453.24651162790695,841.2217967486581,0.2517441860465116,128,126,ShavingBeard/v_ShavingBeard_g01_c01.avi
2.783949273732762,6.477017052390045,63.0,0.627906976744186,333.24651162790695,569.8196937787109,0.2813953488372093,138,136,ShavingBeard/v_ShavingBeard_g01_c02.avi
0.9586409130004859,2.777212523127003,77.42092740338364,0.7066860465116279,421.3209302325581,767.2152751341274,0.27151162790697675,131,129,ShavingBeard/v_ShavingBeard_g01_c03.avi
0.7792257165474898,1.5939038220240616,21.009298536600408,0.7835755813953489,325.9906976744186,453.2317235833167,0.25406976744186044,92,90,ShavingBeard/v_ShavingBeard_g01_c04.avi
0.4339410273536489,1.3713114702510334,39.20459156782532,0.8816860465116279,283.57209302325583,431.2559086622285,0.30290697674418604,180,177,ShavingBeard/v_ShavingBeard_g02_c01.avi
0.554358583558323,1.494429113093677,24.0,0.833139534883721,302.9953488372093,296.28828666617244,0.2924418604651163,194,191,ShavingBeard/v_ShavingBeard_g02_c02.avi
0.33028015261626736,0.9198813211828095,7.376059245965965,0.90625,491.7581395348837,775.4244911682343,0.2,192,189,ShavingBeard/v_ShavingBeard_g02_c03.avi
0.5817321954193598,3.0861952167505486,43.18564576337837,0.9331395348837209,495.88837209302324,845.9003331277994,0.2180232558139535,148,146,ShavingBeard/v_ShavingBeard_g02_c04.avi
0.3229826041507144,0.8053038362419634,6.041522986797286,0.9103197674418605,245.17209302325583,207.63483859397206,0.2796511627906977,180,177,ShavingBeard/v_ShavingBeard_g02_c05.avi
0.6654951084592348,2.1207418391017874,54.207932998777956,0.834593023255814,221.3953488372093,215.8636670888928,0.40348837209302324,204,201,ShavingBeard/v_ShavingBeard_g02_c06.avi
0.5660607498130525,2.065459669626226,36.124783736376884,0.9085755813953489,628.3906976744186,1085.0668036049944,0.2302325581395349,251,248,ShavingBeard/v_ShavingBeard_g02_c07.avi
0.5935295569580638,1.564872649051584,17.707696066964782,0.8405523255813954,325.4325581395349,341.2397014177695,0.3686046511627907,99,97,ShavingBeard/v_ShavingBeard_g03_c01.avi
0.9280777218925,3.034231908664376,24.5,0.8645348837209302,352.89302325581394,338.1130988674406,0.26744186046511625,99,97,ShavingBeard/v_ShavingBeard_g03_c02.avi
0.39768152547396646,1.6696155603650136,51.094275608917286,0.91875,349.4325581395349,353.05122345323775,0.33430232558139533,106,104,ShavingBeard/v_ShavingBeard_g03_c03.avi
0.4554658794926622,1.3168489192300226,16.00195300580526,0.8598837209302326,409.8232558139535,376.0478277579764,0.25465116279069766,107,105,ShavingBeard/v_ShavingBeard_g03_c04.avi
0.9103352982965055,2.85953216159442,36.013886210738214,0.823110465116279,347.646511627907,357.01807090530804,0.35523255813953486,184,181,ShavingBeard/v_ShavingBeard_g03_c05.avi
0.7139216357127948,2.97905680879181,34.0,0.8703488372093023,377.2279069767442,359.4467831527708,0.2755813953488372,150,148,ShavingBeard/v_ShavingBeard_g03_c06.avi
0.4411738986675338,1.5627707447759291,17.979589122112884,0.8857558139534883,412.5023255813953,370.22377738798576,0.22441860465116278,158,156,ShavingBeard/v_ShavingBeard_g03_c07.avi
0.23867487486987668,1.169279455827804,14.142135623730951,0.948110465116279,386.15813953488373,339.68142820340665,0.1755813953488372,223,220,ShavingBeard/v_ShavingBeard_g04_c01.avi
0.31973184490344014,1.2480724306976072,17.46424919657298,0.9212209302325581,375.66511627906976,350.7422023424844,0.24651162790697675,179,176,ShavingBeard/v_ShavingBeard_g04_c02.avi
0.1549661058975511,0.5899567825664901,16.0,0.9485465116279069,446.8837209302326,503.95889502471016,0.18488372093023256,192,189,ShavingBeard/v_ShavingBeard_g04_c03.avi
0.19257138824758593,0.5201697784035939,9.486832980505138,0.9379360465116279,403.3488372093023,371.14222709253403,0.25116279069767444,212,209,ShavingBeard/v_ShavingBeard_g04_c04.avi
1.5686851543775446,3.10407799463146,23.15437323703667,0.723546511627907,422.10232558139535,838.7594653369142,0.29767441860465116,501,496,ShavingBeard/v_ShavingBeard_g05_c01.avi
0.7267226894693954,1.6060858506912392,12.313610356024752,0.7834302325581395,949.7674418604652,1313.7422641501591,0.15406976744186046,508,503,ShavingBeard/v_ShavingBeard_g05_c02.avi
0.744808864561889,2.2590030911943972,36.23016698829858,0.8502906976744186,417.19069767441863,761.3251091182609,0.23255813953488372,509,504,ShavingBeard/v_ShavingBeard_g05_c03.avi
0.5016172209286226,1.373947266188438,27.202941017470888,0.8287790697674419,709.9906976744186,1179.3628157086594,0.2238372093023256,501,496,ShavingBeard/v_ShavingBeard_g05_c04.avi
0.26074353478267615,0.9687850238526234,12.649110640673518,0.9359011627906977,898.9767441860465,1278.7121698852543,0.1,522,517,ShavingBeard/v_ShavingBeard_g05_c05.avi
0.29618238294168886,0.9677089851299625,13.601470508735444,0.9232558139534883,997.8790697674418,1457.9286881718474,0.11511627906976744,522,517,ShavingBeard/v_ShavingBeard_g05_c06.avi
1.908093278403482,7.621659246533652,202.15835377248203,0.7832848837209302,338.15813953488373,679.5965650817824,0.413953488372093,529,524,ShavingBeard/v_ShavingBeard_g05_c07.avi
0.8500973673391294,2.6726120175899712,83.80073090373376,0.7655523255813953,478.25116279069766,695.1129820737671,0.17732558139534885,182,179,ShavingBeard/v_ShavingBeard_g06_c01.avi
2.541964614641181,9.880214310914422,99.6393496566492,0.7332848837209303,440.9674418604651,699.4529382978214,0.28313953488372096,205,202,ShavingBeard/v_ShavingBeard_g06_c02.avi
0.8626190816237055,1.7942930420084868,51.094275608917286,0.7667151162790697,483.0511627906977,513.4539604242937,0.1686046511627907,189,186,ShavingBeard/v_ShavingBeard_g06_c03.avi
1.1666945590278792,4.373615047148531,81.91840452547889,0.8188953488372093,415.51627906976745,359.311471367005,0.17383720930232557,280,277,ShavingBeard/v_ShavingBeard_g06_c04.avi
0.6243518317088965,1.2977354833395327,20.518284528683193,0.8277616279069767,486.28837209302327,514.3281828096082,0.1680232558139535,360,356,ShavingBeard/v_ShavingBeard_g06_c05.avi
1.4143141668687722,3.695174162928053,85.0235261559999,0.5590116279069768,362.26976744186044,473.95815904766624,0.24186046511627907,181,178,ShavingBeard/v_ShavingBeard_g06_c06.avi
1.9558787158022617,4.609946818565473,98.56549218666744,0.6771802325581395,390.4,492.8483214001817,0.26046511627906976,252,249,ShavingBeard/v_ShavingBeard_g06_c07.avi
0.17934166190064119,0.5683956972017062,9.848857801796104,0.9366279069767441,321.74883720930234,561.8599611887468,0.27151162790697675,230,227,ShavingBeard/v_ShavingBeard_g07_c01.avi
0.26635928320887775,1.098379425157317,17.875,0.9363372093023256,312.93023255813955,567.7318969024121,0.3383720930232558,232,229,ShavingBeard/v_ShavingBeard_g07_c02.avi
0.4002873708110838,2.3637881468178557,50.50061880808987,0.9255813953488372,392.07441860465116,674.0233065092668,0.21220930232558138,266,263,ShavingBeard/v_ShavingBeard_g07_c03.avi
0.3914538495233193,1.3172119817132533,16.80773631397161,0.904796511627907,249.63720930232557,240.339601807241,0.34011627906976744,231,228,ShavingBeard/v_ShavingBeard_g07_c04.avi
0.2281425961332425,0.6450046422569938,19.256492411651713,0.9180232558139535,250.64186046511628,233.6267289508193,0.3186046511627907,315,312,ShavingBeard/v_ShavingBeard_g07_c05.avi
0.30434164835394345,1.390647350262575,26.5,0.9191860465116279,288.3720930232558,262.74800229416155,0.2453488372093023,387,383,ShavingBeard/v_ShavingBeard_g07_c06.avi
0.39042195420754533,1.4218189594112767,14.346166735403573,0.9094476744186046,260.57674418604654,238.68017409428612,0.29011627906976745,387,383,ShavingBeard/v_ShavingBeard_g07_c07.avi
0.9381944338771053,1.477892794715588,16.779824194549835,0.7103197674418604,319.06976744186045,307.4163448582271,0.27151162790697675,63,61,Shotput/v_Shotput_g01_c01.avi
1.0895763467002297,2.4013784274886563,48.44068537913146,0.7414244186046511,285.5813953488372,281.38149495014517,0.311046511627907,103,101,Shotput/v_Shotput_g01_c02.avi
0.6560089701011491,0.9894913300977882,18.571231111587622,0.7270348837209303,339.3860465116279,334.7562734229156,0.2982558139534884,96,94,Shotput/v_Shotput_g01_c03.avi
0.9446540274750052,1.1265181730657277,19.976548750972977,0.6469476744186047,265.71162790697673,253.93302652040958,0.30988372093023253,93,91,Shotput/v_Shotput_g01_c04.avi
1.527992293776093,1.5957083547310733,13.975424859373685,0.4517441860465116,349.65581395348835,330.3469249717499,0.24941860465116278,99,97,Shotput/v_Shotput_g01_c05.avi
1.4110851268153992,4.568374604044041,97.0,0.8625,317.50697674418603,305.425846361672,0.2703488372093023,103,101,Shotput/v_Shotput_g01_c06.avi
1.7080809005802267,2.955825072785981,17.72004514666935,0.7382267441860465,319.9627906976744,308.34592249256906,0.27151162790697675,103,101,Shotput/v_Shotput_g01_c07.avi
0.13090573317641865,0.6821900177161377,16.257690487889107,0.958139534883721,284.0186046511628,248.97975938637967,0.2238372093023256,86,84,Shotput/v_Shotput_g02_c01.avi
0.04621819628652196,0.5900135318122419,37.013511046643494,0.9918604651162791,223.96279069767442,189.7040988674091,0.33430232558139533,91,89,Shotput/v_Shotput_g02_c02.avi
0.016096216740859003,0.10616573144558217,4.5155979670471105,0.9984011627906977,348.6511627906977,561.8632989301708,0.18255813953488373,74,72,Shotput/v_Shotput_g02_c03.avi
0.03150439660843427,0.22388577931701023,5.006246098625197,0.9949127906976745,311.92558139534884,453.4357871479957,0.3040697674418605,77,75,Shotput/v_Shotput_g02_c04.avi
0.08834246509639647,0.7246794263152814,21.286732957408002,0.9819767441860465,224.6325581395349,240.33877226031478,0.4494186046511628,95,93,Shotput/v_Shotput_g02_c05.avi
0.10273292543170458,0.5178890984280475,8.325412902673357,0.9683139534883721,321.6372093023256,572.0981526712758,0.33488372093023255,72,70,Shotput/v_Shotput_g02_c06.avi
0.13126787871100834,0.8917733230571467,32.96209944769902,0.9703488372093023,232.89302325581394,198.69739221302143,0.3133720930232558,89,87,Shotput/v_Shotput_g02_c07.avi
0.05713842841158432,0.22290715164495778,4.957633003762985,0.9909883720930233,384.8186046511628,346.1869902408328,0.20348837209302326,72,70,Shotput/v_Shotput_g03_c01.avi
0.14508065148276464,0.4882079928120484,16.0312195418814,0.9742732558139535,285.8046511627907,264.79756019522426,0.261046511627907,86,84,Shotput/v_Shotput_g03_c02.avi
0.052005273788789684,0.1803514540898938,2.0,0.9928779069767442,375.4418604651163,349.65559814976353,0.24302325581395348,71,69,Shotput/v_Shotput_g03_c03.avi
0.24410731126013654,0.5698626765750678,16.99448439935734,0.9688953488372093,354.7906976744186,347.66627664107244,0.29709302325581394,92,90,Shotput/v_Shotput_g03_c04.avi
0.0382398822922333,0.19094536250041705,3.125,0.9940406976744186,418.30697674418604,488.56059936680384,0.16627906976744186,67,65,Shotput/v_Shotput_g03_c05.avi
0.1751937514358517,0.8530419714916948,16.0,0.9604651162790697,263.1441860465116,231.18093719425028,0.26046511627906976,86,84,Shotput/v_Shotput_g03_c06.avi
1.7291631418376685,2.474611236142721,26.0,0.5181686046511628,319.1813953488372,298.87366799587545,0.24302325581395348,81,79,Shotput/v_Shotput_g04_c01.avi
1.0515415719913273,1.7862356946443776,21.623193566168712,0.7036337209302326,322.4186046511628,323.3776849068708,0.31453488372093025,78,76,Shotput/v_Shotput_g04_c02.avi
1.2104414384875548,1.2795499007114899,16.55294535724685,0.5306686046511628,315.0511627906977,246.20670496234538,0.10174418604651163,87,85,Shotput/v_Shotput_g04_c03.avi
0.7028517595175128,1.126407849745694,13.757384380760756,0.7117732558139535,252.87441860465117,210.50596422310502,0.2534883720930233,92,90,Shotput/v_Shotput_g04_c04.avi
1.3549057642374176,2.01640985290463,20.396078054371138,0.5720930232558139,308.13023255813954,254.6748803227122,0.1494186046511628,74,72,Shotput/v_Shotput_g04_c05.avi
0.6119203588272284,1.1695939096140355,24.020824298928627,0.8100290697674418,557.2837209302326,1024.8506951792592,0.17267441860465116,69,67,Shotput/v_Shotput_g05_c01.avi
0.6805039293983042,1.3430967428480531,18.54218164078866,0.7531976744186046,1402.0837209302326,1662.6873547069615,0.08430232558139535,132,130,Shotput/v_Shotput_g05_c02.avi
0.7916753963977872,1.408523250934983,13.601470508735444,0.7594476744186046,880.7813953488372,1323.5113774220058,0.0877906976744186,132,130,Shotput/v_Shotput_g05_c03.avi
0.9305038053647064,1.6793336438130744,50.00999900019995,0.6831395348837209,657.5255813953488,1186.1060064968551,0.2854651162790698,127,125,Shotput/v_Shotput_g05_c04.avi
0.3506957883435679,0.8061484862703585,12.211674741819813,0.9013081395348838,719.7023255813954,1222.1752261778847,0.1941860465116279,134,132,Shotput/v_Shotput_g05_c05.avi
0.7810799184684832,1.1698766909430152,13.786315678962238,0.6773255813953488,276.98604651162793,417.9790078079172,0.26744186046511625,127,125,Shotput/v_Shotput_g05_c06.avi
0.9902809990655412,1.7426238007004438,17.79922751132756,0.7143895348837209,508.9488372093023,840.8517897145072,0.15232558139534882,152,150,Shotput/v_Shotput_g05_c07.avi
2.1105600615721323,4.024529200009511,110.63453348751464,0.5270348837209302,313.6,297.4883511497004,0.25813953488372093,103,101,Shotput/v_Shotput_g06_c01.avi
3.165716628522687,9.903591623044363,191.09421759959145,0.6379360465116279,289.8232558139535,292.92981367255345,0.3308139534883721,103,101,Shotput/v_Shotput_g06_c02.avi
1.9181888534309914,2.0928436766372545,18.001736027394692,0.4190406976744186,321.07906976744187,276.20071616206394,0.16569767441860464,90,88,Shotput/v_Shotput_g06_c03.avi
1.460043659977598,2.6900317442256654,164.01219466856725,0.5095930232558139,326.66046511627906,271.29373263535877,0.13197674418604652,97,95,Shotput/v_Shotput_g06_c04.avi
2.2099497366871548,5.298695922959799,124.0,0.6229651162790698,289.04186046511626,258.303792868963,0.2302325581395349,88,86,Shotput/v_Shotput_g06_c05.avi
2.059063734309535,2.955434935006536,72.06247289678588,0.5156976744186047,328.446511627907,281.8360164390808,0.15755813953488373,92,90,Shotput/v_Shotput_g06_c06.avi
1.6376458820054351,4.670864575772752,140.58893982102575,0.6661337209302326,336.5953488372093,287.43863082403277,0.14767441860465116,103,101,Shotput/v_Shotput_g06_c07.avi
0.37799317243474356,1.2027635460823456,19.733379082154176,0.9315406976744186,333.3581395348837,661.0313134167465,0.2947674418604651,80,78,Shotput/v_Shotput_g07_c01.avi
1.8894546093978823,3.480807581166544,47.5,0.6824127906976745,206.66046511627906,166.17477789690588,0.3686046511627907,66,64,Shotput/v_Shotput_g07_c02.avi
0.22968016584120704,1.0479876381585371,19.463507520485614,0.9478197674418605,417.19069767441863,755.9573729258209,0.1883720930232558,72,70,Shotput/v_Shotput_g07_c03.avi
2.3967306355920606,3.7947011771973056,70.25667228100119,0.4770348837209302,182.32558139534885,160.82168674338533,0.47674418604651164,82,80,Shotput/v_Shotput_g07_c04.avi
4.915080355611326,6.4661788295172,134.84829439040007,0.3620639534883721,214.36279069767443,192.67477963784228,0.3843023255813954,82,80,Shotput/v_Shotput_g07_c05.avi
1.1026750817639912,1.9099315660572482,61.5311150963478,0.6614825581395349,187.23720930232557,116.69596558111887,0.386046511627907,61,59,Shotput/v_Shotput_g07_c06.avi
0.9932275558960046,1.466701231782908,20.305479556021325,0.7489825581395348,235.5720930232558,117.44141800515318,0.1622093023255814,79,77,Shotput/v_Shotput_g07_c07.avi
4.144658125976765,13.059485832552339,319.02507738420815,0.6335755813953489,710.660465116279,1229.2433032844033,0.28081395348837207,203,200,SkateBoarding/v_SkateBoarding_g01_c01.avi
1.6890485404193163,4.386226949053317,57.42821606144492,0.7530523255813953,323.42325581395346,287.027107412174,0.19069767441860466,176,173,SkateBoarding/v_SkateBoarding_g01_c02.avi
10.635801334107963,27.209387603687894,166.375,0.5843023255813954,882.9023255813953,1365.5712646478034,0.11162790697674418,113,111,SkateBoarding/v_SkateBoarding_g01_c03.avi
3.9049310336411653,6.974189737079513,204.0006127441778,0.5447674418604651,606.4,1030.7578462832182,0.20755813953488372,169,166,SkateBoarding/v_SkateBoarding_g01_c04.avi
2.525618553372339,5.929507933318889,104.17773274553444,0.6632267441860465,354.34418604651165,320.3335654655509,0.1994186046511628,370,366,SkateBoarding/v_SkateBoarding_g02_c01.avi
0.5370538732342759,3.5585848679277077,91.02197536858887,0.9625,778.9767441860465,1013.368536198377,0.11337209302325581,129,127,SkateBoarding/v_SkateBoarding_g02_c02.avi
3.88145488628684,14.568507538184502,258.1240012087214,0.7718023255813954,369.07906976744187,337.3651507058228,0.21569767441860466,112,110,SkateBoarding/v_SkateBoarding_g02_c03.avi
1.6107611747274002,2.657855216157336,47.80167361086848,0.6281976744186046,315.3860465116279,295.8357727802082,0.24651162790697675,78,76,SkateBoarding/v_SkateBoarding_g02_c04.avi
4.175893731396459,9.614342092965401,79.1012010022604,0.7638081395348837,274.9767441860465,265.6720734702046,0.3058139534883721,113,111,SkateBoarding/v_SkateBoarding_g02_c05.avi
2.2321594016693256,7.605791983163206,179.27911200137063,0.7075581395348837,551.4790697674418,915.4233730288444,0.21686046511627907,301,298,SkateBoarding/v_SkateBoarding_g02_c06.avi
2.272874723072206,8.725621759292727,137.00364958642524,0.7258720930232558,318.51162790697674,308.4002512662252,0.27674418604651163,127,125,SkateBoarding/v_SkateBoarding_g03_c01.avi
1.6140135130173208,4.190511367977222,38.60578000766206,0.7566860465116279,322.0837209302326,316.85215166392925,0.2930232558139535,127,125,SkateBoarding/v_SkateBoarding_g03_c02.avi
1.598548733324122,4.3132008146714,76.02631123499285,0.7430232558139535,338.71627906976744,315.3443720614113,0.23197674418604652,127,125,SkateBoarding/v_SkateBoarding_g03_c03.avi
1.6482204936452372,4.939917471929385,144.0,0.7199127906976744,320.63255813953486,315.55925969907463,0.2936046511627907,129,127,SkateBoarding/v_SkateBoarding_g03_c04.avi
0.8275209532879012,7.54954683290257,201.55644370746373,0.8226744186046512,474.0093023255814,964.7818020126945,0.23197674418604652,107,105,SkateBoarding/v_SkateBoarding_g04_c01.avi
2.541777694748878,8.115066980554026,172.2556240010758,0.5870639534883721,223.96279069767442,154.8722459608441,0.2691860465116279,146,144,SkateBoarding/v_SkateBoarding_g04_c02.avi
4.602107965904884,9.367263352219528,139.83204210766573,0.4184593023255814,220.6139534883721,153.44477012827372,0.2819767441860465,92,90,SkateBoarding/v_SkateBoarding_g04_c03.avi
1.8352338899731702,4.370168247525621,48.104053883222775,0.7572674418604651,594.6790697674419,1129.5881794456425,0.18023255813953487,136,134,SkateBoarding/v_SkateBoarding_g04_c04.avi
1.6171635585643984,9.37393516496067,191.41577782408638,0.8459302325581395,465.4139534883721,973.7198349703074,0.34186046511627904,104,102,SkateBoarding/v_SkateBoarding_g04_c05.avi
2.240275869415228,7.250259390597741,152.21618056238304,0.6129360465116279,217.37674418604652,216.96640489835275,0.42441860465116277,141,139,SkateBoarding/v_SkateBoarding_g05_c01.avi
4.381997820991443,17.11445062052301,162.85288606592147,0.6603197674418605,223.96279069767442,160.31224912688046,0.27848837209302324,105,103,SkateBoarding/v_SkateBoarding_g05_c02.avi
1.3473855124709464,4.116201156971035,77.67319357410251,0.6616279069767442,302.54883720930235,457.87681514517107,0.3598837209302326,161,159,SkateBoarding/v_SkateBoarding_g05_c03.avi
0.8961961567822144,2.4036121072734633,73.84527743870964,0.6597383720930232,293.95348837209303,300.484411505154,0.3395348837209302,186,183,SkateBoarding/v_SkateBoarding_g05_c04.avi
3.0105127488407852,12.676344181080234,207.55029510940233,0.6670058139534883,288.8186046511628,421.6622693831033,0.23837209302325582,130,128,SkateBoarding/v_SkateBoarding_g06_c01.avi
1.4384171457832242,7.816701863705307,137.9284234666662,0.759156976744186,618.2325581395348,1184.2272887829038,0.2622093023255814,151,149,SkateBoarding/v_SkateBoarding_g06_c02.avi
4.004368457825895,18.844094775037536,299.00094063397194,0.7876453488372093,660.7627906976744,1184.3810568891217,0.26395348837209304,124,122,SkateBoarding/v_SkateBoarding_g06_c03.avi
3.718884747631988,14.618799286601506,216.6702563805194,0.6941860465116279,708.5395348837209,1176.9467819348336,0.19186046511627908,151,149,SkateBoarding/v_SkateBoarding_g06_c04.avi
3.0234487344850307,10.47858064249118,259.03538006419126,0.6261627906976744,643.3488372093024,1183.6532899758868,0.25232558139534883,147,145,SkateBoarding/v_SkateBoarding_g07_c01.avi
1.7219940351296839,6.427574617800746,112.37882362794157,0.7252906976744186,1029.0232558139535,1565.8072216186517,0.225,200,197,SkateBoarding/v_SkateBoarding_g07_c02.avi
1.502568218344236,6.066114396610761,110.42191811411355,0.7870639534883721,691.4604651162791,1280.7281384884393,0.37383720930232556,186,183,SkateBoarding/v_SkateBoarding_g07_c03.avi
3.5424575512624963,6.329223346603845,148.05404418657398,0.4883720930232558,275.5348837209302,224.2908565189623,0.1936046511627907,173,170,SkateBoarding/v_SkateBoarding_g07_c04.avi
1.5356371580333508,5.81195834135103,98.60939356876708,0.7219476744186046,783.2186046511628,1215.6197629299877,0.18430232558139534,150,148,SkateBoarding/v_SkateBoarding_g07_c05.avi
5.715301049092786,17.485447075929414,321.0626885827751,0.4982558139534884,239.8139534883721,213.8009567509597,0.3168604651162791,241,238,Skiing/v_Skiing_g01_c01.avi
16.992371939685004,29.333881536569397,285.5,0.6058139534883721,202.97674418604652,155.19792140362037,0.36686046511627907,245,242,Skiing/v_Skiing_g01_c02.avi
4.745081480192485,11.644893786990407,179.88885457415086,0.35755813953488375,200.07441860465116,118.48969750725021,0.3261627906976744,246,243,Skiing/v_Skiing_g01_c03.avi
2.511031484770516,9.440065695802481,318.0,0.6656976744186046,269.95348837209303,412.1560978554839,0.2691860465116279,253,250,Skiing/v_Skiing_g01_c04.avi
5.396776010589286,8.359378975093275,61.587336360651285,0.3372093023255814,213.13488372093022,169.35921763246162,0.34418604651162793,261,258,Skiing/v_Skiing_g01_c05.avi
5.161860203506704,11.319223430138718,224.12942689437278,0.44113372093023256,307.68372093023254,425.62406434974577,0.1866279069767442,175,172,Skiing/v_Skiing_g01_c06.avi
6.016521435162882,13.493459752892475,119.43002658460728,0.6302325581395349,352.2232558139535,332.74696919082334,0.25,176,173,Skiing/v_Skiing_g02_c01.avi
3.0929710195030253,12.424377814775584,275.2949838355214,0.8045058139534884,290.71627906976744,310.9986143169852,0.3866279069767442,203,200,Skiing/v_Skiing_g02_c02.avi
3.422083776995389,6.391435889138618,221.75,0.5095930232558139,344.4093023255814,332.01555007990527,0.27209302325581397,201,198,Skiing/v_Skiing_g02_c03.avi
3.697431245652444,14.544220130735415,237.507894605632,0.8177325581395349,353.7860465116279,326.63141988556913,0.22325581395348837,178,175,Skiing/v_Skiing_g02_c04.avi
6.386973156346624,13.17510366921031,310.7426588030681,0.5933139534883721,310.47441860465113,298.3640012678623,0.27209302325581397,119,117,Skiing/v_Skiing_g02_c05.avi
1.3387910578413085,2.6484458654068543,28.071337695236398,0.7222383720930232,624.8186046511628,1131.247938043772,0.19069767441860466,209,206,Skiing/v_Skiing_g03_c01.avi
3.6444102955665576,9.561422081489145,197.0,0.5332848837209302,237.13488372093022,168.98706553464302,0.23546511627906977,111,109,Skiing/v_Skiing_g03_c02.avi
5.286098353455448,24.46255010238199,312.00160255998685,0.9100290697674419,192.14883720930231,210.21215459746466,0.5279069767441861,207,204,Skiing/v_Skiing_g03_c03.avi
0.4327688889276169,4.8238843720291,167.25,0.9792151162790698,494.2139534883721,982.2720746526949,0.3825581395348837,309,306,Skiing/v_Skiing_g03_c04.avi
1.3485827266876598,8.849272284202149,186.96791168540125,0.8158430232558139,224.6325581395349,208.84740141908023,0.37267441860465117,231,228,Skiing/v_Skiing_g03_c05.avi
1.5897355133810442,3.507636860152231,23.751315753027242,0.723546511627907,452.9116279069767,906.3349073512486,0.2744186046511628,301,298,Skiing/v_Skiing_g03_c06.avi
1.5710806210772104,5.505336636527711,94.0,0.8001453488372093,499.46046511627907,911.5997117614204,0.2436046511627907,301,298,Skiing/v_Skiing_g03_c07.avi
2.4582408744639284,2.651631180053785,12.90348790056394,0.28590116279069766,251.75813953488372,208.95348790620022,0.25465116279069766,231,228,Skiing/v_Skiing_g04_c01.avi
3.3934158760189566,6.872869275036661,214.84878403193255,0.3321220930232558,218.82790697674417,172.51012282476236,0.32383720930232557,253,250,Skiing/v_Skiing_g04_c02.avi
3.494629507198515,6.760201440048496,93.62157870918435,0.7424418604651163,555.7209302325581,1030.2510492329752,0.23430232558139535,155,153,Skiing/v_Skiing_g04_c03.avi
8.057677230371558,16.72380861001487,73.00684899377592,0.5334302325581395,294.1767441860465,239.2172242740887,0.15930232558139534,201,198,Skiing/v_Skiing_g04_c04.avi
3.19594460560255,3.478993835434281,12.727922061357855,0.4694767441860465,745.6,1166.5104742399992,0.0941860465116279,200,197,Skiing/v_Skiing_g04_c05.avi
1.8233191587652353,5.211225024589472,128.63125592172378,0.6276162790697675,693.5813953488372,1077.259620465942,0.15348837209302327,188,185,Skiing/v_Skiing_g04_c06.avi
0.8157952957532446,2.173881700402642,76.23647421018367,0.8036337209302326,364.5023255813953,587.762813057441,0.29534883720930233,280,277,Skiing/v_Skiing_g04_c07.avi
4.185549532167475,15.742671158036707,226.0,0.5648255813953489,280.5581395348837,268.8263295456823,0.2930232558139535,185,182,Skiing/v_Skiing_g05_c01.avi
3.283358990784067,7.6165680691425335,87.58139071743494,0.6255813953488372,260.68837209302325,237.7332697356649,0.2872093023255814,109,107,Skiing/v_Skiing_g05_c02.avi
4.520364038648394,11.120032345668102,175.20844728494114,0.45930232558139533,281.1162790697674,248.68670954120918,0.23430232558139535,279,276,Skiing/v_Skiing_g05_c03.avi
1.9585732651625405,4.464462290259974,119.0,0.5957848837209302,266.8279069767442,261.78472100455593,0.32732558139534884,255,252,Skiing/v_Skiing_g05_c04.avi
0.8862228749551375,2.5857235371697596,33.62523234120472,0.8011627906976744,463.6279069767442,510.6900495046492,0.1883720930232558,301,298,Skiing/v_Skiing_g06_c01.avi
1.8842837160954842,5.437309493194816,45.0111097397076,0.7178779069767441,393.30232558139534,347.9980977550069,0.1872093023255814,301,298,Skiing/v_Skiing_g06_c02.avi
2.029458440726535,4.732548151821754,57.0087712549569,0.7343023255813953,334.3627906976744,306.0917000639285,0.21511627906976744,301,298,Skiing/v_Skiing_g06_c03.avi
2.0970466656902573,6.03328410589221,128.56126943990557,0.7242732558139535,356.68837209302325,316.19983467134693,0.17790697674418604,301,298,Skiing/v_Skiing_g06_c04.avi
2.8401410249936494,8.304216356531425,96.13012014972206,0.690406976744186,379.90697674418607,348.098343091364,0.22441860465116278,301,298,Skiing/v_Skiing_g06_c05.avi
1.2832826026584374,6.885696250278815,242.03305559365234,0.8370639534883721,741.1348837209302,1021.7823986438966,0.1569767441860465,301,298,Skiing/v_Skiing_g06_c06.avi
1.603080494492085,4.212835575031238,86.44145417564422,0.7539244186046512,671.5906976744186,847.5764518755414,0.12616279069767442,301,298,Skiing/v_Skiing_g06_c07.avi
1.1080130731863342,2.9230685331618496,25.495097567963924,0.7893895348837209,1024.446511627907,1332.9833459677454,0.11627906976744186,237,234,Skiing/v_Skiing_g07_c01.avi
3.6968184849853127,10.723778429495542,111.30588483993108,0.6917151162790698,618.1209302325582,1035.170451880098,0.2534883720930233,180,177,Skiing/v_Skiing_g07_c02.avi
8.412928636642055,18.548248827119316,169.0,0.6200581395348838,491.31162790697675,972.2949359237306,0.2813953488372093,104,102,Skiing/v_Skiing_g07_c03.avi
3.3362931550913566,18.64078355139315,297.6995129320839,0.9502906976744186,456.5953488372093,612.8763591510719,0.22965116279069767,86,84,Skiing/v_Skiing_g07_c04.avi
1.9290687461390836,10.176757520316604,151.6683264561194,0.7511627906976744,311.1441860465116,282.5197134939606,0.21976744186046512,419,415,Skijet/v_Skijet_g01_c01.avi
1.8963589000901728,8.058897911577553,150.00333329629711,0.8396802325581395,450.34418604651165,774.6236731628703,0.2691860465116279,417,413,Skijet/v_Skijet_g01_c02.avi
2.146860447695118,15.364912732275702,274.0656855573131,0.8290697674418605,476.68837209302325,515.7430499635667,0.19244186046511627,417,413,Skijet/v_Skijet_g01_c03.avi
3.551659798637484,11.917404018627616,157.60061270502726,0.8598837209302326,268.27906976744185,286.99228784560677,0.39651162790697675,417,413,Skijet/v_Skijet_g01_c04.avi
2.1327388252985955,6.286201208198278,63.524109596278485,0.7824127906976744,268.5023255813953,227.776080872965,0.2302325581395349,211,208,Skijet/v_Skijet_g02_c01.avi
1.8154926422741506,8.583776363703178,172.19901277301216,0.7303779069767442,240.93023255813952,258.77397836082764,0.4273255813953488,184,181,Skijet/v_Skijet_g02_c02.avi
2.133272588253973,5.301755952352299,49.690290802127535,0.7572674418604651,287.70232558139537,245.3698200660441,0.2,211,208,Skijet/v_Skijet_g02_c03.avi
4.113885982817983,17.63857881865033,262.5509474368737,0.670639534883721,302.7720930232558,279.26971069957426,0.24011627906976743,211,208,Skijet/v_Skijet_g02_c04.avi
1.1540210021508217,6.797267090914446,296.52150006365474,0.8459302325581395,514.1953488372093,966.4145092553697,0.18546511627906978,317,314,Skijet/v_Skijet_g03_c01.avi
1.3584789496684957,10.30102557397662,254.46610776290032,0.8976744186046511,944.8558139534883,1474.988830119681,0.19593023255813954,317,314,Skijet/v_Skijet_g03_c02.avi
3.9038400972476546,16.181969451504465,216.33307652783935,0.8344476744186047,728.0744186046512,1265.7604439381944,0.19476744186046513,317,314,Skijet/v_Skijet_g03_c03.avi
2.441076900779209,15.579809602115619,246.6576574931336,0.8111918604651163,684.4279069767442,1129.4339076631886,0.17790697674418604,311,308,Skijet/v_Skijet_g03_c04.avi
3.7542112720136416,10.207312144589855,144.02777509911067,0.43357558139534885,267.27441860465115,192.72806253832954,0.15523255813953488,252,249,Skijet/v_Skijet_g04_c01.avi
2.426197873318417,4.9918143495271075,203.8062805705457,0.5479651162790697,279.10697674418606,230.9244167046759,0.19593023255813954,252,249,Skijet/v_Skijet_g04_c02.avi
3.3872163918771654,14.578481179381921,333.0135132393279,0.4736918604651163,261.13488372093025,167.73793358844432,0.1313953488372093,252,249,Skijet/v_Skijet_g04_c03.avi
3.028714606838604,4.913307361574792,155.50321540083985,0.42601744186046514,277.4325581395349,200.01328760619208,0.13023255813953488,252,249,Skijet/v_Skijet_g04_c04.avi
7.8628239941147875,18.826598974884426,208.0600874747485,0.4992732558139535,228.65116279069767,178.70840009940713,0.29127906976744183,211,208,Skijet/v_Skijet_g05_c01.avi
4.324815013037821,7.745325120496151,140.9432509913121,0.4864825581395349,215.92558139534884,187.71416679451676,0.36686046511627907,211,208,Skijet/v_Skijet_g05_c02.avi
3.270797827559128,10.727478975614536,255.9785147234041,0.6126453488372093,251.2,200.83442677176686,0.23895348837209301,211,208,Skijet/v_Skijet_g05_c03.avi
7.14302141388144,15.215709201043337,100.625,0.7561046511627907,425.7860465116279,833.2381277160323,0.23895348837209301,211,208,Skijet/v_Skijet_g05_c04.avi
6.6560295844491995,18.133024298926056,322.0,0.7645348837209303,285.13488372093025,268.32894675537136,0.2738372093023256,252,249,Skijet/v_Skijet_g06_c01.avi
15.383143297885638,30.66884115947705,322.0,0.6315406976744186,273.07906976744187,198.22774846019863,0.1436046511627907,252,249,Skijet/v_Skijet_g06_c02.avi
4.934818002092433,22.63497214490475,336.0,0.6402616279069767,305.33953488372094,257.94492123412965,0.1686046511627907,252,249,Skijet/v_Skijet_g06_c03.avi
5.003291570265376,11.790969210067766,113.21660655575224,0.6850290697674418,344.63255813953486,452.64096338120487,0.18953488372093022,252,249,Skijet/v_Skijet_g06_c04.avi
0.2508241265297047,0.5003320600774134,10.574881796029684,0.9489825581395349,955.3488372093024,1471.2523202838147,0.17151162790697674,200,197,Skijet/v_Skijet_g07_c01.avi
0.8896287094243102,6.012900125380288,99.18165152889924,0.95,1136.5209302325582,1564.598406986061,0.12558139534883722,198,195,Skijet/v_Skijet_g07_c02.avi
1.4988562578355566,11.75984753468287,218.40329667841556,0.9566860465116279,1145.4511627906977,1598.6286146616192,0.16279069767441862,198,195,Skijet/v_Skijet_g07_c03.avi
2.803143827923984,13.042654355111898,249.39326374222702,0.8784883720930232,659.2,1188.291606212612,0.313953488372093,204,201,Skijet/v_Skijet_g07_c04.avi
5.420336912197948,13.580127697139636,184.26695987072668,0.3566860465116279,367.51627906976745,331.9334038910709,0.2005813953488372,188,185,SkyDiving/v_SkyDiving_g01_c01.avi
4.029994654169763,7.271592851669057,261.19150062741323,0.4120639534883721,278.4372093023256,241.24748368202657,0.225,195,192,SkyDiving/v_SkyDiving_g01_c02.avi
3.1736298173423028,5.1611365692592965,48.41551920613885,0.404796511627907,383.5906976744186,476.13183625426905,0.19127906976744186,127,125,SkyDiving/v_SkyDiving_g01_c03.avi
4.43300042530525,6.349469852173649,66.37605931358083,0.3316860465116279,364.83720930232556,313.04364286213837,0.14244186046511628,98,96,SkyDiving/v_SkyDiving_g01_c04.avi
8.54573201170771,17.133242311109598,254.0,0.36366279069767443,255.88837209302326,226.84699608377812,0.2796511627906977,31,29,SkyDiving/v_SkyDiving_g02_c01.avi
14.871548332758833,39.182673516863936,302.00165562460086,0.35334302325581396,294.06511627906974,403.36461137952915,0.13662790697674418,128,126,SkyDiving/v_SkyDiving_g02_c02.avi
7.375074912986497,15.342144822216365,292.0,0.2611918604651163,257.7860465116279,197.71139593956116,0.20465116279069767,137,135,SkyDiving/v_SkyDiving_g02_c03.avi
0.9622236919746598,5.734057455382857,90.0,0.9069767441860465,472.2232558139535,504.6321122971591,0.13895348837209304,115,113,SkyDiving/v_SkyDiving_g02_c04.avi
9.946900164627934,34.85280095670526,273.3386178350948,0.49098837209302326,444.87441860465117,684.5375679272336,0.16279069767441862,188,185,SkyDiving/v_SkyDiving_g03_c01.avi
8.348371990504477,24.211931192500312,209.0,0.47281976744186044,195.49767441860465,173.9131265200733,0.436046511627907,203,200,SkyDiving/v_SkyDiving_g03_c02.avi
4.383301854214106,19.895205688002438,260.99042128016885,0.4770348837209302,288.3720930232558,429.35262372584896,0.2755813953488372,195,192,SkyDiving/v_SkyDiving_g03_c03.avi
2.6924098834211274,6.084295562634464,161.19500031018333,0.4638081395348837,251.9813953488372,204.70939044799061,0.2441860465116279,233,230,SkyDiving/v_SkyDiving_g03_c04.avi
5.199214847345275,14.210132067633106,148.5442379394098,0.5202034883720931,264.1488372093023,415.72832831521623,0.30872093023255814,248,245,SkyDiving/v_SkyDiving_g03_c05.avi
5.1102553414211025,21.144193992691335,320.31546949843056,0.41031976744186044,249.63720930232557,192.84156290309843,0.22848837209302325,150,148,SkyDiving/v_SkyDiving_g04_c01.avi
14.047269908422779,36.27507413056601,323.5463645291042,0.3997093023255814,259.3488372093023,183.40638366320673,0.1686046511627907,142,140,SkyDiving/v_SkyDiving_g04_c02.avi
6.581683887636713,7.840762458782606,120.125,0.2136627906976744,248.74418604651163,159.2009251204942,0.1680232558139535,128,126,SkyDiving/v_SkyDiving_g04_c03.avi
4.959809635721568,18.549617964322508,319.9015473548073,0.5809593023255814,327.10697674418606,448.06322508353134,0.225,103,101,SkyDiving/v_SkyDiving_g04_c04.avi
3.4875592012630565,14.634531093020989,237.77510382712484,0.5268895348837209,442.75348837209305,396.08109302928506,0.2622093023255814,187,184,SkyDiving/v_SkyDiving_g05_c01.avi
7.9863769551658805,16.03764048162732,95.2520505028632,0.44156976744186044,386.8279069767442,347.3507484906497,0.20232558139534884,171,168,SkyDiving/v_SkyDiving_g05_c02.avi
2.9606854445580897,12.962400758797221,201.51550808808736,0.6978197674418605,414.1767441860465,382.1992009758902,0.2691860465116279,201,198,SkyDiving/v_SkyDiving_g05_c03.avi
3.5904589686136776,7.561040617985312,75.03759474423471,0.5271802325581395,363.6093023255814,351.8355798697794,0.28604651162790695,212,209,SkyDiving/v_SkyDiving_g05_c04.avi
3.831238650875513,7.698424640193294,52.958857852110064,0.5286337209302325,366.95813953488374,349.87619486909017,0.2686046511627907,221,218,SkyDiving/v_SkyDiving_g05_c05.avi
21.26132687565701,32.77525852005187,212.5517584025124,0.5601744186046511,272.52093023255816,265.10948730590496,0.313953488372093,86,84,SkyDiving/v_SkyDiving_g06_c01.avi
1.5622035619560295,4.7797159579383,73.46438337725296,0.81875,340.3906976744186,574.3550768749863,0.28604651162790695,154,152,SkyDiving/v_SkyDiving_g06_c02.avi
3.779515050788189,4.805010575187934,78.43468620451031,0.5706395348837209,289.6,568.6286465474797,0.42965116279069765,161,159,SkyDiving/v_SkyDiving_g06_c03.avi
6.841561477973845,22.961335263536586,162.96635005423667,0.48531976744186045,223.29302325581395,160.57785968523956,0.2819767441860465,155,153,SkyDiving/v_SkyDiving_g06_c04.avi
9.665520709580925,17.272401103009496,188.0026595556563,0.24941860465116278,243.27441860465117,151.18408322310526,0.17790697674418604,168,165,SkyDiving/v_SkyDiving_g07_c01.avi
5.55973780819572,11.00209625106218,230.0195643852931,0.3127906976744186,274.4186046511628,423.7771591108935,0.3040697674418605,180,177,SkyDiving/v_SkyDiving_g07_c02.avi
10.057124813439005,27.333408018109242,319.30755158624106,0.4459302325581395,224.29767441860466,185.01375120278644,0.32325581395348835,204,201,SkyDiving/v_SkyDiving_g07_c03.avi
5.154556090034608,7.445274609756657,70.25667228100119,0.3309593023255814,243.3860465116279,194.52715429674214,0.25872093023255816,94,92,SkyDiving/v_SkyDiving_g07_c04.avi
4.829560878532832,7.069078547947872,127.5,0.22354651162790698,303.7767441860465,256.32295475354084,0.1697674418604651,157,155,SkyDiving/v_SkyDiving_g07_c05.avi
0.20439615421704269,0.6954407372110712,9.67115556694235,0.9438953488372093,437.95348837209303,969.610949394398,0.3546511627906977,901,894,SoccerJuggling/v_SoccerJuggling_g01_c01.avi
0.310134906253949,0.8626127048598605,10.744911586420802,0.9181686046511628,656.0744186046512,1176.3741826977016,0.16046511627906976,503,498,SoccerJuggling/v_SoccerJuggling_g01_c02.avi
0.3147103073842188,1.1825291579872708,12.658988901172163,0.9321220930232558,731.2,1261.2980954482548,0.13662790697674418,881,874,SoccerJuggling/v_SoccerJuggling_g01_c03.avi
0.5859205931139907,4.70380083532355,112.44554237496477,0.9306686046511627,1381.7674418604652,1775.2479661347452,0.23197674418604652,706,700,SoccerJuggling/v_SoccerJuggling_g01_c04.avi
0.4358788552085561,1.5383522387609034,32.57779151507972,0.9004360465116279,474.6790697674419,970.9859598434409,0.29593023255813955,291,288,SoccerJuggling/v_SoccerJuggling_g01_c05.avi
0.21653056405763488,3.444488595973864,104.00480758118829,0.9752906976744186,278.2139534883721,414.5428087307949,0.24709302325581395,241,238,SoccerJuggling/v_SoccerJuggling_g02_c01.avi
0.1110678157959028,1.0942774747511783,60.0,0.9723837209302325,450.34418604651165,908.5771000043114,0.30174418604651165,241,238,SoccerJuggling/v_SoccerJuggling_g02_c02.avi
0.11870871679611811,0.6248548459383712,12.357310589282767,0.9722383720930232,388.0558139534884,755.1011246930503,0.2563953488372093,241,238,SoccerJuggling/v_SoccerJuggling_g02_c03.avi
0.07843101377581695,0.4953439760070467,12.165525060596439,0.9787790697674419,343.1813953488372,572.3488281190203,0.26453488372093026,241,238,SoccerJuggling/v_SoccerJuggling_g02_c04.avi
0.11529803671960877,0.6535929488724714,9.792375860841943,0.9703488372093023,249.07906976744187,231.46568037148046,0.31976744186046513,241,238,SoccerJuggling/v_SoccerJuggling_g02_c05.avi
0.3577258872236328,3.959688317516608,96.0,0.9376453488372093,319.06976744186045,559.5684963516514,0.2668604651162791,241,238,SoccerJuggling/v_SoccerJuggling_g02_c06.avi
0.44248213118773344,1.9298985561749282,63.198101237299845,0.8693313953488372,258.0093023255814,416.7043901264733,0.3383720930232558,231,228,SoccerJuggling/v_SoccerJuggling_g03_c01.avi
0.9000604130008631,3.1470865268689194,39.66933639475206,0.8549418604651163,230.21395348837208,211.13789342005455,0.35290697674418603,231,228,SoccerJuggling/v_SoccerJuggling_g03_c02.avi
0.6451562473391614,1.9360724243962626,48.5367129088899,0.8188953488372093,216.37209302325581,201.88841302616626,0.39476744186046514,231,228,SoccerJuggling/v_SoccerJuggling_g03_c03.avi
0.47809329926400085,2.7115694099416707,86.26268022731499,0.8729651162790698,236.8,212.89803651863107,0.32790697674418606,231,228,SoccerJuggling/v_SoccerJuggling_g03_c04.avi
0.10658034778199706,0.6388655325738388,16.25,0.984593023255814,294.846511627907,263.5822093626245,0.22325581395348837,361,357,SoccerJuggling/v_SoccerJuggling_g04_c01.avi
0.09696433562162668,0.8250182717504552,20.396078054371138,0.9873546511627908,316.5023255813953,573.8976885920835,0.363953488372093,361,357,SoccerJuggling/v_SoccerJuggling_g04_c02.avi
0.06999449059666372,0.6883134253934112,32.0,0.9876453488372093,364.5023255813953,585.5708474953753,0.2813953488372093,361,357,SoccerJuggling/v_SoccerJuggling_g04_c03.avi
0.09173654416515292,1.015908889051656,30.675723300355934,0.9882267441860465,301.8790697674419,562.2696566339213,0.3447674418604651,361,357,SoccerJuggling/v_SoccerJuggling_g04_c04.avi
0.049473501917709474,0.4287837634246463,11.326131290074294,0.9917151162790697,419.646511627907,760.2091913288438,0.21744186046511627,361,357,SoccerJuggling/v_SoccerJuggling_g04_c05.avi
0.071965077052825,0.7533078623866992,22.0,0.990843023255814,329.45116279069765,571.3350958946714,0.30348837209302326,361,357,SoccerJuggling/v_SoccerJuggling_g04_c06.avi
0.05326708526188138,0.29978736633057834,12.0,0.9872093023255814,474.90232558139536,775.8192457574219,0.23197674418604652,241,238,SoccerJuggling/v_SoccerJuggling_g05_c01.avi
0.05413277768002808,0.4220988987390172,11.149551560488879,0.9866279069767442,265.6,202.3110384508709,0.18255813953488373,241,238,SoccerJuggling/v_SoccerJuggling_g05_c02.avi
0.08196054130158653,0.44829177815504423,13.788582233137676,0.9768895348837209,197.3953488372093,121.14456855342131,0.34244186046511627,241,238,SoccerJuggling/v_SoccerJuggling_g05_c03.avi
0.059830430141085855,0.40824586631304766,15.0,0.9876453488372093,437.3953488372093,833.8266547735956,0.2180232558139535,241,238,SoccerJuggling/v_SoccerJuggling_g05_c04.avi
0.06879412196722931,0.45426787463157997,16.0312195418814,0.984156976744186,273.07906976744187,184.79833956535273,0.11569767441860465,241,238,SoccerJuggling/v_SoccerJuggling_g05_c05.avi
0.047277044213256916,0.27361168638723576,5.630552814777604,0.9876453488372093,218.26976744186047,162.46811999966326,0.3081395348837209,241,238,SoccerJuggling/v_SoccerJuggling_g05_c06.avi
0.20700998116492042,1.0356636838056614,21.0,0.9515988372093023,253.87906976744185,212.09064380550205,0.25290697674418605,252,249,SoccerJuggling/v_SoccerJuggling_g06_c01.avi
0.34109493127648494,4.482747288462508,102.42070103255493,0.9665697674418605,219.60930232558138,164.60646772163088,0.3058139534883721,136,134,SoccerJuggling/v_SoccerJuggling_g06_c02.avi
0.24243215520711753,0.973592919371696,16.38263180932783,0.9420058139534884,209.22790697674418,213.0052061003482,0.45290697674418606,230,227,SoccerJuggling/v_SoccerJuggling_g06_c03.avi
0.20692822777943587,0.7658849665251465,10.796411440844592,0.952906976744186,224.52093023255813,160.08842986261953,0.2755813953488372,93,91,SoccerJuggling/v_SoccerJuggling_g06_c04.avi
0.17831910007011667,0.7741462442987189,14.920623311376774,0.9620639534883721,419.9813953488372,764.5929755487674,0.25290697674418605,301,298,SoccerJuggling/v_SoccerJuggling_g06_c05.avi
2.1078354670910295,3.4255763381253534,23.896914026710647,0.42296511627906974,257.2279069767442,390.33645494420574,0.22616279069767442,302,299,SoccerJuggling/v_SoccerJuggling_g07_c01.avi
2.328384496081178,7.409905731237179,199.98499943745782,0.5880813953488372,247.40465116279069,180.10916322064546,0.21220930232558138,302,299,SoccerJuggling/v_SoccerJuggling_g07_c02.avi
2.40029397053506,5.0845884503013075,98.00510190801293,0.5465116279069767,238.0279069767442,148.28451333709552,0.19593023255813954,302,299,SoccerJuggling/v_SoccerJuggling_g07_c03.avi
1.218638923555623,2.890035181298065,28.861739379323623,0.6412790697674419,231.2186046511628,190.50655516502235,0.30348837209302326,302,299,SoccerJuggling/v_SoccerJuggling_g07_c04.avi
1.1295338423585544,2.660746527819576,20.446576730592337,0.692296511627907,827.0883720930233,1381.020043168177,0.2116279069767442,361,357,SoccerJuggling/v_SoccerJuggling_g07_c05.avi
0.9853231091718169,4.30347925534684,81.74350127074322,0.8863372093023256,758.3255813953489,1304.564931859896,0.1744186046511628,361,357,SoccerJuggling/v_SoccerJuggling_g07_c06.avi
0.8640695899570453,2.0346611172799185,25.019992006393608,0.8068313953488372,348.98604651162793,659.9895663662244,0.23662790697674418,361,357,SoccerJuggling/v_SoccerJuggling_g07_c07.avi
0.2170510354487285,0.528650912881901,15.033296378372908,0.9693313953488372,238.25116279069766,194.45693535574975,0.28081395348837207,154,152,SoccerPenalty/v_SoccerPenalty_g01_c01.avi
0.2753192377916106,0.6093991188472844,8.793641168480779,0.9622093023255814,247.06976744186048,189.5440545648324,0.23255813953488372,139,137,SoccerPenalty/v_SoccerPenalty_g01_c02.avi
0.8458931246604744,1.1646502586592948,15.167811312117513,0.8079941860465116,270.06511627906974,231.69726728394303,0.23372093023255813,149,147,SoccerPenalty/v_SoccerPenalty_g01_c03.avi
0.09874565985017335,0.32017312773670964,5.0,0.9866279069767442,317.84186046511627,427.0114568652849,0.1569767441860465,133,131,SoccerPenalty/v_SoccerPenalty_g01_c04.avi
0.5600413625122459,1.7368950036403399,24.332334454383943,0.8188953488372093,236.0186046511628,189.77528848346728,0.28081395348837207,106,104,SoccerPenalty/v_SoccerPenalty_g01_c05.avi
0.20878453857739362,0.6684803339351141,16.048753845704034,0.9744186046511628,245.06046511627906,208.71003824660647,0.28255813953488373,93,91,SoccerPenalty/v_SoccerPenalty_g01_c06.avi
1.4008787195044563,2.1240989081312667,10.875718367078104,0.5671511627906977,291.3860465116279,220.3081030521039,0.12267441860465116,119,117,SoccerPenalty/v_SoccerPenalty_g02_c01.avi
1.633156765147442,4.0837572894226275,48.75,0.7188953488372093,240.37209302325581,163.58726044328813,0.2116279069767442,101,99,SoccerPenalty/v_SoccerPenalty_g02_c02.avi
1.4780779554015713,2.2355049980425794,20.125,0.5571220930232558,281.5627906976744,218.15414757423227,0.15523255813953488,92,90,SoccerPenalty/v_SoccerPenalty_g02_c03.avi
3.074565334471387,6.7808096150860635,43.104524124504614,0.5729651162790698,237.24651162790698,184.6939635241224,0.2651162790697674,122,120,SoccerPenalty/v_SoccerPenalty_g02_c04.avi
1.8726594461930817,4.158759326837122,37.80294300712578,0.6225290697674418,270.95813953488374,219.86912199270049,0.20116279069767443,101,99,SoccerPenalty/v_SoccerPenalty_g02_c05.avi
1.0605543832444582,2.2004701697065054,20.625378784400542,0.7276162790697674,310.80930232558137,272.6647074781854,0.19127906976744186,99,97,SoccerPenalty/v_SoccerPenalty_g03_c01.avi
1.656476769819005,2.8780646030459094,22.75,0.5863372093023256,308.4651162790698,285.4424023550036,0.23837209302325582,97,95,SoccerPenalty/v_SoccerPenalty_g03_c02.avi
0.9402339633777901,1.7486735451513116,13.789715370521613,0.7145348837209302,333.69302325581396,299.3972840094834,0.19534883720930232,139,137,SoccerPenalty/v_SoccerPenalty_g03_c03.avi
1.900229245713584,3.0467709058186383,24.005207768315607,0.5603197674418605,341.6186046511628,275.87389034629064,0.09593023255813954,99,97,SoccerPenalty/v_SoccerPenalty_g03_c04.avi
1.604301574785737,2.0145160610049704,16.0,0.5261627906976745,393.74883720930234,318.7551253556692,0.08023255813953488,71,69,SoccerPenalty/v_SoccerPenalty_g03_c05.avi
2.269655091832369,3.9092844345586046,22.5,0.5844476744186047,266.9395348837209,202.66648297316922,0.17790697674418604,59,57,SoccerPenalty/v_SoccerPenalty_g04_c01.avi
0.9150468871194894,1.3332917677058667,10.75,0.6888081395348837,272.8558139534884,210.9229610295042,0.17267441860465116,73,71,SoccerPenalty/v_SoccerPenalty_g04_c02.avi
0.9579634492737792,1.023212368796336,8.25,0.60625,336.3720930232558,293.4773889516053,0.16744186046511628,71,69,SoccerPenalty/v_SoccerPenalty_g04_c03.avi
4.816112230544528,8.599784922833319,209.0,0.42863372093023255,192.59534883720931,181.70115760787303,0.46511627906976744,84,82,SoccerPenalty/v_SoccerPenalty_g04_c04.avi
0.6524917842749581,1.1674881347811823,8.250946915354625,0.7809593023255814,295.51627906976745,445.3296541864045,0.3244186046511628,116,114,SoccerPenalty/v_SoccerPenalty_g04_c05.avi
0.3240505913217609,0.5947370381072422,15.751984002023365,0.9450581395348837,341.0604651162791,668.9699065569791,0.3267441860465116,95,93,SoccerPenalty/v_SoccerPenalty_g05_c01.avi
0.248243888220255,0.4549700998183632,13.038404810405298,0.9751453488372093,623.7023255813954,1133.4091257236557,0.21744186046511627,79,77,SoccerPenalty/v_SoccerPenalty_g05_c02.avi
0.22483962487928888,0.5562262497436705,12.041594578792296,0.9690406976744186,253.32093023255814,201.99112179216095,0.23255813953488372,90,88,SoccerPenalty/v_SoccerPenalty_g05_c03.avi
0.14253241383215087,0.3187695355913642,5.024937810560445,0.9745639534883721,634.9767441860465,1079.423823230172,0.1633720930232558,80,78,SoccerPenalty/v_SoccerPenalty_g05_c04.avi
0.4145887328153437,0.7390370597242221,17.979589122112884,0.8870639534883721,324.98604651162793,664.4619258980086,0.34767441860465115,101,99,SoccerPenalty/v_SoccerPenalty_g05_c05.avi
0.8573619482202537,1.7951044697541088,32.0,0.7699127906976744,332.353488372093,665.1718055208927,0.32790697674418606,76,74,SoccerPenalty/v_SoccerPenalty_g05_c06.avi
0.24684788951700215,0.564121922223257,12.198872898755852,0.9559593023255814,425.45116279069765,759.3316866861442,0.19651162790697674,138,136,SoccerPenalty/v_SoccerPenalty_g05_c07.avi
3.9708394441164843,10.480980835425953,144.25324953012324,0.7385174418604651,318.1767441860465,285.48192859126897,0.20406976744186048,102,100,SoccerPenalty/v_SoccerPenalty_g06_c01.avi
2.5675929076001296,3.0428645416269107,23.0,0.4,351.21860465116276,304.4236699349406,0.15523255813953488,51,49,SoccerPenalty/v_SoccerPenalty_g06_c02.avi
2.4728311814052857,3.9806484371577557,75.0,0.3986918604651163,362.04651162790697,467.68096626734933,0.21046511627906977,66,64,SoccerPenalty/v_SoccerPenalty_g06_c03.avi
2.5021011316646122,3.976069691108365,41.23105625617661,0.3546511627906977,336.1488372093023,272.4067686657712,0.10348837209302325,56,54,SoccerPenalty/v_SoccerPenalty_g06_c04.avi
3.8635645093198976,4.262096116332053,21.503270100149884,0.3261627906976744,316.9488372093023,248.47589782707996,0.10116279069767442,61,59,SoccerPenalty/v_SoccerPenalty_g06_c05.avi
2.804183029722331,2.1776366159925473,22.0,0.13938953488372094,319.1813953488372,260.56268205898925,0.12674418604651164,87,85,SoccerPenalty/v_SoccerPenalty_g06_c06.avi
2.7615224741894724,3.37440606072059,53.08483775994799,0.39563953488372094,254.10232558139535,189.5753117676481,0.20290697674418604,63,61,SoccerPenalty/v_SoccerPenalty_g06_c07.avi
4.179132341388809,7.741288740588605,71.75,0.4197674418604651,290.9395348837209,208.58805751844608,0.09709302325581395,61,59,SoccerPenalty/v_SoccerPenalty_g07_c01.avi
0.4842714260625186,0.6114476821621516,4.743416490252569,0.8193313953488373,336.2604651162791,293.54444545971023,0.1680232558139535,147,145,SoccerPenalty/v_SoccerPenalty_g07_c02.avi
2.2493769190837885,5.66239977629802,73.0,0.6078488372093023,265.04186046511626,222.75625038348701,0.23197674418604652,74,72,SoccerPenalty/v_SoccerPenalty_g07_c03.avi
1.934536585178973,6.698372869988695,101.0,0.7034883720930233,294.06511627906974,277.4396820125395,0.2668604651162791,72,70,SoccerPenalty/v_SoccerPenalty_g07_c04.avi
1.9580840758101332,4.760233931512965,60.5,0.6747093023255814,259.90697674418607,205.18214414735615,0.21220930232558138,71,69,SoccerPenalty/v_SoccerPenalty_g07_c05.avi
1.5302957008247466,1.8255752395866758,15.5,0.5050872093023255,328.33488372093024,282.66196335430783,0.16046511627906976,97,95,SoccerPenalty/v_SoccerPenalty_g07_c06.avi
3.7871181057316408,15.559024265353772,166.00301202086666,0.5245639534883721,293.6186046511628,299.2042525936856,0.33662790697674416,126,124,StillRings/v_StillRings_g01_c01.avi
1.16483079540043,3.5740931922469326,77.08122744871153,0.6648255813953489,415.293023255814,348.57288143551165,0.13313953488372093,208,205,StillRings/v_StillRings_g01_c02.avi
1.7484565339930653,5.374831540036024,191.01047091717248,0.5859011627906977,343.293023255814,325.46831046065876,0.25232558139534883,147,145,StillRings/v_StillRings_g01_c03.avi
1.5918555312061746,3.325070878839879,37.558288033402164,0.6776162790697674,396.6511627906977,341.9897240208501,0.1558139534883721,139,137,StillRings/v_StillRings_g01_c04.avi
2.8319513356968997,8.395918525659477,136.0036764208968,0.6972383720930233,419.0883720930233,534.2647254325667,0.4180232558139535,237,234,StillRings/v_StillRings_g01_c05.avi
1.4003179215832688,2.1124752686466834,15.5,0.6415697674418605,292.3906976744186,255.76689224620276,0.21046511627906977,189,186,StillRings/v_StillRings_g02_c01.avi
0.5976128755831023,0.8437346699252124,17.46424919657298,0.8395348837209302,346.86511627906975,286.162314392505,0.11046511627906977,95,93,StillRings/v_StillRings_g02_c02.avi
3.010060792940815,5.278550169298984,19.96246477767713,0.5984011627906977,366.4,358.6714088617654,0.3040697674418605,160,158,StillRings/v_StillRings_g02_c03.avi
1.6273058854136644,1.8876552356251222,8.804295826470167,0.5674418604651162,247.29302325581395,214.88519963248393,0.2872093023255814,157,155,StillRings/v_StillRings_g02_c04.avi
0.3775340694182962,0.8842409676827133,14.020074892809953,0.8081395348837209,409.3767441860465,670.3778056065585,0.14069767441860465,117,115,StillRings/v_StillRings_g03_c01.avi
1.4971324386215301,3.633186773720665,25.401771591761076,0.8265988372093023,247.06976744186048,209.931704880181,0.27674418604651163,114,112,StillRings/v_StillRings_g03_c02.avi
1.4087808630511554,3.0124559573331147,15.076886283314602,0.80625,219.72093023255815,179.5154104392745,0.33313953488372094,147,145,StillRings/v_StillRings_g03_c03.avi
0.47365134109622,1.0567228675726705,32.0,0.7633720930232558,271.8511627906977,227.0961607328009,0.21511627906976744,124,122,StillRings/v_StillRings_g03_c04.avi
0.5417706819127223,0.7377839721470189,14.348889329840132,0.73125,316.72558139534885,456.9875821899593,0.30465116279069765,197,194,StillRings/v_StillRings_g03_c05.avi
0.25455740482785677,0.6691161522309683,16.142432437523162,0.9399709302325582,354.90232558139536,583.350438969368,0.29651162790697677,262,259,StillRings/v_StillRings_g03_c06.avi
1.7213948653708533,6.386391094708175,88.58655724769983,0.7510174418604652,271.9627906976744,420.37343145265703,0.2982558139534884,140,138,StillRings/v_StillRings_g03_c07.avi
4.322818893202556,11.928182093651303,55.036351623268054,0.7552325581395349,252.31627906976743,187.0449080888561,0.2052325581395349,114,112,StillRings/v_StillRings_g04_c01.avi
5.780219279482696,13.969610127818449,68.00045955727064,0.8101744186046511,272.4093023255814,244.99085869415478,0.25872093023255816,184,181,StillRings/v_StillRings_g04_c02.avi
0.300522669295494,0.5969105650122405,11.195004466278698,0.9325581395348838,227.646511627907,122.17846525289222,0.20348837209302326,178,175,StillRings/v_StillRings_g04_c03.avi
1.8021272061421867,3.373793679250348,14.553779577827884,0.7322674418604651,252.53953488372093,186.9345540737731,0.20406976744186048,78,76,StillRings/v_StillRings_g04_c04.avi
2.207541822206518,5.742381036788522,85.25,0.8200581395348837,289.04186046511626,278.2752746477121,0.28837209302325584,87,85,StillRings/v_StillRings_g05_c01.avi
4.919710578442273,13.19211883063196,263.1216448717209,0.6020348837209303,259.90697674418607,294.41371097002093,0.45406976744186045,167,164,StillRings/v_StillRings_g05_c02.avi
5.873602782765093,17.82159205475994,266.8501452126268,0.6507267441860465,267.16279069767444,435.62352693595295,0.3883720930232558,123,121,StillRings/v_StillRings_g05_c03.avi
2.0522785313756056,3.6671149731712953,20.775962673243328,0.6594476744186046,213.8046511627907,147.4872922448423,0.30348837209302326,107,105,StillRings/v_StillRings_g05_c04.avi
9.97961830979748,20.502668251633487,326.25,0.37020348837209305,232.5581395348837,211.3603010320354,0.3430232558139535,156,154,StillRings/v_StillRings_g06_c01.avi
7.044662303806141,12.13865115439138,223.23530186778254,0.44462209302325584,270.28837209302327,225.97017832603208,0.2186046511627907,79,77,StillRings/v_StillRings_g06_c02.avi
1.8074224414627267,3.174015754156208,59.21148537234985,0.6023255813953489,330.0093023255814,291.38243056797245,0.1819767441860465,129,127,StillRings/v_StillRings_g06_c03.avi
5.763386230191764,21.76786980967983,334.0538878684096,0.5527616279069767,249.63720930232557,240.339601807241,0.34011627906976744,126,124,StillRings/v_StillRings_g06_c04.avi
4.679010654150287,16.47934652626723,330.1211898682058,0.7207848837209302,271.06976744186045,294.78170049454826,0.40988372093023256,163,160,StillRings/v_StillRings_g07_c01.avi
1.07280187415878,2.089636607092863,31.340120054013834,0.657703488372093,382.5860465116279,329.26191001495374,0.14767441860465116,272,269,StillRings/v_StillRings_g07_c02.avi
2.8946191344677086,3.4895426231799624,43.46262762420146,0.47674418604651164,221.06046511627906,189.530610081652,0.3470930232558139,238,235,StillRings/v_StillRings_g07_c03.avi
0.5757767138249574,3.158309982596036,106.77546534667971,0.8723837209302325,421.54418604651164,761.5310384128791,0.2238372093023256,217,214,StillRings/v_StillRings_g07_c04.avi
1.725782777923328,5.8838982760867,320.50351012118415,0.5095930232558139,292.0558139534884,313.1816571467344,0.38895348837209304,242,239,SumoWrestling/v_SumoWrestling_g01_c01.avi
0.7881652096611519,1.4065869102194584,25.25,0.8093023255813954,314.3813953488372,290.51816358843587,0.23313953488372094,156,154,SumoWrestling/v_SumoWrestling_g01_c02.avi
2.376266943116371,4.39015633008124,164.68454693747074,0.5126453488372092,227.08837209302325,174.45406300040688,0.29011627906976745,113,111,SumoWrestling/v_SumoWrestling_g01_c03.avi
3.5212397271539437,4.74193356341208,137.64083696345355,0.5340116279069768,227.4232558139535,165.4950639848608,0.27209302325581397,174,171,SumoWrestling/v_SumoWrestling_g01_c04.avi
2.1111145043251365,3.576008362861578,77.53265441089967,0.3675872093023256,305.6744186046512,302.15872318494297,0.30174418604651165,264,261,SumoWrestling/v_SumoWrestling_g02_c01.avi
0.7609731893196237,1.9293688440866017,18.721645226849056,0.829360465116279,328.0,482.29683034220693,0.39476744186046514,112,110,SumoWrestling/v_SumoWrestling_g02_c02.avi
0.08891602758022159,0.474496758736012,15.90990257669732,0.9734011627906977,500.2418604651163,630.171875496127,0.26976744186046514,188,185,SumoWrestling/v_SumoWrestling_g02_c03.avi
2.1946362122817176,8.548544870715888,175.62050705996722,0.5135174418604651,227.75813953488372,135.43142816965917,0.22151162790697673,278,275,SumoWrestling/v_SumoWrestling_g02_c04.avi
1.0144169517367367,1.6958579464766455,20.303940504246953,0.7068313953488372,385.93488372093026,840.8466029623705,0.40930232558139534,117,115,SumoWrestling/v_SumoWrestling_g03_c01.avi
0.3117767402610179,0.4643685999774365,5.8576872569299905,0.9270348837209302,858.1209302325582,1416.2897497134263,0.21976744186046512,232,229,SumoWrestling/v_SumoWrestling_g03_c02.avi
1.8736630922758528,2.44843612722779,20.248456731316587,0.4857558139534884,340.6139534883721,546.7543088297566,0.11744186046511627,252,249,SumoWrestling/v_SumoWrestling_g03_c03.avi
0.6445956761204173,1.0333965735768385,17.5,0.7847383720930232,317.95348837209303,552.17548413392,0.22616279069767442,274,271,SumoWrestling/v_SumoWrestling_g03_c04.avi
1.7422493216791926,2.9700281344496293,33.415939310454824,0.6271802325581395,337.71162790697673,301.3278684147825,0.1883720930232558,172,169,SumoWrestling/v_SumoWrestling_g04_c01.avi
0.49383578511800996,1.360149969569753,29.017236257093817,0.852906976744186,214.8093023255814,152.83319956806153,0.3075581395348837,256,253,SumoWrestling/v_SumoWrestling_g04_c02.avi
2.2235232533498697,6.73274846686853,253.86019774671254,0.5899709302325581,397.7674418604651,484.4946941994406,0.19651162790697674,249,246,SumoWrestling/v_SumoWrestling_g04_c03.avi
1.4141449689941874,2.837831027481148,49.24428900898052,0.6840116279069768,299.646511627907,329.3193342079692,0.41686046511627906,124,122,SumoWrestling/v_SumoWrestling_g04_c04.avi
1.4339075283459732,1.457524596757373,16.0312195418814,0.6069767441860465,455.1441860465116,589.34528328588,0.07906976744186046,127,125,SumoWrestling/v_SumoWrestling_g05_c01.avi
1.223492696285457,1.2532587017809333,31.0,0.3819767441860465,286.3627906976744,194.49464274711602,0.08372093023255814,290,287,SumoWrestling/v_SumoWrestling_g05_c02.avi
2.242729256772593,2.0725526162429078,16.25,0.32165697674418603,289.04186046511626,197.12565492369782,0.07906976744186046,220,217,SumoWrestling/v_SumoWrestling_g05_c03.avi
1.1307466674209865,1.3545361455533473,17.0,0.5082848837209303,289.04186046511626,233.00207228598185,0.16279069767441862,227,224,SumoWrestling/v_SumoWrestling_g05_c04.avi
1.614418687154946,3.047589913840576,19.794254216817567,0.6700581395348837,322.75348837209305,282.8977129214787,0.18023255813953487,242,239,SumoWrestling/v_SumoWrestling_g06_c01.avi
0.8837145718310803,1.5424546013573712,41.97618372363071,0.7078488372093024,290.3813953488372,260.11400653954223,0.2302325581395349,151,149,SumoWrestling/v_SumoWrestling_g06_c02.avi
0.5470543781947894,1.0470730432397293,12.51561524656299,0.8248546511627907,261.4697674418605,270.3267235366963,0.37383720930232556,73,71,SumoWrestling/v_SumoWrestling_g06_c03.avi
1.944453054633652,4.007972935216817,88.0,0.7392441860465117,296.07441860465116,297.3755499661753,0.32151162790697674,304,301,SumoWrestling/v_SumoWrestling_g06_c04.avi
2.891000451758633,7.140471887183109,89.02246907382428,0.6630813953488373,262.47441860465113,289.115761874369,0.42674418604651165,122,120,SumoWrestling/v_SumoWrestling_g06_c05.avi
2.006531942066628,2.7569875360693796,17.89727632909544,0.5840116279069767,276.6511627906977,247.3704390717591,0.24825581395348836,229,226,SumoWrestling/v_SumoWrestling_g06_c06.avi
2.616523831154909,8.545616066114173,197.49465973792812,0.7745639534883721,284.8,290.7146479137711,0.3430232558139535,265,262,SumoWrestling/v_SumoWrestling_g06_c07.avi
1.4224496382215885,2.364267180636016,49.72926703662542,0.6265988372093023,338.6046511627907,367.50511083520263,0.4255813953488372,110,108,SumoWrestling/v_SumoWrestling_g07_c01.avi
0.750143752995216,1.3212282842330347,19.69295559330798,0.8072674418604651,333.0232558139535,355.99852941766375,0.3988372093023256,262,259,SumoWrestling/v_SumoWrestling_g07_c02.avi
0.5745649022082779,1.3169234673244785,14.355421449752006,0.7927325581395349,561.9720930232559,865.7462000737462,0.3226744186046512,158,156,SumoWrestling/v_SumoWrestling_g07_c03.avi
1.471675767038185,7.247953695574713,166.75,0.7847383720930232,699.3860465116279,1035.7684911442136,0.27674418604651163,104,102,SumoWrestling/v_SumoWrestling_g07_c04.avi
2.384255162918803,4.273021641181098,145.33065746772084,0.5984011627906977,380.4651162790698,361.04984831622977,0.27267441860465114,248,245,SumoWrestling/v_SumoWrestling_g07_c05.avi
0.994915334355682,1.9604327682430556,21.914607000811127,0.7892441860465116,635.7581395348838,981.9535616909126,0.26395348837209304,235,232,SumoWrestling/v_SumoWrestling_g07_c06.avi
0.9683913281628561,4.007150600538197,92.35799911215054,0.7359011627906977,813.9162790697675,1172.640595017855,0.2755813953488372,188,185,SumoWrestling/v_SumoWrestling_g07_c07.avi
2.7319178329797773,7.13066407420563,255.07057846799972,0.4906976744186046,274.9767441860465,215.81748192785204,0.1755813953488372,255,252,Surfing/v_Surfing_g01_c01.avi
4.7294687082567135,20.878215138753177,319.100297712177,0.7677325581395349,288.706976744186,306.28775449889633,0.3784883720930233,204,201,Surfing/v_Surfing_g01_c02.avi
6.276261079989633,16.62430762182973,188.7541390274661,0.6909883720930232,374.9953488372093,490.2349460248097,0.2895348837209302,221,218,Surfing/v_Surfing_g01_c03.avi
4.472416206384569,21.19033021372814,300.00166666203705,0.6989825581395349,286.3627906976744,281.0314531956081,0.30697674418604654,284,281,Surfing/v_Surfing_g01_c04.avi
3.1441447038394332,5.649246714222157,73.38426261808453,0.5638081395348837,330.6790697674419,285.78834952586163,0.1622093023255814,119,117,Surfing/v_Surfing_g01_c05.avi
1.916947398854264,3.3393974588313275,74.67261881037788,0.5213662790697674,273.52558139534887,189.1133240826574,0.12267441860465116,214,211,Surfing/v_Surfing_g01_c06.avi
3.0721443289623833,5.509609337047312,91.00549433962765,0.5338662790697675,351.21860465116276,306.5285048817316,0.1622093023255814,236,233,Surfing/v_Surfing_g01_c07.avi
1.467404069661491,4.043149656449952,112.01785571952357,0.6392441860465117,315.9441860465116,296.98878946998843,0.24825581395348836,159,157,Surfing/v_Surfing_g02_c01.avi
7.893064303891617,18.84644723582672,232.0021551624036,0.6156976744186047,275.42325581395346,213.58138238392314,0.1686046511627907,95,93,Surfing/v_Surfing_g02_c02.avi
5.596681595940077,11.361070020809457,244.00204917172314,0.4492732558139535,339.27441860465115,329.0044659999584,0.2779069767441861,280,277,Surfing/v_Surfing_g02_c03.avi
6.075824818544618,24.083977984950696,334.0494910937599,0.8020348837209302,262.3627906976744,246.76360688974225,0.3040697674418605,244,241,Surfing/v_Surfing_g02_c04.avi
2.946491474683847,9.388714718296807,170.125,0.672093023255814,418.30697674418604,488.1217144226017,0.16395348837209303,169,166,Surfing/v_Surfing_g02_c05.avi
3.0527209766875187,7.689085457494213,127.01574705523721,0.4206395348837209,314.15813953488373,285.42797424264427,0.2180232558139535,279,276,Surfing/v_Surfing_g02_c06.avi
5.920592614300198,13.436973477770067,131.3202193114221,0.5338662790697675,371.7581395348837,494.2506445550176,0.32034883720930235,127,125,Surfing/v_Surfing_g03_c01.avi
5.316660659255819,8.0014177564417,73.00267546467047,0.5279069767441861,322.30697674418604,294.28901898560724,0.21744186046511627,129,127,Surfing/v_Surfing_g03_c02.avi
0.885727461191064,3.2991332217611458,128.16005617976296,0.7678779069767442,386.8279069767442,338.60216508159664,0.1697674418604651,127,125,Surfing/v_Surfing_g03_c03.avi
2.4070678342370453,12.54093593889061,143.0,0.6829941860465116,391.51627906976745,342.99614000827074,0.17325581395348838,136,134,Surfing/v_Surfing_g03_c04.avi
3.5756590388665406,9.446341461976713,159.9656213065795,0.6896802325581395,474.34418604651165,612.7725877735255,0.19534883720930232,114,112,Surfing/v_Surfing_g04_c01.avi
1.7280994284065592,5.32867071559053,60.00833275470999,0.7478197674418605,389.50697674418603,345.5864428564998,0.1883720930232558,177,174,Surfing/v_Surfing_g04_c02.avi
1.959869438847021,9.343990385916076,204.1298606279836,0.7234011627906977,483.16279069767444,515.8824875308806,0.1819767441860465,145,143,Surfing/v_Surfing_g04_c03.avi
2.3840140340450353,5.689724957373908,132.17773309071387,0.6296511627906977,437.84186046511627,376.3380384414177,0.19011627906976744,133,131,Surfing/v_Surfing_g04_c04.avi
1.8104923648985085,4.359025740387999,136.08292508614002,0.6938953488372093,445.8790697674419,502.82739585969426,0.1808139534883721,238,235,Surfing/v_Surfing_g05_c01.avi
1.313221140503229,6.204574245644175,172.00290695217916,0.8072674418604651,581.953488372093,911.9446625777849,0.15813953488372093,298,295,Surfing/v_Surfing_g05_c02.avi
0.8779222955755763,4.012294433576677,119.5198728245642,0.703343023255814,515.0883720930233,616.3886320161536,0.15523255813953488,278,275,Surfing/v_Surfing_g05_c03.avi
1.8205298670901582,3.3829010444986265,24.15348059804218,0.6411337209302326,382.80930232558137,358.4139686685252,0.2558139534883721,242,239,Surfing/v_Surfing_g05_c04.avi
3.4567003373435714,9.526712417495222,269.2351435084209,0.6100290697674419,335.25581395348837,335.66235062781266,0.31511627906976747,266,263,Surfing/v_Surfing_g06_c01.avi
4.391039275641659,17.603380442522713,261.62425346286227,0.6787790697674418,317.6186046511628,305.36825443496525,0.26976744186046514,266,263,Surfing/v_Surfing_g06_c02.avi
6.057793320484261,12.821353350974322,292.45581931293486,0.5375,309.9162790697674,288.4226428312843,0.2424418604651163,127,125,Surfing/v_Surfing_g06_c03.avi
3.5158844553522393,8.394473790389887,193.5071058126807,0.6597383720930232,412.27906976744185,587.0651612175719,0.16046511627906976,141,139,Surfing/v_Surfing_g06_c04.avi
2.0812475385302043,7.464769895191577,92.21984602025748,0.6712209302325581,349.3209302325581,332.47850677735863,0.25813953488372093,265,262,Surfing/v_Surfing_g07_c01.avi
1.600064551661908,9.590912655589294,262.30385529000523,0.7770348837209302,337.2651162790698,333.9644312516911,0.3023255813953488,242,239,Surfing/v_Surfing_g07_c02.avi
1.4372468767056665,4.643357660316587,126.68668290313705,0.7488372093023256,343.8511627906977,304.7378685775031,0.17965116279069768,197,194,Surfing/v_Surfing_g07_c03.avi
1.6877837717562207,4.2075058103360305,98.00510190801293,0.6986918604651163,405.69302325581396,359.6012762189559,0.1994186046511628,214,211,Surfing/v_Surfing_g07_c04.avi
5.920225227257467,10.185341155148953,48.75448697299562,0.39491279069767443,321.30232558139534,423.69776057960587,0.1296511627906977,169,166,Swing/v_Swing_g01_c01.avi
10.239120857426617,22.08779910229379,217.23029254687293,0.501453488372093,320.07441860465116,302.6751947742641,0.25232558139534883,169,166,Swing/v_Swing_g01_c02.avi
7.201532689081421,12.190451433863169,127.67536959022284,0.5885174418604651,287.1441860465116,210.92296102950425,0.11686046511627907,169,166,Swing/v_Swing_g01_c03.avi
10.65431361657441,18.490934959305605,108.0,0.4116279069767442,306.7906976744186,260.43474906033157,0.17034883720930233,127,125,Swing/v_Swing_g01_c04.avi
4.948457109299845,10.584632604997147,261.1982006063595,0.48619186046511625,233.0046511627907,150.82099347037183,0.22209302325581395,202,199,Swing/v_Swing_g01_c05.avi
3.685681412172742,7.974555020960405,208.00240383226344,0.5578488372093023,770.2697674418605,1305.603316573906,0.2052325581395349,137,135,Swing/v_Swing_g02_c01.avi
3.5579556956744884,10.058358699094615,223.95493408273015,0.698110465116279,836.2418604651162,1422.3525932914984,0.26395348837209304,336,332,Swing/v_Swing_g02_c02.avi
1.4892736197916572,4.726516032127938,114.29983869192468,0.6880813953488372,882.0093023255814,1447.698947217249,0.17209302325581396,301,298,Swing/v_Swing_g02_c03.avi
2.4171815062592215,5.36859472570614,244.8121728999602,0.6047965116279069,482.3813953488372,904.1326840411984,0.19767441860465115,336,332,Swing/v_Swing_g02_c04.avi
3.6910087266175617,9.478279522415077,325.613267542955,0.45988372093023255,344.52093023255816,562.4716454075767,0.1994186046511628,202,199,Swing/v_Swing_g02_c05.avi
2.2282093395471216,5.624342017361125,121.39604606411199,0.7790697674418605,1200.1488372093024,1615.2372066236705,0.17325581395348838,146,144,Swing/v_Swing_g03_c01.avi
2.3977663411235492,5.255070814206834,25.191764527321226,0.7822674418604652,533.953488372093,976.0001418577949,0.2616279069767442,146,144,Swing/v_Swing_g03_c02.avi
1.9077253205321878,3.8147871855100592,130.26895255585654,0.7420058139534884,494.4372093023256,913.92368238279,0.2744186046511628,146,144,Swing/v_Swing_g03_c03.avi
1.412505672272903,3.2994349163487513,30.4138126514911,0.767296511627907,455.92558139534884,772.5086612272859,0.24011627906976743,146,144,Swing/v_Swing_g03_c04.avi
6.985937788619789,10.225115602022596,73.60027173862879,0.3375,263.8139534883721,190.1577381720121,0.16395348837209303,127,125,Swing/v_Swing_g04_c01.avi
3.9545311395124836,8.154248348792013,294.11052344314373,0.34244186046511627,265.3767441860465,180.01065192927982,0.1372093023255814,127,125,Swing/v_Swing_g04_c02.avi
2.2864848901410477,5.877383324201217,191.04188022525324,0.4643895348837209,264.3720930232558,226.8814897341591,0.24476744186046512,169,166,Swing/v_Swing_g04_c03.avi
1.8861806467706634,6.776558612081825,178.02527910383964,0.45494186046511625,326.3255813953488,304.2572137785559,0.23604651162790696,169,166,Swing/v_Swing_g04_c04.avi
2.242854961139848,3.3987633036046963,28.531780526283317,0.49142441860465114,251.646511627907,152.0091358160824,0.1436046511627907,152,150,Swing/v_Swing_g04_c05.avi
1.8143980187419317,3.3910443999545716,99.14131328563285,0.6678779069767442,263.0325581395349,181.36257879308835,0.1494186046511628,202,199,Swing/v_Swing_g04_c06.avi
0.8497211225823924,2.72032145082416,156.01281998605114,0.8116279069767441,222.51162790697674,166.1269299106438,0.29534883720930233,202,199,Swing/v_Swing_g04_c07.avi
0.8142723897062231,2.668891105699715,24.01334264528785,0.9229651162790697,210.90232558139536,409.10773556230544,0.5116279069767442,110,108,Swing/v_Swing_g05_c01.avi
2.711695773858721,8.848359977390409,95.1892851112981,0.7888081395348837,506.04651162790697,973.3339003433501,0.26976744186046514,110,108,Swing/v_Swing_g05_c02.avi
0.9840161053551424,2.4180690565211704,151.3968295572929,0.675,1052.5767441860464,1516.183078599435,0.09302325581395349,110,108,Swing/v_Swing_g05_c03.avi
0.9800690249481592,2.956970241546149,97.12363255150623,0.76875,520.0,973.5577526137926,0.25290697674418605,110,108,Swing/v_Swing_g05_c04.avi
2.189311346424798,5.142356453117154,119.4361754243663,0.7611918604651163,660.3162790697675,1176.581841692327,0.16395348837209303,202,199,Swing/v_Swing_g05_c05.avi
0.8998783295382826,4.626563028078532,123.40583454602137,0.9079941860465116,1089.3023255813953,1586.7614456317715,0.2622093023255814,202,199,Swing/v_Swing_g05_c06.avi
0.3905978411225659,1.1972839773590154,31.04834939252005,0.8890988372093023,1034.827906976744,1486.371715742982,0.125,202,199,Swing/v_Swing_g05_c07.avi
7.730432508839324,23.74531432089155,326.2677198252993,0.4780523255813954,213.69302325581396,107.13016945351572,0.24825581395348836,127,125,Swing/v_Swing_g06_c01.avi
2.2662333719649856,2.0727527239553454,17.88854381999832,0.3385174418604651,240.37209302325581,134.8620351452781,0.16511627906976745,127,125,Swing/v_Swing_g06_c02.avi
1.8809204987716353,3.952416328781875,57.55866572463264,0.4856104651162791,232.11162790697674,167.3928858610329,0.25465116279069766,127,125,Swing/v_Swing_g06_c03.avi
0.9146372702601057,1.738554186318026,28.071337695236398,0.7469476744186047,221.73023255813953,194.89193610924758,0.35523255813953486,127,125,Swing/v_Swing_g06_c04.avi
2.1075477017720616,3.772141037680916,100.62305898749054,0.46424418604651163,247.62790697674419,189.2866686857024,0.22965116279069767,152,150,Swing/v_Swing_g06_c05.avi
5.445100875215298,19.537605066230388,257.52669764511796,0.32063953488372093,237.35813953488372,165.0338855022826,0.22732558139534884,152,150,Swing/v_Swing_g06_c06.avi
4.06012351622922,9.784138743957733,312.9812294691169,0.301453488372093,248.74418604651163,142.1306462580566,0.14011627906976745,52,50,Swing/v_Swing_g06_c07.avi
2.3150753646973508,8.053869857316496,255.56603843233944,0.5376453488372093,280.6697674418605,202.35892074954998,0.12267441860465116,127,125,Swing/v_Swing_g07_c01.avi
4.6067477766350855,12.706813731312199,300.00666659259423,0.6170058139534884,460.9488372093023,839.7741845897023,0.22325581395348837,252,249,Swing/v_Swing_g07_c02.avi
2.145808924580919,5.363115018022971,207.19133669147462,0.5931686046511628,342.6232558139535,460.4905396787057,0.23488372093023255,252,249,Swing/v_Swing_g07_c03.avi
1.4787509917779866,4.687407527300143,230.72927859289987,0.7199127906976744,684.3162790697675,1225.4130665569387,0.21337209302325583,202,199,Swing/v_Swing_g07_c04.avi
1.416733542302551,2.4201734870602802,23.021728866442675,0.6197674418604651,272.63255813953486,210.02425078240782,0.17151162790697674,152,150,Swing/v_Swing_g07_c05.avi
3.765048862399318,17.678559809046394,305.1098162957069,0.8713662790697675,198.62325581395348,263.5337009799513,0.6337209302325582,162,160,Swing/v_Swing_g07_c06.avi
2.4336667131556493,4.864123953059962,144.5441109142811,0.39840116279069765,254.54883720930232,181.25673988699526,0.18430232558139534,152,150,Swing/v_Swing_g07_c07.avi
0.5574271265257602,1.8029038568174367,19.0,0.8982558139534884,258.7906976744186,398.1029759350594,0.25290697674418605,159,157,TableTennisShot/v_TableTennisShot_g01_c01.avi
0.7131357247697975,3.900805721385404,111.00450441310929,0.9133720930232558,248.6325581395349,198.7717865443033,0.2453488372093023,171,168,TableTennisShot/v_TableTennisShot_g01_c02.avi
1.253605346334623,11.43859150490213,261.3751195599918,0.9469476744186046,239.8139534883721,121.85222766406658,0.1494186046511628,128,126,TableTennisShot/v_TableTennisShot_g01_c03.avi
1.4003503178189376,7.537486387171986,227.81626368633124,0.8126453488372093,187.23720930232557,193.9649800845213,0.5162790697674419,165,162,TableTennisShot/v_TableTennisShot_g01_c04.avi
0.9638560562103349,5.444511395969587,111.5,0.8486918604651162,184.44651162790697,211.24645735170378,0.5680232558139535,166,163,TableTennisShot/v_TableTennisShot_g01_c05.avi
0.8313778883260535,2.405949172551521,26.357221496204794,0.8450581395348837,190.8093023255814,115.8041486463214,0.3674418604651163,196,193,TableTennisShot/v_TableTennisShot_g01_c06.avi
0.5704180238553347,1.653655082312708,27.443123000125187,0.8399709302325581,389.84186046511627,693.5832627981648,0.3633720930232558,227,224,TableTennisShot/v_TableTennisShot_g02_c01.avi
0.8863552133299786,3.643630500220896,42.720018726587654,0.8597383720930233,308.68837209302325,452.61745293570056,0.3116279069767442,227,224,TableTennisShot/v_TableTennisShot_g02_c02.avi
0.7045209297185836,2.6165528375315255,89.89055845860565,0.8489825581395349,328.89302325581394,309.1434267834561,0.2436046511627907,147,145,TableTennisShot/v_TableTennisShot_g02_c03.avi
0.8727052575007821,2.2851332422187736,30.01666203960727,0.811046511627907,287.25581395348837,277.55645501773495,0.2930232558139535,121,119,TableTennisShot/v_TableTennisShot_g02_c04.avi
0.14500512362404314,0.6612637546558962,19.60229578391266,0.9593023255813954,424.446511627907,347.8967311014679,0.10872093023255813,127,125,TableTennisShot/v_TableTennisShot_g03_c01.avi
0.14046512206626982,0.4643184122995229,7.001115982470223,0.965843023255814,417.6372093023256,339.9786566647395,0.09534883720930233,91,89,TableTennisShot/v_TableTennisShot_g03_c02.avi
0.1215106256934231,0.4887677061807794,6.4347688381168755,0.9590116279069767,474.5674418604651,508.25984368963225,0.15465116279069768,107,105,TableTennisShot/v_TableTennisShot_g03_c03.avi
0.1361681656540684,0.7157890351714733,16.53027525481654,0.9694767441860465,469.2093023255814,363.0276149493208,0.07325581395348837,133,131,TableTennisShot/v_TableTennisShot_g03_c04.avi
0.11227642333446798,0.5088500205620611,16.0312195418814,0.9664244186046511,426.1209302325581,359.9639830549844,0.1511627906976744,108,106,TableTennisShot/v_TableTennisShot_g03_c05.avi
0.1202801897956288,0.7527214853571731,19.230509613632186,0.9713662790697675,268.0558139534884,436.8771171501819,0.39069767441860465,212,209,TableTennisShot/v_TableTennisShot_g04_c01.avi
0.25770524196807565,2.314843285476255,44.25635547579579,0.9799418604651163,300.6511627906977,440.34061254531986,0.2813953488372093,136,134,TableTennisShot/v_TableTennisShot_g04_c02.avi
0.41068201877700866,1.7932561206340862,51.088159097779204,0.9031976744186047,554.2697674418605,1032.0540376006738,0.2558139534883721,136,134,TableTennisShot/v_TableTennisShot_g04_c03.avi
0.21530149385946032,1.2092608036153696,50.24937810560445,0.9559593023255814,520.0,975.0975622028565,0.2691860465116279,193,190,TableTennisShot/v_TableTennisShot_g04_c04.avi
1.4409503176109384,2.7752024383622995,37.0,0.6784883720930233,484.0558139534884,975.3966475955393,0.3261627906976744,106,104,TableTennisShot/v_TableTennisShot_g04_c05.avi
0.9224090944048876,2.3888551147088815,45.044422518220834,0.8094476744186047,198.06511627906977,152.31050122406535,0.38546511627906976,213,210,TableTennisShot/v_TableTennisShot_g04_c06.avi
0.1890116883832268,2.2868670809743312,63.00793600809346,0.9703488372093023,276.09302325581393,265.9931642724999,0.3023255813953488,144,142,TableTennisShot/v_TableTennisShot_g04_c07.avi
0.05220720867053587,0.3506342462728687,10.0,0.984593023255814,329.45116279069765,328.3469183313857,0.3081395348837209,206,203,TableTennisShot/v_TableTennisShot_g05_c01.avi
0.053887637784504276,0.38097041268692144,16.00439392791867,0.9863372093023256,358.25116279069766,327.2321019477758,0.2116279069767442,175,172,TableTennisShot/v_TableTennisShot_g05_c02.avi
0.0594919478741697,0.3140390119333011,7.302610834489265,0.9873546511627908,349.2093023255814,333.18592882845564,0.261046511627907,223,220,TableTennisShot/v_TableTennisShot_g05_c03.avi
0.11546591629035081,0.47452232569417263,8.467769777219974,0.9626453488372093,369.52558139534887,324.782944400563,0.1691860465116279,178,175,TableTennisShot/v_TableTennisShot_g05_c04.avi
0.09357373101896983,0.3519971927780882,7.6198753270640855,0.9626453488372093,395.5348837209302,326.0968146180766,0.10116279069767442,136,134,TableTennisShot/v_TableTennisShot_g05_c05.avi
0.08707513152962582,0.4470446071382854,8.0,0.9761627906976744,379.68372093023254,322.6833604794966,0.1325581395348837,188,185,TableTennisShot/v_TableTennisShot_g05_c06.avi
0.07946970879271928,0.39711094384518003,12.041594578792296,0.9728197674418605,384.48372093023255,321.3697261687581,0.11453488372093024,159,157,TableTennisShot/v_TableTennisShot_g05_c07.avi
0.3980711200101348,1.862579148384109,22.360679774997898,0.9300872093023256,299.5348837209302,455.9928267916631,0.3616279069767442,209,206,TableTennisShot/v_TableTennisShot_g06_c01.avi
0.21454495044322672,0.9850873839003045,17.72004514666935,0.9527616279069767,259.90697674418607,405.29655028417807,0.2796511627906977,177,174,TableTennisShot/v_TableTennisShot_g06_c02.avi
0.3297371826532639,1.3711208984924943,17.72004514666935,0.9133720930232558,211.46046511627907,179.68553168649413,0.3715116279069767,138,136,TableTennisShot/v_TableTennisShot_g06_c03.avi
0.3156831501239748,0.9963500061596403,11.40175425099138,0.9184593023255814,201.07906976744187,144.27992262804023,0.3581395348837209,113,111,TableTennisShot/v_TableTennisShot_g06_c04.avi
0.32478160159953684,1.1203175794611315,14.31017994296368,0.9197674418604651,630.2883720930232,1188.722593885398,0.31802325581395346,172,169,TableTennisShot/v_TableTennisShot_g06_c05.avi
0.36554132017847096,2.257373577015399,52.630789467763066,0.9470930232558139,193.0418604651163,146.32983804923524,0.4,125,123,TableTennisShot/v_TableTennisShot_g06_c06.avi
0.47718022665488025,3.137748961336931,172.14238292762187,0.9042151162790698,223.29302325581395,170.92237513976355,0.3005813953488372,77,75,TableTennisShot/v_TableTennisShot_g07_c01.avi
0.6218923418053436,3.1786682261748243,101.00495037373169,0.8986918604651163,277.2093023255814,288.70654273923805,0.36627906976744184,103,101,TableTennisShot/v_TableTennisShot_g07_c02.avi
0.5452240082092605,4.678468144036846,180.78889622982933,0.920203488372093,215.14418604651163,151.30272335323286,0.30348837209302326,78,76,TableTennisShot/v_TableTennisShot_g07_c03.avi
0.6258258547980241,3.4668262622051254,50.635955604688654,0.9059593023255814,179.2,144.39387991926642,0.46511627906976744,82,80,TableTennisShot/v_TableTennisShot_g07_c04.avi
0.11654556107128484,0.6049719649830971,12.811127975318957,0.9645348837209302,430.47441860465113,617.598694153421,0.3168604651162791,169,166,TaiChi/v_TaiChi_g01_c01.avi
0.14285846812385555,0.7008995965347068,14.504848327369714,0.9607558139534884,435.16279069767444,604.6336169189497,0.22034883720930232,169,166,TaiChi/v_TaiChi_g01_c02.avi
0.17525224128445901,1.141597027859567,25.179356624028344,0.9546511627906977,372.09302325581393,343.68345454512246,0.2302325581395349,170,167,TaiChi/v_TaiChi_g01_c03.avi
0.08781249794056716,0.3398486230246004,5.0,0.973546511627907,345.86046511627904,340.7737830697817,0.29941860465116277,169,166,TaiChi/v_TaiChi_g01_c04.avi
0.7273489039650205,1.2295646814675962,16.5,0.7498546511627907,287.36744186046514,259.1335291248737,0.23895348837209301,177,174,TaiChi/v_TaiChi_g02_c01.avi
4.703314778643021,7.145896794256194,44.27188724235731,0.5058139534883721,359.5906976744186,570.6037764341459,0.20232558139534884,172,169,TaiChi/v_TaiChi_g02_c02.avi
3.9576746813003547,4.541818987007754,28.160255680657446,0.3630813953488372,296.63255813953486,427.7989202292005,0.2372093023255814,177,174,TaiChi/v_TaiChi_g02_c03.avi
3.3548981285268193,5.163968424033646,55.14526271584895,0.5379360465116279,256.89302325581394,173.9596924649151,0.16046511627906976,172,169,TaiChi/v_TaiChi_g02_c04.avi
0.9772279463588165,1.7032324388379825,31.753936763809303,0.7058139534883721,290.3813953488372,255.9610137972178,0.2186046511627907,181,178,TaiChi/v_TaiChi_g03_c01.avi
4.0926183028980105,4.643871172967182,33.015148038438355,0.3870639534883721,312.5953488372093,425.4020904779593,0.1680232558139535,171,168,TaiChi/v_TaiChi_g03_c02.avi
1.3960052074906906,2.4830703741915863,12.699655507138766,0.7229651162790698,428.0186046511628,770.763004402905,0.2854651162790698,176,173,TaiChi/v_TaiChi_g03_c03.avi
4.130783029398237,6.930716128867804,27.018512172212592,0.5507267441860465,782.1023255813953,1300.8309504399483,0.15523255813953488,172,169,TaiChi/v_TaiChi_g03_c04.avi
0.08267830758614916,0.4370795931069124,8.250946915354625,0.9824127906976744,406.0279069767442,844.3762740890204,0.3883720930232558,181,178,TaiChi/v_TaiChi_g04_c01.avi
0.09995840470193199,0.3668427912105752,14.783859441972519,0.9768895348837209,227.08837209302325,405.18314733962916,0.42034883720930233,181,178,TaiChi/v_TaiChi_g04_c02.avi
1.4450304500274367,1.2950258103647767,8.5,0.4332848837209302,295.51627906976745,412.8633857783797,0.17325581395348838,181,178,TaiChi/v_TaiChi_g04_c03.avi
1.4883447417365387,2.0249237995872167,23.194827009486403,0.565406976744186,231.10697674418606,161.31028225326298,0.24825581395348836,175,172,TaiChi/v_TaiChi_g04_c04.avi
0.3559221718626904,0.9595232982591547,16.25,0.9303779069767442,244.72558139534883,217.88666575317103,0.30523255813953487,170,167,TaiChi/v_TaiChi_g05_c01.avi
1.5798725001394869,2.7210193138626324,53.03772242470448,0.6161337209302326,330.2325581395349,439.1444556105154,0.17151162790697674,172,169,TaiChi/v_TaiChi_g05_c02.avi
0.5465512196673676,1.0742218342427385,26.40075756488817,0.8649709302325581,428.57674418604654,684.2377680164237,0.19651162790697674,171,168,TaiChi/v_TaiChi_g05_c03.avi
0.2170826796581275,0.5475441680872879,5.0990195135927845,0.9373546511627907,366.6232558139535,760.399920738533,0.36104651162790696,170,167,TaiChi/v_TaiChi_g05_c04.avi
0.5821626848449913,0.7053069429759768,16.372614330032942,0.8002906976744186,259.90697674418607,412.6335056091847,0.3122093023255814,184,181,TaiChi/v_TaiChi_g06_c01.avi
0.7983681824413934,0.8128460557704054,14.5,0.7453488372093023,299.31162790697675,244.2916491916819,0.15348837209302327,173,170,TaiChi/v_TaiChi_g06_c02.avi
1.0875128197218054,1.260750934956248,22.147234590350102,0.6744186046511628,221.3953488372093,170.35969328055788,0.3081395348837209,180,177,TaiChi/v_TaiChi_g06_c03.avi
0.8770409967342307,1.1686758224518352,19.1637678967368,0.720203488372093,189.91627906976746,162.2478507833897,0.4418604651162791,178,175,TaiChi/v_TaiChi_g06_c04.avi
0.13747590297160822,0.31821131809319114,4.0,0.9723837209302325,706.8651162790698,1269.3393760432327,0.22616279069767442,193,190,TaiChi/v_TaiChi_g07_c01.avi
0.08827055307790953,0.3230879396182436,5.963430220938282,0.9751453488372093,237.91627906976746,214.49981290199736,0.3267441860465116,178,175,TaiChi/v_TaiChi_g07_c02.avi
0.4282286569908049,1.2331119477228074,37.21243911651049,0.8335755813953488,584.9674418604651,968.0447202145757,0.13313953488372093,172,169,TaiChi/v_TaiChi_g07_c03.avi
0.07069322922333189,0.39575407770027593,10.659502802663921,0.9888081395348837,499.46046511627907,843.7114502172474,0.19244186046511627,172,169,TaiChi/v_TaiChi_g07_c04.avi
0.0685698271065657,0.3174344936124527,15.574418127172521,0.9770348837209303,412.9488372093023,592.2304329857272,0.19186046511627908,78,76,TennisSwing/v_TennisSwing_g01_c01.avi
0.14043695463238723,1.4834844880579185,29.154759474226502,0.9781976744186046,206.32558139534885,194.7635084642735,0.42616279069767443,86,84,TennisSwing/v_TennisSwing_g01_c02.avi
0.14842604890193375,1.4522636871515413,30.066592756745816,0.9787790697674419,201.63720930232557,190.26815474085797,0.438953488372093,85,83,TennisSwing/v_TennisSwing_g01_c03.avi
0.2576892886630592,1.3019667418689103,16.500946942524237,0.953343023255814,275.0883720930233,265.6237356385141,0.30523255813953487,91,89,TennisSwing/v_TennisSwing_g01_c04.avi
0.1781416788838299,1.4668791303606012,31.144823004794873,0.9651162790697675,211.46046511627907,168.60910364610152,0.3505813953488372,86,84,TennisSwing/v_TennisSwing_g01_c05.avi
0.13731230531284935,1.0769040230449363,32.20296958356481,0.9688953488372093,266.3813953488372,251.95758895221064,0.30174418604651165,91,89,TennisSwing/v_TennisSwing_g01_c06.avi
0.18630107226278925,1.0123682511224419,25.08547886726502,0.9617732558139535,216.03720930232558,205.14026627657955,0.40348837209302324,87,85,TennisSwing/v_TennisSwing_g01_c07.avi
0.22230623260654686,3.293248190668239,127.3184982632139,0.9774709302325582,223.1813953488372,215.34767913697354,0.3941860465116279,75,73,TennisSwing/v_TennisSwing_g02_c01.avi
0.15167838106104775,0.5949743576877149,10.63014581273465,0.9674418604651163,204.87441860465117,132.2494403083479,0.32209302325581396,96,94,TennisSwing/v_TennisSwing_g02_c02.avi
0.1460185755841464,2.8169025419709293,224.51057881534223,0.9741279069767442,204.31627906976743,189.66205555246742,0.425,75,73,TennisSwing/v_TennisSwing_g02_c03.avi
0.6430271138680094,7.5535214489543305,299.96166421727963,0.9140988372093023,158.21395348837208,156.98487792881014,0.5930232558139535,86,84,TennisSwing/v_TennisSwing_g02_c04.avi
0.6534471321809657,4.178259169440574,295.1281501314302,0.8927325581395349,213.58139534883722,89.7754906621757,0.2302325581395349,179,176,TennisSwing/v_TennisSwing_g02_c05.avi
0.5709441167414521,8.625934016633115,325.7798336300146,0.9408430232558139,249.1906976744186,393.88676912307034,0.275,96,94,TennisSwing/v_TennisSwing_g02_c06.avi
0.3024275595217226,1.3359590797668552,20.0,0.948110465116279,238.25116279069766,142.2631436231171,0.18546511627906978,218,215,TennisSwing/v_TennisSwing_g02_c07.avi
0.22220014561236293,0.8421322812694713,15.004166088123657,0.9337209302325581,224.6325581395349,213.91702338396522,0.3843023255813954,81,79,TennisSwing/v_TennisSwing_g03_c01.avi
0.23054765695599866,1.4607121830296237,37.33630940518894,0.9517441860465117,273.52558139534887,281.17186343489755,0.35755813953488375,63,61,TennisSwing/v_TennisSwing_g03_c02.avi
0.30337980497814127,1.5053322833583822,22.627416997969522,0.9318313953488372,165.02325581395348,145.5781558447802,0.538953488372093,82,80,TennisSwing/v_TennisSwing_g03_c03.avi
0.19090622357985346,1.2854789253162415,29.154759474226502,0.9537790697674419,235.23720930232557,243.47487241846693,0.4104651162790698,80,78,TennisSwing/v_TennisSwing_g03_c04.avi
0.24878649743492595,1.068399656464019,20.130822139197395,0.948110465116279,224.07441860465116,164.23056409451172,0.28488372093023256,98,96,TennisSwing/v_TennisSwing_g03_c05.avi
0.3564334025973843,3.5968763722452755,104.39662949540086,0.958139534883721,183.55348837209303,149.59301586239914,0.4517441860465116,86,84,TennisSwing/v_TennisSwing_g03_c06.avi
0.3291844429419208,1.3525375768740817,22.50069443372804,0.9341569767441861,274.86511627906975,555.0495937966477,0.40406976744186046,75,73,TennisSwing/v_TennisSwing_g03_c07.avi
0.10919811058590394,0.529720618799833,12.75,0.9732558139534884,247.1813953488372,230.33354909763682,0.325,147,145,TennisSwing/v_TennisSwing_g04_c01.avi
0.24278161626739947,1.1795713898859503,16.75,0.9508720930232558,205.9906976744186,110.65563555873962,0.28837209302325584,99,97,TennisSwing/v_TennisSwing_g04_c02.avi
0.30096619833940347,1.3336845225152243,18.826925532332677,0.9396802325581395,251.4232558139535,196.4156068696116,0.22848837209302325,87,85,TennisSwing/v_TennisSwing_g04_c03.avi
0.11703021379283222,0.6142135093100007,16.0,0.96875,258.90232558139536,183.6475510804527,0.17093023255813952,98,96,TennisSwing/v_TennisSwing_g04_c04.avi
0.24014612884181966,2.81497132772274,188.13027401245128,0.9617732558139535,259.68372093023254,235.44098646387997,0.2854651162790698,123,121,TennisSwing/v_TennisSwing_g04_c05.avi
0.14342309189873265,0.7041885317312656,13.25,0.967296511627907,220.8372093023256,177.9397507431591,0.325,99,97,TennisSwing/v_TennisSwing_g04_c06.avi
0.12866729243869768,0.5588125716294738,17.0,0.9636627906976745,237.13488372093022,396.96426579480647,0.34011627906976744,132,130,TennisSwing/v_TennisSwing_g04_c07.avi
1.589523576079945,5.625467722239985,74.0,0.8725290697674418,174.06511627906977,172.02740571783826,0.5383720930232558,123,121,TennisSwing/v_TennisSwing_g05_c01.avi
0.771041900259751,1.8721764647272747,29.614185789921695,0.7886627906976744,515.8697674418605,983.1741958160571,0.36046511627906974,175,172,TennisSwing/v_TennisSwing_g05_c02.avi
2.772472712002984,10.532337053281735,146.0,0.8074127906976745,380.4651162790698,766.0747230794562,0.3680232558139535,169,166,TennisSwing/v_TennisSwing_g05_c03.avi
1.4421141826269797,11.9934926865508,228.5,0.9585755813953488,1049.786046511628,1527.674947402614,0.2703488372093023,143,141,TennisSwing/v_TennisSwing_g05_c04.avi
1.2997959609563987,10.461690258001244,152.5,0.8678779069767442,1011.3860465116279,1500.922083964015,0.2633720930232558,155,153,TennisSwing/v_TennisSwing_g05_c05.avi
2.33019084745281,6.658281696999483,101.94177259592851,0.7430232558139535,151.96279069767442,112.16332987637354,0.5604651162790698,167,164,TennisSwing/v_TennisSwing_g05_c06.avi
1.129390055339018,4.819790988257535,207.15453169071634,0.8142441860465116,291.6093023255814,549.3721709725094,0.30523255813953487,97,95,TennisSwing/v_TennisSwing_g05_c07.avi
0.9117270807094249,1.6257528740945382,17.26267650163207,0.7627906976744186,206.32558139534885,128.45336153553265,0.30988372093023253,140,138,TennisSwing/v_TennisSwing_g06_c01.avi
0.7127282882431436,1.189977464824087,16.278820596099706,0.7758720930232558,266.26976744186044,193.28384180938943,0.16046511627906976,212,209,TennisSwing/v_TennisSwing_g06_c02.avi
3.3302044309382492,5.133086190646044,36.951403897551714,0.4863372093023256,202.41860465116278,124.74387388754451,0.32325581395348835,246,243,TennisSwing/v_TennisSwing_g06_c03.avi
1.5362990889412784,3.1862622209594655,15.25,0.7431686046511627,216.37209302325581,140.55256787935153,0.28081395348837207,232,229,TennisSwing/v_TennisSwing_g06_c04.avi
2.7072021102751425,3.89878871750868,25.0,0.5005813953488372,221.06046511627906,125.59955217579565,0.2377906976744186,246,243,TennisSwing/v_TennisSwing_g06_c05.avi
0.8663895514309501,1.8887493831582263,26.476404589747453,0.7649709302325581,239.03255813953487,173.13254462906443,0.23488372093023255,206,203,TennisSwing/v_TennisSwing_g06_c06.avi
0.7262668125851249,1.424261493228831,31.774596771635043,0.7691860465116279,235.5720930232558,178.31386794153286,0.25988372093023254,187,184,TennisSwing/v_TennisSwing_g06_c07.avi
5.603461383124708,21.327848192407558,183.17477992343814,0.5502906976744186,216.48372093023255,217.20060059259183,0.4290697674418605,205,202,TennisSwing/v_TennisSwing_g07_c01.avi
2.0029551625643545,2.722401853551734,20.75,0.5729651162790698,235.23720930232557,155.34033008318073,0.21976744186046512,249,246,TennisSwing/v_TennisSwing_g07_c02.avi
2.21297084558513,2.770019255420145,20.024984394500787,0.40944767441860463,212.5767441860465,142.01592579741663,0.3005813953488372,131,129,TennisSwing/v_TennisSwing_g07_c03.avi
7.910486744064546,25.092448004081458,267.4023186137323,0.6569767441860465,242.6046511627907,191.53215038089422,0.2558139534883721,123,121,TennisSwing/v_TennisSwing_g07_c04.avi
2.2924825374353714,4.3402486428080245,45.5411901469428,0.41613372093023254,233.45116279069768,186.2358998840574,0.28488372093023256,174,171,TennisSwing/v_TennisSwing_g07_c05.avi
3.144633151478671,3.69768493957892,50.0,0.44040697674418605,257.7860465116279,173.45927956083895,0.1558139534883721,170,167,TennisSwing/v_TennisSwing_g07_c06.avi
3.596354949115996,8.767599471009078,84.41341717997204,0.726453488372093,1297.7116279069767,1710.6507317812893,0.15813953488372093,145,143,TennisSwing/v_TennisSwing_g07_c07.avi
0.947787748753221,1.7475577539860563,18.384776310850235,0.784156976744186,236.24186046511628,188.55242221228573,0.27732558139534885,67,65,ThrowDiscus/v_ThrowDiscus_g01_c01.avi
1.0140666588825402,1.4355334524747925,23.964817963005686,0.6148255813953488,241.93488372093023,162.81013465357958,0.20348837209302326,95,93,ThrowDiscus/v_ThrowDiscus_g01_c02.avi
2.191385105989111,6.147899706210813,150.98245966005456,0.5809593023255814,205.87906976744185,211.73666022409915,0.46569767441860466,83,81,ThrowDiscus/v_ThrowDiscus_g01_c03.avi
1.1452569958850674,2.0590386220508927,17.278056893065262,0.7770348837209302,241.37674418604652,402.5569004051704,0.34593023255813954,79,77,ThrowDiscus/v_ThrowDiscus_g01_c04.avi
4.576649384682694,15.395266996364,226.05530296810116,0.7902616279069767,206.32558139534885,227.26561869014736,0.5005813953488372,85,83,ThrowDiscus/v_ThrowDiscus_g02_c01.avi
3.8040523448738335,6.09920300009635,62.625,0.31511627906976747,292.83720930232556,215.49390864240092,0.1058139534883721,91,89,ThrowDiscus/v_ThrowDiscus_g02_c02.avi
2.689939697845036,2.3293327391966576,34.875,0.313953488372093,320.9674418604651,252.7684736385235,0.09883720930232558,91,89,ThrowDiscus/v_ThrowDiscus_g02_c03.avi
1.5529523011669109,2.5904129269542704,99.32270636667126,0.5476744186046512,378.1209302325581,659.4468466187503,0.14534883720930233,127,125,ThrowDiscus/v_ThrowDiscus_g02_c04.avi
8.649953512152923,24.082470991790732,328.0,0.609593023255814,241.26511627906976,263.59355506441756,0.43953488372093025,85,83,ThrowDiscus/v_ThrowDiscus_g02_c05.avi
1.8978683782533574,6.291291735828861,121.50231479276434,0.5395348837209303,271.7395348837209,207.42372556042153,0.1691860465116279,91,89,ThrowDiscus/v_ThrowDiscus_g02_c06.avi
8.47379282543156,15.938340280372474,242.00206610688264,0.5594476744186047,248.4093023255814,247.81234443223693,0.36511627906976746,85,83,ThrowDiscus/v_ThrowDiscus_g02_c07.avi
0.45231352112015505,1.0988430244671104,13.625,0.8859011627906976,266.71627906976744,283.07006029836054,0.39069767441860465,120,118,ThrowDiscus/v_ThrowDiscus_g03_c01.avi
0.6127265042821619,1.2570829512634156,16.0,0.8585755813953488,227.646511627907,188.42195515784692,0.31511627906976747,92,90,ThrowDiscus/v_ThrowDiscus_g03_c02.avi
0.5861123570577513,1.4643309986660147,17.25,0.8857558139534883,269.28372093023256,249.8560487237183,0.28430232558139534,149,147,ThrowDiscus/v_ThrowDiscus_g03_c03.avi
0.323361737147112,0.8688763896024014,16.0,0.8829941860465116,239.47906976744187,219.85472640977284,0.3325581395348837,111,109,ThrowDiscus/v_ThrowDiscus_g03_c04.avi
0.1872480437986075,0.7006757649952896,16.048753845704034,0.9521802325581395,220.27906976744185,222.04695979144378,0.4232558139534884,62,60,ThrowDiscus/v_ThrowDiscus_g04_c01.avi
0.21441900137984918,1.0355267908556622,27.251146764861108,0.951889534883721,217.0418604651163,199.56369413082962,0.3866279069767442,159,157,ThrowDiscus/v_ThrowDiscus_g04_c02.avi
0.2766882021833249,2.3759989211931334,102.55151144668713,0.9587209302325581,229.43255813953488,239.89135886114497,0.42674418604651165,122,120,ThrowDiscus/v_ThrowDiscus_g04_c03.avi
0.3166803486588295,1.2931829391799572,62.861951926423664,0.9174418604651163,242.26976744186047,235.7974333005105,0.3598837209302326,124,122,ThrowDiscus/v_ThrowDiscus_g04_c04.avi
2.7942747498152216,5.06588586420133,56.0357029044876,0.6648255813953489,215.25581395348837,177.35053884606228,0.3494186046511628,77,75,ThrowDiscus/v_ThrowDiscus_g05_c01.avi
1.032913664547256,2.6706504774648847,42.32389986756891,0.7751453488372093,210.67906976744186,170.1102358843319,0.3569767441860465,72,70,ThrowDiscus/v_ThrowDiscus_g05_c02.avi
1.1547138952816602,3.835087576732277,169.42549985170473,0.6098837209302326,239.5906976744186,163.96885667704822,0.21569767441860466,67,65,ThrowDiscus/v_ThrowDiscus_g05_c03.avi
0.7567586326555295,2.3335017926042783,61.00819617067857,0.7340116279069767,229.2093023255814,140.91669287941505,0.22325581395348837,79,77,ThrowDiscus/v_ThrowDiscus_g05_c04.avi
0.9562155578164805,1.2634596963787321,16.0312195418814,0.6311046511627907,288.2604651162791,229.73118177307458,0.15755813953488373,62,60,ThrowDiscus/v_ThrowDiscus_g05_c05.avi
1.7900358027177665,6.376992223546662,286.0,0.5723837209302326,297.4139534883721,239.17145896206839,0.14709302325581394,89,87,ThrowDiscus/v_ThrowDiscus_g06_c01.avi
1.9927303523769995,11.536991584295995,134.875,0.7574127906976744,264.3720930232558,230.62917212519787,0.25406976744186044,63,61,ThrowDiscus/v_ThrowDiscus_g06_c02.avi
0.5314829398585842,0.7233422518234349,13.0,0.8046511627906977,222.73488372093024,149.75440185900803,0.26627906976744187,98,96,ThrowDiscus/v_ThrowDiscus_g06_c03.avi
0.24333565365764628,0.5682695595951752,10.659502802663921,0.891860465116279,243.49767441860465,242.54090759098105,0.37209302325581395,134,132,ThrowDiscus/v_ThrowDiscus_g06_c04.avi
1.598402319493576,4.401629103839863,111.0,0.8065406976744186,312.1488372093023,559.1948831868626,0.288953488372093,134,132,ThrowDiscus/v_ThrowDiscus_g06_c05.avi
0.14251268083435253,0.7019089299729877,12.831236300528488,0.9751453488372093,201.1906976744186,119.90723510174774,0.3226744186046512,107,105,ThrowDiscus/v_ThrowDiscus_g06_c06.avi
0.10178098155737028,0.5324511109691556,15.592466129512676,0.9805232558139535,184.2232558139535,117.35862912994571,0.40174418604651163,72,70,ThrowDiscus/v_ThrowDiscus_g06_c07.avi
1.2096164413097648,4.111959968635772,58.077534382926416,0.8501453488372093,234.45581395348836,194.84461704594085,0.2982558139534884,115,113,ThrowDiscus/v_ThrowDiscus_g07_c01.avi
4.227572265595395,10.02818353656073,123.10158406779338,0.7629360465116279,214.8093023255814,213.653568552756,0.42848837209302326,106,104,ThrowDiscus/v_ThrowDiscus_g07_c02.avi
0.5821326144031655,2.1397456028637794,32.2538757361034,0.859156976744186,246.9581395348837,194.06436984426145,0.2424418604651163,156,154,ThrowDiscus/v_ThrowDiscus_g07_c03.avi
3.581732664169281,8.96680908864247,230.5391777984818,0.5501453488372093,277.9906976744186,242.35215566470046,0.22965116279069767,124,122,ThrowDiscus/v_ThrowDiscus_g07_c04.avi
1.3349156862238496,4.388481825254185,55.24717187331855,0.7992732558139535,282.5674418604651,225.33347661666608,0.1686046511627907,111,109,ThrowDiscus/v_ThrowDiscus_g07_c05.avi
1.158373680499024,6.91795654248709,101.86541365939668,0.876453488372093,430.69767441860466,707.1376805806046,0.36453488372093024,106,104,ThrowDiscus/v_ThrowDiscus_g07_c06.avi
0.8698967412795138,7.879558120988787,240.26027553467927,0.8584302325581395,239.8139534883721,208.72851576550877,0.30523255813953487,110,108,ThrowDiscus/v_ThrowDiscus_g07_c07.avi
0.5149827950359355,1.309987672708553,16.0312195418814,0.8728197674418605,194.93953488372094,147.35014798571316,0.39244186046511625,241,238,TrampolineJumping/v_TrampolineJumping_g01_c01.avi
2.3058868408221627,3.7447250659005196,26.30500190077925,0.5571220930232558,639.3302325581395,1175.116705838959,0.14302325581395348,241,238,TrampolineJumping/v_TrampolineJumping_g01_c02.avi
1.819460743039996,6.647205136963908,157.175061635108,0.754796511627907,228.31627906976743,177.63420073250424,0.29069767441860467,107,105,TrampolineJumping/v_TrampolineJumping_g01_c03.avi
1.651997702230172,4.190460509132556,98.00510190801293,0.6675872093023256,253.65581395348838,199.70101524392345,0.22616279069767442,107,105,TrampolineJumping/v_TrampolineJumping_g01_c04.avi
0.669738364342527,2.1896385385669928,40.01581718520815,0.8585755813953488,240.48372093023255,424.49964907002374,0.44825581395348835,202,199,TrampolineJumping/v_TrampolineJumping_g02_c01.avi
0.3262620657871741,1.2199832435626459,76.10519036176179,0.9132267441860465,204.65116279069767,189.58349497890202,0.4232558139534884,202,199,TrampolineJumping/v_TrampolineJumping_g02_c02.avi
0.4365521075173599,1.2984722480414357,66.85057965343307,0.8684593023255814,221.84186046511627,412.82233705146297,0.47790697674418603,202,199,TrampolineJumping/v_TrampolineJumping_g02_c03.avi
0.3925817083688273,1.1103840056687193,23.600847442411894,0.9039244186046511,189.91627906976746,183.33421625891592,0.4813953488372093,202,199,TrampolineJumping/v_TrampolineJumping_g02_c04.avi
0.33611046565594027,0.9661665449948288,17.528548142958105,0.9002906976744186,515.0883720930233,1093.4615258295296,0.41337209302325584,241,238,TrampolineJumping/v_TrampolineJumping_g02_c05.avi
0.5340647473824275,4.472744712938015,135.83077707206124,0.907703488372093,336.93023255813955,756.8880411001426,0.425,241,238,TrampolineJumping/v_TrampolineJumping_g02_c06.avi
0.38760793539623317,1.4603034915885726,51.15662224971465,0.9125,253.9906976744186,398.7263209059996,0.2755813953488372,202,199,TrampolineJumping/v_TrampolineJumping_g03_c01.avi
0.3386673979043184,1.2533061569714448,37.566607512523674,0.9255813953488372,322.75348837209305,656.5793313087039,0.2988372093023256,202,199,TrampolineJumping/v_TrampolineJumping_g03_c02.avi
1.4676577943005598,1.867884498373725,20.25,0.4811046511627907,257.5627906976744,159.42575588255377,0.1313953488372093,257,254,TrampolineJumping/v_TrampolineJumping_g03_c03.avi
0.9009926648645452,3.0094194887044257,110.06361796706484,0.7511627906976744,252.31627906976743,172.74832470527826,0.17732558139534885,202,199,TrampolineJumping/v_TrampolineJumping_g03_c04.avi
2.793700221339988,12.525051084930405,182.18671740826773,0.6292151162790698,257.89767441860465,188.78226351500155,0.18546511627906978,251,248,TrampolineJumping/v_TrampolineJumping_g04_c01.avi
3.6360284952045254,9.823255816212493,270.4533231446787,0.5979651162790698,242.71627906976744,172.64904168705078,0.2180232558139535,251,248,TrampolineJumping/v_TrampolineJumping_g04_c02.avi
1.8044867757522298,4.442292162018855,170.85666507338834,0.5465116279069767,269.95348837209303,220.37325139338424,0.2063953488372093,251,248,TrampolineJumping/v_TrampolineJumping_g04_c03.avi
2.3082398063633986,2.913767864437915,36.93321675673539,0.4300872093023256,231.10697674418606,151.72491232850481,0.23197674418604652,251,248,TrampolineJumping/v_TrampolineJumping_g04_c04.avi
1.6063061219404442,9.30072635105192,208.55694665965936,0.7154069767441861,247.73953488372092,401.2181533486837,0.3127906976744186,241,238,TrampolineJumping/v_TrampolineJumping_g04_c05.avi
0.26500939281704344,1.9752938587472975,78.5175139698144,0.9460755813953489,433.6,771.8599511479052,0.2819767441860465,152,150,TrampolineJumping/v_TrampolineJumping_g05_c01.avi
0.2829649347007476,2.1724042823744014,119.57006314291216,0.9489825581395349,233.78604651162792,215.9554019219099,0.34825581395348837,152,150,TrampolineJumping/v_TrampolineJumping_g05_c02.avi
0.3050355735007982,1.0470964454386242,50.157875752467824,0.9111918604651162,222.84651162790698,185.51171134451542,0.3308139534883721,152,150,TrampolineJumping/v_TrampolineJumping_g05_c03.avi
0.20857621344313568,2.3305496984728737,137.00843952107476,0.9755813953488373,201.63720930232557,136.4817681379915,0.3436046511627907,152,150,TrampolineJumping/v_TrampolineJumping_g05_c04.avi
0.3199886345446024,1.1382002089363479,15.811388300841896,0.926889534883721,228.2046511627907,200.3551149119731,0.3377906976744186,202,199,TrampolineJumping/v_TrampolineJumping_g06_c01.avi
2.152711058667803,9.222795292758782,176.02556632489498,0.7239825581395349,615.6651162790698,1183.0455767594515,0.24767441860465117,451,447,TrampolineJumping/v_TrampolineJumping_g06_c02.avi
1.6486852417167406,2.869390483155089,17.08800749063506,0.6521802325581395,934.0279069767441,1474.1716977916915,0.14767441860465116,451,447,TrampolineJumping/v_TrampolineJumping_g06_c03.avi
1.1866118970995345,1.895060081998134,17.50178562318714,0.6311046511627907,298.9767441860465,547.9460798617974,0.2691860465116279,331,327,TrampolineJumping/v_TrampolineJumping_g06_c04.avi
1.421725575422497,2.6201824536135745,67.06713054842886,0.5517441860465117,265.2651162790698,281.3366756436064,0.39127906976744187,202,199,TrampolineJumping/v_TrampolineJumping_g07_c01.avi
2.0068247776192503,3.283326151949115,20.223748416156685,0.5553779069767442,295.293023255814,438.1200671130449,0.29069767441860467,402,398,TrampolineJumping/v_TrampolineJumping_g07_c02.avi
2.1836199336110944,8.079745382965946,200.0024999843752,0.6010174418604651,263.5906976744186,232.82959115653213,0.2627906976744186,202,199,TrampolineJumping/v_TrampolineJumping_g07_c03.avi
3.473960084937793,15.821025147016618,319.0767932645682,0.49709302325581395,298.75348837209305,237.49610459359872,0.1377906976744186,202,199,TrampolineJumping/v_TrampolineJumping_g07_c04.avi
0.9246685896483895,1.9962851104113901,49.0,0.7168604651162791,304.78139534883724,440.9484741590215,0.2691860465116279,241,238,TrampolineJumping/v_TrampolineJumping_g07_c05.avi
0.7455899818287788,1.8779556194563607,28.373898657040417,0.8026162790697674,268.1674418604651,403.7018124291395,0.23895348837209301,128,126,Typing/v_Typing_g01_c01.avi
0.7373847867598917,2.029205154728323,26.706740722147284,0.7821220930232559,234.90232558139536,422.4870602055207,0.4633720930232558,122,120,Typing/v_Typing_g01_c02.avi
0.5984500358763276,2.3140520200521197,92.29199586096294,0.8450581395348837,199.51627906976745,171.80126015488312,0.4127906976744186,143,141,Typing/v_Typing_g01_c03.avi
0.5643768740473094,1.3793747469204118,10.90011467829582,0.8388081395348838,199.85116279069769,157.39736762683557,0.38546511627906976,157,155,Typing/v_Typing_g01_c04.avi
0.7740270363857235,2.1787191011356275,34.49818835823122,0.7906976744186046,185.33953488372094,160.37441966693004,0.461046511627907,125,123,Typing/v_Typing_g01_c05.avi
0.7049136965461462,2.200285275217796,35.34119409414458,0.8261627906976744,274.6418604651163,548.1017874542028,0.3633720930232558,145,143,Typing/v_Typing_g01_c06.avi
0.6543400507030583,1.770795764881943,19.628582475563537,0.828343023255814,200.07441860465116,176.59517243398125,0.4191860465116279,128,126,Typing/v_Typing_g01_c07.avi
0.3419014524621143,1.3183244654020316,26.248809496813376,0.9140988372093023,382.47441860465113,371.53736930146425,0.30872093023255814,252,249,Typing/v_Typing_g02_c01.avi
0.2559555127303224,1.004590907312665,18.751666592599175,0.9238372093023256,436.27906976744185,501.79910394969426,0.19593023255813954,252,249,Typing/v_Typing_g02_c02.avi
0.26264857107007195,1.1127990736247932,17.315094570922792,0.925,340.5023255813953,354.6907316393688,0.3691860465116279,252,249,Typing/v_Typing_g02_c03.avi
0.18558236940057382,0.8676602720449466,13.0,0.9412790697674419,380.9116279069767,343.116641099897,0.20290697674418604,252,249,Typing/v_Typing_g02_c04.avi
0.5439671844435762,1.448695801124654,14.981759743100941,0.8324127906976744,404.353488372093,385.785125967894,0.30872093023255814,252,249,Typing/v_Typing_g02_c05.avi
0.2633507622218611,1.2309275455539386,19.6468827043885,0.9264534883720931,361.8232558139535,358.28795281670546,0.31627906976744186,252,249,Typing/v_Typing_g02_c06.avi
0.45474015256252603,1.828187325544385,22.575221482855934,0.9101744186046512,240.26046511627908,402.78094579741236,0.35174418604651164,250,247,Typing/v_Typing_g03_c01.avi
0.8419869570904724,4.644050968648955,65.80273550544841,0.9068313953488372,202.41860465116278,156.72494533760815,0.37209302325581395,250,247,Typing/v_Typing_g03_c02.avi
0.8298830907235847,4.236747516768889,65.80273550544841,0.9129360465116279,185.56279069767442,124.1811673982736,0.40406976744186046,252,249,Typing/v_Typing_g03_c03.avi
0.729914068734464,2.9082071394962545,63.63961030678928,0.9061046511627907,220.50232558139535,130.87799660214728,0.24767441860465117,252,249,Typing/v_Typing_g03_c04.avi
0.8078843073083669,4.122748471479466,190.90573590125572,0.9114825581395349,215.8139534883721,160.68215857515085,0.31627906976744186,250,247,Typing/v_Typing_g03_c05.avi
0.692968016732038,3.5884501107998217,83.5760320008075,0.9289244186046511,197.6186046511628,132.89024542187272,0.35755813953488375,262,259,Typing/v_Typing_g03_c06.avi
0.5620816932601143,2.0391946241494416,25.78577611785226,0.8968023255813954,206.77209302325582,136.38897576260607,0.3191860465116279,251,248,Typing/v_Typing_g03_c07.avi
0.47577711176218207,1.0281550027552646,19.0,0.8593023255813953,293.95348837209303,281.32890239902576,0.27906976744186046,251,248,Typing/v_Typing_g04_c01.avi
0.8027906260615362,1.592779102795096,18.703275114268088,0.7267441860465116,285.9162790697674,293.17186397745456,0.34651162790697676,183,180,Typing/v_Typing_g04_c02.avi
0.4806280753927335,1.3910014730084648,14.25,0.8890988372093023,288.8186046511628,324.587465731012,0.44069767441860463,152,150,Typing/v_Typing_g04_c03.avi
0.767352373352896,1.6766626339298716,25.58472444643483,0.7502906976744186,295.293023255814,287.4772107411492,0.2930232558139535,251,248,Typing/v_Typing_g04_c04.avi
0.5094443363582974,1.1276134405682332,18.420437019788647,0.8379360465116279,231.4418604651163,200.2966755782568,0.32325581395348835,251,248,Typing/v_Typing_g05_c01.avi
0.48203855285995456,1.4660483031473868,31.858328973755043,0.8593023255813953,220.39069767441862,171.96926687834673,0.31569767441860463,251,248,Typing/v_Typing_g05_c02.avi
0.3914549563393486,1.0488691434556578,19.185362258763842,0.8819767441860465,250.53023255813955,201.13722671279265,0.2424418604651163,251,248,Typing/v_Typing_g05_c03.avi
0.5141251116389071,1.8086683755037565,22.77779894985466,0.8802325581395349,246.51162790697674,198.62789472394402,0.25406976744186044,251,248,Typing/v_Typing_g05_c04.avi
0.3914936675520716,0.8975453369933403,12.759800155174846,0.8664244186046511,224.07441860465116,175.58342361372783,0.3058139534883721,251,248,Typing/v_Typing_g05_c05.avi
0.42388884786466047,1.12721391643555,18.153856339632085,0.8734011627906977,240.48372093023255,191.3160017502184,0.26453488372093026,251,248,Typing/v_Typing_g05_c06.avi
0.785960412070211,2.6192942499866403,47.70744176750625,0.8563953488372092,324.42790697674417,335.3944198933835,0.3505813953488372,142,140,Typing/v_Typing_g06_c01.avi
0.5291620765926263,2.3124866900078844,68.0294054067798,0.8795058139534884,395.0883720930233,608.0633891409916,0.34069767441860466,126,124,Typing/v_Typing_g06_c02.avi
0.6097306066508102,1.6736264947709456,17.46424919657298,0.8241279069767442,359.1441860465116,489.9351762068147,0.33488372093023255,127,125,Typing/v_Typing_g06_c03.avi
0.8504478611021334,2.621822233830592,51.40038910358559,0.8334302325581395,461.28372093023256,788.5814337416072,0.3656976744186046,124,122,Typing/v_Typing_g06_c04.avi
0.6224098566532877,1.8623633407778921,36.88919218416147,0.8449127906976744,335.92558139534884,490.0735151748407,0.40930232558139534,126,124,Typing/v_Typing_g06_c05.avi
0.8922700367095543,2.7123165801596496,38.06614309330537,0.8174418604651162,362.26976744186044,337.0692590033422,0.23488372093023255,130,128,Typing/v_Typing_g06_c06.avi
0.4218215680045877,1.2073044006312545,36.003472054789384,0.8501453488372093,494.7720930232558,713.923075240418,0.2936046511627907,120,118,Typing/v_Typing_g06_c07.avi
0.17708155591826905,0.6482301685959884,14.252192813739224,0.940406976744186,390.7348837209302,502.5972722622474,0.3122093023255814,121,119,Typing/v_Typing_g07_c01.avi
0.2425007931168325,0.9423978920017464,19.1049731745428,0.9295058139534884,296.1860465116279,324.8813204286139,0.413953488372093,125,123,Typing/v_Typing_g07_c02.avi
0.3529168332459187,1.2113689130090368,16.610425942762575,0.9111918604651162,358.5860465116279,352.87767271155514,0.30523255813953487,129,127,Typing/v_Typing_g07_c03.avi
0.42993664299871737,1.4918122450333393,22.34390297150433,0.8825581395348837,293.0604651162791,469.4791087506153,0.45348837209302323,122,120,Typing/v_Typing_g07_c04.avi
0.24799378727563426,0.812899493069809,17.47364086273951,0.9167151162790698,341.95348837209303,336.5669326631032,0.29651162790697677,130,128,Typing/v_Typing_g07_c05.avi
0.18595959835037437,0.7581801752996539,17.269916039170543,0.9367732558139535,340.5023255813953,335.43602827418385,0.29709302325581394,111,109,Typing/v_Typing_g07_c06.avi
6.167318419555256,11.905283093780865,83.33441665962509,0.5293604651162791,328.6697674418605,320.83031488071316,0.28430232558139534,162,160,UnevenBars/v_UnevenBars_g01_c01.avi
2.285217716205056,3.638712375937974,78.26237921249263,0.6164244186046511,283.90697674418607,250.75066963702824,0.22906976744186047,161,159,UnevenBars/v_UnevenBars_g01_c02.avi
2.3955606723049727,10.003705118614278,255.0019607767752,0.6501453488372093,365.1720930232558,344.14280859778654,0.25232558139534883,154,152,UnevenBars/v_UnevenBars_g01_c03.avi
1.9047152430790135,5.7188602793833,135.32922818075923,0.6372093023255814,361.3767441860465,361.5156240550487,0.3302325581395349,145,143,UnevenBars/v_UnevenBars_g01_c04.avi
5.460894591291199,8.511774115595914,212.11553455605272,0.273546511627907,233.0046511627907,167.00534729426576,0.25,147,145,UnevenBars/v_UnevenBars_g02_c01.avi
5.2910729837101576,13.394463515816774,274.0,0.576889534883721,404.13023255813954,530.4643527619069,0.4331395348837209,195,192,UnevenBars/v_UnevenBars_g02_c02.avi
2.704692302648729,7.312149894373694,166.90416411821485,0.3683139534883721,210.2325581395349,136.72937746109204,0.30348837209302326,157,155,UnevenBars/v_UnevenBars_g02_c03.avi
3.16307912889515,6.714523712085754,120.73537696135297,0.6415697674418605,441.30232558139534,500.71555936473607,0.17906976744186046,197,194,UnevenBars/v_UnevenBars_g02_c04.avi
1.9614946529525916,5.158333100189825,148.97000537020867,0.8247093023255814,329.1162790697674,311.0950807548644,0.24941860465116278,130,128,UnevenBars/v_UnevenBars_g03_c01.avi
3.525018326821581,5.835109329119831,45.914322384197284,0.5175872093023256,427.01395348837207,910.7765737254997,0.3744186046511628,143,141,UnevenBars/v_UnevenBars_g03_c02.avi
2.8906333421223223,5.22545312279546,60.75,0.58125,368.29767441860463,340.3762415453599,0.22906976744186047,151,149,UnevenBars/v_UnevenBars_g03_c03.avi
7.593713737463754,11.239796376029997,245.26834793751925,0.42761627906976746,241.71162790697673,261.00352061182724,0.43023255813953487,247,244,UnevenBars/v_UnevenBars_g03_c04.avi
3.39600621862287,11.699380587639718,192.00260414900626,0.7255813953488373,316.0558139534884,291.83377978626373,0.2313953488372093,144,142,UnevenBars/v_UnevenBars_g04_c01.avi
1.4393565667841288,3.1693012517560004,75.0,0.5156976744186047,238.8093023255814,169.4820451682035,0.22906976744186047,127,125,UnevenBars/v_UnevenBars_g04_c02.avi
3.2782607834849045,14.355384802345112,243.83665126473502,0.6398255813953488,226.97674418604652,193.15176445047013,0.32790697674418606,122,120,UnevenBars/v_UnevenBars_g04_c03.avi
4.288572378194244,13.428759771443545,108.16653826391968,0.8763081395348837,360.48372093023255,367.3013444597891,0.3558139534883721,146,144,UnevenBars/v_UnevenBars_g04_c04.avi
9.784032539358686,23.16611256760158,184.81612483763422,0.5633720930232559,235.23720930232557,194.54422468851106,0.2941860465116279,123,121,UnevenBars/v_UnevenBars_g05_c01.avi
1.3135548042347118,2.958164391471438,90.2551937563706,0.6813953488372093,342.4,374.8977013954979,0.44302325581395346,179,176,UnevenBars/v_UnevenBars_g05_c02.avi
4.9866004774986346,14.50808846795277,212.27576404290716,0.609156976744186,279.3302325581395,294.46161793148804,0.37616279069767444,167,164,UnevenBars/v_UnevenBars_g05_c03.avi
0.8166054639665141,1.7326722319753398,34.75089926893979,0.8,234.56744186046512,161.07624616777744,0.23255813953488372,108,106,UnevenBars/v_UnevenBars_g05_c04.avi
0.7934549541781277,3.022170981970703,89.88882021697692,0.8433139534883721,356.9116279069767,489.9626436682425,0.34186046511627904,99,97,UnevenBars/v_UnevenBars_g06_c01.avi
0.9325418412891645,13.025012417354514,337.92454779136716,0.959593023255814,361.153488372093,388.4971277909074,0.44069767441860463,79,77,UnevenBars/v_UnevenBars_g06_c02.avi
1.5381798060434364,2.5115147023505955,56.43580423808985,0.6123546511627908,232.66976744186047,191.08268700235232,0.2982558139534884,80,78,UnevenBars/v_UnevenBars_g06_c03.avi
0.3318557828333599,2.1347072889751293,74.5,0.9382267441860465,295.9627906976744,467.73126702237,0.43372093023255814,120,118,UnevenBars/v_UnevenBars_g06_c04.avi
1.1767839196703629,1.8196049623615027,14.1448974899078,0.6902616279069768,327.553488372093,564.7290897531424,0.2691860465116279,152,150,UnevenBars/v_UnevenBars_g07_c01.avi
5.568167589208027,12.578672829543999,158.4960567332828,0.4748546511627907,216.93023255813952,186.26480217113723,0.35930232558139535,74,72,UnevenBars/v_UnevenBars_g07_c02.avi
9.762816358025223,23.08617357248224,300.1000874708303,0.3934593023255814,268.3906976744186,270.81121186466095,0.3470930232558139,124,122,UnevenBars/v_UnevenBars_g07_c03.avi
6.777441874049224,17.750777914843926,234.29255216502295,0.5832848837209302,263.70232558139537,240.92392844405734,0.28313953488372096,124,122,UnevenBars/v_UnevenBars_g07_c04.avi
0.30291989253153007,1.8413397194435757,122.2620137246234,0.9284883720930233,212.13023255813954,146.63297566069068,0.30988372093023253,94,92,VolleyballSpiking/v_VolleyballSpiking_g01_c01.avi
2.6244024661063285,4.373118405063274,60.53924347066124,0.46831395348837207,270.7348837209302,405.65550677696325,0.2372093023255814,211,208,VolleyballSpiking/v_VolleyballSpiking_g01_c02.avi
0.9292131235707426,1.3606131652212685,22.41929972144536,0.6058139534883721,237.46976744186045,142.69015959109433,0.18953488372093022,155,153,VolleyballSpiking/v_VolleyballSpiking_g01_c03.avi
2.2108198467572024,9.419525828286071,241.3565826738521,0.5947674418604652,242.49302325581397,196.00407849974536,0.26569767441860465,70,68,VolleyballSpiking/v_VolleyballSpiking_g01_c04.avi
5.844071020288954,12.287987817090249,195.0102561405425,0.5694767441860465,182.10232558139535,207.41162027993948,0.5709302325581396,85,83,VolleyballSpiking/v_VolleyballSpiking_g02_c01.avi
0.8156144157728591,4.458925180797733,158.07909412695912,0.8486918604651162,195.3860465116279,393.68918774775386,0.5180232558139535,123,121,VolleyballSpiking/v_VolleyballSpiking_g02_c02.avi
0.21698459328550654,0.7104131573631153,12.041594578792296,0.9473837209302326,382.5860465116279,836.6313465546568,0.3802325581395349,113,111,VolleyballSpiking/v_VolleyballSpiking_g02_c03.avi
2.5543420252301288,3.845158416740367,49.49747468305833,0.54375,239.14418604651163,129.10861715756033,0.1622093023255814,92,90,VolleyballSpiking/v_VolleyballSpiking_g02_c04.avi
5.901923957731615,20.765815145632025,276.2607463973121,0.5838662790697674,219.60930232558138,172.2416796032148,0.31976744186046513,103,101,VolleyballSpiking/v_VolleyballSpiking_g03_c01.avi
5.4755784780939,19.65327777967409,319.4437059170207,0.37107558139534885,210.0093023255814,130.39439247101598,0.29534883720930233,66,64,VolleyballSpiking/v_VolleyballSpiking_g03_c02.avi
0.9148732381748059,2.966763114106468,57.14017850864661,0.7872093023255814,169.93488372093023,119.41989800255217,0.4761627906976744,124,122,VolleyballSpiking/v_VolleyballSpiking_g03_c03.avi
0.5118868848701242,2.175857071063446,66.03029607687671,0.891860465116279,222.28837209302327,166.2107673019933,0.29651162790697677,96,94,VolleyballSpiking/v_VolleyballSpiking_g03_c04.avi
0.9080526708831048,8.30140235190653,168.24089871371942,0.8870639534883721,232.0,176.17327622489728,0.27151162790697675,66,64,VolleyballSpiking/v_VolleyballSpiking_g04_c01.avi
0.8413568352355446,3.73067321492492,122.0,0.813953488372093,242.3813953488372,167.7747760177925,0.21046511627906977,62,60,VolleyballSpiking/v_VolleyballSpiking_g04_c02.avi
0.414050084210179,1.2356421522804601,47.0,0.8968023255813954,239.92558139534884,120.006178315803,0.14651162790697675,77,75,VolleyballSpiking/v_VolleyballSpiking_g04_c03.avi
0.4053628117044175,1.1033857673078595,15.033296378372908,0.9255813953488372,242.71627906976744,186.95321754103452,0.24593023255813953,112,110,VolleyballSpiking/v_VolleyballSpiking_g04_c04.avi
0.48624535058957635,1.2268784013284686,18.5,0.8585755813953488,574.2511627906977,1080.014156748752,0.1936046511627907,99,97,VolleyballSpiking/v_VolleyballSpiking_g04_c05.avi
0.38213168118524643,3.5724763535731325,152.50081966992832,0.901453488372093,441.07906976744187,831.5617966543128,0.18953488372093022,111,109,VolleyballSpiking/v_VolleyballSpiking_g04_c06.avi
0.43697651758930084,1.088807944667947,36.235341863986875,0.8808139534883721,219.94418604651162,186.4697659916713,0.34593023255813954,130,128,VolleyballSpiking/v_VolleyballSpiking_g04_c07.avi
4.47651443412683,10.617219664524939,231.5,0.4428779069767442,235.5720930232558,148.1109677103096,0.2063953488372093,105,103,VolleyballSpiking/v_VolleyballSpiking_g05_c01.avi
2.8171542800685443,7.439971548736757,168.0,0.49869186046511627,225.74883720930234,148.45584164071337,0.2505813953488372,67,65,VolleyballSpiking/v_VolleyballSpiking_g05_c02.avi
4.017219957632312,23.82032419008138,300.50010399332643,0.6585755813953489,402.5674418604651,371.65339424199465,0.2552325581395349,60,58,VolleyballSpiking/v_VolleyballSpiking_g05_c03.avi
3.7372049779833123,7.6274906570649,131.75,0.4748546511627907,394.75348837209305,361.53987161432286,0.23546511627906977,64,62,VolleyballSpiking/v_VolleyballSpiking_g05_c04.avi
4.1799629690045395,14.415375012741894,214.79823381489896,0.7186046511627907,482.9395348837209,518.508335534144,0.19709302325581396,95,93,VolleyballSpiking/v_VolleyballSpiking_g05_c05.avi
3.794507769979775,12.38874694264917,222.32408776378685,0.6543604651162791,202.41860465116278,167.30785335244082,0.39069767441860465,122,120,VolleyballSpiking/v_VolleyballSpiking_g06_c01.avi
1.7408316315589645,2.389806461898368,16.31908392036759,0.6392441860465117,214.92093023255813,139.59898806546596,0.28604651162790695,107,105,VolleyballSpiking/v_VolleyballSpiking_g06_c02.avi
5.298071082995037,18.22677318285577,326.09057407413667,0.8382267441860465,193.37674418604652,135.60833622796187,0.3819767441860465,122,120,VolleyballSpiking/v_VolleyballSpiking_g06_c03.avi
0.3029464950352615,0.6279146008817612,8.273640371686456,0.9218023255813953,221.84186046511627,159.80672371767054,0.2872093023255814,149,147,VolleyballSpiking/v_VolleyballSpiking_g06_c04.avi
3.5328812760092614,10.346051387981925,176.0,0.5231104651162791,382.13953488372096,369.42429009394004,0.30116279069767443,54,52,VolleyballSpiking/v_VolleyballSpiking_g07_c01.avi
3.5708724420775217,9.997932248913513,207.5,0.5287790697674418,366.06511627906974,353.44794089463994,0.28488372093023256,88,86,VolleyballSpiking/v_VolleyballSpiking_g07_c02.avi
4.978103254424455,16.43577877178157,383.0,0.5648255813953489,402.90232558139536,365.61886972853085,0.2302325581395349,90,88,VolleyballSpiking/v_VolleyballSpiking_g07_c03.avi
1.8819634214946348,5.2997486433166285,220.0,0.6385174418604651,380.4651162790698,352.6412861394745,0.24011627906976743,68,66,VolleyballSpiking/v_VolleyballSpiking_g07_c04.avi
5.654221682489927,14.200010290320309,336.5429253824837,0.45959302325581397,424.6697674418605,363.3991434470993,0.1680232558139535,87,85,VolleyballSpiking/v_VolleyballSpiking_g07_c05.avi
1.7168649409171775,3.8087132895741216,37.217687327398515,0.6565406976744186,381.5813953488372,370.91679205801825,0.30872093023255814,68,66,VolleyballSpiking/v_VolleyballSpiking_g07_c06.avi
1.7412782413989816,5.258587760512611,71.0,0.809593023255814,442.4186046511628,511.10833660476544,0.23372093023255813,80,78,VolleyballSpiking/v_VolleyballSpiking_g07_c07.avi
0.5068607146582778,0.8042943828650011,17.908185977368003,0.7337209302325581,345.07906976744187,549.9556584908564,0.12209302325581395,241,238,WalkingWithDog/v_WalkingWithDog_g01_c01.avi
2.632356572870437,3.2055870528880845,40.311288741492746,0.4536337209302326,676.2790697674419,1218.4868680874079,0.11802325581395348,241,238,WalkingWithDog/v_WalkingWithDog_g01_c02.avi
0.3253759923474652,0.884883094416508,16.000488273799647,0.936046511627907,217.93488372093023,167.77785823331567,0.3191860465116279,241,238,WalkingWithDog/v_WalkingWithDog_g01_c03.avi
2.191883162073001,6.089031569395425,118.01906625626216,0.8142441860465116,229.2093023255814,226.1615555654681,0.3930232558139535,181,178,WalkingWithDog/v_WalkingWithDog_g01_c04.avi
1.0296107440469349,1.688128734263654,21.0,0.6665697674418605,464.4093023255814,829.2734280791336,0.12151162790697674,241,238,WalkingWithDog/v_WalkingWithDog_g02_c01.avi
1.341688748247792,2.6097922274968903,20.460327465610124,0.6351744186046512,283.01395348837207,241.622105085121,0.20813953488372092,241,238,WalkingWithDog/v_WalkingWithDog_g02_c02.avi
1.5292238325629133,3.051705673654236,50.75,0.6107558139534883,308.4651162790698,543.8776943923556,0.21046511627906977,241,238,WalkingWithDog/v_WalkingWithDog_g02_c03.avi
1.2348501821592681,3.204355038414789,88.0,0.6691860465116279,233.22790697674418,132.55380360105715,0.1930232558139535,241,238,WalkingWithDog/v_WalkingWithDog_g02_c04.avi
1.7140793683098317,4.091424829708817,46.2709412050371,0.6252906976744186,494.9953488372093,962.162619807645,0.1691860465116279,241,238,WalkingWithDog/v_WalkingWithDog_g02_c05.avi
1.4305604820470117,4.382630562777638,219.0,0.5857558139534884,620.9116279069767,1183.9114936297021,0.2575581395348837,241,238,WalkingWithDog/v_WalkingWithDog_g02_c06.avi
2.282129126141896,4.938326839262694,29.832867780352597,0.6738372093023256,510.7348837209302,1032.399651947474,0.31046511627906975,241,238,WalkingWithDog/v_WalkingWithDog_g03_c01.avi
3.7950434691821027,7.704532599339541,84.71717653463199,0.673110465116279,397.09767441860464,664.5773230909136,0.13023255813953488,241,238,WalkingWithDog/v_WalkingWithDog_g03_c02.avi
2.139875152716086,6.276622949471237,169.7570414592573,0.46148255813953487,293.28372093023256,399.352858445943,0.12209302325581395,216,213,WalkingWithDog/v_WalkingWithDog_g03_c03.avi
4.5742368873418,5.591224393610269,45.60701700396552,0.4720930232558139,235.5720930232558,149.55102780949076,0.20872093023255814,241,238,WalkingWithDog/v_WalkingWithDog_g03_c04.avi
3.686620423721024,11.415129543900031,328.9072817679779,0.5103197674418605,231.66511627906976,158.37934867100444,0.24069767441860465,241,238,WalkingWithDog/v_WalkingWithDog_g03_c05.avi
1.3686359171296296,2.4497286178671684,28.5,0.6226744186046511,258.45581395348836,183.88731800211752,0.17325581395348838,94,92,WalkingWithDog/v_WalkingWithDog_g04_c01.avi
1.305563827991461,2.513582706417194,34.539832078341085,0.6478197674418604,289.2651162790698,411.23084609878913,0.18953488372093022,241,238,WalkingWithDog/v_WalkingWithDog_g04_c02.avi
1.8952765762875814,4.013959020158196,23.098971838590565,0.7793604651162791,196.27906976744185,128.34661021087794,0.35755813953488375,241,238,WalkingWithDog/v_WalkingWithDog_g04_c03.avi
3.7925297942452354,7.235578605483357,113.65298060323803,0.5082848837209303,289.71162790697673,225.13873883731537,0.14069767441860465,211,208,WalkingWithDog/v_WalkingWithDog_g04_c04.avi
1.9781900826827146,5.272419754947167,32.094586770980555,0.7832848837209302,261.8046511627907,538.8270628868754,0.36046511627906974,241,238,WalkingWithDog/v_WalkingWithDog_g04_c05.avi
0.9627352974489338,9.154515116335464,306.1474318036981,0.9459302325581396,225.1906976744186,405.4927933944845,0.43023255813953487,241,238,WalkingWithDog/v_WalkingWithDog_g05_c01.avi
0.7821247333198632,2.2199656055017445,39.20459156782532,0.8803779069767442,239.70232558139534,392.10808280274307,0.3081395348837209,241,238,WalkingWithDog/v_WalkingWithDog_g05_c02.avi
3.5695898095627694,8.187438996171487,214.03737991294884,0.7337209302325581,223.85116279069769,399.3162250834881,0.40930232558139534,241,238,WalkingWithDog/v_WalkingWithDog_g05_c03.avi
5.1457061866450235,18.041106617154533,255.03137061938085,0.7617732558139535,260.9116279069767,406.6318906774954,0.2813953488372093,145,143,WalkingWithDog/v_WalkingWithDog_g05_c04.avi
5.366516248762941,11.65255564817178,86.27028746909332,0.626453488372093,215.47906976744187,151.1802505837867,0.30174418604651165,135,133,WalkingWithDog/v_WalkingWithDog_g05_c05.avi
0.07164399742482548,1.3706722806729128,111.73182178770737,0.9784883720930233,274.75348837209305,249.97713323220998,0.2627906976744186,154,152,WalkingWithDog/v_WalkingWithDog_g06_c01.avi
2.6881561309582818,10.59354204323754,264.030301291348,0.8210755813953489,258.7906976744186,555.8259957827497,0.4738372093023256,126,124,WalkingWithDog/v_WalkingWithDog_g06_c02.avi
2.065106801586276,7.875198298015813,66.40030120413611,0.838953488372093,683.5348837209302,1130.7962074293557,0.1941860465116279,241,238,WalkingWithDog/v_WalkingWithDog_g06_c03.avi
1.2232264182634716,4.720295336088079,219.91361940543837,0.8207848837209303,1128.4837209302325,1640.8840012471771,0.2186046511627907,241,238,WalkingWithDog/v_WalkingWithDog_g06_c04.avi
1.95582017538204,17.242902422644224,396.14643757075487,0.8854651162790698,397.65581395348835,910.4387353569108,0.4436046511627907,241,238,WalkingWithDog/v_WalkingWithDog_g06_c05.avi
0.2038930623512394,0.8073374804576943,16.8564713092628,0.9379360465116279,223.62790697674419,173.28951755838912,0.30348837209302326,95,93,WalkingWithDog/v_WalkingWithDog_g07_c01.avi
0.07434148350931287,0.37603872236668584,9.391651878130919,0.9822674418604651,216.14883720930231,175.85526867826204,0.34244186046511627,160,158,WalkingWithDog/v_WalkingWithDog_g07_c02.avi
1.3585680763728631,4.014655993875073,106.21205204683694,0.713953488372093,330.7906976744186,577.2825094591211,0.336046511627907,234,231,WalkingWithDog/v_WalkingWithDog_g07_c03.avi
0.16712888901139653,2.4450055661725587,94.37855953552163,0.9741279069767442,718.4744186046512,1127.9125390992072,0.1819767441860465,241,238,WalkingWithDog/v_WalkingWithDog_g07_c04.avi
1.4151137655916428,3.8796242330398467,108.5,0.6824127906976745,221.06046511627906,132.24920475346232,0.24709302325581395,241,238,WalkingWithDog/v_WalkingWithDog_g07_c05.avi
0.887412972692568,2.9136472089450796,29.274562336608895,0.929796511627907,358.80930232558137,657.0972643354922,0.18546511627906978,241,238,WalkingWithDog/v_WalkingWithDog_g07_c06.avi
1.2046821165955528,3.5886226808867256,96.10541087784809,0.7953488372093023,401.45116279069765,368.9100680553479,0.24709302325581395,91,89,WallPushups/v_WallPushups_g01_c01.avi
0.9359328930310858,5.171394848382978,77.92945527847606,0.8505813953488373,376.89302325581394,360.8388452992644,0.2819767441860465,126,124,WallPushups/v_WallPushups_g01_c02.avi
0.8124869867920506,1.4416044404979274,8.276472678623424,0.764389534883721,555.6093023255814,523.1106209722107,0.12790697674418605,152,150,WallPushups/v_WallPushups_g01_c03.avi
0.6693804450869494,1.541798722544499,12.095970403402944,0.8261627906976744,539.4232558139535,395.8999667153479,0.10523255813953489,191,188,WallPushups/v_WallPushups_g01_c04.avi
0.647822104689472,1.5443380311777544,22.522211259110417,0.7712209302325581,229.32093023255814,257.16993617752695,0.4738372093023256,84,82,WallPushups/v_WallPushups_g02_c01.avi
0.22271558021583124,0.7992080618606642,19.557607215607945,0.9402616279069768,289.2651162790698,438.96084419525897,0.3174418604651163,67,65,WallPushups/v_WallPushups_g02_c02.avi
0.32588037492263516,5.555166254222662,228.39658491317246,0.9363372093023256,270.1767441860465,273.2452113133526,0.3470930232558139,65,63,WallPushups/v_WallPushups_g02_c03.avi
0.22441346007940258,0.6945493965131769,16.55294535724685,0.9497093023255814,211.34883720930233,207.3997245766297,0.43023255813953487,77,75,WallPushups/v_WallPushups_g02_c04.avi
0.15211725208451346,0.5547003368588123,7.280109889280518,0.9584302325581395,499.01395348837207,384.2113696254787,0.10872093023255813,116,114,WallPushups/v_WallPushups_g03_c01.avi
0.12079625688043868,0.37852319914212834,3.795556612672244,0.9444767441860465,502.69767441860466,394.7447532610786,0.14767441860465116,119,117,WallPushups/v_WallPushups_g03_c02.avi
0.15446777786244223,0.6066601255462737,16.0,0.9546511627906977,501.69302325581396,399.92524731466636,0.17151162790697674,110,108,WallPushups/v_WallPushups_g03_c03.avi
0.16427482533854804,0.7061931257721903,16.347782724271816,0.9472383720930233,453.4697674418605,395.8615658516883,0.23895348837209301,103,101,WallPushups/v_WallPushups_g03_c04.avi
0.1752000378239209,0.8246097701668568,17.11724276862369,0.9537790697674419,451.68372093023254,385.1248694694087,0.19709302325581396,97,95,WallPushups/v_WallPushups_g03_c05.avi
0.3050750013150096,2.2213898297123342,67.51157308195388,0.9421511627906977,338.71627906976744,348.28620744027666,0.3505813953488372,103,101,WallPushups/v_WallPushups_g04_c01.avi
0.15171018052372007,1.0140283784862534,33.52610922848042,0.9656976744186047,311.36744186046514,329.3470493870676,0.3744186046511628,122,120,WallPushups/v_WallPushups_g04_c02.avi
0.2860908004185997,1.5413169559543414,31.51586901863885,0.9417151162790698,309.5813953488372,323.6054324836601,0.36046511627906974,98,96,WallPushups/v_WallPushups_g04_c03.avi
0.1289891316541463,0.7030141538917164,30.56550343115585,0.9553779069767442,350.8837209302326,351.6597992181573,0.3244186046511628,154,152,WallPushups/v_WallPushups_g04_c04.avi
0.4578391116571606,0.9964834104120934,6.363961030678928,0.8446220930232559,531.1627906976744,403.6545224560091,0.14825581395348839,91,89,WallPushups/v_WallPushups_g05_c01.avi
0.2415459671349,0.8997685349023938,60.86563069582044,0.90625,726.9581395348837,841.6607907107201,0.10755813953488372,93,91,WallPushups/v_WallPushups_g05_c02.avi
0.3868562491547435,0.9580460506794448,22.20360331117452,0.8207848837209303,276.09302325581393,275.49260859991415,0.3302325581395349,86,84,WallPushups/v_WallPushups_g05_c03.avi
0.30538088598857077,0.6456294954787443,15.132745950421556,0.9056686046511628,531.2744186046511,524.5576245167117,0.16162790697674417,88,86,WallPushups/v_WallPushups_g05_c04.avi
0.20174280447876758,0.37214241264429426,7.5374067158406675,0.946656976744186,784.5581395348837,763.1004476026878,0.09127906976744186,79,77,WallPushups/v_WallPushups_g05_c05.avi
1.5521221233768137,2.801660124657376,21.470910553583888,0.7087209302325581,342.7348837209302,469.66347124828275,0.28081395348837207,97,95,WallPushups/v_WallPushups_g06_c01.avi
0.4862271476474781,1.7421692905004067,19.026297590440446,0.8265988372093023,304.78139534883724,319.80549848801735,0.36453488372093024,103,101,WallPushups/v_WallPushups_g06_c02.avi
0.24892883970905888,0.5961440440686658,8.25,0.8927325581395349,391.51627906976745,353.4592222987189,0.2127906976744186,136,134,WallPushups/v_WallPushups_g06_c03.avi
0.5725162009992694,1.881012163293912,14.75,0.8642441860465117,356.57674418604654,353.39496636180996,0.3133720930232558,125,123,WallPushups/v_WallPushups_g06_c04.avi
0.3614153296248978,1.4041731623385678,15.632997953047905,0.8751453488372093,402.1209302325581,368.47083665997525,0.2436046511627907,117,115,WallPushups/v_WallPushups_g06_c05.avi
0.40808259900797467,1.3190975605934692,13.271209439986997,0.8790697674418605,390.06511627906974,360.40222419087627,0.2436046511627907,109,107,WallPushups/v_WallPushups_g06_c06.avi
0.7662963038429147,3.963103897219039,43.44249072049161,0.8829941860465116,249.4139534883721,304.17732097577203,0.5296511627906977,165,162,WallPushups/v_WallPushups_g06_c07.avi
0.26179751433194376,1.477436257038424,83.5003742506583,0.9081395348837209,655.293023255814,624.2848058286653,0.125,106,104,WallPushups/v_WallPushups_g07_c01.avi
0.2308484895367068,0.54877865478039,6.373774391990981,0.9127906976744186,559.293023255814,406.0045396672244,0.1296511627906977,97,95,WallPushups/v_WallPushups_g07_c02.avi
0.2427844992138484,0.6648601827965224,7.211102550927978,0.9059593023255814,564.3162790697675,403.6659596055806,0.11511627906976744,97,95,WallPushups/v_WallPushups_g07_c03.avi
0.19943300900276134,0.6818193585626637,9.253377761660873,0.9059593023255814,752.5209302325582,771.4702775200151,0.11627906976744186,103,101,WallPushups/v_WallPushups_g07_c04.avi
0.2713596317921174,0.7079647302269192,6.427480066091221,0.8813953488372093,494.8837209302326,392.75894786795203,0.1511627906976744,87,85,WallPushups/v_WallPushups_g07_c05.avi
0.2493319624935911,0.6234225708454576,7.106335201775948,0.901453488372093,458.9395348837209,378.9552235558296,0.1569767441860465,87,85,WallPushups/v_WallPushups_g07_c06.avi
0.6301022598478937,5.194700988732467,90.0,0.9655523255813954,760.7813953488372,1069.705694638595,0.12906976744186047,154,152,WritingOnBoard/v_WritingOnBoard_g01_c01.avi
0.18011523795360024,1.3118296315305464,34.36022409705734,0.9741279069767442,419.646511627907,490.0417311839725,0.17093023255813952,118,116,WritingOnBoard/v_WritingOnBoard_g01_c02.avi
0.4111252381315487,2.3152954747133796,33.24154027718932,0.9340116279069768,382.69767441860466,485.4617334515198,0.2424418604651163,62,60,WritingOnBoard/v_WritingOnBoard_g01_c03.avi
0.6597070829944598,1.730521147885995,10.949457749130776,0.8322674418604651,405.4697674418605,681.0070776311117,0.22848837209302325,58,56,WritingOnBoard/v_WritingOnBoard_g01_c04.avi
0.46019379411365463,1.6030244614601215,22.5,0.8870639534883721,347.646511627907,332.13830920464386,0.2622093023255814,186,183,WritingOnBoard/v_WritingOnBoard_g01_c05.avi
0.40848306031228593,2.5881795678312334,31.375,0.9604651162790697,534.8465116279069,702.928260373715,0.15465116279069768,72,70,WritingOnBoard/v_WritingOnBoard_g01_c06.avi
0.2559262951773888,0.6956503578596539,11.045361017187261,0.9074127906976744,355.7953488372093,327.4007500619957,0.21976744186046512,101,99,WritingOnBoard/v_WritingOnBoard_g01_c07.avi
0.26127557865176526,1.535773298717135,29.516944286290883,0.9505813953488372,556.7255813953489,1030.0726883570308,0.2313953488372093,184,181,WritingOnBoard/v_WritingOnBoard_g02_c01.avi
0.2255481525439067,0.8343605120231694,15.5,0.932703488372093,322.9767441860465,551.1028050960624,0.20232558139534884,217,214,WritingOnBoard/v_WritingOnBoard_g02_c02.avi
0.22206492961356622,0.6170875846213902,10.891510455395983,0.9406976744186046,238.36279069767443,159.26435099917606,0.2127906976744186,147,145,WritingOnBoard/v_WritingOnBoard_g02_c03.avi
0.5036817138019951,7.112177507816654,200.5,0.9132267441860465,239.25581395348837,168.00278140322916,0.22441860465116278,192,189,WritingOnBoard/v_WritingOnBoard_g02_c04.avi
0.4478068620857761,2.234800179278625,38.0,0.8950581395348837,288.48372093023255,544.6297897421025,0.288953488372093,101,99,WritingOnBoard/v_WritingOnBoard_g02_c05.avi
0.27911459922543086,0.8527910958403447,17.392527130926087,0.9325581395348838,419.646511627907,829.7650357666649,0.22209302325581395,213,210,WritingOnBoard/v_WritingOnBoard_g02_c06.avi
0.3855717073725054,1.151808909686478,13.400093283257396,0.8805232558139535,243.72093023255815,188.78982106742288,0.2453488372093023,201,198,WritingOnBoard/v_WritingOnBoard_g02_c07.avi
0.42728952479944454,1.7316482118863585,39.56008088970496,0.8909883720930233,874.4186046511628,877.1226275954311,0.1,134,132,WritingOnBoard/v_WritingOnBoard_g03_c01.avi
1.0405989677540555,2.5807816016981846,55.71355310873648,0.7300872093023256,437.84186046511627,388.6652090930308,0.24127906976744187,113,111,WritingOnBoard/v_WritingOnBoard_g03_c02.avi
1.5509660448925655,7.92940328000846,103.87981336621664,0.8440406976744186,633.5255813953488,627.7760955068122,0.14767441860465116,115,113,WritingOnBoard/v_WritingOnBoard_g03_c03.avi
1.1745837534811416,3.422705622755295,45.957861133869145,0.7664244186046512,614.4372093023255,785.3097356718871,0.1680232558139535,127,125,WritingOnBoard/v_WritingOnBoard_g03_c04.avi
0.31728254816829654,1.6279628145680125,33.80920732581585,0.9462209302325582,875.7581395348838,1199.635238017879,0.16511627906976745,161,159,WritingOnBoard/v_WritingOnBoard_g03_c05.avi
0.36653964902947095,2.246161853382457,50.32891812864648,0.9281976744186047,336.48372093023255,470.68392442459304,0.3063953488372093,123,121,WritingOnBoard/v_WritingOnBoard_g03_c06.avi
0.7871834839438706,3.6462150045703097,72.03471385380801,0.9001453488372093,497.2279069767442,404.22804887868733,0.19709302325581396,95,93,WritingOnBoard/v_WritingOnBoard_g03_c07.avi
0.19918733190702986,1.3873946203873835,19.4164878389476,0.9549418604651163,421.09767441860464,364.80093934011313,0.1819767441860465,127,125,WritingOnBoard/v_WritingOnBoard_g04_c01.avi
0.1216938763318349,0.6833551808722607,44.01136216933077,0.9463662790697674,602.1581395348837,856.002495712662,0.2063953488372093,144,142,WritingOnBoard/v_WritingOnBoard_g04_c02.avi
0.09715184360612757,0.9690688337049896,33.06055050963308,0.9781976744186046,418.5302325581395,366.62493066302363,0.19534883720930232,149,147,WritingOnBoard/v_WritingOnBoard_g04_c03.avi
0.0847116306209751,0.3287291541507967,5.875,0.9668604651162791,369.07906976744187,347.3811502016391,0.25290697674418605,87,85,WritingOnBoard/v_WritingOnBoard_g04_c04.avi
0.8051542912844496,2.4546334525274713,23.00135865552294,0.8295058139534883,418.75348837209305,774.1994993626724,0.336046511627907,181,178,WritingOnBoard/v_WritingOnBoard_g05_c01.avi
1.2813229291159627,2.920459725281329,21.107241056092576,0.7625,203.53488372093022,211.21876115107716,0.4755813953488372,99,97,WritingOnBoard/v_WritingOnBoard_g05_c02.avi
1.048592721065756,3.610062698568455,34.1558926102071,0.845203488372093,263.1441860465116,256.6622477945328,0.32790697674418606,113,111,WritingOnBoard/v_WritingOnBoard_g05_c03.avi
0.5143331886973596,1.5704466171760678,19.4164878389476,0.9119186046511628,316.72558139534885,298.0190005594097,0.24883720930232558,149,147,WritingOnBoard/v_WritingOnBoard_g05_c04.avi
0.6157105603979344,1.9059526733431145,27.0,0.8571220930232558,276.6511627906977,271.33561846444917,0.31569767441860463,110,108,WritingOnBoard/v_WritingOnBoard_g05_c05.avi
0.6920572441782137,2.5252574581778355,96.56345064256973,0.8318313953488372,296.29767441860463,289.9739599282186,0.29709302325581394,131,129,WritingOnBoard/v_WritingOnBoard_g05_c06.avi
0.8781738257916056,1.7262487984376196,19.001644665659864,0.7100290697674418,221.84186046511627,150.12538361596614,0.2709302325581395,86,84,WritingOnBoard/v_WritingOnBoard_g06_c01.avi
1.0253097589814724,4.028141872367734,50.21951811795888,0.8710755813953488,306.45581395348836,435.50131140289324,0.2372093023255814,193,190,WritingOnBoard/v_WritingOnBoard_g06_c02.avi
0.9708919539769295,3.612701117727349,44.721359549995796,0.8888081395348837,256.5581395348837,197.23027532180603,0.20872093023255814,184,181,WritingOnBoard/v_WritingOnBoard_g06_c03.avi
0.21807409414378448,0.6053994223146808,5.024937810560445,0.9424418604651162,311.47906976744184,272.2931871980706,0.1877906976744186,213,210,WritingOnBoard/v_WritingOnBoard_g06_c04.avi
0.3289424776251401,0.7801954909619273,6.643841132959156,0.9125,243.49767441860465,192.2625354891878,0.2534883720930233,191,188,WritingOnBoard/v_WritingOnBoard_g06_c05.avi
0.2452647830081318,0.5679196924381098,5.303300858899107,0.9299418604651163,276.6511627906977,223.71232396539259,0.1877906976744186,136,134,WritingOnBoard/v_WritingOnBoard_g06_c06.avi
0.3705519395497262,3.557367406182115,84.52995031348357,0.9680232558139535,398.66046511627906,588.7412438057345,0.2058139534883721,234,231,WritingOnBoard/v_WritingOnBoard_g06_c07.avi
1.5269992668421786,6.264103105747969,45.48626166217664,0.8164244186046512,410.26976744186044,369.4232107229812,0.22674418604651161,113,111,WritingOnBoard/v_WritingOnBoard_g07_c01.avi
1.5392290857761557,3.0622479759120496,28.06799779107872,0.7007267441860465,178.08372093023254,122.02497824784578,0.4383720930232558,165,162,WritingOnBoard/v_WritingOnBoard_g07_c02.avi
0.5769760547801271,1.6660450199991141,64.08246640072463,0.8074127906976745,417.6372093023256,371.3156978268992,0.21627906976744185,184,181,WritingOnBoard/v_WritingOnBoard_g07_c03.avi
0.5923944294419035,2.468329552627278,61.25,0.8729651162790698,360.5953488372093,339.96500363904653,0.2505813953488372,122,120,WritingOnBoard/v_WritingOnBoard_g07_c04.avi
0.4283490324910877,2.2419549993274392,25.378386473532945,0.9361918604651163,433.153488372093,365.37283878942145,0.1563953488372093,152,150,WritingOnBoard/v_WritingOnBoard_g07_c05.avi
0.4831936081290234,2.257682710806308,37.21558813185679,0.8837209302325582,549.8046511627907,709.7001390870846,0.19069767441860466,103,101,WritingOnBoard/v_WritingOnBoard_g07_c06.avi
0.33715170161676594,0.9198449841017515,6.5,0.8906976744186047,505.48837209302326,508.0011157327531,0.10290697674418604,113,111,WritingOnBoard/v_WritingOnBoard_g07_c07.avi
0.6076446227498806,1.359141311809192,16.0,0.8751453488372093,315.27441860465115,294.4421513784718,0.2424418604651163,188,185,YoYo/v_YoYo_g01_c01.avi
1.175494631005307,2.753625249806706,26.076809620810597,0.8021802325581395,279.66511627906976,285.45366494343284,0.34651162790697676,185,182,YoYo/v_YoYo_g01_c02.avi
3.0644938028148974,11.08470111250568,216.0,0.7534883720930232,202.86511627906978,195.5542521330387,0.4441860465116279,166,163,YoYo/v_YoYo_g01_c03.avi
1.8038470233690942,4.347454702229736,27.51363298439521,0.7472383720930232,417.86046511627904,498.7794209493555,0.22209302325581395,194,191,YoYo/v_YoYo_g01_c04.avi
0.361537751813738,1.3757455139941746,27.202941017470888,0.9204941860465117,340.27906976744185,333.6344138725274,0.29127906976744183,179,176,YoYo/v_YoYo_g01_c05.avi
0.3571343826138911,1.25421563847054,21.37755832643195,0.9132267441860465,397.3209302325581,378.4387564093073,0.29651162790697677,161,159,YoYo/v_YoYo_g01_c06.avi
1.2129685174352696,3.1114778049663308,27.75,0.7927325581395349,385.3767441860465,492.1263993605091,0.2703488372093023,190,187,YoYo/v_YoYo_g01_c07.avi
0.46876436700689306,1.6249399510991522,38.18376618407357,0.8734011627906977,425.89767441860465,838.3313485696402,0.28488372093023256,189,186,YoYo/v_YoYo_g02_c01.avi
0.4190250299659248,1.2241854275538946,17.67766952966369,0.8972383720930233,303.3302325581395,310.2642201338962,0.3372093023255814,189,186,YoYo/v_YoYo_g02_c02.avi
2.5497243199175315,18.466224375433256,390.91942903877265,0.8611918604651163,162.34418604651162,182.2497459752919,0.6180232558139535,167,164,YoYo/v_YoYo_g02_c03.avi
1.7358895015499274,9.995976582155238,122.13849720706408,0.8686046511627907,147.27441860465117,145.1078637989337,0.6313953488372093,167,164,YoYo/v_YoYo_g02_c04.avi
1.1218015190228845,6.9845604708602815,207.37560277187865,0.8574127906976744,203.53488372093022,167.02086610168973,0.38488372093023254,173,170,YoYo/v_YoYo_g02_c05.avi
0.6515495835087037,2.8449116495196574,95.85674532864132,0.8370639534883721,361.04186046511626,332.0437532338998,0.22034883720930232,196,193,YoYo/v_YoYo_g03_c01.avi
0.5155817327609407,2.034647285325011,72.35437961865198,0.8699127906976745,288.2604651162791,255.35720001555404,0.225,199,196,YoYo/v_YoYo_g03_c02.avi
0.663374643903873,1.024032369622519,13.75,0.7347383720930233,200.1860465116279,162.67062681552554,0.3930232558139535,200,197,YoYo/v_YoYo_g03_c03.avi
1.8854814266074849,4.115417785695562,164.22640622019347,0.5981104651162791,217.37674418604652,216.96640489835275,0.42441860465116277,206,203,YoYo/v_YoYo_g03_c04.avi
0.9571390534916041,3.633242361523917,100.31948963187563,0.7786337209302325,203.4232558139535,137.49182612019086,0.33662790697674416,141,139,YoYo/v_YoYo_g03_c05.avi
2.256370748518639,10.646487002088362,281.0,0.7501453488372093,374.9953488372093,488.0441030173344,0.2779069767441861,194,191,YoYo/v_YoYo_g03_c06.avi
0.2109474999612966,1.0845986208033138,30.066592756745816,0.946656976744186,379.2372093023256,503.47903539331617,0.3488372093023256,178,175,YoYo/v_YoYo_g04_c01.avi
0.27815157746402147,1.4828807427901942,36.09557625249942,0.940406976744186,310.69767441860466,323.0871100682695,0.3546511627906977,193,190,YoYo/v_YoYo_g04_c02.avi
0.2951439151142298,2.34456369370674,112.0714058089752,0.9406976744186046,338.49302325581397,482.52702895512004,0.36104651162790696,155,153,YoYo/v_YoYo_g04_c03.avi
0.2844456718698452,1.2295723645745469,16.759791913982703,0.9409883720930232,320.29767441860463,309.5597845766627,0.2744186046511628,179,176,YoYo/v_YoYo_g04_c04.avi
0.36060465831878397,2.9564028243389395,104.53954096417297,0.9273255813953488,576.0372093023256,927.6881585671449,0.3191860465116279,181,178,YoYo/v_YoYo_g04_c05.avi
0.12272411027822344,0.5763796509755909,12.619429464123963,0.9645348837209302,366.95813953488374,478.2455855605638,0.25,193,190,YoYo/v_YoYo_g05_c01.avi
1.4272327048931062,1.7635281957121864,28.760324233221016,0.5036337209302325,266.71627906976744,199.58820039018312,0.17209302325581396,180,177,YoYo/v_YoYo_g05_c02.avi
2.3642570540837977,6.5611080106834505,194.0,0.6976744186046512,253.9906976744186,229.51512065905627,0.2941860465116279,185,182,YoYo/v_YoYo_g05_c03.avi
0.8015237377322536,1.6022861107494364,44.364963653766246,0.75,275.5348837209302,259.716065790389,0.2866279069767442,176,173,YoYo/v_YoYo_g05_c04.avi
1.0282736831838966,1.518777866736563,18.49493173818168,0.6507267441860465,274.6418604651163,246.5756869816896,0.25406976744186044,181,178,YoYo/v_YoYo_g05_c05.avi
0.9777069132297312,4.419317007299752,252.62224763468478,0.8107558139534884,435.8325581395349,785.6587399654851,0.3936046511627907,205,202,YoYo/v_YoYo_g06_c01.avi
0.8956182382673594,6.804640833036799,292.138665705175,0.8851744186046512,305.33953488372094,280.24599006697827,0.23372093023255813,185,182,YoYo/v_YoYo_g06_c02.avi
1.0983603223381952,3.6563012377430386,72.62510757307007,0.8138081395348837,446.8837209302326,770.6457941022906,0.24302325581395348,188,185,YoYo/v_YoYo_g06_c03.avi
0.9221246334478836,5.899297389412712,135.00370365289984,0.8757267441860465,375.88837209302324,345.6798177163655,0.22674418604651161,137,135,YoYo/v_YoYo_g06_c04.avi
0.23978039045847782,0.9314996471009822,14.560219778561036,0.9364825581395348,522.4558139534884,629.0090520671996,0.23081395348837208,187,184,YoYo/v_YoYo_g07_c01.avi
0.2521714096868489,0.9822124250967581,14.422205101855956,0.9489825581395349,459.0511627906977,516.7125350656754,0.23081395348837208,178,175,YoYo/v_YoYo_g07_c02.avi
0.278272376089671,1.0580431854298191,17.793959649274246,0.9351744186046511,564.9860465116279,720.4456468310834,0.26046511627906976,178,175,YoYo/v_YoYo_g07_c03.avi
0.28489245386504275,1.8105611842976765,34.36568055487916,0.9495639534883721,719.4790697674418,849.935323547085,0.17674418604651163,201,198,YoYo/v_YoYo_g07_c04.avi
