clip_path,true_label,car_predicted_label,car_correct,car_confidence
FieldHockeyPenalty/v_FieldHockeyPenalty_g04_c03.avi,28,28,1,0.9996563196182252
CricketShot/v_CricketShot_g03_c04.avi,23,23,1,0.9999929666519164
Haircut/v_Haircut_g07_c05.avi,33,33,1,1.0
CliffDiving/v_CliffDiving_g05_c04.avi,21,21,1,0.8521569967269897
BodyWeightSquats/v_BodyWeightSquats_g03_c05.avi,14,46,0,0.9799547791481018
FieldHockeyPenalty/v_FieldHockeyPenalty_g05_c03.avi,28,28,1,1.0
FieldHockeyPenalty/v_FieldHockeyPenalty_g05_c07.avi,28,28,1,1.0
VolleyballSpiking/v_VolleyballSpiking_g02_c01.avi,96,96,1,1.0
PlayingViolin/v_PlayingViolin_g04_c04.avi,66,66,1,1.0
ApplyLipstick/v_ApplyLipstick_g04_c04.avi,1,1,1,1.0
FrisbeeCatch/v_FrisbeeCatch_g04_c01.avi,30,30,1,1.0
TrampolineJumping/v_TrampolineJumping_g02_c03.avi,93,93,1,1.0
BenchPress/v_BenchPress_g04_c04.avi,9,9,1,1.0
CleanAndJerk/v_CleanAndJerk_g06_c03.avi,20,20,1,1.0
Swing/v_Swing_g05_c04.avi,88,88,1,1.0
PlayingSitar/v_PlayingSitar_g07_c07.avi,64,64,1,1.0
PlayingGuitar/v_PlayingGuitar_g03_c04.avi,62,62,1,1.0
PlayingGuitar/v_PlayingGuitar_g02_c03.avi,62,62,1,1.0
SoccerPenalty/v_SoccerPenalty_g03_c05.avi,84,84,1,1.0
PlayingTabla/v_PlayingTabla_g04_c02.avi,65,65,1,1.0
HorseRiding/v_HorseRiding_g06_c01.avi,41,41,1,1.0
FrontCrawl/v_FrontCrawl_g05_c03.avi,31,31,1,1.0
PushUps/v_PushUps_g04_c02.avi,71,71,1,0.9999996423721312
Rafting/v_Rafting_g04_c01.avi,72,72,1,1.0
ParallelBars/v_ParallelBars_g05_c04.avi,56,56,1,1.0
PlayingDhol/v_PlayingDhol_g05_c05.avi,60,60,1,1.0
RockClimbingIndoor/v_RockClimbingIndoor_g06_c02.avi,73,74,0,0.9410237073898317
BabyCrawling/v_BabyCrawling_g02_c03.avi,3,3,1,1.0
Shotput/v_Shotput_g04_c01.avi,78,78,1,0.999990463256836
CuttingInKitchen/v_CuttingInKitchen_g05_c06.avi,24,24,1,0.6700195074081421
BaseballPitch/v_BaseballPitch_g06_c05.avi,6,6,1,1.0
Diving/v_Diving_g06_c06.avi,25,25,1,1.0
CuttingInKitchen/v_CuttingInKitchen_g05_c01.avi,24,53,0,0.6740125417709351
PullUps/v_PullUps_g07_c04.avi,69,69,1,0.9997411370277404
JumpingJack/v_JumpingJack_g05_c05.avi,46,46,1,0.9732403755187988
Swing/v_Swing_g07_c04.avi,88,88,1,1.0
IceDancing/v_IceDancing_g01_c04.avi,43,43,1,1.0
JumpRope/v_JumpRope_g05_c03.avi,47,47,1,1.0
Lunges/v_Lunges_g03_c01.avi,51,51,1,1.0
HandstandWalking/v_HandstandWalking_g06_c01.avi,37,36,0,0.9713639616966248
Diving/v_Diving_g01_c03.avi,25,25,1,1.0
CuttingInKitchen/v_CuttingInKitchen_g04_c04.avi,24,24,1,0.9997630715370178
PlayingDhol/v_PlayingDhol_g04_c03.avi,60,60,1,1.0
Diving/v_Diving_g03_c03.avi,25,25,1,1.0
FrontCrawl/v_FrontCrawl_g03_c01.avi,31,31,1,1.0
CricketShot/v_CricketShot_g06_c04.avi,23,23,1,0.8006937503814697
CleanAndJerk/v_CleanAndJerk_g07_c03.avi,20,20,1,1.0
HorseRiding/v_HorseRiding_g07_c01.avi,41,41,1,1.0
Fencing/v_Fencing_g07_c04.avi,27,27,1,1.0
JumpRope/v_JumpRope_g06_c01.avi,47,47,1,1.0
WallPushups/v_WallPushups_g05_c03.avi,98,99,0,0.9677007794380188
VolleyballSpiking/v_VolleyballSpiking_g01_c02.avi,96,96,1,1.0
Knitting/v_Knitting_g03_c02.avi,49,49,1,1.0
Billiards/v_Billiards_g04_c05.avi,11,11,1,1.0
PlayingTabla/v_PlayingTabla_g02_c02.avi,65,65,1,1.0
PommelHorse/v_PommelHorse_g01_c01.avi,68,68,1,1.0
BoxingSpeedBag/v_BoxingSpeedBag_g01_c03.avi,17,17,1,0.9986373782157898
BlowingCandles/v_BlowingCandles_g05_c01.avi,13,13,1,1.0
PlayingViolin/v_PlayingViolin_g01_c04.avi,66,66,1,0.99954092502594
CricketShot/v_CricketShot_g01_c04.avi,23,22,0,1.0
ShavingBeard/v_ShavingBeard_g07_c02.avi,77,77,1,1.0
JugglingBalls/v_JugglingBalls_g01_c01.avi,45,83,0,0.852218747138977
PlayingPiano/v_PlayingPiano_g03_c03.avi,63,63,1,1.0
Surfing/v_Surfing_g01_c02.avi,87,87,1,1.0
ApplyEyeMakeup/v_ApplyEyeMakeup_g02_c04.avi,0,1,0,0.986753523349762
Archery/v_Archery_g06_c02.avi,2,2,1,1.0
HorseRace/v_HorseRace_g06_c05.avi,40,40,1,1.0
PushUps/v_PushUps_g02_c03.avi,71,71,1,1.0
PushUps/v_PushUps_g06_c02.avi,71,77,0,0.9480939507484436
BoxingPunchingBag/v_BoxingPunchingBag_g06_c07.avi,16,16,1,0.9999969005584716
JumpRope/v_JumpRope_g05_c04.avi,47,47,1,1.0
CleanAndJerk/v_CleanAndJerk_g01_c05.avi,20,20,1,0.9972009658813475
Shotput/v_Shotput_g07_c05.avi,78,78,1,0.9997932314872742
Basketball/v_Basketball_g04_c03.avi,7,7,1,0.9747403860092164
Typing/v_Typing_g05_c03.avi,94,94,1,0.9998581409454346
SumoWrestling/v_SumoWrestling_g05_c01.avi,86,86,1,0.999992609024048
PommelHorse/v_PommelHorse_g01_c07.avi,68,68,1,1.0
CliffDiving/v_CliffDiving_g06_c02.avi,21,21,1,1.0
FloorGymnastics/v_FloorGymnastics_g06_c07.avi,29,29,1,0.9999943971633912
Billiards/v_Billiards_g03_c03.avi,11,11,1,1.0
HighJump/v_HighJump_g05_c03.avi,39,39,1,1.0
Punch/v_Punch_g06_c04.avi,70,70,1,1.0
BrushingTeeth/v_BrushingTeeth_g05_c05.avi,19,77,0,0.9528102278709412
BlowDryHair/v_BlowDryHair_g07_c06.avi,12,12,1,1.0
PlayingGuitar/v_PlayingGuitar_g01_c06.avi,62,62,1,1.0
IceDancing/v_IceDancing_g06_c05.avi,43,43,1,1.0
PlayingDhol/v_PlayingDhol_g01_c05.avi,60,60,1,1.0
LongJump/v_LongJump_g04_c05.avi,50,50,1,1.0
PlayingFlute/v_PlayingFlute_g02_c01.avi,61,61,1,1.0
Typing/v_Typing_g07_c04.avi,94,94,1,0.9999972581863404
Basketball/v_Basketball_g01_c02.avi,7,7,1,0.9999998807907104
BoxingSpeedBag/v_BoxingSpeedBag_g04_c01.avi,17,17,1,1.0
Haircut/v_Haircut_g04_c04.avi,33,12,0,0.996476948261261
Drumming/v_Drumming_g01_c07.avi,26,26,1,1.0
RopeClimbing/v_RopeClimbing_g03_c01.avi,74,74,1,0.9993650317192078
JugglingBalls/v_JugglingBalls_g04_c01.avi,45,45,1,0.999571979045868
Drumming/v_Drumming_g05_c06.avi,26,26,1,1.0
VolleyballSpiking/v_VolleyballSpiking_g05_c03.avi,96,96,1,1.0
TableTennisShot/v_TableTennisShot_g01_c01.avi,89,89,1,1.0
BenchPress/v_BenchPress_g02_c05.avi,9,9,1,1.0
RockClimbingIndoor/v_RockClimbingIndoor_g01_c02.avi,73,73,1,1.0
Archery/v_Archery_g02_c04.avi,2,2,1,1.0
SoccerPenalty/v_SoccerPenalty_g03_c04.avi,84,84,1,1.0
Lunges/v_Lunges_g04_c04.avi,51,51,1,0.9999606609344482
Biking/v_Biking_g05_c02.avi,10,10,1,1.0
FrontCrawl/v_FrontCrawl_g06_c04.avi,31,25,0,0.7066950798034668
BalanceBeam/v_BalanceBeam_g05_c04.avi,4,4,1,1.0
SkateBoarding/v_SkateBoarding_g02_c06.avi,79,79,1,1.0
BalanceBeam/v_BalanceBeam_g07_c01.avi,4,4,1,1.0
PizzaTossing/v_PizzaTossing_g02_c04.avi,57,57,1,0.9746156930923462
Haircut/v_Haircut_g07_c04.avi,33,33,1,1.0
Billiards/v_Billiards_g04_c04.avi,11,11,1,1.0
BoxingSpeedBag/v_BoxingSpeedBag_g04_c03.avi,17,17,1,1.0
CricketShot/v_CricketShot_g01_c05.avi,23,22,0,0.9999990463256836
HammerThrow/v_HammerThrow_g01_c04.avi,35,35,1,1.0
BandMarching/v_BandMarching_g03_c01.avi,5,5,1,1.0
BoxingSpeedBag/v_BoxingSpeedBag_g04_c02.avi,17,17,1,1.0
HorseRiding/v_HorseRiding_g03_c06.avi,41,41,1,1.0
ShavingBeard/v_ShavingBeard_g03_c07.avi,77,77,1,1.0
RopeClimbing/v_RopeClimbing_g07_c05.avi,74,74,1,0.9953031539916992
JavelinThrow/v_JavelinThrow_g05_c05.avi,44,44,1,1.0
WritingOnBoard/v_WritingOnBoard_g07_c03.avi,99,99,1,1.0
HammerThrow/v_HammerThrow_g03_c04.avi,35,35,1,0.5219705700874329
PlayingCello/v_PlayingCello_g05_c04.avi,58,58,1,1.0
HorseRace/v_HorseRace_g04_c01.avi,40,40,1,1.0
SalsaSpin/v_SalsaSpin_g05_c02.avi,76,76,1,0.9999816417694092
ApplyEyeMakeup/v_ApplyEyeMakeup_g01_c03.avi,0,0,1,1.0
PommelHorse/v_PommelHorse_g07_c03.avi,68,4,0,0.9994897842407228
BoxingSpeedBag/v_BoxingSpeedBag_g04_c07.avi,17,17,1,1.0
FrontCrawl/v_FrontCrawl_g06_c05.avi,31,31,1,1.0
PlayingViolin/v_PlayingViolin_g03_c04.avi,66,66,1,1.0
CliffDiving/v_CliffDiving_g01_c04.avi,21,21,1,1.0
HammerThrow/v_HammerThrow_g05_c01.avi,35,92,0,0.9443249702453612
FieldHockeyPenalty/v_FieldHockeyPenalty_g06_c07.avi,28,28,1,0.9999850988388062
HammerThrow/v_HammerThrow_g02_c01.avi,35,35,1,1.0
VolleyballSpiking/v_VolleyballSpiking_g07_c04.avi,96,96,1,1.0
Haircut/v_Haircut_g03_c02.avi,33,33,1,0.9725879430770874
ParallelBars/v_ParallelBars_g07_c06.avi,56,56,1,1.0
ParallelBars/v_ParallelBars_g02_c04.avi,56,56,1,0.9999723434448242
PushUps/v_PushUps_g03_c01.avi,71,71,1,1.0
Typing/v_Typing_g06_c07.avi,94,94,1,1.0
CricketBowling/v_CricketBowling_g06_c02.avi,22,22,1,1.0
HorseRiding/v_HorseRiding_g04_c05.avi,41,41,1,1.0
TableTennisShot/v_TableTennisShot_g04_c02.avi,89,89,1,1.0
HandstandPushups/v_HandStandPushups_g05_c01.avi,36,36,1,1.0
Skiing/v_Skiing_g03_c05.avi,80,80,1,0.997882068157196
WallPushups/v_WallPushups_g01_c04.avi,98,98,1,0.999998927116394
CricketBowling/v_CricketBowling_g04_c02.avi,22,29,0,0.9996662139892578
PlayingDaf/v_PlayingDaf_g05_c04.avi,59,59,1,0.9999990463256836
BodyWeightSquats/v_BodyWeightSquats_g06_c02.avi,14,14,1,1.0
BasketballDunk/v_BasketballDunk_g03_c06.avi,8,8,1,1.0
CricketShot/v_CricketShot_g02_c04.avi,23,23,1,1.0
HulaHoop/v_HulaHoop_g01_c02.avi,42,42,1,0.9999358654022216
Bowling/v_Bowling_g05_c01.avi,15,15,1,1.0
HeadMassage/v_HeadMassage_g03_c02.avi,38,38,1,1.0
PlayingTabla/v_PlayingTabla_g07_c01.avi,65,65,1,1.0
Lunges/v_Lunges_g01_c07.avi,51,51,1,1.0
UnevenBars/v_UnevenBars_g05_c03.avi,95,95,1,1.0
Biking/v_Biking_g05_c01.avi,10,10,1,1.0
WallPushups/v_WallPushups_g05_c05.avi,98,45,0,0.7875763773918152
Skiing/v_Skiing_g06_c02.avi,80,80,1,0.998485505580902
ThrowDiscus/v_ThrowDiscus_g06_c03.avi,92,35,0,0.9999516010284424
JumpingJack/v_JumpingJack_g02_c03.avi,46,46,1,1.0
MilitaryParade/v_MilitaryParade_g06_c04.avi,52,52,1,0.9999417066574096
UnevenBars/v_UnevenBars_g06_c04.avi,95,95,1,1.0
PizzaTossing/v_PizzaTossing_g06_c02.avi,57,57,1,0.999858856201172
UnevenBars/v_UnevenBars_g07_c04.avi,95,95,1,1.0
HandstandWalking/v_HandstandWalking_g04_c05.avi,37,37,1,0.9998112320899964
Rafting/v_Rafting_g07_c01.avi,72,72,1,1.0
FrisbeeCatch/v_FrisbeeCatch_g07_c06.avi,30,30,1,1.0
Haircut/v_Haircut_g02_c02.avi,33,12,0,0.9969459176063538
HighJump/v_HighJump_g05_c05.avi,39,67,0,0.9999998807907104
FieldHockeyPenalty/v_FieldHockeyPenalty_g01_c04.avi,28,28,1,1.0
BoxingSpeedBag/v_BoxingSpeedBag_g01_c01.avi,17,17,1,1.0
Skiing/v_Skiing_g06_c06.avi,80,79,0,0.9935654997825624
PlayingDhol/v_PlayingDhol_g02_c07.avi,60,60,1,1.0
TableTennisShot/v_TableTennisShot_g06_c05.avi,89,89,1,1.0
BoxingPunchingBag/v_BoxingPunchingBag_g07_c07.avi,16,16,1,1.0
HorseRiding/v_HorseRiding_g06_c02.avi,41,41,1,1.0
CliffDiving/v_CliffDiving_g04_c03.avi,21,21,1,1.0
SalsaSpin/v_SalsaSpin_g01_c04.avi,76,76,1,0.9990656971931458
ApplyLipstick/v_ApplyLipstick_g02_c01.avi,1,1,1,1.0
RopeClimbing/v_RopeClimbing_g02_c02.avi,74,74,1,1.0
Surfing/v_Surfing_g01_c01.avi,87,87,1,1.0
LongJump/v_LongJump_g04_c01.avi,50,50,1,1.0
PommelHorse/v_PommelHorse_g04_c02.avi,68,68,1,0.999897599220276
PlayingSitar/v_PlayingSitar_g03_c04.avi,64,64,1,1.0
HorseRace/v_HorseRace_g06_c04.avi,40,40,1,1.0
PlayingDhol/v_PlayingDhol_g05_c01.avi,60,60,1,1.0
CleanAndJerk/v_CleanAndJerk_g07_c01.avi,20,20,1,1.0
PlayingTabla/v_PlayingTabla_g02_c04.avi,65,65,1,1.0
PlayingGuitar/v_PlayingGuitar_g07_c07.avi,62,62,1,1.0
ApplyEyeMakeup/v_ApplyEyeMakeup_g06_c02.avi,0,0,1,1.0
RopeClimbing/v_RopeClimbing_g05_c06.avi,74,74,1,0.9999998807907104
Biking/v_Biking_g02_c05.avi,10,10,1,1.0
FrisbeeCatch/v_FrisbeeCatch_g03_c01.avi,30,28,0,0.9990617632865906
Typing/v_Typing_g05_c05.avi,94,94,1,0.9994937181472778
HammerThrow/v_HammerThrow_g06_c06.avi,35,35,1,1.0
JugglingBalls/v_JugglingBalls_g03_c03.avi,45,45,1,1.0
PoleVault/v_PoleVault_g04_c03.avi,67,67,1,1.0
SkateBoarding/v_SkateBoarding_g03_c02.avi,79,79,1,1.0
Mixing/v_Mixing_g01_c04.avi,53,53,1,1.0
Shotput/v_Shotput_g05_c03.avi,78,78,1,0.998706579208374
BasketballDunk/v_BasketballDunk_g02_c02.avi,8,8,1,1.0
TennisSwing/v_TennisSwing_g05_c04.avi,91,91,1,0.9999995231628418
PlayingViolin/v_PlayingViolin_g04_c02.avi,66,66,1,1.0
BlowingCandles/v_BlowingCandles_g01_c03.avi,13,13,1,1.0
HandstandPushups/v_HandStandPushups_g05_c02.avi,36,36,1,1.0
Shotput/v_Shotput_g05_c05.avi,78,78,1,0.9996633529663086
Archery/v_Archery_g02_c07.avi,2,2,1,1.0
PlayingTabla/v_PlayingTabla_g01_c04.avi,65,65,1,1.0
PlayingGuitar/v_PlayingGuitar_g06_c02.avi,62,62,1,1.0
BlowingCandles/v_BlowingCandles_g06_c06.avi,13,13,1,1.0
Lunges/v_Lunges_g06_c07.avi,51,14,0,0.7454991340637207
BrushingTeeth/v_BrushingTeeth_g03_c02.avi,19,19,1,0.9999998807907104
RopeClimbing/v_RopeClimbing_g06_c04.avi,74,74,1,1.0
HorseRace/v_HorseRace_g07_c02.avi,40,40,1,1.0
Fencing/v_Fencing_g04_c02.avi,27,27,1,1.0
PoleVault/v_PoleVault_g02_c03.avi,67,67,1,0.9999977350234984
ApplyLipstick/v_ApplyLipstick_g03_c01.avi,1,1,1,0.9999971389770508
PullUps/v_PullUps_g05_c03.avi,69,69,1,0.9999994039535522
JumpingJack/v_JumpingJack_g06_c02.avi,46,46,1,1.0
Archery/v_Archery_g05_c02.avi,2,2,1,0.9999985694885254
SoccerJuggling/v_SoccerJuggling_g05_c02.avi,83,83,1,1.0
Billiards/v_Billiards_g03_c05.avi,11,11,1,1.0
HeadMassage/v_HeadMassage_g04_c03.avi,38,38,1,1.0
Lunges/v_Lunges_g07_c03.avi,51,51,1,0.9977638721466064
ShavingBeard/v_ShavingBeard_g06_c06.avi,77,77,1,1.0
JugglingBalls/v_JugglingBalls_g05_c04.avi,45,45,1,1.0
UnevenBars/v_UnevenBars_g02_c02.avi,95,95,1,1.0
Bowling/v_Bowling_g01_c02.avi,15,15,1,1.0
MoppingFloor/v_MoppingFloor_g06_c02.avi,54,54,1,1.0
BoxingPunchingBag/v_BoxingPunchingBag_g03_c07.avi,16,16,1,1.0
ApplyEyeMakeup/v_ApplyEyeMakeup_g04_c05.avi,0,0,1,0.9999998807907104
TennisSwing/v_TennisSwing_g01_c06.avi,91,91,1,1.0
HighJump/v_HighJump_g02_c05.avi,39,44,0,0.8088045120239258
RockClimbingIndoor/v_RockClimbingIndoor_g06_c06.avi,73,73,1,1.0
FieldHockeyPenalty/v_FieldHockeyPenalty_g06_c06.avi,28,28,1,0.9999992847442628
FrisbeeCatch/v_FrisbeeCatch_g03_c02.avi,30,28,0,0.9999685287475586
HulaHoop/v_HulaHoop_g06_c03.avi,42,42,1,0.9762656092643738
SkyDiving/v_SkyDiving_g05_c01.avi,82,82,1,1.0
PizzaTossing/v_PizzaTossing_g07_c02.avi,57,27,0,0.4633704721927643
Lunges/v_Lunges_g03_c02.avi,51,51,1,0.9999997615814208
BasketballDunk/v_BasketballDunk_g01_c03.avi,8,8,1,1.0
JumpingJack/v_JumpingJack_g04_c02.avi,46,46,1,0.9999953508377076
PushUps/v_PushUps_g02_c01.avi,71,71,1,0.9999984502792358
ShavingBeard/v_ShavingBeard_g03_c03.avi,77,77,1,1.0
BreastStroke/v_BreastStroke_g05_c02.avi,18,18,1,1.0
MilitaryParade/v_MilitaryParade_g02_c03.avi,52,52,1,1.0
PoleVault/v_PoleVault_g07_c04.avi,67,67,1,1.0
PommelHorse/v_PommelHorse_g04_c03.avi,68,68,1,1.0
BasketballDunk/v_BasketballDunk_g06_c02.avi,8,8,1,1.0
BasketballDunk/v_BasketballDunk_g01_c06.avi,8,8,1,1.0
PullUps/v_PullUps_g06_c03.avi,69,69,1,1.0
Typing/v_Typing_g05_c01.avi,94,94,1,0.996485710144043
HulaHoop/v_HulaHoop_g04_c02.avi,42,42,1,1.0
CleanAndJerk/v_CleanAndJerk_g03_c06.avi,20,20,1,1.0
PlayingCello/v_PlayingCello_g06_c06.avi,58,58,1,1.0
Nunchucks/v_Nunchucks_g01_c02.avi,55,55,1,0.7172812223434448
CliffDiving/v_CliffDiving_g07_c01.avi,21,21,1,1.0
Rafting/v_Rafting_g06_c01.avi,72,72,1,0.999998927116394
PlayingDaf/v_PlayingDaf_g01_c04.avi,59,59,1,1.0
BalanceBeam/v_BalanceBeam_g07_c04.avi,4,4,1,1.0
Rowing/v_Rowing_g06_c01.avi,75,75,1,1.0
HandstandWalking/v_HandstandWalking_g05_c02.avi,37,37,1,1.0
BlowingCandles/v_BlowingCandles_g02_c03.avi,13,13,1,0.9999010562896729
PlayingPiano/v_PlayingPiano_g04_c02.avi,63,63,1,0.9999929666519164
UnevenBars/v_UnevenBars_g03_c02.avi,95,95,1,0.9999971389770508
Shotput/v_Shotput_g06_c02.avi,78,78,1,0.9999936819076538
WritingOnBoard/v_WritingOnBoard_g01_c05.avi,99,99,1,1.0
BalanceBeam/v_BalanceBeam_g03_c04.avi,4,4,1,1.0
YoYo/v_YoYo_g04_c02.avi,100,100,1,0.9992586970329284
PlayingViolin/v_PlayingViolin_g02_c01.avi,66,66,1,1.0
Hammering/v_Hammering_g05_c02.avi,34,38,0,0.9726027250289916
BalanceBeam/v_BalanceBeam_g01_c03.avi,4,4,1,0.999991536140442
Knitting/v_Knitting_g02_c01.avi,49,49,1,1.0
ParallelBars/v_ParallelBars_g02_c01.avi,56,56,1,1.0
MilitaryParade/v_MilitaryParade_g07_c03.avi,52,52,1,1.0
BandMarching/v_BandMarching_g06_c02.avi,5,5,1,1.0
SumoWrestling/v_SumoWrestling_g04_c01.avi,86,86,1,1.0
Haircut/v_Haircut_g01_c04.avi,33,33,1,1.0
JugglingBalls/v_JugglingBalls_g07_c06.avi,45,45,1,1.0
Lunges/v_Lunges_g02_c04.avi,51,51,1,1.0
Nunchucks/v_Nunchucks_g06_c01.avi,55,55,1,0.9855341911315918
PoleVault/v_PoleVault_g02_c05.avi,67,67,1,0.9999998807907104
Haircut/v_Haircut_g06_c04.avi,33,33,1,0.99992835521698
Swing/v_Swing_g01_c04.avi,88,88,1,0.9875090718269348
PlayingSitar/v_PlayingSitar_g03_c01.avi,64,64,1,1.0
SoccerPenalty/v_SoccerPenalty_g04_c01.avi,84,84,1,1.0
Diving/v_Diving_g04_c04.avi,25,25,1,1.0
JumpRope/v_JumpRope_g04_c06.avi,47,7,0,0.9557893872261048
HighJump/v_HighJump_g01_c05.avi,39,29,0,0.9999992847442628
HighJump/v_HighJump_g01_c02.avi,39,96,0,0.5683507323265076
PlayingSitar/v_PlayingSitar_g05_c04.avi,64,64,1,1.0
HorseRace/v_HorseRace_g06_c01.avi,40,40,1,1.0
BrushingTeeth/v_BrushingTeeth_g02_c03.avi,19,77,0,0.9999604225158693
WritingOnBoard/v_WritingOnBoard_g05_c02.avi,99,99,1,1.0
Haircut/v_Haircut_g03_c01.avi,33,12,0,1.0
ApplyEyeMakeup/v_ApplyEyeMakeup_g05_c04.avi,0,0,1,1.0
ApplyLipstick/v_ApplyLipstick_g02_c04.avi,1,1,1,1.0
WallPushups/v_WallPushups_g05_c02.avi,98,99,0,0.9990261793136596
Billiards/v_Billiards_g04_c01.avi,11,11,1,1.0
TrampolineJumping/v_TrampolineJumping_g02_c02.avi,93,93,1,1.0
Typing/v_Typing_g01_c05.avi,94,94,1,1.0
ShavingBeard/v_ShavingBeard_g03_c06.avi,77,77,1,1.0
JumpingJack/v_JumpingJack_g01_c07.avi,46,46,1,1.0
Swing/v_Swing_g05_c07.avi,88,88,1,1.0
Shotput/v_Shotput_g02_c03.avi,78,56,0,0.8763142228126526
JavelinThrow/v_JavelinThrow_g07_c03.avi,44,50,0,0.9999940395355223
BlowingCandles/v_BlowingCandles_g06_c07.avi,13,13,1,1.0
GolfSwing/v_GolfSwing_g03_c02.avi,32,32,1,0.9999816417694092
Mixing/v_Mixing_g02_c05.avi,53,53,1,0.9999110698699952
HorseRiding/v_HorseRiding_g04_c06.avi,41,41,1,1.0
YoYo/v_YoYo_g02_c01.avi,100,45,0,0.9999997615814208
ShavingBeard/v_ShavingBeard_g01_c01.avi,77,77,1,1.0
Archery/v_Archery_g01_c03.avi,2,2,1,1.0
Biking/v_Biking_g05_c04.avi,10,10,1,1.0
Billiards/v_Billiards_g06_c01.avi,11,11,1,1.0
BreastStroke/v_BreastStroke_g01_c02.avi,18,18,1,1.0
BandMarching/v_BandMarching_g02_c06.avi,5,5,1,1.0
PlayingDhol/v_PlayingDhol_g07_c05.avi,60,60,1,1.0
ShavingBeard/v_ShavingBeard_g03_c02.avi,77,77,1,1.0
PushUps/v_PushUps_g04_c05.avi,71,71,1,0.9999998807907104
Surfing/v_Surfing_g03_c03.avi,87,87,1,1.0
Diving/v_Diving_g05_c06.avi,25,25,1,1.0
PlayingTabla/v_PlayingTabla_g01_c01.avi,65,65,1,0.9999997615814208
SalsaSpin/v_SalsaSpin_g06_c02.avi,76,76,1,1.0
LongJump/v_LongJump_g01_c04.avi,50,50,1,1.0
PlayingTabla/v_PlayingTabla_g04_c05.avi,65,65,1,1.0
YoYo/v_YoYo_g07_c04.avi,100,100,1,0.9999958276748656
JugglingBalls/v_JugglingBalls_g07_c05.avi,45,45,1,1.0
PlayingSitar/v_PlayingSitar_g04_c01.avi,64,64,1,1.0
TaiChi/v_TaiChi_g04_c02.avi,90,90,1,1.0
FrontCrawl/v_FrontCrawl_g07_c06.avi,31,18,0,0.9989437460899352
BlowDryHair/v_BlowDryHair_g06_c06.avi,12,12,1,0.9980900883674622
BoxingPunchingBag/v_BoxingPunchingBag_g04_c06.avi,16,16,1,1.0
SalsaSpin/v_SalsaSpin_g02_c04.avi,76,76,1,0.9992051720619202
BalanceBeam/v_BalanceBeam_g06_c07.avi,4,4,1,0.9999756813049316
FrisbeeCatch/v_FrisbeeCatch_g02_c02.avi,30,30,1,1.0
TrampolineJumping/v_TrampolineJumping_g02_c01.avi,93,93,1,1.0
Fencing/v_Fencing_g05_c02.avi,27,27,1,1.0
SalsaSpin/v_SalsaSpin_g02_c01.avi,76,76,1,0.999755322933197
Rowing/v_Rowing_g02_c06.avi,75,75,1,1.0
BoxingPunchingBag/v_BoxingPunchingBag_g03_c06.avi,16,16,1,1.0
PlayingSitar/v_PlayingSitar_g04_c05.avi,64,64,1,1.0
Shotput/v_Shotput_g05_c01.avi,78,78,1,0.8961918950080872
ApplyEyeMakeup/v_ApplyEyeMakeup_g06_c03.avi,0,0,1,1.0
StillRings/v_StillRings_g03_c04.avi,85,85,1,1.0
CricketShot/v_CricketShot_g07_c05.avi,23,35,0,0.8367191553115845
JumpRope/v_JumpRope_g02_c02.avi,47,47,1,0.9997082352638244
MoppingFloor/v_MoppingFloor_g06_c01.avi,54,54,1,1.0
Drumming/v_Drumming_g01_c05.avi,26,26,1,1.0
Diving/v_Diving_g02_c05.avi,25,25,1,1.0
PushUps/v_PushUps_g05_c01.avi,71,71,1,1.0
PlayingDhol/v_PlayingDhol_g02_c03.avi,60,60,1,1.0
ThrowDiscus/v_ThrowDiscus_g03_c02.avi,92,92,1,0.9999991655349731
ApplyLipstick/v_ApplyLipstick_g07_c04.avi,1,1,1,1.0
FrontCrawl/v_FrontCrawl_g01_c02.avi,31,18,0,0.9896275997161864
PullUps/v_PullUps_g03_c04.avi,69,69,1,0.9999984502792358
WalkingWithDog/v_WalkingWithDog_g03_c05.avi,97,97,1,1.0
Archery/v_Archery_g07_c02.avi,2,2,1,0.9999998807907104
SoccerJuggling/v_SoccerJuggling_g01_c02.avi,83,83,1,0.9911532998085022
ShavingBeard/v_ShavingBeard_g06_c01.avi,77,77,1,1.0
ApplyEyeMakeup/v_ApplyEyeMakeup_g06_c06.avi,0,0,1,1.0
JugglingBalls/v_JugglingBalls_g06_c06.avi,45,45,1,0.9939894676208496
Typing/v_Typing_g07_c02.avi,94,94,1,1.0
TableTennisShot/v_TableTennisShot_g06_c04.avi,89,89,1,1.0
Biking/v_Biking_g03_c03.avi,10,10,1,0.9998273253440856
TennisSwing/v_TennisSwing_g06_c07.avi,91,91,1,0.9907183051109314
SoccerJuggling/v_SoccerJuggling_g05_c05.avi,83,83,1,1.0
MilitaryParade/v_MilitaryParade_g02_c02.avi,52,52,1,1.0
FrontCrawl/v_FrontCrawl_g02_c03.avi,31,31,1,0.9999996423721312
Basketball/v_Basketball_g03_c01.avi,7,7,1,1.0
Shotput/v_Shotput_g02_c07.avi,78,50,0,0.8422418236732483
FloorGymnastics/v_FloorGymnastics_g04_c03.avi,29,29,1,1.0
PizzaTossing/v_PizzaTossing_g01_c01.avi,57,57,1,0.9975045323371888
MilitaryParade/v_MilitaryParade_g04_c04.avi,52,52,1,1.0
BrushingTeeth/v_BrushingTeeth_g07_c01.avi,19,19,1,0.9999985694885254
JavelinThrow/v_JavelinThrow_g02_c01.avi,44,44,1,0.9855152368545532
Shotput/v_Shotput_g02_c05.avi,78,6,0,0.7804411053657532
Lunges/v_Lunges_g02_c02.avi,51,51,1,1.0
BandMarching/v_BandMarching_g01_c01.avi,5,5,1,1.0
BandMarching/v_BandMarching_g02_c05.avi,5,5,1,1.0
Knitting/v_Knitting_g04_c05.avi,49,49,1,1.0
PoleVault/v_PoleVault_g06_c04.avi,67,67,1,1.0
BreastStroke/v_BreastStroke_g03_c04.avi,18,18,1,0.999936819076538
BoxingPunchingBag/v_BoxingPunchingBag_g05_c05.avi,16,16,1,1.0
Shotput/v_Shotput_g04_c03.avi,78,78,1,1.0
BodyWeightSquats/v_BodyWeightSquats_g05_c04.avi,14,14,1,1.0
Skijet/v_Skijet_g02_c02.avi,81,81,1,1.0
BrushingTeeth/v_BrushingTeeth_g01_c02.avi,19,19,1,0.9731146097183228
BoxingPunchingBag/v_BoxingPunchingBag_g06_c05.avi,16,16,1,0.9999605417251588
Nunchucks/v_Nunchucks_g04_c05.avi,55,55,1,0.9999985694885254
IceDancing/v_IceDancing_g07_c06.avi,43,43,1,1.0
JugglingBalls/v_JugglingBalls_g07_c02.avi,45,45,1,1.0
Shotput/v_Shotput_g01_c06.avi,78,78,1,1.0
BoxingPunchingBag/v_BoxingPunchingBag_g03_c03.avi,16,16,1,1.0
JumpRope/v_JumpRope_g07_c02.avi,47,47,1,0.8421732187271118
VolleyballSpiking/v_VolleyballSpiking_g07_c01.avi,96,96,1,1.0
HandstandPushups/v_HandStandPushups_g04_c02.avi,36,16,0,0.9363058805465698
BrushingTeeth/v_BrushingTeeth_g04_c01.avi,19,19,1,0.9999805688858032
WallPushups/v_WallPushups_g06_c06.avi,98,98,1,1.0
FloorGymnastics/v_FloorGymnastics_g01_c03.avi,29,29,1,1.0
JumpRope/v_JumpRope_g02_c06.avi,47,47,1,1.0
BaseballPitch/v_BaseballPitch_g03_c05.avi,6,6,1,1.0
TableTennisShot/v_TableTennisShot_g06_c02.avi,89,89,1,1.0
PlayingGuitar/v_PlayingGuitar_g05_c03.avi,62,62,1,1.0
SoccerPenalty/v_SoccerPenalty_g05_c03.avi,84,28,0,0.9879027009010316
WritingOnBoard/v_WritingOnBoard_g07_c01.avi,99,99,1,1.0
RockClimbingIndoor/v_RockClimbingIndoor_g03_c05.avi,73,73,1,1.0
PlayingSitar/v_PlayingSitar_g05_c06.avi,64,64,1,1.0
BoxingSpeedBag/v_BoxingSpeedBag_g07_c02.avi,17,17,1,0.9973471164703368
ApplyEyeMakeup/v_ApplyEyeMakeup_g05_c01.avi,0,0,1,1.0
CleanAndJerk/v_CleanAndJerk_g04_c04.avi,20,20,1,1.0
Bowling/v_Bowling_g06_c01.avi,15,15,1,1.0
PlayingDaf/v_PlayingDaf_g04_c05.avi,59,59,1,1.0
HeadMassage/v_HeadMassage_g04_c04.avi,38,38,1,1.0
TennisSwing/v_TennisSwing_g02_c05.avi,91,91,1,0.9999940395355223
ParallelBars/v_ParallelBars_g07_c02.avi,56,56,1,1.0
JavelinThrow/v_JavelinThrow_g01_c03.avi,44,44,1,0.9999955892562866
BoxingPunchingBag/v_BoxingPunchingBag_g05_c07.avi,16,16,1,1.0
Bowling/v_Bowling_g01_c01.avi,15,15,1,1.0
HighJump/v_HighJump_g03_c01.avi,39,39,1,0.9994833469390868
WallPushups/v_WallPushups_g07_c05.avi,98,47,0,0.9797653555870056
Punch/v_Punch_g05_c04.avi,70,70,1,1.0
Skijet/v_Skijet_g06_c03.avi,81,81,1,1.0
Fencing/v_Fencing_g06_c02.avi,27,27,1,1.0
SkyDiving/v_SkyDiving_g07_c02.avi,82,82,1,1.0
HandstandWalking/v_HandstandWalking_g01_c04.avi,37,36,0,0.8212773203849792
SalsaSpin/v_SalsaSpin_g06_c01.avi,76,76,1,1.0
WallPushups/v_WallPushups_g02_c02.avi,98,98,1,0.999975085258484
HulaHoop/v_HulaHoop_g05_c01.avi,42,42,1,0.9999767541885376
FrontCrawl/v_FrontCrawl_g02_c04.avi,31,31,1,1.0
PlayingFlute/v_PlayingFlute_g06_c04.avi,61,61,1,1.0
Bowling/v_Bowling_g02_c04.avi,15,15,1,0.999975085258484
Rowing/v_Rowing_g07_c03.avi,75,75,1,0.9999617338180542
WalkingWithDog/v_WalkingWithDog_g04_c01.avi,97,97,1,1.0
BreastStroke/v_BreastStroke_g04_c01.avi,18,18,1,1.0
Nunchucks/v_Nunchucks_g06_c03.avi,55,76,0,0.9875091910362244
CricketBowling/v_CricketBowling_g04_c03.avi,22,29,0,0.9989086389541626
Punch/v_Punch_g05_c05.avi,70,70,1,1.0
PlayingViolin/v_PlayingViolin_g05_c01.avi,66,66,1,0.9917295575141908
Biking/v_Biking_g01_c01.avi,10,10,1,1.0
BrushingTeeth/v_BrushingTeeth_g07_c05.avi,19,0,0,0.806370198726654
RopeClimbing/v_RopeClimbing_g01_c04.avi,74,74,1,0.9999998807907104
PlayingCello/v_PlayingCello_g05_c05.avi,58,58,1,1.0
RopeClimbing/v_RopeClimbing_g01_c01.avi,74,74,1,1.0
Skijet/v_Skijet_g05_c02.avi,81,81,1,1.0
Punch/v_Punch_g02_c03.avi,70,16,0,0.998219072818756
Punch/v_Punch_g07_c03.avi,70,70,1,1.0
Fencing/v_Fencing_g06_c01.avi,27,27,1,1.0
Kayaking/v_Kayaking_g03_c02.avi,48,48,1,1.0
CuttingInKitchen/v_CuttingInKitchen_g04_c05.avi,24,24,1,1.0
SumoWrestling/v_SumoWrestling_g07_c02.avi,86,86,1,1.0
PlayingPiano/v_PlayingPiano_g03_c02.avi,63,63,1,1.0
BandMarching/v_BandMarching_g03_c03.avi,5,5,1,0.9992401599884032
ParallelBars/v_ParallelBars_g07_c04.avi,56,56,1,1.0
FrontCrawl/v_FrontCrawl_g04_c02.avi,31,31,1,0.9997410178184508
TableTennisShot/v_TableTennisShot_g04_c01.avi,89,89,1,1.0
WalkingWithDog/v_WalkingWithDog_g01_c02.avi,97,97,1,1.0
BoxingPunchingBag/v_BoxingPunchingBag_g02_c05.avi,16,17,0,0.9584664702415466
Fencing/v_Fencing_g06_c03.avi,27,27,1,1.0
Swing/v_Swing_g07_c01.avi,88,88,1,1.0
BabyCrawling/v_BabyCrawling_g05_c01.avi,3,3,1,1.0
CuttingInKitchen/v_CuttingInKitchen_g05_c02.avi,24,24,1,0.9983186721801758
HorseRiding/v_HorseRiding_g06_c06.avi,41,41,1,1.0
PlayingTabla/v_PlayingTabla_g06_c03.avi,65,65,1,1.0
Lunges/v_Lunges_g06_c04.avi,51,46,0,0.9502776265144348
PlayingFlute/v_PlayingFlute_g03_c04.avi,61,61,1,1.0
GolfSwing/v_GolfSwing_g04_c04.avi,32,32,1,1.0
HammerThrow/v_HammerThrow_g05_c03.avi,35,92,0,0.9312683939933776
BodyWeightSquats/v_BodyWeightSquats_g06_c03.avi,14,14,1,0.9545001983642578
Archery/v_Archery_g03_c01.avi,2,2,1,0.9999997615814208
BoxingPunchingBag/v_BoxingPunchingBag_g01_c05.avi,16,16,1,1.0
PlayingDhol/v_PlayingDhol_g04_c05.avi,60,60,1,1.0
ShavingBeard/v_ShavingBeard_g05_c01.avi,77,19,0,0.5425722599029541
HulaHoop/v_HulaHoop_g01_c03.avi,42,42,1,1.0
CricketBowling/v_CricketBowling_g07_c03.avi,22,23,0,0.9996585845947266
PoleVault/v_PoleVault_g02_c07.avi,67,67,1,1.0
TrampolineJumping/v_TrampolineJumping_g06_c02.avi,93,93,1,1.0
Lunges/v_Lunges_g05_c03.avi,51,51,1,0.9903077483177184
SalsaSpin/v_SalsaSpin_g05_c06.avi,76,76,1,1.0
PizzaTossing/v_PizzaTossing_g04_c02.avi,57,57,1,0.8542287349700928
JumpingJack/v_JumpingJack_g01_c03.avi,46,46,1,1.0
WritingOnBoard/v_WritingOnBoard_g05_c04.avi,99,99,1,1.0
TaiChi/v_TaiChi_g02_c02.avi,90,90,1,0.9837082028388976
BodyWeightSquats/v_BodyWeightSquats_g03_c01.avi,14,14,1,0.9550981521606444
Typing/v_Typing_g06_c01.avi,94,94,1,1.0
BoxingSpeedBag/v_BoxingSpeedBag_g03_c01.avi,17,17,1,1.0
SumoWrestling/v_SumoWrestling_g01_c02.avi,86,86,1,1.0
BrushingTeeth/v_BrushingTeeth_g02_c01.avi,19,77,0,0.9999818801879884
WritingOnBoard/v_WritingOnBoard_g07_c06.avi,99,99,1,1.0
CricketShot/v_CricketShot_g03_c01.avi,23,22,0,0.5243633985519409
PlayingDaf/v_PlayingDaf_g03_c01.avi,59,59,1,1.0
BrushingTeeth/v_BrushingTeeth_g04_c03.avi,19,0,0,0.8359748721122742
HulaHoop/v_HulaHoop_g03_c03.avi,42,42,1,1.0
Typing/v_Typing_g03_c06.avi,94,94,1,1.0
BodyWeightSquats/v_BodyWeightSquats_g03_c03.avi,14,14,1,0.847393810749054
SalsaSpin/v_SalsaSpin_g02_c06.avi,76,55,0,0.9967143535614014
Archery/v_Archery_g04_c01.avi,2,2,1,1.0
BandMarching/v_BandMarching_g03_c06.avi,5,5,1,1.0
SoccerJuggling/v_SoccerJuggling_g04_c06.avi,83,83,1,0.9962276220321656
BlowingCandles/v_BlowingCandles_g05_c04.avi,13,13,1,1.0
Mixing/v_Mixing_g05_c03.avi,53,53,1,0.99999737739563
BrushingTeeth/v_BrushingTeeth_g06_c01.avi,19,19,1,0.9882014393806458
PlayingDhol/v_PlayingDhol_g07_c02.avi,60,60,1,1.0
Haircut/v_Haircut_g03_c06.avi,33,33,1,0.9999163150787354
HammerThrow/v_HammerThrow_g02_c04.avi,35,35,1,1.0
StillRings/v_StillRings_g05_c03.avi,85,85,1,1.0
Skiing/v_Skiing_g06_c03.avi,80,80,1,0.9925133585929872
BaseballPitch/v_BaseballPitch_g06_c03.avi,6,6,1,1.0
CleanAndJerk/v_CleanAndJerk_g04_c05.avi,20,20,1,1.0
Archery/v_Archery_g04_c03.avi,2,2,1,0.9999961853027344
IceDancing/v_IceDancing_g02_c03.avi,43,43,1,1.0
BoxingPunchingBag/v_BoxingPunchingBag_g06_c03.avi,16,17,0,0.998995840549469
CleanAndJerk/v_CleanAndJerk_g03_c03.avi,20,20,1,1.0
ShavingBeard/v_ShavingBeard_g03_c05.avi,77,77,1,1.0
Lunges/v_Lunges_g06_c01.avi,51,14,0,0.999998927116394
CliffDiving/v_CliffDiving_g03_c04.avi,21,21,1,1.0
SoccerJuggling/v_SoccerJuggling_g01_c03.avi,83,47,0,0.9996702671051024
TrampolineJumping/v_TrampolineJumping_g03_c02.avi,93,93,1,1.0
BandMarching/v_BandMarching_g01_c06.avi,5,5,1,1.0
JavelinThrow/v_JavelinThrow_g07_c01.avi,44,50,0,1.0
SkateBoarding/v_SkateBoarding_g04_c01.avi,79,79,1,1.0
Basketball/v_Basketball_g02_c01.avi,7,7,1,0.8320421576499939
Mixing/v_Mixing_g04_c05.avi,53,53,1,1.0
SumoWrestling/v_SumoWrestling_g01_c03.avi,86,86,1,1.0
TennisSwing/v_TennisSwing_g03_c04.avi,91,91,1,1.0
WalkingWithDog/v_WalkingWithDog_g06_c05.avi,97,97,1,1.0
SkateBoarding/v_SkateBoarding_g02_c05.avi,79,79,1,0.9999974966049194
Skiing/v_Skiing_g06_c07.avi,80,80,1,0.9992250204086304
BaseballPitch/v_BaseballPitch_g02_c03.avi,6,6,1,0.999996781349182
PlayingDhol/v_PlayingDhol_g07_c07.avi,60,60,1,1.0
BoxingSpeedBag/v_BoxingSpeedBag_g03_c05.avi,17,17,1,1.0
RockClimbingIndoor/v_RockClimbingIndoor_g03_c06.avi,73,73,1,1.0
TennisSwing/v_TennisSwing_g05_c01.avi,91,91,1,1.0
HandstandWalking/v_HandstandWalking_g07_c04.avi,37,37,1,1.0
Diving/v_Diving_g03_c04.avi,25,25,1,1.0
WritingOnBoard/v_WritingOnBoard_g05_c01.avi,99,99,1,1.0
TennisSwing/v_TennisSwing_g02_c06.avi,91,91,1,0.9998182654380798
PlayingFlute/v_PlayingFlute_g04_c01.avi,61,61,1,1.0
Hammering/v_Hammering_g07_c03.avi,34,34,1,1.0
Lunges/v_Lunges_g03_c03.avi,51,51,1,1.0
TaiChi/v_TaiChi_g04_c01.avi,90,90,1,0.9999985694885254
SoccerPenalty/v_SoccerPenalty_g05_c02.avi,84,28,0,0.9988151788711548
MilitaryParade/v_MilitaryParade_g03_c01.avi,52,52,1,1.0
PoleVault/v_PoleVault_g04_c04.avi,67,67,1,1.0
Lunges/v_Lunges_g04_c01.avi,51,51,1,0.9999957084655762
RopeClimbing/v_RopeClimbing_g05_c01.avi,74,74,1,0.9999997615814208
JavelinThrow/v_JavelinThrow_g03_c01.avi,44,44,1,1.0
TrampolineJumping/v_TrampolineJumping_g02_c06.avi,93,93,1,1.0
CleanAndJerk/v_CleanAndJerk_g06_c02.avi,20,20,1,1.0
PlayingDhol/v_PlayingDhol_g07_c06.avi,60,60,1,1.0
PlayingCello/v_PlayingCello_g07_c05.avi,58,58,1,1.0
PoleVault/v_PoleVault_g06_c02.avi,67,67,1,1.0
ParallelBars/v_ParallelBars_g06_c04.avi,56,56,1,1.0
PullUps/v_PullUps_g03_c01.avi,69,69,1,0.9999984502792358
BenchPress/v_BenchPress_g07_c03.avi,9,9,1,1.0
JumpingJack/v_JumpingJack_g06_c03.avi,46,46,1,1.0
ShavingBeard/v_ShavingBeard_g05_c04.avi,77,77,1,1.0
JumpRope/v_JumpRope_g04_c04.avi,47,7,0,0.9989995360374452
Bowling/v_Bowling_g03_c05.avi,15,15,1,1.0
WritingOnBoard/v_WritingOnBoard_g03_c05.avi,99,99,1,1.0
SalsaSpin/v_SalsaSpin_g06_c04.avi,76,76,1,1.0
Kayaking/v_Kayaking_g04_c07.avi,48,48,1,1.0
SumoWrestling/v_SumoWrestling_g03_c04.avi,86,86,1,1.0
Mixing/v_Mixing_g01_c02.avi,53,53,1,1.0
FrisbeeCatch/v_FrisbeeCatch_g05_c05.avi,30,30,1,0.9999998807907104
Skiing/v_Skiing_g02_c01.avi,80,80,1,1.0
HandstandPushups/v_HandStandPushups_g07_c04.avi,36,3,0,0.8104944825172424
BandMarching/v_BandMarching_g05_c03.avi,5,5,1,1.0
JumpingJack/v_JumpingJack_g02_c02.avi,46,46,1,1.0
WritingOnBoard/v_WritingOnBoard_g03_c03.avi,99,99,1,1.0
Rowing/v_Rowing_g07_c01.avi,75,75,1,1.0
SkyDiving/v_SkyDiving_g02_c02.avi,82,82,1,1.0
HammerThrow/v_HammerThrow_g05_c05.avi,35,92,0,0.9998921155929564
WalkingWithDog/v_WalkingWithDog_g07_c02.avi,97,83,0,0.9717795252799988
HammerThrow/v_HammerThrow_g04_c04.avi,35,35,1,1.0
Archery/v_Archery_g07_c04.avi,2,2,1,1.0
Bowling/v_Bowling_g03_c01.avi,15,15,1,1.0
BoxingSpeedBag/v_BoxingSpeedBag_g05_c01.avi,17,17,1,1.0
Surfing/v_Surfing_g06_c03.avi,87,87,1,1.0
Mixing/v_Mixing_g03_c03.avi,53,53,1,1.0
IceDancing/v_IceDancing_g01_c03.avi,43,43,1,1.0
FieldHockeyPenalty/v_FieldHockeyPenalty_g03_c03.avi,28,28,1,1.0
MoppingFloor/v_MoppingFloor_g06_c03.avi,54,54,1,1.0
Billiards/v_Billiards_g07_c04.avi,11,11,1,1.0
IceDancing/v_IceDancing_g01_c06.avi,43,43,1,1.0
SkateBoarding/v_SkateBoarding_g06_c04.avi,79,79,1,1.0
RopeClimbing/v_RopeClimbing_g05_c04.avi,74,74,1,0.9999951124191284
BalanceBeam/v_BalanceBeam_g06_c05.avi,4,4,1,1.0
PlayingViolin/v_PlayingViolin_g07_c04.avi,66,66,1,1.0
LongJump/v_LongJump_g05_c02.avi,50,50,1,0.9463552832603456
Typing/v_Typing_g02_c04.avi,94,94,1,1.0
PlayingSitar/v_PlayingSitar_g05_c03.avi,64,64,1,1.0
FrisbeeCatch/v_FrisbeeCatch_g07_c03.avi,30,30,1,1.0
Billiards/v_Billiards_g03_c02.avi,11,11,1,1.0
Punch/v_Punch_g03_c03.avi,70,70,1,1.0
CricketShot/v_CricketShot_g07_c01.avi,23,23,1,0.999953031539917
Hammering/v_Hammering_g01_c04.avi,34,54,0,0.7960439324378967
Rafting/v_Rafting_g07_c03.avi,72,72,1,1.0
Kayaking/v_Kayaking_g06_c06.avi,48,48,1,1.0
HandstandWalking/v_HandstandWalking_g02_c03.avi,37,61,0,0.9944882988929749
PommelHorse/v_PommelHorse_g07_c04.avi,68,4,0,0.9981867671012878
PlayingViolin/v_PlayingViolin_g03_c03.avi,66,66,1,1.0
UnevenBars/v_UnevenBars_g06_c02.avi,95,95,1,1.0
BlowDryHair/v_BlowDryHair_g05_c02.avi,12,33,0,0.6340388655662537
GolfSwing/v_GolfSwing_g03_c06.avi,32,32,1,1.0
CuttingInKitchen/v_CuttingInKitchen_g01_c03.avi,24,24,1,1.0
WalkingWithDog/v_WalkingWithDog_g02_c03.avi,97,97,1,1.0
RockClimbingIndoor/v_RockClimbingIndoor_g05_c06.avi,73,73,1,1.0
ThrowDiscus/v_ThrowDiscus_g06_c02.avi,92,91,0,0.8594421148300171
PlayingGuitar/v_PlayingGuitar_g02_c01.avi,62,62,1,1.0
Nunchucks/v_Nunchucks_g04_c02.avi,55,55,1,1.0
BasketballDunk/v_BasketballDunk_g07_c01.avi,8,8,1,1.0
JumpingJack/v_JumpingJack_g03_c03.avi,46,46,1,1.0
StillRings/v_StillRings_g05_c04.avi,85,85,1,1.0
PlayingGuitar/v_PlayingGuitar_g01_c04.avi,62,62,1,1.0
ParallelBars/v_ParallelBars_g03_c01.avi,56,56,1,1.0
Surfing/v_Surfing_g02_c06.avi,87,87,1,1.0
BaseballPitch/v_BaseballPitch_g06_c02.avi,6,6,1,1.0
Mixing/v_Mixing_g02_c02.avi,53,53,1,1.0
CuttingInKitchen/v_CuttingInKitchen_g04_c02.avi,24,24,1,0.9999977350234984
SalsaSpin/v_SalsaSpin_g02_c02.avi,76,54,0,0.9537315964698792
PoleVault/v_PoleVault_g01_c02.avi,67,67,1,0.9999997615814208
FieldHockeyPenalty/v_FieldHockeyPenalty_g07_c04.avi,28,28,1,1.0
ShavingBeard/v_ShavingBeard_g02_c05.avi,77,77,1,0.9960667490959167
Bowling/v_Bowling_g06_c02.avi,15,15,1,1.0
PlayingSitar/v_PlayingSitar_g04_c07.avi,64,64,1,1.0
ParallelBars/v_ParallelBars_g05_c02.avi,56,56,1,1.0
GolfSwing/v_GolfSwing_g05_c01.avi,32,32,1,0.999984860420227
CricketShot/v_CricketShot_g02_c06.avi,23,23,1,1.0
WalkingWithDog/v_WalkingWithDog_g01_c04.avi,97,97,1,1.0
BlowDryHair/v_BlowDryHair_g06_c04.avi,12,33,0,0.8077778816223145
Archery/v_Archery_g05_c03.avi,2,2,1,0.9999961853027344
Skiing/v_Skiing_g04_c07.avi,80,80,1,0.9950321912765504
CleanAndJerk/v_CleanAndJerk_g02_c02.avi,20,20,1,1.0
Nunchucks/v_Nunchucks_g07_c04.avi,55,55,1,0.9994636178016664
PlayingTabla/v_PlayingTabla_g03_c02.avi,65,65,1,1.0
RockClimbingIndoor/v_RockClimbingIndoor_g02_c03.avi,73,73,1,0.9763875007629396
PizzaTossing/v_PizzaTossing_g01_c04.avi,57,74,0,0.4617694914340973
BlowingCandles/v_BlowingCandles_g03_c04.avi,13,13,1,1.0
HeadMassage/v_HeadMassage_g02_c04.avi,38,38,1,0.9650417566299438
JumpingJack/v_JumpingJack_g01_c05.avi,46,46,1,1.0
Hammering/v_Hammering_g03_c05.avi,34,34,1,0.9999747276306152
Mixing/v_Mixing_g07_c01.avi,53,53,1,1.0
HighJump/v_HighJump_g01_c01.avi,39,96,0,0.9761448502540588
HorseRace/v_HorseRace_g01_c03.avi,40,40,1,1.0
CricketBowling/v_CricketBowling_g01_c04.avi,22,22,1,1.0
Kayaking/v_Kayaking_g07_c03.avi,48,48,1,1.0
CricketShot/v_CricketShot_g07_c06.avi,23,92,0,0.9999773502349854
HeadMassage/v_HeadMassage_g03_c05.avi,38,38,1,1.0
HorseRace/v_HorseRace_g04_c06.avi,40,40,1,1.0
PlayingGuitar/v_PlayingGuitar_g03_c05.avi,62,62,1,1.0
Fencing/v_Fencing_g07_c01.avi,27,27,1,1.0
BalanceBeam/v_BalanceBeam_g03_c03.avi,4,4,1,1.0
Typing/v_Typing_g05_c04.avi,94,94,1,0.9999747276306152
BenchPress/v_BenchPress_g06_c03.avi,9,20,0,0.8547506332397461
PlayingCello/v_PlayingCello_g02_c06.avi,58,66,0,0.7231179475784302
HorseRiding/v_HorseRiding_g03_c07.avi,41,41,1,1.0
PlayingCello/v_PlayingCello_g01_c06.avi,58,58,1,0.9999995231628418
IceDancing/v_IceDancing_g01_c01.avi,43,43,1,1.0
TableTennisShot/v_TableTennisShot_g03_c05.avi,89,89,1,1.0
Rowing/v_Rowing_g06_c02.avi,75,75,1,1.0
ShavingBeard/v_ShavingBeard_g01_c04.avi,77,77,1,0.9999914169311525
SumoWrestling/v_SumoWrestling_g05_c04.avi,86,86,1,1.0
FloorGymnastics/v_FloorGymnastics_g04_c01.avi,29,29,1,1.0
Hammering/v_Hammering_g04_c03.avi,34,38,0,1.0
FieldHockeyPenalty/v_FieldHockeyPenalty_g04_c05.avi,28,28,1,0.994795024394989
BaseballPitch/v_BaseballPitch_g04_c01.avi,6,67,0,0.9999995231628418
WalkingWithDog/v_WalkingWithDog_g06_c04.avi,97,97,1,1.0
HeadMassage/v_HeadMassage_g03_c01.avi,38,38,1,1.0
Mixing/v_Mixing_g02_c04.avi,53,53,1,0.9997091889381408
ApplyLipstick/v_ApplyLipstick_g06_c01.avi,1,1,1,1.0
HulaHoop/v_HulaHoop_g03_c01.avi,42,42,1,1.0
Hammering/v_Hammering_g06_c03.avi,34,34,1,1.0
Lunges/v_Lunges_g01_c05.avi,51,51,1,1.0
WalkingWithDog/v_WalkingWithDog_g05_c04.avi,97,97,1,1.0
PlayingCello/v_PlayingCello_g05_c03.avi,58,58,1,0.9999998807907104
ApplyLipstick/v_ApplyLipstick_g01_c01.avi,1,1,1,0.9999998807907104
PlayingTabla/v_PlayingTabla_g06_c04.avi,65,65,1,1.0
BasketballDunk/v_BasketballDunk_g05_c06.avi,8,8,1,1.0
FrisbeeCatch/v_FrisbeeCatch_g04_c04.avi,30,30,1,1.0
PlayingSitar/v_PlayingSitar_g01_c01.avi,64,64,1,0.9669215083122252
SumoWrestling/v_SumoWrestling_g02_c04.avi,86,86,1,1.0
HeadMassage/v_HeadMassage_g07_c01.avi,38,38,1,0.9999998807907104
HeadMassage/v_HeadMassage_g02_c03.avi,38,38,1,0.9999607801437378
SalsaSpin/v_SalsaSpin_g01_c01.avi,76,76,1,0.9991557598114014
JugglingBalls/v_JugglingBalls_g03_c04.avi,45,45,1,1.0
FloorGymnastics/v_FloorGymnastics_g03_c02.avi,29,29,1,0.9724342823028564
HammerThrow/v_HammerThrow_g02_c07.avi,35,35,1,1.0
Punch/v_Punch_g03_c04.avi,70,70,1,1.0
ShavingBeard/v_ShavingBeard_g06_c03.avi,77,77,1,1.0
MilitaryParade/v_MilitaryParade_g02_c04.avi,52,52,1,1.0
BoxingSpeedBag/v_BoxingSpeedBag_g06_c01.avi,17,17,1,1.0
TrampolineJumping/v_TrampolineJumping_g04_c03.avi,93,93,1,1.0
StillRings/v_StillRings_g06_c02.avi,85,85,1,1.0
PullUps/v_PullUps_g06_c02.avi,69,69,1,1.0
ThrowDiscus/v_ThrowDiscus_g04_c01.avi,92,92,1,1.0
SalsaSpin/v_SalsaSpin_g01_c03.avi,76,57,0,0.8751610517501831
Mixing/v_Mixing_g04_c01.avi,53,53,1,1.0
ParallelBars/v_ParallelBars_g04_c01.avi,56,56,1,1.0
Skijet/v_Skijet_g02_c04.avi,81,81,1,1.0
Billiards/v_Billiards_g04_c06.avi,11,11,1,1.0
HorseRace/v_HorseRace_g07_c05.avi,40,40,1,1.0
SoccerPenalty/v_SoccerPenalty_g02_c05.avi,84,84,1,1.0
TrampolineJumping/v_TrampolineJumping_g01_c03.avi,93,93,1,1.0
BreastStroke/v_BreastStroke_g06_c04.avi,18,18,1,1.0
BlowDryHair/v_BlowDryHair_g02_c02.avi,12,12,1,0.9999998807907104
Punch/v_Punch_g01_c05.avi,70,70,1,1.0
Punch/v_Punch_g06_c02.avi,70,70,1,1.0
SumoWrestling/v_SumoWrestling_g04_c02.avi,86,86,1,0.9999958276748656
PlayingPiano/v_PlayingPiano_g02_c04.avi,63,63,1,1.0
SkyDiving/v_SkyDiving_g01_c01.avi,82,82,1,1.0
MilitaryParade/v_MilitaryParade_g04_c03.avi,52,52,1,1.0
TaiChi/v_TaiChi_g03_c04.avi,90,90,1,1.0
PlayingDaf/v_PlayingDaf_g05_c02.avi,59,59,1,0.9999995231628418
FieldHockeyPenalty/v_FieldHockeyPenalty_g03_c04.avi,28,28,1,0.9999992847442628
IceDancing/v_IceDancing_g06_c06.avi,43,43,1,1.0
BabyCrawling/v_BabyCrawling_g05_c03.avi,3,3,1,1.0
PoleVault/v_PoleVault_g05_c05.avi,67,67,1,1.0
BoxingPunchingBag/v_BoxingPunchingBag_g04_c01.avi,16,16,1,1.0
FieldHockeyPenalty/v_FieldHockeyPenalty_g02_c05.avi,28,21,0,0.5035414099693298
StillRings/v_StillRings_g01_c05.avi,85,85,1,1.0
TrampolineJumping/v_TrampolineJumping_g01_c04.avi,93,93,1,1.0
IceDancing/v_IceDancing_g02_c02.avi,43,43,1,1.0
BoxingPunchingBag/v_BoxingPunchingBag_g04_c07.avi,16,16,1,1.0
Surfing/v_Surfing_g06_c02.avi,87,87,1,1.0
Biking/v_Biking_g02_c04.avi,10,10,1,1.0
GolfSwing/v_GolfSwing_g04_c01.avi,32,32,1,0.9996992349624634
WritingOnBoard/v_WritingOnBoard_g01_c07.avi,99,99,1,1.0
PlayingGuitar/v_PlayingGuitar_g01_c01.avi,62,62,1,1.0
UnevenBars/v_UnevenBars_g03_c03.avi,95,95,1,1.0
Skijet/v_Skijet_g05_c04.avi,81,81,1,1.0
Hammering/v_Hammering_g03_c04.avi,34,54,0,0.8084959387779236
ParallelBars/v_ParallelBars_g04_c06.avi,56,56,1,1.0
PlayingDhol/v_PlayingDhol_g06_c06.avi,60,60,1,1.0
Archery/v_Archery_g07_c06.avi,2,2,1,0.9999996423721312
Punch/v_Punch_g07_c02.avi,70,70,1,1.0
PommelHorse/v_PommelHorse_g04_c05.avi,68,68,1,0.9988101720809937
PlayingCello/v_PlayingCello_g05_c06.avi,58,58,1,1.0
IceDancing/v_IceDancing_g02_c05.avi,43,43,1,0.9999972581863404
ApplyLipstick/v_ApplyLipstick_g06_c03.avi,1,1,1,1.0
Swing/v_Swing_g05_c03.avi,88,88,1,1.0
HeadMassage/v_HeadMassage_g07_c05.avi,38,38,1,0.9941662549972534
PlayingViolin/v_PlayingViolin_g05_c03.avi,66,66,1,0.995944321155548
Punch/v_Punch_g03_c01.avi,70,70,1,1.0
HighJump/v_HighJump_g05_c01.avi,39,39,1,1.0
FrisbeeCatch/v_FrisbeeCatch_g07_c01.avi,30,30,1,0.9999972581863404
SkateBoarding/v_SkateBoarding_g04_c04.avi,79,79,1,1.0
ApplyEyeMakeup/v_ApplyEyeMakeup_g01_c01.avi,0,0,1,1.0
Kayaking/v_Kayaking_g01_c06.avi,48,48,1,0.702356219291687
FrisbeeCatch/v_FrisbeeCatch_g06_c01.avi,30,30,1,1.0
SoccerJuggling/v_SoccerJuggling_g02_c04.avi,83,83,1,1.0
WallPushups/v_WallPushups_g07_c03.avi,98,98,1,0.6934149265289307
HammerThrow/v_HammerThrow_g01_c06.avi,35,35,1,1.0
PlayingFlute/v_PlayingFlute_g05_c05.avi,61,61,1,1.0
Haircut/v_Haircut_g04_c03.avi,33,33,1,0.9999737739562988
WritingOnBoard/v_WritingOnBoard_g07_c02.avi,99,99,1,1.0
FrisbeeCatch/v_FrisbeeCatch_g02_c04.avi,30,30,1,1.0
PlayingDaf/v_PlayingDaf_g06_c01.avi,59,59,1,1.0
PlayingFlute/v_PlayingFlute_g04_c03.avi,61,61,1,1.0
Biking/v_Biking_g07_c05.avi,10,10,1,1.0
HeadMassage/v_HeadMassage_g02_c05.avi,38,38,1,0.7750114798545837
BrushingTeeth/v_BrushingTeeth_g07_c02.avi,19,19,1,0.9999645948410034
Fencing/v_Fencing_g01_c03.avi,27,27,1,1.0
WritingOnBoard/v_WritingOnBoard_g03_c04.avi,99,99,1,1.0
ShavingBeard/v_ShavingBeard_g06_c04.avi,77,77,1,0.998397409915924
IceDancing/v_IceDancing_g04_c04.avi,43,43,1,1.0
Mixing/v_Mixing_g02_c06.avi,53,53,1,0.9999966621398926
PlayingCello/v_PlayingCello_g03_c02.avi,58,58,1,0.9854742288589478
WallPushups/v_WallPushups_g01_c01.avi,98,98,1,0.999992847442627
BabyCrawling/v_BabyCrawling_g06_c04.avi,3,3,1,1.0
BaseballPitch/v_BaseballPitch_g05_c05.avi,6,6,1,1.0
PlayingDhol/v_PlayingDhol_g04_c06.avi,60,60,1,1.0
CliffDiving/v_CliffDiving_g03_c03.avi,21,21,1,1.0
Typing/v_Typing_g03_c05.avi,94,94,1,1.0
Drumming/v_Drumming_g03_c04.avi,26,26,1,1.0
FrontCrawl/v_FrontCrawl_g07_c07.avi,31,31,1,0.9998750686645508
BalanceBeam/v_BalanceBeam_g06_c02.avi,4,4,1,0.9999997615814208
PlayingCello/v_PlayingCello_g02_c01.avi,58,66,0,0.9961049556732178
UnevenBars/v_UnevenBars_g04_c04.avi,95,95,1,1.0
BoxingSpeedBag/v_BoxingSpeedBag_g06_c02.avi,17,17,1,1.0
HorseRace/v_HorseRace_g01_c04.avi,40,40,1,1.0
PlayingDaf/v_PlayingDaf_g06_c06.avi,59,59,1,1.0
ThrowDiscus/v_ThrowDiscus_g04_c03.avi,92,92,1,1.0
CliffDiving/v_CliffDiving_g01_c01.avi,21,21,1,1.0
BenchPress/v_BenchPress_g05_c04.avi,9,9,1,1.0
Lunges/v_Lunges_g07_c07.avi,51,51,1,0.9999995231628418
TableTennisShot/v_TableTennisShot_g03_c02.avi,89,89,1,1.0
FrisbeeCatch/v_FrisbeeCatch_g01_c05.avi,30,30,1,1.0
TennisSwing/v_TennisSwing_g05_c06.avi,91,91,1,1.0
ThrowDiscus/v_ThrowDiscus_g07_c07.avi,92,92,1,1.0
FrisbeeCatch/v_FrisbeeCatch_g03_c03.avi,30,30,1,0.9999979734420776
Drumming/v_Drumming_g06_c01.avi,26,60,0,0.9895473718643188
JumpingJack/v_JumpingJack_g01_c04.avi,46,46,1,1.0
BlowingCandles/v_BlowingCandles_g04_c02.avi,13,13,1,1.0
JavelinThrow/v_JavelinThrow_g03_c04.avi,44,44,1,1.0
FrisbeeCatch/v_FrisbeeCatch_g06_c02.avi,30,30,1,1.0
Knitting/v_Knitting_g07_c03.avi,49,49,1,1.0
Drumming/v_Drumming_g03_c03.avi,26,26,1,0.999987006187439
WritingOnBoard/v_WritingOnBoard_g06_c01.avi,99,99,1,0.999998927116394
PlayingTabla/v_PlayingTabla_g02_c01.avi,65,65,1,1.0
BoxingSpeedBag/v_BoxingSpeedBag_g05_c04.avi,17,17,1,1.0
IceDancing/v_IceDancing_g03_c05.avi,43,43,1,1.0
WallPushups/v_WallPushups_g03_c02.avi,98,98,1,0.9999788999557496
Nunchucks/v_Nunchucks_g03_c01.avi,55,32,0,0.9994296431541444
WallPushups/v_WallPushups_g03_c04.avi,98,98,1,0.999997854232788
JugglingBalls/v_JugglingBalls_g06_c04.avi,45,45,1,0.9985230565071106
Punch/v_Punch_g07_c04.avi,70,70,1,1.0
ApplyEyeMakeup/v_ApplyEyeMakeup_g02_c03.avi,0,0,1,1.0
JumpingJack/v_JumpingJack_g01_c06.avi,46,46,1,1.0
PushUps/v_PushUps_g03_c03.avi,71,71,1,1.0
MilitaryParade/v_MilitaryParade_g07_c02.avi,52,52,1,1.0
BandMarching/v_BandMarching_g07_c03.avi,5,5,1,1.0
Basketball/v_Basketball_g04_c01.avi,7,7,1,0.999929666519165
HorseRiding/v_HorseRiding_g01_c04.avi,41,41,1,1.0
SalsaSpin/v_SalsaSpin_g04_c01.avi,76,76,1,1.0
PlayingDaf/v_PlayingDaf_g04_c04.avi,59,59,1,1.0
Rowing/v_Rowing_g04_c04.avi,75,75,1,0.9997653365135192
SalsaSpin/v_SalsaSpin_g05_c01.avi,76,76,1,0.9999998807907104
HulaHoop/v_HulaHoop_g01_c01.avi,42,42,1,1.0
MoppingFloor/v_MoppingFloor_g01_c03.avi,54,54,1,0.999968647956848
WallPushups/v_WallPushups_g04_c02.avi,98,98,1,0.999998927116394
PlayingFlute/v_PlayingFlute_g03_c02.avi,61,61,1,1.0
ParallelBars/v_ParallelBars_g06_c02.avi,56,56,1,1.0
WalkingWithDog/v_WalkingWithDog_g06_c03.avi,97,97,1,0.9999314546585084
ApplyEyeMakeup/v_ApplyEyeMakeup_g07_c02.avi,0,0,1,0.999987006187439
Swing/v_Swing_g01_c05.avi,88,97,0,0.5788542628288269
VolleyballSpiking/v_VolleyballSpiking_g04_c01.avi,96,96,1,1.0
RockClimbingIndoor/v_RockClimbingIndoor_g07_c07.avi,73,73,1,1.0
PlayingFlute/v_PlayingFlute_g02_c07.avi,61,61,1,0.9999997615814208
WalkingWithDog/v_WalkingWithDog_g04_c03.avi,97,97,1,1.0
TableTennisShot/v_TableTennisShot_g04_c05.avi,89,89,1,1.0
HandstandWalking/v_HandstandWalking_g04_c01.avi,37,37,1,1.0
Rafting/v_Rafting_g05_c01.avi,72,72,1,1.0
PullUps/v_PullUps_g02_c01.avi,69,69,1,1.0
Bowling/v_Bowling_g07_c02.avi,15,15,1,1.0
Punch/v_Punch_g05_c01.avi,70,70,1,1.0
BabyCrawling/v_BabyCrawling_g06_c06.avi,3,3,1,1.0
Drumming/v_Drumming_g05_c05.avi,26,26,1,1.0
BoxingSpeedBag/v_BoxingSpeedBag_g01_c02.avi,17,17,1,0.9998517036437988
ApplyEyeMakeup/v_ApplyEyeMakeup_g02_c01.avi,0,0,1,1.0
Surfing/v_Surfing_g01_c05.avi,87,87,1,1.0
BrushingTeeth/v_BrushingTeeth_g01_c03.avi,19,19,1,0.9091848731040956
Diving/v_Diving_g01_c05.avi,25,25,1,1.0
Hammering/v_Hammering_g03_c01.avi,34,34,1,0.9914286732673644
Skijet/v_Skijet_g02_c01.avi,81,81,1,1.0
PlayingFlute/v_PlayingFlute_g07_c03.avi,61,61,1,1.0
TaiChi/v_TaiChi_g06_c01.avi,90,90,1,0.9999998807907104
WritingOnBoard/v_WritingOnBoard_g01_c03.avi,99,99,1,1.0
CricketBowling/v_CricketBowling_g05_c02.avi,22,22,1,1.0
HighJump/v_HighJump_g07_c06.avi,39,39,1,1.0
Shotput/v_Shotput_g07_c01.avi,78,78,1,0.9997491240501404
SumoWrestling/v_SumoWrestling_g06_c01.avi,86,86,1,1.0
TennisSwing/v_TennisSwing_g04_c06.avi,91,91,1,0.9967138767242432
HorseRace/v_HorseRace_g06_c02.avi,40,40,1,1.0
PommelHorse/v_PommelHorse_g02_c03.avi,68,68,1,1.0
HandstandWalking/v_HandstandWalking_g03_c01.avi,37,36,0,0.8166957497596741
Kayaking/v_Kayaking_g05_c02.avi,48,48,1,1.0
ParallelBars/v_ParallelBars_g06_c06.avi,56,56,1,1.0
FieldHockeyPenalty/v_FieldHockeyPenalty_g03_c02.avi,28,28,1,1.0
JumpingJack/v_JumpingJack_g05_c04.avi,46,46,1,0.9963034391403198
HulaHoop/v_HulaHoop_g04_c01.avi,42,42,1,1.0
GolfSwing/v_GolfSwing_g01_c01.avi,32,32,1,1.0
FrisbeeCatch/v_FrisbeeCatch_g04_c02.avi,30,30,1,1.0
PizzaTossing/v_PizzaTossing_g02_c01.avi,57,46,0,0.9999984502792358
YoYo/v_YoYo_g05_c01.avi,100,2,0,0.9999959468841552
Rowing/v_Rowing_g03_c01.avi,75,75,1,1.0
BlowDryHair/v_BlowDryHair_g05_c04.avi,12,12,1,1.0
Rowing/v_Rowing_g01_c02.avi,75,75,1,1.0
CliffDiving/v_CliffDiving_g01_c05.avi,21,21,1,1.0
Rafting/v_Rafting_g02_c02.avi,72,21,0,0.998915672302246
BenchPress/v_BenchPress_g03_c07.avi,9,9,1,1.0
Biking/v_Biking_g02_c01.avi,10,10,1,1.0
RopeClimbing/v_RopeClimbing_g05_c05.avi,74,74,1,0.9999818801879884
Surfing/v_Surfing_g01_c07.avi,87,87,1,1.0
WritingOnBoard/v_WritingOnBoard_g06_c06.avi,99,99,1,1.0
Skijet/v_Skijet_g01_c04.avi,81,81,1,1.0
HorseRace/v_HorseRace_g05_c04.avi,40,40,1,1.0
PlayingSitar/v_PlayingSitar_g03_c02.avi,64,64,1,0.9998716115951538
ShavingBeard/v_ShavingBeard_g07_c04.avi,77,77,1,0.9996169805526732
StillRings/v_StillRings_g07_c04.avi,85,85,1,1.0
Kayaking/v_Kayaking_g07_c04.avi,48,48,1,1.0
HandstandPushups/v_HandStandPushups_g02_c02.avi,36,36,1,0.9922925233840942
Bowling/v_Bowling_g05_c06.avi,15,15,1,1.0
Fencing/v_Fencing_g01_c02.avi,27,27,1,1.0
SoccerJuggling/v_SoccerJuggling_g04_c02.avi,83,83,1,1.0
HorseRiding/v_HorseRiding_g02_c07.avi,41,41,1,1.0
Diving/v_Diving_g06_c04.avi,25,25,1,1.0
FrontCrawl/v_FrontCrawl_g03_c02.avi,31,31,1,1.0
BoxingPunchingBag/v_BoxingPunchingBag_g01_c02.avi,16,16,1,1.0
JugglingBalls/v_JugglingBalls_g06_c01.avi,45,45,1,0.9089064002037048
BandMarching/v_BandMarching_g05_c02.avi,5,5,1,1.0
IceDancing/v_IceDancing_g02_c01.avi,43,43,1,1.0
TableTennisShot/v_TableTennisShot_g03_c04.avi,89,89,1,1.0
Skijet/v_Skijet_g07_c04.avi,81,81,1,1.0
Skiing/v_Skiing_g05_c04.avi,80,80,1,1.0
BodyWeightSquats/v_BodyWeightSquats_g07_c02.avi,14,14,1,0.9999799728393556
HulaHoop/v_HulaHoop_g05_c04.avi,42,42,1,1.0
TableTennisShot/v_TableTennisShot_g05_c01.avi,89,89,1,0.999902606010437
Mixing/v_Mixing_g05_c06.avi,53,53,1,0.9996664524078368
Knitting/v_Knitting_g04_c04.avi,49,49,1,1.0
SoccerPenalty/v_SoccerPenalty_g04_c02.avi,84,84,1,1.0
GolfSwing/v_GolfSwing_g03_c05.avi,32,32,1,0.9999964237213136
Billiards/v_Billiards_g01_c02.avi,11,11,1,1.0
IceDancing/v_IceDancing_g05_c06.avi,43,43,1,1.0
Shotput/v_Shotput_g07_c02.avi,78,78,1,0.998421549797058
SalsaSpin/v_SalsaSpin_g04_c04.avi,76,76,1,1.0
RockClimbingIndoor/v_RockClimbingIndoor_g03_c04.avi,73,73,1,1.0
CricketShot/v_CricketShot_g01_c06.avi,23,22,0,1.0
JumpRope/v_JumpRope_g04_c07.avi,47,7,0,0.9999194145202636
PoleVault/v_PoleVault_g03_c01.avi,67,67,1,1.0
PlayingTabla/v_PlayingTabla_g05_c01.avi,65,65,1,1.0
Fencing/v_Fencing_g06_c04.avi,27,27,1,1.0
Skijet/v_Skijet_g05_c01.avi,81,81,1,1.0
HorseRace/v_HorseRace_g02_c03.avi,40,40,1,1.0
TennisSwing/v_TennisSwing_g05_c03.avi,91,91,1,0.3821403980255127
ParallelBars/v_ParallelBars_g05_c05.avi,56,56,1,1.0
BlowingCandles/v_BlowingCandles_g07_c03.avi,13,13,1,1.0
Basketball/v_Basketball_g05_c03.avi,7,7,1,1.0
PlayingPiano/v_PlayingPiano_g07_c01.avi,63,63,1,1.0
JumpRope/v_JumpRope_g03_c02.avi,47,47,1,1.0
Rowing/v_Rowing_g06_c03.avi,75,75,1,1.0
HulaHoop/v_HulaHoop_g01_c05.avi,42,42,1,1.0
HandstandPushups/v_HandStandPushups_g05_c04.avi,36,36,1,1.0
ParallelBars/v_ParallelBars_g06_c01.avi,56,56,1,1.0
Skijet/v_Skijet_g07_c02.avi,81,81,1,1.0
TaiChi/v_TaiChi_g05_c03.avi,90,90,1,1.0
Diving/v_Diving_g06_c01.avi,25,25,1,1.0
BoxingSpeedBag/v_BoxingSpeedBag_g01_c04.avi,17,16,0,0.9258862137794496
BlowingCandles/v_BlowingCandles_g01_c01.avi,13,13,1,0.9999974966049194
HorseRiding/v_HorseRiding_g03_c04.avi,41,41,1,1.0
CricketShot/v_CricketShot_g04_c01.avi,23,22,0,0.9992986917495728
Skijet/v_Skijet_g04_c02.avi,81,81,1,0.9999486207962036
RopeClimbing/v_RopeClimbing_g07_c03.avi,74,74,1,0.9889883399009703
CliffDiving/v_CliffDiving_g03_c05.avi,21,21,1,1.0
ParallelBars/v_ParallelBars_g07_c01.avi,56,56,1,1.0
BrushingTeeth/v_BrushingTeeth_g03_c01.avi,19,19,1,1.0
Skijet/v_Skijet_g04_c01.avi,81,81,1,1.0
Basketball/v_Basketball_g02_c04.avi,7,7,1,0.7389550805091858
BoxingPunchingBag/v_BoxingPunchingBag_g02_c01.avi,16,17,0,0.9472435712814332
CricketBowling/v_CricketBowling_g02_c07.avi,22,22,1,1.0
Skiing/v_Skiing_g03_c03.avi,80,80,1,0.9999998807907104
HulaHoop/v_HulaHoop_g07_c05.avi,42,42,1,1.0
BoxingSpeedBag/v_BoxingSpeedBag_g07_c06.avi,17,17,1,0.9937706589698792
Billiards/v_Billiards_g05_c06.avi,11,11,1,1.0
CricketBowling/v_CricketBowling_g05_c03.avi,22,22,1,1.0
IceDancing/v_IceDancing_g07_c03.avi,43,43,1,1.0
Hammering/v_Hammering_g05_c03.avi,34,38,0,0.7691338658332825
BaseballPitch/v_BaseballPitch_g01_c01.avi,6,83,0,0.9999969005584716
Basketball/v_Basketball_g02_c06.avi,7,96,0,0.8890077471733093
PlayingCello/v_PlayingCello_g05_c01.avi,58,58,1,1.0
BlowingCandles/v_BlowingCandles_g04_c01.avi,13,13,1,1.0
BlowDryHair/v_BlowDryHair_g01_c03.avi,12,12,1,1.0
WallPushups/v_WallPushups_g04_c01.avi,98,98,1,0.9999995231628418
FloorGymnastics/v_FloorGymnastics_g07_c06.avi,29,29,1,0.9936624765396118
Surfing/v_Surfing_g03_c04.avi,87,87,1,1.0
Rafting/v_Rafting_g02_c01.avi,72,21,0,0.6682908535003662
BaseballPitch/v_BaseballPitch_g03_c07.avi,6,6,1,1.0
PlayingDaf/v_PlayingDaf_g02_c04.avi,59,59,1,1.0
MilitaryParade/v_MilitaryParade_g04_c02.avi,52,52,1,1.0
BoxingPunchingBag/v_BoxingPunchingBag_g07_c01.avi,16,16,1,1.0
BoxingPunchingBag/v_BoxingPunchingBag_g07_c02.avi,16,16,1,1.0
FieldHockeyPenalty/v_FieldHockeyPenalty_g02_c06.avi,28,21,0,0.7418140769004822
ShavingBeard/v_ShavingBeard_g05_c07.avi,77,19,0,0.8916113972663879
Knitting/v_Knitting_g04_c01.avi,49,49,1,0.9999960660934448
CleanAndJerk/v_CleanAndJerk_g04_c03.avi,20,20,1,1.0
PlayingPiano/v_PlayingPiano_g07_c02.avi,63,63,1,1.0
Diving/v_Diving_g07_c03.avi,25,25,1,1.0
ApplyLipstick/v_ApplyLipstick_g04_c05.avi,1,1,1,1.0
JavelinThrow/v_JavelinThrow_g05_c01.avi,44,44,1,1.0
MoppingFloor/v_MoppingFloor_g01_c02.avi,54,54,1,0.9999994039535522
PlayingDhol/v_PlayingDhol_g04_c02.avi,60,60,1,1.0
ThrowDiscus/v_ThrowDiscus_g02_c03.avi,92,92,1,1.0
Archery/v_Archery_g03_c04.avi,2,2,1,1.0
BandMarching/v_BandMarching_g05_c04.avi,5,5,1,1.0
HorseRiding/v_HorseRiding_g05_c07.avi,41,41,1,1.0
SkateBoarding/v_SkateBoarding_g04_c03.avi,79,79,1,1.0
SalsaSpin/v_SalsaSpin_g07_c01.avi,76,76,1,1.0
FieldHockeyPenalty/v_FieldHockeyPenalty_g05_c05.avi,28,28,1,1.0
Diving/v_Diving_g06_c05.avi,25,25,1,1.0
Surfing/v_Surfing_g02_c03.avi,87,87,1,1.0
HorseRiding/v_HorseRiding_g04_c07.avi,41,41,1,1.0
TableTennisShot/v_TableTennisShot_g02_c02.avi,89,89,1,1.0
PlayingViolin/v_PlayingViolin_g06_c01.avi,66,66,1,1.0
PlayingDaf/v_PlayingDaf_g07_c03.avi,59,59,1,1.0
LongJump/v_LongJump_g03_c04.avi,50,50,1,0.9999806880950928
Swing/v_Swing_g03_c01.avi,88,83,0,0.8530084490776062
BasketballDunk/v_BasketballDunk_g01_c05.avi,8,8,1,1.0
IceDancing/v_IceDancing_g07_c04.avi,43,43,1,1.0
Rowing/v_Rowing_g05_c04.avi,75,75,1,1.0
TennisSwing/v_TennisSwing_g06_c03.avi,91,7,0,0.9802522659301758
Kayaking/v_Kayaking_g07_c01.avi,48,48,1,1.0
Basketball/v_Basketball_g01_c03.avi,7,7,1,1.0
LongJump/v_LongJump_g03_c01.avi,50,50,1,0.9999977350234984
Drumming/v_Drumming_g04_c06.avi,26,26,1,1.0
Knitting/v_Knitting_g03_c05.avi,49,49,1,1.0
HulaHoop/v_HulaHoop_g06_c02.avi,42,42,1,0.98625910282135
PommelHorse/v_PommelHorse_g07_c06.avi,68,4,0,0.9650028944015504
BlowDryHair/v_BlowDryHair_g04_c05.avi,12,12,1,0.9749093055725098
LongJump/v_LongJump_g04_c06.avi,50,50,1,1.0
Mixing/v_Mixing_g01_c06.avi,53,53,1,1.0
PlayingPiano/v_PlayingPiano_g04_c04.avi,63,63,1,0.9999841451644896
HorseRiding/v_HorseRiding_g02_c03.avi,41,41,1,1.0
RopeClimbing/v_RopeClimbing_g06_c03.avi,74,74,1,1.0
BabyCrawling/v_BabyCrawling_g07_c02.avi,3,3,1,1.0
BandMarching/v_BandMarching_g01_c03.avi,5,5,1,1.0
UnevenBars/v_UnevenBars_g01_c01.avi,95,95,1,1.0
Bowling/v_Bowling_g03_c04.avi,15,15,1,1.0
CricketShot/v_CricketShot_g06_c02.avi,23,23,1,0.9887114763259888
PlayingCello/v_PlayingCello_g07_c03.avi,58,58,1,1.0
Rowing/v_Rowing_g05_c02.avi,75,75,1,1.0
SumoWrestling/v_SumoWrestling_g06_c07.avi,86,86,1,1.0
FieldHockeyPenalty/v_FieldHockeyPenalty_g01_c05.avi,28,28,1,1.0
IceDancing/v_IceDancing_g01_c02.avi,43,43,1,1.0
Swing/v_Swing_g04_c07.avi,88,88,1,1.0
Bowling/v_Bowling_g03_c02.avi,15,15,1,1.0
PlayingGuitar/v_PlayingGuitar_g07_c06.avi,62,62,1,1.0
Punch/v_Punch_g06_c01.avi,70,70,1,1.0
LongJump/v_LongJump_g03_c02.avi,50,50,1,0.9999037981033324
Archery/v_Archery_g05_c01.avi,2,2,1,0.9999961853027344
PlayingPiano/v_PlayingPiano_g03_c04.avi,63,63,1,1.0
PommelHorse/v_PommelHorse_g06_c04.avi,68,68,1,1.0
Knitting/v_Knitting_g07_c04.avi,49,49,1,1.0
Surfing/v_Surfing_g07_c03.avi,87,87,1,1.0
Hammering/v_Hammering_g04_c05.avi,34,38,0,0.997702419757843
SoccerPenalty/v_SoccerPenalty_g06_c02.avi,84,84,1,1.0
WallPushups/v_WallPushups_g03_c01.avi,98,98,1,0.999968409538269
Skijet/v_Skijet_g03_c02.avi,81,81,1,1.0
JavelinThrow/v_JavelinThrow_g03_c02.avi,44,44,1,0.954218327999115
HammerThrow/v_HammerThrow_g04_c02.avi,35,35,1,1.0
Rowing/v_Rowing_g04_c05.avi,75,75,1,0.9999996423721312
BasketballDunk/v_BasketballDunk_g01_c07.avi,8,8,1,1.0
Shotput/v_Shotput_g02_c06.avi,78,50,0,0.6328110694885254
Typing/v_Typing_g01_c03.avi,94,94,1,1.0
Bowling/v_Bowling_g07_c04.avi,15,15,1,1.0
LongJump/v_LongJump_g01_c06.avi,50,50,1,1.0
BoxingSpeedBag/v_BoxingSpeedBag_g07_c03.avi,17,17,1,0.5678890943527222
CliffDiving/v_CliffDiving_g05_c07.avi,21,21,1,1.0
WalkingWithDog/v_WalkingWithDog_g07_c06.avi,97,80,0,0.9999988079071044
VolleyballSpiking/v_VolleyballSpiking_g04_c03.avi,96,96,1,1.0
Diving/v_Diving_g05_c04.avi,25,25,1,1.0
BreastStroke/v_BreastStroke_g06_c02.avi,18,18,1,1.0
Surfing/v_Surfing_g05_c01.avi,87,87,1,1.0
HeadMassage/v_HeadMassage_g04_c02.avi,38,38,1,1.0
UnevenBars/v_UnevenBars_g07_c01.avi,95,95,1,1.0
FieldHockeyPenalty/v_FieldHockeyPenalty_g06_c03.avi,28,28,1,0.99955815076828
SoccerPenalty/v_SoccerPenalty_g03_c03.avi,84,84,1,1.0
HandstandPushups/v_HandStandPushups_g03_c04.avi,36,36,1,0.999997854232788
VolleyballSpiking/v_VolleyballSpiking_g06_c03.avi,96,96,1,1.0
Swing/v_Swing_g05_c05.avi,88,88,1,0.9999958276748656
ApplyEyeMakeup/v_ApplyEyeMakeup_g03_c06.avi,0,0,1,0.9999995231628418
PlayingDaf/v_PlayingDaf_g04_c01.avi,59,59,1,1.0
BodyWeightSquats/v_BodyWeightSquats_g06_c04.avi,14,14,1,0.9205625653266908
Shotput/v_Shotput_g02_c04.avi,78,6,0,0.9238436222076416
Rowing/v_Rowing_g02_c01.avi,75,75,1,1.0
Diving/v_Diving_g03_c02.avi,25,25,1,1.0
BenchPress/v_BenchPress_g06_c04.avi,9,9,1,0.9980352520942688
BlowDryHair/v_BlowDryHair_g03_c02.avi,12,12,1,0.9999983310699464
PizzaTossing/v_PizzaTossing_g01_c03.avi,57,74,0,0.5905159115791321
Mixing/v_Mixing_g06_c04.avi,53,53,1,0.9104057550430298
JumpRope/v_JumpRope_g06_c05.avi,47,46,0,0.6928913593292236
BoxingSpeedBag/v_BoxingSpeedBag_g03_c04.avi,17,17,1,1.0
FrontCrawl/v_FrontCrawl_g04_c01.avi,31,31,1,0.9566373229026794
StillRings/v_StillRings_g03_c02.avi,85,85,1,0.9999995231628418
Kayaking/v_Kayaking_g06_c07.avi,48,48,1,1.0
PlayingCello/v_PlayingCello_g01_c07.avi,58,58,1,1.0
CricketShot/v_CricketShot_g06_c01.avi,23,37,0,0.7870284914970398
HeadMassage/v_HeadMassage_g05_c03.avi,38,38,1,1.0
BreastStroke/v_BreastStroke_g07_c02.avi,18,18,1,0.9999805688858032
UnevenBars/v_UnevenBars_g02_c03.avi,95,95,1,1.0
JugglingBalls/v_JugglingBalls_g03_c06.avi,45,45,1,1.0
JumpingJack/v_JumpingJack_g01_c02.avi,46,46,1,1.0
Shotput/v_Shotput_g01_c01.avi,78,78,1,1.0
LongJump/v_LongJump_g02_c05.avi,50,50,1,1.0
Archery/v_Archery_g01_c07.avi,2,2,1,1.0
Mixing/v_Mixing_g04_c02.avi,53,53,1,0.9999818801879884
Diving/v_Diving_g03_c07.avi,25,25,1,1.0
Knitting/v_Knitting_g01_c04.avi,49,49,1,1.0
BandMarching/v_BandMarching_g01_c04.avi,5,5,1,0.9999854564666748
CliffDiving/v_CliffDiving_g02_c03.avi,21,21,1,1.0
UnevenBars/v_UnevenBars_g03_c01.avi,95,95,1,1.0
BlowDryHair/v_BlowDryHair_g04_c01.avi,12,12,1,0.9998668432235718
WallPushups/v_WallPushups_g06_c02.avi,98,98,1,1.0
TaiChi/v_TaiChi_g07_c04.avi,90,90,1,1.0
Typing/v_Typing_g07_c05.avi,94,94,1,1.0
Nunchucks/v_Nunchucks_g07_c03.avi,55,55,1,0.9997052550315856
FloorGymnastics/v_FloorGymnastics_g07_c07.avi,29,29,1,1.0
PlayingFlute/v_PlayingFlute_g07_c04.avi,61,61,1,1.0
FloorGymnastics/v_FloorGymnastics_g07_c02.avi,29,29,1,1.0
Archery/v_Archery_g01_c05.avi,2,2,1,0.8076176047325134
Basketball/v_Basketball_g05_c04.avi,7,7,1,0.9995588660240172
HandstandPushups/v_HandStandPushups_g02_c04.avi,36,20,0,0.5179373621940613
LongJump/v_LongJump_g07_c01.avi,50,50,1,1.0
PlayingDaf/v_PlayingDaf_g07_c01.avi,59,59,1,1.0
BlowDryHair/v_BlowDryHair_g03_c05.avi,12,12,1,1.0
Hammering/v_Hammering_g06_c04.avi,34,34,1,1.0
HammerThrow/v_HammerThrow_g01_c01.avi,35,35,1,1.0
JumpRope/v_JumpRope_g07_c04.avi,47,47,1,0.9445379972457886
LongJump/v_LongJump_g06_c01.avi,50,50,1,0.8657442331314087
SalsaSpin/v_SalsaSpin_g06_c03.avi,76,76,1,1.0
LongJump/v_LongJump_g07_c05.avi,50,50,1,1.0
HandstandWalking/v_HandstandWalking_g02_c01.avi,37,56,0,0.5009603500366211
MoppingFloor/v_MoppingFloor_g01_c04.avi,54,54,1,0.9937210083007812
StillRings/v_StillRings_g03_c06.avi,85,85,1,1.0
Mixing/v_Mixing_g06_c06.avi,53,53,1,0.9996799230575562
HorseRace/v_HorseRace_g04_c05.avi,40,40,1,1.0
PizzaTossing/v_PizzaTossing_g06_c04.avi,57,57,1,1.0
CricketShot/v_CricketShot_g05_c06.avi,23,23,1,1.0
HighJump/v_HighJump_g06_c01.avi,39,39,1,0.9999998807907104
VolleyballSpiking/v_VolleyballSpiking_g07_c07.avi,96,96,1,1.0
WallPushups/v_WallPushups_g07_c06.avi,98,47,0,0.782897412776947
JugglingBalls/v_JugglingBalls_g03_c05.avi,45,45,1,1.0
Knitting/v_Knitting_g06_c03.avi,49,49,1,0.9732445478439332
BaseballPitch/v_BaseballPitch_g04_c04.avi,6,67,0,0.9129124283790588
WallPushups/v_WallPushups_g06_c04.avi,98,98,1,1.0
PlayingViolin/v_PlayingViolin_g07_c01.avi,66,66,1,1.0
Rowing/v_Rowing_g07_c02.avi,75,75,1,1.0
Billiards/v_Billiards_g04_c02.avi,11,11,1,1.0
LongJump/v_LongJump_g07_c03.avi,50,50,1,0.9999998807907104
PlayingGuitar/v_PlayingGuitar_g03_c03.avi,62,62,1,1.0
TennisSwing/v_TennisSwing_g06_c04.avi,91,91,1,0.6316848397254944
RockClimbingIndoor/v_RockClimbingIndoor_g07_c01.avi,73,73,1,1.0
GolfSwing/v_GolfSwing_g04_c06.avi,32,32,1,1.0
HeadMassage/v_HeadMassage_g01_c02.avi,38,38,1,1.0
CricketShot/v_CricketShot_g05_c05.avi,23,23,1,0.9999997615814208
JumpingJack/v_JumpingJack_g03_c01.avi,46,46,1,1.0
CuttingInKitchen/v_CuttingInKitchen_g02_c03.avi,24,24,1,1.0
Kayaking/v_Kayaking_g02_c02.avi,48,48,1,1.0
Shotput/v_Shotput_g03_c05.avi,78,22,0,0.9999523162841796
BaseballPitch/v_BaseballPitch_g03_c03.avi,6,6,1,0.6073002219200134
HorseRiding/v_HorseRiding_g01_c03.avi,41,41,1,1.0
TrampolineJumping/v_TrampolineJumping_g05_c01.avi,93,93,1,0.9999998807907104
Biking/v_Biking_g01_c02.avi,10,83,0,0.9999891519546508
Skiing/v_Skiing_g04_c05.avi,80,80,1,0.9994433522224426
Billiards/v_Billiards_g01_c03.avi,11,11,1,1.0
Rafting/v_Rafting_g04_c02.avi,72,72,1,1.0
SoccerJuggling/v_SoccerJuggling_g04_c05.avi,83,83,1,0.996077597141266
Punch/v_Punch_g07_c06.avi,70,70,1,1.0
SkyDiving/v_SkyDiving_g07_c03.avi,82,82,1,1.0
GolfSwing/v_GolfSwing_g07_c03.avi,32,32,1,1.0
TrampolineJumping/v_TrampolineJumping_g06_c04.avi,93,93,1,1.0
Kayaking/v_Kayaking_g06_c02.avi,48,48,1,0.9999986886978148
SkateBoarding/v_SkateBoarding_g03_c01.avi,79,79,1,1.0
YoYo/v_YoYo_g03_c05.avi,100,100,1,0.9999663829803468
BabyCrawling/v_BabyCrawling_g02_c05.avi,3,3,1,1.0
ThrowDiscus/v_ThrowDiscus_g07_c06.avi,92,92,1,1.0
Shotput/v_Shotput_g03_c03.avi,78,22,0,0.9999969005584716
Mixing/v_Mixing_g07_c05.avi,53,53,1,0.9999772310256958
IceDancing/v_IceDancing_g06_c02.avi,43,43,1,1.0
PlayingFlute/v_PlayingFlute_g06_c03.avi,61,61,1,1.0
PullUps/v_PullUps_g06_c04.avi,69,69,1,1.0
ApplyEyeMakeup/v_ApplyEyeMakeup_g07_c04.avi,0,0,1,1.0
Diving/v_Diving_g02_c06.avi,25,25,1,1.0
ThrowDiscus/v_ThrowDiscus_g05_c02.avi,92,92,1,0.9470400214195251
FloorGymnastics/v_FloorGymnastics_g02_c04.avi,29,29,1,1.0
TableTennisShot/v_TableTennisShot_g02_c01.avi,89,89,1,1.0
SalsaSpin/v_SalsaSpin_g02_c07.avi,76,76,1,0.9999794960021972
VolleyballSpiking/v_VolleyballSpiking_g01_c01.avi,96,96,1,1.0
SkyDiving/v_SkyDiving_g04_c03.avi,82,82,1,1.0
PlayingCello/v_PlayingCello_g03_c04.avi,58,58,1,0.9999916553497314
TennisSwing/v_TennisSwing_g07_c07.avi,91,91,1,1.0
SoccerPenalty/v_SoccerPenalty_g04_c03.avi,84,84,1,1.0
Typing/v_Typing_g01_c01.avi,94,94,1,1.0
BaseballPitch/v_BaseballPitch_g07_c03.avi,6,6,1,1.0
Hammering/v_Hammering_g07_c02.avi,34,34,1,1.0
PommelHorse/v_PommelHorse_g06_c03.avi,68,68,1,1.0
BlowDryHair/v_BlowDryHair_g06_c05.avi,12,33,0,0.5316023230552673
Hammering/v_Hammering_g07_c05.avi,34,34,1,1.0
PushUps/v_PushUps_g04_c04.avi,71,71,1,0.9999954700469972
FrontCrawl/v_FrontCrawl_g04_c07.avi,31,31,1,0.8228232860565186
RockClimbingIndoor/v_RockClimbingIndoor_g06_c03.avi,73,73,1,0.9999938011169434
RockClimbingIndoor/v_RockClimbingIndoor_g07_c05.avi,73,73,1,1.0
RockClimbingIndoor/v_RockClimbingIndoor_g07_c03.avi,73,73,1,1.0
FrisbeeCatch/v_FrisbeeCatch_g03_c04.avi,30,30,1,1.0
Kayaking/v_Kayaking_g02_c01.avi,48,48,1,1.0
RockClimbingIndoor/v_RockClimbingIndoor_g05_c04.avi,73,73,1,1.0
Punch/v_Punch_g07_c05.avi,70,70,1,1.0
BoxingPunchingBag/v_BoxingPunchingBag_g01_c06.avi,16,16,1,1.0
RopeClimbing/v_RopeClimbing_g03_c03.avi,74,74,1,1.0
Archery/v_Archery_g02_c03.avi,2,2,1,1.0
CliffDiving/v_CliffDiving_g05_c02.avi,21,21,1,1.0
CliffDiving/v_CliffDiving_g07_c03.avi,21,21,1,1.0
PommelHorse/v_PommelHorse_g01_c03.avi,68,68,1,1.0
PoleVault/v_PoleVault_g03_c07.avi,67,67,1,1.0
BandMarching/v_BandMarching_g01_c05.avi,5,5,1,0.9999985694885254
PizzaTossing/v_PizzaTossing_g03_c02.avi,57,17,0,0.9520668983459472
HorseRace/v_HorseRace_g03_c05.avi,40,40,1,1.0
PlayingTabla/v_PlayingTabla_g01_c03.avi,65,65,1,0.9999996423721312
BoxingPunchingBag/v_BoxingPunchingBag_g02_c02.avi,16,16,1,0.9979244470596312
BaseballPitch/v_BaseballPitch_g05_c03.avi,6,6,1,1.0
Basketball/v_Basketball_g01_c01.avi,7,7,1,0.9999998807907104
BasketballDunk/v_BasketballDunk_g04_c04.avi,8,8,1,1.0
PlayingPiano/v_PlayingPiano_g05_c02.avi,63,63,1,1.0
PlayingFlute/v_PlayingFlute_g03_c05.avi,61,61,1,1.0
SkateBoarding/v_SkateBoarding_g03_c03.avi,79,79,1,1.0
ApplyEyeMakeup/v_ApplyEyeMakeup_g04_c04.avi,0,0,1,1.0
WalkingWithDog/v_WalkingWithDog_g02_c02.avi,97,97,1,1.0
UnevenBars/v_UnevenBars_g05_c04.avi,95,95,1,1.0
FloorGymnastics/v_FloorGymnastics_g05_c04.avi,29,29,1,1.0
PizzaTossing/v_PizzaTossing_g01_c02.avi,57,57,1,0.9999783039093018
PlayingDhol/v_PlayingDhol_g06_c04.avi,60,60,1,0.9897478818893432
MoppingFloor/v_MoppingFloor_g07_c05.avi,54,54,1,0.9999531507492064
Nunchucks/v_Nunchucks_g02_c06.avi,55,76,0,0.992319643497467
WallPushups/v_WallPushups_g05_c01.avi,98,99,0,0.984965205192566
HulaHoop/v_HulaHoop_g01_c07.avi,42,42,1,1.0
PlayingDhol/v_PlayingDhol_g03_c03.avi,60,60,1,0.9999988079071044
ThrowDiscus/v_ThrowDiscus_g05_c03.avi,92,92,1,0.9999785423278807
ApplyEyeMakeup/v_ApplyEyeMakeup_g03_c04.avi,0,0,1,1.0
GolfSwing/v_GolfSwing_g05_c05.avi,32,32,1,1.0
PlayingGuitar/v_PlayingGuitar_g03_c02.avi,62,62,1,1.0
MilitaryParade/v_MilitaryParade_g05_c02.avi,52,52,1,0.9999998807907104
ThrowDiscus/v_ThrowDiscus_g04_c04.avi,92,92,1,1.0
FloorGymnastics/v_FloorGymnastics_g06_c03.avi,29,29,1,1.0
Hammering/v_Hammering_g05_c04.avi,34,38,0,0.9986385703086852
JugglingBalls/v_JugglingBalls_g07_c01.avi,45,45,1,1.0
Basketball/v_Basketball_g01_c06.avi,7,7,1,0.9999971389770508
HandstandWalking/v_HandstandWalking_g02_c02.avi,37,56,0,0.9934265613555908
Kayaking/v_Kayaking_g05_c03.avi,48,48,1,1.0
Bowling/v_Bowling_g05_c03.avi,15,15,1,1.0
Bowling/v_Bowling_g07_c03.avi,15,15,1,1.0
JugglingBalls/v_JugglingBalls_g02_c04.avi,45,45,1,1.0
MilitaryParade/v_MilitaryParade_g05_c01.avi,52,52,1,1.0
BreastStroke/v_BreastStroke_g07_c01.avi,18,18,1,0.9999997615814208
Fencing/v_Fencing_g07_c03.avi,27,27,1,1.0
ApplyEyeMakeup/v_ApplyEyeMakeup_g03_c05.avi,0,0,1,1.0
HeadMassage/v_HeadMassage_g06_c05.avi,38,38,1,1.0
ShavingBeard/v_ShavingBeard_g06_c05.avi,77,77,1,0.9922673106193542
LongJump/v_LongJump_g05_c03.avi,50,50,1,0.7360705733299255
Swing/v_Swing_g03_c02.avi,88,32,0,0.9848318696022034
HighJump/v_HighJump_g04_c03.avi,39,39,1,0.9110056161880492
HandstandPushups/v_HandStandPushups_g07_c03.avi,36,36,1,0.999987244606018
Knitting/v_Knitting_g07_c05.avi,49,49,1,1.0
JavelinThrow/v_JavelinThrow_g04_c04.avi,44,44,1,0.9999998807907104
CricketShot/v_CricketShot_g01_c07.avi,23,22,0,1.0
Haircut/v_Haircut_g07_c02.avi,33,33,1,0.9976813793182372
PoleVault/v_PoleVault_g01_c03.avi,67,67,1,1.0
FieldHockeyPenalty/v_FieldHockeyPenalty_g06_c02.avi,28,28,1,0.9999542236328124
FrisbeeCatch/v_FrisbeeCatch_g02_c03.avi,30,30,1,1.0
Shotput/v_Shotput_g05_c07.avi,78,78,1,0.9999998807907104
PlayingCello/v_PlayingCello_g04_c04.avi,58,58,1,0.9998637437820436
VolleyballSpiking/v_VolleyballSpiking_g07_c06.avi,96,96,1,1.0
TennisSwing/v_TennisSwing_g05_c07.avi,91,91,1,0.9999997615814208
PushUps/v_PushUps_g04_c01.avi,71,71,1,0.9999864101409912
PlayingFlute/v_PlayingFlute_g04_c07.avi,61,61,1,1.0
Drumming/v_Drumming_g05_c03.avi,26,26,1,1.0
Drumming/v_Drumming_g07_c02.avi,26,26,1,1.0
BandMarching/v_BandMarching_g05_c07.avi,5,5,1,1.0
ParallelBars/v_ParallelBars_g03_c03.avi,56,56,1,1.0
Punch/v_Punch_g05_c06.avi,70,70,1,1.0
TableTennisShot/v_TableTennisShot_g07_c03.avi,89,89,1,1.0
TennisSwing/v_TennisSwing_g06_c05.avi,91,7,0,0.8246567249298096
FloorGymnastics/v_FloorGymnastics_g04_c02.avi,29,29,1,1.0
Bowling/v_Bowling_g06_c04.avi,15,29,0,0.9363898038864136
JugglingBalls/v_JugglingBalls_g03_c07.avi,45,45,1,1.0
SoccerJuggling/v_SoccerJuggling_g01_c01.avi,83,47,0,0.6758666634559631
Basketball/v_Basketball_g04_c04.avi,7,7,1,0.9999783039093018
JavelinThrow/v_JavelinThrow_g01_c04.avi,44,44,1,1.0
Diving/v_Diving_g02_c07.avi,25,25,1,1.0
PlayingFlute/v_PlayingFlute_g05_c04.avi,61,61,1,1.0
CuttingInKitchen/v_CuttingInKitchen_g06_c01.avi,24,24,1,1.0
UnevenBars/v_UnevenBars_g01_c03.avi,95,95,1,1.0
CricketBowling/v_CricketBowling_g04_c05.avi,22,29,0,0.999979853630066
Bowling/v_Bowling_g05_c02.avi,15,15,1,1.0
RockClimbingIndoor/v_RockClimbingIndoor_g01_c04.avi,73,73,1,1.0
HorseRiding/v_HorseRiding_g05_c03.avi,41,41,1,1.0
TennisSwing/v_TennisSwing_g04_c03.avi,91,91,1,0.9993014335632324
SumoWrestling/v_SumoWrestling_g07_c06.avi,86,86,1,1.0
VolleyballSpiking/v_VolleyballSpiking_g03_c02.avi,96,96,1,0.9999997615814208
HorseRace/v_HorseRace_g02_c04.avi,40,40,1,1.0
CuttingInKitchen/v_CuttingInKitchen_g03_c01.avi,24,24,1,1.0
HandstandPushups/v_HandStandPushups_g04_c01.avi,36,16,0,0.9055777192115784
RockClimbingIndoor/v_RockClimbingIndoor_g01_c01.avi,73,73,1,1.0
GolfSwing/v_GolfSwing_g03_c04.avi,32,32,1,1.0
HandstandWalking/v_HandstandWalking_g07_c02.avi,37,37,1,0.9999994039535522
Billiards/v_Billiards_g03_c04.avi,11,11,1,1.0
BreastStroke/v_BreastStroke_g04_c04.avi,18,18,1,0.9999997615814208
JavelinThrow/v_JavelinThrow_g02_c04.avi,44,44,1,1.0
ApplyEyeMakeup/v_ApplyEyeMakeup_g06_c05.avi,0,0,1,1.0
HorseRiding/v_HorseRiding_g07_c05.avi,41,41,1,1.0
TableTennisShot/v_TableTennisShot_g05_c04.avi,89,89,1,1.0
JugglingBalls/v_JugglingBalls_g02_c02.avi,45,45,1,1.0
SoccerJuggling/v_SoccerJuggling_g02_c06.avi,83,83,1,1.0
ApplyLipstick/v_ApplyLipstick_g05_c04.avi,1,1,1,0.9999920129776
RockClimbingIndoor/v_RockClimbingIndoor_g04_c01.avi,73,73,1,1.0
PlayingDaf/v_PlayingDaf_g02_c03.avi,59,59,1,1.0
HulaHoop/v_HulaHoop_g03_c05.avi,42,42,1,1.0
PlayingGuitar/v_PlayingGuitar_g04_c04.avi,62,62,1,1.0
PlayingGuitar/v_PlayingGuitar_g07_c02.avi,62,62,1,1.0
BabyCrawling/v_BabyCrawling_g04_c01.avi,3,3,1,1.0
Billiards/v_Billiards_g06_c02.avi,11,11,1,1.0
IceDancing/v_IceDancing_g04_c01.avi,43,43,1,1.0
HandstandWalking/v_HandstandWalking_g07_c01.avi,37,37,1,1.0
BlowingCandles/v_BlowingCandles_g05_c05.avi,13,13,1,1.0
JumpingJack/v_JumpingJack_g02_c01.avi,46,46,1,1.0
CricketShot/v_CricketShot_g02_c05.avi,23,23,1,1.0
MilitaryParade/v_MilitaryParade_g06_c01.avi,52,52,1,1.0
BaseballPitch/v_BaseballPitch_g03_c01.avi,6,6,1,1.0
MilitaryParade/v_MilitaryParade_g01_c05.avi,52,52,1,0.9999876022338868
SkateBoarding/v_SkateBoarding_g01_c04.avi,79,10,0,0.9999570846557616
PoleVault/v_PoleVault_g04_c01.avi,67,67,1,1.0
HulaHoop/v_HulaHoop_g07_c02.avi,42,42,1,1.0
CricketShot/v_CricketShot_g07_c07.avi,23,83,0,0.9982061386108398
PlayingPiano/v_PlayingPiano_g01_c04.avi,63,63,1,1.0
Drumming/v_Drumming_g06_c02.avi,26,26,1,0.9994320273399352
Drumming/v_Drumming_g02_c01.avi,26,26,1,1.0
YoYo/v_YoYo_g02_c02.avi,100,100,1,0.8823314905166626
BreastStroke/v_BreastStroke_g07_c04.avi,18,18,1,1.0
PlayingGuitar/v_PlayingGuitar_g07_c01.avi,62,62,1,1.0
FrisbeeCatch/v_FrisbeeCatch_g02_c01.avi,30,30,1,1.0
Drumming/v_Drumming_g05_c01.avi,26,26,1,1.0
BandMarching/v_BandMarching_g05_c06.avi,5,5,1,1.0
StillRings/v_StillRings_g04_c01.avi,85,85,1,1.0
JumpRope/v_JumpRope_g07_c06.avi,47,42,0,0.6363981366157532
Punch/v_Punch_g02_c02.avi,70,16,0,1.0
WallPushups/v_WallPushups_g06_c01.avi,98,98,1,1.0
BalanceBeam/v_BalanceBeam_g07_c02.avi,4,4,1,1.0
RockClimbingIndoor/v_RockClimbingIndoor_g04_c02.avi,73,73,1,1.0
CuttingInKitchen/v_CuttingInKitchen_g06_c03.avi,24,24,1,1.0
Nunchucks/v_Nunchucks_g05_c01.avi,55,55,1,0.9999932050704956
YoYo/v_YoYo_g06_c02.avi,100,100,1,0.9994733929634094
LongJump/v_LongJump_g01_c01.avi,50,50,1,1.0
Skijet/v_Skijet_g03_c03.avi,81,81,1,1.0
CliffDiving/v_CliffDiving_g02_c04.avi,21,21,1,1.0
TrampolineJumping/v_TrampolineJumping_g04_c04.avi,93,93,1,0.9999996423721312
WalkingWithDog/v_WalkingWithDog_g02_c05.avi,97,97,1,1.0
ApplyLipstick/v_ApplyLipstick_g04_c03.avi,1,1,1,1.0
Rafting/v_Rafting_g06_c03.avi,72,72,1,1.0
HammerThrow/v_HammerThrow_g03_c02.avi,35,35,1,0.9999979734420776
Skiing/v_Skiing_g01_c04.avi,80,80,1,0.9997381567955016
PommelHorse/v_PommelHorse_g03_c04.avi,68,68,1,1.0
Punch/v_Punch_g03_c02.avi,70,70,1,1.0
SkateBoarding/v_SkateBoarding_g05_c04.avi,79,79,1,0.9978256821632384
Swing/v_Swing_g06_c06.avi,88,88,1,1.0
Surfing/v_Surfing_g04_c03.avi,87,87,1,1.0
BasketballDunk/v_BasketballDunk_g05_c04.avi,8,8,1,1.0
Lunges/v_Lunges_g05_c01.avi,51,51,1,0.4719499349594116
JumpRope/v_JumpRope_g02_c04.avi,47,47,1,1.0
PlayingTabla/v_PlayingTabla_g01_c02.avi,65,65,1,0.9999995231628418
WallPushups/v_WallPushups_g04_c04.avi,98,98,1,0.9999991655349731
Swing/v_Swing_g02_c04.avi,88,88,1,1.0
FrontCrawl/v_FrontCrawl_g05_c02.avi,31,31,1,1.0
HighJump/v_HighJump_g05_c04.avi,39,39,1,0.9882810711860656
GolfSwing/v_GolfSwing_g04_c02.avi,32,32,1,0.9999994039535522
FieldHockeyPenalty/v_FieldHockeyPenalty_g04_c07.avi,28,28,1,0.999642252922058
BandMarching/v_BandMarching_g06_c03.avi,5,5,1,0.9999533891677856
MoppingFloor/v_MoppingFloor_g03_c02.avi,54,54,1,1.0
FloorGymnastics/v_FloorGymnastics_g06_c05.avi,29,29,1,0.9999994039535522
SkateBoarding/v_SkateBoarding_g01_c01.avi,79,79,1,0.7669069766998291
Basketball/v_Basketball_g05_c02.avi,7,7,1,0.9707748293876648
Kayaking/v_Kayaking_g01_c04.avi,48,48,1,0.5307828187942505
PlayingPiano/v_PlayingPiano_g05_c01.avi,63,63,1,1.0
SalsaSpin/v_SalsaSpin_g02_c03.avi,76,76,1,0.9997615218162536
TrampolineJumping/v_TrampolineJumping_g02_c05.avi,93,93,1,1.0
HammerThrow/v_HammerThrow_g05_c04.avi,35,92,0,0.9890149235725404
RockClimbingIndoor/v_RockClimbingIndoor_g02_c02.avi,73,73,1,1.0
LongJump/v_LongJump_g07_c02.avi,50,50,1,1.0
JumpRope/v_JumpRope_g02_c03.avi,47,47,1,1.0
Billiards/v_Billiards_g02_c07.avi,11,11,1,1.0
JumpRope/v_JumpRope_g05_c02.avi,47,47,1,1.0
BaseballPitch/v_BaseballPitch_g07_c06.avi,6,6,1,1.0
HandstandPushups/v_HandStandPushups_g03_c02.avi,36,36,1,0.9999998807907104
PlayingPiano/v_PlayingPiano_g05_c03.avi,63,63,1,1.0
PoleVault/v_PoleVault_g04_c07.avi,67,67,1,1.0
WritingOnBoard/v_WritingOnBoard_g06_c05.avi,99,99,1,1.0
PlayingDaf/v_PlayingDaf_g03_c02.avi,59,59,1,1.0
Basketball/v_Basketball_g03_c06.avi,7,7,1,1.0
Biking/v_Biking_g04_c03.avi,10,10,1,1.0
PushUps/v_PushUps_g01_c02.avi,71,71,1,1.0
Skijet/v_Skijet_g06_c01.avi,81,81,1,1.0
Lunges/v_Lunges_g01_c01.avi,51,51,1,1.0
JugglingBalls/v_JugglingBalls_g03_c01.avi,45,45,1,1.0
BasketballDunk/v_BasketballDunk_g03_c01.avi,8,8,1,1.0
Surfing/v_Surfing_g07_c02.avi,87,87,1,1.0
CricketBowling/v_CricketBowling_g02_c03.avi,22,22,1,1.0
BaseballPitch/v_BaseballPitch_g07_c04.avi,6,6,1,1.0
Typing/v_Typing_g07_c01.avi,94,94,1,1.0
Fencing/v_Fencing_g02_c01.avi,27,27,1,0.9999998807907104
PommelHorse/v_PommelHorse_g02_c02.avi,68,68,1,1.0
PlayingFlute/v_PlayingFlute_g04_c06.avi,61,61,1,1.0
PlayingGuitar/v_PlayingGuitar_g07_c04.avi,62,62,1,1.0
CricketShot/v_CricketShot_g03_c07.avi,23,22,0,0.9969570636749268
CricketBowling/v_CricketBowling_g02_c05.avi,22,22,1,1.0
Fencing/v_Fencing_g04_c05.avi,27,27,1,1.0
PlayingPiano/v_PlayingPiano_g01_c03.avi,63,63,1,1.0
UnevenBars/v_UnevenBars_g02_c04.avi,95,95,1,1.0
Skiing/v_Skiing_g03_c01.avi,80,80,1,1.0
CricketBowling/v_CricketBowling_g02_c02.avi,22,22,1,1.0
PlayingSitar/v_PlayingSitar_g04_c06.avi,64,64,1,1.0
BaseballPitch/v_BaseballPitch_g03_c04.avi,6,6,1,1.0
Biking/v_Biking_g03_c01.avi,10,10,1,0.9998723268508912
RockClimbingIndoor/v_RockClimbingIndoor_g05_c03.avi,73,73,1,1.0
Haircut/v_Haircut_g04_c05.avi,33,33,1,0.9991220831871032
BodyWeightSquats/v_BodyWeightSquats_g05_c02.avi,14,14,1,1.0
Skijet/v_Skijet_g03_c04.avi,81,81,1,1.0
YoYo/v_YoYo_g07_c03.avi,100,100,1,0.9859485626220704
JavelinThrow/v_JavelinThrow_g04_c01.avi,44,44,1,0.9999995231628418
ThrowDiscus/v_ThrowDiscus_g01_c03.avi,92,92,1,1.0
Shotput/v_Shotput_g06_c04.avi,78,78,1,0.9999539852142334
Bowling/v_Bowling_g02_c01.avi,15,15,1,1.0
Haircut/v_Haircut_g05_c01.avi,33,33,1,0.9999099969863892
PlayingSitar/v_PlayingSitar_g03_c07.avi,64,64,1,1.0
Swing/v_Swing_g05_c01.avi,88,88,1,1.0
BasketballDunk/v_BasketballDunk_g06_c04.avi,8,8,1,1.0
TableTennisShot/v_TableTennisShot_g05_c05.avi,89,89,1,1.0
SoccerPenalty/v_SoccerPenalty_g01_c02.avi,84,84,1,1.0
UnevenBars/v_UnevenBars_g07_c03.avi,95,95,1,1.0
Drumming/v_Drumming_g07_c04.avi,26,26,1,1.0
RopeClimbing/v_RopeClimbing_g02_c05.avi,74,74,1,1.0
Diving/v_Diving_g02_c03.avi,25,25,1,1.0
SumoWrestling/v_SumoWrestling_g07_c07.avi,86,86,1,1.0
Hammering/v_Hammering_g04_c04.avi,34,38,0,0.9855247139930724
Punch/v_Punch_g01_c02.avi,70,70,1,1.0
BlowDryHair/v_BlowDryHair_g01_c02.avi,12,12,1,1.0
PommelHorse/v_PommelHorse_g04_c01.avi,68,68,1,1.0
HorseRiding/v_HorseRiding_g07_c04.avi,41,41,1,1.0
ApplyEyeMakeup/v_ApplyEyeMakeup_g05_c02.avi,0,0,1,1.0
BlowDryHair/v_BlowDryHair_g07_c07.avi,12,12,1,0.999902844429016
HandstandPushups/v_HandStandPushups_g01_c03.avi,36,36,1,1.0
BasketballDunk/v_BasketballDunk_g06_c01.avi,8,8,1,1.0
PommelHorse/v_PommelHorse_g05_c01.avi,68,68,1,1.0
Swing/v_Swing_g02_c05.avi,88,88,1,1.0
Shotput/v_Shotput_g04_c04.avi,78,78,1,1.0
Skijet/v_Skijet_g07_c01.avi,81,81,1,1.0
TennisSwing/v_TennisSwing_g01_c03.avi,91,91,1,1.0
StillRings/v_StillRings_g03_c05.avi,85,85,1,1.0
Drumming/v_Drumming_g02_c03.avi,26,26,1,1.0
FrisbeeCatch/v_FrisbeeCatch_g06_c04.avi,30,30,1,1.0
HorseRace/v_HorseRace_g05_c01.avi,40,40,1,1.0
HandstandPushups/v_HandStandPushups_g02_c01.avi,36,36,1,0.999991774559021
SoccerJuggling/v_SoccerJuggling_g06_c05.avi,83,83,1,1.0
BandMarching/v_BandMarching_g05_c05.avi,5,5,1,1.0
TaiChi/v_TaiChi_g04_c03.avi,90,90,1,1.0
TennisSwing/v_TennisSwing_g04_c01.avi,91,91,1,0.9916539192199708
JumpingJack/v_JumpingJack_g07_c05.avi,46,46,1,1.0
Drumming/v_Drumming_g03_c01.avi,26,26,1,1.0
SoccerJuggling/v_SoccerJuggling_g06_c01.avi,83,83,1,1.0
SalsaSpin/v_SalsaSpin_g03_c03.avi,76,76,1,1.0
PlayingTabla/v_PlayingTabla_g03_c05.avi,65,65,1,1.0
HeadMassage/v_HeadMassage_g01_c05.avi,38,38,1,1.0
HeadMassage/v_HeadMassage_g03_c04.avi,38,38,1,1.0
PlayingGuitar/v_PlayingGuitar_g02_c04.avi,62,62,1,1.0
Diving/v_Diving_g04_c05.avi,25,25,1,1.0
CricketShot/v_CricketShot_g06_c05.avi,23,37,0,0.9575634002685548
LongJump/v_LongJump_g04_c02.avi,50,50,1,1.0
CricketShot/v_CricketShot_g01_c02.avi,23,22,0,1.0
Hammering/v_Hammering_g01_c03.avi,34,19,0,0.9310894012451172
SkyDiving/v_SkyDiving_g02_c01.avi,82,82,1,0.9983495473861694
PlayingCello/v_PlayingCello_g01_c03.avi,58,58,1,1.0
RopeClimbing/v_RopeClimbing_g01_c02.avi,74,74,1,1.0
ShavingBeard/v_ShavingBeard_g04_c03.avi,77,77,1,1.0
PlayingDhol/v_PlayingDhol_g07_c01.avi,60,60,1,1.0
Skijet/v_Skijet_g06_c02.avi,81,81,1,0.9999994039535522
Bowling/v_Bowling_g07_c01.avi,15,15,1,1.0
BlowingCandles/v_BlowingCandles_g04_c03.avi,13,13,1,1.0
FrisbeeCatch/v_FrisbeeCatch_g06_c05.avi,30,30,1,1.0
BasketballDunk/v_BasketballDunk_g04_c03.avi,8,8,1,1.0
WalkingWithDog/v_WalkingWithDog_g07_c01.avi,97,26,0,0.9593663215637208
Fencing/v_Fencing_g04_c01.avi,27,27,1,1.0
CricketShot/v_CricketShot_g03_c05.avi,23,22,0,0.964813768863678
BrushingTeeth/v_BrushingTeeth_g06_c03.avi,19,19,1,0.9902907013893129
Diving/v_Diving_g05_c05.avi,25,25,1,0.9999998807907104
Knitting/v_Knitting_g03_c01.avi,49,49,1,1.0
SoccerJuggling/v_SoccerJuggling_g07_c02.avi,83,83,1,1.0
JugglingBalls/v_JugglingBalls_g04_c03.avi,45,45,1,0.9993245601654052
BoxingSpeedBag/v_BoxingSpeedBag_g06_c03.avi,17,17,1,1.0
PlayingFlute/v_PlayingFlute_g07_c02.avi,61,61,1,1.0
CricketBowling/v_CricketBowling_g06_c01.avi,22,22,1,1.0
BalanceBeam/v_BalanceBeam_g05_c02.avi,4,4,1,1.0
PlayingCello/v_PlayingCello_g02_c04.avi,58,42,0,0.5772193670272827
CliffDiving/v_CliffDiving_g01_c03.avi,21,21,1,1.0
Mixing/v_Mixing_g04_c04.avi,53,53,1,0.99189692735672
Drumming/v_Drumming_g04_c03.avi,26,26,1,1.0
Rafting/v_Rafting_g03_c02.avi,72,72,1,1.0
HulaHoop/v_HulaHoop_g05_c02.avi,42,42,1,0.9999985694885254
Bowling/v_Bowling_g04_c04.avi,15,15,1,0.9999998807907104
HeadMassage/v_HeadMassage_g02_c06.avi,38,38,1,0.9963313937187196
Lunges/v_Lunges_g03_c04.avi,51,51,1,0.9999291896820068
Nunchucks/v_Nunchucks_g03_c04.avi,55,32,0,0.6247330904006958
Bowling/v_Bowling_g01_c06.avi,15,15,1,1.0
Rowing/v_Rowing_g03_c03.avi,75,75,1,1.0
Skiing/v_Skiing_g01_c01.avi,80,80,1,1.0
BalanceBeam/v_BalanceBeam_g07_c03.avi,4,4,1,0.9999990463256836
BandMarching/v_BandMarching_g03_c07.avi,5,5,1,1.0
BrushingTeeth/v_BrushingTeeth_g05_c04.avi,19,77,0,0.9937347769737244
JavelinThrow/v_JavelinThrow_g07_c04.avi,44,50,0,0.9902721047401428
Billiards/v_Billiards_g06_c05.avi,11,11,1,1.0
ShavingBeard/v_ShavingBeard_g02_c03.avi,77,77,1,1.0
PlayingDhol/v_PlayingDhol_g01_c04.avi,60,60,1,1.0
IceDancing/v_IceDancing_g05_c03.avi,43,43,1,1.0
RockClimbingIndoor/v_RockClimbingIndoor_g05_c05.avi,73,73,1,1.0
Basketball/v_Basketball_g06_c04.avi,7,7,1,0.861980140209198
HammerThrow/v_HammerThrow_g03_c07.avi,35,35,1,1.0
Nunchucks/v_Nunchucks_g03_c07.avi,55,90,0,0.999990463256836
IceDancing/v_IceDancing_g03_c01.avi,43,43,1,1.0
PlayingGuitar/v_PlayingGuitar_g04_c05.avi,62,62,1,0.9594149589538574
JumpingJack/v_JumpingJack_g04_c01.avi,46,46,1,0.9999035596847534
CuttingInKitchen/v_CuttingInKitchen_g01_c05.avi,24,24,1,1.0
ThrowDiscus/v_ThrowDiscus_g01_c04.avi,92,92,1,1.0
Billiards/v_Billiards_g07_c01.avi,11,11,1,1.0
Drumming/v_Drumming_g06_c05.avi,26,26,1,0.9999006986618042
Typing/v_Typing_g03_c04.avi,94,94,1,1.0
YoYo/v_YoYo_g06_c01.avi,100,100,1,0.9999995231628418
Diving/v_Diving_g01_c01.avi,25,25,1,1.0
FrontCrawl/v_FrontCrawl_g05_c01.avi,31,31,1,1.0
StillRings/v_StillRings_g02_c02.avi,85,85,1,0.9741598963737488
Surfing/v_Surfing_g02_c02.avi,87,87,1,1.0
Bowling/v_Bowling_g07_c05.avi,15,15,1,1.0
Knitting/v_Knitting_g04_c02.avi,49,49,1,1.0
SalsaSpin/v_SalsaSpin_g07_c06.avi,76,76,1,0.9999994039535522
PlayingTabla/v_PlayingTabla_g06_c02.avi,65,65,1,1.0
HandstandWalking/v_HandstandWalking_g03_c03.avi,37,37,1,0.7729498744010925
BenchPress/v_BenchPress_g05_c03.avi,9,9,1,1.0
GolfSwing/v_GolfSwing_g01_c05.avi,32,32,1,1.0
BabyCrawling/v_BabyCrawling_g02_c01.avi,3,3,1,1.0
PlayingGuitar/v_PlayingGuitar_g06_c01.avi,62,62,1,1.0
Hammering/v_Hammering_g02_c01.avi,34,13,0,0.5345795750617981
SoccerPenalty/v_SoccerPenalty_g05_c07.avi,84,28,0,0.8204030990600586
Fencing/v_Fencing_g01_c05.avi,27,27,1,1.0
TaiChi/v_TaiChi_g01_c02.avi,90,6,0,1.0
TaiChi/v_TaiChi_g03_c02.avi,90,90,1,1.0
Drumming/v_Drumming_g01_c02.avi,26,26,1,1.0
BenchPress/v_BenchPress_g01_c05.avi,9,9,1,1.0
ApplyEyeMakeup/v_ApplyEyeMakeup_g06_c07.avi,0,0,1,1.0
FrisbeeCatch/v_FrisbeeCatch_g04_c03.avi,30,30,1,1.0
CricketBowling/v_CricketBowling_g02_c01.avi,22,22,1,1.0
YoYo/v_YoYo_g04_c04.avi,100,100,1,0.9999998807907104
WritingOnBoard/v_WritingOnBoard_g07_c05.avi,99,99,1,1.0
TrampolineJumping/v_TrampolineJumping_g06_c01.avi,93,93,1,1.0
HorseRace/v_HorseRace_g03_c01.avi,40,40,1,1.0
StillRings/v_StillRings_g07_c01.avi,85,85,1,1.0
BalanceBeam/v_BalanceBeam_g03_c02.avi,4,4,1,1.0
Bowling/v_Bowling_g06_c03.avi,15,43,0,0.936298370361328
LongJump/v_LongJump_g01_c05.avi,50,50,1,1.0
PlayingSitar/v_PlayingSitar_g01_c03.avi,64,64,1,1.0
BrushingTeeth/v_BrushingTeeth_g07_c04.avi,19,19,1,1.0
Mixing/v_Mixing_g01_c01.avi,53,53,1,0.9999520778656006
Skiing/v_Skiing_g04_c03.avi,80,80,1,1.0
PlayingFlute/v_PlayingFlute_g01_c04.avi,61,61,1,1.0
HulaHoop/v_HulaHoop_g07_c04.avi,42,42,1,1.0
Mixing/v_Mixing_g03_c07.avi,53,53,1,1.0
PlayingSitar/v_PlayingSitar_g07_c03.avi,64,64,1,1.0
Nunchucks/v_Nunchucks_g03_c05.avi,55,32,0,0.9739325046539308
HulaHoop/v_HulaHoop_g01_c04.avi,42,42,1,1.0
PlayingCello/v_PlayingCello_g02_c02.avi,58,66,0,0.9784038066864014
ApplyEyeMakeup/v_ApplyEyeMakeup_g06_c01.avi,0,0,1,1.0
BenchPress/v_BenchPress_g04_c07.avi,9,9,1,1.0
BaseballPitch/v_BaseballPitch_g02_c04.avi,6,6,1,0.9999998807907104
CuttingInKitchen/v_CuttingInKitchen_g03_c04.avi,24,24,1,1.0
JavelinThrow/v_JavelinThrow_g05_c02.avi,44,44,1,1.0
Diving/v_Diving_g06_c03.avi,25,25,1,1.0
PlayingViolin/v_PlayingViolin_g04_c03.avi,66,66,1,0.9999991655349731
Kayaking/v_Kayaking_g03_c04.avi,48,48,1,0.9980632662773132
BlowingCandles/v_BlowingCandles_g06_c04.avi,13,13,1,1.0
PlayingCello/v_PlayingCello_g02_c05.avi,58,66,0,0.9805710911750792
BoxingPunchingBag/v_BoxingPunchingBag_g02_c06.avi,16,17,0,0.5781603455543518
CuttingInKitchen/v_CuttingInKitchen_g05_c04.avi,24,24,1,0.9979203343391418
PlayingSitar/v_PlayingSitar_g06_c03.avi,64,64,1,1.0
WalkingWithDog/v_WalkingWithDog_g05_c01.avi,97,97,1,1.0
Drumming/v_Drumming_g07_c06.avi,26,26,1,1.0
FieldHockeyPenalty/v_FieldHockeyPenalty_g02_c03.avi,28,84,0,0.4649670422077179
SalsaSpin/v_SalsaSpin_g04_c03.avi,76,76,1,1.0
Biking/v_Biking_g02_c03.avi,10,10,1,1.0
Basketball/v_Basketball_g03_c04.avi,7,7,1,1.0
TaiChi/v_TaiChi_g04_c04.avi,90,90,1,1.0
TableTennisShot/v_TableTennisShot_g04_c04.avi,89,89,1,1.0
FloorGymnastics/v_FloorGymnastics_g05_c02.avi,29,29,1,1.0
Biking/v_Biking_g05_c05.avi,10,10,1,1.0
HeadMassage/v_HeadMassage_g02_c07.avi,38,12,0,0.5103941559791565
Skijet/v_Skijet_g01_c03.avi,81,81,1,1.0
SumoWrestling/v_SumoWrestling_g02_c01.avi,86,86,1,1.0
HandstandWalking/v_HandstandWalking_g06_c02.avi,37,54,0,0.9016621112823486
JugglingBalls/v_JugglingBalls_g02_c06.avi,45,45,1,1.0
BandMarching/v_BandMarching_g02_c02.avi,5,5,1,1.0
Archery/v_Archery_g02_c06.avi,2,2,1,1.0
BenchPress/v_BenchPress_g04_c06.avi,9,9,1,1.0
Bowling/v_Bowling_g06_c05.avi,15,15,1,1.0
BenchPress/v_BenchPress_g02_c01.avi,9,9,1,1.0
LongJump/v_LongJump_g01_c07.avi,50,50,1,1.0
Typing/v_Typing_g06_c02.avi,94,94,1,1.0
ApplyLipstick/v_ApplyLipstick_g01_c02.avi,1,1,1,1.0
LongJump/v_LongJump_g03_c03.avi,50,50,1,0.99853253364563
LongJump/v_LongJump_g06_c03.avi,50,50,1,0.9999932050704956
HandstandPushups/v_HandStandPushups_g03_c01.avi,36,36,1,0.9999971389770508
FrontCrawl/v_FrontCrawl_g03_c04.avi,31,31,1,1.0
Billiards/v_Billiards_g02_c01.avi,11,11,1,1.0
Shotput/v_Shotput_g06_c01.avi,78,78,1,0.9999988079071044
PlayingTabla/v_PlayingTabla_g04_c01.avi,65,65,1,1.0
SumoWrestling/v_SumoWrestling_g01_c04.avi,86,86,1,1.0
ThrowDiscus/v_ThrowDiscus_g02_c01.avi,92,92,1,1.0
BasketballDunk/v_BasketballDunk_g03_c03.avi,8,8,1,1.0
Mixing/v_Mixing_g03_c06.avi,53,53,1,1.0
JumpingJack/v_JumpingJack_g04_c03.avi,46,46,1,0.9999995231628418
MilitaryParade/v_MilitaryParade_g02_c01.avi,52,52,1,1.0
Knitting/v_Knitting_g06_c04.avi,49,49,1,0.99998676776886
MoppingFloor/v_MoppingFloor_g07_c04.avi,54,54,1,0.999985694885254
BandMarching/v_BandMarching_g03_c05.avi,5,5,1,1.0
Bowling/v_Bowling_g03_c03.avi,15,15,1,1.0
Kayaking/v_Kayaking_g01_c03.avi,48,48,1,0.9904307723045348
PlayingDaf/v_PlayingDaf_g07_c04.avi,59,59,1,1.0
Rafting/v_Rafting_g01_c02.avi,72,72,1,1.0
SalsaSpin/v_SalsaSpin_g04_c05.avi,76,76,1,0.9999998807907104
BlowDryHair/v_BlowDryHair_g04_c04.avi,12,12,1,0.9998923540115356
PushUps/v_PushUps_g03_c02.avi,71,71,1,1.0
SalsaSpin/v_SalsaSpin_g06_c05.avi,76,76,1,1.0
Fencing/v_Fencing_g04_c04.avi,27,27,1,1.0
Biking/v_Biking_g06_c05.avi,10,10,1,1.0
Rafting/v_Rafting_g05_c04.avi,72,72,1,1.0
BenchPress/v_BenchPress_g01_c02.avi,9,9,1,1.0
RockClimbingIndoor/v_RockClimbingIndoor_g07_c04.avi,73,73,1,1.0
WalkingWithDog/v_WalkingWithDog_g02_c04.avi,97,97,1,1.0
JavelinThrow/v_JavelinThrow_g02_c02.avi,44,30,0,0.9803167581558228
Skijet/v_Skijet_g01_c01.avi,81,81,1,1.0
TennisSwing/v_TennisSwing_g07_c04.avi,91,91,1,1.0
TennisSwing/v_TennisSwing_g02_c01.avi,91,91,1,0.9995973706245422
CleanAndJerk/v_CleanAndJerk_g03_c05.avi,20,20,1,1.0
JumpRope/v_JumpRope_g04_c05.avi,47,7,0,0.9999966621398926
SoccerJuggling/v_SoccerJuggling_g05_c06.avi,83,83,1,0.9996121525764464
Diving/v_Diving_g05_c02.avi,25,25,1,1.0
CricketBowling/v_CricketBowling_g06_c05.avi,22,7,0,0.9929372668266296
PlayingTabla/v_PlayingTabla_g03_c04.avi,65,65,1,0.9999998807907104
FloorGymnastics/v_FloorGymnastics_g01_c04.avi,29,29,1,1.0
Rowing/v_Rowing_g06_c04.avi,75,75,1,1.0
Hammering/v_Hammering_g06_c01.avi,34,34,1,1.0
SoccerPenalty/v_SoccerPenalty_g02_c01.avi,84,84,1,1.0
Biking/v_Biking_g06_c01.avi,10,10,1,1.0
SkyDiving/v_SkyDiving_g05_c04.avi,82,82,1,1.0
Knitting/v_Knitting_g01_c03.avi,49,49,1,1.0
Knitting/v_Knitting_g05_c02.avi,49,49,1,1.0
BalanceBeam/v_BalanceBeam_g02_c03.avi,4,4,1,1.0
HammerThrow/v_HammerThrow_g03_c01.avi,35,35,1,1.0
PushUps/v_PushUps_g03_c04.avi,71,71,1,1.0
BabyCrawling/v_BabyCrawling_g07_c03.avi,3,3,1,1.0
PlayingSitar/v_PlayingSitar_g07_c05.avi,64,64,1,1.0
CleanAndJerk/v_CleanAndJerk_g07_c05.avi,20,20,1,1.0
Basketball/v_Basketball_g07_c01.avi,7,7,1,1.0
ApplyEyeMakeup/v_ApplyEyeMakeup_g06_c04.avi,0,0,1,1.0
BoxingSpeedBag/v_BoxingSpeedBag_g07_c05.avi,17,17,1,0.6405696272850037
SoccerJuggling/v_SoccerJuggling_g04_c03.avi,83,83,1,1.0
PlayingFlute/v_PlayingFlute_g05_c06.avi,61,61,1,1.0
CricketBowling/v_CricketBowling_g05_c04.avi,22,22,1,0.9999594688415528
PlayingDaf/v_PlayingDaf_g02_c05.avi,59,59,1,1.0
BaseballPitch/v_BaseballPitch_g06_c04.avi,6,6,1,1.0
Lunges/v_Lunges_g02_c03.avi,51,51,1,1.0
CricketBowling/v_CricketBowling_g07_c01.avi,22,22,1,1.0
CuttingInKitchen/v_CuttingInKitchen_g05_c05.avi,24,24,1,0.9973817467689514
Nunchucks/v_Nunchucks_g07_c02.avi,55,55,1,0.9984413981437684
Haircut/v_Haircut_g04_c01.avi,33,33,1,0.9999988079071044
UnevenBars/v_UnevenBars_g06_c03.avi,95,95,1,0.9999982118606568
BodyWeightSquats/v_BodyWeightSquats_g04_c04.avi,14,69,0,0.9346535205841064
SoccerPenalty/v_SoccerPenalty_g06_c01.avi,84,84,1,1.0
TaiChi/v_TaiChi_g01_c03.avi,90,6,0,0.9999997615814208
Biking/v_Biking_g03_c02.avi,10,10,1,0.999998927116394
Archery/v_Archery_g04_c04.avi,2,2,1,1.0
WritingOnBoard/v_WritingOnBoard_g07_c04.avi,99,99,1,1.0
Skijet/v_Skijet_g01_c02.avi,81,81,1,1.0
PlayingGuitar/v_PlayingGuitar_g05_c05.avi,62,62,1,1.0
PullUps/v_PullUps_g07_c01.avi,69,69,1,0.9999539852142334
Biking/v_Biking_g04_c02.avi,10,10,1,1.0
RopeClimbing/v_RopeClimbing_g05_c03.avi,74,74,1,0.9984252452850342
TennisSwing/v_TennisSwing_g07_c03.avi,91,91,1,1.0
WritingOnBoard/v_WritingOnBoard_g02_c04.avi,99,99,1,1.0
Billiards/v_Billiards_g02_c03.avi,11,11,1,1.0
PlayingFlute/v_PlayingFlute_g07_c05.avi,61,61,1,1.0
Swing/v_Swing_g04_c04.avi,88,88,1,1.0
HorseRiding/v_HorseRiding_g06_c04.avi,41,41,1,1.0
StillRings/v_StillRings_g03_c07.avi,85,85,1,1.0
BandMarching/v_BandMarching_g02_c04.avi,5,5,1,1.0
Diving/v_Diving_g01_c06.avi,25,25,1,1.0
CricketShot/v_CricketShot_g05_c02.avi,23,23,1,1.0
Surfing/v_Surfing_g05_c03.avi,87,87,1,1.0
PommelHorse/v_PommelHorse_g05_c04.avi,68,68,1,1.0
RopeClimbing/v_RopeClimbing_g07_c02.avi,74,74,1,0.9999951124191284
Bowling/v_Bowling_g05_c07.avi,15,15,1,1.0
BenchPress/v_BenchPress_g05_c01.avi,9,9,1,1.0
WalkingWithDog/v_WalkingWithDog_g02_c01.avi,97,97,1,1.0
PlayingDhol/v_PlayingDhol_g02_c04.avi,60,60,1,1.0
JugglingBalls/v_JugglingBalls_g05_c03.avi,45,45,1,1.0
PommelHorse/v_PommelHorse_g05_c03.avi,68,68,1,1.0
Billiards/v_Billiards_g05_c01.avi,11,11,1,1.0
Billiards/v_Billiards_g01_c04.avi,11,11,1,1.0
Lunges/v_Lunges_g01_c03.avi,51,51,1,1.0
HeadMassage/v_HeadMassage_g07_c02.avi,38,38,1,0.9999947547912598
StillRings/v_StillRings_g02_c04.avi,85,85,1,1.0
FrontCrawl/v_FrontCrawl_g07_c01.avi,31,31,1,0.6221853494644165
Mixing/v_Mixing_g04_c06.avi,53,53,1,0.9993497729301452
JumpRope/v_JumpRope_g01_c03.avi,47,47,1,0.9954907298088074
IceDancing/v_IceDancing_g06_c01.avi,43,43,1,1.0
BlowDryHair/v_BlowDryHair_g03_c04.avi,12,12,1,1.0
Drumming/v_Drumming_g05_c02.avi,26,26,1,1.0
Bowling/v_Bowling_g02_c03.avi,15,15,1,1.0
BenchPress/v_BenchPress_g01_c01.avi,9,9,1,1.0
PlayingViolin/v_PlayingViolin_g07_c03.avi,66,66,1,1.0
TaiChi/v_TaiChi_g05_c02.avi,90,90,1,1.0
PushUps/v_PushUps_g02_c02.avi,71,71,1,1.0
WritingOnBoard/v_WritingOnBoard_g02_c06.avi,99,99,1,1.0
BlowingCandles/v_BlowingCandles_g03_c03.avi,13,13,1,1.0
CleanAndJerk/v_CleanAndJerk_g01_c02.avi,20,20,1,0.9999525547027588
HighJump/v_HighJump_g02_c02.avi,39,39,1,0.9252264499664308
CliffDiving/v_CliffDiving_g03_c01.avi,21,21,1,1.0
JavelinThrow/v_JavelinThrow_g07_c05.avi,44,50,0,0.999873161315918
PoleVault/v_PoleVault_g03_c05.avi,67,67,1,1.0
PullUps/v_PullUps_g03_c03.avi,69,69,1,1.0
JumpingJack/v_JumpingJack_g06_c04.avi,46,46,1,1.0
PlayingTabla/v_PlayingTabla_g05_c02.avi,65,65,1,0.9999997615814208
Shotput/v_Shotput_g07_c03.avi,78,92,0,0.9999995231628418
PlayingViolin/v_PlayingViolin_g05_c04.avi,66,66,1,0.9999998807907104
YoYo/v_YoYo_g03_c04.avi,100,100,1,0.6857061386108398
PlayingViolin/v_PlayingViolin_g07_c02.avi,66,66,1,1.0
Diving/v_Diving_g07_c04.avi,25,25,1,1.0
HorseRace/v_HorseRace_g04_c02.avi,40,40,1,1.0
BenchPress/v_BenchPress_g04_c03.avi,9,9,1,0.9999901056289672
JumpingJack/v_JumpingJack_g06_c01.avi,46,46,1,1.0
JugglingBalls/v_JugglingBalls_g07_c07.avi,45,45,1,1.0
VolleyballSpiking/v_VolleyballSpiking_g04_c05.avi,96,96,1,1.0
Bowling/v_Bowling_g07_c07.avi,15,15,1,1.0
SumoWrestling/v_SumoWrestling_g07_c01.avi,86,86,1,1.0
FrontCrawl/v_FrontCrawl_g05_c04.avi,31,31,1,1.0
PlayingDaf/v_PlayingDaf_g02_c02.avi,59,59,1,1.0
WallPushups/v_WallPushups_g02_c03.avi,98,98,1,0.9999964237213136
Skiing/v_Skiing_g03_c04.avi,80,79,0,0.999929666519165
TennisSwing/v_TennisSwing_g02_c02.avi,91,91,1,0.9999806880950928
BabyCrawling/v_BabyCrawling_g01_c02.avi,3,3,1,0.9999964237213136
HighJump/v_HighJump_g02_c04.avi,39,39,1,0.9611231684684752
PommelHorse/v_PommelHorse_g01_c05.avi,68,68,1,1.0
WallPushups/v_WallPushups_g01_c02.avi,98,98,1,0.9999997615814208
ThrowDiscus/v_ThrowDiscus_g06_c04.avi,92,35,0,0.9757264256477356
UnevenBars/v_UnevenBars_g04_c02.avi,95,95,1,1.0
PlayingPiano/v_PlayingPiano_g06_c01.avi,63,63,1,1.0
FloorGymnastics/v_FloorGymnastics_g02_c02.avi,29,29,1,1.0
PlayingFlute/v_PlayingFlute_g05_c07.avi,61,61,1,1.0
StillRings/v_StillRings_g06_c04.avi,85,85,1,1.0
HulaHoop/v_HulaHoop_g02_c02.avi,42,42,1,1.0
CricketBowling/v_CricketBowling_g03_c04.avi,22,37,0,0.9004682302474976
TableTennisShot/v_TableTennisShot_g03_c03.avi,89,89,1,1.0
Typing/v_Typing_g05_c02.avi,94,94,1,0.9999570846557616
TaiChi/v_TaiChi_g02_c01.avi,90,83,0,0.9902523756027222
TaiChi/v_TaiChi_g07_c01.avi,90,90,1,0.9965397119522096
BasketballDunk/v_BasketballDunk_g02_c01.avi,8,8,1,1.0
PushUps/v_PushUps_g05_c03.avi,71,71,1,1.0
CricketShot/v_CricketShot_g03_c02.avi,23,23,1,0.97651344537735
HorseRace/v_HorseRace_g07_c03.avi,40,40,1,1.0
HandstandWalking/v_HandstandWalking_g05_c03.avi,37,37,1,0.9999991655349731
ThrowDiscus/v_ThrowDiscus_g02_c07.avi,92,92,1,0.9999998807907104
Archery/v_Archery_g06_c03.avi,2,55,0,0.5409965515136719
MoppingFloor/v_MoppingFloor_g02_c03.avi,54,54,1,0.9999990463256836
CliffDiving/v_CliffDiving_g06_c06.avi,21,21,1,1.0
PlayingSitar/v_PlayingSitar_g02_c02.avi,64,64,1,1.0
PommelHorse/v_PommelHorse_g07_c01.avi,68,68,1,0.9988480806350708
Haircut/v_Haircut_g02_c03.avi,33,12,0,0.9999773502349854
StillRings/v_StillRings_g01_c01.avi,85,85,1,1.0
PlayingSitar/v_PlayingSitar_g04_c03.avi,64,64,1,1.0
Punch/v_Punch_g06_c07.avi,70,70,1,1.0
HammerThrow/v_HammerThrow_g01_c03.avi,35,92,0,0.98476243019104
HammerThrow/v_HammerThrow_g02_c06.avi,35,35,1,1.0
WritingOnBoard/v_WritingOnBoard_g04_c03.avi,99,99,1,1.0
ApplyEyeMakeup/v_ApplyEyeMakeup_g05_c05.avi,0,0,1,1.0
MilitaryParade/v_MilitaryParade_g01_c06.avi,52,52,1,0.941956639289856
PlayingSitar/v_PlayingSitar_g02_c04.avi,64,64,1,1.0
BenchPress/v_BenchPress_g05_c02.avi,9,9,1,1.0
HorseRiding/v_HorseRiding_g02_c02.avi,41,41,1,1.0
FrontCrawl/v_FrontCrawl_g07_c04.avi,31,31,1,0.8587578535079956
VolleyballSpiking/v_VolleyballSpiking_g03_c03.avi,96,96,1,1.0
SoccerPenalty/v_SoccerPenalty_g06_c03.avi,84,84,1,1.0
Billiards/v_Billiards_g06_c04.avi,11,11,1,1.0
PlayingTabla/v_PlayingTabla_g06_c01.avi,65,65,1,1.0
HammerThrow/v_HammerThrow_g01_c05.avi,35,35,1,1.0
Shotput/v_Shotput_g02_c01.avi,78,6,0,0.9996485710144044
BasketballDunk/v_BasketballDunk_g02_c04.avi,8,8,1,1.0
PlayingFlute/v_PlayingFlute_g05_c01.avi,61,61,1,1.0
PlayingCello/v_PlayingCello_g05_c07.avi,58,58,1,1.0
FrontCrawl/v_FrontCrawl_g04_c04.avi,31,31,1,0.9833595752716064
BenchPress/v_BenchPress_g02_c03.avi,9,9,1,1.0
FieldHockeyPenalty/v_FieldHockeyPenalty_g04_c02.avi,28,28,1,0.999913454055786
HighJump/v_HighJump_g06_c04.avi,39,39,1,1.0
Billiards/v_Billiards_g04_c07.avi,11,11,1,1.0
HorseRace/v_HorseRace_g01_c02.avi,40,40,1,1.0
HorseRace/v_HorseRace_g01_c01.avi,40,40,1,1.0
Punch/v_Punch_g04_c04.avi,70,70,1,1.0
PushUps/v_PushUps_g01_c05.avi,71,71,1,1.0
FloorGymnastics/v_FloorGymnastics_g03_c01.avi,29,29,1,0.9999593496322632
Billiards/v_Billiards_g02_c02.avi,11,11,1,1.0
Skijet/v_Skijet_g02_c03.avi,81,81,1,1.0
Typing/v_Typing_g07_c06.avi,94,94,1,0.9999984502792358
BodyWeightSquats/v_BodyWeightSquats_g02_c01.avi,14,16,0,0.8392931818962097
Surfing/v_Surfing_g01_c04.avi,87,87,1,1.0
Nunchucks/v_Nunchucks_g05_c03.avi,55,55,1,0.9999685287475586
RopeClimbing/v_RopeClimbing_g05_c07.avi,74,74,1,1.0
Diving/v_Diving_g04_c03.avi,25,25,1,1.0
BlowingCandles/v_BlowingCandles_g06_c02.avi,13,13,1,1.0
Nunchucks/v_Nunchucks_g04_c06.avi,55,55,1,1.0
BoxingPunchingBag/v_BoxingPunchingBag_g05_c01.avi,16,16,1,1.0
UnevenBars/v_UnevenBars_g05_c01.avi,95,56,0,0.9568853378295898
FrontCrawl/v_FrontCrawl_g01_c01.avi,31,18,0,0.9811062812805176
MilitaryParade/v_MilitaryParade_g01_c03.avi,52,52,1,1.0
Mixing/v_Mixing_g01_c03.avi,53,53,1,1.0
Typing/v_Typing_g06_c05.avi,94,94,1,1.0
Rafting/v_Rafting_g03_c03.avi,72,72,1,1.0
PoleVault/v_PoleVault_g05_c02.avi,67,67,1,1.0
PlayingGuitar/v_PlayingGuitar_g06_c03.avi,62,62,1,1.0
PlayingCello/v_PlayingCello_g05_c02.avi,58,58,1,1.0
BrushingTeeth/v_BrushingTeeth_g02_c02.avi,19,77,0,0.9999496936798096
SumoWrestling/v_SumoWrestling_g06_c02.avi,86,86,1,1.0
TennisSwing/v_TennisSwing_g01_c04.avi,91,91,1,1.0
HammerThrow/v_HammerThrow_g02_c02.avi,35,35,1,1.0
PizzaTossing/v_PizzaTossing_g04_c07.avi,57,57,1,0.981084942817688
Rowing/v_Rowing_g07_c04.avi,75,75,1,0.9999986886978148
BoxingPunchingBag/v_BoxingPunchingBag_g05_c02.avi,16,16,1,1.0
SoccerPenalty/v_SoccerPenalty_g04_c05.avi,84,84,1,1.0
BlowingCandles/v_BlowingCandles_g07_c01.avi,13,13,1,1.0
MoppingFloor/v_MoppingFloor_g02_c05.avi,54,54,1,0.9999914169311525
SalsaSpin/v_SalsaSpin_g01_c07.avi,76,76,1,1.0
BoxingPunchingBag/v_BoxingPunchingBag_g03_c02.avi,16,16,1,1.0
FrisbeeCatch/v_FrisbeeCatch_g01_c04.avi,30,30,1,0.9999991655349731
BrushingTeeth/v_BrushingTeeth_g07_c06.avi,19,19,1,0.9999980926513672
Mixing/v_Mixing_g03_c04.avi,53,53,1,1.0
PlayingDhol/v_PlayingDhol_g04_c04.avi,60,60,1,1.0
PlayingFlute/v_PlayingFlute_g03_c03.avi,61,61,1,1.0
StillRings/v_StillRings_g02_c01.avi,85,85,1,1.0
Diving/v_Diving_g02_c02.avi,25,25,1,1.0
Punch/v_Punch_g06_c05.avi,70,70,1,1.0
Lunges/v_Lunges_g06_c06.avi,51,54,0,0.7343876957893372
JumpRope/v_JumpRope_g07_c01.avi,47,42,0,0.9702182412147522
Knitting/v_Knitting_g01_c01.avi,49,49,1,1.0
PoleVault/v_PoleVault_g02_c04.avi,67,67,1,1.0
LongJump/v_LongJump_g03_c05.avi,50,50,1,0.9999752044677734
PlayingDaf/v_PlayingDaf_g05_c01.avi,59,59,1,1.0
ApplyLipstick/v_ApplyLipstick_g07_c03.avi,1,1,1,1.0
PlayingPiano/v_PlayingPiano_g06_c04.avi,63,63,1,1.0
TennisSwing/v_TennisSwing_g03_c07.avi,91,91,1,1.0
HammerThrow/v_HammerThrow_g03_c05.avi,35,35,1,1.0
WritingOnBoard/v_WritingOnBoard_g04_c02.avi,99,99,1,1.0
WallPushups/v_WallPushups_g03_c05.avi,98,98,1,0.9993273019790648
Haircut/v_Haircut_g03_c05.avi,33,33,1,0.9993109703063964
CliffDiving/v_CliffDiving_g02_c02.avi,21,21,1,1.0
PlayingViolin/v_PlayingViolin_g03_c02.avi,66,66,1,1.0
Rowing/v_Rowing_g03_c05.avi,75,75,1,1.0
PlayingFlute/v_PlayingFlute_g06_c06.avi,61,61,1,1.0
CricketShot/v_CricketShot_g05_c04.avi,23,23,1,1.0
Mixing/v_Mixing_g03_c02.avi,53,53,1,1.0
TableTennisShot/v_TableTennisShot_g01_c03.avi,89,89,1,1.0
ShavingBeard/v_ShavingBeard_g03_c04.avi,77,77,1,1.0
PommelHorse/v_PommelHorse_g07_c05.avi,68,4,0,0.9920616149902344
SoccerPenalty/v_SoccerPenalty_g06_c06.avi,84,84,1,1.0
CleanAndJerk/v_CleanAndJerk_g01_c04.avi,20,20,1,0.9933464527130128
Knitting/v_Knitting_g02_c05.avi,49,49,1,1.0
Basketball/v_Basketball_g06_c02.avi,7,7,1,0.943918228149414
Fencing/v_Fencing_g05_c03.avi,27,27,1,1.0
Bowling/v_Bowling_g04_c01.avi,15,15,1,0.9999998807907104
Haircut/v_Haircut_g02_c04.avi,33,12,0,0.991689145565033
BasketballDunk/v_BasketballDunk_g05_c01.avi,8,8,1,1.0
HorseRiding/v_HorseRiding_g05_c05.avi,41,41,1,1.0
FieldHockeyPenalty/v_FieldHockeyPenalty_g06_c01.avi,28,28,1,0.9999990463256836
Typing/v_Typing_g04_c04.avi,94,33,0,0.9250187277793884
ShavingBeard/v_ShavingBeard_g04_c04.avi,77,77,1,0.9999912977218628
Swing/v_Swing_g02_c01.avi,88,88,1,0.999997854232788
PoleVault/v_PoleVault_g02_c02.avi,67,67,1,1.0
Mixing/v_Mixing_g07_c03.avi,53,53,1,0.9999998807907104
PlayingFlute/v_PlayingFlute_g02_c02.avi,61,61,1,1.0
JumpingJack/v_JumpingJack_g06_c07.avi,46,46,1,1.0
HammerThrow/v_HammerThrow_g04_c03.avi,35,35,1,1.0
PlayingCello/v_PlayingCello_g04_c06.avi,58,58,1,0.9999244213104248
Punch/v_Punch_g05_c07.avi,70,70,1,1.0
PoleVault/v_PoleVault_g07_c01.avi,67,67,1,1.0
BasketballDunk/v_BasketballDunk_g07_c04.avi,8,8,1,1.0
Rowing/v_Rowing_g04_c02.avi,75,75,1,0.9999977350234984
StillRings/v_StillRings_g04_c03.avi,85,85,1,0.9999998807907104
Lunges/v_Lunges_g07_c01.avi,51,51,1,0.9999979734420776
FloorGymnastics/v_FloorGymnastics_g01_c02.avi,29,29,1,1.0
FloorGymnastics/v_FloorGymnastics_g03_c04.avi,29,29,1,0.9999945163726808
Fencing/v_Fencing_g01_c06.avi,27,27,1,1.0
Lunges/v_Lunges_g05_c04.avi,51,51,1,0.8657901883125305
BasketballDunk/v_BasketballDunk_g01_c04.avi,8,8,1,1.0
FrisbeeCatch/v_FrisbeeCatch_g01_c02.avi,30,30,1,1.0
SkyDiving/v_SkyDiving_g07_c01.avi,82,82,1,1.0
PlayingGuitar/v_PlayingGuitar_g04_c01.avi,62,62,1,1.0
FloorGymnastics/v_FloorGymnastics_g07_c05.avi,29,29,1,0.9877943992614746
BasketballDunk/v_BasketballDunk_g01_c02.avi,8,8,1,1.0
HighJump/v_HighJump_g04_c06.avi,39,39,1,0.9762386679649352
PlayingViolin/v_PlayingViolin_g02_c04.avi,66,66,1,0.999847412109375
YoYo/v_YoYo_g01_c05.avi,100,100,1,1.0
JumpingJack/v_JumpingJack_g06_c06.avi,46,46,1,1.0
Mixing/v_Mixing_g04_c03.avi,53,53,1,0.9999997615814208
PushUps/v_PushUps_g01_c01.avi,71,71,1,1.0
BaseballPitch/v_BaseballPitch_g01_c03.avi,6,2,0,0.7847767472267151
TennisSwing/v_TennisSwing_g07_c02.avi,91,91,1,1.0
StillRings/v_StillRings_g02_c03.avi,85,85,1,1.0
JumpRope/v_JumpRope_g01_c04.avi,47,47,1,0.9999312162399292
JugglingBalls/v_JugglingBalls_g06_c05.avi,45,45,1,0.9999855756759644
Fencing/v_Fencing_g07_c02.avi,27,27,1,1.0
MoppingFloor/v_MoppingFloor_g02_c02.avi,54,54,1,1.0
Knitting/v_Knitting_g05_c01.avi,49,49,1,1.0
Punch/v_Punch_g01_c01.avi,70,70,1,1.0
WallPushups/v_WallPushups_g01_c03.avi,98,98,1,0.9999996423721312
CuttingInKitchen/v_CuttingInKitchen_g04_c01.avi,24,24,1,1.0
SoccerPenalty/v_SoccerPenalty_g06_c04.avi,84,84,1,1.0
SkateBoarding/v_SkateBoarding_g06_c02.avi,79,79,1,1.0
Nunchucks/v_Nunchucks_g04_c01.avi,55,55,1,1.0
PoleVault/v_PoleVault_g04_c05.avi,67,67,1,0.9999984502792358
HorseRiding/v_HorseRiding_g01_c05.avi,41,41,1,1.0
Rafting/v_Rafting_g04_c04.avi,72,72,1,1.0
HorseRiding/v_HorseRiding_g02_c04.avi,41,41,1,1.0
SalsaSpin/v_SalsaSpin_g01_c05.avi,76,76,1,0.9995359182357788
FrontCrawl/v_FrontCrawl_g03_c06.avi,31,31,1,1.0
GolfSwing/v_GolfSwing_g02_c01.avi,32,32,1,0.997186243534088
HorseRiding/v_HorseRiding_g04_c03.avi,41,41,1,0.999996542930603
JumpRope/v_JumpRope_g05_c05.avi,47,47,1,1.0
BodyWeightSquats/v_BodyWeightSquats_g03_c04.avi,14,46,0,0.997692346572876
HandstandWalking/v_HandstandWalking_g04_c03.avi,37,37,1,1.0
BabyCrawling/v_BabyCrawling_g06_c05.avi,3,3,1,1.0
BodyWeightSquats/v_BodyWeightSquats_g07_c04.avi,14,14,1,0.997873067855835
HorseRiding/v_HorseRiding_g04_c01.avi,41,41,1,1.0
HorseRace/v_HorseRace_g07_c01.avi,40,40,1,1.0
ParallelBars/v_ParallelBars_g04_c04.avi,56,56,1,1.0
PizzaTossing/v_PizzaTossing_g02_c02.avi,57,46,0,0.996697187423706
JavelinThrow/v_JavelinThrow_g04_c03.avi,44,44,1,1.0
ApplyLipstick/v_ApplyLipstick_g04_c02.avi,1,1,1,1.0
HammerThrow/v_HammerThrow_g07_c01.avi,35,35,1,1.0
GolfSwing/v_GolfSwing_g05_c06.avi,32,32,1,1.0
CricketBowling/v_CricketBowling_g02_c04.avi,22,22,1,1.0
CliffDiving/v_CliffDiving_g07_c06.avi,21,21,1,1.0
BlowDryHair/v_BlowDryHair_g07_c04.avi,12,12,1,0.9999995231628418
SoccerPenalty/v_SoccerPenalty_g07_c04.avi,84,84,1,1.0
SkyDiving/v_SkyDiving_g03_c05.avi,82,82,1,1.0
BreastStroke/v_BreastStroke_g02_c04.avi,18,18,1,1.0
HandstandWalking/v_HandstandWalking_g05_c06.avi,37,37,1,0.9994944334030152
PlayingFlute/v_PlayingFlute_g03_c01.avi,61,61,1,1.0
RockClimbingIndoor/v_RockClimbingIndoor_g02_c04.avi,73,73,1,0.9999316930770874
UnevenBars/v_UnevenBars_g04_c01.avi,95,95,1,1.0
PizzaTossing/v_PizzaTossing_g04_c05.avi,57,55,0,0.6425264477729797
MilitaryParade/v_MilitaryParade_g07_c05.avi,52,52,1,1.0
BasketballDunk/v_BasketballDunk_g02_c03.avi,8,8,1,1.0
JumpRope/v_JumpRope_g05_c01.avi,47,47,1,1.0
Knitting/v_Knitting_g02_c02.avi,49,49,1,1.0
BasketballDunk/v_BasketballDunk_g04_c02.avi,8,8,1,1.0
BlowingCandles/v_BlowingCandles_g05_c02.avi,13,13,1,1.0
UnevenBars/v_UnevenBars_g02_c01.avi,95,95,1,1.0
JumpingJack/v_JumpingJack_g07_c04.avi,46,46,1,1.0
BabyCrawling/v_BabyCrawling_g05_c05.avi,3,3,1,1.0
PlayingCello/v_PlayingCello_g04_c03.avi,58,58,1,1.0
Bowling/v_Bowling_g01_c05.avi,15,15,1,1.0
PoleVault/v_PoleVault_g03_c02.avi,67,67,1,1.0
VolleyballSpiking/v_VolleyballSpiking_g05_c01.avi,96,96,1,0.9999988079071044
Drumming/v_Drumming_g06_c03.avi,26,26,1,0.999847650527954
PlayingFlute/v_PlayingFlute_g03_c07.avi,61,61,1,1.0
PlayingCello/v_PlayingCello_g03_c03.avi,58,58,1,0.9999949932098388
IceDancing/v_IceDancing_g06_c03.avi,43,43,1,1.0
PlayingDhol/v_PlayingDhol_g02_c06.avi,60,60,1,1.0
SumoWrestling/v_SumoWrestling_g03_c02.avi,86,86,1,1.0
CricketBowling/v_CricketBowling_g03_c01.avi,22,28,0,0.5441864132881165
CuttingInKitchen/v_CuttingInKitchen_g06_c05.avi,24,24,1,1.0
CliffDiving/v_CliffDiving_g06_c07.avi,21,21,1,1.0
BenchPress/v_BenchPress_g03_c03.avi,9,9,1,1.0
Haircut/v_Haircut_g01_c01.avi,33,33,1,0.987005352973938
ShavingBeard/v_ShavingBeard_g01_c02.avi,77,77,1,0.9999988079071044
BlowDryHair/v_BlowDryHair_g04_c03.avi,12,12,1,0.9912511706352234
Billiards/v_Billiards_g05_c03.avi,11,11,1,1.0
Lunges/v_Lunges_g02_c01.avi,51,51,1,1.0
TrampolineJumping/v_TrampolineJumping_g03_c03.avi,93,93,1,1.0
ThrowDiscus/v_ThrowDiscus_g03_c01.avi,92,92,1,0.8670318126678467
WallPushups/v_WallPushups_g07_c01.avi,98,47,0,0.7086926102638245
Drumming/v_Drumming_g03_c05.avi,26,26,1,0.9999991655349731
BasketballDunk/v_BasketballDunk_g06_c03.avi,8,8,1,1.0
PlayingPiano/v_PlayingPiano_g03_c01.avi,63,63,1,1.0
BodyWeightSquats/v_BodyWeightSquats_g01_c02.avi,14,14,1,0.999997615814209
PullUps/v_PullUps_g04_c03.avi,69,67,0,0.7714563608169556
SoccerPenalty/v_SoccerPenalty_g01_c03.avi,84,84,1,1.0
FrisbeeCatch/v_FrisbeeCatch_g01_c01.avi,30,30,1,1.0
HandstandWalking/v_HandstandWalking_g07_c03.avi,37,37,1,0.9971041083335876
SumoWrestling/v_SumoWrestling_g02_c02.avi,86,86,1,1.0
PlayingFlute/v_PlayingFlute_g07_c07.avi,61,61,1,1.0
HandstandPushups/v_HandStandPushups_g06_c01.avi,36,36,1,1.0
Typing/v_Typing_g01_c06.avi,94,94,1,1.0
SkyDiving/v_SkyDiving_g07_c04.avi,82,82,1,1.0
Typing/v_Typing_g02_c03.avi,94,94,1,1.0
HorseRiding/v_HorseRiding_g01_c02.avi,41,41,1,1.0
FieldHockeyPenalty/v_FieldHockeyPenalty_g06_c04.avi,28,28,1,0.9999768733978271
SoccerJuggling/v_SoccerJuggling_g04_c01.avi,83,6,0,0.9983391761779784
ThrowDiscus/v_ThrowDiscus_g02_c02.avi,92,92,1,1.0
BaseballPitch/v_BaseballPitch_g07_c02.avi,6,6,1,1.0
PommelHorse/v_PommelHorse_g03_c03.avi,68,68,1,1.0
Haircut/v_Haircut_g05_c03.avi,33,33,1,0.9996670484542848
BoxingPunchingBag/v_BoxingPunchingBag_g06_c01.avi,16,16,1,0.9995761513710022
HeadMassage/v_HeadMassage_g05_c04.avi,38,38,1,1.0
StillRings/v_StillRings_g04_c02.avi,85,85,1,0.9999994039535522
Skijet/v_Skijet_g06_c04.avi,81,81,1,1.0
Hammering/v_Hammering_g01_c01.avi,34,19,0,0.9994220733642578
BenchPress/v_BenchPress_g07_c05.avi,9,9,1,1.0
BabyCrawling/v_BabyCrawling_g03_c01.avi,3,3,1,1.0
BrushingTeeth/v_BrushingTeeth_g06_c02.avi,19,19,1,0.88960862159729
Drumming/v_Drumming_g02_c07.avi,26,26,1,1.0
JavelinThrow/v_JavelinThrow_g02_c03.avi,44,44,1,1.0
BoxingSpeedBag/v_BoxingSpeedBag_g03_c02.avi,17,17,1,1.0
YoYo/v_YoYo_g07_c01.avi,100,45,0,0.992584764957428
Archery/v_Archery_g06_c04.avi,2,2,1,0.7975578308105469
YoYo/v_YoYo_g03_c06.avi,100,100,1,0.9999866485595704
SkyDiving/v_SkyDiving_g01_c02.avi,82,82,1,1.0
HulaHoop/v_HulaHoop_g01_c06.avi,42,42,1,1.0
ThrowDiscus/v_ThrowDiscus_g07_c02.avi,92,92,1,0.9999985694885254
PizzaTossing/v_PizzaTossing_g03_c04.avi,57,55,0,0.9802889227867126
GolfSwing/v_GolfSwing_g01_c04.avi,32,32,1,1.0
BlowDryHair/v_BlowDryHair_g05_c03.avi,12,12,1,1.0
PommelHorse/v_PommelHorse_g01_c04.avi,68,68,1,1.0
PullUps/v_PullUps_g05_c01.avi,69,46,0,0.9993298053741456
JumpingJack/v_JumpingJack_g07_c02.avi,46,46,1,1.0
SoccerJuggling/v_SoccerJuggling_g03_c02.avi,83,83,1,0.8960407376289368
SoccerJuggling/v_SoccerJuggling_g02_c03.avi,83,83,1,1.0
PlayingDaf/v_PlayingDaf_g06_c04.avi,59,59,1,1.0
BandMarching/v_BandMarching_g07_c06.avi,5,5,1,1.0
BoxingSpeedBag/v_BoxingSpeedBag_g04_c05.avi,17,17,1,0.9999639987945556
JavelinThrow/v_JavelinThrow_g06_c03.avi,44,44,1,1.0
GolfSwing/v_GolfSwing_g05_c02.avi,32,32,1,0.9999997615814208
PlayingTabla/v_PlayingTabla_g03_c01.avi,65,65,1,0.9999994039535522
WalkingWithDog/v_WalkingWithDog_g03_c01.avi,97,97,1,0.7800596952438354
Drumming/v_Drumming_g02_c06.avi,26,26,1,1.0
SkateBoarding/v_SkateBoarding_g04_c02.avi,79,79,1,1.0
HandstandPushups/v_HandStandPushups_g06_c03.avi,36,36,1,1.0
BoxingPunchingBag/v_BoxingPunchingBag_g02_c03.avi,16,16,1,0.9919191598892212
HulaHoop/v_HulaHoop_g07_c03.avi,42,42,1,1.0
Lunges/v_Lunges_g04_c02.avi,51,51,1,0.9999762773513794
PlayingCello/v_PlayingCello_g06_c04.avi,58,58,1,1.0
HorseRiding/v_HorseRiding_g07_c07.avi,41,41,1,1.0
BandMarching/v_BandMarching_g05_c01.avi,5,5,1,1.0
Biking/v_Biking_g06_c02.avi,10,10,1,1.0
Rafting/v_Rafting_g03_c01.avi,72,72,1,0.9976825714111328
IceDancing/v_IceDancing_g02_c06.avi,43,43,1,1.0
BasketballDunk/v_BasketballDunk_g05_c02.avi,8,8,1,1.0
Lunges/v_Lunges_g04_c03.avi,51,51,1,0.6791604161262512
Skijet/v_Skijet_g04_c04.avi,81,81,1,0.9999992847442628
HandstandWalking/v_HandstandWalking_g05_c05.avi,37,37,1,0.999980092048645
ApplyEyeMakeup/v_ApplyEyeMakeup_g04_c07.avi,0,0,1,1.0
PlayingDaf/v_PlayingDaf_g07_c05.avi,59,59,1,1.0
Skiing/v_Skiing_g01_c05.avi,80,80,1,0.9596885442733764
GolfSwing/v_GolfSwing_g05_c03.avi,32,32,1,1.0
FrisbeeCatch/v_FrisbeeCatch_g07_c02.avi,30,30,1,0.9999959468841552
PlayingDhol/v_PlayingDhol_g04_c01.avi,60,60,1,1.0
BoxingSpeedBag/v_BoxingSpeedBag_g05_c05.avi,17,17,1,1.0
TennisSwing/v_TennisSwing_g01_c07.avi,91,91,1,1.0
Typing/v_Typing_g03_c07.avi,94,94,1,1.0
FloorGymnastics/v_FloorGymnastics_g07_c01.avi,29,29,1,0.9999825954437256
BoxingPunchingBag/v_BoxingPunchingBag_g07_c03.avi,16,16,1,1.0
SkateBoarding/v_SkateBoarding_g02_c02.avi,79,44,0,0.7051430940628052
Knitting/v_Knitting_g05_c05.avi,49,49,1,1.0
HighJump/v_HighJump_g04_c04.avi,39,44,0,0.7452901601791382
RopeClimbing/v_RopeClimbing_g02_c06.avi,74,74,1,1.0
PizzaTossing/v_PizzaTossing_g02_c05.avi,57,57,1,0.9688109159469604
PlayingDhol/v_PlayingDhol_g02_c05.avi,60,60,1,1.0
PlayingCello/v_PlayingCello_g02_c03.avi,58,13,0,0.6162160634994507
JumpingJack/v_JumpingJack_g01_c01.avi,46,46,1,1.0
ThrowDiscus/v_ThrowDiscus_g02_c05.avi,92,92,1,1.0
HulaHoop/v_HulaHoop_g04_c05.avi,42,42,1,1.0
Shotput/v_Shotput_g07_c06.avi,78,78,1,0.9825452566146852
SkyDiving/v_SkyDiving_g03_c01.avi,82,82,1,1.0
Diving/v_Diving_g06_c02.avi,25,25,1,1.0
BasketballDunk/v_BasketballDunk_g01_c01.avi,8,8,1,1.0
LongJump/v_LongJump_g02_c01.avi,50,50,1,0.9996682405471802
Shotput/v_Shotput_g02_c02.avi,78,6,0,0.9755836725234984
PlayingSitar/v_PlayingSitar_g06_c04.avi,64,64,1,1.0
Basketball/v_Basketball_g07_c04.avi,7,7,1,1.0
PlayingGuitar/v_PlayingGuitar_g06_c07.avi,62,62,1,1.0
Shotput/v_Shotput_g01_c07.avi,78,78,1,1.0
HandstandPushups/v_HandStandPushups_g02_c03.avi,36,36,1,0.7633715867996216
JumpRope/v_JumpRope_g06_c04.avi,47,54,0,0.6918832659721375
BodyWeightSquats/v_BodyWeightSquats_g03_c02.avi,14,46,0,0.8091945052146912
YoYo/v_YoYo_g02_c03.avi,100,45,0,0.9868055582046508
Mixing/v_Mixing_g01_c05.avi,53,53,1,1.0
HighJump/v_HighJump_g03_c03.avi,39,67,0,0.9913923740386964
WalkingWithDog/v_WalkingWithDog_g03_c04.avi,97,97,1,0.9999921321868896
BalanceBeam/v_BalanceBeam_g04_c01.avi,4,4,1,1.0
Biking/v_Biking_g02_c07.avi,10,10,1,1.0
PlayingCello/v_PlayingCello_g06_c05.avi,58,58,1,1.0
Basketball/v_Basketball_g03_c05.avi,7,7,1,1.0
BreastStroke/v_BreastStroke_g02_c02.avi,18,18,1,1.0
Typing/v_Typing_g03_c01.avi,94,94,1,1.0
Diving/v_Diving_g03_c06.avi,25,25,1,1.0
HandstandPushups/v_HandStandPushups_g01_c01.avi,36,36,1,1.0
BenchPress/v_BenchPress_g07_c02.avi,9,9,1,1.0
HulaHoop/v_HulaHoop_g02_c04.avi,42,42,1,1.0
BaseballPitch/v_BaseballPitch_g05_c06.avi,6,6,1,1.0
JumpRope/v_JumpRope_g04_c03.avi,47,7,0,0.999599039554596
Bowling/v_Bowling_g07_c06.avi,15,15,1,1.0
BenchPress/v_BenchPress_g03_c04.avi,9,9,1,1.0
ApplyEyeMakeup/v_ApplyEyeMakeup_g01_c02.avi,0,0,1,1.0
Swing/v_Swing_g04_c05.avi,88,67,0,0.5218462347984314
BoxingPunchingBag/v_BoxingPunchingBag_g03_c01.avi,16,16,1,1.0
TableTennisShot/v_TableTennisShot_g01_c02.avi,89,89,1,1.0
Typing/v_Typing_g05_c06.avi,94,94,1,0.9999144077301024
BandMarching/v_BandMarching_g07_c05.avi,5,5,1,1.0
RopeClimbing/v_RopeClimbing_g02_c01.avi,74,74,1,1.0
SoccerJuggling/v_SoccerJuggling_g05_c04.avi,83,83,1,0.9999810457229614
Biking/v_Biking_g07_c01.avi,10,10,1,1.0
MilitaryParade/v_MilitaryParade_g07_c01.avi,52,52,1,1.0
BlowingCandles/v_BlowingCandles_g03_c02.avi,13,13,1,1.0
Rafting/v_Rafting_g03_c04.avi,72,72,1,0.9999998807907104
Billiards/v_Billiards_g01_c01.avi,11,11,1,1.0
PlayingCello/v_PlayingCello_g03_c01.avi,58,58,1,0.9998226761817932
Hammering/v_Hammering_g06_c05.avi,34,34,1,1.0
BalanceBeam/v_BalanceBeam_g06_c06.avi,4,4,1,1.0
ApplyEyeMakeup/v_ApplyEyeMakeup_g04_c01.avi,0,0,1,1.0
BandMarching/v_BandMarching_g07_c02.avi,5,5,1,1.0
BasketballDunk/v_BasketballDunk_g07_c06.avi,8,8,1,1.0
BlowDryHair/v_BlowDryHair_g02_c05.avi,12,12,1,1.0
Rafting/v_Rafting_g01_c03.avi,72,72,1,1.0
ParallelBars/v_ParallelBars_g07_c05.avi,56,56,1,1.0
PlayingViolin/v_PlayingViolin_g02_c03.avi,66,66,1,1.0
BaseballPitch/v_BaseballPitch_g01_c05.avi,6,2,0,0.9998067021369934
LongJump/v_LongJump_g04_c04.avi,50,50,1,1.0
FieldHockeyPenalty/v_FieldHockeyPenalty_g01_c01.avi,28,28,1,1.0
BalanceBeam/v_BalanceBeam_g06_c01.avi,4,4,1,0.9982742071151732
RockClimbingIndoor/v_RockClimbingIndoor_g03_c01.avi,73,73,1,1.0
JumpingJack/v_JumpingJack_g03_c02.avi,46,46,1,1.0
Typing/v_Typing_g01_c04.avi,94,94,1,1.0
ShavingBeard/v_ShavingBeard_g04_c02.avi,77,77,1,1.0
ApplyLipstick/v_ApplyLipstick_g01_c03.avi,1,1,1,1.0
Biking/v_Biking_g05_c03.avi,10,10,1,1.0
SalsaSpin/v_SalsaSpin_g02_c05.avi,76,76,1,0.8999539017677307
PlayingViolin/v_PlayingViolin_g02_c02.avi,66,66,1,1.0
PlayingPiano/v_PlayingPiano_g02_c03.avi,63,63,1,0.9941399097442628
BoxingPunchingBag/v_BoxingPunchingBag_g03_c05.avi,16,16,1,1.0
TrampolineJumping/v_TrampolineJumping_g01_c01.avi,93,93,1,1.0
HorseRace/v_HorseRace_g03_c02.avi,40,40,1,1.0
TableTennisShot/v_TableTennisShot_g01_c05.avi,89,89,1,1.0
HammerThrow/v_HammerThrow_g07_c04.avi,35,35,1,0.9999922513961792
Knitting/v_Knitting_g07_c01.avi,49,49,1,1.0
SalsaSpin/v_SalsaSpin_g05_c05.avi,76,76,1,0.9999977350234984
Typing/v_Typing_g04_c03.avi,94,33,0,0.966551661491394
HammerThrow/v_HammerThrow_g06_c04.avi,35,35,1,1.0
Drumming/v_Drumming_g01_c04.avi,26,26,1,1.0
HammerThrow/v_HammerThrow_g05_c02.avi,35,35,1,0.6187849044799805
BoxingPunchingBag/v_BoxingPunchingBag_g04_c04.avi,16,16,1,1.0
BalanceBeam/v_BalanceBeam_g02_c02.avi,4,4,1,1.0
SkateBoarding/v_SkateBoarding_g01_c02.avi,79,37,0,0.9385792016983032
Archery/v_Archery_g02_c05.avi,2,2,1,1.0
BrushingTeeth/v_BrushingTeeth_g03_c03.avi,19,19,1,0.9999966621398926
SumoWrestling/v_SumoWrestling_g05_c03.avi,86,86,1,1.0
BenchPress/v_BenchPress_g02_c02.avi,9,9,1,1.0
Bowling/v_Bowling_g03_c06.avi,15,15,1,1.0
BodyWeightSquats/v_BodyWeightSquats_g07_c01.avi,14,14,1,0.997775137424469
FrontCrawl/v_FrontCrawl_g06_c03.avi,31,31,1,1.0
PizzaTossing/v_PizzaTossing_g04_c01.avi,57,55,0,0.698859691619873
ParallelBars/v_ParallelBars_g04_c07.avi,56,56,1,1.0
Billiards/v_Billiards_g05_c04.avi,11,11,1,1.0
CliffDiving/v_CliffDiving_g05_c03.avi,21,21,1,1.0
MoppingFloor/v_MoppingFloor_g02_c06.avi,54,54,1,0.7195318937301636
SkyDiving/v_SkyDiving_g05_c02.avi,82,82,1,1.0
SoccerJuggling/v_SoccerJuggling_g05_c03.avi,83,83,1,1.0
FrontCrawl/v_FrontCrawl_g01_c03.avi,31,18,0,0.8877663612365723
HammerThrow/v_HammerThrow_g03_c03.avi,35,92,0,0.943224549293518
Surfing/v_Surfing_g07_c04.avi,87,87,1,0.9999887943267822
PushUps/v_PushUps_g05_c04.avi,71,71,1,1.0
HighJump/v_HighJump_g01_c04.avi,39,67,0,0.9619690775871276
BasketballDunk/v_BasketballDunk_g04_c01.avi,8,8,1,1.0
SkyDiving/v_SkyDiving_g04_c04.avi,82,82,1,1.0
GolfSwing/v_GolfSwing_g06_c04.avi,32,32,1,1.0
HorseRace/v_HorseRace_g04_c03.avi,40,40,1,1.0
Kayaking/v_Kayaking_g06_c03.avi,48,48,1,0.9999997615814208
PlayingTabla/v_PlayingTabla_g05_c03.avi,65,65,1,1.0
BandMarching/v_BandMarching_g04_c03.avi,5,5,1,1.0
PullUps/v_PullUps_g07_c03.avi,69,69,1,0.9999995231628418
Fencing/v_Fencing_g02_c04.avi,27,27,1,0.9999991655349731
PizzaTossing/v_PizzaTossing_g07_c03.avi,57,57,1,0.9837539792060852
PlayingDhol/v_PlayingDhol_g01_c02.avi,60,60,1,1.0
ApplyLipstick/v_ApplyLipstick_g02_c02.avi,1,1,1,1.0
PoleVault/v_PoleVault_g07_c03.avi,67,67,1,0.9999990463256836
SkateBoarding/v_SkateBoarding_g06_c03.avi,79,79,1,1.0
BandMarching/v_BandMarching_g02_c01.avi,5,5,1,1.0
PlayingDaf/v_PlayingDaf_g03_c03.avi,59,59,1,1.0
HighJump/v_HighJump_g06_c02.avi,39,39,1,0.9999938011169434
PlayingDhol/v_PlayingDhol_g02_c02.avi,60,60,1,1.0
CricketBowling/v_CricketBowling_g02_c06.avi,22,22,1,1.0
TableTennisShot/v_TableTennisShot_g06_c01.avi,89,89,1,1.0
HandstandWalking/v_HandstandWalking_g01_c03.avi,37,37,1,0.9999996423721312
BlowingCandles/v_BlowingCandles_g04_c04.avi,13,13,1,1.0
TaiChi/v_TaiChi_g05_c04.avi,90,90,1,1.0
PlayingDhol/v_PlayingDhol_g06_c02.avi,60,60,1,1.0
SalsaSpin/v_SalsaSpin_g07_c02.avi,76,76,1,0.9999998807907104
VolleyballSpiking/v_VolleyballSpiking_g05_c05.avi,96,96,1,1.0
Swing/v_Swing_g06_c07.avi,88,88,1,1.0
Knitting/v_Knitting_g02_c03.avi,49,49,1,1.0
ApplyEyeMakeup/v_ApplyEyeMakeup_g04_c02.avi,0,0,1,1.0
TaiChi/v_TaiChi_g06_c02.avi,90,90,1,0.9835227131843568
RopeClimbing/v_RopeClimbing_g06_c01.avi,74,74,1,1.0
WritingOnBoard/v_WritingOnBoard_g07_c07.avi,99,99,1,1.0
MilitaryParade/v_MilitaryParade_g04_c01.avi,52,52,1,1.0
HeadMassage/v_HeadMassage_g01_c01.avi,38,38,1,1.0
RopeClimbing/v_RopeClimbing_g04_c04.avi,74,74,1,1.0
Diving/v_Diving_g01_c02.avi,25,25,1,1.0
Punch/v_Punch_g05_c02.avi,70,70,1,1.0
HandstandWalking/v_HandstandWalking_g05_c07.avi,37,37,1,1.0
VolleyballSpiking/v_VolleyballSpiking_g07_c02.avi,96,96,1,1.0
PlayingDaf/v_PlayingDaf_g05_c03.avi,59,59,1,0.989241063594818
Nunchucks/v_Nunchucks_g03_c02.avi,55,90,0,0.5013336539268494
BandMarching/v_BandMarching_g07_c07.avi,5,5,1,1.0
JavelinThrow/v_JavelinThrow_g06_c02.avi,44,44,1,1.0
Nunchucks/v_Nunchucks_g03_c03.avi,55,90,0,0.9383025765419006
GolfSwing/v_GolfSwing_g05_c07.avi,32,32,1,1.0
ThrowDiscus/v_ThrowDiscus_g04_c02.avi,92,92,1,1.0
ThrowDiscus/v_ThrowDiscus_g05_c01.avi,92,92,1,0.9484201073646544
IceDancing/v_IceDancing_g05_c01.avi,43,43,1,1.0
Nunchucks/v_Nunchucks_g01_c04.avi,55,55,1,0.6521879434585571
TrampolineJumping/v_TrampolineJumping_g07_c04.avi,93,93,1,1.0
HorseRiding/v_HorseRiding_g01_c06.avi,41,41,1,1.0
BenchPress/v_BenchPress_g04_c05.avi,9,9,1,1.0
HighJump/v_HighJump_g02_c07.avi,39,44,0,0.9992896318435668
PoleVault/v_PoleVault_g02_c06.avi,67,67,1,0.9999462366104126
BalanceBeam/v_BalanceBeam_g01_c02.avi,4,4,1,0.9999408721923828
Mixing/v_Mixing_g06_c05.avi,53,53,1,0.9999990463256836
Surfing/v_Surfing_g02_c05.avi,87,87,1,1.0
SoccerPenalty/v_SoccerPenalty_g03_c02.avi,84,84,1,1.0
HorseRiding/v_HorseRiding_g05_c04.avi,41,41,1,1.0
BoxingPunchingBag/v_BoxingPunchingBag_g06_c04.avi,16,16,1,0.9945462942123412
VolleyballSpiking/v_VolleyballSpiking_g06_c04.avi,96,96,1,1.0
Rowing/v_Rowing_g05_c01.avi,75,75,1,1.0
Skiing/v_Skiing_g01_c02.avi,80,80,1,1.0
HulaHoop/v_HulaHoop_g06_c04.avi,42,42,1,0.999821960926056
HorseRiding/v_HorseRiding_g01_c07.avi,41,41,1,1.0
PullUps/v_PullUps_g05_c04.avi,69,69,1,0.7359235286712646
IceDancing/v_IceDancing_g05_c04.avi,43,43,1,1.0
ShavingBeard/v_ShavingBeard_g07_c06.avi,77,77,1,0.999697208404541
FieldHockeyPenalty/v_FieldHockeyPenalty_g07_c01.avi,28,28,1,0.999963879585266
WalkingWithDog/v_WalkingWithDog_g07_c04.avi,97,97,1,0.9995868802070618
JavelinThrow/v_JavelinThrow_g05_c04.avi,44,44,1,1.0
PlayingTabla/v_PlayingTabla_g04_c04.avi,65,65,1,1.0
Swing/v_Swing_g03_c03.avi,88,32,0,0.8967878222465515
PommelHorse/v_PommelHorse_g02_c01.avi,68,68,1,1.0
HammerThrow/v_HammerThrow_g06_c07.avi,35,35,1,1.0
Rafting/v_Rafting_g06_c02.avi,72,72,1,1.0
SkateBoarding/v_SkateBoarding_g05_c03.avi,79,51,0,0.9574512839317322
HammerThrow/v_HammerThrow_g07_c03.avi,35,35,1,1.0
PlayingCello/v_PlayingCello_g04_c01.avi,58,58,1,1.0
GolfSwing/v_GolfSwing_g04_c05.avi,32,32,1,1.0
SkyDiving/v_SkyDiving_g06_c04.avi,82,82,1,1.0
Drumming/v_Drumming_g07_c07.avi,26,26,1,1.0
TrampolineJumping/v_TrampolineJumping_g07_c05.avi,93,93,1,1.0
PullUps/v_PullUps_g03_c02.avi,69,69,1,0.9996854066848756
CricketShot/v_CricketShot_g01_c03.avi,23,22,0,1.0
Diving/v_Diving_g04_c07.avi,25,25,1,1.0
BoxingSpeedBag/v_BoxingSpeedBag_g07_c01.avi,17,17,1,0.7576714754104614
Drumming/v_Drumming_g02_c02.avi,26,26,1,1.0
Biking/v_Biking_g07_c02.avi,10,10,1,1.0
RopeClimbing/v_RopeClimbing_g06_c02.avi,74,74,1,1.0
SkateBoarding/v_SkateBoarding_g03_c04.avi,79,79,1,1.0
PushUps/v_PushUps_g01_c03.avi,71,71,1,1.0
Rowing/v_Rowing_g01_c01.avi,75,75,1,1.0
PlayingDaf/v_PlayingDaf_g06_c02.avi,59,59,1,1.0
PlayingFlute/v_PlayingFlute_g04_c05.avi,61,61,1,1.0
Rafting/v_Rafting_g06_c04.avi,72,72,1,1.0
PizzaTossing/v_PizzaTossing_g06_c05.avi,57,54,0,0.8278743028640747
BoxingSpeedBag/v_BoxingSpeedBag_g06_c05.avi,17,17,1,1.0
PlayingCello/v_PlayingCello_g01_c05.avi,58,58,1,1.0
FrisbeeCatch/v_FrisbeeCatch_g03_c05.avi,30,30,1,1.0
CliffDiving/v_CliffDiving_g04_c04.avi,21,21,1,1.0
MoppingFloor/v_MoppingFloor_g05_c03.avi,54,2,0,0.9998177886009216
BalanceBeam/v_BalanceBeam_g04_c02.avi,4,4,1,0.9999536275863647
PlayingPiano/v_PlayingPiano_g02_c02.avi,63,63,1,1.0
WritingOnBoard/v_WritingOnBoard_g03_c01.avi,99,99,1,0.9999929666519164
Haircut/v_Haircut_g01_c03.avi,33,33,1,1.0
BaseballPitch/v_BaseballPitch_g05_c04.avi,6,6,1,1.0
WalkingWithDog/v_WalkingWithDog_g04_c02.avi,97,97,1,1.0
Rowing/v_Rowing_g04_c01.avi,75,75,1,1.0
ApplyLipstick/v_ApplyLipstick_g05_c02.avi,1,1,1,0.8538017272949219
HammerThrow/v_HammerThrow_g04_c06.avi,35,35,1,1.0
BenchPress/v_BenchPress_g07_c04.avi,9,9,1,1.0
BasketballDunk/v_BasketballDunk_g03_c02.avi,8,8,1,1.0
SkateBoarding/v_SkateBoarding_g02_c03.avi,79,80,0,0.9999996423721312
SumoWrestling/v_SumoWrestling_g07_c05.avi,86,86,1,1.0
HammerThrow/v_HammerThrow_g04_c01.avi,35,35,1,1.0
Hammering/v_Hammering_g04_c02.avi,34,38,0,0.999975085258484
Drumming/v_Drumming_g02_c05.avi,26,26,1,1.0
PlayingGuitar/v_PlayingGuitar_g04_c06.avi,62,62,1,0.995378851890564
Bowling/v_Bowling_g04_c02.avi,15,15,1,1.0
WalkingWithDog/v_WalkingWithDog_g07_c03.avi,97,80,0,0.9792405962944032
BasketballDunk/v_BasketballDunk_g03_c04.avi,8,8,1,1.0
HeadMassage/v_HeadMassage_g06_c06.avi,38,38,1,1.0
BreastStroke/v_BreastStroke_g02_c01.avi,18,18,1,1.0
BoxingPunchingBag/v_BoxingPunchingBag_g04_c03.avi,16,16,1,1.0
Typing/v_Typing_g01_c02.avi,94,94,1,1.0
Diving/v_Diving_g01_c04.avi,25,25,1,1.0
BodyWeightSquats/v_BodyWeightSquats_g05_c01.avi,14,14,1,1.0
ApplyEyeMakeup/v_ApplyEyeMakeup_g04_c06.avi,0,0,1,1.0
ApplyLipstick/v_ApplyLipstick_g07_c02.avi,1,1,1,1.0
CricketShot/v_CricketShot_g05_c01.avi,23,23,1,1.0
BabyCrawling/v_BabyCrawling_g05_c04.avi,3,3,1,0.9999994039535522
FrisbeeCatch/v_FrisbeeCatch_g06_c03.avi,30,30,1,1.0
FrontCrawl/v_FrontCrawl_g07_c02.avi,31,31,1,0.9999998807907104
GolfSwing/v_GolfSwing_g06_c03.avi,32,32,1,1.0
Hammering/v_Hammering_g02_c04.avi,34,13,0,0.9986647367477416
BalanceBeam/v_BalanceBeam_g04_c03.avi,4,4,1,0.9999996423721312
HorseRiding/v_HorseRiding_g05_c01.avi,41,41,1,1.0
SumoWrestling/v_SumoWrestling_g05_c02.avi,86,86,1,1.0
BoxingPunchingBag/v_BoxingPunchingBag_g05_c04.avi,16,16,1,1.0
PlayingSitar/v_PlayingSitar_g07_c04.avi,64,64,1,1.0
PlayingDhol/v_PlayingDhol_g01_c07.avi,60,60,1,1.0
PoleVault/v_PoleVault_g05_c04.avi,67,67,1,1.0
PullUps/v_PullUps_g04_c04.avi,69,69,1,0.8850066661834717
JugglingBalls/v_JugglingBalls_g05_c05.avi,45,45,1,1.0
BodyWeightSquats/v_BodyWeightSquats_g04_c02.avi,14,69,0,0.6783270835876465
HandstandPushups/v_HandStandPushups_g01_c02.avi,36,36,1,1.0
PlayingCello/v_PlayingCello_g04_c07.avi,58,58,1,0.9998369216918944
Nunchucks/v_Nunchucks_g02_c04.avi,55,76,0,0.5449879169464111
MoppingFloor/v_MoppingFloor_g07_c03.avi,54,54,1,0.9744739532470704
PlayingDaf/v_PlayingDaf_g06_c05.avi,59,59,1,1.0
ShavingBeard/v_ShavingBeard_g05_c06.avi,77,77,1,0.999981164932251
CricketBowling/v_CricketBowling_g01_c07.avi,22,22,1,1.0
Fencing/v_Fencing_g03_c03.avi,27,27,1,1.0
PlayingSitar/v_PlayingSitar_g05_c01.avi,64,64,1,1.0
MilitaryParade/v_MilitaryParade_g01_c07.avi,52,5,0,0.9948455095291138
FrontCrawl/v_FrontCrawl_g07_c05.avi,31,73,0,0.6198559403419495
MoppingFloor/v_MoppingFloor_g03_c03.avi,54,54,1,1.0
Shotput/v_Shotput_g01_c05.avi,78,78,1,1.0
FloorGymnastics/v_FloorGymnastics_g06_c04.avi,29,29,1,0.9996297359466552
GolfSwing/v_GolfSwing_g07_c04.avi,32,32,1,1.0
SkyDiving/v_SkyDiving_g07_c05.avi,82,82,1,1.0
Swing/v_Swing_g06_c02.avi,88,88,1,1.0
BaseballPitch/v_BaseballPitch_g04_c02.avi,6,67,0,0.9998557567596436
VolleyballSpiking/v_VolleyballSpiking_g01_c03.avi,96,96,1,1.0
PlayingSitar/v_PlayingSitar_g07_c02.avi,64,64,1,1.0
ShavingBeard/v_ShavingBeard_g02_c02.avi,77,0,0,0.7249773144721985
CricketShot/v_CricketShot_g02_c01.avi,23,23,1,1.0
SoccerJuggling/v_SoccerJuggling_g07_c06.avi,83,83,1,1.0
ParallelBars/v_ParallelBars_g06_c05.avi,56,56,1,1.0
BlowDryHair/v_BlowDryHair_g04_c02.avi,12,12,1,0.9710258841514589
WallPushups/v_WallPushups_g06_c05.avi,98,98,1,1.0
IceDancing/v_IceDancing_g02_c07.avi,43,43,1,1.0
BalanceBeam/v_BalanceBeam_g01_c04.avi,4,4,1,1.0
CricketBowling/v_CricketBowling_g05_c01.avi,22,22,1,1.0
ParallelBars/v_ParallelBars_g06_c03.avi,56,56,1,1.0
Kayaking/v_Kayaking_g06_c05.avi,48,48,1,1.0
PullUps/v_PullUps_g02_c04.avi,69,69,1,1.0
Billiards/v_Billiards_g01_c06.avi,11,11,1,1.0
Biking/v_Biking_g02_c06.avi,10,10,1,1.0
JumpingJack/v_JumpingJack_g06_c05.avi,46,46,1,1.0
StillRings/v_StillRings_g07_c02.avi,85,85,1,1.0
Fencing/v_Fencing_g05_c01.avi,27,27,1,1.0
SumoWrestling/v_SumoWrestling_g03_c01.avi,86,86,1,1.0
BlowingCandles/v_BlowingCandles_g06_c05.avi,13,13,1,1.0
FieldHockeyPenalty/v_FieldHockeyPenalty_g01_c03.avi,28,28,1,1.0
PlayingDhol/v_PlayingDhol_g06_c01.avi,60,60,1,1.0
PommelHorse/v_PommelHorse_g03_c01.avi,68,68,1,1.0
Rowing/v_Rowing_g02_c05.avi,75,75,1,1.0
BreastStroke/v_BreastStroke_g07_c03.avi,18,18,1,1.0
JugglingBalls/v_JugglingBalls_g02_c05.avi,45,45,1,1.0
PlayingViolin/v_PlayingViolin_g06_c02.avi,66,66,1,1.0
PizzaTossing/v_PizzaTossing_g05_c04.avi,57,57,1,0.9999547004699708
CricketShot/v_CricketShot_g05_c03.avi,23,23,1,1.0
PlayingFlute/v_PlayingFlute_g07_c01.avi,61,61,1,1.0
CricketShot/v_CricketShot_g06_c03.avi,23,23,1,0.7931106686592102
HighJump/v_HighJump_g07_c04.avi,39,39,1,1.0
Mixing/v_Mixing_g02_c01.avi,53,53,1,0.99999737739563
Nunchucks/v_Nunchucks_g02_c05.avi,55,76,0,0.9982357025146484
PlayingDaf/v_PlayingDaf_g06_c03.avi,59,59,1,1.0
Kayaking/v_Kayaking_g01_c02.avi,48,75,0,0.9999958276748656
Swing/v_Swing_g07_c03.avi,88,88,1,1.0
CliffDiving/v_CliffDiving_g06_c05.avi,21,21,1,1.0
HorseRace/v_HorseRace_g05_c02.avi,40,40,1,1.0
Archery/v_Archery_g06_c01.avi,2,2,1,0.9999979734420776
PlayingSitar/v_PlayingSitar_g02_c03.avi,64,64,1,1.0
YoYo/v_YoYo_g01_c03.avi,100,100,1,0.9999111890792848
YoYo/v_YoYo_g02_c05.avi,100,45,0,0.9821511507034302
IceDancing/v_IceDancing_g04_c05.avi,43,82,0,0.9879974126815796
PullUps/v_PullUps_g07_c02.avi,69,69,1,0.9999847412109376
ThrowDiscus/v_ThrowDiscus_g02_c06.avi,92,92,1,1.0
CricketShot/v_CricketShot_g04_c05.avi,23,22,0,0.8688772320747375
PlayingViolin/v_PlayingViolin_g03_c01.avi,66,66,1,1.0
Haircut/v_Haircut_g05_c02.avi,33,33,1,1.0
MoppingFloor/v_MoppingFloor_g05_c02.avi,54,54,1,0.9963749051094056
TennisSwing/v_TennisSwing_g02_c04.avi,91,91,1,0.9997119307518004
CliffDiving/v_CliffDiving_g04_c01.avi,21,21,1,0.9999996423721312
Drumming/v_Drumming_g04_c04.avi,26,26,1,1.0
Punch/v_Punch_g06_c03.avi,70,70,1,1.0
BaseballPitch/v_BaseballPitch_g01_c02.avi,6,83,0,0.9999947547912598
JavelinThrow/v_JavelinThrow_g04_c02.avi,44,44,1,0.9999991655349731
Swing/v_Swing_g05_c02.avi,88,88,1,1.0
FloorGymnastics/v_FloorGymnastics_g04_c04.avi,29,29,1,1.0
SoccerPenalty/v_SoccerPenalty_g06_c07.avi,84,84,1,1.0
BalanceBeam/v_BalanceBeam_g02_c04.avi,4,4,1,1.0
CricketBowling/v_CricketBowling_g01_c06.avi,22,22,1,1.0
BaseballPitch/v_BaseballPitch_g07_c05.avi,6,6,1,1.0
WallPushups/v_WallPushups_g06_c07.avi,98,98,1,1.0
CricketBowling/v_CricketBowling_g04_c04.avi,22,29,0,0.9958534240722656
Bowling/v_Bowling_g01_c03.avi,15,15,1,1.0
Surfing/v_Surfing_g04_c04.avi,87,87,1,1.0
BasketballDunk/v_BasketballDunk_g05_c03.avi,8,8,1,1.0
PommelHorse/v_PommelHorse_g06_c01.avi,68,68,1,1.0
BlowDryHair/v_BlowDryHair_g06_c07.avi,12,33,0,0.9906336069107056
Diving/v_Diving_g02_c04.avi,25,25,1,1.0
HorseRiding/v_HorseRiding_g06_c07.avi,41,41,1,1.0
CricketBowling/v_CricketBowling_g06_c04.avi,22,22,1,0.999992847442627
JugglingBalls/v_JugglingBalls_g04_c02.avi,45,45,1,0.9999998807907104
FrontCrawl/v_FrontCrawl_g04_c06.avi,31,31,1,0.7318663597106934
HandstandPushups/v_HandStandPushups_g07_c01.avi,36,36,1,0.9969620108604432
BreastStroke/v_BreastStroke_g03_c02.avi,18,18,1,1.0
PullUps/v_PullUps_g01_c03.avi,69,73,0,1.0
BandMarching/v_BandMarching_g07_c04.avi,5,5,1,1.0
PommelHorse/v_PommelHorse_g06_c02.avi,68,68,1,1.0
LongJump/v_LongJump_g04_c03.avi,50,50,1,1.0
Mixing/v_Mixing_g05_c07.avi,53,53,1,0.9917199611663818
BlowDryHair/v_BlowDryHair_g03_c01.avi,12,12,1,1.0
PushUps/v_PushUps_g07_c01.avi,71,71,1,1.0
JugglingBalls/v_JugglingBalls_g05_c02.avi,45,45,1,1.0
ApplyEyeMakeup/v_ApplyEyeMakeup_g04_c03.avi,0,0,1,0.8254068493843079
PizzaTossing/v_PizzaTossing_g05_c03.avi,57,57,1,0.9999910593032836
Bowling/v_Bowling_g04_c03.avi,15,15,1,1.0
BasketballDunk/v_BasketballDunk_g07_c05.avi,8,8,1,1.0
RockClimbingIndoor/v_RockClimbingIndoor_g03_c07.avi,73,73,1,1.0
PushUps/v_PushUps_g07_c02.avi,71,71,1,1.0
Haircut/v_Haircut_g07_c01.avi,33,12,0,0.9871917963027954
BaseballPitch/v_BaseballPitch_g06_c06.avi,6,6,1,1.0
JumpingJack/v_JumpingJack_g05_c03.avi,46,46,1,0.9749193787574768
Shotput/v_Shotput_g07_c07.avi,78,78,1,0.8364718556404114
YoYo/v_YoYo_g03_c01.avi,100,45,0,0.9586474299430848
BenchPress/v_BenchPress_g06_c05.avi,9,9,1,0.99996018409729
BlowingCandles/v_BlowingCandles_g02_c02.avi,13,13,1,0.99999737739563
Fencing/v_Fencing_g04_c03.avi,27,27,1,1.0
BalanceBeam/v_BalanceBeam_g01_c01.avi,4,4,1,0.9991876482963562
Billiards/v_Billiards_g02_c05.avi,11,11,1,1.0
HammerThrow/v_HammerThrow_g02_c03.avi,35,35,1,1.0
PlayingFlute/v_PlayingFlute_g05_c02.avi,61,61,1,1.0
Skiing/v_Skiing_g04_c02.avi,80,80,1,0.9932611584663392
Basketball/v_Basketball_g05_c01.avi,7,7,1,0.9999270439147948
Archery/v_Archery_g05_c05.avi,2,2,1,0.9995530247688292
WalkingWithDog/v_WalkingWithDog_g01_c03.avi,97,97,1,1.0
Shotput/v_Shotput_g05_c06.avi,78,78,1,1.0
IceDancing/v_IceDancing_g04_c07.avi,43,43,1,1.0
ApplyEyeMakeup/v_ApplyEyeMakeup_g07_c06.avi,0,0,1,1.0
ApplyLipstick/v_ApplyLipstick_g07_c01.avi,1,1,1,1.0
Biking/v_Biking_g07_c06.avi,10,10,1,1.0
BodyWeightSquats/v_BodyWeightSquats_g02_c02.avi,14,16,0,0.5472595691680908
SoccerJuggling/v_SoccerJuggling_g05_c01.avi,83,83,1,1.0
RopeClimbing/v_RopeClimbing_g01_c03.avi,74,74,1,1.0
FrontCrawl/v_FrontCrawl_g06_c02.avi,31,31,1,1.0
Skiing/v_Skiing_g02_c02.avi,80,80,1,1.0
BreastStroke/v_BreastStroke_g02_c03.avi,18,18,1,1.0
TableTennisShot/v_TableTennisShot_g05_c07.avi,89,89,1,1.0
CricketShot/v_CricketShot_g06_c07.avi,23,23,1,0.6834086179733276
PlayingDhol/v_PlayingDhol_g01_c03.avi,60,60,1,1.0
JavelinThrow/v_JavelinThrow_g07_c02.avi,44,50,0,0.9998456239700316
HulaHoop/v_HulaHoop_g05_c03.avi,42,44,0,0.7843929529190063
CricketShot/v_CricketShot_g03_c03.avi,23,23,1,0.8752593398094177
IceDancing/v_IceDancing_g04_c03.avi,43,43,1,1.0
PoleVault/v_PoleVault_g07_c02.avi,67,67,1,1.0
LongJump/v_LongJump_g07_c04.avi,50,50,1,1.0
HeadMassage/v_HeadMassage_g06_c01.avi,38,38,1,1.0
PizzaTossing/v_PizzaTossing_g04_c03.avi,57,57,1,0.996807873249054
HandstandWalking/v_HandstandWalking_g07_c05.avi,37,37,1,0.9999977350234984
CuttingInKitchen/v_CuttingInKitchen_g05_c03.avi,24,24,1,0.9947595000267028
SkateBoarding/v_SkateBoarding_g01_c03.avi,79,80,0,0.9844584465026855
Drumming/v_Drumming_g07_c05.avi,26,26,1,1.0
PlayingFlute/v_PlayingFlute_g02_c04.avi,61,61,1,0.9999991655349731
Lunges/v_Lunges_g01_c02.avi,51,51,1,1.0
FrisbeeCatch/v_FrisbeeCatch_g02_c05.avi,30,30,1,1.0
HeadMassage/v_HeadMassage_g04_c01.avi,38,38,1,1.0
PlayingDhol/v_PlayingDhol_g05_c02.avi,60,60,1,1.0
Haircut/v_Haircut_g07_c06.avi,33,33,1,0.9956035614013672
YoYo/v_YoYo_g05_c03.avi,100,34,0,0.7404518127441406
FrontCrawl/v_FrontCrawl_g02_c01.avi,31,31,1,0.9999998807907104
CricketShot/v_CricketShot_g04_c02.avi,23,22,0,0.9999635219573976
PoleVault/v_PoleVault_g01_c05.avi,67,67,1,0.9999946355819702
Basketball/v_Basketball_g06_c03.avi,7,67,0,0.7116700410842896
PlayingCello/v_PlayingCello_g07_c04.avi,58,58,1,1.0
StillRings/v_StillRings_g01_c02.avi,85,85,1,1.0
PlayingFlute/v_PlayingFlute_g01_c02.avi,61,61,1,1.0
RockClimbingIndoor/v_RockClimbingIndoor_g06_c05.avi,73,73,1,1.0
ParallelBars/v_ParallelBars_g03_c04.avi,56,56,1,1.0
ApplyLipstick/v_ApplyLipstick_g03_c02.avi,1,1,1,0.9931851029396056
Basketball/v_Basketball_g04_c02.avi,7,7,1,0.9952290058135986
SalsaSpin/v_SalsaSpin_g03_c02.avi,76,76,1,1.0
HorseRiding/v_HorseRiding_g05_c06.avi,41,41,1,1.0
TrampolineJumping/v_TrampolineJumping_g04_c02.avi,93,93,1,1.0
HandstandWalking/v_HandstandWalking_g04_c02.avi,37,37,1,1.0
HandstandWalking/v_HandstandWalking_g05_c04.avi,37,37,1,0.9999984502792358
HulaHoop/v_HulaHoop_g04_c03.avi,42,42,1,1.0
PlayingPiano/v_PlayingPiano_g06_c03.avi,63,63,1,1.0
HorseRace/v_HorseRace_g06_c03.avi,40,40,1,1.0
TennisSwing/v_TennisSwing_g04_c02.avi,91,91,1,0.9999815225601196
TrampolineJumping/v_TrampolineJumping_g05_c04.avi,93,93,1,0.9999972581863404
PlayingTabla/v_PlayingTabla_g04_c06.avi,65,65,1,1.0
BandMarching/v_BandMarching_g06_c01.avi,5,5,1,1.0
BenchPress/v_BenchPress_g03_c06.avi,9,9,1,1.0
Billiards/v_Billiards_g07_c02.avi,11,11,1,1.0
ShavingBeard/v_ShavingBeard_g05_c03.avi,77,77,1,0.999841332435608
Shotput/v_Shotput_g06_c06.avi,78,78,1,0.9999986886978148
FrisbeeCatch/v_FrisbeeCatch_g05_c02.avi,30,30,1,0.9999985694885254
JumpingJack/v_JumpingJack_g05_c06.avi,46,46,1,0.9985178112983704
BreastStroke/v_BreastStroke_g05_c01.avi,18,18,1,1.0
YoYo/v_YoYo_g05_c04.avi,100,34,0,0.9987499713897704
BrushingTeeth/v_BrushingTeeth_g04_c02.avi,19,19,1,0.9997422099113464
BreastStroke/v_BreastStroke_g01_c03.avi,18,18,1,1.0
WalkingWithDog/v_WalkingWithDog_g01_c01.avi,97,97,1,1.0
RockClimbingIndoor/v_RockClimbingIndoor_g03_c02.avi,73,73,1,1.0
IceDancing/v_IceDancing_g04_c02.avi,43,43,1,1.0
CricketShot/v_CricketShot_g07_c04.avi,23,35,0,0.590502917766571
Haircut/v_Haircut_g02_c01.avi,33,33,1,0.8324331045150757
PlayingFlute/v_PlayingFlute_g04_c02.avi,61,61,1,1.0
BenchPress/v_BenchPress_g03_c01.avi,9,9,1,1.0
BoxingSpeedBag/v_BoxingSpeedBag_g05_c03.avi,17,17,1,1.0
YoYo/v_YoYo_g01_c02.avi,100,100,1,0.9999997615814208
Skiing/v_Skiing_g02_c03.avi,80,80,1,1.0
TennisSwing/v_TennisSwing_g01_c05.avi,91,91,1,1.0
HighJump/v_HighJump_g04_c01.avi,39,50,0,0.9953989386558532
MoppingFloor/v_MoppingFloor_g02_c01.avi,54,54,1,0.9996554851531982
Mixing/v_Mixing_g06_c03.avi,53,53,1,0.95867919921875
Kayaking/v_Kayaking_g04_c06.avi,48,48,1,1.0
BabyCrawling/v_BabyCrawling_g06_c03.avi,3,3,1,1.0
BlowingCandles/v_BlowingCandles_g01_c04.avi,13,13,1,1.0
BoxingPunchingBag/v_BoxingPunchingBag_g07_c04.avi,16,16,1,1.0
RopeClimbing/v_RopeClimbing_g04_c01.avi,74,74,1,0.9999969005584716
PullUps/v_PullUps_g02_c02.avi,69,69,1,1.0
Punch/v_Punch_g07_c01.avi,70,70,1,1.0
Nunchucks/v_Nunchucks_g04_c03.avi,55,55,1,1.0
BenchPress/v_BenchPress_g06_c01.avi,9,9,1,0.9994438290596008
PlayingDhol/v_PlayingDhol_g02_c01.avi,60,60,1,1.0
YoYo/v_YoYo_g01_c01.avi,100,20,0,0.7667270302772522
BoxingSpeedBag/v_BoxingSpeedBag_g03_c03.avi,17,17,1,1.0
YoYo/v_YoYo_g04_c01.avi,100,100,1,0.9988524913787842
PlayingTabla/v_PlayingTabla_g05_c04.avi,65,65,1,1.0
BabyCrawling/v_BabyCrawling_g02_c06.avi,3,3,1,1.0
PlayingDaf/v_PlayingDaf_g06_c07.avi,59,59,1,1.0
HulaHoop/v_HulaHoop_g07_c01.avi,42,42,1,1.0
BoxingPunchingBag/v_BoxingPunchingBag_g06_c02.avi,16,16,1,0.999945878982544
Surfing/v_Surfing_g02_c01.avi,87,87,1,1.0
HandstandPushups/v_HandStandPushups_g01_c04.avi,36,36,1,1.0
HandstandWalking/v_HandstandWalking_g04_c04.avi,37,37,1,1.0
Kayaking/v_Kayaking_g04_c04.avi,48,48,1,1.0
PlayingDaf/v_PlayingDaf_g05_c07.avi,59,59,1,0.7495245337486267
Biking/v_Biking_g06_c03.avi,10,10,1,1.0
Surfing/v_Surfing_g02_c04.avi,87,87,1,1.0
PlayingSitar/v_PlayingSitar_g07_c01.avi,64,64,1,1.0
BaseballPitch/v_BaseballPitch_g01_c04.avi,6,83,0,0.8813384175300598
Skiing/v_Skiing_g06_c01.avi,80,32,0,0.3455927670001983
RopeClimbing/v_RopeClimbing_g04_c02.avi,74,74,1,1.0
Rafting/v_Rafting_g04_c03.avi,72,72,1,0.9999996423721312
BaseballPitch/v_BaseballPitch_g04_c03.avi,6,67,0,0.9452823996543884
TennisSwing/v_TennisSwing_g02_c07.avi,91,91,1,0.999997615814209
Rowing/v_Rowing_g04_c06.avi,75,75,1,1.0
SumoWrestling/v_SumoWrestling_g06_c05.avi,86,86,1,1.0
Kayaking/v_Kayaking_g04_c03.avi,48,48,1,1.0
JumpRope/v_JumpRope_g01_c01.avi,47,47,1,0.9999943971633912
BrushingTeeth/v_BrushingTeeth_g06_c04.avi,19,1,0,0.5382525324821472
BenchPress/v_BenchPress_g06_c07.avi,9,9,1,0.999931812286377
LongJump/v_LongJump_g06_c02.avi,50,50,1,0.9969547986984252
Kayaking/v_Kayaking_g05_c01.avi,48,48,1,1.0
GolfSwing/v_GolfSwing_g02_c02.avi,32,32,1,0.7941605448722839
Punch/v_Punch_g05_c03.avi,70,70,1,1.0
Nunchucks/v_Nunchucks_g06_c02.avi,55,76,0,0.9999934434890748
Basketball/v_Basketball_g01_c07.avi,7,7,1,1.0
MilitaryParade/v_MilitaryParade_g06_c02.avi,52,52,1,0.9999997615814208
BandMarching/v_BandMarching_g03_c02.avi,5,5,1,0.9999998807907104
BlowDryHair/v_BlowDryHair_g03_c03.avi,12,12,1,1.0
PlayingSitar/v_PlayingSitar_g06_c02.avi,64,64,1,1.0
MoppingFloor/v_MoppingFloor_g07_c01.avi,54,54,1,0.9456209540367126
PlayingDhol/v_PlayingDhol_g03_c07.avi,60,60,1,0.9999885559082032
PlayingViolin/v_PlayingViolin_g06_c03.avi,66,66,1,1.0
Bowling/v_Bowling_g06_c06.avi,15,15,1,0.9952902793884276
VolleyballSpiking/v_VolleyballSpiking_g07_c03.avi,96,96,1,1.0
FrontCrawl/v_FrontCrawl_g03_c05.avi,31,31,1,0.9998799562454224
JugglingBalls/v_JugglingBalls_g07_c04.avi,45,45,1,0.999995231628418
TableTennisShot/v_TableTennisShot_g04_c07.avi,89,89,1,1.0
RopeClimbing/v_RopeClimbing_g05_c02.avi,74,74,1,0.5917340517044067
CricketShot/v_CricketShot_g07_c03.avi,23,23,1,0.9999810457229614
WallPushups/v_WallPushups_g06_c03.avi,98,98,1,1.0
Shotput/v_Shotput_g06_c07.avi,78,78,1,0.9999781847000122
ParallelBars/v_ParallelBars_g03_c02.avi,56,56,1,0.8495684266090393
ApplyEyeMakeup/v_ApplyEyeMakeup_g02_c02.avi,0,0,1,1.0
FrontCrawl/v_FrontCrawl_g04_c05.avi,31,31,1,0.9911230802536012
Skiing/v_Skiing_g04_c06.avi,80,80,1,1.0
BreastStroke/v_BreastStroke_g05_c04.avi,18,18,1,1.0
BenchPress/v_BenchPress_g07_c07.avi,9,9,1,1.0
HeadMassage/v_HeadMassage_g05_c05.avi,38,38,1,1.0
LongJump/v_LongJump_g05_c05.avi,50,50,1,0.999991774559021
PlayingSitar/v_PlayingSitar_g06_c06.avi,64,64,1,1.0
ApplyLipstick/v_ApplyLipstick_g05_c05.avi,1,1,1,0.9310404062271118
Shotput/v_Shotput_g01_c02.avi,78,78,1,1.0
IceDancing/v_IceDancing_g07_c07.avi,43,43,1,1.0
Swing/v_Swing_g07_c02.avi,88,88,1,1.0
Mixing/v_Mixing_g05_c01.avi,53,53,1,1.0
SalsaSpin/v_SalsaSpin_g07_c03.avi,76,76,1,0.9999998807907104
BoxingPunchingBag/v_BoxingPunchingBag_g02_c04.avi,16,16,1,0.9996280670166016
ApplyLipstick/v_ApplyLipstick_g06_c05.avi,1,1,1,1.0
BalanceBeam/v_BalanceBeam_g03_c01.avi,4,4,1,1.0
CliffDiving/v_CliffDiving_g07_c05.avi,21,21,1,1.0
Archery/v_Archery_g07_c01.avi,2,2,1,1.0
SalsaSpin/v_SalsaSpin_g05_c04.avi,76,76,1,1.0
BoxingSpeedBag/v_BoxingSpeedBag_g02_c01.avi,17,17,1,1.0
CricketShot/v_CricketShot_g02_c03.avi,23,23,1,1.0
Shotput/v_Shotput_g03_c02.avi,78,78,1,0.5659534335136414
Lunges/v_Lunges_g07_c05.avi,51,51,1,0.9774312376976012
BaseballPitch/v_BaseballPitch_g05_c07.avi,6,6,1,1.0
Diving/v_Diving_g02_c01.avi,25,25,1,1.0
LongJump/v_LongJump_g05_c01.avi,50,50,1,0.9948602318763732
Rafting/v_Rafting_g05_c02.avi,72,72,1,1.0
RockClimbingIndoor/v_RockClimbingIndoor_g02_c01.avi,73,73,1,1.0
Nunchucks/v_Nunchucks_g07_c01.avi,55,55,1,0.9999847412109376
HorseRiding/v_HorseRiding_g07_c06.avi,41,41,1,1.0
Rafting/v_Rafting_g05_c03.avi,72,72,1,1.0
PoleVault/v_PoleVault_g05_c03.avi,67,67,1,1.0
TaiChi/v_TaiChi_g03_c03.avi,90,90,1,1.0
TableTennisShot/v_TableTennisShot_g04_c03.avi,89,89,1,1.0
YoYo/v_YoYo_g01_c06.avi,100,100,1,0.9999985694885254
BabyCrawling/v_BabyCrawling_g02_c04.avi,3,3,1,1.0
PlayingPiano/v_PlayingPiano_g01_c02.avi,63,63,1,1.0
Skiing/v_Skiing_g03_c06.avi,80,80,1,1.0
Skiing/v_Skiing_g04_c04.avi,80,80,1,1.0
BenchPress/v_BenchPress_g04_c01.avi,9,9,1,1.0
PlayingGuitar/v_PlayingGuitar_g01_c02.avi,62,62,1,1.0
MilitaryParade/v_MilitaryParade_g01_c04.avi,52,52,1,0.999354898929596
HeadMassage/v_HeadMassage_g03_c06.avi,38,38,1,1.0
ShavingBeard/v_ShavingBeard_g06_c07.avi,77,0,0,0.9343459010124208
WallPushups/v_WallPushups_g02_c01.avi,98,98,1,0.9999959468841552
JumpRope/v_JumpRope_g02_c01.avi,47,47,1,1.0
Lunges/v_Lunges_g01_c06.avi,51,51,1,1.0
Swing/v_Swing_g01_c01.avi,88,97,0,0.9994016885757446
HeadMassage/v_HeadMassage_g05_c02.avi,38,38,1,1.0
TableTennisShot/v_TableTennisShot_g07_c02.avi,89,89,1,1.0
TaiChi/v_TaiChi_g02_c03.avi,90,90,1,0.9992650151252748
IceDancing/v_IceDancing_g07_c05.avi,43,43,1,1.0
FloorGymnastics/v_FloorGymnastics_g04_c05.avi,29,29,1,1.0
PommelHorse/v_PommelHorse_g02_c04.avi,68,68,1,1.0
ParallelBars/v_ParallelBars_g01_c03.avi,56,56,1,1.0
Mixing/v_Mixing_g03_c01.avi,53,53,1,0.9999996423721312
PlayingPiano/v_PlayingPiano_g06_c02.avi,63,63,1,1.0
SoccerPenalty/v_SoccerPenalty_g07_c03.avi,84,84,1,1.0
Shotput/v_Shotput_g05_c04.avi,78,78,1,0.9999998807907104
CricketShot/v_CricketShot_g04_c03.avi,23,22,0,0.9868037104606628
PlayingDaf/v_PlayingDaf_g01_c01.avi,59,59,1,1.0
WritingOnBoard/v_WritingOnBoard_g05_c05.avi,99,99,1,1.0
FieldHockeyPenalty/v_FieldHockeyPenalty_g05_c04.avi,28,28,1,1.0
WalkingWithDog/v_WalkingWithDog_g04_c04.avi,97,97,1,1.0
CricketShot/v_CricketShot_g04_c04.avi,23,22,0,0.6359272599220276
JavelinThrow/v_JavelinThrow_g01_c01.avi,44,44,1,0.9999998807907104
PlayingDaf/v_PlayingDaf_g01_c02.avi,59,59,1,1.0
FieldHockeyPenalty/v_FieldHockeyPenalty_g07_c03.avi,28,28,1,0.9999500513076782
WritingOnBoard/v_WritingOnBoard_g05_c03.avi,99,99,1,1.0
IceDancing/v_IceDancing_g04_c06.avi,43,43,1,1.0
CleanAndJerk/v_CleanAndJerk_g05_c01.avi,20,20,1,1.0
PlayingDhol/v_PlayingDhol_g07_c04.avi,60,60,1,1.0
Basketball/v_Basketball_g01_c04.avi,7,7,1,1.0
Billiards/v_Billiards_g03_c01.avi,11,11,1,1.0
Diving/v_Diving_g01_c07.avi,25,25,1,1.0
BoxingPunchingBag/v_BoxingPunchingBag_g01_c03.avi,16,16,1,1.0
HammerThrow/v_HammerThrow_g04_c07.avi,35,35,1,1.0
SkyDiving/v_SkyDiving_g06_c03.avi,82,82,1,1.0
HorseRiding/v_HorseRiding_g06_c05.avi,41,41,1,1.0
HulaHoop/v_HulaHoop_g03_c04.avi,42,42,1,1.0
JumpRope/v_JumpRope_g06_c03.avi,47,47,1,0.9984065890312196
HighJump/v_HighJump_g04_c05.avi,39,39,1,0.9999896287918092
BlowDryHair/v_BlowDryHair_g06_c03.avi,12,12,1,0.9739117622375488
