clip_path,mv_mean,mv_std,mv_max,mv_sparsity,residual_energy_mean,num_frames
ApplyEyeMakeup/v_ApplyEyeMakeup_g01_c01.avi,1.4829753637313843,2.8668391704559326,29.068883895874023,0.6159558823529412,111.30314636230469,164
ApplyEyeMakeup/v_ApplyEyeMakeup_g01_c02.avi,0.3272969424724579,1.0642048120498657,14.0,0.8573965992647059,18.198476791381836,123
ApplyEyeMakeup/v_ApplyEyeMakeup_g01_c03.avi,0.9222858548164368,1.7838929891586304,25.05992889404297,0.6249839154411765,69.48116302490234,259
ApplyEyeMakeup/v_ApplyEyeMakeup_g01_c04.avi,1.4509528875350952,3.003519296646118,39.96248245239258,0.6178147977941176,128.73397827148438,235
ApplyEyeMakeup/v_ApplyEyeMakeup_g01_c05.avi,1.6349117755889893,2.5880661010742188,25.553865432739258,0.5191957720588235,131.6033172607422,296
ApplyEyeMakeup/v_ApplyEyeMakeup_g01_c06.avi,0.4640316665172577,1.2976385354995728,10.0,0.8216176470588236,16.11020278930664,122
ApplyEyeMakeup/v_ApplyEyeMakeup_g02_c01.avi,1.1249598264694214,3.4693639278411865,45.35416030883789,0.7246553308823529,54.8194580078125,170
ApplyEyeMakeup/v_ApplyEyeMakeup_g02_c02.avi,1.6038973331451416,4.261821746826172,49.01020431518555,0.6781158088235294,176.279052734375,146
ApplyEyeMakeup/v_ApplyEyeMakeup_g02_c03.avi,2.673846483230591,7.078935146331787,83.35466766357422,0.6073230698529412,188.38841247558594,216
ApplyEyeMakeup/v_ApplyEyeMakeup_g02_c04.avi,0.19117002189159393,0.7848860621452332,16.0,0.8898965992647059,20.59859275817871,170
ApplyEyeMakeup/v_ApplyEyeMakeup_g03_c01.avi,6.00104284286499,10.40939998626709,102.303466796875,0.24565487132352942,198.2716827392578,209
ApplyEyeMakeup/v_ApplyEyeMakeup_g03_c02.avi,2.56514310836792,4.001220226287842,32.4499626159668,0.3579572610294118,62.504737854003906,134
ApplyEyeMakeup/v_ApplyEyeMakeup_g03_c03.avi,4.062425136566162,6.0462260246276855,45.694637298583984,0.285,194.843017578125,115
ApplyEyeMakeup/v_ApplyEyeMakeup_g03_c04.avi,3.5553319454193115,6.373229026794434,62.12889862060547,0.3248138786764706,189.2747344970703,108
ApplyEyeMakeup/v_ApplyEyeMakeup_g03_c05.avi,4.287594318389893,6.012359619140625,40.804412841796875,0.3166544117647059,176.490234375,146
ApplyEyeMakeup/v_ApplyEyeMakeup_g03_c06.avi,4.764194965362549,7.695621013641357,97.08243560791016,0.4019784007352941,111.57462310791016,152
ApplyEyeMakeup/v_ApplyEyeMakeup_g04_c01.avi,0.9676840305328369,2.227463960647583,32.0,0.6363074448529412,56.4248046875,126
ApplyEyeMakeup/v_ApplyEyeMakeup_g04_c02.avi,2.64143443107605,4.995126247406006,37.85498809814453,0.4365556066176471,190.4688262939453,132
ApplyEyeMakeup/v_ApplyEyeMakeup_g04_c03.avi,0.5926686525344849,1.3634248971939087,19.0,0.722421875,61.13639450073242,114
ApplyEyeMakeup/v_ApplyEyeMakeup_g04_c04.avi,0.5976517200469971,1.4043458700180054,10.29563045501709,0.7559558823529412,13.461130142211914,181
ApplyEyeMakeup/v_ApplyEyeMakeup_g04_c05.avi,1.4602841138839722,2.8463587760925293,30.149627685546875,0.6364889705882353,120.7809066772461,106
ApplyEyeMakeup/v_ApplyEyeMakeup_g04_c06.avi,4.729910850524902,12.031777381896973,115.01738739013672,0.5520886948529412,305.458984375,248
ApplyEyeMakeup/v_ApplyEyeMakeup_g04_c07.avi,1.4136515855789185,2.512268304824829,34.0,0.5791107536764706,81.36958312988281,158
ApplyEyeMakeup/v_ApplyEyeMakeup_g05_c01.avi,2.109797477722168,4.074980735778809,38.11823654174805,0.5847426470588235,121.54106140136719,268
ApplyEyeMakeup/v_ApplyEyeMakeup_g05_c02.avi,1.1128841638565063,2.3856985569000244,49.0,0.6670703125,44.37490463256836,264
ApplyEyeMakeup/v_ApplyEyeMakeup_g05_c03.avi,1.9034498929977417,3.463496446609497,32.0,0.5824655330882353,104.45088958740234,158
ApplyEyeMakeup/v_ApplyEyeMakeup_g05_c04.avi,1.1974449157714844,2.184577703475952,20.0,0.6352251838235294,50.01506805419922,186
ApplyEyeMakeup/v_ApplyEyeMakeup_g05_c05.avi,1.8118932247161865,4.138439178466797,47.0,0.6148046875,111.04703521728516,227
ApplyEyeMakeup/v_ApplyEyeMakeup_g05_c06.avi,1.9611696004867554,3.4737203121185303,34.01470184326172,0.5281158088235294,146.5484619140625,115
ApplyEyeMakeup/v_ApplyEyeMakeup_g05_c07.avi,1.9464021921157837,4.042231559753418,42.52058410644531,0.5847196691176471,96.95103454589844,235
ApplyEyeMakeup/v_ApplyEyeMakeup_g06_c01.avi,4.249196529388428,7.449207782745361,62.361846923828125,0.2923736213235294,205.3201904296875,139
ApplyEyeMakeup/v_ApplyEyeMakeup_g06_c02.avi,2.8989436626434326,5.884683132171631,56.82429122924805,0.44334558823529413,183.4322967529297,139
ApplyEyeMakeup/v_ApplyEyeMakeup_g06_c03.avi,1.1120350360870361,2.2411603927612305,29.27456283569336,0.53296875,32.40964126586914,245
ApplyEyeMakeup/v_ApplyEyeMakeup_g06_c04.avi,3.818488836288452,6.878164768218994,45.89117431640625,0.31414751838235294,183.62081909179688,100
ApplyEyeMakeup/v_ApplyEyeMakeup_g06_c05.avi,1.2737141847610474,2.192347764968872,24.0,0.5495863970588235,32.79795455932617,281
ApplyEyeMakeup/v_ApplyEyeMakeup_g06_c06.avi,2.484675645828247,3.814875841140747,43.104522705078125,0.39372702205882354,74.1369857788086,146
ApplyEyeMakeup/v_ApplyEyeMakeup_g06_c07.avi,1.3159613609313965,2.370790481567383,22.360679626464844,0.5092693014705882,59.7462043762207,167
ApplyEyeMakeup/v_ApplyEyeMakeup_g07_c01.avi,1.142974615097046,2.2497940063476562,26.0,0.6273345588235294,108.06706237792969,158
ApplyEyeMakeup/v_ApplyEyeMakeup_g07_c02.avi,0.7146661281585693,1.672106146812439,21.0,0.7293497242647059,59.81282424926758,168
ApplyEyeMakeup/v_ApplyEyeMakeup_g07_c03.avi,1.6151292324066162,3.469642162322998,37.161808013916016,0.6306364889705882,69.7071304321289,133
ApplyEyeMakeup/v_ApplyEyeMakeup_g07_c04.avi,1.4007763862609863,2.7736992835998535,28.460498809814453,0.6243704044117647,73.01643371582031,142
ApplyEyeMakeup/v_ApplyEyeMakeup_g07_c05.avi,1.1955646276474,2.5492281913757324,23.76972770690918,0.6002573529411764,48.175254821777344,98
ApplyEyeMakeup/v_ApplyEyeMakeup_g07_c06.avi,0.9127987027168274,2.0397517681121826,20.615528106689453,0.7305583639705883,49.00203323364258,162
ApplyEyeMakeup/v_ApplyEyeMakeup_g07_c07.avi,3.443960189819336,6.944125652313232,55.4707145690918,0.5619761029411765,219.1290740966797,114
ApplyLipstick/v_ApplyLipstick_g01_c01.avi,1.2631882429122925,2.572822093963623,33.37664031982422,0.5406801470588235,85.51676177978516,148
ApplyLipstick/v_ApplyLipstick_g01_c02.avi,0.6760954856872559,1.3387525081634521,11.401754379272461,0.6777849264705882,47.659812927246094,160
ApplyLipstick/v_ApplyLipstick_g01_c03.avi,1.1645666360855103,2.443242073059082,26.832815170288086,0.6218313419117647,51.76142120361328,309
ApplyLipstick/v_ApplyLipstick_g01_c04.avi,0.5035179257392883,0.9674844741821289,17.11724281311035,0.7009719669117647,20.692489624023438,369
ApplyLipstick/v_ApplyLipstick_g01_c05.avi,0.508470892906189,1.2690027952194214,17.029386520385742,0.7479664522058823,35.257301330566406,213
ApplyLipstick/v_ApplyLipstick_g02_c01.avi,0.5278099775314331,1.211621642112732,16.124515533447266,0.7348897058823529,4.302689552307129,127
ApplyLipstick/v_ApplyLipstick_g02_c02.avi,1.1908479928970337,1.9400889873504639,22.0,0.535188419117647,24.208824157714844,118
ApplyLipstick/v_ApplyLipstick_g02_c03.avi,1.6151237487792969,3.162580966949463,29.27456283569336,0.5451815257352941,22.123001098632812,98
ApplyLipstick/v_ApplyLipstick_g02_c04.avi,0.4959138035774231,1.0200506448745728,8.5440034866333,0.7263235294117647,1.699556589126587,185
ApplyLipstick/v_ApplyLipstick_g03_c01.avi,0.7062784433364868,2.0293734073638916,31.14482307434082,0.7568887867647058,126.0344009399414,180
ApplyLipstick/v_ApplyLipstick_g03_c02.avi,1.1063802242279053,3.1319236755371094,35.84689712524414,0.7339131433823529,157.1451416015625,108
ApplyLipstick/v_ApplyLipstick_g03_c03.avi,0.4491780400276184,1.3435051441192627,17.8885440826416,0.796516544117647,64.23963928222656,154
ApplyLipstick/v_ApplyLipstick_g03_c04.avi,0.5703284740447998,1.433942437171936,14.03566837310791,0.7692670036764706,58.66553497314453,142
ApplyLipstick/v_ApplyLipstick_g04_c01.avi,1.517303705215454,3.8062784671783447,54.671749114990234,0.6001286764705882,86.11598205566406,98
ApplyLipstick/v_ApplyLipstick_g04_c02.avi,1.0250707864761353,2.3568389415740967,25.0,0.6444025735294118,37.71379470825195,144
ApplyLipstick/v_ApplyLipstick_g04_c03.avi,3.26198410987854,4.598762512207031,29.614185333251953,0.38293198529411765,108.79133605957031,150
ApplyLipstick/v_ApplyLipstick_g04_c04.avi,1.2374787330627441,2.393770217895508,25.179357528686523,0.5510753676470588,79.23078155517578,258
ApplyLipstick/v_ApplyLipstick_g04_c05.avi,1.9748247861862183,5.301395416259766,56.00892639160156,0.5508432904411765,97.50122833251953,169
ApplyLipstick/v_ApplyLipstick_g05_c01.avi,1.1589863300323486,2.0641391277313232,26.019224166870117,0.5807215073529411,156.05935668945312,177
ApplyLipstick/v_ApplyLipstick_g05_c02.avi,0.4390518367290497,1.1507660150527954,16.0,0.7921691176470588,60.52223587036133,154
ApplyLipstick/v_ApplyLipstick_g05_c03.avi,0.9455593228340149,2.258796453475952,22.203603744506836,0.6941176470588235,83.68742370605469,113
ApplyLipstick/v_ApplyLipstick_g05_c04.avi,1.9767760038375854,5.009350299835205,49.81967544555664,0.6056364889705882,185.9627685546875,120
ApplyLipstick/v_ApplyLipstick_g05_c05.avi,0.8246859908103943,1.6460517644882202,17.72004508972168,0.6750390625,112.8492660522461,156
ApplyLipstick/v_ApplyLipstick_g06_c01.avi,1.0870227813720703,2.100799083709717,18.248287200927734,0.6117003676470588,63.1768684387207,460
ApplyLipstick/v_ApplyLipstick_g06_c02.avi,0.8151431679725647,1.809264063835144,21.0,0.6632398897058823,40.97703170776367,249
ApplyLipstick/v_ApplyLipstick_g06_c03.avi,0.7729279398918152,1.7468129396438599,20.248456954956055,0.6820840992647059,61.48329544067383,153
ApplyLipstick/v_ApplyLipstick_g06_c04.avi,1.3250761032104492,2.848022222518921,27.658634185791016,0.6410638786764706,106.0701675415039,523
ApplyLipstick/v_ApplyLipstick_g06_c05.avi,1.0484585762023926,2.860491991043091,28.0,0.7116291360294118,83.31429290771484,321
ApplyLipstick/v_ApplyLipstick_g07_c01.avi,1.2344540357589722,1.9917949438095093,24.041629791259766,0.5194002757352941,31.301721572875977,270
ApplyLipstick/v_ApplyLipstick_g07_c02.avi,0.6163979172706604,1.5018916130065918,16.155494689941406,0.7345588235294118,20.68218994140625,125
ApplyLipstick/v_ApplyLipstick_g07_c03.avi,1.0144507884979248,2.6672868728637695,50.56678771972656,0.6295519301470588,90.6377182006836,226
ApplyLipstick/v_ApplyLipstick_g07_c04.avi,1.0705339908599854,3.2288689613342285,42.10700607299805,0.6171392463235295,30.3226318359375,163
Archery/v_Archery_g01_c01.avi,3.5447165966033936,7.1430487632751465,100.6578369140625,0.28393382352941177,213.26089477539062,130
Archery/v_Archery_g01_c02.avi,3.7267379760742188,4.727285861968994,38.0,0.13198529411764706,151.6448974609375,141
Archery/v_Archery_g01_c03.avi,4.076328754425049,6.699799060821533,79.22752380371094,0.21838235294117647,301.1817932128906,157
Archery/v_Archery_g01_c04.avi,1.512346625328064,2.610347032546997,28.861740112304688,0.4170036764705882,84.21571350097656,124
Archery/v_Archery_g01_c05.avi,20.465593338012695,20.617530822753906,126.11502838134766,0.0443359375,499.7032775878906,134
Archery/v_Archery_g01_c06.avi,13.694544792175293,14.090224266052246,74.00675964355469,0.043182444852941176,280.3776550292969,107
Archery/v_Archery_g01_c07.avi,2.4198296070098877,5.8719987869262695,57.42821502685547,0.48182444852941175,220.83761596679688,142
Archery/v_Archery_g02_c01.avi,2.356248378753662,5.843591690063477,65.19202423095703,0.6680721507352941,597.7783203125,157
Archery/v_Archery_g02_c02.avi,4.227823257446289,10.535652160644531,137.8441162109375,0.5987798713235294,1050.6702880859375,159
Archery/v_Archery_g02_c03.avi,2.6249687671661377,6.521047592163086,56.32051086425781,0.6686282169117647,734.2040405273438,137
Archery/v_Archery_g02_c04.avi,1.9716191291809082,5.614373207092285,69.02897644042969,0.6768566176470588,553.9332275390625,108
Archery/v_Archery_g02_c05.avi,1.5151240825653076,4.430112361907959,44.04542922973633,0.7551838235294117,665.0311279296875,126
Archery/v_Archery_g02_c06.avi,3.2593324184417725,6.020305633544922,60.87692642211914,0.5676631433823529,1157.5474853515625,112
Archery/v_Archery_g02_c07.avi,3.722637176513672,9.8831787109375,107.00466918945312,0.7011098345588235,837.6814575195312,165
Archery/v_Archery_g03_c01.avi,2.8752963542938232,6.21514892578125,36.12478256225586,0.7440142463235294,213.71188354492188,150
Archery/v_Archery_g03_c02.avi,3.9818923473358154,5.143555641174316,55.54277801513672,0.4415441176470588,315.8516540527344,176
Archery/v_Archery_g03_c03.avi,1.3083622455596924,1.847601056098938,24.1867733001709,0.4517555147058824,38.346778869628906,125
Archery/v_Archery_g03_c04.avi,3.372776985168457,4.799393653869629,74.67261505126953,0.2953722426470588,346.40863037109375,138
Archery/v_Archery_g03_c05.avi,0.24927383661270142,0.6218704581260681,8.062257766723633,0.8136029411764706,41.28488540649414,124
Archery/v_Archery_g04_c01.avi,1.2216187715530396,3.7086119651794434,56.080299377441406,0.735852481617647,675.6084594726562,164
Archery/v_Archery_g04_c02.avi,1.9035810232162476,4.88779354095459,61.35144805908203,0.6635891544117647,908.7752685546875,172
Archery/v_Archery_g04_c03.avi,1.5378923416137695,4.231339454650879,36.878177642822266,0.7427481617647059,806.4041748046875,139
Archery/v_Archery_g04_c04.avi,1.3375283479690552,3.3289220333099365,35.05709457397461,0.7261328125,733.0885620117188,134
Archery/v_Archery_g04_c05.avi,2.1417253017425537,5.610867023468018,51.788028717041016,0.7036144301470588,840.9849853515625,148
Archery/v_Archery_g05_c01.avi,0.40772953629493713,1.179638147354126,44.0,0.7737522977941177,75.03739929199219,455
Archery/v_Archery_g05_c02.avi,0.4231357276439667,1.3207906484603882,18.027755737304688,0.8072472426470588,54.00969314575195,557
Archery/v_Archery_g05_c03.avi,0.44352594017982483,1.254059910774231,15.033296585083008,0.7913235294117648,63.08135986328125,488
Archery/v_Archery_g05_c04.avi,5.475218296051025,11.438821792602539,77.88452911376953,0.41221277573529413,501.871826171875,51
Archery/v_Archery_g05_c05.avi,1.5523450374603271,2.678184747695923,34.2344856262207,0.5732421875,117.14985656738281,196
Archery/v_Archery_g06_c01.avi,1.1379185914993286,3.769005060195923,61.741397857666016,0.7646277573529412,188.71583557128906,80
Archery/v_Archery_g06_c02.avi,1.8523234128952026,5.637694835662842,72.83543395996094,0.6961833639705882,329.037353515625,115
Archery/v_Archery_g06_c03.avi,2.45811128616333,7.227874279022217,86.83892822265625,0.5903791360294117,326.10333251953125,86
Archery/v_Archery_g06_c04.avi,1.6369649171829224,2.357567310333252,26.248809814453125,0.33450827205882355,161.95704650878906,103
Archery/v_Archery_g06_c05.avi,3.0087172985076904,4.1893839836120605,35.34119415283203,0.3482996323529412,142.62570190429688,129
Archery/v_Archery_g06_c06.avi,2.20521879196167,6.376204013824463,75.27283477783203,0.6677113970588235,336.28961181640625,131
Archery/v_Archery_g07_c01.avi,0.6836042404174805,2.135045051574707,33.37664031982422,0.7567991727941177,92.25524139404297,91
Archery/v_Archery_g07_c02.avi,2.706878185272217,5.340822219848633,57.28001403808594,0.5013327205882353,149.71560668945312,72
Archery/v_Archery_g07_c03.avi,0.8700807690620422,2.06213116645813,27.784887313842773,0.6709122242647059,81.54594421386719,51
Archery/v_Archery_g07_c04.avi,0.9104687571525574,2.1488335132598877,28.0,0.6645611213235294,114.60919189453125,51
Archery/v_Archery_g07_c05.avi,0.3164910674095154,0.8820820450782776,12.0,0.8141911764705883,12.164122581481934,64
Archery/v_Archery_g07_c06.avi,1.0429387092590332,2.6339385509490967,26.07680892944336,0.7114981617647059,103.69364929199219,67
BabyCrawling/v_BabyCrawling_g01_c01.avi,3.289132833480835,4.390672206878662,42.04759216308594,0.36622931985294116,43.67232131958008,164
BabyCrawling/v_BabyCrawling_g01_c02.avi,5.6214470863342285,7.289610385894775,49.04079818725586,0.3389797794117647,82.6252670288086,164
BabyCrawling/v_BabyCrawling_g01_c03.avi,3.1773009300231934,5.964443206787109,60.008331298828125,0.4266268382352941,81.23809814453125,155
BabyCrawling/v_BabyCrawling_g01_c04.avi,6.164800643920898,7.624080181121826,72.0,0.25795726102941174,82.86650085449219,218
BabyCrawling/v_BabyCrawling_g02_c01.avi,2.7155556678771973,3.189661741256714,43.011627197265625,0.2745886948529412,30.524911880493164,109
BabyCrawling/v_BabyCrawling_g02_c02.avi,4.056510925292969,5.4733500480651855,54.08327102661133,0.2247954963235294,41.07638931274414,112
BabyCrawling/v_BabyCrawling_g02_c03.avi,14.617466926574707,13.27737045288086,114.07015228271484,0.1613878676470588,118.01646423339844,117
BabyCrawling/v_BabyCrawling_g02_c04.avi,7.632584571838379,10.307843208312988,73.0,0.24473345588235293,51.56327438354492,105
BabyCrawling/v_BabyCrawling_g02_c05.avi,1.932108759880066,2.2660675048828125,52.038448333740234,0.2447954963235294,30.612884521484375,84
BabyCrawling/v_BabyCrawling_g02_c06.avi,4.091212272644043,5.388452529907227,40.01249694824219,0.1844875919117647,27.20111083984375,190
BabyCrawling/v_BabyCrawling_g03_c01.avi,2.582125425338745,3.355952262878418,39.20458984375,0.20185431985294117,89.73343658447266,214
BabyCrawling/v_BabyCrawling_g03_c02.avi,18.862213134765625,20.593854904174805,154.3243408203125,0.15907169117647058,453.4806213378906,180
BabyCrawling/v_BabyCrawling_g03_c03.avi,10.109851837158203,8.92150592803955,66.48307800292969,0.05815027573529412,245.3704833984375,197
BabyCrawling/v_BabyCrawling_g03_c04.avi,9.226701736450195,8.530357360839844,62.96824645996094,0.08718060661764705,483.89813232421875,206
BabyCrawling/v_BabyCrawling_g04_c01.avi,4.865381240844727,6.613272190093994,86.02325439453125,0.30905330882352944,72.31819152832031,127
BabyCrawling/v_BabyCrawling_g04_c02.avi,3.0211021900177,4.686004161834717,43.416587829589844,0.3720749080882353,92.68926239013672,178
BabyCrawling/v_BabyCrawling_g04_c03.avi,4.314953804016113,4.467604637145996,43.011627197265625,0.3083019301470588,176.4921875,159
BabyCrawling/v_BabyCrawling_g04_c04.avi,6.851024150848389,8.202876091003418,59.36328887939453,0.33443704044117645,99.60380554199219,204
BabyCrawling/v_BabyCrawling_g05_c01.avi,3.663250207901001,6.195796489715576,46.27094268798828,0.4669232536764706,101.40157318115234,220
BabyCrawling/v_BabyCrawling_g05_c02.avi,4.035459995269775,6.32895040512085,53.0848388671875,0.22806755514705881,78.53131866455078,196
BabyCrawling/v_BabyCrawling_g05_c03.avi,3.2029192447662354,4.7783050537109375,58.00862121582031,0.28638556985294117,111.35037994384766,270
BabyCrawling/v_BabyCrawling_g05_c04.avi,4.273477077484131,5.553952693939209,64.0078125,0.25834558823529413,99.16007232666016,229
BabyCrawling/v_BabyCrawling_g05_c05.avi,2.5591351985931396,3.8529646396636963,42.7551155090332,0.24331801470588235,110.29347229003906,158
BabyCrawling/v_BabyCrawling_g06_c01.avi,0.5522257089614868,1.7428034543991089,18.867961883544922,0.7619002757352941,210.85507202148438,198
BabyCrawling/v_BabyCrawling_g06_c02.avi,1.5013388395309448,2.0717990398406982,15.29705810546875,0.48383501838235293,204.85958862304688,167
BabyCrawling/v_BabyCrawling_g06_c03.avi,1.2560840845108032,2.4105145931243896,19.209373474121094,0.6134191176470588,135.37405395507812,201
BabyCrawling/v_BabyCrawling_g06_c04.avi,1.5789470672607422,3.5939865112304688,41.773197174072266,0.6173483455882353,362.8127136230469,113
BabyCrawling/v_BabyCrawling_g06_c05.avi,1.8637622594833374,3.2644965648651123,38.07886505126953,0.5314568014705883,154.94802856445312,258
BabyCrawling/v_BabyCrawling_g06_c06.avi,1.5026284456253052,2.6294782161712646,30.0,0.5017555147058823,130.66796875,329
BabyCrawling/v_BabyCrawling_g07_c01.avi,4.781425952911377,5.850464820861816,33.541019439697266,0.31420036764705883,81.80987548828125,203
BabyCrawling/v_BabyCrawling_g07_c02.avi,3.948439836502075,4.064125061035156,36.12478256225586,0.30912224264705884,67.74519348144531,145
BabyCrawling/v_BabyCrawling_g07_c03.avi,7.936707496643066,10.130352973937988,76.00657653808594,0.3001034007352941,127.010009765625,171
BabyCrawling/v_BabyCrawling_g07_c04.avi,1.5896728038787842,3.3809473514556885,46.173583984375,0.4698161764705882,54.579071044921875,215
BabyCrawling/v_BabyCrawling_g07_c05.avi,1.716270923614502,2.4598355293273926,28.07133674621582,0.4087454044117647,125.6167984008789,141
BabyCrawling/v_BabyCrawling_g07_c06.avi,6.171916961669922,7.516061782836914,51.009803771972656,0.3042578125,115.79176330566406,210
BalanceBeam/v_BalanceBeam_g01_c01.avi,0.1564387083053589,0.7084140181541443,16.0,0.9223529411764706,20.950458526611328,125
BalanceBeam/v_BalanceBeam_g01_c02.avi,0.4454253315925598,2.3422048091888428,52.038448333740234,0.8941544117647059,30.5141544342041,90
BalanceBeam/v_BalanceBeam_g01_c03.avi,0.1985553503036499,0.947490394115448,19.0,0.9159926470588236,34.17778778076172,112
BalanceBeam/v_BalanceBeam_g01_c04.avi,12.726642608642578,14.186527252197266,68.26419067382812,0.22110064338235294,665.3548583984375,111
BalanceBeam/v_BalanceBeam_g02_c01.avi,10.682666778564453,13.142780303955078,135.13327026367188,0.32009650735294115,470.10302734375,82
BalanceBeam/v_BalanceBeam_g02_c02.avi,6.968774318695068,7.3976874351501465,71.0,0.3018474264705882,256.6608581542969,100
BalanceBeam/v_BalanceBeam_g02_c03.avi,38.078365325927734,39.22174072265625,203.0,0.21061351102941175,932.3037109375,60
BalanceBeam/v_BalanceBeam_g02_c04.avi,19.93819236755371,28.909238815307617,241.0186767578125,0.3788235294117647,897.6408081054688,133
BalanceBeam/v_BalanceBeam_g03_c01.avi,6.310330390930176,13.980567932128906,73.00685119628906,0.7138602941176471,182.75869750976562,197
BalanceBeam/v_BalanceBeam_g03_c02.avi,9.364789009094238,12.12468147277832,60.13318634033203,0.45277573529411763,526.2589111328125,105
BalanceBeam/v_BalanceBeam_g03_c03.avi,8.631784439086914,15.252758026123047,172.0,0.4420105698529412,541.2489013671875,101
BalanceBeam/v_BalanceBeam_g03_c04.avi,19.539302825927734,23.651920318603516,136.36715698242188,0.3726125919117647,518.06103515625,74
BalanceBeam/v_BalanceBeam_g04_c01.avi,12.28255558013916,14.124964714050293,65.19202423095703,0.3120013786764706,921.8468017578125,120
BalanceBeam/v_BalanceBeam_g04_c02.avi,1.8189629316329956,3.243314504623413,50.0099983215332,0.5404021139705882,454.67803955078125,230
BalanceBeam/v_BalanceBeam_g04_c03.avi,9.421010971069336,14.128246307373047,137.0,0.4345588235294118,609.7734375,160
BalanceBeam/v_BalanceBeam_g04_c04.avi,9.443887710571289,9.938531875610352,87.0,0.3005537683823529,512.0220947265625,131
BalanceBeam/v_BalanceBeam_g05_c01.avi,16.358135223388672,29.72328758239746,243.82369995117188,0.45649816176470587,507.26861572265625,95
BalanceBeam/v_BalanceBeam_g05_c02.avi,14.306573867797852,13.193971633911133,62.513999938964844,0.3037362132352941,446.2325744628906,114
BalanceBeam/v_BalanceBeam_g05_c03.avi,8.011812210083008,10.339455604553223,50.2493782043457,0.32619025735294116,699.8416748046875,111
BalanceBeam/v_BalanceBeam_g05_c04.avi,4.765360355377197,6.625577926635742,54.037025451660156,0.3909903492647059,345.47467041015625,180
BalanceBeam/v_BalanceBeam_g06_c01.avi,1.44565749168396,2.475269079208374,35.12833786010742,0.6135018382352941,41.50493240356445,106
BalanceBeam/v_BalanceBeam_g06_c02.avi,6.441552639007568,5.834952354431152,40.4474983215332,0.3255859375,300.0443420410156,118
BalanceBeam/v_BalanceBeam_g06_c03.avi,3.622485399246216,6.260395526885986,33.0,0.495,196.82406616210938,105
BalanceBeam/v_BalanceBeam_g06_c04.avi,9.145237922668457,9.368180274963379,52.009613037109375,0.33367417279411765,381.6871337890625,120
BalanceBeam/v_BalanceBeam_g06_c05.avi,7.001523971557617,11.840559005737305,113.0,0.42031709558823527,289.19635009765625,102
BalanceBeam/v_BalanceBeam_g06_c06.avi,5.507775783538818,6.082390785217285,37.80211639404297,0.3466544117647059,238.4097137451172,111
BalanceBeam/v_BalanceBeam_g06_c07.avi,8.997941970825195,9.880149841308594,43.416587829589844,0.33285845588235297,261.11224365234375,116
BalanceBeam/v_BalanceBeam_g07_c01.avi,17.19525146484375,21.714920043945312,99.12618255615234,0.3360294117647059,643.8426513671875,78
BalanceBeam/v_BalanceBeam_g07_c02.avi,4.179721832275391,6.430560111999512,34.0,0.4578607536764706,149.18917846679688,110
BalanceBeam/v_BalanceBeam_g07_c03.avi,4.238283157348633,8.262796401977539,34.525352478027344,0.6097794117647058,79.1743392944336,202
BalanceBeam/v_BalanceBeam_g07_c04.avi,24.541461944580078,28.20273208618164,194.0,0.35272288602941176,515.93212890625,107
BandMarching/v_BandMarching_g01_c01.avi,4.378966331481934,7.833557605743408,69.1158447265625,0.4259949448529412,561.3912963867188,159
BandMarching/v_BandMarching_g01_c02.avi,5.272040843963623,7.9036641120910645,57.14017868041992,0.4108938419117647,730.6416015625,161
BandMarching/v_BandMarching_g01_c03.avi,0.8581268787384033,1.9888341426849365,19.0,0.7234926470588235,644.5656127929688,150
BandMarching/v_BandMarching_g01_c04.avi,1.781468391418457,2.431617498397827,26.0,0.4976125919117647,569.524658203125,159
BandMarching/v_BandMarching_g01_c05.avi,0.6561955809593201,1.3487238883972168,15.033296585083008,0.6817233455882353,266.5942687988281,167
BandMarching/v_BandMarching_g01_c06.avi,0.6706700921058655,1.230234146118164,11.180339813232422,0.6375045955882352,434.875732421875,150
BandMarching/v_BandMarching_g01_c07.avi,0.6551366448402405,1.2378252744674683,15.0,0.6604181985294117,452.957763671875,109
BandMarching/v_BandMarching_g02_c01.avi,3.885852813720703,7.1207451820373535,72.06246948242188,0.5924448529411764,1153.3140869140625,155
BandMarching/v_BandMarching_g02_c02.avi,3.885852813720703,7.1207451820373535,72.06246948242188,0.5924448529411764,1153.3140869140625,155
BandMarching/v_BandMarching_g02_c03.avi,0.48256605863571167,0.9268250465393066,9.0,0.684485294117647,304.8008117675781,122
BandMarching/v_BandMarching_g02_c04.avi,0.5345438122749329,1.0643898248672485,10.049875259399414,0.7028285845588236,349.88519287109375,121
BandMarching/v_BandMarching_g02_c05.avi,1.9334126710891724,2.3420236110687256,16.0,0.4615050551470588,442.8662109375,122
BandMarching/v_BandMarching_g02_c06.avi,3.361739158630371,4.391030788421631,25.01999282836914,0.46678308823529413,763.60400390625,124
BandMarching/v_BandMarching_g02_c07.avi,8.536117553710938,10.465438842773438,49.36598205566406,0.2253952205882353,1478.90869140625,144
BandMarching/v_BandMarching_g03_c01.avi,4.62861967086792,9.955941200256348,92.66067504882812,0.5753676470588235,526.1182861328125,404
BandMarching/v_BandMarching_g03_c02.avi,4.591053485870361,8.865328788757324,72.44998168945312,0.4375919117647059,554.0487670898438,334
BandMarching/v_BandMarching_g03_c03.avi,8.859420776367188,15.46560287475586,76.843994140625,0.4303469669117647,1082.978515625,283
BandMarching/v_BandMarching_g03_c04.avi,4.069520473480225,4.91761589050293,64.0,0.2908846507352941,499.3651428222656,470
BandMarching/v_BandMarching_g03_c05.avi,6.327923774719238,10.05293083190918,194.0,0.3003722426470588,629.7809448242188,269
BandMarching/v_BandMarching_g03_c06.avi,4.378526210784912,6.672840595245361,64.19501495361328,0.39600413602941176,791.394775390625,413
BandMarching/v_BandMarching_g03_c07.avi,1.203410267829895,2.6087844371795654,48.0,0.6528676470588235,367.5682678222656,248
BandMarching/v_BandMarching_g04_c01.avi,1.1865981817245483,3.2808749675750732,40.70626449584961,0.7679802389705882,256.5802307128906,447
BandMarching/v_BandMarching_g04_c02.avi,0.9405734539031982,2.3498435020446777,31.14482307434082,0.7229044117647059,791.9295654296875,209
BandMarching/v_BandMarching_g04_c03.avi,0.9517321586608887,2.1753151416778564,22.360679626464844,0.6992279411764706,643.5546264648438,194
BandMarching/v_BandMarching_g04_c04.avi,0.7124487161636353,1.7086176872253418,21.0,0.720085018382353,687.7485961914062,166
BandMarching/v_BandMarching_g05_c01.avi,5.7421064376831055,6.986436367034912,59.0,0.15865349264705883,938.5354614257812,46
BandMarching/v_BandMarching_g05_c02.avi,1.2673534154891968,2.2872207164764404,27.294687271118164,0.5591544117647059,620.1731567382812,83
BandMarching/v_BandMarching_g05_c03.avi,7.146859645843506,5.453550338745117,36.12478256225586,0.01496783088235294,1743.479736328125,148
BandMarching/v_BandMarching_g05_c04.avi,5.390124797821045,4.974897861480713,51.03919982910156,0.13732996323529412,724.7374267578125,88
BandMarching/v_BandMarching_g05_c05.avi,2.1698920726776123,1.137054204940796,10.0,0.10878676470588235,240.1277313232422,64
BandMarching/v_BandMarching_g05_c06.avi,4.9658966064453125,7.498148441314697,62.169124603271484,0.23400505514705883,1068.78662109375,78
BandMarching/v_BandMarching_g05_c07.avi,1.5541205406188965,1.8991540670394897,23.34523582458496,0.2968106617647059,222.76220703125,61
BandMarching/v_BandMarching_g06_c01.avi,7.922245025634766,6.485048770904541,34.0,0.12816176470588236,831.0388793945312,67
BandMarching/v_BandMarching_g06_c02.avi,1.244492530822754,3.309324264526367,76.0,0.6059558823529412,407.28558349609375,151
BandMarching/v_BandMarching_g06_c03.avi,0.9777060151100159,1.9356467723846436,17.72004508972168,0.6346691176470588,789.3147583007812,104
BandMarching/v_BandMarching_g06_c04.avi,3.9217193126678467,10.065855979919434,150.0,0.36794347426470586,1411.2076416015625,117
BandMarching/v_BandMarching_g07_c01.avi,3.54404354095459,3.8871219158172607,27.294687271118164,0.3426815257352941,270.89324951171875,70
BandMarching/v_BandMarching_g07_c02.avi,9.496024131774902,12.83646011352539,78.8733139038086,0.21092141544117646,676.9348754882812,101
BandMarching/v_BandMarching_g07_c03.avi,12.555952072143555,16.14448356628418,95.63471984863281,0.18613511029411764,993.4544067382812,104
BandMarching/v_BandMarching_g07_c04.avi,10.52308464050293,12.620535850524902,86.40023040771484,0.07190027573529412,941.1256103515625,131
BandMarching/v_BandMarching_g07_c05.avi,30.213274002075195,31.60968780517578,138.05072021484375,0.1565280330882353,2039.569580078125,116
BandMarching/v_BandMarching_g07_c06.avi,15.092008590698242,27.128780364990234,159.81239318847656,0.1683111213235294,1032.4805908203125,145
BandMarching/v_BandMarching_g07_c07.avi,15.092008590698242,27.128780364990234,159.81239318847656,0.1683111213235294,1032.4805908203125,145
BaseballPitch/v_BaseballPitch_g01_c01.avi,1.7148826122283936,2.9577765464782715,24.1867733001709,0.5182490808823529,230.78369140625,106
BaseballPitch/v_BaseballPitch_g01_c02.avi,0.7731484174728394,1.7483752965927124,20.02498435974121,0.6199356617647059,170.20880126953125,93
BaseballPitch/v_BaseballPitch_g01_c03.avi,0.10592231154441833,0.581386923789978,10.770329475402832,0.9410730698529411,23.67428970336914,103
BaseballPitch/v_BaseballPitch_g01_c04.avi,1.5886456966400146,2.344820737838745,26.925823211669922,0.3326677389705882,364.43353271484375,104
BaseballPitch/v_BaseballPitch_g01_c05.avi,0.19611263275146484,0.8467594981193542,16.124515533447266,0.9205170036764706,25.882715225219727,91
BaseballPitch/v_BaseballPitch_g01_c06.avi,0.19961954653263092,0.8262916207313538,10.198039054870605,0.9209191176470588,20.802730560302734,101
BaseballPitch/v_BaseballPitch_g02_c01.avi,5.621829509735107,5.196661949157715,32.24903106689453,0.16784926470588235,164.96957397460938,78
BaseballPitch/v_BaseballPitch_g02_c02.avi,4.994099140167236,3.590407371520996,38.05259704589844,0.10802159926470588,121.04972839355469,71
BaseballPitch/v_BaseballPitch_g02_c03.avi,6.573506832122803,3.3006908893585205,32.06243896484375,0.008979779411764706,141.03536987304688,75
BaseballPitch/v_BaseballPitch_g02_c04.avi,5.37286376953125,2.799898624420166,24.020824432373047,0.04034237132352941,113.8824462890625,84
BaseballPitch/v_BaseballPitch_g03_c01.avi,9.956392288208008,14.381625175476074,77.64663696289062,0.09229319852941177,416.68603515625,86
BaseballPitch/v_BaseballPitch_g03_c02.avi,11.773894309997559,16.39585304260254,137.0146026611328,0.31648667279411763,699.8458862304688,119
BaseballPitch/v_BaseballPitch_g03_c03.avi,8.439884185791016,14.91980266571045,130.3610382080078,0.3255353860294118,587.1298828125,87
BaseballPitch/v_BaseballPitch_g03_c04.avi,0.8424217104911804,2.7942047119140625,32.015621185302734,0.7973920036764706,186.10928344726562,79
BaseballPitch/v_BaseballPitch_g03_c05.avi,0.5181881785392761,1.5591202974319458,15.033296585083008,0.8136764705882353,180.25299072265625,69
BaseballPitch/v_BaseballPitch_g03_c06.avi,0.9325940012931824,2.8579092025756836,35.0142822265625,0.7736029411764705,281.55084228515625,75
BaseballPitch/v_BaseballPitch_g03_c07.avi,0.7988124489784241,2.2467081546783447,30.01666259765625,0.7585684742647059,240.4162139892578,96
BaseballPitch/v_BaseballPitch_g04_c01.avi,2.0622544288635254,2.872499465942383,48.093658447265625,0.3269140625,118.61625671386719,212
BaseballPitch/v_BaseballPitch_g04_c02.avi,2.5059409141540527,2.5789666175842285,47.01063537597656,0.06476792279411765,159.54769897460938,113
BaseballPitch/v_BaseballPitch_g04_c03.avi,2.1251840591430664,1.9125871658325195,27.459060668945312,0.09103860294117647,159.7668914794922,98
BaseballPitch/v_BaseballPitch_g04_c04.avi,2.1552205085754395,1.9754055738449097,26.019224166870117,0.11147058823529411,199.2447967529297,117
BaseballPitch/v_BaseballPitch_g04_c05.avi,2.171161651611328,2.733220100402832,32.649654388427734,0.2749172794117647,149.34158325195312,115
BaseballPitch/v_BaseballPitch_g05_c01.avi,1.6778678894042969,5.192983150482178,68.18357849121094,0.6974057904411765,163.67562866210938,117
BaseballPitch/v_BaseballPitch_g05_c02.avi,0.3044990301132202,1.3099530935287476,20.124610900878906,0.8702205882352941,104.9077377319336,93
BaseballPitch/v_BaseballPitch_g05_c03.avi,0.3994118869304657,1.573083758354187,22.090721130371094,0.856360294117647,170.37069702148438,90
BaseballPitch/v_BaseballPitch_g05_c04.avi,0.47763097286224365,1.598196268081665,29.154760360717773,0.8163143382352941,176.70050048828125,115
BaseballPitch/v_BaseballPitch_g05_c05.avi,0.6670442223548889,2.571561098098755,58.00862121582031,0.8040969669117647,180.56655883789062,71
BaseballPitch/v_BaseballPitch_g05_c06.avi,0.35180824995040894,1.2863168716430664,20.0,0.8634811580882353,189.38189697265625,115
BaseballPitch/v_BaseballPitch_g05_c07.avi,0.44952407479286194,1.6782456636428833,36.013885498046875,0.8494117647058823,76.41800689697266,69
BaseballPitch/v_BaseballPitch_g06_c01.avi,0.7782644033432007,1.887018084526062,30.805843353271484,0.6727458639705882,82.48697662353516,98
BaseballPitch/v_BaseballPitch_g06_c02.avi,1.0965574979782104,2.959232807159424,46.52956008911133,0.6525229779411764,149.651123046875,86
BaseballPitch/v_BaseballPitch_g06_c03.avi,0.9034329652786255,2.645488977432251,40.52159881591797,0.7050919117647059,86.77125549316406,104
BaseballPitch/v_BaseballPitch_g06_c04.avi,0.9944758415222168,3.00297212600708,51.009803771972656,0.69609375,113.69636535644531,46
BaseballPitch/v_BaseballPitch_g06_c05.avi,0.33059126138687134,0.9170424342155457,12.206555366516113,0.8039338235294118,17.0184383392334,62
BaseballPitch/v_BaseballPitch_g06_c06.avi,1.4168728590011597,4.175862789154053,72.00694274902344,0.6144806985294118,185.72967529296875,60
BaseballPitch/v_BaseballPitch_g06_c07.avi,0.8717061281204224,2.8281471729278564,56.035701751708984,0.6703653492647059,74.16989135742188,80
BaseballPitch/v_BaseballPitch_g07_c01.avi,0.34177666902542114,1.3972495794296265,15.0,0.8831617647058824,74.85948181152344,64
BaseballPitch/v_BaseballPitch_g07_c02.avi,0.28659170866012573,1.1493414640426636,24.020824432373047,0.8827481617647058,37.52174377441406,137
BaseballPitch/v_BaseballPitch_g07_c03.avi,0.8699074387550354,3.0010547637939453,49.04079818725586,0.8003193933823529,168.97637939453125,77
BaseballPitch/v_BaseballPitch_g07_c04.avi,0.7158843874931335,2.7274346351623535,39.0,0.8155514705882353,229.2634735107422,87
BaseballPitch/v_BaseballPitch_g07_c05.avi,0.809704601764679,2.4096314907073975,30.01666259765625,0.7766911764705883,238.5578155517578,69
BaseballPitch/v_BaseballPitch_g07_c06.avi,0.8718517422676086,2.9605133533477783,35.80502700805664,0.8172426470588235,238.3083953857422,77
BaseballPitch/v_BaseballPitch_g07_c07.avi,0.8144583106040955,2.7447545528411865,36.055511474609375,0.8135294117647058,162.2881317138672,79
Basketball/v_Basketball_g01_c01.avi,0.18214116990566254,0.7120886445045471,10.049875259399414,0.8994439338235294,18.944156646728516,140
Basketball/v_Basketball_g01_c02.avi,0.5187206864356995,1.678471326828003,21.540658950805664,0.8173230698529412,81.83269500732422,179
Basketball/v_Basketball_g01_c03.avi,0.1865072399377823,0.8236864805221558,11.180339813232422,0.9010661764705883,20.649328231811523,205
Basketball/v_Basketball_g01_c04.avi,0.2883252799510956,1.3273131847381592,19.10497283935547,0.8771920955882353,44.508174896240234,107
Basketball/v_Basketball_g01_c05.avi,0.2513529062271118,1.0036488771438599,18.0,0.8785018382352942,28.619487762451172,140
Basketball/v_Basketball_g01_c06.avi,0.17283795773983002,0.743827760219574,15.0,0.9036741727941177,22.256946563720703,147
Basketball/v_Basketball_g01_c07.avi,0.7064616680145264,1.9876576662063599,32.0,0.7554067095588235,87.63490295410156,99
Basketball/v_Basketball_g02_c01.avi,3.3506367206573486,5.129218578338623,61.52235412597656,0.2486282169117647,113.18534851074219,52
Basketball/v_Basketball_g02_c02.avi,6.463225364685059,7.564781188964844,66.0,0.2119439338235294,150.82009887695312,55
Basketball/v_Basketball_g02_c03.avi,4.664787292480469,5.062379360198975,51.078372955322266,0.10162224264705882,98.2136459350586,111
Basketball/v_Basketball_g02_c04.avi,5.55523681640625,4.972435474395752,43.185646057128906,0.20970818014705883,57.87873077392578,79
Basketball/v_Basketball_g02_c05.avi,3.0074541568756104,3.5871853828430176,29.017236709594727,0.3098184742647059,53.201507568359375,143
Basketball/v_Basketball_g02_c06.avi,0.29960399866104126,0.7579107284545898,9.0,0.8179779411764706,2.9002230167388916,123
Basketball/v_Basketball_g03_c01.avi,0.42351099848747253,2.2152135372161865,37.336307525634766,0.8889315257352941,58.26538848876953,137
Basketball/v_Basketball_g03_c02.avi,0.12659281492233276,0.6159371733665466,8.5440034866333,0.9318014705882353,10.046297073364258,125
Basketball/v_Basketball_g03_c03.avi,1.6400105953216553,5.007742404937744,57.567352294921875,0.7251378676470588,447.5430603027344,119
Basketball/v_Basketball_g03_c04.avi,0.22685620188713074,0.907828152179718,13.416407585144043,0.8888993566176471,42.62095260620117,79
Basketball/v_Basketball_g03_c05.avi,0.09803692251443863,0.40726739168167114,8.062257766723633,0.9262867647058823,12.295927047729492,122
Basketball/v_Basketball_g03_c06.avi,0.2872517704963684,1.3723973035812378,26.4007568359375,0.8922403492647059,44.29744338989258,85
Basketball/v_Basketball_g04_c01.avi,2.8190877437591553,3.8049185276031494,41.1096076965332,0.4349103860294118,225.84036254882812,108
Basketball/v_Basketball_g04_c02.avi,1.9166085720062256,3.0474438667297363,38.0,0.4590854779411765,83.68653869628906,103
Basketball/v_Basketball_g04_c03.avi,1.4694068431854248,2.8334836959838867,62.12889862060547,0.40512867647058826,93.33663177490234,105
Basketball/v_Basketball_g04_c04.avi,3.6446852684020996,6.700651168823242,78.10249328613281,0.3001263786764706,151.6909637451172,71
Basketball/v_Basketball_g05_c01.avi,1.26576828956604,3.2418036460876465,46.0,0.5844967830882353,114.32722473144531,133
Basketball/v_Basketball_g05_c02.avi,0.8497195839881897,1.5711125135421753,30.0,0.5136741727941176,163.9076385498047,110
Basketball/v_Basketball_g05_c03.avi,0.7064616680145264,1.9876576662063599,32.0,0.7554067095588235,87.63490295410156,99
Basketball/v_Basketball_g05_c04.avi,1.517645239830017,3.8785159587860107,69.0,0.5806525735294118,225.3430633544922,86
Basketball/v_Basketball_g06_c01.avi,9.226032257080078,10.170217514038086,49.36598205566406,0.24517922794117647,222.0009307861328,70
Basketball/v_Basketball_g06_c02.avi,13.18812370300293,12.217001914978027,97.52947998046875,0.120625,255.6209716796875,100
Basketball/v_Basketball_g06_c03.avi,15.476493835449219,11.325736999511719,55.865909576416016,0.03085248161764706,291.3878479003906,90
Basketball/v_Basketball_g06_c04.avi,29.384801864624023,38.94984436035156,200.82081604003906,0.1009466911764706,543.9166870117188,76
Basketball/v_Basketball_g07_c01.avi,1.3443360328674316,2.3247573375701904,25.70992088317871,0.46220818014705883,123.6081314086914,141
Basketball/v_Basketball_g07_c02.avi,1.1712785959243774,2.3967936038970947,44.643028259277344,0.5265280330882353,80.04692840576172,100
Basketball/v_Basketball_g07_c03.avi,2.0538699626922607,2.663691759109497,34.885528564453125,0.2062454044117647,80.62501525878906,149
Basketball/v_Basketball_g07_c04.avi,1.703398585319519,3.6229259967803955,38.05259704589844,0.44471507352941175,325.9411315917969,100
BasketballDunk/v_BasketballDunk_g01_c01.avi,7.772729873657227,12.488059043884277,146.8740997314453,0.32954963235294116,1815.4019775390625,60
BasketballDunk/v_BasketballDunk_g01_c02.avi,0.6749429702758789,1.2665389776229858,14.866068840026855,0.5558823529411765,948.0423583984375,64
BasketballDunk/v_BasketballDunk_g01_c03.avi,2.273292064666748,3.0113742351531982,37.0,0.3115349264705882,665.968994140625,70
BasketballDunk/v_BasketballDunk_g01_c04.avi,16.651464462280273,13.900394439697266,77.36924743652344,0.10452895220588235,2460.5390625,60
BasketballDunk/v_BasketballDunk_g01_c05.avi,1.0280534029006958,3.2266037464141846,62.0,0.5516911764705882,943.6223754882812,65
BasketballDunk/v_BasketballDunk_g01_c06.avi,8.352645874023438,8.217873573303223,57.0,0.17548023897058823,492.1788635253906,79
BasketballDunk/v_BasketballDunk_g01_c07.avi,5.707269191741943,5.193577766418457,34.525352478027344,0.1417876838235294,2016.5341796875,56
BasketballDunk/v_BasketballDunk_g02_c01.avi,28.01783561706543,35.78558349609375,183.0,0.11384880514705882,1169.5592041015625,55
BasketballDunk/v_BasketballDunk_g02_c02.avi,14.172667503356934,20.532384872436523,112.00446319580078,0.16788373161764705,769.292236328125,108
BasketballDunk/v_BasketballDunk_g02_c03.avi,7.45950984954834,6.055632591247559,38.0,0.08847886029411765,651.4691162109375,70
BasketballDunk/v_BasketballDunk_g02_c04.avi,23.38966178894043,24.73509979248047,205.0,0.11140854779411764,1317.7803955078125,57
BasketballDunk/v_BasketballDunk_g03_c01.avi,4.840954303741455,5.500888824462891,45.0,0.2971530330882353,985.79150390625,57
BasketballDunk/v_BasketballDunk_g03_c02.avi,10.11087703704834,10.976531028747559,156.0,0.1394577205882353,667.6322021484375,75
BasketballDunk/v_BasketballDunk_g03_c03.avi,12.280683517456055,10.540245056152344,115.0,0.13073529411764706,943.6312255859375,73
BasketballDunk/v_BasketballDunk_g03_c04.avi,0.5958302021026611,2.1391305923461914,24.083189010620117,0.8482904411764706,349.0803527832031,80
BasketballDunk/v_BasketballDunk_g03_c05.avi,4.536412239074707,3.4162955284118652,25.298221588134766,0.17893841911764705,485.87481689453125,70
BasketballDunk/v_BasketballDunk_g03_c06.avi,3.2130753993988037,3.26792311668396,15.132745742797852,0.25223345588235296,147.2168731689453,65
BasketballDunk/v_BasketballDunk_g04_c01.avi,4.925229549407959,5.383790016174316,32.69556427001953,0.2626907169117647,2470.30908203125,50
BasketballDunk/v_BasketballDunk_g04_c02.avi,11.689918518066406,12.49068546295166,71.00704193115234,0.3008409926470588,1100.4498291015625,54
BasketballDunk/v_BasketballDunk_g04_c03.avi,0.27603721618652344,0.6852825880050659,13.0,0.7920955882352941,92.18647766113281,61
BasketballDunk/v_BasketballDunk_g04_c04.avi,3.344961166381836,4.382540702819824,28.284271240234375,0.36156479779411765,457.8519592285156,47
BasketballDunk/v_BasketballDunk_g05_c01.avi,4.249374866485596,4.780991077423096,27.20294189453125,0.3210661764705882,1009.6978759765625,51
BasketballDunk/v_BasketballDunk_g05_c02.avi,0.6580762267112732,1.6678674221038818,20.615528106689453,0.7454090073529411,546.2596435546875,79
BasketballDunk/v_BasketballDunk_g05_c03.avi,22.622894287109375,29.980871200561523,119.0,0.20448069852941175,2307.7646484375,55
BasketballDunk/v_BasketballDunk_g05_c04.avi,15.620261192321777,21.409412384033203,86.00581359863281,0.20165211397058824,1075.98388671875,51
BasketballDunk/v_BasketballDunk_g05_c05.avi,2.7088499069213867,4.0526885986328125,57.55866622924805,0.41121323529411763,1020.49462890625,52
BasketballDunk/v_BasketballDunk_g05_c06.avi,0.8177929520606995,2.518179178237915,43.931766510009766,0.6739958639705882,357.55487060546875,83
BasketballDunk/v_BasketballDunk_g06_c01.avi,0.641156017780304,1.7802605628967285,21.095022201538086,0.7819393382352942,167.275634765625,51
BasketballDunk/v_BasketballDunk_g06_c02.avi,9.186378479003906,10.467940330505371,56.29387283325195,0.18979090073529412,443.1839294433594,60
BasketballDunk/v_BasketballDunk_g06_c03.avi,7.422214508056641,7.683717250823975,52.611785888671875,0.2687568933823529,489.60546875,52
BasketballDunk/v_BasketballDunk_g06_c04.avi,0.6639543175697327,0.9950665831565857,8.0,0.6104044117647058,29.207529067993164,62
BasketballDunk/v_BasketballDunk_g07_c01.avi,4.335744380950928,5.928764820098877,72.0,0.32461397058823527,842.9069213867188,41
BasketballDunk/v_BasketballDunk_g07_c02.avi,8.100735664367676,11.90789794921875,90.3548583984375,0.2736167279411765,530.1270751953125,34
BasketballDunk/v_BasketballDunk_g07_c03.avi,2.9908359050750732,3.3443355560302734,34.0,0.29216911764705883,1184.812744140625,52
BasketballDunk/v_BasketballDunk_g07_c04.avi,7.943370342254639,10.381102561950684,72.0,0.2653423713235294,867.0072021484375,45
BasketballDunk/v_BasketballDunk_g07_c05.avi,5.484855651855469,7.513847351074219,43.0,0.3142233455882353,809.8284912109375,36
BasketballDunk/v_BasketballDunk_g07_c06.avi,3.9172260761260986,4.582886219024658,40.16217041015625,0.38724264705882355,863.9763793945312,50
BenchPress/v_BenchPress_g01_c01.avi,1.149847388267517,4.0648956298828125,52.47856521606445,0.7397403492647059,531.8441162109375,150
BenchPress/v_BenchPress_g01_c02.avi,3.222503423690796,4.901438236236572,32.31098937988281,0.4616498161764706,1075.7952880859375,179
BenchPress/v_BenchPress_g01_c03.avi,4.966236591339111,6.867264270782471,65.76473236083984,0.2044784007352941,922.5062255859375,103
BenchPress/v_BenchPress_g01_c04.avi,4.555340766906738,4.67768669128418,50.28916549682617,0.22499770220588236,1061.740234375,104
BenchPress/v_BenchPress_g01_c05.avi,5.662440299987793,5.818819046020508,60.13318634033203,0.09512637867647059,1314.505615234375,87
BenchPress/v_BenchPress_g01_c06.avi,2.095155715942383,3.5028326511383057,47.01063537597656,0.2994967830882353,717.8875732421875,110
BenchPress/v_BenchPress_g02_c01.avi,3.0266873836517334,6.16989278793335,45.7055778503418,0.43306985294117645,959.3726806640625,80
BenchPress/v_BenchPress_g02_c02.avi,2.4804677963256836,5.006885051727295,37.121421813964844,0.5372679227941176,750.0034790039062,97
BenchPress/v_BenchPress_g02_c03.avi,0.9564723372459412,2.3293821811676025,37.10795211791992,0.6698184742647059,483.47796630859375,220
BenchPress/v_BenchPress_g02_c04.avi,2.3586833477020264,5.382607936859131,40.112342834472656,0.5455055147058824,865.0062255859375,94
BenchPress/v_BenchPress_g02_c05.avi,3.8230443000793457,7.917834281921387,62.12889862060547,0.515071231617647,1263.578125,72
BenchPress/v_BenchPress_g02_c06.avi,3.537014961242676,7.715578556060791,59.03388977050781,0.5201516544117647,1154.0128173828125,71
BenchPress/v_BenchPress_g02_c07.avi,2.9409260749816895,7.050954341888428,49.81967544555664,0.5547311580882353,925.9230346679688,77
BenchPress/v_BenchPress_g03_c01.avi,3.3227219581604004,5.923357963562012,39.458839416503906,0.34131663602941176,204.65866088867188,92
BenchPress/v_BenchPress_g03_c02.avi,5.055039405822754,8.006096839904785,55.009090423583984,0.21099954044117647,361.84124755859375,99
BenchPress/v_BenchPress_g03_c03.avi,2.7958524227142334,4.848455905914307,33.060550689697266,0.33355238970588236,187.3871307373047,155
BenchPress/v_BenchPress_g03_c04.avi,3.2428066730499268,4.937530994415283,31.400636672973633,0.2718359375,259.3614501953125,104
BenchPress/v_BenchPress_g03_c05.avi,2.5777130126953125,4.805650234222412,34.36568069458008,0.33195542279411766,205.44772338867188,83
BenchPress/v_BenchPress_g03_c06.avi,3.446990728378296,5.844485282897949,50.6063232421875,0.2767072610294118,235.49362182617188,82
BenchPress/v_BenchPress_g03_c07.avi,3.0649235248565674,5.038251876831055,38.327537536621094,0.3633065257352941,200.1705780029297,84
BenchPress/v_BenchPress_g04_c01.avi,3.553560495376587,6.746918201446533,40.024993896484375,0.35303538602941176,263.4646301269531,69
BenchPress/v_BenchPress_g04_c02.avi,3.366952896118164,6.401443004608154,43.17406463623047,0.47495863970588237,238.86245727539062,69
BenchPress/v_BenchPress_g04_c03.avi,1.8255350589752197,2.6446590423583984,32.06243896484375,0.3719738051470588,330.06402587890625,207
BenchPress/v_BenchPress_g04_c04.avi,2.7757043838500977,5.779147148132324,38.05259704589844,0.48535845588235293,291.26666259765625,203
BenchPress/v_BenchPress_g04_c05.avi,4.187697887420654,6.781785011291504,42.20189666748047,0.2632100183823529,399.36163330078125,147
BenchPress/v_BenchPress_g04_c06.avi,4.306519508361816,4.585354804992676,35.735137939453125,0.11718520220588236,488.06781005859375,175
BenchPress/v_BenchPress_g04_c07.avi,5.2354817390441895,9.722716331481934,55.226806640625,0.26424632352941174,412.4612731933594,74
BenchPress/v_BenchPress_g05_c01.avi,2.2231101989746094,3.0453875064849854,30.066593170166016,0.23086626838235294,457.8904724121094,73
BenchPress/v_BenchPress_g05_c02.avi,1.8933765888214111,2.2508645057678223,23.194826126098633,0.1594715073529412,250.1575469970703,66
BenchPress/v_BenchPress_g05_c03.avi,0.7787947058677673,0.9976465106010437,11.180339813232422,0.46839154411764705,92.58384704589844,64
BenchPress/v_BenchPress_g05_c04.avi,4.8898820877075195,5.689097881317139,35.22782897949219,0.15991038602941177,517.1791381835938,297
BenchPress/v_BenchPress_g05_c05.avi,2.3829054832458496,3.8228635787963867,41.86884307861328,0.30046645220588236,332.9166564941406,164
BenchPress/v_BenchPress_g05_c06.avi,2.0101888179779053,1.488786220550537,15.033296585083008,0.1786420036764706,293.7356872558594,194
BenchPress/v_BenchPress_g05_c07.avi,1.3353556394577026,1.8355597257614136,10.0,0.45831801470588235,116.83171081542969,63
BenchPress/v_BenchPress_g06_c01.avi,0.37955933809280396,1.5675078630447388,25.0,0.8203676470588235,122.81071472167969,67
BenchPress/v_BenchPress_g06_c02.avi,0.15112651884555817,0.5867023468017578,7.0,0.8947058823529411,22.869245529174805,65
BenchPress/v_BenchPress_g06_c03.avi,0.17219966650009155,0.5876625776290894,6.082762718200684,0.8791176470588236,30.493432998657227,64
BenchPress/v_BenchPress_g06_c04.avi,0.22838686406612396,0.7890299558639526,15.81138801574707,0.8502573529411764,151.7044219970703,251
BenchPress/v_BenchPress_g06_c05.avi,0.3393423855304718,0.9024112224578857,15.132745742797852,0.7759926470588235,79.7176513671875,127
BenchPress/v_BenchPress_g06_c06.avi,0.28936147689819336,0.9271321892738342,13.928388595581055,0.8369117647058824,115.73201751708984,95
BenchPress/v_BenchPress_g06_c07.avi,0.44222432374954224,1.580075740814209,24.0,0.7927205882352941,189.7872772216797,83
BenchPress/v_BenchPress_g07_c01.avi,2.892899990081787,5.4262471199035645,55.803226470947266,0.35008501838235295,601.2020874023438,72
BenchPress/v_BenchPress_g07_c02.avi,1.2669508457183838,2.6380956172943115,34.48188018798828,0.5522242647058824,316.88427734375,70
BenchPress/v_BenchPress_g07_c03.avi,2.2044878005981445,5.324051380157471,56.14267349243164,0.4965625,488.44873046875,71
BenchPress/v_BenchPress_g07_c04.avi,0.6169263124465942,1.367471694946289,29.017236709594727,0.6498782169117647,206.2986602783203,271
BenchPress/v_BenchPress_g07_c05.avi,1.3034932613372803,2.6954967975616455,28.844409942626953,0.5188120404411765,341.220703125,131
BenchPress/v_BenchPress_g07_c06.avi,2.7808837890625,6.3236188888549805,60.20797348022461,0.47239430147058825,587.4705810546875,86
BenchPress/v_BenchPress_g07_c07.avi,2.0432820320129395,4.773916244506836,52.15361785888672,0.5203469669117647,423.82476806640625,78
Biking/v_Biking_g01_c01.avi,19.484085083007812,19.33816909790039,134.16407775878906,0.1128079044117647,849.2618408203125,150
Biking/v_Biking_g01_c02.avi,10.041962623596191,11.63369083404541,98.73196411132812,0.1441061580882353,527.4776611328125,150
Biking/v_Biking_g01_c03.avi,14.93442440032959,12.2361421585083,55.009090423583984,0.08690946691176471,306.5174560546875,150
Biking/v_Biking_g01_c04.avi,13.838613510131836,17.87017059326172,214.67417907714844,0.1044577205882353,1040.668701171875,180
Biking/v_Biking_g02_c01.avi,16.904491424560547,20.32577133178711,161.0093231201172,0.26630055147058823,3309.49560546875,239
Biking/v_Biking_g02_c02.avi,12.255715370178223,11.238621711730957,74.3303451538086,0.14576746323529413,3044.8369140625,239
Biking/v_Biking_g02_c03.avi,12.132392883300781,11.341676712036133,99.82484436035156,0.13202435661764705,1848.939453125,239
Biking/v_Biking_g02_c04.avi,10.24341106414795,12.445208549499512,83.72574615478516,0.2510615808823529,2018.42578125,239
Biking/v_Biking_g02_c05.avi,19.04330825805664,20.591922760009766,197.428466796875,0.10705652573529412,1482.308349609375,179
Biking/v_Biking_g02_c06.avi,10.576837539672852,15.74191665649414,126.1784439086914,0.3519186580882353,1942.019775390625,239
Biking/v_Biking_g02_c07.avi,11.021417617797852,12.443349838256836,100.0199966430664,0.2704342830882353,2308.0400390625,239
Biking/v_Biking_g03_c01.avi,7.618237495422363,12.264416694641113,124.73973083496094,0.1529940257352941,123.90743255615234,379
Biking/v_Biking_g03_c02.avi,5.653944969177246,9.223702430725098,126.03570556640625,0.25200367647058824,101.08091735839844,379
Biking/v_Biking_g03_c03.avi,6.105174541473389,4.535069942474365,44.72135925292969,0.052697610294117646,107.1852798461914,355
Biking/v_Biking_g03_c04.avi,5.722509384155273,7.667294502258301,86.4927749633789,0.26969898897058825,88.39635467529297,379
Biking/v_Biking_g04_c01.avi,16.910158157348633,16.98029899597168,126.00396728515625,0.028386948529411763,415.99359130859375,239
Biking/v_Biking_g04_c02.avi,28.980274200439453,34.94879150390625,216.3330841064453,0.13956341911764705,2199.59521484375,179
Biking/v_Biking_g04_c03.avi,22.079444885253906,21.579505920410156,140.03213500976562,0.04619485294117647,1138.052978515625,239
Biking/v_Biking_g04_c04.avi,11.2116117477417,13.798720359802246,89.35882568359375,0.17800091911764707,640.7597045898438,215
Biking/v_Biking_g04_c05.avi,11.153337478637695,11.000242233276367,68.50547790527344,0.06506204044117647,515.9229736328125,212
Biking/v_Biking_g05_c01.avi,9.90147876739502,8.816858291625977,68.02940368652344,0.03360753676470588,134.1561737060547,299
Biking/v_Biking_g05_c02.avi,6.266880035400391,8.609436988830566,58.54912567138672,0.42803998161764706,370.58062744140625,200
Biking/v_Biking_g05_c03.avi,7.590668201446533,15.508328437805176,212.02122497558594,0.4133203125,1646.6263427734375,200
Biking/v_Biking_g05_c04.avi,7.651993274688721,8.661832809448242,45.0,0.16177849264705882,359.63555908203125,200
Biking/v_Biking_g05_c05.avi,10.922293663024902,16.97586441040039,115.15641784667969,0.43703584558823527,288.063232421875,162
Biking/v_Biking_g05_c06.avi,9.090071678161621,8.064352035522461,59.203041076660156,0.21481158088235294,443.51104736328125,179
Biking/v_Biking_g05_c07.avi,13.376205444335938,13.948572158813477,69.18092346191406,0.21689108455882353,403.62725830078125,179
Biking/v_Biking_g06_c01.avi,16.92795753479004,14.87175178527832,95.77056121826172,0.06674172794117647,706.0711669921875,100
Biking/v_Biking_g06_c02.avi,8.494009971618652,8.217381477355957,85.98837280273438,0.13243336397058825,494.9297790527344,156
Biking/v_Biking_g06_c03.avi,6.586263656616211,8.548176765441895,63.70243453979492,0.33003676470588234,425.32220458984375,200
Biking/v_Biking_g06_c04.avi,16.564821243286133,26.197134017944336,301.5294494628906,0.22846047794117647,2101.57666015625,234
Biking/v_Biking_g06_c05.avi,6.793915271759033,13.910781860351562,128.1405487060547,0.3541888786764706,558.4176635742188,200
Biking/v_Biking_g07_c01.avi,9.42400074005127,8.419973373413086,54.7448616027832,0.1285638786764706,727.5120849609375,299
Biking/v_Biking_g07_c02.avi,5.850098133087158,6.075500011444092,46.04345703125,0.13085707720588236,378.5053405761719,359
Biking/v_Biking_g07_c03.avi,4.947784423828125,4.692188262939453,35.35533905029297,0.14778033088235293,411.53271484375,399
Biking/v_Biking_g07_c04.avi,6.573637008666992,7.313108444213867,53.600372314453125,0.13081571691176472,887.9306640625,299
Biking/v_Biking_g07_c05.avi,18.308303833007812,23.798198699951172,98.0,0.24459788602941177,491.0359802246094,191
Biking/v_Biking_g07_c06.avi,25.234756469726562,31.783496856689453,142.8635711669922,0.2976493566176471,925.7105712890625,239
Billiards/v_Billiards_g01_c01.avi,0.7069843411445618,1.706131935119629,19.10497283935547,0.7521392463235295,23.301698684692383,273
Billiards/v_Billiards_g01_c02.avi,0.6610889434814453,2.5852761268615723,35.735137939453125,0.836139705882353,42.075889587402344,382
Billiards/v_Billiards_g01_c03.avi,0.4749706983566284,1.3588770627975464,20.124610900878906,0.8135431985294118,33.53866195678711,394
Billiards/v_Billiards_g01_c04.avi,0.9652442336082458,2.4131124019622803,26.0,0.6893933823529412,47.60380554199219,188
Billiards/v_Billiards_g01_c05.avi,1.5830494165420532,6.647813320159912,94.02127075195312,0.7368864889705883,127.06010437011719,351
Billiards/v_Billiards_g01_c06.avi,1.6722350120544434,5.291669845581055,88.8875732421875,0.704296875,342.0213928222656,297
Billiards/v_Billiards_g02_c01.avi,0.38834184408187866,1.3538240194320679,18.867961883544922,0.8552987132352942,97.88684844970703,335
Billiards/v_Billiards_g02_c02.avi,0.39384138584136963,1.3899586200714111,20.615528106689453,0.8295266544117647,271.55670166015625,312
Billiards/v_Billiards_g02_c03.avi,1.3590973615646362,6.571348667144775,86.0,0.7596783088235294,102.9638442993164,391
Billiards/v_Billiards_g02_c04.avi,0.3688336908817291,1.1974276304244995,12.041594505310059,0.8469370404411765,158.04840087890625,355
Billiards/v_Billiards_g02_c05.avi,1.204365849494934,3.695124864578247,86.05230712890625,0.6517876838235294,614.6775512695312,398
Billiards/v_Billiards_g02_c06.avi,0.38834184408187866,1.3538240194320679,18.867961883544922,0.8552987132352942,97.88684844970703,335
Billiards/v_Billiards_g02_c07.avi,1.3590973615646362,6.571348667144775,86.0,0.7596783088235294,102.9638442993164,391
Billiards/v_Billiards_g03_c01.avi,0.317901074886322,1.1690410375595093,20.2237491607666,0.8594921875,107.20304870605469,212
Billiards/v_Billiards_g03_c02.avi,0.6443042755126953,1.3826146125793457,24.1867733001709,0.6287201286764705,259.43707275390625,382
Billiards/v_Billiards_g03_c03.avi,1.0209811925888062,2.1603071689605713,33.37664031982422,0.7193704044117647,259.89935302734375,274
Billiards/v_Billiards_g03_c04.avi,0.7465821504592896,3.1634433269500732,80.23091888427734,0.8001930147058823,441.52587890625,269
Billiards/v_Billiards_g03_c05.avi,1.0379000902175903,2.406653881072998,32.24903106689453,0.6246369485294118,627.5806274414062,286
Billiards/v_Billiards_g04_c01.avi,1.2226595878601074,3.4624762535095215,57.0,0.6025528492647059,560.46630859375,173
Billiards/v_Billiards_g04_c02.avi,0.684369683265686,2.0119004249572754,33.61547088623047,0.7570886948529412,160.3339385986328,298
Billiards/v_Billiards_g04_c03.avi,0.6190235018730164,2.4123849868774414,36.055511474609375,0.8180606617647059,104.96368408203125,267
Billiards/v_Billiards_g04_c04.avi,0.795952320098877,2.21225905418396,30.08321762084961,0.7710868566176471,165.181884765625,278
Billiards/v_Billiards_g04_c05.avi,1.6737115383148193,4.958773612976074,61.6846809387207,0.6496346507352941,744.4676513671875,233
Billiards/v_Billiards_g04_c06.avi,1.398984670639038,2.726635217666626,27.0,0.6404549632352942,417.33721923828125,296
Billiards/v_Billiards_g04_c07.avi,0.4890444278717041,1.2772811651229858,15.033296585083008,0.8094738051470588,39.95512771606445,190
Billiards/v_Billiards_g05_c01.avi,0.9208769798278809,1.9528545141220093,24.020824432373047,0.6266544117647059,26.123340606689453,364
Billiards/v_Billiards_g05_c02.avi,1.5893837213516235,2.9456002712249756,63.03173828125,0.5058363970588236,231.8538360595703,480
Billiards/v_Billiards_g05_c03.avi,1.441691279411316,2.414628744125366,29.0,0.5405744485294117,244.7517852783203,591
Billiards/v_Billiards_g05_c04.avi,1.2129696607589722,2.9186556339263916,55.54277801513672,0.5665441176470588,126.43343353271484,373
Billiards/v_Billiards_g05_c05.avi,0.2494276463985443,0.682536244392395,5.385164737701416,0.8465257352941177,20.704713821411133,302
Billiards/v_Billiards_g05_c06.avi,2.2685790061950684,3.9807958602905273,50.9215087890625,0.5314384191176471,221.358642578125,358
Billiards/v_Billiards_g06_c01.avi,1.1003142595291138,2.200045108795166,35.693138122558594,0.621803768382353,22.4797420501709,250
Billiards/v_Billiards_g06_c02.avi,1.2851545810699463,2.371494770050049,25.63201141357422,0.5794577205882353,90.88771057128906,345
Billiards/v_Billiards_g06_c03.avi,1.0195165872573853,2.194854259490967,23.34523582458496,0.6395335477941176,35.465782165527344,369
Billiards/v_Billiards_g06_c04.avi,1.9718506336212158,4.7424635887146,69.65629577636719,0.5810546875,140.19338989257812,298
Billiards/v_Billiards_g06_c05.avi,1.2939436435699463,2.703847885131836,33.060550689697266,0.6411213235294118,40.28444290161133,260
Billiards/v_Billiards_g07_c01.avi,0.551479697227478,1.651624083518982,30.528675079345703,0.7853400735294118,163.02333068847656,315
Billiards/v_Billiards_g07_c02.avi,0.655839204788208,2.149881601333618,32.572994232177734,0.7952504595588236,75.38191223144531,257
Billiards/v_Billiards_g07_c03.avi,0.4521494507789612,1.2383195161819458,17.029386520385742,0.812858455882353,24.15899085998535,272
Billiards/v_Billiards_g07_c04.avi,1.2192493677139282,2.9843945503234863,52.345008850097656,0.6352435661764706,801.60302734375,280
BlowDryHair/v_BlowDryHair_g01_c01.avi,1.0762529373168945,1.8778966665267944,19.84943389892578,0.5604044117647059,37.24440002441406,242
BlowDryHair/v_BlowDryHair_g01_c02.avi,3.656385660171509,5.349376201629639,73.53910827636719,0.31366957720588234,281.97332763671875,219
BlowDryHair/v_BlowDryHair_g01_c03.avi,4.456864833831787,8.033233642578125,97.62171936035156,0.31041130514705884,365.18878173828125,167
BlowDryHair/v_BlowDryHair_g01_c04.avi,6.269675254821777,10.037007331848145,102.2007827758789,0.2779388786764706,256.7474365234375,143
BlowDryHair/v_BlowDryHair_g02_c01.avi,2.823031425476074,6.112882137298584,68.44705963134766,0.4724908088235294,309.93414306640625,128
BlowDryHair/v_BlowDryHair_g02_c02.avi,3.8713390827178955,7.149997711181641,75.1531753540039,0.4639039522058824,307.39361572265625,137
BlowDryHair/v_BlowDryHair_g02_c03.avi,6.097878932952881,10.049488067626953,58.694122314453125,0.3893405330882353,518.2525634765625,190
BlowDryHair/v_BlowDryHair_g02_c04.avi,8.53691577911377,13.687166213989258,120.95040130615234,0.3628400735294118,995.2216796875,210
BlowDryHair/v_BlowDryHair_g02_c05.avi,9.04279613494873,12.131999015808105,126.14277648925781,0.29776424632352944,1170.519775390625,237
BlowDryHair/v_BlowDryHair_g03_c01.avi,9.981115341186523,14.984387397766113,132.59336853027344,0.21894301470588234,606.7431640625,236
BlowDryHair/v_BlowDryHair_g03_c02.avi,1.2611079216003418,1.756804347038269,18.867961883544922,0.43661075367647056,31.9582462310791,241
BlowDryHair/v_BlowDryHair_g03_c03.avi,2.2358577251434326,4.613582611083984,32.893768310546875,0.5434076286764706,122.30216217041016,133
BlowDryHair/v_BlowDryHair_g03_c04.avi,0.922533392906189,1.6897752285003662,16.76305389404297,0.5834949448529412,52.87266159057617,189
BlowDryHair/v_BlowDryHair_g03_c05.avi,3.5488648414611816,5.711389541625977,50.80354309082031,0.3022518382352941,243.6134796142578,118
BlowDryHair/v_BlowDryHair_g04_c01.avi,0.3595188558101654,2.9822616577148438,88.0,0.9016176470588235,91.70722961425781,343
BlowDryHair/v_BlowDryHair_g04_c02.avi,0.7375731468200684,3.3898122310638428,48.0,0.8604733455882353,202.48648071289062,205
BlowDryHair/v_BlowDryHair_g04_c03.avi,0.5322632789611816,1.809422492980957,27.073972702026367,0.834485294117647,170.27647399902344,170
BlowDryHair/v_BlowDryHair_g04_c04.avi,0.8142342567443848,2.5419411659240723,31.38471031188965,0.8016888786764705,179.19558715820312,171
BlowDryHair/v_BlowDryHair_g04_c05.avi,1.4950330257415771,4.1871657371521,38.4837646484375,0.788125,455.88873291015625,117
BlowDryHair/v_BlowDryHair_g05_c01.avi,1.1171534061431885,2.6143405437469482,39.0,0.5837201286764706,192.05691528320312,137
BlowDryHair/v_BlowDryHair_g05_c02.avi,1.5423346757888794,3.275034189224243,44.0,0.5353676470588236,336.1918640136719,150
BlowDryHair/v_BlowDryHair_g05_c03.avi,1.4716275930404663,3.260283946990967,38.62641525268555,0.5905514705882353,281.4739990234375,187
BlowDryHair/v_BlowDryHair_g05_c04.avi,7.0163702964782715,10.144946098327637,72.71863555908203,0.2383340992647059,616.5989990234375,86
BlowDryHair/v_BlowDryHair_g05_c05.avi,1.225736141204834,4.29191780090332,96.0,0.645,131.88662719726562,94
BlowDryHair/v_BlowDryHair_g06_c01.avi,5.907111644744873,9.398601531982422,49.497474670410156,0.4129342830882353,809.2430419921875,193
BlowDryHair/v_BlowDryHair_g06_c02.avi,4.471865177154541,7.557947158813477,53.823787689208984,0.23698759191176472,650.62158203125,202
BlowDryHair/v_BlowDryHair_g06_c03.avi,8.574386596679688,11.03531551361084,80.15609741210938,0.31264935661764703,1578.9864501953125,96
BlowDryHair/v_BlowDryHair_g06_c04.avi,4.454376697540283,12.324200630187988,100.00499725341797,0.5782858455882353,738.363525390625,171
BlowDryHair/v_BlowDryHair_g06_c05.avi,4.547135353088379,6.801180362701416,54.147945404052734,0.4031640625,670.0123291015625,222
BlowDryHair/v_BlowDryHair_g06_c06.avi,0.6292932033538818,1.5268704891204834,14.0,0.7880882352941176,164.35977172851562,189
BlowDryHair/v_BlowDryHair_g06_c07.avi,2.4622507095336914,6.693653583526611,128.19126892089844,0.6007697610294118,456.26971435546875,165
BlowDryHair/v_BlowDryHair_g07_c01.avi,1.8387057781219482,4.631448268890381,49.0,0.5993543198529412,295.9710388183594,67
BlowDryHair/v_BlowDryHair_g07_c02.avi,3.179100751876831,6.026127338409424,54.58937454223633,0.4752895220588235,554.5032348632812,72
BlowDryHair/v_BlowDryHair_g07_c03.avi,5.22762393951416,10.09203052520752,141.73919677734375,0.3700850183823529,1059.5989990234375,77
BlowDryHair/v_BlowDryHair_g07_c04.avi,2.5925533771514893,5.459914207458496,59.304298400878906,0.5479963235294117,442.03363037109375,77
BlowDryHair/v_BlowDryHair_g07_c05.avi,4.00754976272583,7.968613624572754,88.86506652832031,0.45944852941176473,1187.76953125,79
BlowDryHair/v_BlowDryHair_g07_c06.avi,4.38788366317749,8.986292839050293,88.05680084228516,0.47989889705882355,1036.0775146484375,85
BlowDryHair/v_BlowDryHair_g07_c07.avi,6.488875389099121,11.854394912719727,148.6606903076172,0.38152573529411765,1327.230224609375,84
BlowingCandles/v_BlowingCandles_g01_c01.avi,5.720387935638428,6.463501453399658,81.70679473876953,0.19467141544117647,190.75546264648438,59
BlowingCandles/v_BlowingCandles_g01_c02.avi,1.2311046123504639,1.4999722242355347,23.600847244262695,0.4535386029411765,152.25930786132812,74
BlowingCandles/v_BlowingCandles_g01_c03.avi,1.2606290578842163,3.407155990600586,31.0,0.6561075367647059,96.31369018554688,124
BlowingCandles/v_BlowingCandles_g01_c04.avi,0.9256314039230347,1.5751959085464478,19.10497283935547,0.5391636029411765,74.48811340332031,67
BlowingCandles/v_BlowingCandles_g02_c01.avi,4.05256462097168,3.5723989009857178,39.96248245239258,0.23515395220588237,140.9756317138672,75
BlowingCandles/v_BlowingCandles_g02_c02.avi,6.05092716217041,8.605090141296387,93.64827728271484,0.20052389705882354,205.3492431640625,115
BlowingCandles/v_BlowingCandles_g02_c03.avi,1.454115629196167,3.823380947113037,66.0,0.6358386948529412,290.1195068359375,120
BlowingCandles/v_BlowingCandles_g02_c04.avi,3.7331814765930176,8.316401481628418,111.36426544189453,0.3716704963235294,546.2069091796875,75
BlowingCandles/v_BlowingCandles_g03_c01.avi,5.236479759216309,9.043146133422852,80.0062484741211,0.4572587316176471,209.70556640625,75
BlowingCandles/v_BlowingCandles_g03_c02.avi,11.762843132019043,28.419084548950195,334.934326171875,0.36156479779411765,240.8488006591797,52
BlowingCandles/v_BlowingCandles_g03_c03.avi,1.4087687730789185,3.2774932384490967,30.886890411376953,0.6783708639705882,42.825592041015625,186
BlowingCandles/v_BlowingCandles_g03_c04.avi,5.2863287925720215,6.771057605743408,69.72087097167969,0.28412454044117647,204.7371826171875,52
BlowingCandles/v_BlowingCandles_g04_c01.avi,1.5763224363327026,3.256484270095825,32.0,0.47505284926470587,229.9851531982422,144
BlowingCandles/v_BlowingCandles_g04_c02.avi,2.2136642932891846,2.7146918773651123,31.016124725341797,0.2246438419117647,234.974365234375,92
BlowingCandles/v_BlowingCandles_g04_c03.avi,1.921000361442566,4.457809925079346,54.918121337890625,0.40900735294117646,258.2398681640625,55
BlowingCandles/v_BlowingCandles_g04_c04.avi,2.9654712677001953,2.889958381652832,28.861740112304688,0.28101332720588235,267.35107421875,101
BlowingCandles/v_BlowingCandles_g04_c05.avi,0.31558308005332947,0.7620859742164612,10.0,0.7830514705882353,24.923147201538086,125
BlowingCandles/v_BlowingCandles_g05_c01.avi,3.012078285217285,4.1401824951171875,46.615447998046875,0.27272288602941175,281.3327941894531,92
BlowingCandles/v_BlowingCandles_g05_c02.avi,4.395481586456299,6.311580657958984,57.20139694213867,0.2948782169117647,361.5494079589844,75
BlowingCandles/v_BlowingCandles_g05_c03.avi,3.001249074935913,4.4979658126831055,51.35172653198242,0.23669117647058824,434.63714599609375,30
BlowingCandles/v_BlowingCandles_g05_c04.avi,4.56257438659668,4.330846309661865,43.8292121887207,0.1761580882352941,396.7115173339844,81
BlowingCandles/v_BlowingCandles_g05_c05.avi,2.4049088954925537,3.697497606277466,37.656341552734375,0.33385569852941177,293.00128173828125,96
BlowingCandles/v_BlowingCandles_g06_c01.avi,2.3002841472625732,2.8669490814208984,20.099750518798828,0.3808157169117647,431.21112060546875,84
BlowingCandles/v_BlowingCandles_g06_c02.avi,1.3100627660751343,4.0788679122924805,32.80244064331055,0.7465808823529412,502.8009338378906,141
BlowingCandles/v_BlowingCandles_g06_c03.avi,2.7114758491516113,7.8681159019470215,76.41989135742188,0.5345955882352941,844.6402587890625,149
BlowingCandles/v_BlowingCandles_g06_c04.avi,3.29306697845459,8.397603034973145,55.217750549316406,0.6156020220588235,953.7853393554688,114
BlowingCandles/v_BlowingCandles_g06_c05.avi,2.2843875885009766,5.522320747375488,41.0,0.5066130514705882,903.0104370117188,149
BlowingCandles/v_BlowingCandles_g06_c06.avi,1.193129539489746,2.268446445465088,20.39607810974121,0.6357835477941176,441.3902282714844,135
BlowingCandles/v_BlowingCandles_g06_c07.avi,1.674980878829956,2.6504955291748047,21.095022201538086,0.16732306985294118,706.81689453125,133
BlowingCandles/v_BlowingCandles_g07_c01.avi,14.116127014160156,17.88621711730957,74.46475982666016,0.23504595588235294,845.107421875,49
BlowingCandles/v_BlowingCandles_g07_c02.avi,23.378952026367188,13.904397964477539,80.15609741210938,0.015415900735294117,1492.3226318359375,54
BlowingCandles/v_BlowingCandles_g07_c03.avi,2.1140007972717285,2.0420923233032227,12.041594505310059,0.41351792279411764,81.87094116210938,124
BlowingCandles/v_BlowingCandles_g07_c04.avi,4.447368621826172,5.9617919921875,59.6824951171875,0.2330422794117647,452.345703125,74
BodyWeightSquats/v_BodyWeightSquats_g01_c01.avi,4.062946796417236,6.444150447845459,49.648765563964844,0.22592371323529412,60.22483444213867,266
BodyWeightSquats/v_BodyWeightSquats_g01_c02.avi,3.822481870651245,5.887098789215088,49.497474670410156,0.2250827205882353,46.33905029296875,251
BodyWeightSquats/v_BodyWeightSquats_g01_c03.avi,2.608625650405884,3.672356367111206,50.0099983215332,0.26145680147058825,32.29936981201172,249
BodyWeightSquats/v_BodyWeightSquats_g01_c04.avi,5.918840408325195,8.295831680297852,60.8276252746582,0.1631732536764706,79.55823516845703,173
BodyWeightSquats/v_BodyWeightSquats_g02_c01.avi,1.1213233470916748,2.2304787635803223,20.59126091003418,0.5701034007352941,84.21632385253906,101
BodyWeightSquats/v_BodyWeightSquats_g02_c02.avi,2.2653896808624268,5.805676460266113,56.4358024597168,0.47537683823529414,425.2876892089844,56
BodyWeightSquats/v_BodyWeightSquats_g02_c03.avi,2.7454147338867188,5.682332992553711,45.31004333496094,0.348671875,397.5225524902344,116
BodyWeightSquats/v_BodyWeightSquats_g02_c04.avi,3.4621613025665283,9.174040794372559,66.0,0.4657352941176471,296.9703063964844,120
BodyWeightSquats/v_BodyWeightSquats_g03_c01.avi,2.4947593212127686,7.564675331115723,63.70243453979492,0.7615923713235294,471.2178649902344,131
BodyWeightSquats/v_BodyWeightSquats_g03_c02.avi,5.331125259399414,12.714814186096191,121.59769439697266,0.6434581801470588,852.3016357421875,51
BodyWeightSquats/v_BodyWeightSquats_g03_c03.avi,3.695596218109131,9.540770530700684,89.10667419433594,0.6852596507352942,657.8292236328125,47
BodyWeightSquats/v_BodyWeightSquats_g03_c04.avi,3.454293966293335,11.536100387573242,104.0,0.7339315257352941,581.9620971679688,100
BodyWeightSquats/v_BodyWeightSquats_g03_c05.avi,2.7172651290893555,6.649623870849609,59.84145736694336,0.7064338235294118,739.7742919921875,74
BodyWeightSquats/v_BodyWeightSquats_g04_c01.avi,5.722365379333496,5.109814167022705,38.0,0.19619025735294118,69.10662841796875,129
BodyWeightSquats/v_BodyWeightSquats_g04_c02.avi,3.6265220642089844,5.505136013031006,54.00925827026367,0.32103170955882354,163.4272003173828,58
BodyWeightSquats/v_BodyWeightSquats_g04_c03.avi,1.5746893882751465,3.1076011657714844,47.0,0.44758042279411764,74.84614562988281,87
BodyWeightSquats/v_BodyWeightSquats_g04_c04.avi,0.6720606684684753,1.393837571144104,14.317821502685547,0.6609926470588235,12.321435928344727,62
BodyWeightSquats/v_BodyWeightSquats_g05_c01.avi,3.8754074573516846,5.587137699127197,58.8217658996582,0.26778262867647057,187.5880889892578,71
BodyWeightSquats/v_BodyWeightSquats_g05_c02.avi,3.084953784942627,4.667052268981934,53.0848388671875,0.4023644301470588,99.6088638305664,135
BodyWeightSquats/v_BodyWeightSquats_g05_c03.avi,8.363036155700684,6.345877647399902,76.29547882080078,0.17509880514705883,190.6840362548828,54
BodyWeightSquats/v_BodyWeightSquats_g05_c04.avi,7.884037017822266,8.329757690429688,68.4689712524414,0.026700367647058822,427.223876953125,259
BodyWeightSquats/v_BodyWeightSquats_g06_c01.avi,2.1688740253448486,5.837338924407959,47.0,0.6570955882352941,96.79280090332031,178
BodyWeightSquats/v_BodyWeightSquats_g06_c02.avi,0.40162914991378784,0.9543722867965698,10.0,0.7816544117647058,7.892064571380615,121
BodyWeightSquats/v_BodyWeightSquats_g06_c03.avi,1.2150193452835083,4.1012282371521,41.0,0.7464315257352941,19.377134323120117,151
BodyWeightSquats/v_BodyWeightSquats_g06_c04.avi,1.2469209432601929,3.674675941467285,36.67424011230469,0.7148598345588235,30.217992782592773,94
BodyWeightSquats/v_BodyWeightSquats_g06_c05.avi,2.930361032485962,7.670889854431152,50.15974426269531,0.6533616727941176,86.79788208007812,176
BodyWeightSquats/v_BodyWeightSquats_g07_c01.avi,0.22091419994831085,0.7910472750663757,8.062257766723633,0.8827941176470588,20.38741683959961,122
BodyWeightSquats/v_BodyWeightSquats_g07_c02.avi,0.9645237922668457,3.56978178024292,42.0,0.7861443014705882,163.42425537109375,102
BodyWeightSquats/v_BodyWeightSquats_g07_c03.avi,1.172228455543518,4.39707612991333,49.01020431518555,0.7808065257352941,168.35623168945312,82
BodyWeightSquats/v_BodyWeightSquats_g07_c04.avi,1.5164259672164917,5.202273845672607,61.29437255859375,0.7187040441176471,272.4617614746094,53
Bowling/v_Bowling_g01_c01.avi,4.393873691558838,5.384857654571533,31.0,0.3966544117647059,760.3062744140625,159
Bowling/v_Bowling_g01_c02.avi,1.3312656879425049,2.289620876312256,23.194826126098633,0.5080882352941176,270.58856201171875,125
Bowling/v_Bowling_g01_c03.avi,3.485447406768799,3.726506233215332,20.0,0.34768382352941174,466.1162109375,130
Bowling/v_Bowling_g01_c04.avi,1.9675880670547485,3.660613775253296,27.294687271118164,0.5345978860294117,529.2362670898438,155
Bowling/v_Bowling_g01_c05.avi,0.827580988407135,1.3375513553619385,9.899495124816895,0.5750367647058824,94.88461303710938,185
Bowling/v_Bowling_g01_c06.avi,4.020308494567871,4.777222156524658,51.62363815307617,0.3516957720588235,711.4608154296875,148
Bowling/v_Bowling_g01_c07.avi,4.604772090911865,6.189708232879639,41.30375289916992,0.5086029411764705,680.1878051757812,131
Bowling/v_Bowling_g02_c01.avi,16.533252716064453,24.85564422607422,121.00413513183594,0.17419577205882353,362.93341064453125,81
Bowling/v_Bowling_g02_c02.avi,6.969390392303467,12.821614265441895,57.0,0.4470220588235294,185.79031372070312,147
Bowling/v_Bowling_g02_c03.avi,19.11220932006836,26.740514755249023,145.5815887451172,0.27603170955882356,687.1963500976562,118
Bowling/v_Bowling_g02_c04.avi,9.853474617004395,12.49010944366455,56.00892639160156,0.3033823529411765,282.7470703125,116
Bowling/v_Bowling_g03_c01.avi,5.745877265930176,7.4556884765625,54.120235443115234,0.21998391544117646,850.7303466796875,159
Bowling/v_Bowling_g03_c02.avi,2.439887762069702,4.777468204498291,66.37017059326172,0.26664751838235295,403.4847106933594,139
Bowling/v_Bowling_g03_c03.avi,3.826695203781128,4.3394951820373535,46.097721099853516,0.32483685661764705,514.3297119140625,138
Bowling/v_Bowling_g03_c04.avi,3.8446502685546875,6.627898693084717,48.91830062866211,0.36241957720588236,595.7972412109375,139
Bowling/v_Bowling_g03_c05.avi,2.758735418319702,3.76407790184021,34.0,0.34096966911764703,401.62091064453125,145
Bowling/v_Bowling_g03_c06.avi,7.641575336456299,18.09242057800293,131.3087921142578,0.5702228860294117,1093.5823974609375,141
Bowling/v_Bowling_g03_c07.avi,5.431858539581299,9.321554183959961,121.0,0.27969209558823527,600.4620361328125,109
Bowling/v_Bowling_g04_c01.avi,0.2959480285644531,0.8769239187240601,16.0,0.8158088235294118,26.330814361572266,122
Bowling/v_Bowling_g04_c02.avi,0.956684410572052,2.714897632598877,46.0,0.7159168198529412,164.92990112304688,139
Bowling/v_Bowling_g04_c03.avi,2.7197790145874023,3.6562767028808594,27.459060668945312,0.45,249.86880493164062,137
Bowling/v_Bowling_g04_c04.avi,4.536945819854736,5.196734428405762,35.35533905029297,0.32867876838235294,210.62429809570312,50
Bowling/v_Bowling_g05_c01.avi,0.7787562012672424,2.1955206394195557,32.893768310546875,0.7900367647058824,103.59858703613281,115
Bowling/v_Bowling_g05_c02.avi,0.6849848628044128,2.8089218139648438,44.0,0.841875,109.5616226196289,128
Bowling/v_Bowling_g05_c03.avi,0.7934633493423462,2.631857395172119,27.073972702026367,0.8114659926470589,103.1895751953125,150
Bowling/v_Bowling_g05_c04.avi,0.3010271191596985,1.105171799659729,12.041594505310059,0.8683088235294117,23.482120513916016,121
Bowling/v_Bowling_g05_c05.avi,1.147172451019287,3.5703492164611816,47.67599105834961,0.7663534007352941,200.33750915527344,118
Bowling/v_Bowling_g05_c06.avi,0.5257425308227539,2.3369035720825195,46.14108657836914,0.8657720588235294,111.61541748046875,150
Bowling/v_Bowling_g05_c07.avi,1.1653488874435425,3.870497703552246,42.20189666748047,0.8113947610294118,157.5356903076172,112
Bowling/v_Bowling_g06_c01.avi,3.1333541870117188,4.714327812194824,53.0,0.40518612132352944,268.01727294921875,138
Bowling/v_Bowling_g06_c02.avi,10.135682106018066,10.656498908996582,49.40647888183594,0.2177205882352941,382.8765563964844,132
Bowling/v_Bowling_g06_c03.avi,10.869218826293945,9.246417045593262,48.010414123535156,0.2073529411764706,240.8763885498047,70
Bowling/v_Bowling_g06_c04.avi,4.744852066040039,4.565705299377441,44.777225494384766,0.36109145220588235,662.1009521484375,72
Bowling/v_Bowling_g06_c05.avi,1.9285452365875244,3.235572338104248,49.25444030761719,0.3945955882352941,224.9706573486328,130
Bowling/v_Bowling_g06_c06.avi,3.4454782009124756,3.012639284133911,15.55634880065918,0.27121323529411767,92.81486511230469,65
Bowling/v_Bowling_g06_c07.avi,4.146461009979248,5.736974239349365,35.0142822265625,0.38850873161764704,237.2963104248047,139
Bowling/v_Bowling_g07_c01.avi,1.077750563621521,2.938976764678955,54.424259185791016,0.6605170036764706,494.48846435546875,144
Bowling/v_Bowling_g07_c02.avi,3.246507167816162,4.334357738494873,48.0,0.38610064338235295,516.048583984375,100
Bowling/v_Bowling_g07_c03.avi,2.7278196811676025,4.013220310211182,46.010868072509766,0.49395220588235295,548.7219848632812,150
Bowling/v_Bowling_g07_c04.avi,0.5413339138031006,1.308951735496521,16.0,0.6688970588235295,67.33454132080078,125
Bowling/v_Bowling_g07_c05.avi,3.385694980621338,5.650967121124268,41.78516387939453,0.34370863970588234,595.2897338867188,141
Bowling/v_Bowling_g07_c06.avi,0.5004412531852722,1.1173595190048218,15.0,0.6689705882352941,55.218116760253906,121
Bowling/v_Bowling_g07_c07.avi,1.9747227430343628,3.948853015899658,60.29925537109375,0.5718405330882353,261.99774169921875,130
BoxingPunchingBag/v_BoxingPunchingBag_g01_c01.avi,0.467990517616272,1.767390251159668,33.241539001464844,0.8469439338235294,110.477783203125,128
BoxingPunchingBag/v_BoxingPunchingBag_g01_c02.avi,1.3772947788238525,5.124366283416748,46.3249397277832,0.8064705882352942,261.76776123046875,158
BoxingPunchingBag/v_BoxingPunchingBag_g01_c03.avi,1.1404669284820557,3.5798957347869873,39.051246643066406,0.8028308823529412,242.2624969482422,147
BoxingPunchingBag/v_BoxingPunchingBag_g01_c04.avi,0.7488635182380676,2.7043561935424805,30.805843353271484,0.8393014705882353,123.57524108886719,168
BoxingPunchingBag/v_BoxingPunchingBag_g01_c05.avi,0.4639388918876648,1.9207487106323242,32.06243896484375,0.8817095588235294,94.95077514648438,168
BoxingPunchingBag/v_BoxingPunchingBag_g01_c06.avi,0.7031092643737793,2.352699041366577,53.45091247558594,0.8275275735294118,160.5390625,163
BoxingPunchingBag/v_BoxingPunchingBag_g01_c07.avi,0.3037060499191284,1.37201726436615,30.149627685546875,0.9010661764705883,66.08148193359375,152
BoxingPunchingBag/v_BoxingPunchingBag_g02_c01.avi,4.408125877380371,8.728118896484375,93.39164733886719,0.5308524816176471,808.1012573242188,130
BoxingPunchingBag/v_BoxingPunchingBag_g02_c02.avi,5.937576770782471,11.398959159851074,102.59142303466797,0.4287201286764706,1011.2843017578125,280
BoxingPunchingBag/v_BoxingPunchingBag_g02_c03.avi,3.7215940952301025,7.650505542755127,86.00581359863281,0.5443060661764706,450.8983459472656,228
BoxingPunchingBag/v_BoxingPunchingBag_g02_c04.avi,5.427392482757568,10.134468078613281,87.09190368652344,0.4975390625,683.474365234375,222
BoxingPunchingBag/v_BoxingPunchingBag_g02_c05.avi,5.209716796875,10.139908790588379,107.82392883300781,0.4947265625,753.0836791992188,168
BoxingPunchingBag/v_BoxingPunchingBag_g02_c06.avi,5.271508693695068,9.8267240524292,99.12618255615234,0.5039613970588235,758.1129760742188,178
BoxingPunchingBag/v_BoxingPunchingBag_g02_c07.avi,5.152836799621582,9.714438438415527,90.19977569580078,0.5355698529411764,775.7252807617188,284
BoxingPunchingBag/v_BoxingPunchingBag_g03_c01.avi,2.6318554878234863,6.345258712768555,55.009090423583984,0.6648621323529412,168.61032104492188,175
BoxingPunchingBag/v_BoxingPunchingBag_g03_c02.avi,1.1387443542480469,3.485795021057129,44.04542922973633,0.7456778492647059,38.98548126220703,151
BoxingPunchingBag/v_BoxingPunchingBag_g03_c03.avi,0.49482008814811707,1.2051385641098022,14.0,0.7791176470588236,12.518289566040039,184
BoxingPunchingBag/v_BoxingPunchingBag_g03_c04.avi,2.041395664215088,5.3368916511535645,44.9110221862793,0.702571231617647,61.39738082885742,272
BoxingPunchingBag/v_BoxingPunchingBag_g03_c05.avi,1.9266703128814697,5.682516098022461,47.67599105834961,0.7455905330882353,67.11723327636719,169
BoxingPunchingBag/v_BoxingPunchingBag_g03_c06.avi,1.3065193891525269,3.827786922454834,43.0,0.7195519301470589,85.73538208007812,139
BoxingPunchingBag/v_BoxingPunchingBag_g03_c07.avi,1.3873467445373535,3.586500406265259,40.853397369384766,0.7314085477941177,61.579368591308594,226
BoxingPunchingBag/v_BoxingPunchingBag_g04_c01.avi,1.616233468055725,3.4680838584899902,37.05401611328125,0.5138350183823529,399.5879821777344,244
BoxingPunchingBag/v_BoxingPunchingBag_g04_c02.avi,5.181610584259033,9.550505638122559,123.48279571533203,0.2838235294117647,1168.09423828125,270
BoxingPunchingBag/v_BoxingPunchingBag_g04_c03.avi,4.276002883911133,7.826226711273193,78.77182006835938,0.37913143382352943,1030.311279296875,211
BoxingPunchingBag/v_BoxingPunchingBag_g04_c04.avi,5.813960075378418,7.531662940979004,99.84988403320312,0.1626034007352941,921.9231567382812,205
BoxingPunchingBag/v_BoxingPunchingBag_g04_c05.avi,5.358914852142334,7.289744853973389,60.87692642211914,0.2658157169117647,1159.611328125,257
BoxingPunchingBag/v_BoxingPunchingBag_g04_c06.avi,4.156816482543945,6.7814788818359375,67.47592163085938,0.3987109375,1087.0242919921875,204
BoxingPunchingBag/v_BoxingPunchingBag_g04_c07.avi,3.5438694953918457,6.945273399353027,76.69419860839844,0.3966659007352941,945.9568481445312,225
BoxingPunchingBag/v_BoxingPunchingBag_g05_c01.avi,5.22745418548584,10.294764518737793,64.53681182861328,0.5200367647058823,967.7833862304688,295
BoxingPunchingBag/v_BoxingPunchingBag_g05_c02.avi,3.8096704483032227,8.254194259643555,68.44705963134766,0.5865027573529412,577.5763549804688,218
BoxingPunchingBag/v_BoxingPunchingBag_g05_c03.avi,4.620765209197998,9.247949600219727,76.40026092529297,0.5406985294117647,920.2273559570312,231
BoxingPunchingBag/v_BoxingPunchingBag_g05_c04.avi,9.023053169250488,15.55002212524414,97.02061462402344,0.4648483455882353,1255.19873046875,237
BoxingPunchingBag/v_BoxingPunchingBag_g05_c05.avi,1.2705973386764526,2.8753764629364014,29.120439529418945,0.6787132352941176,217.8550567626953,245
BoxingPunchingBag/v_BoxingPunchingBag_g05_c06.avi,1.102419137954712,2.3725924491882324,24.0,0.6973161764705882,104.52972412109375,245
BoxingPunchingBag/v_BoxingPunchingBag_g05_c07.avi,7.294183731079102,14.119136810302734,98.61541748046875,0.538639705882353,916.6842651367188,199
BoxingPunchingBag/v_BoxingPunchingBag_g06_c01.avi,5.860365867614746,9.818047523498535,105.0428466796875,0.4436029411764706,695.6331787109375,131
BoxingPunchingBag/v_BoxingPunchingBag_g06_c02.avi,5.824192523956299,6.657502174377441,66.06814575195312,0.17206341911764705,583.1141357421875,127
BoxingPunchingBag/v_BoxingPunchingBag_g06_c03.avi,4.193761348724365,8.687790870666504,100.6578369140625,0.4127090992647059,609.5364990234375,130
BoxingPunchingBag/v_BoxingPunchingBag_g06_c04.avi,7.2759199142456055,9.424927711486816,88.84255981445312,0.19364430147058823,1360.3359375,126
BoxingPunchingBag/v_BoxingPunchingBag_g06_c05.avi,1.9747018814086914,3.5967159271240234,46.010868072509766,0.40996323529411766,153.43748474121094,64
BoxingPunchingBag/v_BoxingPunchingBag_g06_c06.avi,9.219276428222656,13.26619815826416,106.60675048828125,0.18205422794117648,1067.4747314453125,134
BoxingPunchingBag/v_BoxingPunchingBag_g06_c07.avi,12.815245628356934,16.32681655883789,142.80406188964844,0.08536994485294118,1236.0087890625,160
BoxingPunchingBag/v_BoxingPunchingBag_g07_c01.avi,2.117115020751953,4.0719380378723145,43.185646057128906,0.5136879595588235,353.25091552734375,251
BoxingPunchingBag/v_BoxingPunchingBag_g07_c02.avi,2.016054153442383,4.911041259765625,50.35871505737305,0.6271254595588235,286.324951171875,274
BoxingPunchingBag/v_BoxingPunchingBag_g07_c03.avi,3.21022629737854,6.811521530151367,50.0099983215332,0.5176424632352942,582.0733032226562,286
BoxingPunchingBag/v_BoxingPunchingBag_g07_c04.avi,2.124976634979248,4.789409160614014,58.051700592041016,0.6019875919117647,354.7472229003906,284
BoxingPunchingBag/v_BoxingPunchingBag_g07_c05.avi,1.1203359365463257,2.5749943256378174,26.305892944335938,0.6460546875,132.603759765625,310
BoxingPunchingBag/v_BoxingPunchingBag_g07_c06.avi,2.335902452468872,4.822513103485107,50.6063232421875,0.5249172794117647,498.25201416015625,278
BoxingPunchingBag/v_BoxingPunchingBag_g07_c07.avi,2.5744595527648926,5.0872979164123535,50.03998565673828,0.5539338235294118,438.1314392089844,252
BoxingSpeedBag/v_BoxingSpeedBag_g01_c01.avi,7.568994045257568,11.905160903930664,97.0,0.26717141544117645,362.41802978515625,131
BoxingSpeedBag/v_BoxingSpeedBag_g01_c02.avi,1.4128731489181519,2.8124661445617676,28.844409942626953,0.5818060661764706,33.606056213378906,124
BoxingSpeedBag/v_BoxingSpeedBag_g01_c03.avi,9.105830192565918,11.378561019897461,123.47064208984375,0.21166590073529412,341.5559387207031,99
BoxingSpeedBag/v_BoxingSpeedBag_g01_c04.avi,9.840240478515625,13.08632755279541,113.3181381225586,0.2610110294117647,402.67645263671875,71
BoxingSpeedBag/v_BoxingSpeedBag_g02_c01.avi,5.139828205108643,8.078999519348145,75.28611755371094,0.3738924632352941,766.8251953125,171
BoxingSpeedBag/v_BoxingSpeedBag_g02_c02.avi,2.747098445892334,5.505061149597168,64.40496826171875,0.4145013786764706,590.1254272460938,199
BoxingSpeedBag/v_BoxingSpeedBag_g02_c03.avi,4.490537643432617,7.8487067222595215,71.47027587890625,0.29049632352941174,619.814453125,178
BoxingSpeedBag/v_BoxingSpeedBag_g02_c04.avi,1.6203681230545044,4.104075908660889,73.68174743652344,0.536164981617647,246.28012084960938,136
BoxingSpeedBag/v_BoxingSpeedBag_g03_c01.avi,23.93630027770996,20.048480987548828,119.70797729492188,0.19515854779411765,1380.9930419921875,120
BoxingSpeedBag/v_BoxingSpeedBag_g03_c02.avi,4.780186176300049,10.090638160705566,102.00489807128906,0.5107054227941177,819.1278076171875,138
BoxingSpeedBag/v_BoxingSpeedBag_g03_c03.avi,6.780703067779541,14.437262535095215,149.77316284179688,0.44585248161764707,989.7654418945312,132
BoxingSpeedBag/v_BoxingSpeedBag_g03_c04.avi,8.150160789489746,15.324311256408691,126.75172424316406,0.385,1321.0380859375,147
BoxingSpeedBag/v_BoxingSpeedBag_g03_c05.avi,6.072193145751953,13.927099227905273,134.37261962890625,0.4378561580882353,664.0877685546875,153
BoxingSpeedBag/v_BoxingSpeedBag_g04_c01.avi,5.4885430335998535,12.291720390319824,112.04463195800781,0.5135386029411765,188.5635223388672,111
BoxingSpeedBag/v_BoxingSpeedBag_g04_c02.avi,4.793655872344971,10.855900764465332,107.1680908203125,0.5353998161764706,138.23040771484375,132
BoxingSpeedBag/v_BoxingSpeedBag_g04_c03.avi,6.505183219909668,12.697402000427246,146.00341796875,0.4963005514705882,222.3268585205078,209
BoxingSpeedBag/v_BoxingSpeedBag_g04_c04.avi,4.853094577789307,9.678056716918945,98.18350219726562,0.5459007352941176,144.91818237304688,203
BoxingSpeedBag/v_BoxingSpeedBag_g04_c05.avi,4.363643646240234,8.680846214294434,89.87213134765625,0.5335340073529412,179.50018310546875,224
BoxingSpeedBag/v_BoxingSpeedBag_g04_c06.avi,7.022172451019287,13.82062816619873,121.03718566894531,0.5009375,191.55679321289062,252
BoxingSpeedBag/v_BoxingSpeedBag_g04_c07.avi,8.738761901855469,14.235846519470215,109.93180084228516,0.38262867647058824,350.42340087890625,299
BoxingSpeedBag/v_BoxingSpeedBag_g05_c01.avi,3.317751407623291,7.536957263946533,65.19202423095703,0.6095358455882353,148.3275604248047,135
BoxingSpeedBag/v_BoxingSpeedBag_g05_c02.avi,2.8556697368621826,7.2685394287109375,90.37699127197266,0.6150298713235294,91.33300018310547,164
BoxingSpeedBag/v_BoxingSpeedBag_g05_c03.avi,2.7728211879730225,6.77346658706665,98.99494934082031,0.6326034007352941,129.75982666015625,190
BoxingSpeedBag/v_BoxingSpeedBag_g05_c04.avi,3.2427754402160645,7.5592427253723145,73.9256362915039,0.618821231617647,176.1340789794922,136
BoxingSpeedBag/v_BoxingSpeedBag_g05_c05.avi,1.2039061784744263,3.1610891819000244,29.832868576049805,0.7421691176470588,77.76933288574219,183
BoxingSpeedBag/v_BoxingSpeedBag_g06_c01.avi,15.361349105834961,23.673551559448242,168.58529663085938,0.31946001838235294,665.8355712890625,222
BoxingSpeedBag/v_BoxingSpeedBag_g06_c02.avi,4.923191547393799,9.681707382202148,80.44873809814453,0.5150091911764706,308.1884765625,244
BoxingSpeedBag/v_BoxingSpeedBag_g06_c03.avi,11.999442100524902,17.07408332824707,119.00420379638672,0.29871783088235293,1064.298828125,250
BoxingSpeedBag/v_BoxingSpeedBag_g06_c04.avi,13.64810848236084,21.33753204345703,174.95713806152344,0.29560431985294117,934.5462646484375,223
BoxingSpeedBag/v_BoxingSpeedBag_g06_c05.avi,2.011538028717041,4.065642833709717,31.0,0.5339338235294118,106.97142028808594,125
BoxingSpeedBag/v_BoxingSpeedBag_g07_c01.avi,0.9376283288002014,1.6707607507705688,15.524174690246582,0.6308088235294118,47.495033264160156,482
BoxingSpeedBag/v_BoxingSpeedBag_g07_c02.avi,1.2865712642669678,2.69712495803833,30.805843353271484,0.5689039522058823,156.3546905517578,504
BoxingSpeedBag/v_BoxingSpeedBag_g07_c03.avi,1.4090707302093506,2.861774444580078,43.931766510009766,0.6112224264705882,103.28802490234375,451
BoxingSpeedBag/v_BoxingSpeedBag_g07_c04.avi,0.916588306427002,2.16964054107666,29.529645919799805,0.6405170036764706,104.1883773803711,466
BoxingSpeedBag/v_BoxingSpeedBag_g07_c05.avi,1.2376554012298584,2.3385989665985107,33.61547088623047,0.6163304227941176,107.91983795166016,453
BoxingSpeedBag/v_BoxingSpeedBag_g07_c06.avi,1.3193849325180054,2.739375114440918,34.01470184326172,0.6671691176470588,100.00225067138672,437
BoxingSpeedBag/v_BoxingSpeedBag_g07_c07.avi,0.8332140445709229,2.3351619243621826,37.48332977294922,0.6718566176470588,93.73023986816406,452
BreastStroke/v_BreastStroke_g01_c01.avi,7.547685623168945,18.834239959716797,302.0,0.2852159926470588,169.92959594726562,95
BreastStroke/v_BreastStroke_g01_c02.avi,8.571359634399414,12.914875030517578,74.0,0.30379825367647056,229.70755004882812,95
BreastStroke/v_BreastStroke_g01_c03.avi,7.836512565612793,11.258407592773438,75.00666809082031,0.35624770220588237,204.81546020507812,95
BreastStroke/v_BreastStroke_g01_c04.avi,9.285256385803223,13.520411491394043,97.0,0.31866038602941177,119.6551742553711,95
BreastStroke/v_BreastStroke_g02_c01.avi,10.186394691467285,11.645951271057129,110.0,0.30939797794117646,268.83953857421875,226
BreastStroke/v_BreastStroke_g02_c02.avi,4.381535053253174,7.775667667388916,88.0,0.46948529411764706,162.5319061279297,301
BreastStroke/v_BreastStroke_g02_c03.avi,13.034205436706543,17.032991409301758,140.57737731933594,0.313125,446.58062744140625,96
BreastStroke/v_BreastStroke_g02_c04.avi,6.132288455963135,9.843729019165039,89.0,0.3868658088235294,197.7021026611328,260
BreastStroke/v_BreastStroke_g03_c01.avi,10.248946189880371,10.137868881225586,75.0,0.4054434742647059,634.1358032226562,175
BreastStroke/v_BreastStroke_g03_c02.avi,7.439460754394531,9.676163673400879,75.02666473388672,0.2833685661764706,414.55645751953125,178
BreastStroke/v_BreastStroke_g03_c03.avi,1.6116793155670166,2.4926774501800537,19.10497283935547,0.5879411764705882,88.1639633178711,183
BreastStroke/v_BreastStroke_g03_c04.avi,1.9917651414871216,2.290555000305176,27.312999725341797,0.42878676470588234,232.9285430908203,186
BreastStroke/v_BreastStroke_g04_c01.avi,7.03886604309082,17.379453659057617,227.266357421875,0.4865349264705882,213.2948760986328,191
BreastStroke/v_BreastStroke_g04_c02.avi,0.984964907169342,2.7209818363189697,42.0,0.718125,40.24123001098633,182
BreastStroke/v_BreastStroke_g04_c03.avi,8.369155883789062,12.868224143981934,131.1868896484375,0.3928216911764706,275.85504150390625,191
BreastStroke/v_BreastStroke_g04_c04.avi,6.952574253082275,9.95499038696289,110.11357879638672,0.40866727941176473,277.5770568847656,216
BreastStroke/v_BreastStroke_g05_c01.avi,2.832247495651245,3.9803853034973145,34.36568069458008,0.37955652573529414,199.3026123046875,149
BreastStroke/v_BreastStroke_g05_c02.avi,5.71602725982666,8.716322898864746,57.21887969970703,0.46270680147058824,110.7081527709961,224
BreastStroke/v_BreastStroke_g05_c03.avi,3.342454433441162,5.258223056793213,50.635955810546875,0.43366498161764705,130.3245849609375,288
BreastStroke/v_BreastStroke_g05_c04.avi,4.0747551918029785,7.154420375823975,49.0,0.3804825367647059,113.76806640625,332
BreastStroke/v_BreastStroke_g06_c01.avi,6.908825874328613,9.633787155151367,92.6552734375,0.3301861213235294,146.13070678710938,115
BreastStroke/v_BreastStroke_g06_c02.avi,8.781379699707031,16.661258697509766,229.21823120117188,0.39927389705882355,149.92832946777344,99
BreastStroke/v_BreastStroke_g06_c03.avi,10.884234428405762,15.907355308532715,127.0,0.42458409926470586,215.96792602539062,99
BreastStroke/v_BreastStroke_g06_c04.avi,8.205866813659668,11.506362915039062,100.07997131347656,0.40464613970588237,377.11761474609375,113
BreastStroke/v_BreastStroke_g07_c01.avi,6.064352512359619,9.587443351745605,92.0,0.3821645220588235,593.0443115234375,259
BreastStroke/v_BreastStroke_g07_c02.avi,1.0925748348236084,1.6711084842681885,15.0,0.5607352941176471,66.9482192993164,304
BreastStroke/v_BreastStroke_g07_c03.avi,6.8419318199157715,9.140618324279785,48.0,0.3425045955882353,567.9979248046875,126
BreastStroke/v_BreastStroke_g07_c04.avi,3.931654691696167,6.263888835906982,59.43904495239258,0.4006456801470588,61.6983642578125,197
BrushingTeeth/v_BrushingTeeth_g01_c01.avi,8.29348373413086,12.252779960632324,75.92759704589844,0.25279411764705884,138.93589782714844,102
BrushingTeeth/v_BrushingTeeth_g01_c02.avi,3.1585922241210938,3.961682081222534,42.0,0.25867876838235293,72.88915252685547,108
BrushingTeeth/v_BrushingTeeth_g01_c03.avi,1.1704046726226807,1.4010653495788574,14.0,0.3972794117647059,8.60334587097168,121
BrushingTeeth/v_BrushingTeeth_g01_c04.avi,4.2097649574279785,4.661662578582764,42.7551155090332,0.22410845588235295,93.69551086425781,100
BrushingTeeth/v_BrushingTeeth_g02_c01.avi,0.8171961903572083,2.3051917552948,34.01470184326172,0.7529181985294118,22.57675552368164,715
BrushingTeeth/v_BrushingTeeth_g02_c02.avi,0.47976741194725037,1.4120315313339233,25.961509704589844,0.8005353860294118,6.586265563964844,731
BrushingTeeth/v_BrushingTeeth_g02_c03.avi,0.6227659583091736,2.0635483264923096,27.018512725830078,0.8020197610294117,5.8237199783325195,731
BrushingTeeth/v_BrushingTeeth_g02_c04.avi,0.5027306079864502,1.4290540218353271,20.0,0.8010960477941177,19.89066505432129,714
BrushingTeeth/v_BrushingTeeth_g02_c05.avi,0.6806824207305908,1.890199065208435,30.0,0.7628056066176471,24.89542007446289,747
BrushingTeeth/v_BrushingTeeth_g02_c06.avi,0.6622815132141113,1.7836240530014038,24.020824432373047,0.7696989889705882,15.386693954467773,715
BrushingTeeth/v_BrushingTeeth_g02_c07.avi,0.5884426236152649,1.850215196609497,27.018512725830078,0.7944806985294117,10.947714805603027,792
BrushingTeeth/v_BrushingTeeth_g03_c01.avi,8.497903823852539,16.32056427001953,143.5688018798828,0.3674609375,490.2357482910156,240
BrushingTeeth/v_BrushingTeeth_g03_c02.avi,8.240516662597656,13.714879035949707,104.54663848876953,0.3337936580882353,320.8125915527344,238
BrushingTeeth/v_BrushingTeeth_g03_c03.avi,3.161994457244873,5.050055503845215,47.381431579589844,0.4191360294117647,86.83614349365234,225
BrushingTeeth/v_BrushingTeeth_g03_c04.avi,2.518594980239868,3.872084379196167,27.073972702026367,0.4048230698529412,77.47621154785156,204
BrushingTeeth/v_BrushingTeeth_g03_c05.avi,3.3996260166168213,5.4958086013793945,39.357337951660156,0.42786305147058823,65.0798568725586,230
BrushingTeeth/v_BrushingTeeth_g04_c01.avi,0.9791901707649231,2.399240255355835,40.01249694824219,0.6601470588235294,72.419921875,192
BrushingTeeth/v_BrushingTeeth_g04_c02.avi,0.48152247071266174,1.2153372764587402,15.033296585083008,0.7675735294117647,48.28752517700195,127
BrushingTeeth/v_BrushingTeeth_g04_c03.avi,0.9139948487281799,2.2399094104766846,27.0,0.6958984375,56.427330017089844,100
BrushingTeeth/v_BrushingTeeth_g04_c04.avi,0.7440226674079895,1.5031839609146118,12.369317054748535,0.7033478860294118,36.15890884399414,80
BrushingTeeth/v_BrushingTeeth_g05_c01.avi,2.97908616065979,6.403045654296875,52.92447280883789,0.5540464154411765,124.24189758300781,169
BrushingTeeth/v_BrushingTeeth_g05_c02.avi,3.555360794067383,6.881443023681641,56.22277069091797,0.5795151654411764,99.8255386352539,194
BrushingTeeth/v_BrushingTeeth_g05_c03.avi,3.736147165298462,8.013670921325684,79.00633239746094,0.5393497242647058,128.29930114746094,209
BrushingTeeth/v_BrushingTeeth_g05_c04.avi,1.5367436408996582,3.120450258255005,29.73213768005371,0.6078354779411764,44.63725662231445,160
BrushingTeeth/v_BrushingTeeth_g05_c05.avi,2.193488836288452,4.7153544425964355,49.36598205566406,0.5659443933823529,135.8708038330078,228
BrushingTeeth/v_BrushingTeeth_g06_c01.avi,4.964386940002441,8.041319847106934,50.0,0.29043658088235297,127.85121154785156,286
BrushingTeeth/v_BrushingTeeth_g06_c02.avi,5.563765525817871,7.650908470153809,49.0,0.1879779411764706,136.3411407470703,248
BrushingTeeth/v_BrushingTeeth_g06_c03.avi,2.1329681873321533,2.7689592838287354,26.07680892944336,0.3192348345588235,64.22241973876953,308
BrushingTeeth/v_BrushingTeeth_g06_c04.avi,2.3923099040985107,3.320955514907837,28.0,0.3882100183823529,96.388916015625,336
BrushingTeeth/v_BrushingTeeth_g06_c05.avi,2.260310173034668,2.8762423992156982,33.2866325378418,0.3248345588235294,153.3119354248047,226
BrushingTeeth/v_BrushingTeeth_g07_c01.avi,5.321830749511719,6.777580261230469,76.10519409179688,0.2632306985294118,145.60733032226562,170
BrushingTeeth/v_BrushingTeeth_g07_c02.avi,10.255021095275879,28.860443115234375,335.3356628417969,0.25723805147058826,369.8053283691406,228
BrushingTeeth/v_BrushingTeeth_g07_c03.avi,3.3541669845581055,4.506051540374756,54.7813835144043,0.3206686580882353,114.327392578125,157
BrushingTeeth/v_BrushingTeeth_g07_c04.avi,6.5339274406433105,12.778840065002441,177.18069458007812,0.20458639705882353,272.6319580078125,174
BrushingTeeth/v_BrushingTeeth_g07_c05.avi,6.307785987854004,8.246814727783203,83.54639434814453,0.23152573529411766,137.18606567382812,248
BrushingTeeth/v_BrushingTeeth_g07_c06.avi,12.288476943969727,22.329761505126953,153.94154357910156,0.25580422794117647,284.3940734863281,224
CleanAndJerk/v_CleanAndJerk_g01_c01.avi,2.157058000564575,4.850782871246338,49.0,0.5830514705882353,295.894287109375,99
CleanAndJerk/v_CleanAndJerk_g01_c02.avi,2.660749912261963,6.548829555511475,69.0,0.6048391544117647,413.1158752441406,112
CleanAndJerk/v_CleanAndJerk_g01_c03.avi,0.3423125147819519,1.0421584844589233,10.0,0.8364338235294118,34.15134048461914,123
CleanAndJerk/v_CleanAndJerk_g01_c04.avi,1.396909236907959,3.778980016708374,49.0,0.6572495404411764,341.97662353515625,118
CleanAndJerk/v_CleanAndJerk_g01_c05.avi,1.8001395463943481,4.625730514526367,56.0,0.6168864889705883,325.90826416015625,120
CleanAndJerk/v_CleanAndJerk_g02_c01.avi,4.482702255249023,10.45953369140625,122.0,0.34214613970588237,322.3262634277344,102
CleanAndJerk/v_CleanAndJerk_g02_c02.avi,1.7369277477264404,4.1159210205078125,59.03388977050781,0.4536764705882353,31.281713485717773,244
CleanAndJerk/v_CleanAndJerk_g02_c03.avi,4.8991312980651855,10.081705093383789,97.08243560791016,0.40288832720588236,244.9661865234375,210
CleanAndJerk/v_CleanAndJerk_g02_c04.avi,4.6783223152160645,9.295592308044434,123.0,0.23940716911764706,289.943359375,292
CleanAndJerk/v_CleanAndJerk_g03_c01.avi,3.480032444000244,5.255568504333496,42.01190185546875,0.39043658088235295,295.61090087890625,171
CleanAndJerk/v_CleanAndJerk_g03_c02.avi,3.7537853717803955,11.91679573059082,135.2479248046875,0.5415533088235294,180.72093200683594,253
CleanAndJerk/v_CleanAndJerk_g03_c03.avi,1.7632637023925781,4.80568790435791,31.0,0.6606020220588236,101.44636535644531,275
CleanAndJerk/v_CleanAndJerk_g03_c04.avi,5.008906841278076,8.909746170043945,77.10382843017578,0.45107766544117645,293.475830078125,292
CleanAndJerk/v_CleanAndJerk_g03_c05.avi,4.225212097167969,5.948060989379883,36.0,0.2146920955882353,314.16339111328125,237
CleanAndJerk/v_CleanAndJerk_g03_c06.avi,0.880573034286499,1.6633483171463013,15.29705810546875,0.6088947610294118,32.78524398803711,245
CleanAndJerk/v_CleanAndJerk_g04_c01.avi,0.9350923299789429,2.8072078227996826,29.0,0.7353170955882353,139.60899353027344,142
CleanAndJerk/v_CleanAndJerk_g04_c02.avi,0.5905583500862122,1.7163259983062744,19.0,0.7652734375,70.67279815673828,236
CleanAndJerk/v_CleanAndJerk_g04_c03.avi,0.9368865489959717,3.125196933746338,34.0,0.7597702205882353,145.48239135742188,145
CleanAndJerk/v_CleanAndJerk_g04_c04.avi,0.5811014771461487,1.680754542350769,19.10497283935547,0.7818382352941177,86.9071044921875,151
CleanAndJerk/v_CleanAndJerk_g04_c05.avi,0.6641399264335632,1.913393259048462,19.0,0.7476493566176471,93.2331771850586,236
CleanAndJerk/v_CleanAndJerk_g05_c01.avi,4.63548469543457,7.4937896728515625,67.26811981201172,0.16144761029411764,581.8635864257812,90
CleanAndJerk/v_CleanAndJerk_g05_c02.avi,2.0285444259643555,3.7304632663726807,49.0,0.41285386029411764,222.158447265625,145
CleanAndJerk/v_CleanAndJerk_g05_c03.avi,1.9534082412719727,2.920880079269409,26.019224166870117,0.33088694852941175,168.6014862060547,145
CleanAndJerk/v_CleanAndJerk_g05_c04.avi,2.257244110107422,3.2707293033599854,25.0,0.324375,257.55615234375,205
CleanAndJerk/v_CleanAndJerk_g06_c01.avi,1.3869107961654663,1.706463098526001,22.090721130371094,0.44087775735294116,110.87757873535156,189
CleanAndJerk/v_CleanAndJerk_g06_c02.avi,1.366965889930725,1.9469823837280273,32.24903106689453,0.4261534926470588,207.38027954101562,193
CleanAndJerk/v_CleanAndJerk_g06_c03.avi,2.174492835998535,5.577548503875732,66.06814575195312,0.4116681985294118,356.5023498535156,100
CleanAndJerk/v_CleanAndJerk_g06_c04.avi,0.07792375236749649,0.4093838930130005,7.211102485656738,0.9435386029411764,1.9275038242340088,245
CleanAndJerk/v_CleanAndJerk_g07_c01.avi,2.1578168869018555,4.3557868003845215,33.060550689697266,0.46859145220588233,156.99822998046875,227
CleanAndJerk/v_CleanAndJerk_g07_c02.avi,0.34001821279525757,0.8979929685592651,8.246211051940918,0.8049724264705882,1.6405675411224365,303
CleanAndJerk/v_CleanAndJerk_g07_c03.avi,5.805523872375488,9.31553840637207,83.74365997314453,0.3806204044117647,363.8194580078125,227
CleanAndJerk/v_CleanAndJerk_g07_c04.avi,3.968700647354126,7.584183692932129,79.00633239746094,0.5156066176470588,314.51641845703125,284
CleanAndJerk/v_CleanAndJerk_g07_c05.avi,2.3376591205596924,4.368922233581543,34.928497314453125,0.5476125919117647,83.64568328857422,189
CliffDiving/v_CliffDiving_g01_c01.avi,24.069581985473633,35.79274368286133,199.12307739257812,0.31176011029411765,1942.888916015625,89
CliffDiving/v_CliffDiving_g01_c02.avi,10.519381523132324,17.34334373474121,98.0,0.4286029411764706,686.42236328125,113
CliffDiving/v_CliffDiving_g01_c03.avi,16.7390079498291,28.091657638549805,179.00279235839844,0.43105238970588233,564.9508666992188,71
CliffDiving/v_CliffDiving_g01_c04.avi,17.925905227661133,37.384315490722656,197.80039978027344,0.5923184742647059,1073.066162109375,80
CliffDiving/v_CliffDiving_g01_c05.avi,9.045938491821289,18.23516273498535,136.01470947265625,0.5352320772058824,158.5911865234375,81
CliffDiving/v_CliffDiving_g01_c06.avi,17.11363410949707,29.892797470092773,184.94593811035156,0.48528952205882353,515.8572998046875,75
CliffDiving/v_CliffDiving_g02_c01.avi,26.287155151367188,42.981258392333984,246.7589874267578,0.45218290441176473,403.27099609375,77
CliffDiving/v_CliffDiving_g02_c02.avi,25.922040939331055,38.35490036010742,187.21644592285156,0.4006870404411765,664.3626708984375,96
CliffDiving/v_CliffDiving_g02_c03.avi,12.851173400878906,25.326671600341797,206.08978271484375,0.5592371323529411,936.7032470703125,93
CliffDiving/v_CliffDiving_g02_c04.avi,18.45387840270996,31.620515823364258,152.05262756347656,0.5060799632352941,544.1402587890625,81
CliffDiving/v_CliffDiving_g03_c01.avi,14.622441291809082,16.799470901489258,77.0,0.11753446691176471,590.2720947265625,91
CliffDiving/v_CliffDiving_g03_c02.avi,16.133800506591797,16.922592163085938,57.688819885253906,0.03767233455882353,1417.987548828125,95
CliffDiving/v_CliffDiving_g03_c03.avi,16.199012756347656,15.175193786621094,79.19596099853516,0.1957238051470588,2182.38427734375,99
CliffDiving/v_CliffDiving_g03_c04.avi,18.29037857055664,37.11711883544922,149.0,0.26456112132352944,517.9183349609375,103
CliffDiving/v_CliffDiving_g03_c05.avi,24.669357299804688,28.9601993560791,110.04090118408203,0.2718772977941176,574.8798828125,92
CliffDiving/v_CliffDiving_g04_c01.avi,2.9215152263641357,3.5410659313201904,15.132745742797852,0.33617876838235294,397.009033203125,100
CliffDiving/v_CliffDiving_g04_c02.avi,0.7864773869514465,1.1544992923736572,10.29563045501709,0.5668589154411765,158.26608276367188,106
CliffDiving/v_CliffDiving_g04_c03.avi,0.7573488354682922,1.3481110334396362,13.152946472167969,0.6703285845588235,186.85646057128906,110
CliffDiving/v_CliffDiving_g04_c04.avi,4.045266628265381,4.215686798095703,22.203603744506836,0.27582720588235293,256.02191162109375,101
CliffDiving/v_CliffDiving_g05_c01.avi,14.73123550415039,21.96607208251953,190.68560791015625,0.34172104779411766,569.6063232421875,79
CliffDiving/v_CliffDiving_g05_c02.avi,32.41539001464844,42.91697311401367,141.0035400390625,0.2979526654411765,512.380615234375,75
CliffDiving/v_CliffDiving_g05_c03.avi,42.865325927734375,59.26595687866211,265.9567565917969,0.1549655330882353,1521.742919921875,97
CliffDiving/v_CliffDiving_g05_c04.avi,3.5278055667877197,3.5523905754089355,30.805843353271484,0.2066061580882353,63.227012634277344,67
CliffDiving/v_CliffDiving_g05_c05.avi,11.363183975219727,19.926504135131836,110.16805267333984,0.28288832720588236,61.92802047729492,85
CliffDiving/v_CliffDiving_g05_c06.avi,43.961177825927734,49.757774353027344,255.63450622558594,0.20189797794117648,976.9803466796875,96
CliffDiving/v_CliffDiving_g05_c07.avi,28.481121063232422,41.78422546386719,193.04144287109375,0.22348345588235294,332.27288818359375,93
CliffDiving/v_CliffDiving_g06_c01.avi,15.356112480163574,31.419910430908203,177.01129150390625,0.3705790441176471,343.50396728515625,80
CliffDiving/v_CliffDiving_g06_c02.avi,9.705716133117676,12.333115577697754,48.041648864746094,0.38382352941176473,148.07179260253906,70
CliffDiving/v_CliffDiving_g06_c03.avi,6.367117404937744,15.293949127197266,103.3924560546875,0.45,158.86062622070312,95
CliffDiving/v_CliffDiving_g06_c04.avi,10.768717765808105,16.99781608581543,90.00555419921875,0.35175551470588234,246.8535614013672,88
CliffDiving/v_CliffDiving_g06_c05.avi,9.76098346710205,18.882665634155273,101.12368774414062,0.4022840073529412,313.3648681640625,84
CliffDiving/v_CliffDiving_g06_c06.avi,15.622081756591797,26.95077896118164,182.98907470703125,0.41430376838235294,397.7929382324219,71
CliffDiving/v_CliffDiving_g06_c07.avi,10.785382270812988,17.627582550048828,112.1115493774414,0.39274126838235296,182.21937561035156,87
CliffDiving/v_CliffDiving_g07_c01.avi,42.70293045043945,35.22050094604492,158.861572265625,0.13633272058823528,1772.4097900390625,57
CliffDiving/v_CliffDiving_g07_c02.avi,30.886133193969727,26.83852767944336,140.12136840820312,0.011698069852941176,1194.2882080078125,59
CliffDiving/v_CliffDiving_g07_c03.avi,20.24919319152832,32.34475326538086,143.17820739746094,0.08691636029411764,1376.364501953125,82
CliffDiving/v_CliffDiving_g07_c04.avi,37.53443145751953,36.5003776550293,172.53985595703125,0.14022288602941177,971.9840698242188,83
CliffDiving/v_CliffDiving_g07_c05.avi,11.794776916503906,15.178375244140625,149.21461486816406,0.18280101102941176,578.8123779296875,71
CliffDiving/v_CliffDiving_g07_c06.avi,41.598304748535156,35.14572525024414,195.13328552246094,0.019896599264705883,748.8660278320312,74
CricketBowling/v_CricketBowling_g01_c01.avi,0.672463595867157,1.1826432943344116,16.0,0.6245978860294118,45.02812957763672,68
CricketBowling/v_CricketBowling_g01_c02.avi,1.1379947662353516,2.174217700958252,21.840330123901367,0.5467670036764706,87.6797103881836,60
CricketBowling/v_CricketBowling_g01_c03.avi,0.371372252702713,0.7302459478378296,8.0,0.7329411764705882,6.9848151206970215,65
CricketBowling/v_CricketBowling_g01_c04.avi,0.8878772258758545,1.6056365966796875,18.11077117919922,0.590625,47.943565368652344,132
CricketBowling/v_CricketBowling_g01_c05.avi,1.3455536365509033,2.354698419570923,32.69556427001953,0.5061925551470589,80.9400863647461,59
CricketBowling/v_CricketBowling_g01_c06.avi,0.6521802544593811,1.252997636795044,14.142135620117188,0.6402964154411764,48.47893524169922,169
CricketBowling/v_CricketBowling_g01_c07.avi,1.3395159244537354,2.557199239730835,32.98484420776367,0.5093152573529411,83.1320571899414,119
CricketBowling/v_CricketBowling_g02_c01.avi,0.30624550580978394,1.0285630226135254,9.219544410705566,0.8535661764705882,18.84026336669922,122
CricketBowling/v_CricketBowling_g02_c02.avi,1.815089464187622,3.252925157546997,29.017236709594727,0.5804434742647059,193.54075622558594,99
CricketBowling/v_CricketBowling_g02_c03.avi,1.0495160818099976,3.038431167602539,57.0,0.6852918198529412,111.5867691040039,114
CricketBowling/v_CricketBowling_g02_c04.avi,0.9182836413383484,3.3738982677459717,57.0,0.75328125,62.183021545410156,158
CricketBowling/v_CricketBowling_g02_c05.avi,1.0216416120529175,2.7344374656677246,39.0,0.6745266544117647,112.8119125366211,132
CricketBowling/v_CricketBowling_g02_c06.avi,0.874721109867096,3.1619856357574463,57.00876998901367,0.7503308823529412,111.2550048828125,129
CricketBowling/v_CricketBowling_g02_c07.avi,0.3383365273475647,1.1031101942062378,16.0,0.8307720588235294,22.908489227294922,122
CricketBowling/v_CricketBowling_g03_c01.avi,0.5810264945030212,1.2428935766220093,23.0,0.6735523897058824,57.4251823425293,100
CricketBowling/v_CricketBowling_g03_c02.avi,0.9235285520553589,2.568925380706787,43.011627197265625,0.6745611213235294,112.31734466552734,116
CricketBowling/v_CricketBowling_g03_c03.avi,2.123988389968872,3.245701313018799,40.0,0.32271829044117645,308.8904724121094,59
CricketBowling/v_CricketBowling_g03_c04.avi,0.4343595504760742,1.7599375247955322,27.018512725830078,0.8518382352941176,27.084789276123047,100
CricketBowling/v_CricketBowling_g04_c01.avi,7.169295310974121,9.088211059570312,107.0,0.13033088235294119,109.21500396728516,94
CricketBowling/v_CricketBowling_g04_c02.avi,9.917706489562988,13.238414764404297,62.361846923828125,0.15834558823529413,169.29141235351562,100
CricketBowling/v_CricketBowling_g04_c03.avi,11.383692741394043,11.811271667480469,65.0,0.08873621323529411,162.7122802734375,86
CricketBowling/v_CricketBowling_g04_c04.avi,9.562178611755371,12.715850830078125,97.0,0.20601102941176472,94.6756362915039,102
CricketBowling/v_CricketBowling_g04_c05.avi,9.842397689819336,12.753006935119629,115.0,0.19518841911764706,100.65070343017578,109
CricketBowling/v_CricketBowling_g05_c01.avi,0.40968504548072815,1.2171343564987183,23.34523582458496,0.7988235294117647,17.526966094970703,128
CricketBowling/v_CricketBowling_g05_c02.avi,0.35416489839553833,1.0461080074310303,16.031219482421875,0.8134535845588236,17.731800079345703,110
CricketBowling/v_CricketBowling_g05_c03.avi,0.9211847186088562,1.6763790845870972,18.439088821411133,0.6068405330882353,79.14912414550781,97
CricketBowling/v_CricketBowling_g05_c04.avi,2.535287618637085,3.9562392234802246,46.840152740478516,0.4188970588235294,91.28459167480469,106
CricketBowling/v_CricketBowling_g06_c01.avi,2.218132257461548,4.334833145141602,48.041648864746094,0.4109375,88.91087341308594,159
CricketBowling/v_CricketBowling_g06_c02.avi,1.9159550666809082,3.4986395835876465,37.947330474853516,0.46535615808823527,100.56747436523438,174
CricketBowling/v_CricketBowling_g06_c03.avi,1.7105224132537842,4.138760089874268,51.97114562988281,0.5992302389705882,117.37178039550781,152
CricketBowling/v_CricketBowling_g06_c04.avi,1.7761785984039307,4.242580890655518,49.36598205566406,0.5882513786764706,45.546627044677734,149
CricketBowling/v_CricketBowling_g06_c05.avi,0.7336282730102539,1.887877106666565,27.018512725830078,0.7165533088235294,11.814901351928711,156
CricketBowling/v_CricketBowling_g07_c01.avi,0.8537878394126892,2.121748924255371,16.031219482421875,0.6989338235294118,52.87611770629883,64
CricketBowling/v_CricketBowling_g07_c02.avi,1.944541335105896,5.083616256713867,89.0,0.49528952205882354,177.6908721923828,74
CricketBowling/v_CricketBowling_g07_c03.avi,2.4311933517456055,3.7356486320495605,34.01470184326172,0.3167532169117647,172.70553588867188,73
CricketBowling/v_CricketBowling_g07_c04.avi,15.4475736618042,19.47749900817871,81.0,0.20466222426470587,198.98321533203125,83
CricketShot/v_CricketShot_g01_c01.avi,0.926262378692627,1.5645712614059448,18.027755737304688,0.5419025735294117,74.57916259765625,83
CricketShot/v_CricketShot_g01_c02.avi,0.9093944430351257,1.7532529830932617,20.59126091003418,0.5770932904411765,127.4046401977539,90
CricketShot/v_CricketShot_g01_c03.avi,0.7473022937774658,1.7857296466827393,31.016124725341797,0.641171875,72.392333984375,94
CricketShot/v_CricketShot_g01_c04.avi,0.9468783736228943,1.8280349969863892,19.697715759277344,0.5567279411764706,131.14285278320312,71
CricketShot/v_CricketShot_g01_c05.avi,0.5870167016983032,1.1991437673568726,17.029386520385742,0.6624908088235294,71.4241714477539,94
CricketShot/v_CricketShot_g01_c06.avi,0.7334575057029724,1.4230022430419922,24.020824432373047,0.6048299632352941,101.89613342285156,75
CricketShot/v_CricketShot_g01_c07.avi,0.6982999444007874,1.251204013824463,16.278820037841797,0.6205905330882353,68.01435852050781,70
CricketShot/v_CricketShot_g02_c01.avi,0.9889771342277527,4.3299641609191895,68.0,0.7965349264705882,109.06180572509766,104
CricketShot/v_CricketShot_g02_c02.avi,0.6426576375961304,3.3544914722442627,80.0062484741211,0.8347403492647059,112.01570892333984,92
CricketShot/v_CricketShot_g02_c03.avi,1.0084220170974731,3.603200912475586,64.0,0.7563947610294117,188.55960083007812,96
CricketShot/v_CricketShot_g02_c04.avi,0.7521126866340637,2.853928565979004,52.009613037109375,0.7998460477941176,76.76544189453125,93
CricketShot/v_CricketShot_g02_c05.avi,0.8692135214805603,3.1543850898742676,46.010868072509766,0.7871691176470588,122.81063079833984,126
CricketShot/v_CricketShot_g02_c06.avi,0.5896469354629517,1.8701095581054688,30.0,0.7882306985294117,107.45597839355469,95
CricketShot/v_CricketShot_g02_c07.avi,0.6219751834869385,1.9669053554534912,26.925823211669922,0.79921875,140.65838623046875,93
CricketShot/v_CricketShot_g03_c01.avi,1.645458698272705,2.4262797832489014,19.84943389892578,0.46582720588235293,166.53176879882812,91
CricketShot/v_CricketShot_g03_c02.avi,3.335235595703125,4.014974594116211,40.199501037597656,0.22518152573529412,339.3826599121094,103
CricketShot/v_CricketShot_g03_c03.avi,1.3689647912979126,1.2362840175628662,16.0,0.18948069852941177,192.95384216308594,92
CricketShot/v_CricketShot_g03_c04.avi,3.133204221725464,3.1176023483276367,35.35533905029297,0.2652803308823529,399.0173645019531,100
CricketShot/v_CricketShot_g03_c05.avi,5.130688667297363,5.659012794494629,29.0,0.3206893382352941,249.76376342773438,104
CricketShot/v_CricketShot_g03_c06.avi,2.9272918701171875,2.31611704826355,30.528675079345703,0.21614430147058825,239.75521850585938,141
CricketShot/v_CricketShot_g03_c07.avi,2.6173441410064697,4.608558177947998,53.0,0.582922794117647,237.6179962158203,102
CricketShot/v_CricketShot_g04_c01.avi,0.925463855266571,1.9728045463562012,23.194826126098633,0.5691061580882353,117.1573257446289,79
CricketShot/v_CricketShot_g04_c02.avi,1.1066944599151611,2.219503402709961,32.202484130859375,0.5387545955882352,147.87001037597656,115
CricketShot/v_CricketShot_g04_c03.avi,1.1235673427581787,2.2348132133483887,27.0,0.5457329963235295,136.10379028320312,98
CricketShot/v_CricketShot_g04_c04.avi,0.9787426590919495,2.2245583534240723,41.01219177246094,0.5567210477941177,156.4208526611328,74
CricketShot/v_CricketShot_g04_c05.avi,0.9795964956283569,1.8775701522827148,27.073972702026367,0.5596714154411765,139.20619201660156,83
CricketShot/v_CricketShot_g04_c06.avi,1.0680609941482544,2.4390830993652344,27.294687271118164,0.5879342830882353,134.620361328125,76
CricketShot/v_CricketShot_g04_c07.avi,1.5470250844955444,3.1680939197540283,41.19466018676758,0.4833731617647059,189.3480682373047,87
CricketShot/v_CricketShot_g05_c01.avi,0.6713597178459167,2.1407155990600586,36.0,0.7927573529411764,125.83841705322266,55
CricketShot/v_CricketShot_g05_c02.avi,0.2522857189178467,0.9767287373542786,14.0,0.8794117647058823,40.71642303466797,63
CricketShot/v_CricketShot_g05_c03.avi,0.7128347754478455,2.478916645050049,58.03447341918945,0.7682697610294118,148.15879821777344,76
CricketShot/v_CricketShot_g05_c04.avi,0.9426336884498596,2.3770153522491455,28.65309715270996,0.7234191176470588,216.38720703125,56
CricketShot/v_CricketShot_g05_c05.avi,0.7704212665557861,2.195158004760742,32.0,0.7622541360294117,188.53285217285156,55
CricketShot/v_CricketShot_g05_c06.avi,0.2901868522167206,1.0363526344299316,14.764822959899902,0.8735294117647059,49.91242980957031,64
CricketShot/v_CricketShot_g05_c07.avi,0.24177269637584686,0.9901360869407654,13.34166431427002,0.8952941176470588,34.481712341308594,65
CricketShot/v_CricketShot_g06_c01.avi,1.4278239011764526,2.1420066356658936,16.0,0.49011029411764706,52.118927001953125,121
CricketShot/v_CricketShot_g06_c02.avi,2.552982807159424,2.2259509563446045,26.248809814453125,0.11548253676470588,195.2732696533203,126
CricketShot/v_CricketShot_g06_c03.avi,1.9126101732254028,2.210610866546631,23.53720474243164,0.3068520220588235,271.91204833984375,117
CricketShot/v_CricketShot_g06_c04.avi,1.0372898578643799,1.1305314302444458,21.0,0.36245404411764703,137.91555786132812,134
CricketShot/v_CricketShot_g06_c05.avi,0.1320364624261856,0.4269765615463257,6.0,0.8884191176470588,37.41303634643555,121
CricketShot/v_CricketShot_g06_c06.avi,0.5778856873512268,0.7927985787391663,13.0,0.5482444852941176,76.58860778808594,168
CricketShot/v_CricketShot_g06_c07.avi,4.514928340911865,4.292616367340088,27.0,0.04206801470588235,374.25323486328125,99
CricketShot/v_CricketShot_g07_c01.avi,3.042041063308716,3.3189051151275635,43.931766510009766,0.04472426470588235,222.09140014648438,99
CricketShot/v_CricketShot_g07_c02.avi,1.8735371828079224,1.4598302841186523,11.401754379272461,0.14528033088235295,47.089454650878906,125
CricketShot/v_CricketShot_g07_c03.avi,14.323451042175293,12.058110237121582,51.009803771972656,0.008042279411764705,215.8163604736328,133
CricketShot/v_CricketShot_g07_c04.avi,5.4845452308654785,5.269031047821045,40.70626449584961,0.018203125,367.7102966308594,117
CricketShot/v_CricketShot_g07_c05.avi,7.653594493865967,7.7974677085876465,60.20797348022461,0.08416130514705883,384.8941345214844,118
CricketShot/v_CricketShot_g07_c06.avi,7.126363754272461,5.0332441329956055,35.35533905029297,0.04559283088235294,147.0136260986328,98
CricketShot/v_CricketShot_g07_c07.avi,3.4069912433624268,3.2779593467712402,24.515300750732422,0.27030330882352943,91.15878295898438,101
CuttingInKitchen/v_CuttingInKitchen_g01_c01.avi,5.982632160186768,11.488057136535645,120.54045104980469,0.3979756433823529,288.9984130859375,300
CuttingInKitchen/v_CuttingInKitchen_g01_c02.avi,3.78692364692688,7.308565616607666,62.07253646850586,0.4466176470588235,145.189208984375,104
CuttingInKitchen/v_CuttingInKitchen_g01_c03.avi,8.778679847717285,14.851037979125977,147.76332092285156,0.3906364889705882,1062.9378662109375,161
CuttingInKitchen/v_CuttingInKitchen_g01_c04.avi,13.225951194763184,21.162874221801758,162.44383239746094,0.36538373161764703,1188.453369140625,168
CuttingInKitchen/v_CuttingInKitchen_g01_c05.avi,16.802494049072266,27.76181411743164,223.98660278320312,0.29368336397058825,998.1497192382812,218
CuttingInKitchen/v_CuttingInKitchen_g02_c01.avi,2.6633782386779785,9.124296188354492,119.00420379638672,0.7033088235294118,123.216064453125,79
CuttingInKitchen/v_CuttingInKitchen_g02_c02.avi,2.6286237239837646,5.636388778686523,37.336307525634766,0.6405836397058824,168.3845672607422,88
CuttingInKitchen/v_CuttingInKitchen_g02_c03.avi,0.5018054246902466,1.3875073194503784,14.0,0.8186029411764706,15.778350830078125,122
CuttingInKitchen/v_CuttingInKitchen_g02_c04.avi,1.508506417274475,3.8319458961486816,39.0,0.7209191176470588,129.78057861328125,146
CuttingInKitchen/v_CuttingInKitchen_g03_c01.avi,2.344961166381836,4.187469005584717,46.173583984375,0.47542738970588233,70.8934097290039,265
CuttingInKitchen/v_CuttingInKitchen_g03_c02.avi,1.4696227312088013,3.284538745880127,52.0,0.6013327205882353,72.23299407958984,200
CuttingInKitchen/v_CuttingInKitchen_g03_c03.avi,2.0838794708251953,4.808035850524902,48.25971221923828,0.5701332720588236,93.25660705566406,265
CuttingInKitchen/v_CuttingInKitchen_g03_c04.avi,2.9005355834960938,5.42880392074585,54.918121337890625,0.5009903492647059,108.62325286865234,259
CuttingInKitchen/v_CuttingInKitchen_g04_c01.avi,12.66176700592041,15.160605430603027,134.48048400878906,0.07529871323529412,1157.2855224609375,96
CuttingInKitchen/v_CuttingInKitchen_g04_c02.avi,13.735307693481445,20.299814224243164,165.67739868164062,0.24049172794117646,718.7544555664062,151
CuttingInKitchen/v_CuttingInKitchen_g04_c03.avi,5.507521152496338,8.136798858642578,84.95881652832031,0.1921047794117647,200.27171325683594,140
CuttingInKitchen/v_CuttingInKitchen_g04_c04.avi,2.924079418182373,4.841496467590332,39.59798049926758,0.3584834558823529,99.98699951171875,181
CuttingInKitchen/v_CuttingInKitchen_g04_c05.avi,14.090776443481445,14.973493576049805,144.30870056152344,0.10861902573529411,849.5849609375,207
CuttingInKitchen/v_CuttingInKitchen_g05_c01.avi,0.97017902135849,2.700556993484497,25.238859176635742,0.7580974264705882,65.84642028808594,236
CuttingInKitchen/v_CuttingInKitchen_g05_c02.avi,1.0446854829788208,3.207395315170288,32.893768310546875,0.7910615808823529,40.1317024230957,233
CuttingInKitchen/v_CuttingInKitchen_g05_c03.avi,0.547961413860321,1.7923051118850708,22.0,0.8327573529411765,21.835102081298828,250
CuttingInKitchen/v_CuttingInKitchen_g05_c04.avi,3.1119184494018555,8.104524612426758,57.688819885253906,0.7019117647058823,317.2855224609375,231
CuttingInKitchen/v_CuttingInKitchen_g05_c05.avi,0.8797292113304138,2.3035311698913574,21.0,0.7614131433823529,39.44927978515625,237
CuttingInKitchen/v_CuttingInKitchen_g05_c06.avi,1.0869693756103516,3.5422282218933105,45.27692413330078,0.8066153492647059,109.11875915527344,140
CuttingInKitchen/v_CuttingInKitchen_g06_c01.avi,1.9811701774597168,5.63426399230957,72.00694274902344,0.6863970588235294,54.677589416503906,242
CuttingInKitchen/v_CuttingInKitchen_g06_c02.avi,1.3961418867111206,2.946648120880127,38.0,0.6318841911764705,31.54134750366211,272
CuttingInKitchen/v_CuttingInKitchen_g06_c03.avi,5.287783622741699,10.88514518737793,109.11461639404297,0.42308363970588236,100.2123794555664,225
CuttingInKitchen/v_CuttingInKitchen_g06_c04.avi,7.969414710998535,13.804014205932617,140.08926391601562,0.35313189338235296,527.35986328125,167
CuttingInKitchen/v_CuttingInKitchen_g06_c05.avi,6.384251594543457,12.180075645446777,99.2471694946289,0.4631181066176471,122.9633560180664,150
CuttingInKitchen/v_CuttingInKitchen_g07_c01.avi,8.700779914855957,12.093483924865723,90.07774353027344,0.29453125,456.1951599121094,81
CuttingInKitchen/v_CuttingInKitchen_g07_c02.avi,0.42769855260849,1.0628832578659058,10.0,0.7648529411764706,18.53225326538086,64
CuttingInKitchen/v_CuttingInKitchen_g07_c03.avi,3.48372483253479,4.564378261566162,37.64305877685547,0.4147426470588235,83.54756164550781,62
CuttingInKitchen/v_CuttingInKitchen_g07_c04.avi,4.248013973236084,6.187896251678467,52.63079071044922,0.27724034926470587,264.1622619628906,97
Diving/v_Diving_g01_c01.avi,3.20878267288208,4.211826324462891,56.080299377441406,0.2590372242647059,230.53125,258
Diving/v_Diving_g01_c02.avi,1.7800122499465942,2.0399832725524902,25.05992889404297,0.19404641544117648,171.09402465820312,281
Diving/v_Diving_g01_c03.avi,5.411534309387207,5.474247932434082,41.231056213378906,0.21489430147058824,309.49224853515625,213
Diving/v_Diving_g01_c04.avi,15.540040969848633,13.949274063110352,59.05929183959961,0.057040441176470585,449.405029296875,231
Diving/v_Diving_g01_c05.avi,9.178560256958008,9.997451782226562,64.0,0.08269761029411765,465.51153564453125,233
Diving/v_Diving_g01_c06.avi,3.872366428375244,3.65998911857605,29.529645919799805,0.08293658088235294,191.6964874267578,254
Diving/v_Diving_g01_c07.avi,2.113117218017578,3.9732818603515625,54.00925827026367,0.38317095588235295,100.76558685302734,242
Diving/v_Diving_g02_c01.avi,0.6615687608718872,2.586132049560547,43.65776062011719,0.8233455882352941,110.38043212890625,133
Diving/v_Diving_g02_c02.avi,0.5707424879074097,1.9060612916946411,22.472204208374023,0.8223897058823529,152.50030517578125,150
Diving/v_Diving_g02_c03.avi,0.3836258053779602,1.6188721656799316,29.068883895874023,0.8633823529411765,34.63457107543945,127
Diving/v_Diving_g02_c04.avi,1.3783586025238037,4.195954322814941,61.0,0.6590808823529412,186.78395080566406,159
Diving/v_Diving_g02_c05.avi,0.6144977807998657,1.813641905784607,35.05709457397461,0.7767279411764706,119.60908508300781,199
Diving/v_Diving_g02_c06.avi,0.4357503354549408,1.3693349361419678,16.0,0.8225367647058823,53.08612823486328,151
Diving/v_Diving_g02_c07.avi,0.28845536708831787,1.116697907447815,13.03840446472168,0.8732720588235294,73.6574935913086,122
Diving/v_Diving_g03_c01.avi,1.787061095237732,2.8638110160827637,29.42787742614746,0.5066659007352942,199.19485473632812,191
Diving/v_Diving_g03_c02.avi,3.398419141769409,3.6306040287017822,40.8166618347168,0.1527205882352941,203.84848022460938,191
Diving/v_Diving_g03_c03.avi,2.19511342048645,2.0787153244018555,20.615528106689453,0.22724034926470588,125.01710510253906,187
Diving/v_Diving_g03_c04.avi,3.4233920574188232,4.761145114898682,75.1664810180664,0.3503125,195.27230834960938,197
Diving/v_Diving_g03_c05.avi,1.29977285861969,1.5845401287078857,32.015621185302734,0.37231617647058823,157.90603637695312,247
Diving/v_Diving_g03_c06.avi,1.249819040298462,2.6939165592193604,26.019224166870117,0.5382950367647059,200.3123321533203,114
Diving/v_Diving_g03_c07.avi,2.7087903022766113,12.13892936706543,216.66795349121094,0.5768083639705882,268.4785461425781,102
Diving/v_Diving_g04_c01.avi,7.1971564292907715,5.15975284576416,46.51881408691406,0.07733455882352941,335.39825439453125,105
Diving/v_Diving_g04_c02.avi,3.88336443901062,3.513561248779297,51.078372955322266,0.20043198529411765,326.42791748046875,97
Diving/v_Diving_g04_c03.avi,5.53442907333374,10.365227699279785,52.239830017089844,0.4812339154411765,236.2049560546875,145
Diving/v_Diving_g04_c04.avi,2.9463999271392822,3.248358964920044,42.0,0.2830606617647059,140.76840209960938,284
Diving/v_Diving_g04_c05.avi,4.195289611816406,4.2606682777404785,45.17742919921875,0.19910845588235293,228.11376953125,149
Diving/v_Diving_g04_c06.avi,10.954010009765625,11.904664993286133,69.81404113769531,0.064765625,534.7782592773438,119
Diving/v_Diving_g04_c07.avi,6.579117298126221,5.954970359802246,36.0,0.17373161764705883,381.04534912109375,149
Diving/v_Diving_g05_c01.avi,0.8616465330123901,2.8115837574005127,44.55333709716797,0.7633340992647059,97.80781555175781,109
Diving/v_Diving_g05_c02.avi,1.4320460557937622,5.0600504875183105,69.46221923828125,0.7506525735294117,62.13951873779297,157
Diving/v_Diving_g05_c03.avi,0.6114904880523682,1.9602845907211304,28.23118782043457,0.8067210477941177,40.63581085205078,105
Diving/v_Diving_g05_c04.avi,0.7513027191162109,2.3079588413238525,24.59674835205078,0.7624632352941176,51.5566520690918,129
Diving/v_Diving_g05_c05.avi,1.4222729206085205,4.1315436363220215,60.29925537109375,0.6907008272058823,109.9125747680664,100
Diving/v_Diving_g05_c06.avi,1.497930645942688,3.7213025093078613,43.416587829589844,0.6598805147058824,155.46871948242188,59
Diving/v_Diving_g06_c01.avi,1.1085141897201538,1.6659232378005981,24.020824432373047,0.531608455882353,147.7445526123047,211
Diving/v_Diving_g06_c02.avi,1.8630937337875366,3.107478380203247,35.05709457397461,0.3957582720588235,193.75430297851562,208
Diving/v_Diving_g06_c03.avi,4.46568489074707,5.466115474700928,50.0099983215332,0.0792624080882353,424.0254821777344,235
Diving/v_Diving_g06_c04.avi,1.6117419004440308,2.3215153217315674,28.07133674621582,0.4890510110294118,203.270263671875,215
Diving/v_Diving_g06_c05.avi,2.3232474327087402,2.893091917037964,17.0880069732666,0.3322449448529412,81.35892486572266,124
Diving/v_Diving_g06_c06.avi,5.00650691986084,5.533623218536377,42.48529052734375,0.11671185661764706,341.3747253417969,218
Diving/v_Diving_g06_c07.avi,0.4226177930831909,0.7819875478744507,8.062257766723633,0.7036672794117647,21.64897346496582,241
Diving/v_Diving_g07_c01.avi,10.858351707458496,10.150632858276367,94.0,0.21622472426470588,853.1832885742188,178
Diving/v_Diving_g07_c02.avi,1.7188119888305664,3.1342310905456543,53.5350341796875,0.5274862132352941,570.1845703125,157
Diving/v_Diving_g07_c03.avi,2.6706531047821045,5.080905914306641,54.147945404052734,0.5211029411764706,112.2230224609375,215
Diving/v_Diving_g07_c04.avi,6.6781325340271,5.986917018890381,41.0,0.1535248161764706,316.4266357421875,172
Drumming/v_Drumming_g01_c01.avi,0.7461028695106506,3.1318235397338867,46.48655700683594,0.8484742647058824,528.5255126953125,299
Drumming/v_Drumming_g01_c02.avi,0.4308171570301056,1.2778328657150269,16.552946090698242,0.7950091911764706,260.9029235839844,299
Drumming/v_Drumming_g01_c03.avi,1.0897032022476196,2.457489252090454,39.293766021728516,0.5118956801470588,480.2539978027344,299
Drumming/v_Drumming_g01_c04.avi,4.29977560043335,6.868982791900635,81.09870910644531,0.11037913602941177,880.095703125,299
Drumming/v_Drumming_g01_c05.avi,2.661790609359741,4.428130626678467,48.25971221923828,0.2842371323529412,838.7483520507812,299
Drumming/v_Drumming_g01_c06.avi,2.7121353149414062,4.629976749420166,57.30619430541992,0.30968060661764707,898.4671630859375,299
Drumming/v_Drumming_g01_c07.avi,8.15904426574707,8.864614486694336,55.03635025024414,0.24130284926470588,827.1564331054688,299
Drumming/v_Drumming_g02_c01.avi,2.490384101867676,5.215083122253418,65.52098846435547,0.6401102941176471,315.6653137207031,299
Drumming/v_Drumming_g02_c02.avi,6.916787147521973,12.599309921264648,93.23089599609375,0.4924425551470588,895.25244140625,299
Drumming/v_Drumming_g02_c03.avi,3.7896058559417725,6.467148780822754,52.038448333740234,0.5258088235294117,677.6397705078125,299
Drumming/v_Drumming_g02_c04.avi,5.987958908081055,10.669215202331543,82.2982406616211,0.48661764705882354,671.4122314453125,299
Drumming/v_Drumming_g02_c05.avi,3.9483513832092285,7.615476608276367,74.81310272216797,0.5286971507352941,581.9349365234375,299
Drumming/v_Drumming_g02_c06.avi,4.835991382598877,10.650928497314453,105.80170440673828,0.4983501838235294,867.1497192382812,299
Drumming/v_Drumming_g02_c07.avi,5.237392425537109,9.892915725708008,79.2022705078125,0.4885294117647059,752.9215698242188,299
Drumming/v_Drumming_g03_c01.avi,3.416738510131836,5.5379204750061035,54.0,0.4317325367647059,660.6282958984375,176
Drumming/v_Drumming_g03_c02.avi,0.7997331023216248,2.3644914627075195,27.0,0.7751171875,462.9161071777344,230
Drumming/v_Drumming_g03_c03.avi,2.7891716957092285,5.200175762176514,58.694122314453125,0.43686580882352943,356.3963317871094,110
Drumming/v_Drumming_g03_c04.avi,2.5771148204803467,5.019260883331299,71.16881561279297,0.4834420955882353,677.5697021484375,173
Drumming/v_Drumming_g03_c05.avi,0.7408192157745361,2.0101401805877686,26.832815170288086,0.7092348345588235,458.9361267089844,152
Drumming/v_Drumming_g04_c01.avi,4.9279866218566895,5.386166095733643,72.36711883544922,0.19375229779411765,206.0901336669922,299
Drumming/v_Drumming_g04_c02.avi,3.8784379959106445,4.5620527267456055,53.600372314453125,0.20341222426470587,154.91244506835938,299
Drumming/v_Drumming_g04_c03.avi,2.6671571731567383,3.913640260696411,61.814239501953125,0.23935661764705882,197.55563354492188,299
Drumming/v_Drumming_g04_c04.avi,2.0802652835845947,3.7137036323547363,45.27692413330078,0.30873391544117645,147.20407104492188,299
Drumming/v_Drumming_g04_c05.avi,1.9086085557937622,3.8439462184906006,50.0099983215332,0.4211626838235294,220.4412078857422,299
Drumming/v_Drumming_g04_c06.avi,5.052645683288574,5.485313415527344,41.78516387939453,0.2090188419117647,285.9032287597656,299
Drumming/v_Drumming_g04_c07.avi,2.0949506759643555,4.342262268066406,68.4689712524414,0.3435271139705882,172.65811157226562,299
Drumming/v_Drumming_g05_c01.avi,1.3574360609054565,3.6379482746124268,49.92995071411133,0.6820013786764706,237.84530639648438,169
Drumming/v_Drumming_g05_c02.avi,2.268895387649536,4.786945819854736,65.51335906982422,0.5603952205882353,411.0235290527344,176
Drumming/v_Drumming_g05_c03.avi,3.1637158393859863,7.041236877441406,69.02897644042969,0.5297403492647059,614.4483032226562,175
Drumming/v_Drumming_g05_c04.avi,1.6566301584243774,3.4783146381378174,43.8292121887207,0.596881893382353,341.71307373046875,207
Drumming/v_Drumming_g05_c05.avi,2.6491122245788574,5.892319679260254,67.06713104248047,0.5401263786764706,426.51763916015625,194
Drumming/v_Drumming_g05_c06.avi,0.809015154838562,2.3514785766601562,44.92215347290039,0.7916567095588235,219.29623413085938,210
Drumming/v_Drumming_g06_c01.avi,0.4804406464099884,1.653477430343628,22.022714614868164,0.8170473345588235,266.20574951171875,299
Drumming/v_Drumming_g06_c02.avi,0.4408726096153259,1.3736804723739624,17.69180679321289,0.812578125,233.4096221923828,299
Drumming/v_Drumming_g06_c03.avi,0.49486684799194336,1.415407657623291,17.029386520385742,0.7973483455882353,257.4087219238281,299
Drumming/v_Drumming_g06_c04.avi,0.43307265639305115,1.3650715351104736,16.278820037841797,0.8272748161764706,247.7991180419922,299
Drumming/v_Drumming_g06_c05.avi,0.4073275923728943,1.3674134016036987,21.40093421936035,0.8277458639705882,200.29617309570312,299
Drumming/v_Drumming_g06_c06.avi,0.3554258346557617,1.0835154056549072,16.124515533447266,0.8259650735294117,235.6735382080078,299
Drumming/v_Drumming_g07_c01.avi,3.862938404083252,6.569259166717529,54.037025451660156,0.5304618566176471,444.7547912597656,299
Drumming/v_Drumming_g07_c02.avi,3.8257486820220947,7.364790439605713,83.63013458251953,0.5748988970588236,435.1329650878906,299
Drumming/v_Drumming_g07_c03.avi,4.340662479400635,7.1096510887146,64.32728576660156,0.47972426470588236,639.33740234375,299
Drumming/v_Drumming_g07_c04.avi,4.0170769691467285,7.545053482055664,70.68238830566406,0.5631272977941176,413.9873962402344,299
Drumming/v_Drumming_g07_c05.avi,5.243424892425537,8.51720142364502,55.0,0.5220886948529412,506.3648986816406,299
Drumming/v_Drumming_g07_c06.avi,5.00662899017334,8.020862579345703,61.52235412597656,0.47745863970588237,624.8501586914062,299
Drumming/v_Drumming_g07_c07.avi,3.9883384704589844,7.84538459777832,71.02112579345703,0.6174770220588235,618.4672241210938,299
Fencing/v_Fencing_g01_c01.avi,5.1646037101745605,5.821212291717529,35.22782897949219,0.1720840992647059,400.7459716796875,146
Fencing/v_Fencing_g01_c02.avi,2.6313438415527344,3.234919786453247,35.510562896728516,0.2850919117647059,332.1102600097656,160
Fencing/v_Fencing_g01_c03.avi,3.348435163497925,5.637741565704346,43.931766510009766,0.42124080882352943,406.9957275390625,146
Fencing/v_Fencing_g01_c04.avi,4.443695545196533,5.44514274597168,39.20458984375,0.1667670036764706,330.2546691894531,146
Fencing/v_Fencing_g01_c05.avi,2.159539222717285,2.941520929336548,28.635643005371094,0.4135110294117647,224.70388793945312,135
Fencing/v_Fencing_g01_c06.avi,2.373006820678711,3.9417781829833984,30.149627685546875,0.4470381433823529,345.690673828125,173
Fencing/v_Fencing_g02_c01.avi,3.313390016555786,4.167393207550049,38.05259704589844,0.25660386029411764,469.94793701171875,141
Fencing/v_Fencing_g02_c02.avi,6.902928352355957,8.59768295288086,72.83543395996094,0.28529181985294116,742.5164184570312,131
Fencing/v_Fencing_g02_c03.avi,11.042318344116211,13.235773086547852,68.4689712524414,0.1613028492647059,625.2054443359375,114
Fencing/v_Fencing_g02_c04.avi,8.179149627685547,11.452096939086914,91.54779815673828,0.30072610294117647,1476.2203369140625,118
Fencing/v_Fencing_g02_c05.avi,7.295548439025879,10.031676292419434,65.19202423095703,0.24772748161764707,1224.22705078125,135
Fencing/v_Fencing_g03_c01.avi,13.8958101272583,14.888649940490723,95.42536163330078,0.04037913602941177,1560.027587890625,119
Fencing/v_Fencing_g03_c02.avi,2.2524192333221436,3.1668701171875,38.470767974853516,0.31306525735294116,939.7405395507812,113
Fencing/v_Fencing_g03_c03.avi,11.943419456481934,13.324281692504883,65.79513549804688,0.18198988970588234,896.5941162109375,110
Fencing/v_Fencing_g03_c04.avi,3.5012121200561523,5.301175594329834,46.04345703125,0.27993795955882356,554.0682373046875,93
Fencing/v_Fencing_g03_c05.avi,2.7933766841888428,3.0395267009735107,24.1867733001709,0.20508961397058822,600.6854858398438,137
Fencing/v_Fencing_g04_c01.avi,12.194336891174316,15.00622844696045,93.0,0.03771139705882353,599.74267578125,169
Fencing/v_Fencing_g04_c02.avi,6.146973609924316,8.462556838989258,65.0,0.0773092830882353,550.43798828125,135
Fencing/v_Fencing_g04_c03.avi,1.683405876159668,2.48591685295105,30.066593170166016,0.4829779411764706,259.2953186035156,151
Fencing/v_Fencing_g04_c04.avi,3.408128499984741,3.0492630004882812,19.646883010864258,0.2251907169117647,222.8339080810547,126
Fencing/v_Fencing_g04_c05.avi,4.951226234436035,5.2361860275268555,41.04875183105469,0.17235523897058824,385.61065673828125,109
Fencing/v_Fencing_g05_c01.avi,10.210795402526855,9.91446590423584,86.70063781738281,0.1795657169117647,513.35986328125,138
Fencing/v_Fencing_g05_c02.avi,18.020540237426758,18.6120548248291,126.0,0.022752757352941175,651.7506713867188,119
Fencing/v_Fencing_g05_c03.avi,7.262628555297852,8.239971160888672,59.03388977050781,0.16544117647058823,230.949951171875,128
Fencing/v_Fencing_g05_c04.avi,7.354722499847412,9.761506080627441,50.0,0.18978630514705883,237.5404815673828,129
Fencing/v_Fencing_g05_c05.avi,6.148242950439453,6.046865463256836,52.0,0.17965992647058823,245.9163055419922,129
Fencing/v_Fencing_g06_c01.avi,10.947090148925781,9.038796424865723,45.607017517089844,0.08601792279411764,533.4879150390625,141
Fencing/v_Fencing_g06_c02.avi,13.741829872131348,27.08938980102539,152.05262756347656,0.21568014705882352,672.6180419921875,150
Fencing/v_Fencing_g06_c03.avi,5.6073150634765625,5.544005393981934,37.2155876159668,0.22645220588235293,298.7300720214844,125
Fencing/v_Fencing_g06_c04.avi,0.9653668403625488,1.1346954107284546,10.049875259399414,0.3859283088235294,69.72537231445312,124
Fencing/v_Fencing_g07_c01.avi,6.868099689483643,8.972826957702637,83.0,0.07411305147058823,397.6435852050781,146
Fencing/v_Fencing_g07_c02.avi,3.3968169689178467,7.3818254470825195,100.0,0.3926700367647059,338.00494384765625,109
Fencing/v_Fencing_g07_c03.avi,11.41028881072998,16.71650505065918,101.0197982788086,0.13728860294117648,445.77728271484375,110
Fencing/v_Fencing_g07_c04.avi,2.632857084274292,2.9030394554138184,30.066593170166016,0.23915900735294118,105.43292236328125,122
FieldHockeyPenalty/v_FieldHockeyPenalty_g01_c01.avi,3.769209384918213,5.440133571624756,51.0,0.2652918198529412,199.81155395507812,130
FieldHockeyPenalty/v_FieldHockeyPenalty_g01_c02.avi,7.200565814971924,8.128108978271484,87.20664978027344,0.1154296875,404.43438720703125,179
FieldHockeyPenalty/v_FieldHockeyPenalty_g01_c03.avi,6.133233547210693,9.947049140930176,140.0,0.16978630514705884,329.8885803222656,100
FieldHockeyPenalty/v_FieldHockeyPenalty_g01_c04.avi,1.8483091592788696,2.865248441696167,31.016124725341797,0.46073299632352943,81.33340454101562,153
FieldHockeyPenalty/v_FieldHockeyPenalty_g01_c05.avi,3.436342477798462,5.36887788772583,70.06425476074219,0.24906479779411764,222.7957305908203,143
FieldHockeyPenalty/v_FieldHockeyPenalty_g02_c01.avi,0.9087299108505249,2.01697039604187,25.0,0.6618244485294118,179.5843505859375,104
FieldHockeyPenalty/v_FieldHockeyPenalty_g02_c02.avi,0.9708385467529297,1.9603182077407837,24.1867733001709,0.6273736213235294,19.257518768310547,140
FieldHockeyPenalty/v_FieldHockeyPenalty_g02_c03.avi,0.859891414642334,1.7045053243637085,24.0,0.6210661764705883,133.30441284179688,150
FieldHockeyPenalty/v_FieldHockeyPenalty_g02_c04.avi,0.9226101636886597,1.9928573369979858,21.587032318115234,0.6506020220588236,20.99267578125,195
FieldHockeyPenalty/v_FieldHockeyPenalty_g02_c05.avi,0.46043556928634644,1.0319818258285522,11.045360565185547,0.7463442095588235,21.886995315551758,168
FieldHockeyPenalty/v_FieldHockeyPenalty_g02_c06.avi,0.8512230515480042,1.9132133722305298,25.01999282836914,0.6474517463235294,165.58180236816406,150
FieldHockeyPenalty/v_FieldHockeyPenalty_g03_c01.avi,2.367281913757324,2.8566253185272217,46.0,0.2028033088235294,154.85476684570312,81
FieldHockeyPenalty/v_FieldHockeyPenalty_g03_c02.avi,6.851629257202148,6.159692287445068,37.202152252197266,0.017215073529411765,163.86636352539062,81
FieldHockeyPenalty/v_FieldHockeyPenalty_g03_c03.avi,3.556525468826294,4.34522819519043,35.693138122558594,0.21705882352941178,87.25130462646484,33
FieldHockeyPenalty/v_FieldHockeyPenalty_g03_c04.avi,3.664781332015991,4.318846702575684,45.0444221496582,0.11041130514705882,175.8763885498047,69
FieldHockeyPenalty/v_FieldHockeyPenalty_g04_c01.avi,1.1788896322250366,3.819808006286621,66.00757598876953,0.6352918198529411,234.21435546875,66
FieldHockeyPenalty/v_FieldHockeyPenalty_g04_c02.avi,0.3113701045513153,1.1290926933288574,14.0,0.8758455882352941,60.08642578125,65
FieldHockeyPenalty/v_FieldHockeyPenalty_g04_c03.avi,0.9916830062866211,2.6453444957733154,30.0,0.6922288602941177,314.73858642578125,82
FieldHockeyPenalty/v_FieldHockeyPenalty_g04_c04.avi,1.6716582775115967,4.0303239822387695,51.088157653808594,0.5676355698529412,491.57440185546875,75
FieldHockeyPenalty/v_FieldHockeyPenalty_g04_c05.avi,0.9113726615905762,2.592606782913208,30.805843353271484,0.6545863970588235,216.2935333251953,85
FieldHockeyPenalty/v_FieldHockeyPenalty_g04_c06.avi,1.4163469076156616,3.409646511077881,46.010868072509766,0.6220886948529412,307.5191345214844,86
FieldHockeyPenalty/v_FieldHockeyPenalty_g04_c07.avi,2.1157917976379395,5.088406085968018,59.21148681640625,0.5221783088235294,466.937255859375,57
FieldHockeyPenalty/v_FieldHockeyPenalty_g05_c01.avi,4.778512001037598,7.389444828033447,46.097721099853516,0.4012454044117647,145.89517211914062,99
FieldHockeyPenalty/v_FieldHockeyPenalty_g05_c02.avi,5.774626731872559,7.272211074829102,55.6596794128418,0.3457674632352941,147.24342346191406,76
FieldHockeyPenalty/v_FieldHockeyPenalty_g05_c03.avi,3.6826775074005127,4.694091796875,55.009090423583984,0.25275275735294117,265.5987548828125,111
FieldHockeyPenalty/v_FieldHockeyPenalty_g05_c04.avi,4.309210777282715,6.482799530029297,41.1096076965332,0.3290533088235294,116.5417709350586,66
FieldHockeyPenalty/v_FieldHockeyPenalty_g05_c05.avi,19.38702392578125,26.276935577392578,133.54025268554688,0.2671047794117647,311.7217712402344,71
FieldHockeyPenalty/v_FieldHockeyPenalty_g05_c06.avi,4.852097511291504,7.540024757385254,40.112342834472656,0.4059053308823529,127.16230773925781,136
FieldHockeyPenalty/v_FieldHockeyPenalty_g05_c07.avi,3.1033084392547607,5.579683303833008,76.00657653808594,0.41176700367647057,217.3949737548828,106
FieldHockeyPenalty/v_FieldHockeyPenalty_g06_c01.avi,0.28155022859573364,1.7507963180541992,32.0,0.925514705882353,30.754297256469727,114
FieldHockeyPenalty/v_FieldHockeyPenalty_g06_c02.avi,0.1998126208782196,1.1194589138031006,16.0,0.9296691176470588,4.183149337768555,170
FieldHockeyPenalty/v_FieldHockeyPenalty_g06_c03.avi,0.8567654490470886,6.306455612182617,119.0,0.906875,10.717581748962402,169
FieldHockeyPenalty/v_FieldHockeyPenalty_g06_c04.avi,0.8028644919395447,5.012065887451172,86.0,0.9069852941176471,9.264860153198242,147
FieldHockeyPenalty/v_FieldHockeyPenalty_g06_c05.avi,0.13035151362419128,0.7195300459861755,16.0,0.9379779411764706,10.781753540039062,127
FieldHockeyPenalty/v_FieldHockeyPenalty_g06_c06.avi,0.363931804895401,2.502925157546997,46.0,0.9304044117647059,4.249319076538086,130
FieldHockeyPenalty/v_FieldHockeyPenalty_g06_c07.avi,0.23540621995925903,1.300607442855835,31.0,0.9269485294117648,12.974931716918945,139
FieldHockeyPenalty/v_FieldHockeyPenalty_g07_c01.avi,0.8069956302642822,1.971825122833252,29.017236709594727,0.6877826286764706,68.97953796386719,71
FieldHockeyPenalty/v_FieldHockeyPenalty_g07_c02.avi,2.5677475929260254,5.21054744720459,38.327537536621094,0.5607306985294118,172.8754119873047,80
FieldHockeyPenalty/v_FieldHockeyPenalty_g07_c03.avi,0.36306023597717285,1.02197265625,20.0,0.7999632352941176,56.78559494018555,113
FieldHockeyPenalty/v_FieldHockeyPenalty_g07_c04.avi,2.414926528930664,3.294269323348999,33.0151481628418,0.24615579044117647,239.49105834960938,52
FloorGymnastics/v_FloorGymnastics_g01_c01.avi,15.784093856811523,21.92230224609375,168.0743865966797,0.22633961397058824,884.9989013671875,96
FloorGymnastics/v_FloorGymnastics_g01_c02.avi,7.457656383514404,13.667243957519531,127.0157470703125,0.3051011029411765,677.8475341796875,193
FloorGymnastics/v_FloorGymnastics_g01_c03.avi,2.060908555984497,3.5171074867248535,22.0,0.42573529411764705,262.0160217285156,185
FloorGymnastics/v_FloorGymnastics_g01_c04.avi,8.20987606048584,13.816837310791016,189.0026397705078,0.3174563419117647,773.3064575195312,135
FloorGymnastics/v_FloorGymnastics_g01_c05.avi,4.459263801574707,6.865283489227295,85.05292510986328,0.34688878676470586,422.114990234375,129
FloorGymnastics/v_FloorGymnastics_g02_c01.avi,22.591856002807617,31.55451202392578,184.78366088867188,0.10596507352941177,1386.802978515625,136
FloorGymnastics/v_FloorGymnastics_g02_c02.avi,25.52826690673828,39.92552947998047,265.22821044921875,0.08963694852941176,686.6100463867188,144
FloorGymnastics/v_FloorGymnastics_g02_c03.avi,48.42947006225586,49.55049133300781,322.0760803222656,0.17015165441176472,1821.346923828125,118
FloorGymnastics/v_FloorGymnastics_g02_c04.avi,1.5870250463485718,2.664891481399536,24.041629791259766,0.44834558823529413,73.55007934570312,124
FloorGymnastics/v_FloorGymnastics_g03_c01.avi,17.96795082092285,26.925832748413086,138.13037109375,0.1198874080882353,360.3375244140625,140
FloorGymnastics/v_FloorGymnastics_g03_c02.avi,12.051130294799805,22.13179588317871,137.0,0.24497012867647058,552.2257080078125,142
FloorGymnastics/v_FloorGymnastics_g03_c03.avi,1.9846235513687134,3.5824973583221436,62.0,0.40604549632352943,84.8423080444336,152
FloorGymnastics/v_FloorGymnastics_g03_c04.avi,18.848831176757812,23.626510620117188,147.0850067138672,0.20319623161764705,633.5548706054688,160
FloorGymnastics/v_FloorGymnastics_g04_c01.avi,5.486373424530029,6.225833415985107,33.241539001464844,0.08916360294117646,238.96511840820312,94
FloorGymnastics/v_FloorGymnastics_g04_c02.avi,16.118459701538086,14.444805145263672,125.00399780273438,0.06376148897058824,624.4553833007812,97
FloorGymnastics/v_FloorGymnastics_g04_c03.avi,17.769990921020508,22.246315002441406,85.47514343261719,0.06333869485294118,838.5533447265625,270
FloorGymnastics/v_FloorGymnastics_g04_c04.avi,10.608798027038574,9.897672653198242,48.0,0.09849724264705882,282.12982177734375,138
FloorGymnastics/v_FloorGymnastics_g04_c05.avi,14.59451961517334,16.67658042907715,111.11255645751953,0.1469829963235294,546.4837646484375,162
FloorGymnastics/v_FloorGymnastics_g05_c01.avi,5.054054260253906,6.923348903656006,67.0,0.38205652573529414,727.2348022460938,179
FloorGymnastics/v_FloorGymnastics_g05_c02.avi,5.950619697570801,8.466859817504883,48.0,0.3774954044117647,633.6258544921875,210
FloorGymnastics/v_FloorGymnastics_g05_c03.avi,12.173633575439453,18.280012130737305,111.46299743652344,0.4205997242647059,462.83135986328125,161
FloorGymnastics/v_FloorGymnastics_g05_c04.avi,4.206618309020996,7.300390720367432,120.0,0.3716567095588235,621.6978149414062,115
FloorGymnastics/v_FloorGymnastics_g06_c01.avi,18.16657829284668,23.98857307434082,126.0,0.11532628676470588,521.416015625,154
FloorGymnastics/v_FloorGymnastics_g06_c02.avi,5.66133451461792,7.966024875640869,53.75872039794922,0.17246323529411764,148.86109924316406,181
FloorGymnastics/v_FloorGymnastics_g06_c03.avi,2.3294968605041504,3.7707059383392334,36.359317779541016,0.34705882352941175,51.41013717651367,183
FloorGymnastics/v_FloorGymnastics_g06_c04.avi,0.860158383846283,2.8153810501098633,42.0,0.7636764705882353,233.2753143310547,177
FloorGymnastics/v_FloorGymnastics_g06_c05.avi,0.788008987903595,3.2473080158233643,58.0,0.8011098345588236,94.2748031616211,175
FloorGymnastics/v_FloorGymnastics_g06_c06.avi,0.5495766997337341,1.9461396932601929,33.2866325378418,0.8323529411764706,111.16536712646484,196
FloorGymnastics/v_FloorGymnastics_g06_c07.avi,0.5293081402778625,2.2636170387268066,35.0,0.8473345588235294,101.73748016357422,196
FloorGymnastics/v_FloorGymnastics_g07_c01.avi,26.46807861328125,34.68004608154297,144.8067626953125,0.23462086397058823,269.67352294921875,141
FloorGymnastics/v_FloorGymnastics_g07_c02.avi,2.4750280380249023,2.4661266803741455,15.65247631072998,0.25988970588235294,59.81703567504883,125
FloorGymnastics/v_FloorGymnastics_g07_c03.avi,2.3190619945526123,2.5138492584228516,31.016124725341797,0.31338924632352944,25.94631004333496,122
FloorGymnastics/v_FloorGymnastics_g07_c04.avi,10.555563926696777,12.818950653076172,139.56002807617188,0.09863740808823529,745.550537109375,132
FloorGymnastics/v_FloorGymnastics_g07_c05.avi,30.285526275634766,36.00936508178711,172.74258422851562,0.09002297794117647,742.2205200195312,173
FloorGymnastics/v_FloorGymnastics_g07_c06.avi,35.59318542480469,40.759483337402344,224.26992797851562,0.05812729779411765,495.0882263183594,112
FloorGymnastics/v_FloorGymnastics_g07_c07.avi,11.234904289245605,14.323254585266113,75.43209075927734,0.3501171875,315.92010498046875,136
FrisbeeCatch/v_FrisbeeCatch_g01_c01.avi,16.24651527404785,29.73318862915039,337.0,0.20880284926470588,186.41159057617188,102
FrisbeeCatch/v_FrisbeeCatch_g01_c02.avi,2.0688114166259766,2.6953699588775635,16.031219482421875,0.3869485294117647,28.809240341186523,63
FrisbeeCatch/v_FrisbeeCatch_g01_c03.avi,13.823731422424316,17.05042266845703,78.77182006835938,0.1740487132352941,321.47039794921875,99
FrisbeeCatch/v_FrisbeeCatch_g01_c04.avi,27.09012222290039,35.22965621948242,295.00677490234375,0.19466681985294118,399.9718017578125,90
FrisbeeCatch/v_FrisbeeCatch_g01_c05.avi,6.98314905166626,12.210159301757812,80.0,0.4133823529411765,178.1461944580078,84
FrisbeeCatch/v_FrisbeeCatch_g01_c06.avi,10.082874298095703,17.05483055114746,150.16323852539062,0.27588694852941176,360.7508239746094,101
FrisbeeCatch/v_FrisbeeCatch_g02_c01.avi,7.079418659210205,11.096109390258789,46.389652252197266,0.31976792279411764,220.79556274414062,107
FrisbeeCatch/v_FrisbeeCatch_g02_c02.avi,12.574662208557129,17.260194778442383,66.06814575195312,0.19646829044117647,226.53536987304688,85
FrisbeeCatch/v_FrisbeeCatch_g02_c03.avi,22.537134170532227,28.034822463989258,154.1590118408203,0.17606387867647058,450.4873962402344,98
FrisbeeCatch/v_FrisbeeCatch_g02_c04.avi,13.775790214538574,24.724639892578125,116.10771179199219,0.26493336397058825,308.0318603515625,105
FrisbeeCatch/v_FrisbeeCatch_g02_c05.avi,19.01079559326172,22.971534729003906,93.08598327636719,0.25809742647058825,352.8916931152344,89
FrisbeeCatch/v_FrisbeeCatch_g03_c01.avi,10.579000473022461,23.310256958007812,110.04090118408203,0.17647518382352942,315.94384765625,68
FrisbeeCatch/v_FrisbeeCatch_g03_c02.avi,0.6353937387466431,2.5843605995178223,49.01020431518555,0.86375,214.06094360351562,98
FrisbeeCatch/v_FrisbeeCatch_g03_c03.avi,9.893599510192871,11.703875541687012,60.008331298828125,0.25783088235294116,584.193359375,56
FrisbeeCatch/v_FrisbeeCatch_g03_c04.avi,0.4355718493461609,1.5082741975784302,20.099750518798828,0.8584926470588236,240.9375,94
FrisbeeCatch/v_FrisbeeCatch_g03_c05.avi,1.094696283340454,3.122394323348999,52.0,0.6564246323529411,207.10446166992188,56
FrisbeeCatch/v_FrisbeeCatch_g04_c01.avi,5.195833683013916,5.98635721206665,31.0,0.20242417279411765,213.14059448242188,76
FrisbeeCatch/v_FrisbeeCatch_g04_c02.avi,7.749359607696533,18.111801147460938,88.0227279663086,0.28746323529411766,458.4134826660156,68
FrisbeeCatch/v_FrisbeeCatch_g04_c03.avi,6.889373779296875,8.0059175491333,40.0,0.2674264705882353,215.19985961914062,67
FrisbeeCatch/v_FrisbeeCatch_g04_c04.avi,2.488048791885376,3.344851493835449,15.0,0.30522058823529413,92.73844146728516,62
FrisbeeCatch/v_FrisbeeCatch_g04_c05.avi,5.698954105377197,9.758420944213867,87.02298736572266,0.27824448529411766,284.24102783203125,82
FrisbeeCatch/v_FrisbeeCatch_g05_c01.avi,22.187889099121094,23.15816879272461,130.31117248535156,0.04950367647058824,433.6642150878906,69
FrisbeeCatch/v_FrisbeeCatch_g05_c02.avi,28.154937744140625,38.61961364746094,132.3782501220703,0.15029411764705883,837.8688354492188,88
FrisbeeCatch/v_FrisbeeCatch_g05_c03.avi,44.09756088256836,60.09120559692383,320.2639465332031,0.16511029411764705,1401.0511474609375,56
FrisbeeCatch/v_FrisbeeCatch_g05_c04.avi,28.756866455078125,30.56231689453125,185.01080322265625,0.07837316176470588,524.9270629882812,70
FrisbeeCatch/v_FrisbeeCatch_g05_c05.avi,34.36688995361328,31.476337432861328,146.00341796875,0.1653607536764706,854.8101806640625,73
FrisbeeCatch/v_FrisbeeCatch_g06_c01.avi,10.415953636169434,16.289539337158203,62.0,0.5276769301470589,173.1468505859375,73
FrisbeeCatch/v_FrisbeeCatch_g06_c02.avi,5.6247100830078125,8.453365325927734,42.0,0.4236098345588235,164.6294708251953,100
FrisbeeCatch/v_FrisbeeCatch_g06_c03.avi,9.132323265075684,16.88298797607422,70.00714111328125,0.5262132352941177,154.761474609375,84
FrisbeeCatch/v_FrisbeeCatch_g06_c04.avi,5.384246826171875,9.703129768371582,59.03388977050781,0.44871783088235295,180.94183349609375,110
FrisbeeCatch/v_FrisbeeCatch_g06_c05.avi,28.32769775390625,29.864042282104492,141.17364501953125,0.22,276.572509765625,89
FrisbeeCatch/v_FrisbeeCatch_g07_c01.avi,21.18979263305664,27.740234375,128.015625,0.1825,703.4595947265625,110
FrisbeeCatch/v_FrisbeeCatch_g07_c02.avi,30.26737403869629,34.73042297363281,162.7882080078125,0.14051011029411764,1982.253662109375,120
FrisbeeCatch/v_FrisbeeCatch_g07_c03.avi,21.9294490814209,27.623306274414062,125.48307037353516,0.19423943014705883,439.7154235839844,139
FrisbeeCatch/v_FrisbeeCatch_g07_c04.avi,0.6786239743232727,1.2906702756881714,16.031219482421875,0.6622426470588235,32.77653121948242,65
FrisbeeCatch/v_FrisbeeCatch_g07_c05.avi,19.38995933532715,29.057140350341797,304.1332092285156,0.18729319852941176,896.5081176757812,78
FrisbeeCatch/v_FrisbeeCatch_g07_c06.avi,1.6343903541564941,1.8044723272323608,15.264337539672852,0.22580882352941176,104.50418853759766,125
FrontCrawl/v_FrontCrawl_g01_c01.avi,3.5166049003601074,5.0263190269470215,44.0,0.37669577205882354,212.30404663085938,137
FrontCrawl/v_FrontCrawl_g01_c02.avi,3.817462682723999,5.656776428222656,44.41846466064453,0.3618175551470588,200.09046936035156,138
FrontCrawl/v_FrontCrawl_g01_c03.avi,4.84996223449707,5.641831874847412,43.011627197265625,0.2907720588235294,188.6279754638672,132
FrontCrawl/v_FrontCrawl_g01_c04.avi,4.494871616363525,5.565589427947998,42.57933807373047,0.3143887867647059,192.4938201904297,150
FrontCrawl/v_FrontCrawl_g02_c01.avi,5.961223602294922,6.337675094604492,49.19349670410156,0.22123391544117646,239.9102783203125,98
FrontCrawl/v_FrontCrawl_g02_c02.avi,5.617910861968994,6.237568378448486,50.59644317626953,0.2211328125,239.8332061767578,88
FrontCrawl/v_FrontCrawl_g02_c03.avi,3.7400922775268555,5.63782262802124,47.16990661621094,0.37163373161764707,139.947265625,91
FrontCrawl/v_FrontCrawl_g02_c04.avi,6.493801116943359,7.656147003173828,60.20797348022461,0.22366498161764706,219.2220001220703,133
FrontCrawl/v_FrontCrawl_g03_c01.avi,5.928966045379639,7.931061267852783,58.694122314453125,0.20755284926470588,265.75714111328125,228
FrontCrawl/v_FrontCrawl_g03_c02.avi,9.874248504638672,10.867682456970215,80.0,0.16640165441176472,340.27142333984375,208
FrontCrawl/v_FrontCrawl_g03_c03.avi,11.430415153503418,11.70459270477295,116.2755355834961,0.17063189338235293,437.234375,238
FrontCrawl/v_FrontCrawl_g03_c04.avi,7.037055015563965,8.768001556396484,76.0,0.2370795036764706,264.95465087890625,255
FrontCrawl/v_FrontCrawl_g03_c05.avi,10.364710807800293,11.794879913330078,87.80091094970703,0.1920013786764706,330.08917236328125,192
FrontCrawl/v_FrontCrawl_g03_c06.avi,9.239270210266113,12.038200378417969,85.8836441040039,0.24149586397058823,289.7174072265625,199
FrontCrawl/v_FrontCrawl_g04_c01.avi,6.951197624206543,7.616262912750244,44.14748001098633,0.2810386029411765,180.7644500732422,353
FrontCrawl/v_FrontCrawl_g04_c02.avi,3.2239561080932617,3.841365098953247,44.72135925292969,0.29980698529411764,109.85481262207031,261
FrontCrawl/v_FrontCrawl_g04_c03.avi,3.0219027996063232,3.7880308628082275,35.84689712524414,0.34049402573529414,109.91963195800781,266
FrontCrawl/v_FrontCrawl_g04_c04.avi,4.715274810791016,5.570931434631348,33.241539001464844,0.36745404411764704,104.67597961425781,328
FrontCrawl/v_FrontCrawl_g04_c05.avi,2.597214460372925,4.523488521575928,54.147945404052734,0.4229572610294118,74.2095947265625,391
FrontCrawl/v_FrontCrawl_g04_c06.avi,2.8906309604644775,3.1894493103027344,22.847318649291992,0.32794117647058824,84.90277099609375,310
FrontCrawl/v_FrontCrawl_g04_c07.avi,4.480484962463379,5.2881951332092285,48.041648864746094,0.30522058823529413,91.648193359375,383
FrontCrawl/v_FrontCrawl_g05_c01.avi,8.806970596313477,8.098464012145996,65.0076904296875,0.0724172794117647,1195.0604248046875,99
FrontCrawl/v_FrontCrawl_g05_c02.avi,9.908422470092773,10.704445838928223,82.2192153930664,0.09928998161764706,490.9032287597656,102
FrontCrawl/v_FrontCrawl_g05_c03.avi,8.905013084411621,7.624938011169434,67.97793579101562,0.08044577205882353,353.73406982421875,99
FrontCrawl/v_FrontCrawl_g05_c04.avi,7.215478897094727,7.730616092681885,56.79788589477539,0.12379136029411765,281.10894775390625,145
FrontCrawl/v_FrontCrawl_g06_c01.avi,8.767131805419922,10.752416610717773,64.07027435302734,0.19671875,240.9591827392578,149
FrontCrawl/v_FrontCrawl_g06_c02.avi,7.358114719390869,12.48953628540039,68.88395690917969,0.2593795955882353,209.52975463867188,107
FrontCrawl/v_FrontCrawl_g06_c03.avi,4.807613849639893,5.634519100189209,46.0,0.23251608455882353,166.9226531982422,99
FrontCrawl/v_FrontCrawl_g06_c04.avi,0.734969973564148,1.218320369720459,13.152946472167969,0.6283823529411765,29.357921600341797,125
FrontCrawl/v_FrontCrawl_g06_c05.avi,4.824552536010742,9.291875839233398,50.96076965332031,0.3537637867647059,221.28488159179688,142
FrontCrawl/v_FrontCrawl_g07_c01.avi,6.425237655639648,7.579132080078125,67.11929321289062,0.13328354779411763,361.53887939453125,267
FrontCrawl/v_FrontCrawl_g07_c02.avi,7.497281551361084,9.706456184387207,137.0,0.11000229779411765,311.0528869628906,199
FrontCrawl/v_FrontCrawl_g07_c03.avi,0.8192391991615295,2.6944901943206787,26.0,0.8578308823529411,64.20841979980469,181
FrontCrawl/v_FrontCrawl_g07_c04.avi,6.353524208068848,10.815799713134766,86.0,0.2808501838235294,321.75347900390625,218
FrontCrawl/v_FrontCrawl_g07_c05.avi,8.203388214111328,9.986858367919922,89.09545135498047,0.1208111213235294,322.44635009765625,174
FrontCrawl/v_FrontCrawl_g07_c06.avi,7.538552761077881,10.649755477905273,85.0,0.09138556985294118,208.1229705810547,282
FrontCrawl/v_FrontCrawl_g07_c07.avi,14.034696578979492,17.429370880126953,141.4284210205078,0.3010983455882353,1116.8355712890625,156
GolfSwing/v_GolfSwing_g01_c01.avi,0.16172702610492706,1.2427953481674194,32.0,0.9531617647058823,42.95880889892578,171
GolfSwing/v_GolfSwing_g01_c02.avi,0.15860000252723694,0.9191862940788269,19.209373474121094,0.9466888786764706,22.61899185180664,95
GolfSwing/v_GolfSwing_g01_c03.avi,0.10459258407354355,0.7047748565673828,12.165525436401367,0.9597794117647059,8.568899154663086,190
GolfSwing/v_GolfSwing_g01_c04.avi,0.28834593296051025,1.4869444370269775,32.015621185302734,0.9095220588235294,23.3367862701416,75
GolfSwing/v_GolfSwing_g01_c05.avi,0.05754506587982178,0.39475199580192566,9.0,0.9661029411764706,12.194157600402832,620
GolfSwing/v_GolfSwing_g01_c06.avi,0.321198433637619,1.459046483039856,25.0,0.8879779411764706,24.472810745239258,517
GolfSwing/v_GolfSwing_g02_c01.avi,0.8701825141906738,2.8681752681732178,62.265560150146484,0.7246530330882353,86.1427230834961,139
GolfSwing/v_GolfSwing_g02_c02.avi,0.3571089804172516,1.2517756223678589,14.866068840026855,0.8351378676470588,75.21300506591797,116
GolfSwing/v_GolfSwing_g02_c03.avi,0.1636740267276764,0.9654813408851624,22.360679626464844,0.9295955882352941,34.933963775634766,91
GolfSwing/v_GolfSwing_g02_c04.avi,0.07283185422420502,0.5726845860481262,12.649110794067383,0.9627573529411765,8.863983154296875,121
GolfSwing/v_GolfSwing_g03_c01.avi,0.6039526462554932,1.7053817510604858,19.10497283935547,0.7433984375,21.75008773803711,131
GolfSwing/v_GolfSwing_g03_c02.avi,0.5120403170585632,1.3377869129180908,21.21320343017578,0.7331663602941176,51.437782287597656,112
GolfSwing/v_GolfSwing_g03_c03.avi,0.7585266828536987,2.1020944118499756,34.928497314453125,0.7159880514705882,66.9175796508789,179
GolfSwing/v_GolfSwing_g03_c04.avi,0.45440539717674255,1.387574315071106,17.8885440826416,0.7843405330882353,29.349212646484375,144
GolfSwing/v_GolfSwing_g03_c05.avi,0.586661696434021,1.7684228420257568,29.42787742614746,0.7665647977941177,37.23352813720703,145
GolfSwing/v_GolfSwing_g03_c06.avi,0.41702309250831604,0.9458697438240051,23.0867919921875,0.7635294117647059,6.781947135925293,251
GolfSwing/v_GolfSwing_g03_c07.avi,0.571490466594696,1.2420917749404907,18.0,0.7014636948529411,24.940166473388672,172
GolfSwing/v_GolfSwing_g04_c01.avi,0.4132876396179199,0.5095570683479309,4.0,0.5940234375,10.75743579864502,124
GolfSwing/v_GolfSwing_g04_c02.avi,0.03189806640148163,0.18858256936073303,4.0,0.9700367647058824,20.299043655395508,121
GolfSwing/v_GolfSwing_g04_c03.avi,1.387911319732666,2.8260881900787354,28.460498809814453,0.5828354779411765,73.98990631103516,170
GolfSwing/v_GolfSwing_g04_c04.avi,0.49177780747413635,1.1739991903305054,16.124515533447266,0.7453952205882353,7.149202823638916,182
GolfSwing/v_GolfSwing_g04_c05.avi,1.2205272912979126,2.892139434814453,44.0,0.6356502757352941,49.03593826293945,344
GolfSwing/v_GolfSwing_g04_c06.avi,1.7964489459991455,3.7433931827545166,46.010868072509766,0.5787522977941176,75.26210021972656,232
GolfSwing/v_GolfSwing_g05_c01.avi,1.5963910818099976,1.8813738822937012,20.39607810974121,0.3670565257352941,162.27590942382812,113
GolfSwing/v_GolfSwing_g05_c02.avi,0.9852701425552368,1.613001823425293,18.027755737304688,0.5889636948529412,89.11920166015625,95
GolfSwing/v_GolfSwing_g05_c03.avi,1.1169630289077759,1.448564887046814,20.808652877807617,0.2803561580882353,174.11474609375,100
GolfSwing/v_GolfSwing_g05_c04.avi,1.2394860982894897,1.6803605556488037,25.079872131347656,0.3847219669117647,137.83255004882812,161
GolfSwing/v_GolfSwing_g05_c05.avi,2.626671075820923,2.5077731609344482,31.400636672973633,0.22250229779411765,324.33416748046875,119
GolfSwing/v_GolfSwing_g05_c06.avi,1.3559319972991943,1.761527419090271,20.39607810974121,0.3471875,216.8319091796875,180
GolfSwing/v_GolfSwing_g05_c07.avi,1.708609938621521,2.0463318824768066,26.0,0.28979779411764706,104.974853515625,131
GolfSwing/v_GolfSwing_g06_c01.avi,1.6712315082550049,2.1375911235809326,36.400550842285156,0.21669806985294118,77.79475402832031,156
GolfSwing/v_GolfSwing_g06_c02.avi,1.4306762218475342,2.1338608264923096,21.587032318115234,0.43938648897058824,89.30322265625,108
GolfSwing/v_GolfSwing_g06_c03.avi,1.4140143394470215,1.9599565267562866,30.610456466674805,0.3654572610294118,186.0723876953125,90
GolfSwing/v_GolfSwing_g06_c04.avi,0.5823514461517334,1.1362814903259277,17.20465087890625,0.6203308823529412,43.15595245361328,126
GolfSwing/v_GolfSwing_g07_c01.avi,0.7100186944007874,1.389646291732788,21.931713104248047,0.6528676470588235,90.93177032470703,151
GolfSwing/v_GolfSwing_g07_c02.avi,1.4984285831451416,1.6359007358551025,15.0,0.3445840992647059,159.99990844726562,100
GolfSwing/v_GolfSwing_g07_c03.avi,0.5383343696594238,1.0084482431411743,13.601470947265625,0.6245220588235294,43.92382049560547,126
GolfSwing/v_GolfSwing_g07_c04.avi,1.0853188037872314,1.6698611974716187,16.031219482421875,0.45009650735294116,175.43833923339844,110
GolfSwing/v_GolfSwing_g07_c05.avi,0.8916718363761902,1.3173420429229736,21.095022201538086,0.44769301470588235,72.70823669433594,134
Haircut/v_Haircut_g01_c01.avi,2.8494372367858887,4.979144096374512,72.0,0.4581295955882353,85.9244155883789,134
Haircut/v_Haircut_g01_c02.avi,0.7137306332588196,2.1042063236236572,21.21320343017578,0.7601102941176471,15.05756664276123,122
Haircut/v_Haircut_g01_c03.avi,2.766077995300293,8.650382041931152,117.74549102783203,0.4991015625,287.28594970703125,109
Haircut/v_Haircut_g01_c04.avi,1.5098528861999512,3.942047119140625,64.28063201904297,0.6573575367647059,120.38700103759766,104
Haircut/v_Haircut_g02_c01.avi,2.4809203147888184,5.088626861572266,52.46903991699219,0.5532238051470588,212.42794799804688,88
Haircut/v_Haircut_g02_c02.avi,0.3352731168270111,1.2208343744277954,15.0,0.8527136948529411,74.57838439941406,82
Haircut/v_Haircut_g02_c03.avi,1.5675687789916992,3.253628730773926,27.294687271118164,0.6201861213235295,127.09114837646484,76
Haircut/v_Haircut_g02_c04.avi,0.6552533507347107,1.662329912185669,21.63330841064453,0.7411006433823529,94.7310562133789,103
Haircut/v_Haircut_g03_c01.avi,1.932251214981079,4.032844066619873,46.010868072509766,0.6052573529411764,190.4826202392578,100
Haircut/v_Haircut_g03_c02.avi,0.6036562919616699,2.1542270183563232,32.0,0.8521645220588235,79.010498046875,78
Haircut/v_Haircut_g03_c03.avi,0.6139533519744873,2.2678115367889404,52.46903991699219,0.8231617647058823,88.31094360351562,78
Haircut/v_Haircut_g03_c04.avi,0.9132421612739563,2.7039268016815186,33.95585250854492,0.7960294117647059,72.7545394897461,99
Haircut/v_Haircut_g03_c05.avi,0.5386457443237305,1.7298940420150757,29.068883895874023,0.8288602941176471,65.66181945800781,92
Haircut/v_Haircut_g03_c06.avi,0.9199572205543518,2.7595789432525635,45.880279541015625,0.766875,98.74469757080078,114
Haircut/v_Haircut_g04_c01.avi,3.7307848930358887,4.680363655090332,36.055511474609375,0.28096966911764704,578.7891845703125,148
Haircut/v_Haircut_g04_c02.avi,2.15667986869812,4.2767486572265625,35.34119415283203,0.5754411764705882,141.15933227539062,144
Haircut/v_Haircut_g04_c03.avi,2.4650726318359375,3.0698487758636475,42.57933807373047,0.3130215992647059,348.47369384765625,144
Haircut/v_Haircut_g04_c04.avi,3.8673784732818604,5.289132595062256,71.0,0.21319623161764706,310.22735595703125,149
Haircut/v_Haircut_g04_c05.avi,2.9842092990875244,4.956526756286621,60.20797348022461,0.3969025735294118,187.90533447265625,153
Haircut/v_Haircut_g05_c01.avi,5.338205814361572,9.938759803771973,72.24956512451172,0.38097886029411765,886.1751098632812,99
Haircut/v_Haircut_g05_c02.avi,1.8690615892410278,5.6137261390686035,63.25345993041992,0.7046392463235294,467.73675537109375,104
Haircut/v_Haircut_g05_c03.avi,1.603739619255066,4.510303974151611,46.647613525390625,0.7152504595588235,533.4661865234375,106
Haircut/v_Haircut_g05_c04.avi,2.5173423290252686,4.926410675048828,63.28506851196289,0.41883042279411764,380.33892822265625,99
Haircut/v_Haircut_g06_c01.avi,3.6347365379333496,3.042156219482422,25.70992088317871,0.06669347426470588,312.80413818359375,96
Haircut/v_Haircut_g06_c02.avi,2.621840476989746,3.9103729724884033,31.064449310302734,0.30775275735294116,306.7987060546875,133
Haircut/v_Haircut_g06_c03.avi,0.5078566670417786,1.0514804124832153,14.03566837310791,0.7100367647058824,60.4605827331543,125
Haircut/v_Haircut_g06_c04.avi,2.947936534881592,4.681846618652344,56.0,0.44788373161764705,350.82147216796875,174
Haircut/v_Haircut_g07_c01.avi,2.8627407550811768,4.025146007537842,41.19466018676758,0.23530101102941176,170.6609649658203,113
Haircut/v_Haircut_g07_c02.avi,1.4264063835144043,2.7754971981048584,34.13209533691406,0.4782077205882353,82.72574615478516,110
Haircut/v_Haircut_g07_c03.avi,1.7771008014678955,2.853442907333374,30.675724029541016,0.4492761948529412,201.45816040039062,120
Haircut/v_Haircut_g07_c04.avi,3.1079564094543457,7.075852394104004,83.0,0.5267141544117647,494.8740234375,114
Haircut/v_Haircut_g07_c05.avi,2.5093026161193848,7.372320175170898,102.55242919921875,0.4501516544117647,399.3804931640625,117
Haircut/v_Haircut_g07_c06.avi,3.6237614154815674,7.445009708404541,92.0,0.42765395220588237,442.104248046875,106
Hammering/v_Hammering_g01_c01.avi,14.297286987304688,11.789347648620605,89.8276138305664,0.02409926470588235,341.67230224609375,97
Hammering/v_Hammering_g01_c02.avi,6.948123455047607,7.609686374664307,53.16013717651367,0.10177849264705882,100.35752868652344,142
Hammering/v_Hammering_g01_c03.avi,9.936233520507812,9.471142768859863,64.28841400146484,0.030317095588235293,372.9078063964844,72
Hammering/v_Hammering_g01_c04.avi,7.131343841552734,12.163689613342285,79.47956085205078,0.10158547794117648,58.35272979736328,78
Hammering/v_Hammering_g02_c01.avi,2.4200549125671387,4.311923980712891,35.11410140991211,0.36478630514705884,216.15811157226562,73
Hammering/v_Hammering_g02_c02.avi,2.1288089752197266,3.3563477993011475,39.69886779785156,0.32234375,242.59536743164062,73
Hammering/v_Hammering_g02_c03.avi,3.3721811771392822,3.8796379566192627,38.63935852050781,0.16752987132352942,218.05819702148438,99
Hammering/v_Hammering_g02_c04.avi,1.8102902173995972,3.0236005783081055,37.36308288574219,0.4054756433823529,155.22799682617188,110
Hammering/v_Hammering_g03_c01.avi,1.4348433017730713,1.4437857866287231,17.0,0.2896691176470588,42.90082550048828,192
Hammering/v_Hammering_g03_c02.avi,1.2262166738510132,1.3649424314498901,16.0,0.3145220588235294,55.1016845703125,99
Hammering/v_Hammering_g03_c03.avi,0.4052698016166687,0.7801258563995361,8.062257766723633,0.6987040441176471,18.970043182373047,125
Hammering/v_Hammering_g03_c04.avi,3.617992877960205,5.098640441894531,36.49657440185547,0.3414568014705882,70.19047546386719,130
Hammering/v_Hammering_g03_c05.avi,2.4590773582458496,2.7549524307250977,42.20189666748047,0.20370174632352941,86.63020324707031,120
Hammering/v_Hammering_g04_c01.avi,4.791078090667725,4.705955505371094,25.079872131347656,0.1484420955882353,206.7039031982422,223
Hammering/v_Hammering_g04_c02.avi,4.581445693969727,5.78900671005249,69.42621612548828,0.18497242647058823,238.70797729492188,81
Hammering/v_Hammering_g04_c03.avi,16.28739356994629,13.105172157287598,121.34249114990234,0.015229779411764706,745.4359130859375,87
Hammering/v_Hammering_g04_c04.avi,6.119982719421387,6.988173484802246,70.57620239257812,0.03148667279411765,401.51654052734375,73
Hammering/v_Hammering_g04_c05.avi,3.6346261501312256,3.2227821350097656,31.14482307434082,0.13031939338235293,136.56578063964844,63
Hammering/v_Hammering_g05_c01.avi,20.120418548583984,15.404276847839355,76.967529296875,0.011576286764705882,371.3841247558594,99
Hammering/v_Hammering_g05_c02.avi,4.413146018981934,3.694908380508423,56.718605041503906,0.08129136029411765,128.32394409179688,123
Hammering/v_Hammering_g05_c03.avi,15.977621078491211,7.651729583740234,95.4620361328125,0.0157421875,376.9615173339844,73
Hammering/v_Hammering_g05_c04.avi,13.273274421691895,10.93805980682373,91.0054931640625,0.03987362132352941,645.7833862304688,73
Hammering/v_Hammering_g06_c01.avi,0.07852358371019363,0.6844210028648376,17.029386520385742,0.9679779411764706,12.469764709472656,91
Hammering/v_Hammering_g06_c02.avi,0.05566927790641785,0.44362905621528625,14.560219764709473,0.971875,13.584482192993164,134
Hammering/v_Hammering_g06_c03.avi,0.2808198034763336,2.0534136295318604,34.525352478027344,0.9590441176470588,45.833736419677734,127
Hammering/v_Hammering_g06_c04.avi,0.3895454704761505,2.4854061603546143,54.708316802978516,0.9439338235294118,60.163909912109375,113
Hammering/v_Hammering_g06_c05.avi,0.20550118386745453,1.4173954725265503,31.0,0.9499655330882353,39.404808044433594,140
Hammering/v_Hammering_g06_c06.avi,0.4020922780036926,2.3183603286743164,39.051246643066406,0.9329641544117647,73.9147720336914,86
Hammering/v_Hammering_g07_c01.avi,1.2084190845489502,2.2960433959960938,28.160255432128906,0.6251516544117647,314.0555114746094,109
Hammering/v_Hammering_g07_c02.avi,0.3039955794811249,0.6460102796554565,13.0,0.7505882352941177,41.082496643066406,61
Hammering/v_Hammering_g07_c03.avi,1.767967700958252,2.8435304164886475,30.0,0.5290073529411765,508.6866149902344,105
Hammering/v_Hammering_g07_c04.avi,0.25525930523872375,0.779354453086853,13.0,0.8440073529411765,313.3428039550781,101
Hammering/v_Hammering_g07_c05.avi,0.1787295639514923,0.6649283170700073,9.0,0.8984191176470588,173.74588012695312,127
HammerThrow/v_HammerThrow_g01_c01.avi,1.4945029020309448,3.6153759956359863,44.0113639831543,0.6908731617647059,736.9119873046875,112
HammerThrow/v_HammerThrow_g01_c02.avi,0.44571375846862793,1.3550844192504883,23.25940704345703,0.7710294117647059,562.8186645507812,246
HammerThrow/v_HammerThrow_g01_c03.avi,0.35235753655433655,1.6550326347351074,31.78049659729004,0.9073529411764706,34.36012268066406,153
HammerThrow/v_HammerThrow_g01_c04.avi,11.33729362487793,10.194878578186035,72.17340087890625,0.14684742647058824,426.2008361816406,239
HammerThrow/v_HammerThrow_g01_c05.avi,1.5400220155715942,3.7674851417541504,40.01249694824219,0.6583409926470588,121.18833923339844,153
HammerThrow/v_HammerThrow_g01_c06.avi,2.4010369777679443,2.9659414291381836,39.293766021728516,0.23404411764705882,714.1843872070312,193
HammerThrow/v_HammerThrow_g02_c01.avi,0.40274015069007874,1.946601390838623,30.149627685546875,0.9108823529411765,60.74847412109375,269
HammerThrow/v_HammerThrow_g02_c02.avi,0.41695162653923035,2.0825295448303223,37.2155876159668,0.909375,56.065406799316406,258
HammerThrow/v_HammerThrow_g02_c03.avi,0.6403864026069641,2.6367733478546143,44.0,0.8770680147058824,165.01815795898438,210
HammerThrow/v_HammerThrow_g02_c04.avi,0.5606900453567505,2.428109884262085,30.4138126373291,0.8820519301470588,109.47574615478516,222
HammerThrow/v_HammerThrow_g02_c05.avi,0.2792949676513672,1.65522038936615,37.85498809814453,0.9197426470588236,38.66686248779297,257
HammerThrow/v_HammerThrow_g02_c06.avi,0.7590804696083069,3.1932899951934814,45.54119110107422,0.8646760110294117,137.7512664794922,210
HammerThrow/v_HammerThrow_g02_c07.avi,0.5098270773887634,1.8289624452590942,19.235383987426758,0.8827504595588235,88.67911529541016,234
HammerThrow/v_HammerThrow_g03_c01.avi,0.6392769813537598,2.8544154167175293,43.104522705078125,0.8841383272058824,211.8032989501953,210
HammerThrow/v_HammerThrow_g03_c02.avi,2.1102182865142822,6.467144012451172,60.13318634033203,0.7886167279411764,473.58270263671875,238
HammerThrow/v_HammerThrow_g03_c03.avi,0.2119046151638031,0.7012577056884766,11.045360565185547,0.8413970588235294,342.72772216796875,165
HammerThrow/v_HammerThrow_g03_c04.avi,2.0857276916503906,5.416618347167969,50.0099983215332,0.6216199448529411,404.4479064941406,210
HammerThrow/v_HammerThrow_g03_c05.avi,0.7833108305931091,1.2045388221740723,14.0,0.43394761029411766,194.11740112304688,182
HammerThrow/v_HammerThrow_g03_c06.avi,1.7803977727890015,1.4145740270614624,22.022714614868164,0.20693933823529412,192.20553588867188,252
HammerThrow/v_HammerThrow_g03_c07.avi,3.5199437141418457,4.640481948852539,34.01470184326172,0.4309604779411765,332.0472106933594,224
HammerThrow/v_HammerThrow_g04_c01.avi,3.0343687534332275,5.5190958976745605,63.071388244628906,0.459765625,273.9160461425781,120
HammerThrow/v_HammerThrow_g04_c02.avi,1.6738502979278564,3.9657492637634277,59.203041076660156,0.5629848345588235,199.2999725341797,84
HammerThrow/v_HammerThrow_g04_c03.avi,2.01914381980896,4.2026262283325195,45.17742919921875,0.5826194852941177,180.7940673828125,105
HammerThrow/v_HammerThrow_g04_c04.avi,1.4577860832214355,3.765751361846924,60.406951904296875,0.5682421875,159.29872131347656,88
HammerThrow/v_HammerThrow_g04_c05.avi,4.6469621658325195,7.8447957038879395,97.02061462402344,0.4810983455882353,294.87359619140625,101
HammerThrow/v_HammerThrow_g04_c06.avi,1.315353274345398,3.48034930229187,55.71355438232422,0.6532100183823529,141.39492797851562,103
HammerThrow/v_HammerThrow_g04_c07.avi,1.407684564590454,4.856997013092041,57.14017868041992,0.7503354779411765,233.47317504882812,88
HammerThrow/v_HammerThrow_g05_c01.avi,0.6414841413497925,1.3141220808029175,16.0,0.6868014705882353,18.66912269592285,244
HammerThrow/v_HammerThrow_g05_c02.avi,1.4592403173446655,3.898026704788208,94.00531768798828,0.43476792279411763,91.49422454833984,260
HammerThrow/v_HammerThrow_g05_c03.avi,1.3399343490600586,4.667160511016846,94.0,0.47771139705882354,126.32694244384766,228
HammerThrow/v_HammerThrow_g05_c04.avi,1.4348647594451904,2.9986984729766846,51.0,0.4776861213235294,113.74934387207031,252
HammerThrow/v_HammerThrow_g05_c05.avi,0.3836187720298767,1.0563560724258423,15.0,0.7529779411764705,23.910541534423828,245
HammerThrow/v_HammerThrow_g05_c06.avi,1.430022954940796,2.472869873046875,37.0,0.5005422794117647,103.12492370605469,260
HammerThrow/v_HammerThrow_g06_c01.avi,0.27182736992836,0.9982003569602966,15.264337539672852,0.8701470588235294,28.07489013671875,241
HammerThrow/v_HammerThrow_g06_c02.avi,0.719607949256897,2.7007596492767334,41.1096076965332,0.797024356617647,96.1191635131836,130
HammerThrow/v_HammerThrow_g06_c03.avi,1.105695128440857,3.656052827835083,42.296573638916016,0.7386167279411765,131.3042755126953,159
HammerThrow/v_HammerThrow_g06_c04.avi,0.8799415230751038,3.6505281925201416,62.09669876098633,0.8166911764705882,106.5091781616211,248
HammerThrow/v_HammerThrow_g06_c05.avi,1.4456204175949097,4.293274402618408,39.0128173828125,0.7324908088235295,191.25704956054688,233
HammerThrow/v_HammerThrow_g06_c06.avi,1.0289390087127686,3.827667474746704,54.34151077270508,0.7889315257352941,147.85916137695312,137
HammerThrow/v_HammerThrow_g06_c07.avi,0.9642143845558167,3.330009698867798,51.0,0.7946047794117647,128.8935546875,226
HammerThrow/v_HammerThrow_g07_c01.avi,0.36742380261421204,1.8146167993545532,35.05709457397461,0.9019485294117647,74.46086120605469,110
HammerThrow/v_HammerThrow_g07_c02.avi,0.26726096868515015,1.5472315549850464,26.0,0.9202918198529412,48.2785530090332,110
HammerThrow/v_HammerThrow_g07_c03.avi,0.447072833776474,1.9794578552246094,30.5941162109375,0.8713166360294118,64.5533676147461,138
HammerThrow/v_HammerThrow_g07_c04.avi,4.150893211364746,10.260772705078125,156.0,0.5556158088235295,88.6685562133789,84
HammerThrow/v_HammerThrow_g07_c05.avi,5.0393757820129395,7.292809009552002,55.081756591796875,0.4217693014705882,138.84304809570312,88
HandstandPushups/v_HandStandPushups_g01_c01.avi,3.5374252796173096,4.073146820068359,31.016124725341797,0.2425689338235294,45.7697868347168,78
HandstandPushups/v_HandStandPushups_g01_c02.avi,1.9198644161224365,2.3983662128448486,24.083189010620117,0.28873621323529414,19.737733840942383,93
HandstandPushups/v_HandStandPushups_g01_c03.avi,7.001373291015625,7.83551025390625,39.458839416503906,0.22627757352941177,70.90059661865234,101
HandstandPushups/v_HandStandPushups_g01_c04.avi,6.87550687789917,6.3365278244018555,52.88667297363281,0.18143841911764705,57.49176025390625,106
HandstandPushups/v_HandStandPushups_g02_c01.avi,4.146371364593506,5.5165300369262695,34.525352478027344,0.3883432904411765,691.5062255859375,54
HandstandPushups/v_HandStandPushups_g02_c02.avi,2.140915870666504,5.140964508056641,36.22154235839844,0.5791199448529412,422.3046875,55
HandstandPushups/v_HandStandPushups_g02_c03.avi,1.7052072286605835,3.576047420501709,36.013885498046875,0.5478791360294117,465.9627380371094,105
HandstandPushups/v_HandStandPushups_g02_c04.avi,1.0891889333724976,3.0873968601226807,30.01666259765625,0.7230514705882353,359.48223876953125,132
HandstandPushups/v_HandStandPushups_g03_c01.avi,0.24184712767601013,0.7475959062576294,8.062257766723633,0.8622058823529412,2.07781720161438,125
HandstandPushups/v_HandStandPushups_g03_c02.avi,0.5648465752601624,1.381090760231018,12.041594505310059,0.7611397058823529,35.24541091918945,115
HandstandPushups/v_HandStandPushups_g03_c03.avi,0.26389622688293457,0.7984303832054138,8.0,0.8422794117647059,2.0233447551727295,123
HandstandPushups/v_HandStandPushups_g03_c04.avi,0.40573814511299133,1.0325058698654175,16.0,0.7824149816176471,22.58928680419922,175
HandstandPushups/v_HandStandPushups_g04_c01.avi,5.372180461883545,4.768418312072754,42.19004440307617,0.17805836397058825,153.1580352783203,115
HandstandPushups/v_HandStandPushups_g04_c02.avi,4.009429931640625,4.576571464538574,75.42546081542969,0.21389016544117648,189.69386291503906,108
HandstandPushups/v_HandStandPushups_g04_c03.avi,3.0886240005493164,4.082078456878662,58.0,0.19948299632352942,136.5189208984375,160
HandstandPushups/v_HandStandPushups_g04_c04.avi,3.544995069503784,5.303742408752441,57.07889175415039,0.28188878676470586,161.61814880371094,222
HandstandPushups/v_HandStandPushups_g05_c01.avi,0.7634341716766357,1.4680993556976318,22.360679626464844,0.6436374080882353,15.131837844848633,114
HandstandPushups/v_HandStandPushups_g05_c02.avi,1.1166502237319946,1.917598843574524,18.11077117919922,0.5793129595588236,17.56808090209961,113
HandstandPushups/v_HandStandPushups_g05_c03.avi,0.7040243744850159,1.2930511236190796,17.0,0.6562362132352941,10.374536514282227,80
HandstandPushups/v_HandStandPushups_g05_c04.avi,0.9321982860565186,1.741791844367981,17.464248657226562,0.6198667279411765,15.542556762695312,160
HandstandPushups/v_HandStandPushups_g06_c01.avi,1.7158204317092896,3.998110771179199,30.0,0.6309306066176471,61.87779998779297,88
HandstandPushups/v_HandStandPushups_g06_c02.avi,0.26417747139930725,0.6734042167663574,8.246211051940918,0.8248253676470588,5.256636142730713,125
HandstandPushups/v_HandStandPushups_g06_c03.avi,1.3506255149841309,3.0372872352600098,22.0,0.6491567095588235,49.930320739746094,90
HandstandPushups/v_HandStandPushups_g06_c04.avi,1.2576749324798584,2.40720796585083,16.0,0.6406043198529412,34.108802795410156,72
HandstandPushups/v_HandStandPushups_g07_c01.avi,4.598331451416016,6.601802825927734,28.07133674621582,0.5914636948529411,209.89035034179688,92
HandstandPushups/v_HandStandPushups_g07_c02.avi,3.4076290130615234,4.374744892120361,22.203603744506836,0.47339613970588235,177.81607055664062,137
HandstandPushups/v_HandStandPushups_g07_c03.avi,0.9201308488845825,1.8017040491104126,13.152946472167969,0.6278193933823529,89.10102081298828,153
HandstandPushups/v_HandStandPushups_g07_c04.avi,7.34852409362793,12.27176570892334,86.28441619873047,0.21035386029411765,339.144775390625,172
HandstandWalking/v_HandstandWalking_g01_c01.avi,5.030478000640869,4.768184661865234,38.63935852050781,0.21053079044117648,94.8575210571289,108
HandstandWalking/v_HandstandWalking_g01_c02.avi,13.269166946411133,12.171318054199219,86.70063781738281,0.04352022058823529,302.1709899902344,103
HandstandWalking/v_HandstandWalking_g01_c03.avi,16.16635513305664,18.70012092590332,106.00471496582031,0.05606847426470588,270.80438232421875,105
HandstandWalking/v_HandstandWalking_g01_c04.avi,5.556096076965332,5.589033603668213,52.0,0.15430606617647058,97.79219055175781,139
HandstandWalking/v_HandstandWalking_g02_c01.avi,0.29848966002464294,0.9186505079269409,16.492422103881836,0.8398483455882353,11.480892181396484,103
HandstandWalking/v_HandstandWalking_g02_c02.avi,0.5023854970932007,1.426751971244812,15.29705810546875,0.7965969669117647,15.051057815551758,103
HandstandWalking/v_HandstandWalking_g02_c03.avi,0.5148575305938721,1.7062546014785767,38.28837966918945,0.8064338235294117,36.432106018066406,119
HandstandWalking/v_HandstandWalking_g02_c04.avi,0.5095203518867493,1.4529668092727661,17.0880069732666,0.7923138786764706,72.77012634277344,118
HandstandWalking/v_HandstandWalking_g03_c01.avi,20.194923400878906,20.023401260375977,107.51744079589844,0.04676011029411765,526.7708740234375,103
HandstandWalking/v_HandstandWalking_g03_c02.avi,19.919414520263672,19.5969295501709,79.37883758544922,0.06235294117647059,529.5911865234375,105
HandstandWalking/v_HandstandWalking_g03_c03.avi,18.259891510009766,19.45229148864746,99.7045669555664,0.09203354779411765,401.9102478027344,104
HandstandWalking/v_HandstandWalking_g03_c04.avi,20.808956146240234,17.254047393798828,85.16454315185547,0.06456801470588236,909.9181518554688,133
HandstandWalking/v_HandstandWalking_g04_c01.avi,7.654419422149658,11.780646324157715,83.0,0.21349724264705883,651.6302490234375,107
HandstandWalking/v_HandstandWalking_g04_c02.avi,3.549329996109009,4.236879348754883,58.215118408203125,0.24027803308823528,324.5339050292969,119
HandstandWalking/v_HandstandWalking_g04_c03.avi,1.1217719316482544,1.8163807392120361,17.464248657226562,0.5716176470588236,44.159873962402344,121
HandstandWalking/v_HandstandWalking_g04_c04.avi,5.142887115478516,4.069429397583008,33.37664031982422,0.05629825367647059,232.73934936523438,127
HandstandWalking/v_HandstandWalking_g04_c05.avi,1.8392643928527832,2.3377952575683594,18.027755737304688,0.4876286764705882,121.89558410644531,122
HandstandWalking/v_HandstandWalking_g05_c01.avi,3.054050922393799,5.092774868011475,48.010414123535156,0.5379067095588236,399.816162109375,223
HandstandWalking/v_HandstandWalking_g05_c02.avi,2.0398590564727783,3.474996566772461,40.01249694824219,0.5408892463235294,225.1685028076172,249
HandstandWalking/v_HandstandWalking_g05_c03.avi,8.791902542114258,15.566974639892578,72.0,0.3344829963235294,206.8448028564453,221
HandstandWalking/v_HandstandWalking_g05_c04.avi,2.5440163612365723,5.54605770111084,80.0,0.49622242647058823,303.8553771972656,252
HandstandWalking/v_HandstandWalking_g05_c05.avi,2.7155232429504395,4.805018424987793,43.28972244262695,0.5764705882352941,408.7491760253906,286
HandstandWalking/v_HandstandWalking_g05_c06.avi,2.352595806121826,6.249830722808838,59.0,0.47001148897058825,38.17000961303711,189
HandstandWalking/v_HandstandWalking_g05_c07.avi,2.0887274742126465,4.014366149902344,58.03447341918945,0.3871323529411765,42.60844802856445,250
HandstandWalking/v_HandstandWalking_g06_c01.avi,2.9718899726867676,3.2577767372131348,44.0113639831543,0.12107306985294118,126.9575424194336,66
HandstandWalking/v_HandstandWalking_g06_c02.avi,5.468141555786133,6.754875659942627,62.00806427001953,0.2594623161764706,137.5221405029297,67
HandstandWalking/v_HandstandWalking_g06_c03.avi,1.4317989349365234,2.0246012210845947,31.064449310302734,0.31261029411764707,80.58776092529297,71
HandstandWalking/v_HandstandWalking_g06_c04.avi,4.69236946105957,5.960306167602539,64.03124237060547,0.21235064338235293,243.5556640625,75
HandstandWalking/v_HandstandWalking_g07_c01.avi,6.902236461639404,12.655505180358887,49.24428939819336,0.3048828125,512.82373046875,223
HandstandWalking/v_HandstandWalking_g07_c02.avi,2.972750425338745,4.85527229309082,70.00714111328125,0.5422794117647058,305.0939025878906,191
HandstandWalking/v_HandstandWalking_g07_c03.avi,3.0820260047912598,4.008504390716553,28.301942825317383,0.3854457720588235,313.74755859375,186
HandstandWalking/v_HandstandWalking_g07_c04.avi,2.775188446044922,3.782902717590332,72.00694274902344,0.38330882352941176,384.8711853027344,192
HandstandWalking/v_HandstandWalking_g07_c05.avi,2.105710506439209,2.8174779415130615,32.015621185302734,0.45151424632352943,397.90289306640625,198
HandstandWalking/v_HandstandWalking_g07_c06.avi,1.8890385627746582,3.2590789794921875,82.00609588623047,0.45625,434.2652893066406,200
HeadMassage/v_HeadMassage_g01_c01.avi,3.6415634155273438,5.948942184448242,61.032779693603516,0.33969439338235297,475.49005126953125,153
HeadMassage/v_HeadMassage_g01_c02.avi,2.9380569458007812,4.79209566116333,37.735923767089844,0.24847886029411764,334.9058532714844,151
HeadMassage/v_HeadMassage_g01_c03.avi,2.8893184661865234,4.053895473480225,53.26349639892578,0.19763786764705882,307.8711853027344,148
HeadMassage/v_HeadMassage_g01_c04.avi,1.3344303369522095,2.1053521633148193,27.459060668945312,0.47741957720588235,154.6951446533203,107
HeadMassage/v_HeadMassage_g01_c05.avi,0.4944884181022644,1.4502925872802734,15.65247631072998,0.7769117647058823,76.83074951171875,121
HeadMassage/v_HeadMassage_g02_c01.avi,0.5624476075172424,1.059556484222412,9.0,0.6746323529411765,59.7000732421875,242
HeadMassage/v_HeadMassage_g02_c02.avi,1.301587462425232,2.6244659423828125,22.0,0.5995496323529412,317.0018005371094,240
HeadMassage/v_HeadMassage_g02_c03.avi,0.75566565990448,1.641749382019043,25.495098114013672,0.6811465992647059,204.3623046875,277
HeadMassage/v_HeadMassage_g02_c04.avi,0.5705888271331787,1.6649115085601807,31.906112670898438,0.769446231617647,125.5020980834961,256
HeadMassage/v_HeadMassage_g02_c05.avi,0.6631461381912231,1.7864041328430176,30.01666259765625,0.6725275735294117,176.3068084716797,306
HeadMassage/v_HeadMassage_g02_c06.avi,1.1026889085769653,1.9554098844528198,19.646883010864258,0.5147633272058824,132.66896057128906,309
HeadMassage/v_HeadMassage_g02_c07.avi,1.1048157215118408,1.6233688592910767,15.0,0.5059972426470588,155.25241088867188,247
HeadMassage/v_HeadMassage_g03_c01.avi,3.949659585952759,5.77672004699707,41.773197174072266,0.3848713235294118,233.73757934570312,319
HeadMassage/v_HeadMassage_g03_c02.avi,3.037095546722412,4.962271213531494,58.0,0.48455193014705883,167.64385986328125,319
HeadMassage/v_HeadMassage_g03_c03.avi,5.4365997314453125,7.52114725112915,79.92496490478516,0.2751148897058823,581.0060424804688,355
HeadMassage/v_HeadMassage_g03_c04.avi,4.2656331062316895,6.738494873046875,35.1710090637207,0.31734145220588234,259.5608825683594,314
HeadMassage/v_HeadMassage_g03_c05.avi,2.86134672164917,5.093453884124756,43.5660400390625,0.3942279411764706,281.0777893066406,348
HeadMassage/v_HeadMassage_g03_c06.avi,6.137143135070801,8.434882164001465,71.11258697509766,0.28456801470588233,317.09832763671875,403
HeadMassage/v_HeadMassage_g03_c07.avi,2.6242151260375977,3.8589396476745605,38.62641525268555,0.2785386029411765,192.2120819091797,336
HeadMassage/v_HeadMassage_g04_c01.avi,6.22017240524292,4.5184197425842285,33.241539001464844,0.052736672794117645,208.08963012695312,152
HeadMassage/v_HeadMassage_g04_c02.avi,4.6367387771606445,5.2283759117126465,55.785301208496094,0.07634420955882353,341.9897766113281,167
HeadMassage/v_HeadMassage_g04_c03.avi,6.244667053222656,5.4730634689331055,46.75468063354492,0.04995174632352941,657.3687744140625,179
HeadMassage/v_HeadMassage_g04_c04.avi,10.405529975891113,6.296269416809082,49.24428939819336,0.04739889705882353,497.47821044921875,197
HeadMassage/v_HeadMassage_g05_c01.avi,8.740160942077637,15.002431869506836,114.00438690185547,0.20168658088235294,642.8619384765625,218
HeadMassage/v_HeadMassage_g05_c02.avi,3.3174021244049072,5.95660400390625,67.5425796508789,0.33425551470588233,224.74172973632812,198
HeadMassage/v_HeadMassage_g05_c03.avi,7.146865367889404,9.735912322998047,76.02631378173828,0.10635799632352941,407.7568664550781,230
HeadMassage/v_HeadMassage_g05_c04.avi,1.9910467863082886,3.3007652759552,30.01666259765625,0.33698529411764705,95.84943389892578,242
HeadMassage/v_HeadMassage_g05_c05.avi,4.815301895141602,4.450821876525879,44.10215377807617,0.2070840992647059,319.5545349121094,269
HeadMassage/v_HeadMassage_g05_c06.avi,5.770039081573486,9.445027351379395,89.8109130859375,0.1656204044117647,302.83416748046875,106
HeadMassage/v_HeadMassage_g06_c01.avi,4.954660892486572,4.267573833465576,34.01470184326172,0.16303538602941176,111.56343078613281,228
HeadMassage/v_HeadMassage_g06_c02.avi,1.5407335758209229,2.321402072906494,19.0,0.4815992647058824,52.74910354614258,110
HeadMassage/v_HeadMassage_g06_c03.avi,5.229141712188721,3.726966142654419,30.5941162109375,0.0994921875,154.0918731689453,237
HeadMassage/v_HeadMassage_g06_c04.avi,3.123091220855713,4.559045791625977,52.63079071044922,0.15063648897058823,167.72271728515625,231
HeadMassage/v_HeadMassage_g06_c05.avi,3.5813441276550293,5.901787757873535,42.72002029418945,0.49116957720588234,139.1484832763672,262
HeadMassage/v_HeadMassage_g06_c06.avi,5.417233943939209,7.996101379394531,76.5506362915039,0.2782720588235294,164.7062225341797,208
HeadMassage/v_HeadMassage_g06_c07.avi,4.394487380981445,7.742615222930908,51.088157653808594,0.4605124080882353,127.9334487915039,256
HeadMassage/v_HeadMassage_g07_c01.avi,2.857522964477539,5.266905784606934,58.24946212768555,0.48078354779411764,576.9815673828125,251
HeadMassage/v_HeadMassage_g07_c02.avi,9.287531852722168,10.311909675598145,59.54829788208008,0.30417049632352944,1037.5330810546875,297
HeadMassage/v_HeadMassage_g07_c03.avi,7.2998785972595215,13.765145301818848,134.01492309570312,0.34145909926470586,1625.872314453125,177
HeadMassage/v_HeadMassage_g07_c04.avi,3.112419366836548,5.279749870300293,53.00943374633789,0.4191015625,424.9569396972656,230
HeadMassage/v_HeadMassage_g07_c05.avi,3.4920692443847656,5.680728912353516,51.244510650634766,0.43384650735294117,286.5234375,248
HighJump/v_HighJump_g01_c01.avi,5.0019001960754395,4.9701409339904785,29.0,0.36397748161764704,246.1637725830078,154
HighJump/v_HighJump_g01_c02.avi,14.575945854187012,31.211397171020508,160.0124969482422,0.21724724264705883,440.6271057128906,153
HighJump/v_HighJump_g01_c03.avi,21.87372398376465,19.881797790527344,68.02940368652344,0.20614430147058824,395.4378662109375,101
HighJump/v_HighJump_g01_c04.avi,46.1254768371582,50.583560943603516,241.0020751953125,0.1900183823529412,1019.5255126953125,178
HighJump/v_HighJump_g01_c05.avi,9.57282543182373,9.67819881439209,51.195701599121094,0.16852711397058823,215.68881225585938,231
HighJump/v_HighJump_g02_c01.avi,4.280221939086914,6.829798698425293,46.52956008911133,0.48087545955882355,222.6101531982422,136
HighJump/v_HighJump_g02_c02.avi,13.639695167541504,22.238418579101562,105.0047607421875,0.4362591911764706,462.26177978515625,136
HighJump/v_HighJump_g02_c03.avi,24.480379104614258,32.7911491394043,161.94134521484375,0.23789522058823528,1311.54248046875,120
HighJump/v_HighJump_g02_c04.avi,20.38149642944336,28.08485984802246,187.30189514160156,0.21294806985294118,725.9940185546875,103
HighJump/v_HighJump_g02_c05.avi,8.114051818847656,16.048412322998047,84.01190185546875,0.4223897058823529,221.3795623779297,152
HighJump/v_HighJump_g02_c06.avi,16.33310890197754,25.972671508789062,159.9656219482422,0.26724264705882356,436.9412536621094,143
HighJump/v_HighJump_g02_c07.avi,11.369571685791016,12.599921226501465,55.145263671875,0.2955652573529412,358.124267578125,127
HighJump/v_HighJump_g03_c01.avi,17.235754013061523,17.58860969543457,87.05171203613281,0.10623851102941176,548.1725463867188,107
HighJump/v_HighJump_g03_c02.avi,13.320320129394531,25.190773010253906,124.57929229736328,0.2675298713235294,651.3171997070312,137
HighJump/v_HighJump_g03_c03.avi,12.898767471313477,18.810022354125977,152.32859802246094,0.3287247242647059,1120.2916259765625,91
HighJump/v_HighJump_g03_c04.avi,6.457429885864258,8.289580345153809,56.04462432861328,0.22377757352941177,279.1587829589844,182
HighJump/v_HighJump_g04_c01.avi,11.385062217712402,13.69234848022461,67.0,0.24543658088235293,368.6138916015625,95
HighJump/v_HighJump_g04_c02.avi,12.662660598754883,20.097131729125977,197.0,0.3617532169117647,613.7911987304688,143
HighJump/v_HighJump_g04_c03.avi,14.66771411895752,29.064056396484375,160.0,0.3581985294117647,1053.133544921875,143
HighJump/v_HighJump_g04_c04.avi,15.950116157531738,23.85160255432129,111.07205200195312,0.27351792279411763,733.6657104492188,107
HighJump/v_HighJump_g04_c05.avi,10.65366268157959,20.049686431884766,211.0,0.4213970588235294,718.6213989257812,108
HighJump/v_HighJump_g04_c06.avi,14.808601379394531,24.60173988342285,249.05020141601562,0.24279411764705883,791.754150390625,131
HighJump/v_HighJump_g05_c01.avi,27.542551040649414,31.867218017578125,164.7574005126953,0.09975183823529411,508.7403869628906,120
HighJump/v_HighJump_g05_c02.avi,16.43533706665039,17.714689254760742,109.0,0.16264705882352942,396.4005432128906,70
HighJump/v_HighJump_g05_c03.avi,28.189329147338867,33.97739791870117,146.08558654785156,0.1249563419117647,1193.877197265625,73
HighJump/v_HighJump_g05_c04.avi,33.81922912597656,33.522212982177734,173.23394775390625,0.10958409926470589,1274.1033935546875,120
HighJump/v_HighJump_g05_c05.avi,46.821720123291016,58.82735824584961,256.7800598144531,0.11783318014705882,1130.927001953125,98
HighJump/v_HighJump_g06_c01.avi,22.975324630737305,27.255884170532227,181.7965850830078,0.18770680147058824,595.9947509765625,107
HighJump/v_HighJump_g06_c02.avi,35.628173828125,33.034236907958984,163.35543823242188,0.07048023897058824,781.6228637695312,131
HighJump/v_HighJump_g06_c03.avi,17.258716583251953,35.71522903442383,287.2107238769531,0.31757123161764705,479.6327209472656,156
HighJump/v_HighJump_g06_c04.avi,31.603111267089844,33.07902145385742,164.75436401367188,0.08676700367647058,479.22991943359375,104
HighJump/v_HighJump_g07_c01.avi,34.81584930419922,41.01054763793945,176.0,0.05249770220588235,1595.578369140625,115
HighJump/v_HighJump_g07_c02.avi,23.8314266204834,28.745933532714844,195.0,0.09041590073529411,1337.624267578125,97
HighJump/v_HighJump_g07_c03.avi,6.827895164489746,8.489763259887695,43.104522705078125,0.25536764705882353,326.5018005371094,122
HighJump/v_HighJump_g07_c04.avi,30.635225296020508,35.064544677734375,152.05262756347656,0.18935431985294118,684.2684326171875,101
HighJump/v_HighJump_g07_c05.avi,32.39377975463867,41.713443756103516,254.096435546875,0.06834099264705883,2508.64501953125,90
HighJump/v_HighJump_g07_c06.avi,31.112764358520508,39.544315338134766,187.57931518554688,0.09030101102941177,2201.638427734375,79
HorseRace/v_HorseRace_g01_c01.avi,11.013471603393555,17.120243072509766,112.0,0.20493795955882352,197.55645751953125,191
HorseRace/v_HorseRace_g01_c02.avi,7.968652248382568,11.887116432189941,44.0,0.2645909926470588,122.65574645996094,152
HorseRace/v_HorseRace_g01_c03.avi,5.258236885070801,7.865391254425049,57.314918518066406,0.4068129595588235,259.1871032714844,170
HorseRace/v_HorseRace_g01_c04.avi,7.867460250854492,9.9144926071167,46.0,0.2495749080882353,140.80047607421875,168
HorseRace/v_HorseRace_g02_c01.avi,6.817070484161377,13.07607650756836,103.94710540771484,0.24385340073529413,908.0382690429688,299
HorseRace/v_HorseRace_g02_c02.avi,13.24289608001709,21.637439727783203,150.01333618164062,0.11658547794117648,1097.916259765625,299
HorseRace/v_HorseRace_g02_c03.avi,17.414493560791016,20.870195388793945,107.70329284667969,0.1496231617647059,1249.7042236328125,312
HorseRace/v_HorseRace_g02_c04.avi,18.335281372070312,26.98015022277832,180.85353088378906,0.17933823529411766,1550.4345703125,340
HorseRace/v_HorseRace_g03_c01.avi,5.932004451751709,10.7216215133667,77.66595458984375,0.3136833639705882,201.23777770996094,166
HorseRace/v_HorseRace_g03_c02.avi,6.098250865936279,9.90439224243164,58.94064712524414,0.3639453125,307.85467529296875,163
HorseRace/v_HorseRace_g03_c03.avi,17.15443229675293,23.077442169189453,101.0197982788086,0.38239659926470587,559.2192993164062,160
HorseRace/v_HorseRace_g03_c04.avi,6.08404016494751,12.58818244934082,95.18928527832031,0.4292624080882353,393.4521179199219,150
HorseRace/v_HorseRace_g03_c05.avi,3.8912904262542725,9.519219398498535,102.0,0.3927803308823529,181.00619506835938,130
HorseRace/v_HorseRace_g04_c01.avi,2.760082960128784,3.824692487716675,47.0,0.2931985294117647,49.161766052246094,147
HorseRace/v_HorseRace_g04_c02.avi,9.073156356811523,16.245784759521484,69.00724792480469,0.3774678308823529,63.26655960083008,154
HorseRace/v_HorseRace_g04_c03.avi,11.907848358154297,28.67280387878418,210.11663818359375,0.4244002757352941,134.51231384277344,77
HorseRace/v_HorseRace_g04_c04.avi,20.271183013916016,27.805267333984375,119.03781127929688,0.21526654411764706,227.05593872070312,134
HorseRace/v_HorseRace_g04_c05.avi,2.7287607192993164,4.941066265106201,102.0,0.3265487132352941,68.62156677246094,137
HorseRace/v_HorseRace_g04_c06.avi,4.258591175079346,6.7895188331604,70.40596771240234,0.33474034926470586,194.2538299560547,157
HorseRace/v_HorseRace_g05_c01.avi,8.247282028198242,13.365513801574707,126.00396728515625,0.22439568014705882,294.40185546875,252
HorseRace/v_HorseRace_g05_c02.avi,23.643003463745117,26.093618392944336,99.02020263671875,0.16364430147058823,498.66412353515625,297
HorseRace/v_HorseRace_g05_c03.avi,3.847184658050537,7.892995357513428,120.00416564941406,0.4244278492647059,129.8245086669922,272
HorseRace/v_HorseRace_g05_c04.avi,4.52510404586792,10.734025955200195,85.70297241210938,0.5020197610294118,158.04664611816406,213
HorseRace/v_HorseRace_g06_c01.avi,7.757015228271484,10.110264778137207,95.04735565185547,0.1934375,299.12872314453125,191
HorseRace/v_HorseRace_g06_c02.avi,6.543917655944824,13.100760459899902,91.0,0.35291360294117646,329.15533447265625,144
HorseRace/v_HorseRace_g06_c03.avi,6.213607311248779,9.435093879699707,79.00633239746094,0.32326516544117645,716.5844116210938,138
HorseRace/v_HorseRace_g06_c04.avi,2.4598519802093506,4.878351211547852,57.00876998901367,0.4755606617647059,214.2047882080078,212
HorseRace/v_HorseRace_g06_c05.avi,6.548859119415283,7.911682605743408,39.0,0.2693405330882353,331.2794494628906,205
HorseRace/v_HorseRace_g06_c06.avi,5.235922336578369,8.016180992126465,54.147945404052734,0.39302159926470587,1236.375,224
HorseRace/v_HorseRace_g07_c01.avi,4.19519567489624,6.780399322509766,36.24913787841797,0.34606617647058824,214.6161651611328,168
HorseRace/v_HorseRace_g07_c02.avi,3.4546756744384766,5.757526397705078,39.11521530151367,0.40834788602941174,373.38641357421875,111
HorseRace/v_HorseRace_g07_c03.avi,2.5511364936828613,4.299205780029297,25.0,0.4448299632352941,191.69677734375,153
HorseRace/v_HorseRace_g07_c04.avi,2.1524646282196045,2.772925615310669,16.124515533447266,0.5403492647058824,127.03643798828125,181
HorseRace/v_HorseRace_g07_c05.avi,4.3003315925598145,7.445180892944336,58.0,0.4448506433823529,153.56507873535156,247
HorseRace/v_HorseRace_g07_c06.avi,8.858757019042969,16.48358726501465,119.0,0.30288373161764703,350.40460205078125,134
HorseRiding/v_HorseRiding_g01_c01.avi,13.700082778930664,8.64145278930664,37.947330474853516,0.2144002757352941,318.6054992675781,238
HorseRiding/v_HorseRiding_g01_c02.avi,3.6906285285949707,2.5294840335845947,22.472204208374023,0.0560110294117647,110.335205078125,101
HorseRiding/v_HorseRiding_g01_c03.avi,20.614582061767578,19.884763717651367,102.1077880859375,0.07739200367647059,896.671875,97
HorseRiding/v_HorseRiding_g01_c04.avi,25.30449867248535,19.559234619140625,69.1158447265625,0.03389935661764706,564.500732421875,118
HorseRiding/v_HorseRiding_g01_c05.avi,22.394786834716797,18.815235137939453,87.3670425415039,0.04573529411764706,503.0328674316406,119
HorseRiding/v_HorseRiding_g01_c06.avi,9.518291473388672,9.502238273620605,37.121421813964844,0.1685684742647059,106.43904876708984,170
HorseRiding/v_HorseRiding_g01_c07.avi,20.63874053955078,16.763357162475586,133.22161865234375,0.033239889705882354,727.31201171875,119
HorseRiding/v_HorseRiding_g02_c01.avi,17.45886993408203,14.640711784362793,54.12947463989258,0.08553998161764706,207.01388549804688,179
HorseRiding/v_HorseRiding_g02_c02.avi,13.73055362701416,14.34763240814209,91.0054931640625,0.13262408088235295,186.7281036376953,131
HorseRiding/v_HorseRiding_g02_c03.avi,26.19879913330078,18.72748565673828,67.26811981201172,0.02780560661764706,398.88787841796875,120
HorseRiding/v_HorseRiding_g02_c04.avi,12.366076469421387,17.915292739868164,139.0,0.15927389705882353,101.38582611083984,167
HorseRiding/v_HorseRiding_g02_c05.avi,16.65363311767578,15.267940521240234,56.32051086425781,0.14811351102941175,150.7889862060547,179
HorseRiding/v_HorseRiding_g02_c06.avi,12.185833930969238,12.34448528289795,60.67124557495117,0.23837775735294117,179.714599609375,179
HorseRiding/v_HorseRiding_g02_c07.avi,12.05459213256836,12.074928283691406,47.0,0.17090762867647058,116.37178802490234,119
HorseRiding/v_HorseRiding_g03_c01.avi,2.985288381576538,3.0226047039031982,27.0,0.31446691176470587,121.34151458740234,184
HorseRiding/v_HorseRiding_g03_c02.avi,21.61411476135254,16.92999267578125,83.00602722167969,0.0771829044117647,721.1920166015625,150
HorseRiding/v_HorseRiding_g03_c03.avi,13.647048950195312,12.069548606872559,55.973209381103516,0.11016773897058824,671.8665771484375,150
HorseRiding/v_HorseRiding_g03_c04.avi,18.47590446472168,18.833656311035156,88.1192398071289,0.09560661764705883,362.16986083984375,150
HorseRiding/v_HorseRiding_g03_c05.avi,7.470773220062256,5.771908760070801,28.65309715270996,0.09333639705882353,121.91752624511719,155
HorseRiding/v_HorseRiding_g03_c06.avi,18.283065795898438,13.987900733947754,84.05355072021484,0.02336856617647059,313.5198059082031,179
HorseRiding/v_HorseRiding_g03_c07.avi,12.3198881149292,16.685129165649414,95.02104949951172,0.09176700367647059,325.5784606933594,191
HorseRiding/v_HorseRiding_g04_c01.avi,9.925008773803711,10.008003234863281,42.10700607299805,0.07543198529411765,180.7946014404297,200
HorseRiding/v_HorseRiding_g04_c02.avi,14.951425552368164,16.616788864135742,74.06078338623047,0.10405330882352941,136.49627685546875,200
HorseRiding/v_HorseRiding_g04_c03.avi,8.397089958190918,6.34481143951416,29.068883895874023,0.058028492647058824,126.52769470214844,126
HorseRiding/v_HorseRiding_g04_c04.avi,4.097112655639648,3.6711506843566895,37.10795211791992,0.24068474264705883,195.6150665283203,200
HorseRiding/v_HorseRiding_g04_c05.avi,28.79891586303711,22.772520065307617,92.04889678955078,0.029149816176470587,685.5411376953125,239
HorseRiding/v_HorseRiding_g04_c06.avi,23.77346420288086,16.99696922302246,56.0,0.015795036764705884,543.1153564453125,239
HorseRiding/v_HorseRiding_g04_c07.avi,25.34943389892578,21.980432510375977,101.2422866821289,0.05434283088235294,705.4340209960938,239
HorseRiding/v_HorseRiding_g05_c01.avi,16.844623565673828,16.333023071289062,73.33484649658203,0.05088465073529412,1125.966064453125,150
HorseRiding/v_HorseRiding_g05_c02.avi,9.556224822998047,7.943040370941162,33.0151481628418,0.09433823529411765,632.7618408203125,150
HorseRiding/v_HorseRiding_g05_c03.avi,15.507075309753418,12.25560188293457,53.00943374633789,0.06083639705882353,941.4625244140625,150
HorseRiding/v_HorseRiding_g05_c04.avi,14.307744979858398,12.280473709106445,52.0,0.07072840073529411,892.9654541015625,150
HorseRiding/v_HorseRiding_g05_c05.avi,16.98491668701172,13.928180694580078,72.06246948242188,0.02950137867647059,1042.357177734375,179
HorseRiding/v_HorseRiding_g05_c06.avi,18.177377700805664,12.974579811096191,54.230987548828125,0.0301171875,323.35162353515625,239
HorseRiding/v_HorseRiding_g05_c07.avi,19.275861740112305,15.367039680480957,74.95331573486328,0.03678538602941177,310.6831970214844,239
HorseRiding/v_HorseRiding_g06_c01.avi,28.64505958557129,22.27505874633789,95.33625030517578,0.046962316176470585,534.8287353515625,239
HorseRiding/v_HorseRiding_g06_c02.avi,16.57986068725586,16.676794052124023,77.0,0.05596966911764706,325.9691162109375,239
HorseRiding/v_HorseRiding_g06_c03.avi,21.035369873046875,20.61371421813965,124.01612854003906,0.09187270220588235,494.4720764160156,179
HorseRiding/v_HorseRiding_g06_c04.avi,20.714914321899414,19.47691535949707,114.43775939941406,0.06892693014705882,445.424560546875,179
HorseRiding/v_HorseRiding_g06_c05.avi,20.560651779174805,16.354598999023438,82.0,0.06473115808823529,350.43780517578125,179
HorseRiding/v_HorseRiding_g06_c06.avi,9.923983573913574,8.614219665527344,46.52956008911133,0.10970358455882354,239.8440399169922,203
HorseRiding/v_HorseRiding_g06_c07.avi,11.18416976928711,14.00787353515625,50.08992004394531,0.1518704044117647,123.3299560546875,215
HorseRiding/v_HorseRiding_g07_c01.avi,26.28045654296875,25.36905288696289,119.0,0.08295036764705882,883.1345825195312,179
HorseRiding/v_HorseRiding_g07_c02.avi,32.757469177246094,27.149444580078125,96.02082824707031,0.04103170955882353,1139.0125732421875,179
HorseRiding/v_HorseRiding_g07_c03.avi,21.523683547973633,23.38514518737793,125.19584655761719,0.08821920955882354,1145.0113525390625,179
HorseRiding/v_HorseRiding_g07_c04.avi,22.79831314086914,23.45021629333496,113.00442504882812,0.09189108455882353,993.3160400390625,179
HorseRiding/v_HorseRiding_g07_c05.avi,31.41948699951172,24.45778465270996,112.28534698486328,0.057228860294117646,1112.544921875,179
HorseRiding/v_HorseRiding_g07_c06.avi,25.212486267089844,25.655258178710938,115.01738739013672,0.06715073529411765,1211.4420166015625,179
HorseRiding/v_HorseRiding_g07_c07.avi,15.074470520019531,15.625993728637695,120.0,0.23364889705882352,544.3768310546875,239
HulaHoop/v_HulaHoop_g01_c01.avi,6.254847049713135,8.088606834411621,66.70832061767578,0.26237591911764707,1193.7454833984375,90
HulaHoop/v_HulaHoop_g01_c02.avi,2.9999008178710938,4.3352952003479,68.70953369140625,0.2529871323529412,608.4573364257812,140
HulaHoop/v_HulaHoop_g01_c03.avi,7.412136554718018,7.004858493804932,55.94640350341797,0.07342830882352941,1172.46435546875,110
HulaHoop/v_HulaHoop_g01_c04.avi,9.621282577514648,8.932100296020508,86.46965026855469,0.050579044117647055,1223.7088623046875,100
HulaHoop/v_HulaHoop_g01_c05.avi,6.77803897857666,7.378976345062256,75.70997619628906,0.07430836397058824,808.3560791015625,120
HulaHoop/v_HulaHoop_g01_c06.avi,3.6585240364074707,4.7639265060424805,67.06713104248047,0.20679457720588235,914.2353515625,120
HulaHoop/v_HulaHoop_g01_c07.avi,3.659773111343384,7.285303592681885,66.40029907226562,0.4186465992647059,1399.6793212890625,117
HulaHoop/v_HulaHoop_g02_c01.avi,3.170776844024658,6.48853063583374,68.88395690917969,0.38106847426470586,582.6780395507812,110
HulaHoop/v_HulaHoop_g02_c02.avi,4.473109245300293,8.838262557983398,115.16944122314453,0.2710431985294118,855.1878051757812,120
HulaHoop/v_HulaHoop_g02_c03.avi,4.629977703094482,9.958137512207031,111.11255645751953,0.29818244485294115,860.5255737304688,120
HulaHoop/v_HulaHoop_g02_c04.avi,3.3686156272888184,7.012110233306885,76.02631378173828,0.3812522977941176,641.7469482421875,110
HulaHoop/v_HulaHoop_g03_c01.avi,0.9730222225189209,1.8238071203231812,35.0,0.4369577205882353,98.09688568115234,91
HulaHoop/v_HulaHoop_g03_c02.avi,4.505222797393799,5.200841903686523,81.0,0.26618566176470587,123.78105163574219,80
HulaHoop/v_HulaHoop_g03_c03.avi,2.609964370727539,3.1452083587646484,30.805843353271484,0.2013717830882353,166.35797119140625,90
HulaHoop/v_HulaHoop_g03_c04.avi,1.4454821348190308,2.170538902282715,21.095022201538086,0.42125229779411766,147.4336395263672,100
HulaHoop/v_HulaHoop_g03_c05.avi,0.2679694890975952,0.8105170130729675,18.027755737304688,0.8261695772058824,233.4481964111328,91
HulaHoop/v_HulaHoop_g04_c01.avi,1.6244168281555176,2.130722999572754,24.083189010620117,0.23201516544117648,514.5294189453125,112
HulaHoop/v_HulaHoop_g04_c02.avi,1.7154204845428467,2.1956441402435303,26.305892944335938,0.32393841911764704,585.3778076171875,111
HulaHoop/v_HulaHoop_g04_c03.avi,1.3888682126998901,1.6688897609710693,24.020824432373047,0.2799770220588235,280.07562255859375,104
HulaHoop/v_HulaHoop_g04_c04.avi,0.87091463804245,1.8540769815444946,24.083189010620117,0.5222931985294118,288.9665222167969,110
HulaHoop/v_HulaHoop_g04_c05.avi,0.9904675483703613,1.8568750619888306,22.203603744506836,0.5383846507352941,396.29669189453125,114
HulaHoop/v_HulaHoop_g05_c01.avi,2.2719621658325195,3.7349772453308105,44.10215377807617,0.44335248161764707,56.31758499145508,105
HulaHoop/v_HulaHoop_g05_c02.avi,2.659675359725952,4.862079620361328,49.658836364746094,0.42177159926470587,81.06013488769531,95
HulaHoop/v_HulaHoop_g05_c03.avi,5.3552751541137695,8.216842651367188,72.02777099609375,0.32183823529411765,106.99202728271484,107
HulaHoop/v_HulaHoop_g05_c04.avi,2.469890594482422,5.750860691070557,81.39410400390625,0.5027550551470589,234.1078643798828,113
HulaHoop/v_HulaHoop_g06_c01.avi,2.4010610580444336,3.6963863372802734,38.01315689086914,0.4048391544117647,59.29004669189453,95
HulaHoop/v_HulaHoop_g06_c02.avi,2.692930221557617,4.0873799324035645,36.715118408203125,0.3559237132352941,65.3167495727539,107
HulaHoop/v_HulaHoop_g06_c03.avi,1.1863212585449219,2.2603273391723633,23.0,0.594758731617647,31.632915496826172,95
HulaHoop/v_HulaHoop_g06_c04.avi,1.7965158224105835,3.513190746307373,47.67599105834961,0.48239889705882355,98.79606628417969,95
HulaHoop/v_HulaHoop_g07_c01.avi,1.3496217727661133,2.4606003761291504,35.84689712524414,0.4513625919117647,228.7451934814453,95
HulaHoop/v_HulaHoop_g07_c02.avi,1.9387952089309692,4.445137023925781,75.74298858642578,0.3996530330882353,498.8352966308594,100
HulaHoop/v_HulaHoop_g07_c03.avi,2.1407923698425293,5.337385654449463,92.77930450439453,0.42290670955882353,383.9308776855469,90
HulaHoop/v_HulaHoop_g07_c04.avi,2.324511766433716,4.878541469573975,74.81310272216797,0.41383042279411764,463.2127990722656,100
HulaHoop/v_HulaHoop_g07_c05.avi,2.3282737731933594,5.221652984619141,64.03124237060547,0.4065831801470588,481.9560546875,100
IceDancing/v_IceDancing_g01_c01.avi,1.6730382442474365,2.4654126167297363,24.020824432373047,0.3397426470588235,46.70585250854492,243
IceDancing/v_IceDancing_g01_c02.avi,2.1062893867492676,3.724534273147583,39.0,0.41237132352941175,122.6967544555664,250
IceDancing/v_IceDancing_g01_c03.avi,37.7594108581543,43.16994094848633,234.05340576171875,0.06895450367647059,551.0369873046875,234
IceDancing/v_IceDancing_g01_c04.avi,10.219548225402832,12.506795883178711,120.14990997314453,0.08888327205882353,445.84747314453125,257
IceDancing/v_IceDancing_g01_c05.avi,17.341876983642578,23.912673950195312,119.00420379638672,0.22266544117647058,577.705078125,258
IceDancing/v_IceDancing_g01_c06.avi,5.85961389541626,12.681403160095215,173.0,0.25406939338235296,324.7191162109375,258
IceDancing/v_IceDancing_g01_c07.avi,5.822565078735352,8.55948257446289,89.005615234375,0.1959283088235294,340.420654296875,250
IceDancing/v_IceDancing_g02_c01.avi,30.657764434814453,33.64601516723633,197.02284240722656,0.18567095588235294,567.6571044921875,255
IceDancing/v_IceDancing_g02_c02.avi,24.38495445251465,23.72637939453125,121.14866638183594,0.06823069852941177,366.39044189453125,251
IceDancing/v_IceDancing_g02_c03.avi,15.571020126342773,18.45539093017578,110.76551818847656,0.04821920955882353,467.56243896484375,251
IceDancing/v_IceDancing_g02_c04.avi,24.348506927490234,21.201597213745117,97.32933807373047,0.05887637867647059,574.7647705078125,255
IceDancing/v_IceDancing_g02_c05.avi,4.188839435577393,3.800305128097534,25.179357528686523,0.15247931985294116,166.6793670654297,243
IceDancing/v_IceDancing_g02_c06.avi,18.33254051208496,18.746408462524414,123.0,0.05596277573529412,238.00634765625,247
IceDancing/v_IceDancing_g02_c07.avi,13.431364059448242,13.443331718444824,73.10950469970703,0.0941796875,316.2576599121094,248
IceDancing/v_IceDancing_g03_c01.avi,14.145350456237793,17.364587783813477,121.0,0.0927389705882353,413.7157287597656,257
IceDancing/v_IceDancing_g03_c02.avi,21.675201416015625,23.183326721191406,95.02104949951172,0.06830882352941177,614.0258178710938,254
IceDancing/v_IceDancing_g03_c03.avi,9.886628150939941,12.29108715057373,64.0,0.12878216911764706,403.0870666503906,246
IceDancing/v_IceDancing_g03_c04.avi,3.4302167892456055,3.799381971359253,30.0,0.19830882352941176,90.40726470947266,242
IceDancing/v_IceDancing_g03_c05.avi,3.9236395359039307,2.6608357429504395,16.0,0.13518382352941177,78.39505767822266,243
IceDancing/v_IceDancing_g03_c06.avi,22.574073791503906,25.798274993896484,138.09054565429688,0.07414981617647058,1136.6529541015625,239
IceDancing/v_IceDancing_g04_c01.avi,17.183584213256836,28.437002182006836,115.0,0.4518014705882353,344.4131774902344,254
IceDancing/v_IceDancing_g04_c02.avi,14.931199073791504,15.081990242004395,63.0,0.06059283088235294,242.1765899658203,248
IceDancing/v_IceDancing_g04_c03.avi,29.930944442749023,32.80417251586914,147.0,0.03248851102941176,822.5115966796875,254
IceDancing/v_IceDancing_g04_c04.avi,13.333869934082031,12.047673225402832,57.00876998901367,0.051284466911764706,314.38787841796875,249
IceDancing/v_IceDancing_g04_c05.avi,10.754851341247559,9.843169212341309,37.336307525634766,0.12025965073529411,71.14787292480469,248
IceDancing/v_IceDancing_g04_c06.avi,31.38057518005371,36.14110565185547,163.00306701660156,0.0651470588235294,459.4041442871094,260
IceDancing/v_IceDancing_g04_c07.avi,28.41517448425293,30.15046501159668,186.01075744628906,0.04479779411764706,607.1526489257812,254
IceDancing/v_IceDancing_g05_c01.avi,17.608625411987305,21.277698516845703,106.0,0.07736213235294118,429.44598388671875,247
IceDancing/v_IceDancing_g05_c02.avi,3.885288953781128,5.779183387756348,55.0,0.2311029411764706,240.79232788085938,247
IceDancing/v_IceDancing_g05_c03.avi,4.7373247146606445,5.487427711486816,53.0,0.16,122.09700775146484,241
IceDancing/v_IceDancing_g05_c04.avi,5.058058738708496,4.831291198730469,31.0,0.18659926470588234,101.37428283691406,242
IceDancing/v_IceDancing_g05_c05.avi,5.301785469055176,6.010490417480469,28.0,0.26378676470588236,97.1656494140625,242
IceDancing/v_IceDancing_g05_c06.avi,4.796004772186279,4.6467437744140625,22.0,0.24790441176470587,104.2938003540039,242
IceDancing/v_IceDancing_g06_c01.avi,9.487874031066895,17.689538955688477,237.01898193359375,0.22890395220588236,184.750732421875,187
IceDancing/v_IceDancing_g06_c02.avi,7.871735572814941,9.786684036254883,66.0,0.20216222426470587,207.87832641601562,248
IceDancing/v_IceDancing_g06_c03.avi,11.080117225646973,17.60011863708496,132.0,0.1228952205882353,214.5929718017578,247
IceDancing/v_IceDancing_g06_c04.avi,15.138649940490723,18.541770935058594,127.00393676757812,0.109375,280.634765625,247
IceDancing/v_IceDancing_g06_c05.avi,19.597211837768555,29.820114135742188,277.08843994140625,0.06333180147058824,506.52191162109375,232
IceDancing/v_IceDancing_g06_c06.avi,3.7910408973693848,5.958640098571777,67.62396240234375,0.2056985294117647,268.408935546875,251
IceDancing/v_IceDancing_g07_c01.avi,7.301448822021484,13.323521614074707,78.58753204345703,0.4027987132352941,249.98788452148438,260
IceDancing/v_IceDancing_g07_c02.avi,4.111093997955322,9.742470741271973,117.1067886352539,0.41856158088235296,268.9104309082031,265
IceDancing/v_IceDancing_g07_c03.avi,15.720315933227539,25.34536361694336,179.00279235839844,0.1448046875,271.7338562011719,260
IceDancing/v_IceDancing_g07_c04.avi,22.083946228027344,27.6767520904541,134.01492309570312,0.10794806985294117,416.99285888671875,229
IceDancing/v_IceDancing_g07_c05.avi,4.753539085388184,4.939555644989014,25.079872131347656,0.23264935661764705,86.40460205078125,244
IceDancing/v_IceDancing_g07_c06.avi,19.210094451904297,23.255168914794922,111.44953918457031,0.08881893382352941,323.7571716308594,255
IceDancing/v_IceDancing_g07_c07.avi,7.299602031707764,10.265572547912598,91.59148406982422,0.17689568014705884,279.8561096191406,254
JavelinThrow/v_JavelinThrow_g01_c01.avi,25.07590103149414,28.27985191345215,120.35364532470703,0.021433823529411766,569.2103271484375,119
JavelinThrow/v_JavelinThrow_g01_c02.avi,17.318479537963867,19.15743637084961,90.42676544189453,0.09940257352941176,364.746826171875,143
JavelinThrow/v_JavelinThrow_g01_c03.avi,9.655539512634277,8.413352966308594,35.0142822265625,0.019163602941176472,226.61038208007812,138
JavelinThrow/v_JavelinThrow_g01_c04.avi,14.411648750305176,15.286578178405762,77.41446685791016,0.2212362132352941,284.95806884765625,109
JavelinThrow/v_JavelinThrow_g02_c01.avi,5.169414520263672,7.9778876304626465,64.07027435302734,0.37039751838235296,28.640268325805664,70
JavelinThrow/v_JavelinThrow_g02_c02.avi,3.341723918914795,4.57631778717041,41.30375289916992,0.3833754595588235,40.500083923339844,110
JavelinThrow/v_JavelinThrow_g02_c03.avi,7.745049476623535,12.217111587524414,64.1248779296875,0.36030101102941176,123.45863342285156,80
JavelinThrow/v_JavelinThrow_g02_c04.avi,4.1009521484375,5.826291084289551,49.01020431518555,0.3667693014705882,100.4289321899414,141
JavelinThrow/v_JavelinThrow_g03_c01.avi,17.035030364990234,27.107900619506836,180.0,0.2943106617647059,196.93096923828125,145
JavelinThrow/v_JavelinThrow_g03_c02.avi,34.881351470947266,38.629791259765625,202.02227783203125,0.1108157169117647,412.9698791503906,150
JavelinThrow/v_JavelinThrow_g03_c03.avi,22.682348251342773,22.754758834838867,123.58397674560547,0.05176930147058824,228.525146484375,130
JavelinThrow/v_JavelinThrow_g03_c04.avi,29.789220809936523,34.30786895751953,134.64768981933594,0.20129595588235294,1663.877685546875,60
JavelinThrow/v_JavelinThrow_g04_c01.avi,17.51508140563965,24.675806045532227,162.308349609375,0.04549172794117647,403.83056640625,131
JavelinThrow/v_JavelinThrow_g04_c02.avi,5.9027204513549805,6.032014846801758,60.008331298828125,0.16582720588235295,103.76795959472656,166
JavelinThrow/v_JavelinThrow_g04_c03.avi,3.896825075149536,5.987521648406982,48.50773239135742,0.3751470588235294,96.7725601196289,122
JavelinThrow/v_JavelinThrow_g04_c04.avi,24.061771392822266,27.61465072631836,135.0592498779297,0.06155101102941177,828.8533325195312,119
JavelinThrow/v_JavelinThrow_g05_c01.avi,9.930168151855469,10.003578186035156,44.04542922973633,0.2398736213235294,107.58348083496094,70
JavelinThrow/v_JavelinThrow_g05_c02.avi,18.475099563598633,18.111194610595703,74.3303451538086,0.11965762867647059,208.65609741210938,87
JavelinThrow/v_JavelinThrow_g05_c03.avi,14.822931289672852,22.02828598022461,78.0,0.2694301470588235,217.93344116210938,97
JavelinThrow/v_JavelinThrow_g05_c04.avi,8.80511474609375,12.1629638671875,62.96824645996094,0.23052389705882353,236.18722534179688,158
JavelinThrow/v_JavelinThrow_g05_c05.avi,17.58997344970703,19.36475372314453,82.73451232910156,0.08146139705882353,249.63821411132812,80
JavelinThrow/v_JavelinThrow_g05_c06.avi,15.16517162322998,16.345916748046875,62.032249450683594,0.17885110294117648,144.47610473632812,50
JavelinThrow/v_JavelinThrow_g06_c01.avi,11.628530502319336,18.695890426635742,111.44953918457031,0.27108226102941174,956.0803833007812,155
JavelinThrow/v_JavelinThrow_g06_c02.avi,23.086536407470703,31.079858779907227,214.00933837890625,0.2852205882352941,900.8816528320312,162
JavelinThrow/v_JavelinThrow_g06_c03.avi,22.215608596801758,30.579965591430664,147.27525329589844,0.22711167279411765,907.8517456054688,141
JavelinThrow/v_JavelinThrow_g06_c04.avi,31.05878257751465,43.44165802001953,338.47894287109375,0.16190716911764705,1001.3983154296875,134
JavelinThrow/v_JavelinThrow_g07_c01.avi,6.47883939743042,8.25512981414795,48.010414123535156,0.16665670955882353,136.47561645507812,76
JavelinThrow/v_JavelinThrow_g07_c02.avi,17.34391212463379,12.955265998840332,61.0,0.03957261029411765,216.09457397460938,59
JavelinThrow/v_JavelinThrow_g07_c03.avi,1.9488518238067627,2.012103319168091,16.0,0.2893014705882353,27.926013946533203,65
JavelinThrow/v_JavelinThrow_g07_c04.avi,5.948388576507568,5.732468605041504,53.600372314453125,0.16158318014705883,201.09408569335938,89
JavelinThrow/v_JavelinThrow_g07_c05.avi,12.146941184997559,12.892538070678711,61.98386764526367,0.17235064338235295,147.46768188476562,71
JugglingBalls/v_JugglingBalls_g01_c01.avi,0.1343688815832138,0.8678614497184753,23.76972770690918,0.9475367647058823,61.081207275390625,256
JugglingBalls/v_JugglingBalls_g01_c02.avi,0.12028780579566956,0.8236340880393982,15.033296585083008,0.9613970588235294,68.67977905273438,247
JugglingBalls/v_JugglingBalls_g01_c03.avi,0.11826673895120621,0.8547160625457764,18.11077117919922,0.9591911764705883,59.092742919921875,250
JugglingBalls/v_JugglingBalls_g01_c04.avi,0.029335077852010727,0.2593538761138916,4.242640495300293,0.9832720588235294,21.789073944091797,244
JugglingBalls/v_JugglingBalls_g02_c01.avi,1.8214997053146362,3.968378782272339,51.4781494140625,0.4665739889705882,98.33515930175781,246
JugglingBalls/v_JugglingBalls_g02_c02.avi,2.397765636444092,4.359772682189941,47.53945541381836,0.3705951286764706,153.94583129882812,252
JugglingBalls/v_JugglingBalls_g02_c03.avi,1.758807897567749,3.59731125831604,42.54409408569336,0.5240004595588236,138.98599243164062,247
JugglingBalls/v_JugglingBalls_g02_c04.avi,1.6111871004104614,3.3391525745391846,49.0,0.48562270220588233,101.45869445800781,246
JugglingBalls/v_JugglingBalls_g02_c05.avi,1.7053720951080322,4.652660369873047,71.02112579345703,0.5944117647058823,173.4694366455078,246
JugglingBalls/v_JugglingBalls_g02_c06.avi,2.3940494060516357,5.368386745452881,62.169124603271484,0.4986328125,202.17721557617188,252
JugglingBalls/v_JugglingBalls_g03_c01.avi,1.3788644075393677,4.389099597930908,65.03076171875,0.72453125,243.28652954101562,262
JugglingBalls/v_JugglingBalls_g03_c02.avi,1.2057857513427734,4.091891765594482,52.15361785888672,0.745436580882353,185.22225952148438,248
JugglingBalls/v_JugglingBalls_g03_c03.avi,1.5019868612289429,4.782163143157959,72.94518280029297,0.7075,256.65557861328125,252
JugglingBalls/v_JugglingBalls_g03_c04.avi,1.2241708040237427,3.971254348754883,54.37830352783203,0.7538235294117647,223.02304077148438,255
JugglingBalls/v_JugglingBalls_g03_c05.avi,0.9605315923690796,3.4342267513275146,55.865909576416016,0.7385087316176471,159.50790405273438,275
JugglingBalls/v_JugglingBalls_g03_c06.avi,1.1963626146316528,4.113012790679932,67.6830825805664,0.7488258272058823,283.536865234375,256
JugglingBalls/v_JugglingBalls_g03_c07.avi,1.9314254522323608,5.156848430633545,71.19690704345703,0.6472840073529412,321.2340087890625,268
JugglingBalls/v_JugglingBalls_g04_c01.avi,0.7369299530982971,2.206467390060425,34.01470184326172,0.7361833639705883,131.92593383789062,259
JugglingBalls/v_JugglingBalls_g04_c02.avi,1.206784725189209,3.1948137283325195,38.07886505126953,0.6643060661764706,167.84170532226562,252
JugglingBalls/v_JugglingBalls_g04_c03.avi,0.4386603534221649,1.2290538549423218,12.165525436401367,0.8096139705882353,48.895957946777344,245
JugglingBalls/v_JugglingBalls_g04_c04.avi,0.8464970588684082,2.2569210529327393,29.068883895874023,0.7008249080882353,95.05768585205078,248
JugglingBalls/v_JugglingBalls_g04_c05.avi,0.7614216208457947,1.9071279764175415,33.95585250854492,0.7055261948529412,129.3968963623047,254
JugglingBalls/v_JugglingBalls_g05_c01.avi,0.8958621621131897,2.6808972358703613,31.016124725341797,0.7444852941176471,72.22177124023438,242
JugglingBalls/v_JugglingBalls_g05_c02.avi,4.0091938972473145,7.095559120178223,67.91170501708984,0.4554549632352941,352.74517822265625,240
JugglingBalls/v_JugglingBalls_g05_c03.avi,0.6573781967163086,2.1995370388031006,23.853721618652344,0.8060294117647059,51.8492317199707,243
JugglingBalls/v_JugglingBalls_g05_c04.avi,3.063455581665039,5.474522590637207,65.14598846435547,0.4425160845588235,298.114013671875,253
JugglingBalls/v_JugglingBalls_g05_c05.avi,2.4133002758026123,5.734078407287598,63.90618133544922,0.615085018382353,221.9371795654297,259
JugglingBalls/v_JugglingBalls_g06_c01.avi,1.6510264873504639,3.1876156330108643,36.49657440185547,0.5415877757352942,37.89893341064453,255
JugglingBalls/v_JugglingBalls_g06_c02.avi,2.697270154953003,4.863741397857666,46.010868072509766,0.4323207720588235,71.2038345336914,239
JugglingBalls/v_JugglingBalls_g06_c03.avi,1.5333551168441772,3.148085594177246,31.764760971069336,0.5577435661764706,41.58966064453125,256
JugglingBalls/v_JugglingBalls_g06_c04.avi,2.0254359245300293,3.6108570098876953,34.71310806274414,0.4797702205882353,56.05046463012695,251
JugglingBalls/v_JugglingBalls_g06_c05.avi,2.6003100872039795,4.989530086517334,56.080299377441406,0.4778469669117647,57.810279846191406,237
JugglingBalls/v_JugglingBalls_g06_c06.avi,1.7810317277908325,3.779287338256836,47.29693603515625,0.5624540441176471,49.00620651245117,255
JugglingBalls/v_JugglingBalls_g07_c01.avi,5.760321617126465,9.172773361206055,85.79627227783203,0.2965510110294118,411.63800048828125,252
JugglingBalls/v_JugglingBalls_g07_c02.avi,5.489058017730713,8.396321296691895,72.11102294921875,0.3098345588235294,318.44598388671875,260
JugglingBalls/v_JugglingBalls_g07_c03.avi,1.8672564029693604,2.9444689750671387,31.320919036865234,0.4405514705882353,121.1654281616211,245
JugglingBalls/v_JugglingBalls_g07_c04.avi,4.050116539001465,6.81522798538208,56.080299377441406,0.3747702205882353,228.7938690185547,249
JugglingBalls/v_JugglingBalls_g07_c05.avi,2.8298449516296387,4.0736846923828125,38.41874694824219,0.35125,174.33322143554688,247
JugglingBalls/v_JugglingBalls_g07_c06.avi,4.681771755218506,6.463747501373291,60.530982971191406,0.28570542279411765,253.91842651367188,246
JugglingBalls/v_JugglingBalls_g07_c07.avi,6.398934841156006,9.535277366638184,79.88116455078125,0.29285845588235293,349.453125,251
JumpingJack/v_JumpingJack_g01_c01.avi,1.3486995697021484,3.881026029586792,37.0,0.6999333639705883,46.11263656616211,92
JumpingJack/v_JumpingJack_g01_c02.avi,1.8658382892608643,4.545701503753662,53.0,0.639850643382353,85.55342102050781,90
JumpingJack/v_JumpingJack_g01_c03.avi,1.3223180770874023,3.538525104522705,36.0,0.6880836397058824,43.20602035522461,91
JumpingJack/v_JumpingJack_g01_c04.avi,1.8091635704040527,4.138152599334717,45.39823913574219,0.6339751838235295,116.16426086425781,88
JumpingJack/v_JumpingJack_g01_c05.avi,1.865295171737671,4.562107086181641,55.009090423583984,0.6529825367647059,115.20304870605469,88
JumpingJack/v_JumpingJack_g01_c06.avi,1.8840323686599731,4.508736610412598,51.0,0.6455032169117647,115.81632995605469,87
JumpingJack/v_JumpingJack_g01_c07.avi,1.8184198141098022,4.443611145019531,56.32051086425781,0.6361121323529412,78.54888153076172,88
JumpingJack/v_JumpingJack_g02_c01.avi,1.1713346242904663,3.4638993740081787,57.9741325378418,0.736360294117647,118.2098388671875,62
JumpingJack/v_JumpingJack_g02_c02.avi,1.1031302213668823,2.6685492992401123,33.12099075317383,0.7375735294117647,121.3682632446289,62
JumpingJack/v_JumpingJack_g02_c03.avi,3.7381467819213867,7.992181301116943,57.314918518066406,0.6776332720588235,497.4624938964844,100
JumpingJack/v_JumpingJack_g02_c04.avi,2.9159796237945557,6.842362880706787,65.03076171875,0.696875,368.63153076171875,93
JumpingJack/v_JumpingJack_g03_c01.avi,9.149649620056152,13.986503601074219,121.07848358154297,0.501295955882353,560.7952880859375,55
JumpingJack/v_JumpingJack_g03_c02.avi,10.072426795959473,15.310803413391113,83.6779556274414,0.5321139705882353,582.5100708007812,87
JumpingJack/v_JumpingJack_g03_c03.avi,7.403275489807129,13.057531356811523,88.7524642944336,0.5677251838235294,384.7459716796875,84
JumpingJack/v_JumpingJack_g03_c04.avi,5.193810939788818,9.619414329528809,82.2192153930664,0.5910983455882353,368.4592590332031,83
JumpingJack/v_JumpingJack_g04_c01.avi,2.604034662246704,5.021205902099609,43.0,0.4774172794117647,299.6969909667969,53
JumpingJack/v_JumpingJack_g04_c02.avi,2.625962257385254,3.8158531188964844,42.0,0.3194140625,205.9786376953125,77
JumpingJack/v_JumpingJack_g04_c03.avi,1.494865894317627,2.6901283264160156,32.06243896484375,0.4934237132352941,148.96963500976562,79
JumpingJack/v_JumpingJack_g04_c04.avi,1.8634593486785889,3.403416633605957,51.0,0.4356686580882353,224.46435546875,84
JumpingJack/v_JumpingJack_g05_c01.avi,1.0187625885009766,2.9099206924438477,34.525352478027344,0.7665326286764705,64.1002197265625,80
JumpingJack/v_JumpingJack_g05_c02.avi,1.0628490447998047,3.295456886291504,60.20797348022461,0.7699264705882353,76.63972473144531,81
JumpingJack/v_JumpingJack_g05_c03.avi,2.2097790241241455,6.301255702972412,73.17103576660156,0.7378308823529411,155.11251831054688,99
JumpingJack/v_JumpingJack_g05_c04.avi,0.9718533158302307,2.8220202922821045,32.24903106689453,0.7624908088235294,75.09574890136719,80
JumpingJack/v_JumpingJack_g05_c05.avi,1.290477991104126,4.048327445983887,51.6623649597168,0.7688648897058824,111.4245834350586,78
JumpingJack/v_JumpingJack_g05_c06.avi,1.1994785070419312,3.7398152351379395,54.7448616027832,0.7619577205882353,68.21929931640625,81
JumpingJack/v_JumpingJack_g06_c01.avi,0.9384989142417908,3.0460026264190674,27.784887313842773,0.85671875,228.4235076904297,70
JumpingJack/v_JumpingJack_g06_c02.avi,1.1536959409713745,3.5343518257141113,44.14748001098633,0.8399632352941176,379.9064636230469,71
JumpingJack/v_JumpingJack_g06_c03.avi,1.5505579710006714,2.849306344985962,30.364452362060547,0.5236994485294117,674.8477783203125,78
JumpingJack/v_JumpingJack_g06_c04.avi,0.4074445366859436,1.6602421998977661,31.78049659729004,0.8878791360294118,229.0405731201172,72
JumpingJack/v_JumpingJack_g06_c05.avi,0.7517091035842896,2.459974527359009,26.570659637451172,0.8594209558823529,244.24331665039062,69
JumpingJack/v_JumpingJack_g06_c06.avi,1.0659857988357544,3.3672878742218018,34.525352478027344,0.842578125,334.54937744140625,71
JumpingJack/v_JumpingJack_g06_c07.avi,0.09813997894525528,0.6073697209358215,11.313708305358887,0.9520588235294117,39.437347412109375,65
JumpingJack/v_JumpingJack_g07_c01.avi,1.7789034843444824,5.092565536499023,65.94694519042969,0.6485454963235294,124.68440246582031,87
JumpingJack/v_JumpingJack_g07_c02.avi,1.1808853149414062,3.8230433464050293,57.42821502685547,0.7053699448529411,86.32327270507812,83
JumpingJack/v_JumpingJack_g07_c03.avi,1.026200294494629,3.225796699523926,66.91038513183594,0.6927642463235294,72.06902313232422,83
JumpingJack/v_JumpingJack_g07_c04.avi,1.6222093105316162,4.696968078613281,70.93659210205078,0.6619209558823529,112.35041809082031,86
JumpingJack/v_JumpingJack_g07_c05.avi,1.6315205097198486,4.697925090789795,62.585941314697266,0.6581272977941176,113.8770751953125,87
JumpRope/v_JumpRope_g01_c01.avi,2.7419981956481934,7.185710430145264,77.05841827392578,0.44994944852941177,182.3296661376953,256
JumpRope/v_JumpRope_g01_c02.avi,4.530045032501221,7.569401741027832,99.04039764404297,0.3014820772058823,395.3214416503906,267
JumpRope/v_JumpRope_g01_c03.avi,2.663898229598999,6.258790016174316,65.0,0.4902182904411765,197.1757354736328,345
JumpRope/v_JumpRope_g01_c04.avi,3.1589877605438232,5.836472511291504,62.00806427001953,0.2948483455882353,234.4296417236328,205
JumpRope/v_JumpRope_g02_c01.avi,0.8393168449401855,2.2200772762298584,27.892650604248047,0.7685363051470588,128.76353454589844,447
JumpRope/v_JumpRope_g02_c02.avi,0.349825382232666,1.0803276300430298,16.124515533447266,0.8515073529411765,34.27922821044922,482
JumpRope/v_JumpRope_g02_c03.avi,1.1886245012283325,3.0468242168426514,24.0,0.7438579963235294,159.6160888671875,491
JumpRope/v_JumpRope_g02_c04.avi,0.7388567924499512,2.036987543106079,19.02629852294922,0.7692876838235294,100.43999481201172,499
JumpRope/v_JumpRope_g02_c05.avi,0.7505218386650085,2.1471593379974365,28.319604873657227,0.7910248161764706,112.50086975097656,500
JumpRope/v_JumpRope_g02_c06.avi,0.6005589962005615,1.7684133052825928,30.675724029541016,0.7945243566176471,80.24866485595703,499
JumpRope/v_JumpRope_g02_c07.avi,1.0860470533370972,3.136667251586914,44.59820556640625,0.7560248161764705,167.29434204101562,509
JumpRope/v_JumpRope_g03_c01.avi,1.3986802101135254,2.887545347213745,25.079872131347656,0.5868612132352942,103.6241226196289,293
JumpRope/v_JumpRope_g03_c02.avi,0.3405427038669586,0.8755593299865723,12.041594505310059,0.8072426470588235,19.0723934173584,304
JumpRope/v_JumpRope_g03_c03.avi,1.0082433223724365,2.5313665866851807,48.010414123535156,0.6628814338235294,115.66423034667969,293
JumpRope/v_JumpRope_g03_c04.avi,0.8474695682525635,1.8335373401641846,19.0,0.6589016544117647,94.89262390136719,315
JumpRope/v_JumpRope_g04_c01.avi,0.49377158284187317,1.4692033529281616,18.027755737304688,0.8093221507352941,95.20317840576172,497
JumpRope/v_JumpRope_g04_c02.avi,0.5176073908805847,1.6035205125808716,16.155494689941406,0.8006985294117647,81.18061828613281,527
JumpRope/v_JumpRope_g04_c03.avi,0.35471174120903015,1.2270934581756592,15.033296585083008,0.8374264705882353,54.59894561767578,488
JumpRope/v_JumpRope_g04_c04.avi,0.35390588641166687,1.5388259887695312,16.76305389404297,0.8860294117647058,81.30650329589844,545
JumpRope/v_JumpRope_g04_c05.avi,0.6592684388160706,1.774006724357605,18.973665237426758,0.7776769301470589,135.73651123046875,479
JumpRope/v_JumpRope_g04_c06.avi,1.0104234218597412,2.610525369644165,28.44292449951172,0.7454549632352941,223.09432983398438,536
JumpRope/v_JumpRope_g04_c07.avi,0.8573493957519531,2.7873923778533936,34.928497314453125,0.7949563419117647,152.97714233398438,517
JumpRope/v_JumpRope_g05_c01.avi,2.6501238346099854,3.6196389198303223,33.060550689697266,0.26884880514705883,45.67597961425781,621
JumpRope/v_JumpRope_g05_c02.avi,1.7435877323150635,2.552049398422241,28.0,0.37826516544117644,39.82474136352539,619
JumpRope/v_JumpRope_g05_c03.avi,2.328624963760376,3.314749002456665,27.0,0.36426470588235293,35.699214935302734,617
JumpRope/v_JumpRope_g05_c04.avi,3.0706748962402344,4.399827480316162,37.013511657714844,0.24589154411764705,58.54143142700195,613
JumpRope/v_JumpRope_g05_c05.avi,2.122396469116211,2.8316404819488525,28.160255432128906,0.3361856617647059,38.515499114990234,623
JumpRope/v_JumpRope_g06_c01.avi,5.852283477783203,7.705714225769043,71.58910369873047,0.2116107536764706,198.0577850341797,386
JumpRope/v_JumpRope_g06_c02.avi,5.167039394378662,8.940815925598145,59.36328887939453,0.40863970588235293,76.81714630126953,377
JumpRope/v_JumpRope_g06_c03.avi,5.834066390991211,5.765585899353027,52.345008850097656,0.049533547794117644,138.4275665283203,354
JumpRope/v_JumpRope_g06_c04.avi,4.436666488647461,4.718344211578369,45.343135833740234,0.060448069852941176,102.05299377441406,357
JumpRope/v_JumpRope_g06_c05.avi,2.0746779441833496,2.359437942504883,15.132745742797852,0.2151700367647059,37.265350341796875,365
JumpRope/v_JumpRope_g07_c01.avi,4.2761993408203125,6.6422119140625,47.0,0.3326999080882353,292.0059509277344,395
JumpRope/v_JumpRope_g07_c02.avi,2.3673288822174072,3.748833417892456,31.0,0.44957720588235295,124.25101470947266,365
JumpRope/v_JumpRope_g07_c03.avi,5.437652587890625,6.973000526428223,86.00581359863281,0.13530560661764707,378.633056640625,387
JumpRope/v_JumpRope_g07_c04.avi,7.3080854415893555,7.322940826416016,66.0302963256836,0.10194623161764706,505.86785888671875,357
JumpRope/v_JumpRope_g07_c05.avi,6.181390762329102,8.589524269104004,113.0177001953125,0.1262545955882353,313.7555847167969,342
JumpRope/v_JumpRope_g07_c06.avi,4.98701286315918,6.154021263122559,65.0076904296875,0.2044623161764706,350.3598327636719,402
Kayaking/v_Kayaking_g01_c01.avi,3.169912338256836,5.16353178024292,64.49806213378906,0.3167279411764706,287.09222412109375,228
Kayaking/v_Kayaking_g01_c02.avi,9.801319122314453,15.2764253616333,92.26592254638672,0.26407858455882355,407.47125244140625,191
Kayaking/v_Kayaking_g01_c03.avi,4.969265460968018,5.418062686920166,30.0,0.26668887867647056,222.31570434570312,186
Kayaking/v_Kayaking_g01_c04.avi,2.9536993503570557,3.694247245788574,34.36568069458008,0.3174655330882353,146.1595001220703,187
Kayaking/v_Kayaking_g01_c05.avi,2.749077320098877,4.456061840057373,46.010868072509766,0.4194875919117647,262.80322265625,200
Kayaking/v_Kayaking_g01_c06.avi,3.2931199073791504,6.0376482009887695,61.0,0.3741130514705882,222.55508422851562,197
Kayaking/v_Kayaking_g02_c01.avi,2.0305893421173096,4.340217590332031,56.40035629272461,0.4900643382352941,333.9595642089844,197
Kayaking/v_Kayaking_g02_c02.avi,2.658205032348633,4.936441898345947,51.35172653198242,0.6453676470588235,170.37396240234375,213
Kayaking/v_Kayaking_g02_c03.avi,8.753179550170898,13.241397857666016,80.11241912841797,0.34472886029411764,729.7960815429688,180
Kayaking/v_Kayaking_g02_c04.avi,11.106507301330566,14.736611366271973,104.80458068847656,0.17982536764705884,785.30419921875,180
Kayaking/v_Kayaking_g03_c01.avi,7.951157569885254,8.144038200378418,66.4680404663086,0.08326516544117647,378.3982849121094,162
Kayaking/v_Kayaking_g03_c02.avi,8.06827449798584,8.836472511291504,68.60028839111328,0.14201976102941177,386.051513671875,165
Kayaking/v_Kayaking_g03_c03.avi,6.010557651519775,8.426305770874023,64.62197875976562,0.18164751838235293,333.1560363769531,161
Kayaking/v_Kayaking_g03_c04.avi,7.8641886711120605,7.644430637359619,62.801273345947266,0.1095657169117647,450.8023986816406,186
Kayaking/v_Kayaking_g04_c01.avi,7.799983978271484,7.149550437927246,48.87739944458008,0.16900045955882353,651.2796630859375,208
Kayaking/v_Kayaking_g04_c02.avi,13.132979393005371,12.3776273727417,123.0162582397461,0.02905560661764706,829.0964965820312,236
Kayaking/v_Kayaking_g04_c03.avi,14.55436897277832,13.138101577758789,83.72574615478516,0.07696461397058824,562.378662109375,180
Kayaking/v_Kayaking_g04_c04.avi,13.560829162597656,13.679495811462402,76.10519409179688,0.2064154411764706,382.9818420410156,210
Kayaking/v_Kayaking_g04_c05.avi,4.659487724304199,5.582437515258789,24.351591110229492,0.2294140625,661.8659057617188,190
Kayaking/v_Kayaking_g04_c06.avi,3.6587717533111572,2.887721061706543,24.041629791259766,0.17348345588235295,439.835205078125,184
Kayaking/v_Kayaking_g04_c07.avi,6.29184103012085,6.252379894256592,26.0,0.14220358455882354,888.81787109375,186
Kayaking/v_Kayaking_g05_c01.avi,2.190394163131714,3.2185146808624268,22.360679626464844,0.43769761029411763,52.56874465942383,184
Kayaking/v_Kayaking_g05_c02.avi,9.3416748046875,10.747260093688965,65.6201171875,0.21060202205882353,217.27401733398438,180
Kayaking/v_Kayaking_g05_c03.avi,2.163987636566162,4.21561861038208,30.08321762084961,0.5036948529411764,180.72854614257812,182
Kayaking/v_Kayaking_g05_c04.avi,1.6220430135726929,2.3689823150634766,17.492855072021484,0.46021369485294117,127.7750473022461,184
Kayaking/v_Kayaking_g06_c01.avi,21.97108268737793,25.70030403137207,137.5245361328125,0.16867417279411764,760.1815795898438,150
Kayaking/v_Kayaking_g06_c02.avi,13.747766494750977,16.312265396118164,120.93386840820312,0.19960477941176472,640.15185546875,162
Kayaking/v_Kayaking_g06_c03.avi,16.818941116333008,21.448041915893555,126.84636688232422,0.29931295955882353,797.4627685546875,150
Kayaking/v_Kayaking_g06_c04.avi,11.502555847167969,15.689897537231445,105.57461547851562,0.2578079044117647,443.13616943359375,154
Kayaking/v_Kayaking_g06_c05.avi,4.918146133422852,6.549994468688965,48.093658447265625,0.2363327205882353,209.5392608642578,155
Kayaking/v_Kayaking_g06_c06.avi,10.093876838684082,11.365519523620605,74.02702331542969,0.18361672794117648,427.5123596191406,160
Kayaking/v_Kayaking_g06_c07.avi,16.33047866821289,19.920984268188477,110.22250366210938,0.16766773897058823,531.64208984375,150
Kayaking/v_Kayaking_g07_c01.avi,11.413046836853027,9.487260818481445,61.61168670654297,0.18288832720588236,337.4056091308594,176
Kayaking/v_Kayaking_g07_c02.avi,14.080768585205078,13.902997970581055,97.80081939697266,0.08634880514705882,532.9473876953125,165
Kayaking/v_Kayaking_g07_c03.avi,31.064682006835938,27.491552352905273,110.22250366210938,0.03894301470588235,700.6392822265625,158
Kayaking/v_Kayaking_g07_c04.avi,8.65181827545166,11.592229843139648,59.00847244262695,0.16644301470588235,121.14341735839844,151
Knitting/v_Knitting_g01_c01.avi,6.765127658843994,8.17239761352539,55.46169662475586,0.11232766544117648,220.4087677001953,265
Knitting/v_Knitting_g01_c02.avi,11.752959251403809,10.72758674621582,63.158531188964844,0.07229779411764706,406.8583679199219,239
Knitting/v_Knitting_g01_c03.avi,11.924333572387695,20.703073501586914,207.2920684814453,0.15393382352941176,427.9956970214844,274
Knitting/v_Knitting_g01_c04.avi,15.381717681884766,23.39506721496582,156.01602172851562,0.10181066176470588,486.4755859375,189
Knitting/v_Knitting_g02_c01.avi,11.609070777893066,13.730438232421875,114.54693603515625,0.037065716911764704,473.069580078125,232
Knitting/v_Knitting_g02_c02.avi,16.54987907409668,30.098970413208008,220.65811157226562,0.08672794117647059,1311.92041015625,217
Knitting/v_Knitting_g02_c03.avi,8.377142906188965,7.770360469818115,47.50789260864258,0.0904779411764706,140.41622924804688,257
Knitting/v_Knitting_g02_c04.avi,8.302779197692871,11.413826942443848,74.46475982666016,0.10722196691176471,267.1861877441406,200
Knitting/v_Knitting_g02_c05.avi,8.51932430267334,8.606871604919434,60.464866638183594,0.04900735294117647,359.8948974609375,239
Knitting/v_Knitting_g03_c01.avi,5.4111738204956055,8.213327407836914,61.55485534667969,0.2842003676470588,334.9955139160156,215
Knitting/v_Knitting_g03_c02.avi,1.7648460865020752,2.3822085857391357,17.804492950439453,0.40354090073529414,124.54936218261719,243
Knitting/v_Knitting_g03_c03.avi,5.50393533706665,6.678619861602783,55.44366455078125,0.2016061580882353,433.20062255859375,255
Knitting/v_Knitting_g03_c04.avi,7.136518955230713,9.375877380371094,55.3263053894043,0.234140625,606.9618530273438,235
Knitting/v_Knitting_g03_c05.avi,3.537778377532959,5.036149024963379,36.12478256225586,0.2851355698529412,254.37802124023438,211
Knitting/v_Knitting_g04_c01.avi,1.5825892686843872,2.8010990619659424,30.0,0.5178239889705882,107.2420654296875,221
Knitting/v_Knitting_g04_c02.avi,2.5111491680145264,5.250606536865234,54.08327102661133,0.5588373161764706,205.1394500732422,230
Knitting/v_Knitting_g04_c03.avi,2.521437644958496,4.894996166229248,40.804412841796875,0.5283363970588235,205.30862426757812,225
Knitting/v_Knitting_g04_c04.avi,3.6450235843658447,6.5416083335876465,68.60028839111328,0.46571001838235293,288.44696044921875,239
Knitting/v_Knitting_g04_c05.avi,2.4241859912872314,4.847458362579346,47.67599105834961,0.5520358455882353,170.89866638183594,219
Knitting/v_Knitting_g04_c06.avi,1.2883398532867432,2.049647808074951,18.0,0.5130445772058824,73.26670837402344,246
Knitting/v_Knitting_g05_c01.avi,7.868206024169922,12.179153442382812,110.04090118408203,0.2896185661764706,340.767822265625,252
Knitting/v_Knitting_g05_c02.avi,7.316874980926514,10.195232391357422,103.353759765625,0.2789361213235294,449.9786682128906,264
Knitting/v_Knitting_g05_c03.avi,3.9426512718200684,8.11057186126709,90.02777099609375,0.4451171875,259.5076904296875,262
Knitting/v_Knitting_g05_c04.avi,2.0062994956970215,6.405797004699707,83.09632873535156,0.5698345588235294,109.17388916015625,273
Knitting/v_Knitting_g05_c05.avi,3.2348287105560303,9.568965911865234,108.78418731689453,0.7013419117647058,195.21334838867188,245
Knitting/v_Knitting_g06_c01.avi,2.6117894649505615,5.402364253997803,47.6340217590332,0.6055238970588235,205.19052124023438,219
Knitting/v_Knitting_g06_c02.avi,1.9881482124328613,4.842556476593018,43.382022857666016,0.6449931066176471,190.5258026123047,285
Knitting/v_Knitting_g06_c03.avi,5.921707630157471,13.175325393676758,107.93516540527344,0.6100022977941176,291.0955505371094,140
Knitting/v_Knitting_g06_c04.avi,2.988501787185669,6.832963466644287,51.0,0.6693267463235294,209.75009155273438,110
Knitting/v_Knitting_g07_c01.avi,7.922447204589844,8.777485847473145,69.35416412353516,0.1431112132352941,653.1273193359375,233
Knitting/v_Knitting_g07_c02.avi,2.850752353668213,4.345211982727051,41.1096076965332,0.34979319852941176,170.11740112304688,245
Knitting/v_Knitting_g07_c03.avi,7.808358192443848,10.088808059692383,86.53323364257812,0.17235523897058824,768.1594848632812,191
Knitting/v_Knitting_g07_c04.avi,9.596746444702148,11.075277328491211,94.76286315917969,0.14611443014705883,735.474609375,171
Knitting/v_Knitting_g07_c05.avi,8.145574569702148,9.705330848693848,58.215118408203125,0.20555376838235295,1005.4420166015625,214
LongJump/v_LongJump_g01_c01.avi,12.44579029083252,25.965791702270508,286.92333984375,0.36847886029411764,574.04931640625,142
LongJump/v_LongJump_g01_c02.avi,20.857187271118164,30.77593994140625,192.501953125,0.20982766544117648,881.8834228515625,177
LongJump/v_LongJump_g01_c03.avi,11.809117317199707,18.34184455871582,125.39936065673828,0.3639705882352941,400.08282470703125,141
LongJump/v_LongJump_g01_c04.avi,4.065009593963623,8.846646308898926,50.32891845703125,0.5472426470588235,93.32603454589844,125
LongJump/v_LongJump_g01_c05.avi,14.642268180847168,22.914052963256836,140.69825744628906,0.30280101102941176,674.5336303710938,152
LongJump/v_LongJump_g01_c06.avi,18.253219604492188,26.162458419799805,142.79005432128906,0.3070496323529412,608.4939575195312,98
LongJump/v_LongJump_g01_c07.avi,4.980117321014404,9.397189140319824,63.0,0.5752573529411765,137.24539184570312,122
LongJump/v_LongJump_g02_c01.avi,12.097262382507324,11.073530197143555,47.0,0.30958409926470587,307.67901611328125,109
LongJump/v_LongJump_g02_c02.avi,18.062002182006836,16.450632095336914,76.05918884277344,0.2981204044117647,434.560791015625,115
LongJump/v_LongJump_g02_c03.avi,10.100529670715332,14.666547775268555,64.0,0.4286420036764706,160.9276580810547,145
LongJump/v_LongJump_g02_c04.avi,20.718360900878906,18.796979904174805,78.10249328613281,0.15149816176470587,509.19818115234375,115
LongJump/v_LongJump_g02_c05.avi,16.33855438232422,18.027679443359375,78.00640869140625,0.1837637867647059,297.326171875,84
LongJump/v_LongJump_g03_c01.avi,0.696308970451355,1.7121617794036865,41.1096076965332,0.6129641544117647,312.66278076171875,73
LongJump/v_LongJump_g03_c02.avi,1.8248519897460938,4.3370585441589355,55.10898208618164,0.4133938419117647,476.2685546875,89
LongJump/v_LongJump_g03_c03.avi,0.6210874915122986,1.9949755668640137,34.48188018798828,0.7535179227941177,423.5286560058594,107
LongJump/v_LongJump_g03_c04.avi,1.3795851469039917,2.3406641483306885,23.706539154052734,0.6054296875,331.46099853515625,93
LongJump/v_LongJump_g03_c05.avi,2.4213619232177734,3.6120810508728027,51.400390625,0.3005951286764706,779.6644287109375,108
LongJump/v_LongJump_g03_c06.avi,2.179543972015381,2.7658684253692627,45.221675872802734,0.12629365808823528,570.6617431640625,96
LongJump/v_LongJump_g04_c01.avi,30.38726806640625,41.67830276489258,229.31419372558594,0.29257352941176473,493.147705078125,116
LongJump/v_LongJump_g04_c02.avi,14.045051574707031,25.232898712158203,146.76852416992188,0.32982077205882354,293.3753662109375,141
LongJump/v_LongJump_g04_c03.avi,12.41901683807373,25.248550415039062,158.11387634277344,0.3600482536764706,274.68572998046875,141
LongJump/v_LongJump_g04_c04.avi,2.8939218521118164,5.293006420135498,30.066593170166016,0.48106617647058825,168.88003540039062,125
LongJump/v_LongJump_g04_c05.avi,34.230281829833984,45.70158004760742,226.035400390625,0.3035041360294118,588.4918212890625,117
LongJump/v_LongJump_g04_c06.avi,20.86221694946289,37.66958236694336,232.04525756835938,0.30708869485294116,404.6123046875,150
LongJump/v_LongJump_g04_c07.avi,25.245838165283203,40.477867126464844,239.03347778320312,0.28818474264705884,558.7654418945312,118
LongJump/v_LongJump_g05_c01.avi,6.565957069396973,6.206465721130371,33.0151481628418,0.20172794117647058,386.5572204589844,110
LongJump/v_LongJump_g05_c02.avi,6.296247482299805,6.105349540710449,46.0,0.21165670955882354,345.0517883300781,91
LongJump/v_LongJump_g05_c03.avi,15.406417846679688,20.62462043762207,120.0,0.22375,766.1531982421875,133
LongJump/v_LongJump_g05_c04.avi,17.521221160888672,19.68302345275879,78.91767883300781,0.18759650735294117,828.5134887695312,131
LongJump/v_LongJump_g05_c05.avi,14.663169860839844,20.916290283203125,89.5600357055664,0.17022058823529412,651.18408203125,145
LongJump/v_LongJump_g06_c01.avi,16.345378875732422,24.26837921142578,119.00420379638672,0.18433823529411764,445.0094299316406,85
LongJump/v_LongJump_g06_c02.avi,16.717370986938477,21.213254928588867,88.1192398071289,0.17827205882352942,483.6376037597656,80
LongJump/v_LongJump_g06_c03.avi,19.838768005371094,27.467748641967773,132.96615600585938,0.41180836397058823,748.5393676757812,135
LongJump/v_LongJump_g06_c04.avi,2.982830286026001,3.0015993118286133,16.031219482421875,0.2330514705882353,73.23502349853516,125
LongJump/v_LongJump_g07_c01.avi,5.773381233215332,15.8359956741333,123.6850814819336,0.32871323529411767,283.632568359375,122
LongJump/v_LongJump_g07_c02.avi,7.915956020355225,12.437317848205566,56.035701751708984,0.18314568014705881,407.0469665527344,170
LongJump/v_LongJump_g07_c03.avi,17.829580307006836,18.07867431640625,69.065185546875,0.32710248161764705,555.133056640625,101
LongJump/v_LongJump_g07_c04.avi,18.543548583984375,29.343984603881836,191.3870391845703,0.24511029411764707,1240.8809814453125,81
LongJump/v_LongJump_g07_c05.avi,25.300479888916016,31.43063735961914,203.39370727539062,0.15543887867647058,1402.552001953125,117
Lunges/v_Lunges_g01_c01.avi,8.822830200195312,8.570788383483887,60.14149856567383,0.19866268382352942,534.984375,261
Lunges/v_Lunges_g01_c02.avi,15.0255708694458,14.7555513381958,84.92938232421875,0.03575367647058823,1157.083251953125,234
Lunges/v_Lunges_g01_c03.avi,5.0332818031311035,6.485240459442139,53.3104133605957,0.08542738970588236,576.2525634765625,225
Lunges/v_Lunges_g01_c04.avi,4.524598121643066,3.521118402481079,33.541019439697266,0.04322380514705882,542.806396484375,270
Lunges/v_Lunges_g01_c05.avi,5.983724594116211,5.590859889984131,38.05259704589844,0.03823299632352941,602.8118286132812,252
Lunges/v_Lunges_g01_c06.avi,7.527781963348389,6.982458114624023,36.2353401184082,0.13956341911764705,564.9859619140625,261
Lunges/v_Lunges_g01_c07.avi,9.04527473449707,7.799221515655518,44.72135925292969,0.20122931985294118,724.3450927734375,234
Lunges/v_Lunges_g02_c01.avi,4.265803813934326,8.683614730834961,97.00515747070312,0.2913625919117647,725.2012939453125,164
Lunges/v_Lunges_g02_c02.avi,3.4599103927612305,8.431097984313965,102.70345306396484,0.4633524816176471,646.1499633789062,167
Lunges/v_Lunges_g02_c03.avi,3.9938764572143555,8.760038375854492,70.49113464355469,0.3685638786764706,564.08544921875,157
Lunges/v_Lunges_g02_c04.avi,5.125461101531982,11.054783821105957,88.14192962646484,0.34096047794117645,906.1710205078125,176
Lunges/v_Lunges_g03_c01.avi,10.245938301086426,9.152738571166992,70.21395874023438,0.027711397058823528,563.0228271484375,253
Lunges/v_Lunges_g03_c02.avi,5.008368492126465,5.627555847167969,35.44009017944336,0.19607306985294118,284.2303771972656,247
Lunges/v_Lunges_g03_c03.avi,17.129749298095703,17.101947784423828,141.5097198486328,0.1666842830882353,900.1307373046875,234
Lunges/v_Lunges_g03_c04.avi,10.01966667175293,6.897681713104248,45.09988784790039,0.04276884191176471,684.9381103515625,251
Lunges/v_Lunges_g04_c01.avi,8.041055679321289,10.1575927734375,48.05205535888672,0.21877297794117648,245.4320068359375,261
Lunges/v_Lunges_g04_c02.avi,5.790957450866699,6.370711326599121,43.26661682128906,0.1551034007352941,245.06326293945312,259
Lunges/v_Lunges_g04_c03.avi,5.180720329284668,5.050552845001221,45.0111083984375,0.09552159926470588,155.54232788085938,247
Lunges/v_Lunges_g04_c04.avi,2.429842710494995,2.2645411491394043,14.21267032623291,0.21746323529411765,44.83695602416992,183
Lunges/v_Lunges_g05_c01.avi,21.28952407836914,24.957563400268555,112.36102294921875,0.03165441176470588,1226.4632568359375,238
Lunges/v_Lunges_g05_c02.avi,19.472484588623047,15.317370414733887,106.04244232177734,0.0591015625,678.0562744140625,254
Lunges/v_Lunges_g05_c03.avi,8.658863067626953,5.456199645996094,32.649654388427734,0.045464154411764705,307.986328125,216
Lunges/v_Lunges_g05_c04.avi,13.582330703735352,13.585113525390625,67.46851348876953,0.05747931985294118,732.40576171875,197
Lunges/v_Lunges_g06_c01.avi,3.5466818809509277,7.931629180908203,60.0333251953125,0.37028033088235296,377.90850830078125,254
Lunges/v_Lunges_g06_c02.avi,8.727861404418945,11.639512062072754,83.02409362792969,0.2798690257352941,575.1997680664062,234
Lunges/v_Lunges_g06_c03.avi,4.093238353729248,6.244956016540527,60.01666259765625,0.3466796875,215.73828125,255
Lunges/v_Lunges_g06_c04.avi,2.466590404510498,3.047119140625,23.53720474243164,0.4223575367647059,165.5679931640625,265
Lunges/v_Lunges_g06_c05.avi,3.4157016277313232,6.448914051055908,69.40460968017578,0.36138327205882353,247.7083282470703,254
Lunges/v_Lunges_g06_c06.avi,5.992074489593506,8.352156639099121,66.21178436279297,0.18532858455882353,502.903076171875,254
Lunges/v_Lunges_g06_c07.avi,4.323373317718506,6.914808750152588,60.373836517333984,0.4429733455882353,190.47544860839844,261
Lunges/v_Lunges_g07_c01.avi,3.35072922706604,3.900233745574951,41.773197174072266,0.17198988970588236,93.41603088378906,248
Lunges/v_Lunges_g07_c02.avi,2.110692262649536,2.120530843734741,16.552946090698242,0.21250229779411764,50.243953704833984,245
Lunges/v_Lunges_g07_c03.avi,1.5508267879486084,1.8056974411010742,16.278820037841797,0.3363786764705882,34.77668762207031,245
Lunges/v_Lunges_g07_c04.avi,7.2595696449279785,10.147473335266113,139.0863037109375,0.15307904411764706,164.03543090820312,264
Lunges/v_Lunges_g07_c05.avi,4.36656379699707,7.326501369476318,107.46627044677734,0.26541590073529414,274.3588562011719,237
Lunges/v_Lunges_g07_c06.avi,3.3909201622009277,3.7794787883758545,51.15662384033203,0.09005055147058824,119.50825500488281,250
Lunges/v_Lunges_g07_c07.avi,9.244989395141602,7.432827949523926,77.5241928100586,0.12652573529411765,272.2121887207031,253
MilitaryParade/v_MilitaryParade_g01_c01.avi,1.3735662698745728,1.8022493124008179,24.0,0.3552619485294118,278.31353759765625,127
MilitaryParade/v_MilitaryParade_g01_c02.avi,4.410971641540527,5.833900451660156,45.694637298583984,0.30538373161764704,376.8253479003906,126
MilitaryParade/v_MilitaryParade_g01_c03.avi,5.886579513549805,8.927311897277832,128.0,0.28109375,823.2340087890625,120
MilitaryParade/v_MilitaryParade_g01_c04.avi,4.306310176849365,6.62606954574585,91.0,0.21764246323529413,631.3153076171875,117
MilitaryParade/v_MilitaryParade_g01_c05.avi,4.941685199737549,7.403205394744873,134.0596923828125,0.3220840992647059,524.0379638671875,148
MilitaryParade/v_MilitaryParade_g01_c06.avi,3.31842303276062,3.6238276958465576,29.154760360717773,0.31170036764705883,280.35028076171875,135
MilitaryParade/v_MilitaryParade_g01_c07.avi,1.9734587669372559,2.536054849624634,31.256999969482422,0.340703125,310.32879638671875,140
MilitaryParade/v_MilitaryParade_g02_c01.avi,8.753168106079102,10.36580753326416,71.17584228515625,0.11715533088235294,511.09295654296875,92
MilitaryParade/v_MilitaryParade_g02_c02.avi,4.617027282714844,2.785597324371338,33.105892181396484,0.0387155330882353,380.28656005859375,127
MilitaryParade/v_MilitaryParade_g02_c03.avi,9.82862377166748,8.22315788269043,53.712196350097656,0.11095588235294118,609.5532836914062,111
MilitaryParade/v_MilitaryParade_g02_c04.avi,5.299936294555664,5.925177574157715,71.44927978515625,0.0705078125,1011.4425048828125,118
MilitaryParade/v_MilitaryParade_g03_c01.avi,3.1187267303466797,2.785919189453125,31.048349380493164,0.11479319852941176,282.31256103515625,107
MilitaryParade/v_MilitaryParade_g03_c02.avi,5.218599319458008,4.770568370819092,56.080299377441406,0.01586856617647059,1003.0056762695312,111
MilitaryParade/v_MilitaryParade_g03_c03.avi,8.835836410522461,10.039546012878418,57.314918518066406,0.06449908088235294,498.05487060546875,92
MilitaryParade/v_MilitaryParade_g03_c04.avi,4.154401779174805,4.978336334228516,46.51881408691406,0.21738511029411764,698.2688598632812,111
MilitaryParade/v_MilitaryParade_g04_c01.avi,5.263892650604248,7.2464118003845215,46.04345703125,0.2582904411764706,615.6658935546875,136
MilitaryParade/v_MilitaryParade_g04_c02.avi,7.473515510559082,8.7361478805542,55.46169662475586,0.26683823529411765,994.4736328125,88
MilitaryParade/v_MilitaryParade_g04_c03.avi,11.207601547241211,10.718260765075684,59.6824951171875,0.1589545036764706,1097.3282470703125,150
MilitaryParade/v_MilitaryParade_g04_c04.avi,8.83631420135498,8.980299949645996,54.5618896484375,0.1645450367647059,1294.326416015625,88
MilitaryParade/v_MilitaryParade_g05_c01.avi,2.3162810802459717,3.4695663452148438,33.52610778808594,0.37317095588235294,621.1983642578125,92
MilitaryParade/v_MilitaryParade_g05_c02.avi,0.30886563658714294,1.2208012342453003,20.02498435974121,0.8781364889705883,159.7953338623047,109
MilitaryParade/v_MilitaryParade_g05_c03.avi,0.5457684993743896,1.874245524406433,24.20743751525879,0.867545955882353,164.99929809570312,84
MilitaryParade/v_MilitaryParade_g05_c04.avi,5.601840496063232,6.593236923217773,50.35871505737305,0.18140395220588235,942.1823120117188,104
MilitaryParade/v_MilitaryParade_g06_c01.avi,4.205235958099365,4.812404155731201,35.7770881652832,0.19060891544117647,789.6647338867188,143
MilitaryParade/v_MilitaryParade_g06_c02.avi,3.557514190673828,4.209601402282715,25.079872131347656,0.26744255514705884,795.496826171875,110
MilitaryParade/v_MilitaryParade_g06_c03.avi,11.628377914428711,11.823868751525879,78.26238250732422,0.10884880514705883,935.6641845703125,116
MilitaryParade/v_MilitaryParade_g06_c04.avi,1.8746991157531738,1.7700669765472412,15.0,0.22780101102941178,149.95184326171875,123
MilitaryParade/v_MilitaryParade_g07_c01.avi,2.074087142944336,2.5037453174591064,20.0,0.31798023897058825,153.17709350585938,108
MilitaryParade/v_MilitaryParade_g07_c02.avi,1.6126760244369507,2.806330442428589,27.20294189453125,0.513828125,136.72244262695312,143
MilitaryParade/v_MilitaryParade_g07_c03.avi,3.4051525592803955,4.219201564788818,37.656341552734375,0.32531479779411765,143.76182556152344,142
MilitaryParade/v_MilitaryParade_g07_c04.avi,2.1551263332366943,3.1042098999023438,21.0,0.3517922794117647,137.62088012695312,155
MilitaryParade/v_MilitaryParade_g07_c05.avi,3.429175615310669,4.051473140716553,33.60059356689453,0.28850873161764706,260.2583923339844,147
MilitaryParade/v_MilitaryParade_g07_c06.avi,4.362330913543701,5.422726631164551,28.0,0.18842601102941176,233.1566619873047,139
Mixing/v_Mixing_g01_c01.avi,3.0586764812469482,6.06088399887085,50.447994232177734,0.5834972426470588,39.25559616088867,104
Mixing/v_Mixing_g01_c02.avi,1.1519540548324585,3.1896066665649414,28.284271240234375,0.7829411764705883,37.2357292175293,125
Mixing/v_Mixing_g01_c03.avi,4.672765254974365,12.718632698059082,120.41594696044922,0.696204044117647,278.8860168457031,141
Mixing/v_Mixing_g01_c04.avi,1.9666541814804077,5.214682102203369,53.0,0.6955284926470588,81.5184555053711,120
Mixing/v_Mixing_g01_c05.avi,2.953460454940796,7.20967960357666,77.0064926147461,0.676491268382353,139.1275634765625,109
Mixing/v_Mixing_g01_c06.avi,2.4128258228302,7.064770698547363,74.09453582763672,0.7131227022058824,93.5185775756836,157
Mixing/v_Mixing_g01_c07.avi,0.31774207949638367,1.1299057006835938,12.041594505310059,0.8570588235294118,10.415267944335938,123
Mixing/v_Mixing_g02_c01.avi,3.43652081489563,6.150773525238037,51.429561614990234,0.43924402573529414,204.82699584960938,102
Mixing/v_Mixing_g02_c02.avi,3.1818413734436035,6.830340385437012,71.70076751708984,0.47574448529411767,245.62503051757812,104
Mixing/v_Mixing_g02_c03.avi,4.80672025680542,6.984434127807617,68.7677230834961,0.3605261948529412,298.9036560058594,164
Mixing/v_Mixing_g02_c04.avi,5.608450889587402,9.612273216247559,75.7165756225586,0.38631204044117645,355.72235107421875,164
Mixing/v_Mixing_g02_c05.avi,8.633450508117676,13.559502601623535,113.60017395019531,0.24747472426470588,408.99957275390625,147
Mixing/v_Mixing_g02_c06.avi,3.910289764404297,8.619884490966797,135.83078002929688,0.39495404411764706,158.34829711914062,107
Mixing/v_Mixing_g03_c01.avi,2.0077359676361084,3.8382272720336914,29.0,0.4589590992647059,145.4054412841797,158
Mixing/v_Mixing_g03_c02.avi,5.811138153076172,11.009520530700684,73.00685119628906,0.34686810661764705,146.56137084960938,127
Mixing/v_Mixing_g03_c03.avi,7.573991298675537,11.939704895019531,92.57429504394531,0.25816636029411766,286.42401123046875,134
Mixing/v_Mixing_g03_c04.avi,6.239151954650879,11.806790351867676,103.09703826904297,0.30552389705882355,209.34683227539062,133
Mixing/v_Mixing_g03_c05.avi,1.6797908544540405,2.66694974899292,35.902645111083984,0.46306755514705883,92.86775207519531,120
Mixing/v_Mixing_g03_c06.avi,1.0365310907363892,3.0852880477905273,38.327537536621094,0.7024011948529412,79.77986907958984,132
Mixing/v_Mixing_g03_c07.avi,0.6739334464073181,1.6318267583847046,28.0,0.7108823529411765,56.90407180786133,152
Mixing/v_Mixing_g04_c01.avi,2.200536012649536,3.0839147567749023,28.0,0.3242302389705882,314.96649169921875,140
Mixing/v_Mixing_g04_c02.avi,2.271291971206665,4.458746910095215,39.84971618652344,0.5547977941176471,238.95767211914062,103
Mixing/v_Mixing_g04_c03.avi,1.4729417562484741,1.6464719772338867,11.180339813232422,0.34920726102941174,45.76502227783203,123
Mixing/v_Mixing_g04_c04.avi,3.7386391162872314,3.6972460746765137,22.803508758544922,0.2580905330882353,289.86993408203125,108
Mixing/v_Mixing_g04_c05.avi,1.914314866065979,4.229404449462891,67.20863342285156,0.4677642463235294,274.021240234375,110
Mixing/v_Mixing_g04_c06.avi,1.3521807193756104,2.009826183319092,20.59126091003418,0.49255055147058824,158.73318481445312,145
Mixing/v_Mixing_g04_c07.avi,0.22291706502437592,0.5296494960784912,12.0,0.8115441176470588,33.41033172607422,121
Mixing/v_Mixing_g05_c01.avi,4.692938327789307,6.611194133758545,56.22277069091797,0.2891590073529412,45.713218688964844,125
Mixing/v_Mixing_g05_c02.avi,19.211267471313477,19.903440475463867,145.39944458007812,0.11099954044117646,356.0115661621094,109
Mixing/v_Mixing_g05_c03.avi,5.482055187225342,7.096902370452881,48.66210174560547,0.3301378676470588,64.44453430175781,123
Mixing/v_Mixing_g05_c04.avi,16.416961669921875,19.234851837158203,125.89678192138672,0.11767693014705882,384.031494140625,117
Mixing/v_Mixing_g05_c05.avi,13.552068710327148,14.43289566040039,107.44766235351562,0.16597886029411765,238.6031036376953,129
Mixing/v_Mixing_g05_c06.avi,10.653973579406738,13.569906234741211,92.19544219970703,0.139453125,171.90957641601562,126
Mixing/v_Mixing_g05_c07.avi,11.6705961227417,14.920578956604004,97.26766967773438,0.17781939338235295,243.2159881591797,109
Mixing/v_Mixing_g06_c01.avi,0.18553894758224487,0.7344330549240112,10.198039054870605,0.8999632352941176,66.31951141357422,138
Mixing/v_Mixing_g06_c02.avi,4.380300045013428,7.875919818878174,66.5732650756836,0.32946001838235295,213.84902954101562,102
Mixing/v_Mixing_g06_c03.avi,0.2909988760948181,1.1298913955688477,18.357559204101562,0.885305606617647,145.6276397705078,120
Mixing/v_Mixing_g06_c04.avi,0.23008878529071808,0.9993703961372375,15.29705810546875,0.8947058823529411,102.27351379394531,106
Mixing/v_Mixing_g06_c05.avi,0.19453880190849304,0.8848808407783508,19.02629852294922,0.9089636948529412,82.49885559082031,140
Mixing/v_Mixing_g06_c06.avi,0.33845365047454834,1.4260215759277344,22.472204208374023,0.8865073529411764,132.41812133789062,106
Mixing/v_Mixing_g07_c01.avi,6.761168479919434,10.300985336303711,88.6848373413086,0.20007582720588235,359.054931640625,114
Mixing/v_Mixing_g07_c02.avi,11.609509468078613,12.121261596679688,76.16429901123047,0.05781020220588235,338.97882080078125,100
Mixing/v_Mixing_g07_c03.avi,4.7078328132629395,5.095607757568359,83.00602722167969,0.07712545955882352,186.89157104492188,128
Mixing/v_Mixing_g07_c04.avi,7.872757911682129,6.859151363372803,54.230987548828125,0.028699448529411763,151.52005004882812,129
Mixing/v_Mixing_g07_c05.avi,6.2861714363098145,4.098236083984375,37.57658767700195,0.024216452205882352,181.98446655273438,129
MoppingFloor/v_MoppingFloor_g01_c01.avi,5.03532075881958,7.350549221038818,37.121421813964844,0.20578814338235293,184.2257843017578,159
MoppingFloor/v_MoppingFloor_g01_c02.avi,4.499075412750244,5.3575439453125,30.01666259765625,0.2761190257352941,108.66178131103516,159
MoppingFloor/v_MoppingFloor_g01_c03.avi,1.2870769500732422,2.6050615310668945,38.60051727294922,0.4938924632352941,101.74806213378906,159
MoppingFloor/v_MoppingFloor_g01_c04.avi,1.6870434284210205,2.6602048873901367,31.14482307434082,0.4547817095588235,114.39180755615234,136
MoppingFloor/v_MoppingFloor_g02_c01.avi,4.470202922821045,9.66187858581543,77.0,0.5786167279411765,101.90629577636719,164
MoppingFloor/v_MoppingFloor_g02_c02.avi,4.018280506134033,5.612271308898926,64.07027435302734,0.39261259191176473,124.3808364868164,174
MoppingFloor/v_MoppingFloor_g02_c03.avi,2.061112642288208,3.4741384983062744,31.016124725341797,0.6021323529411765,40.741859436035156,142
MoppingFloor/v_MoppingFloor_g02_c04.avi,0.764995813369751,1.8964979648590088,24.0,0.7313511029411764,43.4467658996582,136
MoppingFloor/v_MoppingFloor_g02_c05.avi,1.80994713306427,3.640031337738037,81.0,0.40155101102941176,38.44888687133789,157
MoppingFloor/v_MoppingFloor_g02_c06.avi,1.7809735536575317,2.6884374618530273,19.0,0.5278262867647059,61.66875457763672,133
MoppingFloor/v_MoppingFloor_g03_c01.avi,10.478682518005371,14.430058479309082,132.96615600585938,0.16570082720588236,803.272216796875,115
MoppingFloor/v_MoppingFloor_g03_c02.avi,3.736117124557495,5.2516188621521,32.572994232177734,0.27984375,163.25506591796875,166
MoppingFloor/v_MoppingFloor_g03_c03.avi,6.3953680992126465,9.601898193359375,58.00862121582031,0.25688189338235295,202.17721557617188,145
MoppingFloor/v_MoppingFloor_g03_c04.avi,1.4242640733718872,1.7776044607162476,14.317821502685547,0.3367233455882353,25.598588943481445,124
MoppingFloor/v_MoppingFloor_g04_c01.avi,0.04133952036499977,0.318408340215683,7.071067810058594,0.9720795036764706,0.8787752985954285,243
MoppingFloor/v_MoppingFloor_g04_c02.avi,5.072616100311279,6.323784828186035,37.121421813964844,0.15162683823529413,368.6645812988281,289
MoppingFloor/v_MoppingFloor_g04_c03.avi,0.03724455460906029,0.28884080052375793,5.099019527435303,0.9766544117647059,0.5751670002937317,303
MoppingFloor/v_MoppingFloor_g04_c04.avi,5.100722789764404,7.118014335632324,90.022216796875,0.21426011029411765,548.8634033203125,298
MoppingFloor/v_MoppingFloor_g04_c05.avi,2.3638932704925537,4.719215393066406,69.2603759765625,0.41715992647058825,267.0841979980469,279
MoppingFloor/v_MoppingFloor_g04_c06.avi,2.9477221965789795,2.948881149291992,15.524174690246582,0.28115119485294116,158.08786010742188,305
MoppingFloor/v_MoppingFloor_g05_c01.avi,7.3395891189575195,9.755388259887695,82.03657531738281,0.057603400735294116,188.67274475097656,285
MoppingFloor/v_MoppingFloor_g05_c02.avi,6.897430896759033,9.756319999694824,80.3056640625,0.3648897058823529,144.554931640625,289
MoppingFloor/v_MoppingFloor_g05_c03.avi,0.5626072883605957,1.0361343622207642,12.0,0.6333547794117647,30.273040771484375,304
MoppingFloor/v_MoppingFloor_g05_c04.avi,7.325403690338135,8.791109085083008,86.31338500976562,0.13789292279411763,241.8622589111328,292
MoppingFloor/v_MoppingFloor_g05_c05.avi,3.7711403369903564,4.114223957061768,19.10497283935547,0.20412683823529412,23.571765899658203,182
MoppingFloor/v_MoppingFloor_g06_c01.avi,10.753890991210938,13.136151313781738,97.94896697998047,0.1494967830882353,748.2819213867188,99
MoppingFloor/v_MoppingFloor_g06_c02.avi,4.662877559661865,5.213106632232666,43.382022857666016,0.28208180147058826,507.6517639160156,224
MoppingFloor/v_MoppingFloor_g06_c03.avi,5.914944171905518,6.598352432250977,51.078372955322266,0.052771139705882354,498.39044189453125,222
MoppingFloor/v_MoppingFloor_g06_c04.avi,0.9744105339050293,1.2517783641815186,14.142135620117188,0.33646139705882355,102.8625259399414,122
MoppingFloor/v_MoppingFloor_g07_c01.avi,0.46993422508239746,1.3557333946228027,22.825424194335938,0.8198161764705882,22.146020889282227,157
MoppingFloor/v_MoppingFloor_g07_c02.avi,0.3559803068637848,1.2538959980010986,22.0,0.8588579963235294,13.3838472366333,144
MoppingFloor/v_MoppingFloor_g07_c03.avi,0.3250527083873749,1.1970925331115723,14.560219764709473,0.8711397058823529,14.70326042175293,107
MoppingFloor/v_MoppingFloor_g07_c04.avi,0.4438748359680176,1.5433224439620972,53.75872039794922,0.8171943933823529,34.330970764160156,203
MoppingFloor/v_MoppingFloor_g07_c05.avi,0.44111233949661255,1.5193291902542114,20.124610900878906,0.8247058823529412,1.9982789754867554,125
Nunchucks/v_Nunchucks_g01_c01.avi,0.5161004066467285,1.7884708642959595,21.095022201538086,0.8406916360294118,27.584793090820312,264
Nunchucks/v_Nunchucks_g01_c02.avi,0.5043428540229797,2.036346435546875,34.0,0.8552550551470588,33.742733001708984,260
Nunchucks/v_Nunchucks_g01_c03.avi,0.5136675834655762,1.8635622262954712,32.31098937988281,0.8481525735294118,50.96440505981445,234
Nunchucks/v_Nunchucks_g01_c04.avi,0.30028021335601807,1.1419323682785034,17.0,0.8796323529411765,22.972118377685547,229
Nunchucks/v_Nunchucks_g02_c01.avi,2.553936004638672,2.7036821842193604,40.804412841796875,0.1703952205882353,227.57064819335938,291
Nunchucks/v_Nunchucks_g02_c02.avi,1.774979591369629,2.55055832862854,35.0,0.43396829044117646,190.77114868164062,235
Nunchucks/v_Nunchucks_g02_c03.avi,0.8005496859550476,2.3527626991271973,40.0,0.6748092830882353,186.26657104492188,276
Nunchucks/v_Nunchucks_g02_c04.avi,0.6972128748893738,2.5509347915649414,32.015621185302734,0.8080974264705882,34.61977005004883,244
Nunchucks/v_Nunchucks_g02_c05.avi,1.403233528137207,2.3392393589019775,30.886890411376953,0.5337316176470588,165.62820434570312,291
Nunchucks/v_Nunchucks_g02_c06.avi,1.5866458415985107,2.909764528274536,39.560081481933594,0.42039292279411766,289.3413391113281,296
Nunchucks/v_Nunchucks_g03_c01.avi,0.2811085283756256,1.4264799356460571,20.099750518798828,0.9164338235294117,110.34661865234375,251
Nunchucks/v_Nunchucks_g03_c02.avi,0.15291079878807068,0.9766392111778259,26.0,0.9377941176470588,63.800392150878906,250
Nunchucks/v_Nunchucks_g03_c03.avi,0.16766583919525146,1.0876561403274536,31.14482307434082,0.9359926470588236,85.50474548339844,250
Nunchucks/v_Nunchucks_g03_c04.avi,0.07717858999967575,0.4268873631954193,10.0,0.9495588235294118,43.73762130737305,249
Nunchucks/v_Nunchucks_g03_c05.avi,0.22022153437137604,1.1067731380462646,17.8885440826416,0.9151470588235294,81.204833984375,251
Nunchucks/v_Nunchucks_g03_c06.avi,0.10247229039669037,0.5267874002456665,9.05538558959961,0.9389338235294118,48.00740432739258,250
Nunchucks/v_Nunchucks_g03_c07.avi,0.041479989886283875,0.2667340934276581,5.0,0.9694852941176471,10.234100341796875,243
Nunchucks/v_Nunchucks_g04_c01.avi,2.9133150577545166,5.260307312011719,102.1077880859375,0.2814613970588235,77.1853256225586,260
Nunchucks/v_Nunchucks_g04_c02.avi,3.748535633087158,7.685657024383545,93.86160278320312,0.3079871323529412,103.099609375,260
Nunchucks/v_Nunchucks_g04_c03.avi,5.553774833679199,7.165383338928223,60.13318634033203,0.2264889705882353,97.08103942871094,257
Nunchucks/v_Nunchucks_g04_c04.avi,3.276416778564453,4.692302703857422,61.0,0.21675091911764705,58.277259826660156,257
Nunchucks/v_Nunchucks_g04_c05.avi,3.263650894165039,4.85627555847168,75.05997467041016,0.23627068014705882,69.94715881347656,267
Nunchucks/v_Nunchucks_g04_c06.avi,2.671738862991333,4.054720401763916,51.35172653198242,0.2552918198529412,56.82054901123047,250
Nunchucks/v_Nunchucks_g05_c01.avi,2.558966636657715,6.7266845703125,70.1783447265625,0.5513786764705882,655.482421875,225
Nunchucks/v_Nunchucks_g05_c02.avi,2.2697041034698486,4.444311141967773,44.0113639831543,0.5437729779411765,376.4569396972656,208
Nunchucks/v_Nunchucks_g05_c03.avi,1.6006468534469604,3.5127792358398438,33.941123962402344,0.5796001838235294,327.8118591308594,204
Nunchucks/v_Nunchucks_g05_c04.avi,1.5431278944015503,3.7838523387908936,50.0,0.5848161764705883,247.3802032470703,215
Nunchucks/v_Nunchucks_g06_c01.avi,4.6566033363342285,7.019762992858887,62.513999938964844,0.38121783088235295,399.12042236328125,317
Nunchucks/v_Nunchucks_g06_c02.avi,8.628578186035156,8.71059513092041,65.76473236083984,0.08509420955882353,747.9522094726562,219
Nunchucks/v_Nunchucks_g06_c03.avi,9.249930381774902,7.339945316314697,64.44377136230469,0.11272518382352942,470.57989501953125,209
Nunchucks/v_Nunchucks_g06_c04.avi,4.634711742401123,7.185667037963867,41.04875183105469,0.49260340073529413,223.0952911376953,211
Nunchucks/v_Nunchucks_g07_c01.avi,2.2653377056121826,5.920804977416992,71.56116485595703,0.6002550551470588,520.5586547851562,254
Nunchucks/v_Nunchucks_g07_c02.avi,1.269399642944336,3.372288227081299,51.89412307739258,0.5945795036764706,438.7383728027344,254
Nunchucks/v_Nunchucks_g07_c03.avi,1.3423335552215576,3.4462642669677734,47.434165954589844,0.5674011948529412,334.3289489746094,150
Nunchucks/v_Nunchucks_g07_c04.avi,1.0967074632644653,4.102487087249756,46.52956008911133,0.78234375,301.2035827636719,246
ParallelBars/v_ParallelBars_g01_c01.avi,6.8257365226745605,14.160910606384277,124.06449890136719,0.4178308823529412,404.5559387207031,106
ParallelBars/v_ParallelBars_g01_c02.avi,0.32552191615104675,0.6444835066795349,8.0,0.7364705882352941,64.58018493652344,123
ParallelBars/v_ParallelBars_g01_c03.avi,1.1595218181610107,3.218471050262451,57.384666442871094,0.5984466911764705,363.1123962402344,141
ParallelBars/v_ParallelBars_g01_c04.avi,13.001559257507324,30.452844619750977,190.06578063964844,0.40205882352941175,1934.425048828125,197
ParallelBars/v_ParallelBars_g02_c01.avi,2.282419443130493,3.437664747238159,61.0,0.2547012867647059,340.9864807128906,108
ParallelBars/v_ParallelBars_g02_c02.avi,7.232998847961426,12.046551704406738,88.32327270507812,0.30849034926470587,430.5584411621094,156
ParallelBars/v_ParallelBars_g02_c03.avi,7.720580101013184,10.285615921020508,106.38138580322266,0.39634420955882355,319.44879150390625,132
ParallelBars/v_ParallelBars_g02_c04.avi,0.8452044129371643,4.063949108123779,82.0,0.8184558823529412,316.563720703125,191
ParallelBars/v_ParallelBars_g03_c01.avi,22.44032859802246,30.489948272705078,167.47537231445312,0.25810202205882354,2363.66162109375,114
ParallelBars/v_ParallelBars_g03_c02.avi,4.11775541305542,5.229977130889893,43.011627197265625,0.2751999080882353,532.5693359375,102
ParallelBars/v_ParallelBars_g03_c03.avi,1.4653897285461426,2.515310525894165,33.0151481628418,0.46845588235294117,700.963134765625,147
ParallelBars/v_ParallelBars_g03_c04.avi,0.8923767805099487,2.726658821105957,41.0,0.6905882352941176,772.26123046875,157
ParallelBars/v_ParallelBars_g04_c01.avi,0.30602991580963135,1.2973748445510864,21.954498291015625,0.8939338235294118,82.5215835571289,135
ParallelBars/v_ParallelBars_g04_c02.avi,0.3750362992286682,1.6842139959335327,35.46829605102539,0.8881617647058824,89.96861267089844,110
ParallelBars/v_ParallelBars_g04_c03.avi,0.5026826858520508,2.1121513843536377,47.01063537597656,0.8570955882352941,149.67242431640625,147
ParallelBars/v_ParallelBars_g04_c04.avi,0.3252444863319397,1.5708969831466675,34.48188018798828,0.8985661764705882,108.41927337646484,172
ParallelBars/v_ParallelBars_g04_c05.avi,0.2759331166744232,1.2344969511032104,21.3775577545166,0.9030882352941176,53.648094177246094,159
ParallelBars/v_ParallelBars_g04_c06.avi,0.18221543729305267,0.9466300010681152,20.51828384399414,0.931875,65.23838806152344,221
ParallelBars/v_ParallelBars_g04_c07.avi,0.6435719132423401,2.2750866413116455,44.0,0.7496691176470588,125.95915222167969,147
ParallelBars/v_ParallelBars_g05_c01.avi,0.7926769852638245,1.6266534328460693,23.0,0.6265808823529412,25.602279663085938,182
ParallelBars/v_ParallelBars_g05_c02.avi,3.449707508087158,5.141214370727539,51.0,0.3103033088235294,348.8997802734375,115
ParallelBars/v_ParallelBars_g05_c03.avi,2.043292999267578,3.766742467880249,36.34556198120117,0.5516015625,165.50253295898438,165
ParallelBars/v_ParallelBars_g05_c04.avi,1.6541537046432495,3.5985219478607178,56.64803695678711,0.4992784926470588,211.27883911132812,157
ParallelBars/v_ParallelBars_g05_c05.avi,1.69680917263031,2.720792531967163,24.0,0.4980147058823529,50.850101470947266,124
ParallelBars/v_ParallelBars_g06_c01.avi,17.73959732055664,28.846508026123047,178.54971313476562,0.041488970588235294,1187.81591796875,148
ParallelBars/v_ParallelBars_g06_c02.avi,3.3864550590515137,6.886751651763916,59.0,0.5666911764705882,202.23907470703125,126
ParallelBars/v_ParallelBars_g06_c03.avi,1.7349826097488403,3.5983619689941406,56.0,0.5513189338235294,188.54998779296875,151
ParallelBars/v_ParallelBars_g06_c04.avi,3.0750732421875,5.415397644042969,63.0,0.3529090073529412,245.26687622070312,128
ParallelBars/v_ParallelBars_g06_c05.avi,2.635434627532959,4.236588478088379,73.00685119628906,0.41136488970588236,258.0942687988281,103
ParallelBars/v_ParallelBars_g06_c06.avi,0.5845907330513,1.234082579612732,15.132745742797852,0.731360294117647,19.636131286621094,125
ParallelBars/v_ParallelBars_g06_c07.avi,1.921651840209961,3.2111313343048096,37.05401611328125,0.43375689338235296,255.711669921875,113
ParallelBars/v_ParallelBars_g07_c01.avi,3.044011354446411,5.611073970794678,38.01315689086914,0.5819209558823529,442.01263427734375,127
ParallelBars/v_ParallelBars_g07_c02.avi,3.517158031463623,7.714291572570801,60.0333251953125,0.6882720588235294,360.67987060546875,127
ParallelBars/v_ParallelBars_g07_c03.avi,1.3724113702774048,2.8316891193389893,34.525352478027344,0.7086764705882352,357.77685546875,127
ParallelBars/v_ParallelBars_g07_c04.avi,3.367141008377075,5.394187927246094,57.07889175415039,0.41947380514705884,783.789306640625,195
ParallelBars/v_ParallelBars_g07_c05.avi,6.865436553955078,14.541595458984375,115.35163879394531,0.42720588235294116,645.6964111328125,107
ParallelBars/v_ParallelBars_g07_c06.avi,6.262686252593994,13.319062232971191,105.0047607421875,0.5729044117647059,591.3326416015625,137
PizzaTossing/v_PizzaTossing_g01_c01.avi,4.580786228179932,6.699681758880615,65.55150604248047,0.2982927389705882,395.00579833984375,143
PizzaTossing/v_PizzaTossing_g01_c02.avi,22.779857635498047,26.08553695678711,185.72291564941406,0.20443704044117647,1422.889404296875,82
PizzaTossing/v_PizzaTossing_g01_c03.avi,9.974772453308105,11.205164909362793,122.00409698486328,0.17374310661764705,452.0038146972656,132
PizzaTossing/v_PizzaTossing_g01_c04.avi,9.974772453308105,11.205164909362793,122.00409698486328,0.17374310661764705,452.0038146972656,132
PizzaTossing/v_PizzaTossing_g02_c01.avi,1.1317757368087769,2.3274853229522705,26.0,0.5680238970588235,103.30549621582031,117
PizzaTossing/v_PizzaTossing_g02_c02.avi,0.6885175108909607,1.875736117362976,41.30375289916992,0.7035868566176471,64.00576782226562,106
PizzaTossing/v_PizzaTossing_g02_c03.avi,1.2800146341323853,2.711138963699341,36.8917350769043,0.5104940257352941,119.56608581542969,111
PizzaTossing/v_PizzaTossing_g02_c04.avi,0.9019890427589417,2.1321301460266113,28.23118782043457,0.6373414522058823,102.44841003417969,96
PizzaTossing/v_PizzaTossing_g02_c05.avi,14.629159927368164,20.40445899963379,220.857421875,0.10869025735294117,1457.068603515625,77
PizzaTossing/v_PizzaTossing_g03_c01.avi,2.4139773845672607,5.460538864135742,105.385009765625,0.4657146139705882,47.076637268066406,101
PizzaTossing/v_PizzaTossing_g03_c02.avi,4.092936038970947,9.26054859161377,80.28075408935547,0.423671875,74.30769348144531,97
PizzaTossing/v_PizzaTossing_g03_c03.avi,4.249440670013428,11.436120986938477,127.62445068359375,0.502961856617647,112.34281921386719,106
PizzaTossing/v_PizzaTossing_g03_c04.avi,1.8742716312408447,7.467514514923096,140.08926391601562,0.6058042279411765,103.57710266113281,35
PizzaTossing/v_PizzaTossing_g04_c01.avi,3.7139904499053955,4.137166500091553,36.0,0.2151217830882353,198.2513427734375,103
PizzaTossing/v_PizzaTossing_g04_c02.avi,2.9458208084106445,2.731928586959839,20.02498435974121,0.15841452205882353,307.52081298828125,114
PizzaTossing/v_PizzaTossing_g04_c03.avi,1.6669830083847046,2.9454429149627686,25.63201141357422,0.602858455882353,257.8668518066406,108
PizzaTossing/v_PizzaTossing_g04_c04.avi,2.8304877281188965,4.462449073791504,47.0,0.42427619485294116,482.63629150390625,119
PizzaTossing/v_PizzaTossing_g04_c05.avi,0.01872297003865242,0.1566351354122162,3.0,0.9838671875,1.3577795028686523,125
PizzaTossing/v_PizzaTossing_g04_c06.avi,1.375540852546692,2.858992099761963,32.0,0.5501493566176471,462.27349853515625,119
PizzaTossing/v_PizzaTossing_g04_c07.avi,1.6492129564285278,2.8291573524475098,26.305892944335938,0.6275390625,305.56512451171875,136
PizzaTossing/v_PizzaTossing_g05_c01.avi,0.4600529074668884,1.707217812538147,21.0,0.8235753676470589,96.89261627197266,123
PizzaTossing/v_PizzaTossing_g05_c02.avi,0.9482580423355103,2.9077389240264893,36.400550842285156,0.7284949448529412,143.3826446533203,186
PizzaTossing/v_PizzaTossing_g05_c03.avi,1.9647492170333862,6.66195011138916,77.82030487060547,0.6901999080882353,309.9759216308594,144
PizzaTossing/v_PizzaTossing_g05_c04.avi,2.3519327640533447,6.010908603668213,72.00694274902344,0.6163717830882353,417.09326171875,111
PizzaTossing/v_PizzaTossing_g06_c01.avi,3.1039068698883057,7.09641170501709,83.52245330810547,0.49507582720588234,561.390625,105
PizzaTossing/v_PizzaTossing_g06_c02.avi,3.309110164642334,3.4991648197174072,37.0,0.29637867647058824,239.085205078125,97
PizzaTossing/v_PizzaTossing_g06_c03.avi,14.934391021728516,20.795740127563477,111.42710876464844,0.29355009191176473,585.5307006835938,97
PizzaTossing/v_PizzaTossing_g06_c04.avi,1.957196593284607,2.4487404823303223,25.298221588134766,0.30724264705882354,62.825042724609375,62
PizzaTossing/v_PizzaTossing_g06_c05.avi,3.9104409217834473,7.225485801696777,73.54590606689453,0.3988189338235294,583.724853515625,115
PizzaTossing/v_PizzaTossing_g07_c01.avi,6.204427242279053,6.419204235076904,34.01470184326172,0.20554457720588235,902.83056640625,111
PizzaTossing/v_PizzaTossing_g07_c02.avi,2.7218470573425293,3.934807300567627,64.13267517089844,0.11673713235294117,673.42919921875,133
PizzaTossing/v_PizzaTossing_g07_c03.avi,4.396496295928955,4.677783966064453,37.05401611328125,0.31985294117647056,936.8427734375,115
PizzaTossing/v_PizzaTossing_g07_c04.avi,3.9951510429382324,6.9753193855285645,42.8018684387207,0.5144600183823529,592.0725708007812,170
PlayingCello/v_PlayingCello_g01_c01.avi,0.19034525752067566,0.7736366391181946,12.0,0.9036534926470589,67.22808074951172,222
PlayingCello/v_PlayingCello_g01_c02.avi,0.1931609809398651,0.712958037853241,9.0,0.8907950367647058,81.73934936523438,210
PlayingCello/v_PlayingCello_g01_c03.avi,0.17170463502407074,0.7536616921424866,17.11724281311035,0.9078400735294118,48.42657470703125,161
PlayingCello/v_PlayingCello_g01_c04.avi,0.1420958787202835,0.5628650784492493,8.246211051940918,0.9116291360294118,41.995338439941406,142
PlayingCello/v_PlayingCello_g01_c05.avi,0.1384938806295395,0.614970326423645,9.219544410705566,0.9147104779411764,32.153114318847656,163
PlayingCello/v_PlayingCello_g01_c06.avi,0.1563122570514679,0.6705266833305359,13.0,0.9094301470588235,45.44525146484375,161
PlayingCello/v_PlayingCello_g01_c07.avi,0.1565968096256256,0.6413195729255676,10.29563045501709,0.9117647058823529,59.703025817871094,143
PlayingCello/v_PlayingCello_g02_c01.avi,2.107187271118164,3.632047653198242,51.0,0.41726332720588233,208.4617462158203,156
PlayingCello/v_PlayingCello_g02_c02.avi,2.8525373935699463,3.718864917755127,36.055511474609375,0.42218520220588235,294.30511474609375,193
PlayingCello/v_PlayingCello_g02_c03.avi,2.8729095458984375,5.123222827911377,56.080299377441406,0.41631663602941177,299.73919677734375,165
PlayingCello/v_PlayingCello_g02_c04.avi,1.9441206455230713,3.44248366355896,40.01249694824219,0.38784466911764703,253.7973175048828,161
PlayingCello/v_PlayingCello_g02_c05.avi,2.1231610774993896,3.5626561641693115,46.52956008911133,0.355390625,296.71234130859375,235
PlayingCello/v_PlayingCello_g02_c06.avi,2.0179874897003174,2.9342193603515625,29.73213768005371,0.3850390625,351.6739807128906,175
PlayingCello/v_PlayingCello_g02_c07.avi,1.8327178955078125,3.134751319885254,39.11521530151367,0.43874770220588233,280.81268310546875,227
PlayingCello/v_PlayingCello_g03_c01.avi,0.9266127347946167,2.0567431449890137,18.0,0.7177504595588236,73.33292388916016,170
PlayingCello/v_PlayingCello_g03_c02.avi,0.9063482880592346,2.1737301349639893,26.07680892944336,0.7128699448529412,18.418310165405273,104
PlayingCello/v_PlayingCello_g03_c03.avi,1.0233023166656494,2.2291524410247803,30.066593170166016,0.6807444852941177,71.59815979003906,158
PlayingCello/v_PlayingCello_g03_c04.avi,0.763164222240448,1.7952979803085327,16.155494689941406,0.7368841911764706,34.07600402832031,188
PlayingCello/v_PlayingCello_g04_c01.avi,1.4802581071853638,3.5000364780426025,50.48762130737305,0.6177045036764706,152.7398681640625,206
PlayingCello/v_PlayingCello_g04_c02.avi,1.060972809791565,2.3371694087982178,26.305892944335938,0.6674103860294117,90.95932006835938,211
PlayingCello/v_PlayingCello_g04_c03.avi,1.776680588722229,3.494905471801758,48.010414123535156,0.5285661764705882,183.79067993164062,137
PlayingCello/v_PlayingCello_g04_c04.avi,1.021954894065857,2.5526540279388428,38.01315689086914,0.7001378676470589,63.8762092590332,142
PlayingCello/v_PlayingCello_g04_c05.avi,0.4690236747264862,1.2240911722183228,16.0,0.7825367647058824,12.099059104919434,124
PlayingCello/v_PlayingCello_g04_c06.avi,0.6636176109313965,1.5962510108947754,16.031219482421875,0.7408340992647059,30.4615535736084,128
PlayingCello/v_PlayingCello_g04_c07.avi,0.7307218909263611,1.7754015922546387,19.02629852294922,0.7383042279411764,23.46370506286621,128
PlayingCello/v_PlayingCello_g05_c01.avi,2.41965913772583,2.842207431793213,37.0,0.26645680147058826,279.56011962890625,174
PlayingCello/v_PlayingCello_g05_c02.avi,2.2872164249420166,2.579157829284668,22.203603744506836,0.26903033088235295,200.4194793701172,197
PlayingCello/v_PlayingCello_g05_c03.avi,1.8789279460906982,2.286433219909668,29.73213768005371,0.2877090992647059,190.74148559570312,172
PlayingCello/v_PlayingCello_g05_c04.avi,0.42155686020851135,0.8061296343803406,8.062257766723633,0.6982077205882353,31.10548973083496,185
PlayingCello/v_PlayingCello_g05_c05.avi,1.6977068185806274,2.801572799682617,40.199501037597656,0.3600344669117647,168.29774475097656,180
PlayingCello/v_PlayingCello_g05_c06.avi,1.703050136566162,2.7892680168151855,31.38471031188965,0.3493864889705882,222.4784698486328,160
PlayingCello/v_PlayingCello_g05_c07.avi,1.9756793975830078,2.7431273460388184,39.0128173828125,0.391328125,156.33401489257812,142
PlayingCello/v_PlayingCello_g06_c01.avi,0.9274455904960632,2.705859661102295,50.0099983215332,0.6721369485294117,41.97163009643555,252
PlayingCello/v_PlayingCello_g06_c02.avi,0.97404545545578,2.8375415802001953,48.010414123535156,0.7094370404411765,38.56162643432617,224
PlayingCello/v_PlayingCello_g06_c03.avi,1.146765112876892,2.8481805324554443,37.336307525634766,0.6767555147058824,34.259742736816406,283
PlayingCello/v_PlayingCello_g06_c04.avi,1.3109591007232666,3.0109055042266846,31.016124725341797,0.6386488970588236,44.13945388793945,266
PlayingCello/v_PlayingCello_g06_c05.avi,0.9405215978622437,2.238480806350708,27.58622932434082,0.68203125,44.56371307373047,166
PlayingCello/v_PlayingCello_g06_c06.avi,1.0020378828048706,2.6610002517700195,40.804412841796875,0.7066521139705882,41.00271987915039,215
PlayingCello/v_PlayingCello_g06_c07.avi,0.9451252222061157,2.764221429824829,33.060550689697266,0.7317256433823529,34.95256805419922,213
PlayingCello/v_PlayingCello_g07_c01.avi,4.2836785316467285,5.723456859588623,44.92215347290039,0.20637867647058825,133.75009155273438,413
PlayingCello/v_PlayingCello_g07_c02.avi,2.6962099075317383,3.467104196548462,30.4138126373291,0.2560868566176471,87.66666412353516,325
PlayingCello/v_PlayingCello_g07_c03.avi,3.4843246936798096,4.647006511688232,41.18252182006836,0.22021139705882353,126.76390075683594,281
PlayingCello/v_PlayingCello_g07_c04.avi,2.1492016315460205,2.970785617828369,32.280025482177734,0.31959329044117646,54.107505798339844,306
PlayingCello/v_PlayingCello_g07_c05.avi,2.7008860111236572,3.8985657691955566,42.0,0.2821875,58.01069259643555,271
PlayingDaf/v_PlayingDaf_g01_c01.avi,0.4636240601539612,0.920426607131958,8.9442720413208,0.7147426470588235,11.550885200500488,121
PlayingDaf/v_PlayingDaf_g01_c02.avi,0.9714035391807556,1.5002392530441284,16.278820037841797,0.5265602022058824,76.47478485107422,179
PlayingDaf/v_PlayingDaf_g01_c03.avi,0.6388239860534668,1.1777234077453613,14.317821502685547,0.6514200367647058,28.990930557250977,189
PlayingDaf/v_PlayingDaf_g01_c04.avi,1.0152066946029663,1.6887484788894653,15.29705810546875,0.5357697610294118,38.90004348754883,186
PlayingDaf/v_PlayingDaf_g02_c01.avi,3.1967437267303467,4.7930192947387695,42.04759216308594,0.27305836397058825,220.82626342773438,358
PlayingDaf/v_PlayingDaf_g02_c02.avi,1.3567700386047363,2.0102455615997314,15.231546401977539,0.45224264705882355,65.88935089111328,363
PlayingDaf/v_PlayingDaf_g02_c03.avi,2.900202989578247,4.758172035217285,54.451812744140625,0.31086167279411764,158.54672241210938,323
PlayingDaf/v_PlayingDaf_g02_c04.avi,3.328122615814209,5.225565433502197,43.28972244262695,0.30821461397058825,182.15945434570312,319
PlayingDaf/v_PlayingDaf_g02_c05.avi,4.67298698425293,8.726527214050293,73.60027313232422,0.2615280330882353,249.78042602539062,324
PlayingDaf/v_PlayingDaf_g02_c06.avi,1.913782000541687,3.4183027744293213,29.4108829498291,0.42525735294117645,75.66913604736328,362
PlayingDaf/v_PlayingDaf_g02_c07.avi,2.208749532699585,3.158945322036743,33.970577239990234,0.3538396139705882,117.29605865478516,333
PlayingDaf/v_PlayingDaf_g03_c01.avi,1.675421953201294,2.9851036071777344,32.24903106689453,0.48227711397058826,38.92310333251953,186
PlayingDaf/v_PlayingDaf_g03_c02.avi,3.371021032333374,4.417884826660156,50.2493782043457,0.23835248161764705,101.35282897949219,170
PlayingDaf/v_PlayingDaf_g03_c03.avi,4.335035800933838,5.893354415893555,49.648765563964844,0.22492417279411764,147.6010284423828,180
PlayingDaf/v_PlayingDaf_g03_c04.avi,6.80819034576416,7.8320698738098145,61.55485534667969,0.19921645220588236,194.85520935058594,210
PlayingDaf/v_PlayingDaf_g04_c01.avi,0.9803694486618042,2.042468786239624,29.0,0.6399448529411764,51.0105094909668,326
PlayingDaf/v_PlayingDaf_g04_c02.avi,1.8920021057128906,3.0396435260772705,31.064449310302734,0.5340280330882353,134.49191284179688,345
PlayingDaf/v_PlayingDaf_g04_c03.avi,0.7057095170021057,1.3909164667129517,16.124515533447266,0.6375827205882353,19.186697006225586,304
PlayingDaf/v_PlayingDaf_g04_c04.avi,0.5906023383140564,1.099412202835083,12.206555366516113,0.6523253676470588,24.44565200805664,304
PlayingDaf/v_PlayingDaf_g04_c05.avi,0.8436595797538757,1.4830888509750366,16.278820037841797,0.6149816176470588,54.794227600097656,319
PlayingDaf/v_PlayingDaf_g04_c06.avi,0.8829258680343628,1.626185655593872,20.2237491607666,0.610500919117647,61.084075927734375,339
PlayingDaf/v_PlayingDaf_g04_c07.avi,0.8924247622489929,1.8851200342178345,31.78049659729004,0.6451171875,57.81438446044922,370
PlayingDaf/v_PlayingDaf_g05_c01.avi,0.4841765761375427,1.6103514432907104,23.194826126098633,0.8431066176470589,85.86004638671875,300
PlayingDaf/v_PlayingDaf_g05_c02.avi,0.2223670929670334,0.94886314868927,19.416488647460938,0.9003331801470589,40.869606018066406,333
PlayingDaf/v_PlayingDaf_g05_c03.avi,0.8691394925117493,3.5759494304656982,55.578773498535156,0.8411764705882353,201.56434631347656,347
PlayingDaf/v_PlayingDaf_g05_c04.avi,0.35687708854675293,1.491753101348877,21.40093421936035,0.8765670955882353,59.115943908691406,392
PlayingDaf/v_PlayingDaf_g05_c05.avi,0.5766721963882446,2.136848211288452,27.892650604248047,0.8514613970588235,116.66487121582031,402
PlayingDaf/v_PlayingDaf_g05_c06.avi,1.081703782081604,4.511575698852539,48.166378021240234,0.8516544117647059,165.56668090820312,385
PlayingDaf/v_PlayingDaf_g05_c07.avi,0.6780942678451538,2.50628924369812,30.4138126373291,0.851530330882353,94.74519348144531,376
PlayingDaf/v_PlayingDaf_g06_c01.avi,4.376899242401123,6.708682060241699,62.361846923828125,0.3994829963235294,288.1700134277344,298
PlayingDaf/v_PlayingDaf_g06_c02.avi,7.78475284576416,10.59092903137207,68.11754608154297,0.37672794117647057,383.4568786621094,298
PlayingDaf/v_PlayingDaf_g06_c03.avi,5.181694984436035,9.59730052947998,84.75848388671875,0.4589682904411765,198.53964233398438,318
PlayingDaf/v_PlayingDaf_g06_c04.avi,4.488425254821777,6.996960163116455,58.79625701904297,0.42024126838235293,211.86154174804688,317
PlayingDaf/v_PlayingDaf_g06_c05.avi,7.403662204742432,12.61902141571045,103.31505584716797,0.3842302389705882,510.09686279296875,300
PlayingDaf/v_PlayingDaf_g06_c06.avi,4.35779333114624,7.578793525695801,62.07253646850586,0.45147288602941177,341.31219482421875,310
PlayingDaf/v_PlayingDaf_g06_c07.avi,5.049322605133057,7.295682907104492,47.434165954589844,0.39954963235294116,241.2580108642578,219
PlayingDaf/v_PlayingDaf_g07_c01.avi,1.4576984643936157,5.523535251617432,83.18653869628906,0.7258501838235294,83.0302505493164,248
PlayingDaf/v_PlayingDaf_g07_c02.avi,0.915140688419342,2.1073813438415527,24.0,0.6949770220588235,55.53399658203125,248
PlayingDaf/v_PlayingDaf_g07_c03.avi,0.8457072973251343,2.496469259262085,31.30495262145996,0.7651861213235294,33.431217193603516,248
PlayingDaf/v_PlayingDaf_g07_c04.avi,3.2471113204956055,8.146919250488281,95.58765411376953,0.6269577205882353,144.17848205566406,248
PlayingDaf/v_PlayingDaf_g07_c05.avi,1.4759023189544678,4.100789546966553,47.01063537597656,0.6835592830882353,67.49565124511719,248
PlayingDhol/v_PlayingDhol_g01_c01.avi,1.3717025518417358,2.0873913764953613,29.27456283569336,0.38409926470588235,323.3271179199219,251
PlayingDhol/v_PlayingDhol_g01_c02.avi,3.3713185787200928,4.179780006408691,46.40043258666992,0.31453125,638.3336791992188,239
PlayingDhol/v_PlayingDhol_g01_c03.avi,1.2395944595336914,2.6624979972839355,39.824615478515625,0.5621323529411765,489.3377990722656,270
PlayingDhol/v_PlayingDhol_g01_c04.avi,5.50454568862915,7.217283725738525,46.010868072509766,0.3049356617647059,753.571533203125,238
PlayingDhol/v_PlayingDhol_g01_c05.avi,0.3225787580013275,1.0639938116073608,15.231546401977539,0.8337867647058823,96.31915283203125,245
PlayingDhol/v_PlayingDhol_g01_c06.avi,0.8316794037818909,1.8864035606384277,24.020824432373047,0.6239958639705883,326.0811767578125,194
PlayingDhol/v_PlayingDhol_g01_c07.avi,1.4725781679153442,2.916604518890381,47.04253387451172,0.6151171875,295.1607666015625,137
PlayingDhol/v_PlayingDhol_g02_c01.avi,2.106386423110962,3.214656352996826,43.73785400390625,0.2866590073529412,112.66297912597656,266
PlayingDhol/v_PlayingDhol_g02_c02.avi,0.6503148078918457,1.1185455322265625,16.0,0.5784742647058824,23.867809295654297,304
PlayingDhol/v_PlayingDhol_g02_c03.avi,1.7936221361160278,2.4162986278533936,37.013511657714844,0.31975183823529413,104.9227066040039,266
PlayingDhol/v_PlayingDhol_g02_c04.avi,4.3617048263549805,4.7150702476501465,36.67424011230469,0.22970818014705882,100.74761962890625,274
PlayingDhol/v_PlayingDhol_g02_c05.avi,4.741903781890869,3.597762107849121,45.12205505371094,0.05465533088235294,185.96656799316406,266
PlayingDhol/v_PlayingDhol_g02_c06.avi,2.077362060546875,2.9526610374450684,31.0,0.39677389705882354,117.3545150756836,288
PlayingDhol/v_PlayingDhol_g02_c07.avi,1.4481321573257446,2.073265552520752,27.312999725341797,0.32978400735294117,103.80987548828125,281
PlayingDhol/v_PlayingDhol_g03_c01.avi,0.5620388984680176,1.7742561101913452,24.0,0.7979618566176471,43.48072052001953,356
PlayingDhol/v_PlayingDhol_g03_c02.avi,0.27049413323402405,0.8782288432121277,14.03566837310791,0.8537155330882353,34.093299865722656,380
PlayingDhol/v_PlayingDhol_g03_c03.avi,0.3961062431335449,1.1587523221969604,17.0,0.818743106617647,42.73793029785156,406
PlayingDhol/v_PlayingDhol_g03_c04.avi,0.5998480319976807,1.6909315586090088,17.492855072021484,0.787421875,54.34995651245117,390
PlayingDhol/v_PlayingDhol_g03_c05.avi,0.5599181652069092,1.5824397802352905,19.416488647460938,0.8012844669117647,24.76243019104004,408
PlayingDhol/v_PlayingDhol_g03_c06.avi,0.524520754814148,1.4979947805404663,24.083189010620117,0.7877389705882353,34.44077682495117,415
PlayingDhol/v_PlayingDhol_g03_c07.avi,0.28256577253341675,1.065547227859497,29.017236709594727,0.8444829963235294,40.71538543701172,404
PlayingDhol/v_PlayingDhol_g04_c01.avi,0.739638090133667,1.6489410400390625,28.0,0.6722725183823529,9.309535026550293,436
PlayingDhol/v_PlayingDhol_g04_c02.avi,0.5610843896865845,1.3990634679794312,26.0,0.7160431985294118,7.4099225997924805,453
PlayingDhol/v_PlayingDhol_g04_c03.avi,0.6274183988571167,1.2500584125518799,12.529964447021484,0.6836672794117648,7.039725303649902,451
PlayingDhol/v_PlayingDhol_g04_c04.avi,0.714112401008606,1.6165759563446045,34.539833068847656,0.6638488051470588,8.305261611938477,410
PlayingDhol/v_PlayingDhol_g04_c05.avi,0.31048116087913513,0.7866408228874207,11.0,0.8015257352941176,1.5380094051361084,424
PlayingDhol/v_PlayingDhol_g04_c06.avi,0.7782888412475586,1.3580893278121948,18.681541442871094,0.6138189338235294,11.628405570983887,447
PlayingDhol/v_PlayingDhol_g04_c07.avi,0.647119402885437,1.257269263267517,18.0,0.6702918198529412,7.85385274887085,442
PlayingDhol/v_PlayingDhol_g05_c01.avi,1.8673664331436157,3.1523728370666504,36.055511474609375,0.3429917279411765,315.1429748535156,283
PlayingDhol/v_PlayingDhol_g05_c02.avi,2.904337167739868,4.057892799377441,49.72926712036133,0.2030422794117647,447.99560546875,267
PlayingDhol/v_PlayingDhol_g05_c03.avi,3.6712870597839355,4.816128730773926,60.464866638183594,0.2899264705882353,371.3773498535156,215
PlayingDhol/v_PlayingDhol_g05_c04.avi,4.091618061065674,4.492138385772705,43.28972244262695,0.18301700367647059,551.4640502929688,296
PlayingDhol/v_PlayingDhol_g05_c05.avi,1.0087356567382812,1.9081236124038696,20.02498435974121,0.5086672794117647,144.9837646484375,302
PlayingDhol/v_PlayingDhol_g05_c06.avi,4.111969947814941,5.729411602020264,63.12685775756836,0.24722426470588235,727.2103881835938,294
PlayingDhol/v_PlayingDhol_g05_c07.avi,2.5123305320739746,3.471381664276123,44.14748001098633,0.28692095588235295,321.3172607421875,271
PlayingDhol/v_PlayingDhol_g06_c01.avi,0.7981820106506348,1.6182689666748047,17.262676239013672,0.6167302389705882,42.65440368652344,376
PlayingDhol/v_PlayingDhol_g06_c02.avi,1.6130971908569336,2.656052827835083,26.925823211669922,0.49816176470588236,59.049560546875,367
PlayingDhol/v_PlayingDhol_g06_c03.avi,0.3972318172454834,1.0563017129898071,12.529964447021484,0.77875,15.323443412780762,364
PlayingDhol/v_PlayingDhol_g06_c04.avi,1.3426098823547363,2.506324291229248,31.016124725341797,0.5065900735294118,71.26221466064453,371
PlayingDhol/v_PlayingDhol_g06_c05.avi,1.157725214958191,2.3558530807495117,29.4108829498291,0.5866452205882353,59.1486930847168,385
PlayingDhol/v_PlayingDhol_g06_c06.avi,0.3995787799358368,0.8633077144622803,8.246211051940918,0.7295220588235294,17.185298919677734,363
PlayingDhol/v_PlayingDhol_g06_c07.avi,2.1228115558624268,3.068826913833618,41.18252182006836,0.3642693014705882,116.35173034667969,356
PlayingDhol/v_PlayingDhol_g07_c01.avi,3.0964772701263428,6.513815879821777,98.0051040649414,0.370078125,156.36862182617188,257
PlayingDhol/v_PlayingDhol_g07_c02.avi,4.299195289611816,7.829787254333496,95.7078857421875,0.40721277573529413,95.54356384277344,254
PlayingDhol/v_PlayingDhol_g07_c03.avi,1.0383387804031372,2.371965169906616,31.0,0.557077205882353,46.25479507446289,261
PlayingDhol/v_PlayingDhol_g07_c04.avi,1.6432486772537231,2.7362451553344727,33.0,0.4372771139705882,99.26176452636719,253
PlayingDhol/v_PlayingDhol_g07_c05.avi,1.1571124792099,2.302194595336914,23.0,0.5577734375,51.3736686706543,276
PlayingDhol/v_PlayingDhol_g07_c06.avi,1.7517445087432861,4.111147880554199,44.0,0.5688097426470589,81.58311462402344,250
PlayingDhol/v_PlayingDhol_g07_c07.avi,1.4346177577972412,2.708451747894287,35.0,0.46548253676470586,124.06895446777344,269
PlayingFlute/v_PlayingFlute_g01_c01.avi,1.642443299293518,2.9767935276031494,45.0,0.5050091911764706,54.15229415893555,253
PlayingFlute/v_PlayingFlute_g01_c02.avi,0.7055398225784302,1.2373212575912476,8.9442720413208,0.6393382352941176,6.5776214599609375,301
PlayingFlute/v_PlayingFlute_g01_c03.avi,0.7509104013442993,1.3921502828598022,10.770329475402832,0.6584191176470588,5.058413505554199,303
PlayingFlute/v_PlayingFlute_g01_c04.avi,1.3243440389633179,3.075747489929199,61.0,0.5641842830882353,23.316070556640625,350
PlayingFlute/v_PlayingFlute_g01_c05.avi,0.7886688113212585,1.4506546258926392,15.29705810546875,0.6534926470588235,8.710615158081055,364
PlayingFlute/v_PlayingFlute_g01_c06.avi,2.080605983734131,4.261927604675293,72.00694274902344,0.4429825367647059,125.09708404541016,330
PlayingFlute/v_PlayingFlute_g01_c07.avi,1.2748777866363525,2.5041277408599854,43.185646057128906,0.5680078125,20.9901180267334,383
PlayingFlute/v_PlayingFlute_g02_c01.avi,1.3898581266403198,3.178011894226074,56.0,0.6091153492647059,248.14462280273438,252
PlayingFlute/v_PlayingFlute_g02_c02.avi,0.8124919533729553,1.6197892427444458,16.0,0.6580147058823529,29.095409393310547,245
PlayingFlute/v_PlayingFlute_g02_c03.avi,0.7409374713897705,1.5335286855697632,9.486832618713379,0.6784558823529412,26.162944793701172,244
PlayingFlute/v_PlayingFlute_g02_c04.avi,1.7821565866470337,5.594387531280518,112.0,0.5595427389705883,257.1230773925781,198
PlayingFlute/v_PlayingFlute_g02_c05.avi,1.2201454639434814,2.468285322189331,38.0,0.5879342830882353,127.48237609863281,248
PlayingFlute/v_PlayingFlute_g02_c06.avi,1.4711546897888184,2.597472667694092,42.0,0.5250528492647059,270.24444580078125,205
PlayingFlute/v_PlayingFlute_g02_c07.avi,1.4038121700286865,2.8391566276550293,52.0,0.5633708639705882,219.50308227539062,218
PlayingFlute/v_PlayingFlute_g03_c01.avi,3.4025685787200928,3.9590933322906494,47.0,0.2248138786764706,240.85018920898438,234
PlayingFlute/v_PlayingFlute_g03_c02.avi,3.5421347618103027,5.175337791442871,40.024993896484375,0.3007329963235294,200.5851593017578,223
PlayingFlute/v_PlayingFlute_g03_c03.avi,2.2206997871398926,2.559922218322754,28.160255432128906,0.33138097426470586,90.20271301269531,248
PlayingFlute/v_PlayingFlute_g03_c04.avi,3.271449327468872,4.817630767822266,46.27094268798828,0.3216980698529412,177.3706817626953,221
PlayingFlute/v_PlayingFlute_g03_c05.avi,2.366122007369995,3.0637450218200684,36.0,0.3086511948529412,165.3369140625,199
PlayingFlute/v_PlayingFlute_g03_c06.avi,2.1316940784454346,2.6290504932403564,40.0,0.32746783088235293,109.9366226196289,187
PlayingFlute/v_PlayingFlute_g03_c07.avi,2.9275286197662354,3.987215995788574,49.36598205566406,0.28058823529411764,193.76950073242188,229
PlayingFlute/v_PlayingFlute_g04_c01.avi,5.454236030578613,10.257855415344238,75.59100341796875,0.2642578125,159.32411193847656,279
PlayingFlute/v_PlayingFlute_g04_c02.avi,7.64072847366333,11.574078559875488,75.0,0.208203125,215.81613159179688,293
PlayingFlute/v_PlayingFlute_g04_c03.avi,11.316311836242676,17.561885833740234,114.03946685791016,0.20018841911764707,325.87396240234375,300
PlayingFlute/v_PlayingFlute_g04_c04.avi,2.77021861076355,4.221278667449951,43.931766510009766,0.31572380514705883,103.7444076538086,273
PlayingFlute/v_PlayingFlute_g04_c05.avi,5.1279826164245605,8.194316864013672,63.24555206298828,0.24458180147058822,189.5024871826172,388
PlayingFlute/v_PlayingFlute_g04_c06.avi,4.8047943115234375,7.096014976501465,42.20189666748047,0.2277090992647059,185.54942321777344,267
PlayingFlute/v_PlayingFlute_g04_c07.avi,5.046367168426514,8.194170951843262,66.2872543334961,0.23584329044117647,131.62374877929688,285
PlayingFlute/v_PlayingFlute_g05_c01.avi,6.108090400695801,17.068431854248047,184.0,0.37507123161764705,135.5574188232422,319
PlayingFlute/v_PlayingFlute_g05_c02.avi,6.181477069854736,11.658689498901367,153.0,0.22066636029411765,157.634765625,270
PlayingFlute/v_PlayingFlute_g05_c03.avi,4.387042999267578,9.50298023223877,82.0,0.41768382352941175,90.21342468261719,222
PlayingFlute/v_PlayingFlute_g05_c04.avi,3.044429302215576,5.190101623535156,56.0,0.3418129595588235,55.658180236816406,199
PlayingFlute/v_PlayingFlute_g05_c05.avi,10.567388534545898,23.78239631652832,307.0,0.2696691176470588,153.90037536621094,235
PlayingFlute/v_PlayingFlute_g05_c06.avi,12.06904411315918,18.988338470458984,165.0,0.16891314338235294,192.14041137695312,239
PlayingFlute/v_PlayingFlute_g05_c07.avi,1.4281519651412964,2.513174057006836,24.0,0.4957720588235294,11.687212944030762,122
PlayingFlute/v_PlayingFlute_g06_c01.avi,2.7879488468170166,3.104167938232422,30.01666259765625,0.30926930147058823,180.11900329589844,120
PlayingFlute/v_PlayingFlute_g06_c02.avi,4.276772975921631,6.63770055770874,50.35871505737305,0.3260179227941176,78.69163513183594,218
PlayingFlute/v_PlayingFlute_g06_c03.avi,2.7820935249328613,3.9702491760253906,35.510562896728516,0.26515625,46.62993621826172,152
PlayingFlute/v_PlayingFlute_g06_c04.avi,1.8620600700378418,2.3802120685577393,17.72004508972168,0.4497909007352941,77.57622528076172,333
PlayingFlute/v_PlayingFlute_g06_c05.avi,2.2833900451660156,2.4897429943084717,23.021728515625,0.3096438419117647,191.06124877929688,118
PlayingFlute/v_PlayingFlute_g06_c06.avi,1.4319037199020386,1.9326350688934326,18.11077117919922,0.4640579044117647,111.22015380859375,222
PlayingFlute/v_PlayingFlute_g07_c01.avi,2.2190048694610596,5.133370399475098,64.66065216064453,0.6209880514705882,246.25146484375,215
PlayingFlute/v_PlayingFlute_g07_c02.avi,1.177528977394104,2.3181838989257812,18.0,0.6332582720588236,164.71621704101562,250
PlayingFlute/v_PlayingFlute_g07_c03.avi,1.826330542564392,3.479093551635742,30.463092803955078,0.5959329044117647,170.5233612060547,205
PlayingFlute/v_PlayingFlute_g07_c04.avi,1.06036376953125,2.3034250736236572,18.601076126098633,0.6624126838235294,167.42254638671875,407
PlayingFlute/v_PlayingFlute_g07_c05.avi,1.9534776210784912,3.9736759662628174,33.13608169555664,0.6395496323529412,254.476318359375,163
PlayingFlute/v_PlayingFlute_g07_c06.avi,1.6054213047027588,3.339979648590088,49.36598205566406,0.6174310661764706,251.86825561523438,278
PlayingFlute/v_PlayingFlute_g07_c07.avi,0.4061228036880493,0.9772549271583557,10.198039054870605,0.7711397058823529,28.271564483642578,245
PlayingGuitar/v_PlayingGuitar_g01_c01.avi,1.2949330806732178,2.1344549655914307,18.027755737304688,0.4489108455882353,78.36985778808594,249
PlayingGuitar/v_PlayingGuitar_g01_c02.avi,1.2810887098312378,1.9154820442199707,17.804492950439453,0.41584329044117646,91.02432250976562,249
PlayingGuitar/v_PlayingGuitar_g01_c03.avi,1.5842170715332031,2.968970775604248,39.560081481933594,0.39360523897058824,104.70695495605469,249
PlayingGuitar/v_PlayingGuitar_g01_c04.avi,1.663427472114563,2.316743850708008,28.23118782043457,0.3034283088235294,128.48338317871094,249
PlayingGuitar/v_PlayingGuitar_g01_c05.avi,1.788233757019043,3.505432605743408,57.628116607666016,0.41012178308823527,146.74978637695312,237
PlayingGuitar/v_PlayingGuitar_g01_c06.avi,1.139823317527771,2.0489840507507324,33.541019439697266,0.5151378676470588,92.41658020019531,249
PlayingGuitar/v_PlayingGuitar_g02_c01.avi,1.6640961170196533,2.6318204402923584,26.07680892944336,0.47515625,228.39932250976562,249
PlayingGuitar/v_PlayingGuitar_g02_c02.avi,1.2007246017456055,1.7556688785552979,21.954498291015625,0.5092279411764706,174.8070068359375,249
PlayingGuitar/v_PlayingGuitar_g02_c03.avi,2.0648553371429443,2.6190853118896484,31.016124725341797,0.38514016544117646,263.2476501464844,249
PlayingGuitar/v_PlayingGuitar_g02_c04.avi,1.9300439357757568,2.373816967010498,24.166091918945312,0.3255652573529412,403.5119934082031,199
PlayingGuitar/v_PlayingGuitar_g03_c01.avi,1.1922422647476196,2.5099565982818604,47.07440948486328,0.5584788602941176,105.92620849609375,249
PlayingGuitar/v_PlayingGuitar_g03_c02.avi,0.9414006471633911,1.890267252922058,26.419689178466797,0.6019301470588235,69.45539855957031,249
PlayingGuitar/v_PlayingGuitar_g03_c03.avi,1.0209972858428955,2.2115767002105713,31.016124725341797,0.5798713235294117,84.55533599853516,249
PlayingGuitar/v_PlayingGuitar_g03_c04.avi,1.3759748935699463,2.4709861278533936,26.4007568359375,0.5274195772058824,89.0859603881836,249
PlayingGuitar/v_PlayingGuitar_g03_c05.avi,1.2834820747375488,2.359006643295288,22.090721130371094,0.5449287683823529,109.79145812988281,249
PlayingGuitar/v_PlayingGuitar_g03_c06.avi,1.4792054891586304,3.2645931243896484,37.64305877685547,0.5745289522058824,110.64263916015625,249
PlayingGuitar/v_PlayingGuitar_g03_c07.avi,1.3717052936553955,2.9865052700042725,37.121421813964844,0.5802665441176471,86.02935028076172,249
PlayingGuitar/v_PlayingGuitar_g04_c01.avi,0.2657143175601959,0.8299998044967651,11.0,0.8468772977941177,40.27883529663086,249
PlayingGuitar/v_PlayingGuitar_g04_c02.avi,0.21742920577526093,0.7054340243339539,16.0,0.8604411764705883,40.38124465942383,249
PlayingGuitar/v_PlayingGuitar_g04_c03.avi,0.1719069480895996,0.6144269704818726,15.0,0.8855238970588235,16.277698516845703,249
PlayingGuitar/v_PlayingGuitar_g04_c04.avi,0.39107558131217957,1.0360045433044434,13.45362377166748,0.7830238970588236,54.5008430480957,249
PlayingGuitar/v_PlayingGuitar_g04_c05.avi,0.30280300974845886,1.2018688917160034,26.172504425048828,0.844186580882353,74.38693237304688,249
PlayingGuitar/v_PlayingGuitar_g04_c06.avi,0.2540524899959564,0.7593111395835876,16.124515533447266,0.8366727941176471,36.628440856933594,249
PlayingGuitar/v_PlayingGuitar_g04_c07.avi,0.9152579307556152,2.4057931900024414,37.0,0.6533340992647059,157.7457733154297,249
PlayingGuitar/v_PlayingGuitar_g05_c01.avi,0.5828896760940552,1.4285858869552612,21.095022201538086,0.7057513786764706,103.9569320678711,249
PlayingGuitar/v_PlayingGuitar_g05_c02.avi,1.057908296585083,1.8975332975387573,22.360679626464844,0.5613189338235294,135.40684509277344,211
PlayingGuitar/v_PlayingGuitar_g05_c03.avi,0.6712563633918762,1.7122185230255127,22.472204208374023,0.6902136948529412,129.10702514648438,249
PlayingGuitar/v_PlayingGuitar_g05_c04.avi,0.5917122960090637,1.4047845602035522,21.0,0.7044370404411765,93.45293426513672,249
PlayingGuitar/v_PlayingGuitar_g05_c05.avi,1.2341188192367554,3.049701690673828,26.4007568359375,0.6598644301470589,221.4301300048828,233
PlayingGuitar/v_PlayingGuitar_g06_c01.avi,0.48802658915519714,1.1936272382736206,21.02379608154297,0.7353125,38.619224548339844,249
PlayingGuitar/v_PlayingGuitar_g06_c02.avi,0.8133357763290405,2.276041030883789,22.847318649291992,0.6854526654411764,77.53752136230469,249
PlayingGuitar/v_PlayingGuitar_g06_c03.avi,0.7081825733184814,1.639893889427185,17.72004508972168,0.6990877757352941,88.57806396484375,249
PlayingGuitar/v_PlayingGuitar_g06_c04.avi,0.5917248725891113,1.2542444467544556,15.132745742797852,0.6855307904411765,52.2299690246582,249
PlayingGuitar/v_PlayingGuitar_g06_c05.avi,0.6962666511535645,1.4311243295669556,13.0,0.6910776654411764,80.09525299072266,249
PlayingGuitar/v_PlayingGuitar_g06_c06.avi,0.6691504716873169,2.141737699508667,31.064449310302734,0.7213694852941176,60.390724182128906,249
PlayingGuitar/v_PlayingGuitar_g06_c07.avi,0.49811744689941406,1.1236367225646973,12.369317054748535,0.7130261948529412,61.16577911376953,249
PlayingGuitar/v_PlayingGuitar_g07_c01.avi,1.0468616485595703,2.256782054901123,31.0,0.6087040441176471,41.45587921142578,249
PlayingGuitar/v_PlayingGuitar_g07_c02.avi,0.9134324789047241,1.9836504459381104,29.017236709594727,0.6154457720588236,39.17148971557617,249
PlayingGuitar/v_PlayingGuitar_g07_c03.avi,0.9026125073432922,2.0482919216156006,23.0,0.6576194852941176,27.0367431640625,249
PlayingGuitar/v_PlayingGuitar_g07_c04.avi,0.9733616709709167,2.1420960426330566,26.0,0.6453239889705882,33.23661804199219,249
PlayingGuitar/v_PlayingGuitar_g07_c05.avi,1.1351430416107178,2.1072630882263184,20.0,0.5619094669117647,59.575172424316406,249
PlayingGuitar/v_PlayingGuitar_g07_c06.avi,0.842214047908783,1.8013176918029785,22.090721130371094,0.6503377757352942,26.548900604248047,249
PlayingGuitar/v_PlayingGuitar_g07_c07.avi,0.9548711180686951,2.0333285331726074,32.24903106689453,0.6173184742647059,42.99029541015625,249
PlayingPiano/v_PlayingPiano_g01_c01.avi,0.9291349649429321,1.8707289695739746,27.784887313842773,0.6078745404411765,136.795166015625,217
PlayingPiano/v_PlayingPiano_g01_c02.avi,0.848796010017395,1.8690377473831177,27.459060668945312,0.6684352022058824,110.11784362792969,220
PlayingPiano/v_PlayingPiano_g01_c03.avi,0.5043452978134155,1.1767213344573975,17.029386520385742,0.7393933823529412,50.04798126220703,213
PlayingPiano/v_PlayingPiano_g01_c04.avi,1.0189433097839355,2.311683416366577,31.0,0.6214659926470588,74.60920715332031,214
PlayingPiano/v_PlayingPiano_g02_c01.avi,1.6568394899368286,2.847259759902954,39.217342376708984,0.4782169117647059,46.57905197143555,224
PlayingPiano/v_PlayingPiano_g02_c02.avi,1.31832754611969,2.029052495956421,21.189620971679688,0.5104319852941176,64.05384826660156,216
PlayingPiano/v_PlayingPiano_g02_c03.avi,1.8063124418258667,2.3723909854888916,23.021728515625,0.4184352022058824,46.36201858520508,216
PlayingPiano/v_PlayingPiano_g02_c04.avi,1.6045206785202026,2.412707567214966,27.658634185791016,0.4461282169117647,42.8942756652832,209
PlayingPiano/v_PlayingPiano_g03_c01.avi,1.4586687088012695,2.0131282806396484,24.083189010620117,0.45426470588235296,19.213924407958984,227
PlayingPiano/v_PlayingPiano_g03_c02.avi,1.721065878868103,2.246626138687134,20.615528106689453,0.3997472426470588,76.37745666503906,206
PlayingPiano/v_PlayingPiano_g03_c03.avi,1.439663052558899,1.8435912132263184,15.81138801574707,0.4414384191176471,65.54266357421875,227
PlayingPiano/v_PlayingPiano_g03_c04.avi,0.6550228595733643,1.3697134256362915,19.10497283935547,0.7043014705882353,7.494946479797363,247
PlayingPiano/v_PlayingPiano_g04_c01.avi,0.8755099773406982,1.538016676902771,16.124515533447266,0.6482766544117647,74.87162017822266,211
PlayingPiano/v_PlayingPiano_g04_c02.avi,1.0355334281921387,2.179755449295044,20.615528106689453,0.6308961397058823,104.14656066894531,204
PlayingPiano/v_PlayingPiano_g04_c03.avi,1.0659626722335815,1.886561393737793,16.492422103881836,0.614967830882353,87.75360870361328,204
PlayingPiano/v_PlayingPiano_g04_c04.avi,1.1279939413070679,1.9133087396621704,19.02629852294922,0.6011167279411764,102.6064453125,225
PlayingPiano/v_PlayingPiano_g05_c01.avi,1.2044280767440796,2.067638635635376,26.07680892944336,0.604342830882353,15.850584030151367,211
PlayingPiano/v_PlayingPiano_g05_c02.avi,1.1779444217681885,2.1117329597473145,24.0,0.6057008272058824,32.009986877441406,224
PlayingPiano/v_PlayingPiano_g05_c03.avi,2.181443214416504,3.472341537475586,28.07133674621582,0.5179434742647059,197.6880340576172,237
PlayingPiano/v_PlayingPiano_g05_c04.avi,2.183224678039551,4.116586685180664,66.0,0.5126516544117647,63.064720153808594,237
PlayingPiano/v_PlayingPiano_g06_c01.avi,0.517455518245697,1.3862497806549072,22.0,0.787024356617647,12.729382514953613,221
PlayingPiano/v_PlayingPiano_g06_c02.avi,0.47757816314697266,1.2332007884979248,16.124515533447266,0.7736856617647059,6.374815464019775,221
PlayingPiano/v_PlayingPiano_g06_c03.avi,0.7758779525756836,1.882956862449646,18.0,0.7082123161764706,29.627304077148438,221
PlayingPiano/v_PlayingPiano_g06_c04.avi,0.6023634076118469,1.5629404783248901,23.323806762695312,0.7432352941176471,42.871551513671875,220
PlayingPiano/v_PlayingPiano_g07_c01.avi,0.3305785655975342,1.6217318773269653,38.01315689086914,0.8944852941176471,1.545539140701294,211
PlayingPiano/v_PlayingPiano_g07_c02.avi,0.3181862533092499,1.2848374843597412,19.0,0.8777205882352941,1.2039514780044556,219
PlayingPiano/v_PlayingPiano_g07_c03.avi,0.9940676689147949,1.8681812286376953,19.0,0.6285845588235294,7.131518363952637,227
PlayingPiano/v_PlayingPiano_g07_c04.avi,0.8979827761650085,1.6556458473205566,21.0,0.634563419117647,7.961019992828369,204
PlayingSitar/v_PlayingSitar_g01_c01.avi,0.3219035863876343,1.1548129320144653,26.0,0.8456617647058824,49.56465530395508,102
PlayingSitar/v_PlayingSitar_g01_c02.avi,1.0880087614059448,1.9791563749313354,19.92485809326172,0.49850643382352944,110.88539123535156,140
PlayingSitar/v_PlayingSitar_g01_c03.avi,1.034572720527649,1.424774169921875,16.0,0.5166199448529412,71.9842758178711,128
PlayingSitar/v_PlayingSitar_g01_c04.avi,0.6130083203315735,1.7107532024383545,24.083189010620117,0.7422058823529412,91.64762878417969,129
PlayingSitar/v_PlayingSitar_g02_c01.avi,0.7542949318885803,1.5223602056503296,18.027755737304688,0.6525413602941177,8.87974739074707,249
PlayingSitar/v_PlayingSitar_g02_c02.avi,0.9069453477859497,1.819368600845337,27.459060668945312,0.626484375,12.542253494262695,252
PlayingSitar/v_PlayingSitar_g02_c03.avi,0.8673231601715088,1.701659083366394,20.124610900878906,0.6305032169117647,10.496182441711426,254
PlayingSitar/v_PlayingSitar_g02_c04.avi,1.1494815349578857,2.0625734329223633,24.083189010620117,0.5668543198529412,23.815166473388672,267
PlayingSitar/v_PlayingSitar_g02_c05.avi,0.7732629179954529,1.5364927053451538,17.464248657226562,0.6373322610294118,5.976446151733398,249
PlayingSitar/v_PlayingSitar_g02_c06.avi,0.6654389500617981,1.3764928579330444,16.031219482421875,0.6843221507352941,6.157918453216553,227
PlayingSitar/v_PlayingSitar_g03_c01.avi,0.29064175486564636,0.9536229968070984,12.649110794067383,0.854055606617647,70.41322326660156,354
PlayingSitar/v_PlayingSitar_g03_c02.avi,0.23654071986675262,0.763266384601593,11.180339813232422,0.869563419117647,78.11393737792969,410
PlayingSitar/v_PlayingSitar_g03_c03.avi,0.11763045191764832,0.4875522553920746,6.0,0.9240808823529412,8.1089506149292,422
PlayingSitar/v_PlayingSitar_g03_c04.avi,0.11097357422113419,0.46684280037879944,9.486832618713379,0.9225183823529411,10.91684341430664,421
PlayingSitar/v_PlayingSitar_g03_c05.avi,0.7052075862884521,2.6911845207214355,35.38361358642578,0.8180997242647059,193.4078826904297,418
PlayingSitar/v_PlayingSitar_g03_c06.avi,0.12406796962022781,0.5536747574806213,8.0,0.9288970588235295,16.980621337890625,425
PlayingSitar/v_PlayingSitar_g03_c07.avi,0.4258768856525421,1.1366403102874756,17.492855072021484,0.7885363051470589,158.03195190429688,420
PlayingSitar/v_PlayingSitar_g04_c01.avi,0.2980247437953949,0.84328293800354,13.928388595581055,0.8199747242647059,255.1926727294922,433
PlayingSitar/v_PlayingSitar_g04_c02.avi,0.19743750989437103,0.7920623421669006,9.486832618713379,0.9087178308823529,208.7822265625,419
PlayingSitar/v_PlayingSitar_g04_c03.avi,0.06042966619133949,0.39167213439941406,8.062257766723633,0.9609191176470588,13.272611618041992,421
PlayingSitar/v_PlayingSitar_g04_c04.avi,2.08048152923584,1.7399089336395264,19.235383987426758,0.21537454044117646,240.94155883789062,426
PlayingSitar/v_PlayingSitar_g04_c05.avi,0.2267579734325409,0.8259539008140564,11.180339813232422,0.8753400735294118,231.7197723388672,419
PlayingSitar/v_PlayingSitar_g04_c06.avi,0.14607110619544983,0.6544464826583862,11.661903381347656,0.9216429227941176,230.08572387695312,414
PlayingSitar/v_PlayingSitar_g04_c07.avi,0.050294846296310425,0.30060118436813354,5.0,0.9632421875,52.50053024291992,424
PlayingSitar/v_PlayingSitar_g05_c01.avi,2.4515559673309326,2.847846031188965,19.697715759277344,0.3778216911764706,170.30421447753906,405
PlayingSitar/v_PlayingSitar_g05_c02.avi,3.787226915359497,4.185055732727051,31.016124725341797,0.21862591911764706,254.81417846679688,413
PlayingSitar/v_PlayingSitar_g05_c03.avi,1.143488883972168,1.6669976711273193,22.825424194335938,0.32836167279411765,141.8543243408203,427
PlayingSitar/v_PlayingSitar_g05_c04.avi,1.3116145133972168,1.6261488199234009,18.867961883544922,0.327890625,117.84413146972656,395
PlayingSitar/v_PlayingSitar_g05_c05.avi,2.328091859817505,2.508873701095581,22.022714614868164,0.29772748161764706,214.2584991455078,435
PlayingSitar/v_PlayingSitar_g05_c06.avi,2.3000197410583496,2.977503776550293,22.360679626464844,0.34365579044117645,217.4816131591797,433
PlayingSitar/v_PlayingSitar_g05_c07.avi,1.0190770626068115,1.4983268976211548,26.07680892944336,0.4131640625,162.3440704345703,320
PlayingSitar/v_PlayingSitar_g06_c01.avi,2.8796679973602295,2.1413090229034424,15.81138801574707,0.0755905330882353,530.6055908203125,150
PlayingSitar/v_PlayingSitar_g06_c02.avi,4.285097599029541,5.13041353225708,37.013511657714844,0.1082375919117647,500.102783203125,149
PlayingSitar/v_PlayingSitar_g06_c03.avi,1.010062575340271,1.3085737228393555,19.0,0.4712936580882353,370.71368408203125,143
PlayingSitar/v_PlayingSitar_g06_c04.avi,6.391549110412598,6.6818718910217285,30.675724029541016,0.04490579044117647,225.089599609375,143
PlayingSitar/v_PlayingSitar_g06_c05.avi,1.923452377319336,1.9722307920455933,28.0,0.18323988970588234,457.53143310546875,114
PlayingSitar/v_PlayingSitar_g06_c06.avi,0.9863760471343994,1.9589506387710571,35.0,0.5076125919117647,424.53216552734375,112
PlayingSitar/v_PlayingSitar_g07_c01.avi,1.1839442253112793,1.8397061824798584,23.021728515625,0.48047104779411764,59.136146545410156,385
PlayingSitar/v_PlayingSitar_g07_c02.avi,0.8275261521339417,1.6351338624954224,23.194826126098633,0.5563005514705882,37.76092529296875,273
PlayingSitar/v_PlayingSitar_g07_c03.avi,0.15986087918281555,0.5531291365623474,6.0,0.8956617647058823,4.835536003112793,361
PlayingSitar/v_PlayingSitar_g07_c04.avi,0.671004593372345,1.3783354759216309,16.124515533447266,0.6209007352941176,48.59268569946289,384
PlayingSitar/v_PlayingSitar_g07_c05.avi,1.0045340061187744,2.002894163131714,31.0,0.604993106617647,57.11804962158203,371
PlayingSitar/v_PlayingSitar_g07_c06.avi,0.6556956768035889,1.76421058177948,29.0,0.7162201286764706,51.86464309692383,409
PlayingSitar/v_PlayingSitar_g07_c07.avi,0.28193292021751404,1.0670874118804932,14.0,0.8600367647058823,16.648134231567383,245
PlayingTabla/v_PlayingTabla_g01_c01.avi,0.506422221660614,1.2258700132369995,14.142135620117188,0.7829434742647059,173.77403259277344,247
PlayingTabla/v_PlayingTabla_g01_c02.avi,0.5105686187744141,1.3639932870864868,12.0,0.813274356617647,170.7688751220703,250
PlayingTabla/v_PlayingTabla_g01_c03.avi,0.41104575991630554,1.200642466545105,13.0,0.8357008272058823,153.5786895751953,250
PlayingTabla/v_PlayingTabla_g01_c04.avi,0.7773529887199402,2.274437427520752,30.463092803955078,0.7910248161764706,283.53045654296875,254
PlayingTabla/v_PlayingTabla_g02_c01.avi,1.7725199460983276,4.023365497589111,41.01219177246094,0.5116314338235294,161.8465576171875,317
PlayingTabla/v_PlayingTabla_g02_c02.avi,1.726264476776123,3.761725425720215,44.9110221862793,0.6014315257352941,160.1786651611328,289
PlayingTabla/v_PlayingTabla_g02_c03.avi,2.3383190631866455,4.820183753967285,57.00876998901367,0.47085248161764703,231.7274932861328,297
PlayingTabla/v_PlayingTabla_g02_c04.avi,2.2673685550689697,4.887945175170898,66.75328063964844,0.4615372242647059,175.363037109375,312
PlayingTabla/v_PlayingTabla_g03_c01.avi,1.3404361009597778,2.2635810375213623,35.22782897949219,0.5295427389705882,111.9273681640625,292
PlayingTabla/v_PlayingTabla_g03_c02.avi,1.3741084337234497,2.242628574371338,23.409399032592773,0.5149954044117647,125.24266052246094,312
PlayingTabla/v_PlayingTabla_g03_c03.avi,1.4492453336715698,2.3016903400421143,24.166091918945312,0.5007398897058823,134.58299255371094,254
PlayingTabla/v_PlayingTabla_g03_c04.avi,1.5499593019485474,2.3713297843933105,29.96664810180664,0.4643221507352941,129.6842803955078,235
PlayingTabla/v_PlayingTabla_g03_c05.avi,1.7181096076965332,2.6280016899108887,30.4138126373291,0.449609375,140.0904541015625,253
PlayingTabla/v_PlayingTabla_g04_c01.avi,1.765700340270996,3.160177230834961,32.140316009521484,0.4882605698529412,77.13108825683594,248
PlayingTabla/v_PlayingTabla_g04_c02.avi,0.8944892883300781,1.800918459892273,16.76305389404297,0.6152573529411764,26.610488891601562,301
PlayingTabla/v_PlayingTabla_g04_c03.avi,3.139775037765503,4.0021843910217285,32.24903106689453,0.3039131433823529,154.3018035888672,296
PlayingTabla/v_PlayingTabla_g04_c04.avi,1.982677936553955,2.904452085494995,23.76972770690918,0.3844002757352941,93.87799835205078,380
PlayingTabla/v_PlayingTabla_g04_c05.avi,2.199301242828369,3.56251859664917,43.931766510009766,0.4377182904411765,102.37962341308594,318
PlayingTabla/v_PlayingTabla_g04_c06.avi,1.997074007987976,3.209986925125122,29.73213768005371,0.4539407169117647,90.63475799560547,319
PlayingTabla/v_PlayingTabla_g05_c01.avi,0.2618540823459625,0.8057103753089905,14.0,0.8430422794117647,41.20226287841797,269
PlayingTabla/v_PlayingTabla_g05_c02.avi,0.561427891254425,1.431637167930603,21.40093421936035,0.734453125,118.03804779052734,246
PlayingTabla/v_PlayingTabla_g05_c03.avi,0.2535303235054016,0.8338145017623901,12.165525436401367,0.8538671875,118.49076843261719,259
PlayingTabla/v_PlayingTabla_g05_c04.avi,0.3714842200279236,1.2848973274230957,26.4007568359375,0.830703125,162.341796875,266
PlayingTabla/v_PlayingTabla_g06_c01.avi,0.5821738839149475,2.6498873233795166,51.244510650634766,0.8457720588235295,26.853271484375,208
PlayingTabla/v_PlayingTabla_g06_c02.avi,0.25754761695861816,0.9534076452255249,15.0,0.8853308823529412,35.74226760864258,205
PlayingTabla/v_PlayingTabla_g06_c03.avi,0.12110155075788498,0.5197954773902893,8.062257766723633,0.9251470588235294,5.4030680656433105,243
PlayingTabla/v_PlayingTabla_g06_c04.avi,0.43800991773605347,1.8779748678207397,22.803508758544922,0.8611420036764705,37.005516052246094,233
PlayingTabla/v_PlayingTabla_g07_c01.avi,0.9273539185523987,1.7740066051483154,17.262676239013672,0.6404021139705882,83.71883392333984,250
PlayingTabla/v_PlayingTabla_g07_c02.avi,0.5264492034912109,1.066718339920044,8.246211051940918,0.7227573529411765,23.135595321655273,244
PlayingTabla/v_PlayingTabla_g07_c03.avi,0.7656813859939575,1.381655216217041,12.165525436401367,0.6380307904411765,73.85902404785156,265
PlayingTabla/v_PlayingTabla_g07_c04.avi,0.843560516834259,1.4184244871139526,10.630146026611328,0.6208455882352941,59.106300354003906,250
PlayingViolin/v_PlayingViolin_g01_c01.avi,0.5441660284996033,1.0280375480651855,8.5440034866333,0.6829044117647058,14.676249504089355,185
PlayingViolin/v_PlayingViolin_g01_c02.avi,1.7724064588546753,3.872021436691284,39.96248245239258,0.5826079963235294,132.89236450195312,168
PlayingViolin/v_PlayingViolin_g01_c03.avi,1.5441323518753052,3.642474889755249,48.754486083984375,0.5685799632352941,115.2293930053711,169
PlayingViolin/v_PlayingViolin_g01_c04.avi,2.221177577972412,4.378233909606934,49.25444030761719,0.5187545955882353,182.5348358154297,177
PlayingViolin/v_PlayingViolin_g02_c01.avi,3.390993118286133,6.646350860595703,77.23341369628906,0.4270266544117647,272.1865539550781,168
PlayingViolin/v_PlayingViolin_g02_c02.avi,5.144099712371826,8.511439323425293,105.34230041503906,0.2702734375,402.9834899902344,338
PlayingViolin/v_PlayingViolin_g02_c03.avi,6.758450508117676,10.506382942199707,103.61949920654297,0.20855698529411765,427.9063415527344,508
PlayingViolin/v_PlayingViolin_g02_c04.avi,2.292151689529419,4.601877689361572,69.02897644042969,0.42623391544117645,224.697998046875,179
PlayingViolin/v_PlayingViolin_g03_c01.avi,3.3771069049835205,6.24920654296875,69.31810760498047,0.3839682904411765,239.978271484375,180
PlayingViolin/v_PlayingViolin_g03_c02.avi,4.786594867706299,8.974359512329102,94.9210205078125,0.42028033088235295,287.7722473144531,180
PlayingViolin/v_PlayingViolin_g03_c03.avi,5.909024715423584,8.231377601623535,68.62215423583984,0.3112637867647059,519.0455932617188,180
PlayingViolin/v_PlayingViolin_g03_c04.avi,1.6883296966552734,3.229448080062866,31.0,0.5416980698529412,174.98887634277344,198
PlayingViolin/v_PlayingViolin_g04_c01.avi,2.739781379699707,5.654415607452393,44.10215377807617,0.4816015625,370.5374450683594,175
PlayingViolin/v_PlayingViolin_g04_c02.avi,3.649676561355591,9.46900749206543,124.80785369873047,0.4924793198529412,873.14404296875,173
PlayingViolin/v_PlayingViolin_g04_c03.avi,2.0319762229919434,4.185171127319336,45.221675872802734,0.5376746323529412,284.0496826171875,168
PlayingViolin/v_PlayingViolin_g04_c04.avi,5.332856178283691,10.716737747192383,135.94483947753906,0.3819577205882353,737.637451171875,175
PlayingViolin/v_PlayingViolin_g05_c01.avi,1.9646817445755005,3.9776766300201416,37.6961555480957,0.6424379595588235,156.816650390625,175
PlayingViolin/v_PlayingViolin_g05_c02.avi,2.1464531421661377,4.211153984069824,33.12099075317383,0.5725436580882353,225.8255615234375,175
PlayingViolin/v_PlayingViolin_g05_c03.avi,0.8530406951904297,3.4200050830841064,87.0,0.6906847426470588,57.656349182128906,168
PlayingViolin/v_PlayingViolin_g05_c04.avi,0.5565396547317505,1.1992518901824951,12.0,0.7156617647058824,16.258840560913086,183
PlayingViolin/v_PlayingViolin_g06_c01.avi,1.5444400310516357,4.357168197631836,44.384681701660156,0.7356755514705883,349.41253662109375,176
PlayingViolin/v_PlayingViolin_g06_c02.avi,0.7568903565406799,3.624448776245117,58.52349853515625,0.832532169117647,176.79461669921875,175
PlayingViolin/v_PlayingViolin_g06_c03.avi,1.1175943613052368,4.200270652770996,45.80392837524414,0.7923460477941177,319.4465637207031,176
PlayingViolin/v_PlayingViolin_g06_c04.avi,1.1766998767852783,3.104247570037842,40.0,0.743821231617647,174.0135040283203,186
PlayingViolin/v_PlayingViolin_g07_c01.avi,15.500298500061035,11.974395751953125,80.22468566894531,0.062417279411764705,510.4664001464844,177
PlayingViolin/v_PlayingViolin_g07_c02.avi,7.321603298187256,9.362433433532715,84.89994049072266,0.09278952205882353,326.7295837402344,173
PlayingViolin/v_PlayingViolin_g07_c03.avi,14.632190704345703,18.582496643066406,91.0,0.16489430147058823,293.04840087890625,167
PlayingViolin/v_PlayingViolin_g07_c04.avi,14.972250938415527,15.046772956848145,80.22468566894531,0.0612155330882353,430.74676513671875,172
PoleVault/v_PoleVault_g01_c01.avi,25.732627868652344,35.290771484375,213.78961181640625,0.33089154411764704,578.3896484375,195
PoleVault/v_PoleVault_g01_c02.avi,31.968814849853516,43.82106399536133,214.0,0.27525045955882355,1133.53662109375,240
PoleVault/v_PoleVault_g01_c03.avi,23.692262649536133,33.49205017089844,176.01136779785156,0.21643841911764705,447.7843322753906,208
PoleVault/v_PoleVault_g01_c04.avi,18.001310348510742,23.77884864807129,152.0,0.23591452205882352,583.8817138671875,200
PoleVault/v_PoleVault_g01_c05.avi,20.268821716308594,29.621782302856445,146.0,0.212734375,244.4390106201172,194
PoleVault/v_PoleVault_g02_c01.avi,0.5952573418617249,2.0587003231048584,40.49691390991211,0.7869094669117647,69.5141372680664,117
PoleVault/v_PoleVault_g02_c02.avi,0.3237505257129669,1.336361050605774,27.892650604248047,0.8647748161764706,43.84177017211914,79
PoleVault/v_PoleVault_g02_c03.avi,0.6265867948532104,3.2060301303863525,58.694122314453125,0.8643795955882353,60.128143310546875,116
PoleVault/v_PoleVault_g02_c04.avi,0.47508755326271057,1.518071174621582,29.017236709594727,0.8105124080882353,56.734291076660156,100
PoleVault/v_PoleVault_g02_c05.avi,0.36576247215270996,1.5486600399017334,28.42534065246582,0.8548988970588235,49.36714553833008,99
PoleVault/v_PoleVault_g02_c06.avi,0.33568230271339417,1.139178991317749,22.090721130371094,0.8307651654411765,49.67863082885742,96
PoleVault/v_PoleVault_g02_c07.avi,0.3641640841960907,1.620894193649292,40.199501037597656,0.8587408088235294,41.72068786621094,107
PoleVault/v_PoleVault_g03_c01.avi,24.117761611938477,31.703338623046875,190.9476318359375,0.06383272058823529,1484.655517578125,180
PoleVault/v_PoleVault_g03_c02.avi,12.619909286499023,17.13701820373535,89.26925659179688,0.11477941176470588,644.5986938476562,196
PoleVault/v_PoleVault_g03_c03.avi,15.561385154724121,24.524120330810547,128.0,0.20264476102941176,480.5335998535156,221
PoleVault/v_PoleVault_g03_c04.avi,9.27702522277832,13.472051620483398,69.1158447265625,0.10069623161764706,491.19189453125,254
PoleVault/v_PoleVault_g03_c05.avi,15.833438873291016,28.2791805267334,135.0037078857422,0.1060845588235294,659.96533203125,175
PoleVault/v_PoleVault_g03_c06.avi,12.981081008911133,18.54404640197754,78.63841247558594,0.1909076286764706,421.2059631347656,226
PoleVault/v_PoleVault_g03_c07.avi,6.326269626617432,11.760418891906738,58.00862121582031,0.39926930147058826,198.00601196289062,271
PoleVault/v_PoleVault_g04_c01.avi,16.102615356445312,22.557903289794922,101.12368774414062,0.19117876838235295,885.2667846679688,209
PoleVault/v_PoleVault_g04_c02.avi,12.390115737915039,24.658065795898438,242.01239013671875,0.2763028492647059,1486.62060546875,217
PoleVault/v_PoleVault_g04_c03.avi,9.302794456481934,20.8472957611084,188.09571838378906,0.4343887867647059,656.6673583984375,218
PoleVault/v_PoleVault_g04_c04.avi,5.530395030975342,6.9684271812438965,32.06243896484375,0.3139269301470588,235.49374389648438,185
PoleVault/v_PoleVault_g04_c05.avi,5.165520668029785,10.463165283203125,121.7579574584961,0.27540441176470587,662.6507568359375,254
PoleVault/v_PoleVault_g04_c06.avi,3.1794562339782715,4.053443908691406,27.166154861450195,0.2762155330882353,100.91563415527344,185
PoleVault/v_PoleVault_g04_c07.avi,16.731178283691406,25.777790069580078,133.22161865234375,0.3778377757352941,669.9061889648438,202
PoleVault/v_PoleVault_g05_c01.avi,15.575373649597168,27.630130767822266,113.28282928466797,0.1876034007352941,413.4442443847656,215
PoleVault/v_PoleVault_g05_c02.avi,8.153139114379883,11.7511625289917,47.01063537597656,0.09049632352941177,419.03143310546875,314
PoleVault/v_PoleVault_g05_c03.avi,6.874666690826416,10.953813552856445,69.1158447265625,0.22746323529411766,378.3752136230469,200
PoleVault/v_PoleVault_g05_c04.avi,23.731534957885742,24.97060203552246,157.71493530273438,0.0390234375,885.1214599609375,266
PoleVault/v_PoleVault_g05_c05.avi,12.876062393188477,18.574209213256836,110.22250366210938,0.14844439338235293,414.11187744140625,160
PoleVault/v_PoleVault_g06_c01.avi,8.35850715637207,11.708043098449707,127.57743072509766,0.17624770220588235,254.2529754638672,128
PoleVault/v_PoleVault_g06_c02.avi,16.0228328704834,20.64208221435547,83.21658325195312,0.23692095588235293,193.5940399169922,153
PoleVault/v_PoleVault_g06_c03.avi,11.688250541687012,17.391698837280273,79.71198272705078,0.3124149816176471,251.1857147216797,155
PoleVault/v_PoleVault_g06_c04.avi,13.296172142028809,10.481024742126465,44.72135925292969,0.1740280330882353,473.8412170410156,277
PoleVault/v_PoleVault_g06_c05.avi,19.650476455688477,19.28223991394043,103.94229125976562,0.026578584558823528,988.7586059570312,259
PoleVault/v_PoleVault_g07_c01.avi,6.558899402618408,8.849143028259277,57.48912811279297,0.29767922794117646,477.5670471191406,259
PoleVault/v_PoleVault_g07_c02.avi,2.819248676300049,3.5493998527526855,44.384681701660156,0.23157628676470587,321.4084167480469,198
PoleVault/v_PoleVault_g07_c03.avi,11.605985641479492,11.506937026977539,115.06954193115234,0.16862591911764707,572.1129760742188,220
PoleVault/v_PoleVault_g07_c04.avi,18.21575164794922,32.2259407043457,136.01470947265625,0.17145220588235294,867.2137451171875,317
PommelHorse/v_PommelHorse_g01_c01.avi,0.5781935453414917,3.0752105712890625,48.093658447265625,0.9313235294117647,94.1398696899414,395
PommelHorse/v_PommelHorse_g01_c02.avi,0.830510675907135,3.8662917613983154,45.54119110107422,0.9121369485294117,155.11485290527344,400
PommelHorse/v_PommelHorse_g01_c03.avi,0.5884032249450684,3.148254632949829,66.48307800292969,0.9137545955882352,153.9771728515625,373
PommelHorse/v_PommelHorse_g01_c04.avi,1.0890663862228394,5.942524433135986,120.14990997314453,0.9177504595588235,210.1306610107422,356
PommelHorse/v_PommelHorse_g01_c05.avi,0.16260582208633423,0.9261879324913025,12.083045959472656,0.9506617647058824,37.7039680480957,304
PommelHorse/v_PommelHorse_g01_c06.avi,0.4986235797405243,3.2545688152313232,71.30918884277344,0.9394508272058824,155.39926147460938,307
PommelHorse/v_PommelHorse_g01_c07.avi,0.58885657787323,3.010319232940674,52.839378356933594,0.9204779411764706,110.15525817871094,503
PommelHorse/v_PommelHorse_g02_c01.avi,0.8342286348342896,3.266169548034668,54.037025451660156,0.7981502757352941,547.2660522460938,316
PommelHorse/v_PommelHorse_g02_c02.avi,1.1991021633148193,5.343353748321533,74.4311752319336,0.7808363970588236,557.3855590820312,311
PommelHorse/v_PommelHorse_g02_c03.avi,0.7344226837158203,3.107044219970703,41.231056213378906,0.8626447610294118,393.3540344238281,311
PommelHorse/v_PommelHorse_g02_c04.avi,0.6107711791992188,2.8595902919769287,47.095645904541016,0.8772288602941176,421.392578125,492
PommelHorse/v_PommelHorse_g03_c01.avi,1.6764940023422241,3.9747250080108643,57.070133209228516,0.5578079044117648,492.93304443359375,230
PommelHorse/v_PommelHorse_g03_c02.avi,0.8482329249382019,1.339469075202942,14.142135620117188,0.5702389705882352,124.78575134277344,242
PommelHorse/v_PommelHorse_g03_c03.avi,1.0998669862747192,3.4365603923797607,40.49691390991211,0.7029457720588236,306.61260986328125,250
PommelHorse/v_PommelHorse_g03_c04.avi,2.688891649246216,7.835820198059082,107.37783813476562,0.4603079044117647,822.2708740234375,238
PommelHorse/v_PommelHorse_g04_c01.avi,5.207721710205078,10.398334503173828,97.86214447021484,0.35212775735294116,1173.8548583984375,297
PommelHorse/v_PommelHorse_g04_c02.avi,6.109134674072266,11.484357833862305,110.02726745605469,0.3233800551470588,1366.3626708984375,297
PommelHorse/v_PommelHorse_g04_c03.avi,2.9971556663513184,6.178328990936279,56.920997619628906,0.4264338235294118,677.0171508789062,307
PommelHorse/v_PommelHorse_g04_c04.avi,5.460322380065918,10.446063041687012,108.85311126708984,0.33264016544117647,1192.5777587890625,297
PommelHorse/v_PommelHorse_g04_c05.avi,3.9355103969573975,7.791595935821533,79.60527801513672,0.3031387867647059,880.23583984375,397
PommelHorse/v_PommelHorse_g05_c01.avi,0.39324212074279785,1.093380093574524,14.03566837310791,0.794954044117647,62.279296875,242
PommelHorse/v_PommelHorse_g05_c02.avi,0.7307645678520203,2.0977280139923096,43.011627197265625,0.6986672794117647,201.2747039794922,250
PommelHorse/v_PommelHorse_g05_c03.avi,1.2020916938781738,3.2009503841400146,49.04079818725586,0.6347633272058824,313.7347717285156,246
PommelHorse/v_PommelHorse_g05_c04.avi,2.418506145477295,5.656885147094727,85.0058822631836,0.49849034926470587,441.3844299316406,293
PommelHorse/v_PommelHorse_g06_c01.avi,4.699521541595459,6.91195821762085,89.1852035522461,0.27079733455882354,356.655517578125,300
PommelHorse/v_PommelHorse_g06_c02.avi,6.469607830047607,15.051390647888184,164.04876708984375,0.30735064338235296,532.0316162109375,297
PommelHorse/v_PommelHorse_g06_c03.avi,4.078150749206543,8.516690254211426,108.16654205322266,0.3609375,396.8648986816406,300
PommelHorse/v_PommelHorse_g06_c04.avi,2.536362409591675,6.028944969177246,67.26811981201172,0.49282858455882356,252.37393188476562,307
PommelHorse/v_PommelHorse_g07_c01.avi,0.34236711263656616,1.112931489944458,19.313207626342773,0.8292670036764705,160.28329467773438,374
PommelHorse/v_PommelHorse_g07_c02.avi,0.2469421625137329,1.1033989191055298,18.0,0.8916222426470588,52.137916564941406,512
PommelHorse/v_PommelHorse_g07_c03.avi,0.44578272104263306,1.324663519859314,21.02379608154297,0.7816819852941177,65.57352447509766,434
PommelHorse/v_PommelHorse_g07_c04.avi,0.4998161494731903,1.9264657497406006,42.57933807373047,0.8025275735294117,65.64493560791016,456
PommelHorse/v_PommelHorse_g07_c05.avi,1.5352951288223267,3.124279022216797,37.0,0.6645404411764706,169.78782653808594,386
PommelHorse/v_PommelHorse_g07_c06.avi,0.2986808121204376,0.9705706834793091,23.0867919921875,0.831608455882353,35.69774627685547,669
PommelHorse/v_PommelHorse_g07_c07.avi,0.32306963205337524,0.9532347917556763,31.064449310302734,0.8116360294117647,43.00261306762695,631
PullUps/v_PullUps_g01_c01.avi,1.4163460731506348,3.538686513900757,31.064449310302734,0.5980859375,67.2203598022461,166
PullUps/v_PullUps_g01_c02.avi,4.052997589111328,5.536825180053711,30.4138126373291,0.34420955882352944,151.0478057861328,137
PullUps/v_PullUps_g01_c03.avi,3.966207981109619,5.439948558807373,57.03507614135742,0.2467486213235294,127.0798568725586,180
PullUps/v_PullUps_g01_c04.avi,2.4444093704223633,4.165347576141357,38.11823654174805,0.3378216911764706,84.22086334228516,156
PullUps/v_PullUps_g02_c01.avi,0.6490833163261414,1.4869825839996338,12.041594505310059,0.7117279411764705,39.75646209716797,121
PullUps/v_PullUps_g02_c02.avi,1.7294961214065552,4.993281841278076,55.0,0.6295496323529411,148.90830993652344,175
PullUps/v_PullUps_g02_c03.avi,0.7707642316818237,1.675062656402588,17.262676239013672,0.6755882352941176,49.6392707824707,130
PullUps/v_PullUps_g02_c04.avi,1.8719496726989746,5.018185615539551,46.04345703125,0.6419140625,188.16781616210938,177
PullUps/v_PullUps_g03_c01.avi,0.2099975198507309,1.2883661985397339,16.0,0.9403308823529412,336.90203857421875,177
PullUps/v_PullUps_g03_c02.avi,0.4005594551563263,2.6720478534698486,29.0,0.9576102941176471,80.21440124511719,207
PullUps/v_PullUps_g03_c03.avi,0.34360671043395996,1.9155468940734863,22.0,0.944889705882353,146.45175170898438,202
PullUps/v_PullUps_g03_c04.avi,0.25927168130874634,1.5312492847442627,16.0,0.9529411764705882,57.637420654296875,248
PullUps/v_PullUps_g04_c01.avi,4.455787658691406,5.448292255401611,53.26349639892578,0.3392279411764706,259.65179443359375,140
PullUps/v_PullUps_g04_c02.avi,2.5781028270721436,3.281811237335205,39.560081481933594,0.20178998161764705,330.59429931640625,141
PullUps/v_PullUps_g04_c03.avi,1.4969311952590942,2.718428373336792,26.07680892944336,0.5911144301470588,212.2166748046875,153
PullUps/v_PullUps_g04_c04.avi,1.6950606107711792,2.7505264282226562,33.734256744384766,0.29800091911764703,203.6279754638672,137
PullUps/v_PullUps_g05_c01.avi,0.8204143643379211,2.47111439704895,24.020824432373047,0.8104779411764705,198.8520965576172,173
PullUps/v_PullUps_g05_c02.avi,1.922582745552063,6.1309494972229,74.02702331542969,0.7232192095588236,548.5338134765625,120
PullUps/v_PullUps_g05_c03.avi,2.4219040870666504,7.744577407836914,74.02702331542969,0.750032169117647,269.1564636230469,107
PullUps/v_PullUps_g05_c04.avi,1.3520801067352295,4.6473917961120605,61.400325775146484,0.7680836397058823,259.1135559082031,143
PullUps/v_PullUps_g06_c01.avi,3.0079641342163086,3.7093751430511475,35.693138122558594,0.14970128676470587,360.52264404296875,83
PullUps/v_PullUps_g06_c02.avi,4.232354164123535,6.774962902069092,71.34423828125,0.22960477941176471,538.3497314453125,86
PullUps/v_PullUps_g06_c03.avi,6.482624530792236,6.752468585968018,39.560081481933594,0.19534926470588235,292.8507080078125,97
PullUps/v_PullUps_g06_c04.avi,1.63607919216156,2.4206018447875977,30.364452362060547,0.4242532169117647,156.54605102539062,169
PullUps/v_PullUps_g07_c01.avi,0.2812275290489197,1.6164448261260986,19.0,0.9273529411764706,23.616857528686523,97
PullUps/v_PullUps_g07_c02.avi,0.17990492284297943,0.9628322720527649,14.0,0.9279411764705883,9.586202621459961,127
PullUps/v_PullUps_g07_c03.avi,0.09252143651247025,0.7123252153396606,15.0,0.9587867647058823,13.800039291381836,92
PullUps/v_PullUps_g07_c04.avi,0.1913004070520401,1.392505168914795,25.0,0.9384558823529412,14.03650188446045,92
Punch/v_Punch_g01_c01.avi,17.474029541015625,17.776121139526367,117.72000885009766,0.06074678308823529,963.7233276367188,120
Punch/v_Punch_g01_c02.avi,9.956072807312012,12.08167552947998,102.17631530761719,0.0692922794117647,286.67584228515625,132
Punch/v_Punch_g01_c03.avi,17.034582138061523,18.00765037536621,87.09764862060547,0.14673253676470588,303.0418395996094,47
Punch/v_Punch_g01_c04.avi,13.038724899291992,15.614006996154785,141.90841674804688,0.06247702205882353,582.4464111328125,100
Punch/v_Punch_g01_c05.avi,6.754926681518555,9.872774124145508,104.0,0.08078125,779.718017578125,70
Punch/v_Punch_g02_c01.avi,7.809106349945068,16.42189598083496,99.08077239990234,0.5499264705882353,930.3829956054688,230
Punch/v_Punch_g02_c02.avi,8.630583763122559,18.680864334106445,209.84756469726562,0.4081181066176471,2990.389404296875,109
Punch/v_Punch_g02_c03.avi,16.287275314331055,21.50115203857422,203.9019317626953,0.15400735294117648,2515.33544921875,47
Punch/v_Punch_g02_c04.avi,15.593854904174805,24.17168426513672,273.12451171875,0.3045335477941176,2495.038330078125,54
Punch/v_Punch_g03_c01.avi,12.805006980895996,15.335587501525879,125.06398010253906,0.10724264705882353,365.42059326171875,107
Punch/v_Punch_g03_c02.avi,6.671521186828613,8.02061653137207,69.0,0.21824908088235295,265.6364440917969,293
Punch/v_Punch_g03_c03.avi,7.363688945770264,9.934244155883789,70.93659210205078,0.17824448529411765,369.3492126464844,137
Punch/v_Punch_g03_c04.avi,15.525211334228516,21.4661808013916,213.0586700439453,0.1396139705882353,882.3509521484375,147
Punch/v_Punch_g04_c01.avi,3.0305466651916504,6.12454891204834,53.600372314453125,0.4073046875,543.9937744140625,154
Punch/v_Punch_g04_c02.avi,18.349321365356445,19.418197631835938,204.02206420898438,0.06677849264705882,1797.868408203125,299
Punch/v_Punch_g04_c03.avi,5.555380344390869,8.579293251037598,88.6848373413086,0.3229917279411765,850.0750732421875,260
Punch/v_Punch_g04_c04.avi,20.333152770996094,20.09400177001953,127.57743072509766,0.06905101102941176,1593.998779296875,299
Punch/v_Punch_g04_c05.avi,6.345457077026367,7.716491222381592,74.00675964355469,0.2024563419117647,629.3587646484375,197
Punch/v_Punch_g05_c01.avi,4.240158557891846,6.9524712562561035,73.0,0.40209099264705883,1278.1087646484375,299
Punch/v_Punch_g05_c02.avi,10.011375427246094,15.492822647094727,102.07839965820312,0.2709765625,1429.827392578125,299
Punch/v_Punch_g05_c03.avi,4.868834972381592,6.807258129119873,59.07622146606445,0.32452435661764706,978.1932373046875,299
Punch/v_Punch_g05_c04.avi,6.756363391876221,6.766775131225586,55.0,0.09080882352941176,1236.493408203125,299
Punch/v_Punch_g05_c05.avi,13.513221740722656,15.295053482055664,112.44554138183594,0.24023207720588236,1135.1409912109375,299
Punch/v_Punch_g05_c06.avi,10.678630828857422,13.084413528442383,108.06016540527344,0.22596507352941175,1015.8369140625,299
Punch/v_Punch_g05_c07.avi,13.636314392089844,13.941557884216309,86.02325439453125,0.22360523897058823,1214.02490234375,299
Punch/v_Punch_g06_c01.avi,6.2693352699279785,10.006524085998535,98.0051040649414,0.3077435661764706,788.2196044921875,299
Punch/v_Punch_g06_c02.avi,12.389829635620117,13.807539939880371,125.01599884033203,0.21268841911764705,1173.656005859375,299
Punch/v_Punch_g06_c03.avi,4.214593410491943,6.781618595123291,67.0,0.34837545955882354,449.8417053222656,270
Punch/v_Punch_g06_c04.avi,10.145110130310059,13.803094863891602,135.0,0.10817784926470589,1302.573974609375,299
Punch/v_Punch_g06_c05.avi,6.919098854064941,9.971933364868164,150.00332641601562,0.10746783088235294,578.6046752929688,299
Punch/v_Punch_g06_c06.avi,10.777563095092773,14.117247581481934,106.17438507080078,0.29955193014705883,640.0173950195312,291
Punch/v_Punch_g06_c07.avi,12.210968971252441,16.019729614257812,126.0,0.08381663602941176,1770.7906494140625,299
Punch/v_Punch_g07_c01.avi,18.332073211669922,15.813546180725098,117.98728942871094,0.019028033088235294,1309.125244140625,299
Punch/v_Punch_g07_c02.avi,12.848898887634277,12.271058082580566,123.1787338256836,0.053667279411764704,1218.395263671875,291
Punch/v_Punch_g07_c03.avi,9.842049598693848,11.559269905090332,102.39140319824219,0.03890854779411765,637.1123657226562,299
Punch/v_Punch_g07_c04.avi,24.373987197875977,22.984094619750977,112.16059875488281,0.03673483455882353,759.8081665039062,299
Punch/v_Punch_g07_c05.avi,8.940309524536133,9.327373504638672,63.95310592651367,0.15259650735294117,853.3302001953125,299
Punch/v_Punch_g07_c06.avi,11.615318298339844,11.12044906616211,75.0,0.1772610294117647,1042.2635498046875,299
Punch/v_Punch_g07_c07.avi,16.345172882080078,16.74990463256836,110.44002532958984,0.053979779411764704,896.6839599609375,299
PushUps/v_PushUps_g01_c01.avi,3.6916494369506836,7.890822887420654,66.0,0.5091429227941177,125.7625503540039,55
PushUps/v_PushUps_g01_c02.avi,3.7594432830810547,8.223979949951172,66.00757598876953,0.5006548713235294,115.12403869628906,52
PushUps/v_PushUps_g01_c03.avi,3.3205220699310303,8.19352912902832,82.00609588623047,0.49665900735294116,95.34896850585938,50
PushUps/v_PushUps_g01_c04.avi,1.94542396068573,5.28363037109375,56.0,0.6252527573529412,61.0120735168457,103
PushUps/v_PushUps_g01_c05.avi,1.5442458391189575,3.6978096961975098,64.0078125,0.6120220588235294,10.17151927947998,62
PushUps/v_PushUps_g02_c01.avi,3.3320631980895996,4.205981254577637,37.013511657714844,0.1713235294117647,128.96665954589844,66
PushUps/v_PushUps_g02_c02.avi,2.639155387878418,4.576537132263184,45.39823913574219,0.3289269301470588,155.0181427001953,72
PushUps/v_PushUps_g02_c03.avi,1.7974300384521484,3.3907835483551025,36.055511474609375,0.4480284926470588,110.05499267578125,78
PushUps/v_PushUps_g02_c04.avi,2.093845844268799,3.778442621231079,31.256999969482422,0.4245542279411765,114.4158935546875,83
PushUps/v_PushUps_g03_c01.avi,0.8848102688789368,2.325073003768921,34.01470184326172,0.7280767463235294,67.2968978881836,71
PushUps/v_PushUps_g03_c02.avi,0.36656826734542847,1.0270615816116333,15.81138801574707,0.8028308823529412,5.814813137054443,62
PushUps/v_PushUps_g03_c03.avi,0.35470038652420044,0.9568811058998108,10.630146026611328,0.8186029411764706,5.695837020874023,62
PushUps/v_PushUps_g03_c04.avi,1.1448808908462524,3.4719042778015137,42.19004440307617,0.7576355698529412,65.52363586425781,71
PushUps/v_PushUps_g04_c01.avi,1.0301069021224976,2.463569164276123,24.0,0.6968887867647059,94.09366607666016,90
PushUps/v_PushUps_g04_c02.avi,1.2379640340805054,3.4985034465789795,41.78516387939453,0.7014545036764706,106.71244812011719,96
PushUps/v_PushUps_g04_c03.avi,0.8253945112228394,1.8727997541427612,21.587032318115234,0.7156502757352942,69.61345672607422,110
PushUps/v_PushUps_g04_c04.avi,0.877621054649353,2.2418324947357178,23.76972770690918,0.7178446691176471,63.6977424621582,129
PushUps/v_PushUps_g04_c05.avi,1.1896936893463135,2.9885969161987305,31.016124725341797,0.6922633272058824,97.64027404785156,133
PushUps/v_PushUps_g05_c01.avi,14.795907974243164,18.3443546295166,81.4002456665039,0.2956801470588235,1013.4035034179688,149
PushUps/v_PushUps_g05_c02.avi,10.900687217712402,18.2525634765625,94.0,0.3337545955882353,851.38232421875,149
PushUps/v_PushUps_g05_c03.avi,8.220683097839355,11.219104766845703,80.0062484741211,0.3642578125,451.4564514160156,149
PushUps/v_PushUps_g05_c04.avi,15.30862045288086,21.53766632080078,97.00515747070312,0.34525965073529413,807.2640380859375,149
PushUps/v_PushUps_g06_c01.avi,4.180819034576416,7.105274200439453,59.50630187988281,0.33376378676470586,35.86381149291992,84
PushUps/v_PushUps_g06_c02.avi,3.562282085418701,5.693658351898193,49.030601501464844,0.3834811580882353,31.562652587890625,80
PushUps/v_PushUps_g06_c03.avi,3.6099114418029785,5.9351887702941895,41.62931823730469,0.352578125,30.419845581054688,85
PushUps/v_PushUps_g06_c04.avi,2.5851738452911377,3.6412034034729004,28.844409942626953,0.3604894301470588,13.813566207885742,67
PushUps/v_PushUps_g07_c01.avi,5.167343616485596,9.610644340515137,79.75587463378906,0.23176930147058825,775.8777465820312,73
PushUps/v_PushUps_g07_c02.avi,3.6010560989379883,7.002490043640137,109.77249145507812,0.3603722426470588,675.9447021484375,76
PushUps/v_PushUps_g07_c03.avi,5.556296348571777,6.901279926300049,70.00714111328125,0.20758501838235294,587.2283935546875,77
PushUps/v_PushUps_g07_c04.avi,6.834165096282959,8.721969604492188,84.05355072021484,0.13864889705882352,290.9035949707031,76
Rafting/v_Rafting_g01_c01.avi,14.059272766113281,13.506758689880371,101.0197982788086,0.14612132352941176,808.9100952148438,232
Rafting/v_Rafting_g01_c02.avi,5.016658306121826,7.068690776824951,47.423622131347656,0.24263556985294119,297.99322509765625,212
Rafting/v_Rafting_g01_c03.avi,5.733184337615967,5.644086837768555,36.34556198120117,0.22272288602941176,313.29534912109375,247
Rafting/v_Rafting_g01_c04.avi,13.324262619018555,15.026412963867188,75.28611755371094,0.1666704963235294,680.7512817382812,254
Rafting/v_Rafting_g02_c01.avi,5.396422863006592,7.105433464050293,40.0,0.3336397058823529,349.7503356933594,239
Rafting/v_Rafting_g02_c02.avi,2.872631311416626,2.5414154529571533,22.022714614868164,0.16786764705882354,88.83656311035156,250
Rafting/v_Rafting_g02_c03.avi,6.609877109527588,6.334321975708008,32.4499626159668,0.14941176470588236,223.6381072998047,232
Rafting/v_Rafting_g02_c04.avi,3.781008720397949,6.363305568695068,78.0,0.4335041360294118,132.61703491210938,224
Rafting/v_Rafting_g03_c01.avi,26.00796890258789,32.38083267211914,333.0,0.1976470588235294,583.3828735351562,111
Rafting/v_Rafting_g03_c02.avi,21.22981834411621,29.321273803710938,185.38877868652344,0.19775735294117647,1005.5631103515625,117
Rafting/v_Rafting_g03_c03.avi,14.11933708190918,16.08767318725586,93.1504135131836,0.16738970588235294,519.7181396484375,111
Rafting/v_Rafting_g03_c04.avi,21.12152099609375,22.991466522216797,168.29736328125,0.1841015625,1254.2789306640625,117
Rafting/v_Rafting_g04_c01.avi,3.667529821395874,3.744004726409912,31.064449310302734,0.14253676470588236,125.45137023925781,184
Rafting/v_Rafting_g04_c02.avi,15.876541137695312,22.024017333984375,142.8985595703125,0.1382284007352941,796.6314697265625,269
Rafting/v_Rafting_g04_c03.avi,10.664097785949707,12.406506538391113,74.0,0.24715992647058824,271.4764099121094,144
Rafting/v_Rafting_g04_c04.avi,13.712118148803711,16.15327262878418,85.08818817138672,0.09793658088235294,481.11517333984375,221
Rafting/v_Rafting_g05_c01.avi,13.473207473754883,18.632741928100586,84.50444030761719,0.3075344669117647,315.64501953125,101
Rafting/v_Rafting_g05_c02.avi,3.62168288230896,4.40118932723999,31.78049659729004,0.29544117647058826,95.2861328125,123
Rafting/v_Rafting_g05_c03.avi,11.935806274414062,16.077234268188477,92.0869140625,0.3208984375,322.4407653808594,108
Rafting/v_Rafting_g05_c04.avi,20.030075073242188,22.796993255615234,154.1590118408203,0.15992417279411764,800.3131713867188,238
Rafting/v_Rafting_g06_c01.avi,13.561388969421387,12.82145881652832,72.2772445678711,0.026895680147058825,1652.1005859375,252
Rafting/v_Rafting_g06_c02.avi,12.877408981323242,13.748382568359375,71.28113555908203,0.23454963235294118,1573.2095947265625,105
Rafting/v_Rafting_g06_c03.avi,6.272078514099121,7.336174488067627,34.0,0.4024264705882353,710.3418579101562,262
Rafting/v_Rafting_g06_c04.avi,6.757044315338135,6.082941055297852,33.0151481628418,0.22546645220588235,862.2017822265625,128
Rafting/v_Rafting_g07_c01.avi,27.639253616333008,27.701766967773438,165.04847717285156,0.041063878676470586,1569.811279296875,235
Rafting/v_Rafting_g07_c02.avi,3.3526089191436768,4.2874321937561035,45.0,0.22252757352941177,165.96939086914062,244
Rafting/v_Rafting_g07_c03.avi,3.175445556640625,2.7873141765594482,29.017236709594727,0.15198988970588234,63.4493522644043,181
Rafting/v_Rafting_g07_c04.avi,7.83241605758667,10.222774505615234,87.32124328613281,0.13963924632352942,477.8921813964844,271
RockClimbingIndoor/v_RockClimbingIndoor_g01_c01.avi,1.0241575241088867,1.829223394393921,18.601076126098633,0.5162201286764706,113.75923156738281,528
RockClimbingIndoor/v_RockClimbingIndoor_g01_c02.avi,1.131078839302063,2.221743106842041,29.832868576049805,0.6504779411764706,140.1352081298828,534
RockClimbingIndoor/v_RockClimbingIndoor_g01_c03.avi,0.8583568334579468,1.7750011682510376,23.323806762695312,0.5799655330882353,54.1884651184082,503
RockClimbingIndoor/v_RockClimbingIndoor_g01_c04.avi,0.41381868720054626,1.1582521200180054,10.630146026611328,0.800625,7.8265557289123535,543
RockClimbingIndoor/v_RockClimbingIndoor_g01_c05.avi,0.9070034027099609,2.041011333465576,39.31920623779297,0.6022679227941177,50.68674850463867,463
RockClimbingIndoor/v_RockClimbingIndoor_g02_c01.avi,6.121898174285889,7.909701824188232,60.008331298828125,0.14419117647058824,247.34780883789062,319
RockClimbingIndoor/v_RockClimbingIndoor_g02_c02.avi,4.565158367156982,2.283095598220825,17.262676239013672,0.026801470588235295,191.2484130859375,353
RockClimbingIndoor/v_RockClimbingIndoor_g02_c03.avi,4.447841167449951,3.6895601749420166,15.132745742797852,0.21020909926470588,293.72369384765625,299
RockClimbingIndoor/v_RockClimbingIndoor_g02_c04.avi,3.6844828128814697,4.68158483505249,19.84943389892578,0.42511488970588235,280.0428771972656,289
RockClimbingIndoor/v_RockClimbingIndoor_g02_c05.avi,1.4708601236343384,1.5177561044692993,10.049875259399414,0.3953125,178.89385986328125,309
RockClimbingIndoor/v_RockClimbingIndoor_g03_c01.avi,0.09035786986351013,0.4830390214920044,14.03566837310791,0.9419048713235294,84.24586486816406,343
RockClimbingIndoor/v_RockClimbingIndoor_g03_c02.avi,0.6785776019096375,1.6349612474441528,21.02379608154297,0.6656617647058823,273.9832458496094,297
RockClimbingIndoor/v_RockClimbingIndoor_g03_c03.avi,0.39312049746513367,0.8875524997711182,16.401220321655273,0.753469669117647,257.6512145996094,299
RockClimbingIndoor/v_RockClimbingIndoor_g03_c04.avi,0.20556944608688354,0.6390983462333679,15.29705810546875,0.8646622242647058,147.72996520996094,299
RockClimbingIndoor/v_RockClimbingIndoor_g03_c05.avi,1.1874889135360718,1.8268916606903076,18.384777069091797,0.6028515625,168.0956268310547,292
RockClimbingIndoor/v_RockClimbingIndoor_g03_c06.avi,7.743048667907715,14.270491600036621,81.0,0.43825137867647057,178.53956604003906,412
RockClimbingIndoor/v_RockClimbingIndoor_g03_c07.avi,1.6587588787078857,3.4353997707366943,47.0,0.7221714154411765,158.98114013671875,411
RockClimbingIndoor/v_RockClimbingIndoor_g04_c01.avi,0.09196700900793076,0.41432613134384155,5.830951690673828,0.9368543198529412,0.2673230767250061,843
RockClimbingIndoor/v_RockClimbingIndoor_g04_c02.avi,1.3457622528076172,1.974123477935791,17.464248657226562,0.5945151654411764,44.24179458618164,813
RockClimbingIndoor/v_RockClimbingIndoor_g04_c03.avi,12.979796409606934,8.74792766571045,37.64305877685547,0.2046530330882353,187.94085693359375,840
RockClimbingIndoor/v_RockClimbingIndoor_g04_c04.avi,4.792448043823242,4.8201775550842285,25.0,0.2286328125,111.7525863647461,833
RockClimbingIndoor/v_RockClimbingIndoor_g05_c01.avi,2.3211004734039307,2.8410167694091797,37.013511657714844,0.29261029411764705,380.20794677734375,352
RockClimbingIndoor/v_RockClimbingIndoor_g05_c02.avi,4.4471564292907715,6.39924955368042,29.832868576049805,0.3663028492647059,170.0550537109375,343
RockClimbingIndoor/v_RockClimbingIndoor_g05_c03.avi,0.879054844379425,1.4953248500823975,15.55634880065918,0.5869186580882353,54.277381896972656,369
RockClimbingIndoor/v_RockClimbingIndoor_g05_c04.avi,0.6527486443519592,1.3880749940872192,20.2237491607666,0.6519002757352941,41.372154235839844,381
RockClimbingIndoor/v_RockClimbingIndoor_g05_c05.avi,1.4637759923934937,1.5087352991104126,23.021728515625,0.2223000919117647,67.17154693603516,327
RockClimbingIndoor/v_RockClimbingIndoor_g05_c06.avi,1.5158356428146362,2.287583589553833,20.880613327026367,0.5283340992647059,38.57881546020508,331
RockClimbingIndoor/v_RockClimbingIndoor_g06_c01.avi,5.379904270172119,4.302993297576904,34.438350677490234,0.20897288602941178,178.8475799560547,311
RockClimbingIndoor/v_RockClimbingIndoor_g06_c02.avi,4.875451564788818,6.1946587562561035,47.095645904541016,0.30350643382352943,211.87210083007812,307
RockClimbingIndoor/v_RockClimbingIndoor_g06_c03.avi,5.258718967437744,4.086126804351807,33.241539001464844,0.21146829044117646,183.96322631835938,311
RockClimbingIndoor/v_RockClimbingIndoor_g06_c04.avi,7.1849684715271,7.612035274505615,50.08992004394531,0.2221875,254.27114868164062,312
RockClimbingIndoor/v_RockClimbingIndoor_g06_c05.avi,2.11297345161438,3.5214786529541016,35.12833786010742,0.43123851102941174,132.90182495117188,558
RockClimbingIndoor/v_RockClimbingIndoor_g06_c06.avi,6.285011291503906,9.158309936523438,83.81526947021484,0.40616268382352944,180.3535614013672,501
RockClimbingIndoor/v_RockClimbingIndoor_g06_c07.avi,4.000485897064209,5.685182094573975,41.04875183105469,0.41005744485294116,156.60704040527344,406
RockClimbingIndoor/v_RockClimbingIndoor_g07_c01.avi,2.7345972061157227,3.7272589206695557,57.584720611572266,0.2553377757352941,55.16939163208008,417
RockClimbingIndoor/v_RockClimbingIndoor_g07_c02.avi,1.9397603273391724,2.848743200302124,52.0,0.36880974264705885,59.84294891357422,442
RockClimbingIndoor/v_RockClimbingIndoor_g07_c03.avi,4.454738616943359,7.435102939605713,30.01666259765625,0.4649034926470588,53.06016159057617,457
RockClimbingIndoor/v_RockClimbingIndoor_g07_c04.avi,10.379071235656738,12.136943817138672,46.0,0.36490349264705885,110.82917785644531,397
RockClimbingIndoor/v_RockClimbingIndoor_g07_c05.avi,2.219071626663208,2.5771570205688477,29.96664810180664,0.3669278492647059,73.98832702636719,441
RockClimbingIndoor/v_RockClimbingIndoor_g07_c06.avi,2.3784337043762207,3.067845582962036,56.82429122924805,0.2101470588235294,50.28032684326172,410
RockClimbingIndoor/v_RockClimbingIndoor_g07_c07.avi,1.567618727684021,1.7749762535095215,18.027755737304688,0.35517922794117646,26.349802017211914,427
RopeClimbing/v_RopeClimbing_g01_c01.avi,4.878459453582764,6.162827968597412,85.09406280517578,0.37772058823529414,277.4798889160156,160
RopeClimbing/v_RopeClimbing_g01_c02.avi,3.9386391639709473,5.0308518409729,44.18144226074219,0.3143405330882353,173.560791015625,169
RopeClimbing/v_RopeClimbing_g01_c03.avi,1.8325384855270386,2.6030800342559814,28.460498809814453,0.4152205882352941,121.691162109375,158
RopeClimbing/v_RopeClimbing_g01_c04.avi,3.966221809387207,5.076695442199707,67.06713104248047,0.21886948529411765,114.73728942871094,187
RopeClimbing/v_RopeClimbing_g02_c01.avi,5.75848388671875,8.776900291442871,96.16651916503906,0.18265854779411764,448.22760009765625,151
RopeClimbing/v_RopeClimbing_g02_c02.avi,11.529840469360352,12.737016677856445,128.42507934570312,0.06330422794117647,574.8680419921875,150
RopeClimbing/v_RopeClimbing_g02_c03.avi,6.362793922424316,8.110642433166504,108.01851654052734,0.14155101102941176,712.0863037109375,169
RopeClimbing/v_RopeClimbing_g02_c04.avi,12.468273162841797,11.607426643371582,88.05680084228516,0.04715762867647059,840.92822265625,150
RopeClimbing/v_RopeClimbing_g02_c05.avi,6.663302898406982,8.334796905517578,56.29387283325195,0.21203814338235294,450.57086181640625,153
RopeClimbing/v_RopeClimbing_g02_c06.avi,3.5799496173858643,3.943544626235962,27.018512725830078,0.2514866727941176,145.8251495361328,185
RopeClimbing/v_RopeClimbing_g03_c01.avi,3.384260416030884,4.222809791564941,38.01315689086914,0.29159007352941174,532.4793701171875,152
RopeClimbing/v_RopeClimbing_g03_c02.avi,3.7678029537200928,4.3230299949646,45.89117431640625,0.25586626838235293,423.7792053222656,151
RopeClimbing/v_RopeClimbing_g03_c03.avi,3.6979870796203613,4.425400733947754,51.97114562988281,0.2666061580882353,453.7804260253906,165
RopeClimbing/v_RopeClimbing_g03_c04.avi,3.5739128589630127,4.968173980712891,75.80237579345703,0.22532628676470587,277.4136047363281,151
RopeClimbing/v_RopeClimbing_g04_c01.avi,6.459789752960205,10.10998249053955,99.08077239990234,0.15536994485294117,345.07794189453125,154
RopeClimbing/v_RopeClimbing_g04_c02.avi,8.08360481262207,10.44273567199707,93.64827728271484,0.061815257352941175,276.26434326171875,157
RopeClimbing/v_RopeClimbing_g04_c03.avi,4.38379430770874,4.084965705871582,37.6961555480957,0.18538373161764707,132.32986450195312,154
RopeClimbing/v_RopeClimbing_g04_c04.avi,5.043505668640137,6.635456562042236,35.1710090637207,0.09772748161764706,170.22557067871094,154
RopeClimbing/v_RopeClimbing_g05_c01.avi,2.2016232013702393,3.289348602294922,29.42787742614746,0.3421300551470588,225.04031372070312,155
RopeClimbing/v_RopeClimbing_g05_c02.avi,3.205228805541992,5.737541675567627,62.0,0.3589613970588235,279.2344055175781,159
RopeClimbing/v_RopeClimbing_g05_c03.avi,3.472285509109497,4.984918117523193,45.79301071166992,0.4236282169117647,238.2539825439453,165
RopeClimbing/v_RopeClimbing_g05_c04.avi,1.0785341262817383,2.85990047454834,43.0,0.6944117647058824,158.43109130859375,165
RopeClimbing/v_RopeClimbing_g05_c05.avi,4.520659923553467,6.810909748077393,66.06814575195312,0.34117417279411766,271.60992431640625,174
RopeClimbing/v_RopeClimbing_g05_c06.avi,7.002773284912109,8.53400707244873,66.0,0.2105422794117647,32.863433837890625,187
RopeClimbing/v_RopeClimbing_g05_c07.avi,2.7327301502227783,5.283617973327637,54.230987548828125,0.3874356617647059,60.45465087890625,156
RopeClimbing/v_RopeClimbing_g06_c01.avi,1.8103225231170654,4.770115852355957,55.081756591796875,0.622038143382353,125.89616394042969,151
RopeClimbing/v_RopeClimbing_g06_c02.avi,1.25766122341156,2.5309085845947266,27.018512725830078,0.6532651654411765,74.22427368164062,160
RopeClimbing/v_RopeClimbing_g06_c03.avi,1.353000521659851,3.2807021141052246,44.384681701660156,0.6767647058823529,52.673492431640625,158
RopeClimbing/v_RopeClimbing_g06_c04.avi,0.4702600836753845,1.2310296297073364,19.02629852294922,0.7639338235294117,67.31069946289062,188
RopeClimbing/v_RopeClimbing_g07_c01.avi,2.0875017642974854,2.3797101974487305,27.166154861450195,0.3592532169117647,177.79629516601562,196
RopeClimbing/v_RopeClimbing_g07_c02.avi,2.0401577949523926,2.2401044368743896,32.06243896484375,0.36745404411764704,74.74752807617188,205
RopeClimbing/v_RopeClimbing_g07_c03.avi,2.9049744606018066,3.3003623485565186,35.12833786010742,0.3220588235294118,68.28365325927734,196
RopeClimbing/v_RopeClimbing_g07_c04.avi,2.176096200942993,2.6017215251922607,39.39543151855469,0.20673023897058823,79.84883880615234,180
RopeClimbing/v_RopeClimbing_g07_c05.avi,8.05080509185791,8.393275260925293,41.34005355834961,0.08247012867647059,264.816162109375,194
Rowing/v_Rowing_g01_c01.avi,11.346729278564453,14.079580307006836,102.0,0.3112408088235294,135.5740966796875,352
Rowing/v_Rowing_g01_c02.avi,15.514276504516602,18.439453125,68.02940368652344,0.2889315257352941,72.01910400390625,300
Rowing/v_Rowing_g01_c03.avi,4.308598518371582,5.7868475914001465,31.016124725341797,0.35095358455882353,144.53125,226
Rowing/v_Rowing_g01_c04.avi,3.2344446182250977,3.289522647857666,29.017236709594727,0.2726355698529412,88.4559555053711,202
Rowing/v_Rowing_g02_c01.avi,12.813111305236816,13.969526290893555,98.0,0.3169140625,310.5995178222656,358
Rowing/v_Rowing_g02_c02.avi,13.466361045837402,15.715518951416016,96.00521087646484,0.17614430147058824,286.60723876953125,373
Rowing/v_Rowing_g02_c03.avi,11.798818588256836,12.139331817626953,74.0,0.17331801470588235,201.47824096679688,385
Rowing/v_Rowing_g02_c04.avi,21.546998977661133,27.444242477416992,205.11947631835938,0.19242417279411764,410.3648986816406,413
Rowing/v_Rowing_g02_c05.avi,20.1807804107666,34.25754165649414,257.0311279296875,0.18703814338235294,554.3942260742188,407
Rowing/v_Rowing_g02_c06.avi,5.112768650054932,7.677853107452393,51.6623649597168,0.3004480698529412,321.0555419921875,289
Rowing/v_Rowing_g03_c01.avi,1.8963674306869507,3.6002352237701416,42.0,0.48462775735294117,137.28504943847656,376
Rowing/v_Rowing_g03_c02.avi,3.4682650566101074,5.689182758331299,55.03635025024414,0.43504595588235295,209.57839965820312,480
Rowing/v_Rowing_g03_c03.avi,5.386224269866943,12.396981239318848,111.04053497314453,0.3499310661764706,83.62036895751953,498
Rowing/v_Rowing_g03_c04.avi,1.6946462392807007,3.2145190238952637,42.10700607299805,0.5340188419117647,125.97129821777344,499
Rowing/v_Rowing_g03_c05.avi,1.4721482992172241,2.91508150100708,45.0,0.5754917279411764,117.88999938964844,498
Rowing/v_Rowing_g03_c06.avi,1.168467402458191,3.1839160919189453,43.931766510009766,0.6262454044117647,60.19353103637695,366
Rowing/v_Rowing_g03_c07.avi,2.0143163204193115,4.006408214569092,36.0,0.5134099264705883,123.37593841552734,496
Rowing/v_Rowing_g04_c01.avi,4.976509094238281,6.7017693519592285,64.1248779296875,0.21256663602941175,104.97294616699219,261
Rowing/v_Rowing_g04_c02.avi,8.965423583984375,10.294788360595703,87.29833984375,0.1239889705882353,154.49183654785156,296
Rowing/v_Rowing_g04_c03.avi,3.700654983520508,4.781185626983643,52.009613037109375,0.1626608455882353,61.6743049621582,306
Rowing/v_Rowing_g04_c04.avi,8.494074821472168,9.450845718383789,76.94153594970703,0.06268841911764705,99.7209701538086,293
Rowing/v_Rowing_g04_c05.avi,11.262998580932617,13.334495544433594,115.06954193115234,0.0262109375,178.6888427734375,299
Rowing/v_Rowing_g04_c06.avi,6.3531880378723145,10.58010482788086,127.00393676757812,0.31986902573529413,91.60874938964844,345
Rowing/v_Rowing_g05_c01.avi,0.8572213649749756,2.052546501159668,33.0,0.6587798713235294,49.396568298339844,325
Rowing/v_Rowing_g05_c02.avi,2.1273374557495117,4.683893203735352,58.13776779174805,0.5553193933823529,161.95407104492188,341
Rowing/v_Rowing_g05_c03.avi,6.6701579093933105,11.841531753540039,102.31324768066406,0.4691544117647059,506.1368103027344,413
Rowing/v_Rowing_g05_c04.avi,1.0789804458618164,2.734029769897461,26.0,0.716764705882353,42.86280059814453,425
Rowing/v_Rowing_g06_c01.avi,1.6465972661972046,2.795271396636963,32.24903106689453,0.47886488970588237,37.71623992919922,324
Rowing/v_Rowing_g06_c02.avi,2.7176809310913086,4.778019428253174,85.02352905273438,0.35700597426470587,56.55236053466797,411
Rowing/v_Rowing_g06_c03.avi,1.7056273221969604,2.9512646198272705,32.0,0.4731295955882353,25.2976016998291,306
Rowing/v_Rowing_g06_c04.avi,3.7201695442199707,5.227226257324219,75.02666473388672,0.21397288602941175,35.11515808105469,291
Rowing/v_Rowing_g07_c01.avi,1.1166527271270752,1.9180735349655151,29.154760360717773,0.5589958639705882,75.14897155761719,187
Rowing/v_Rowing_g07_c02.avi,2.555457592010498,4.179919242858887,45.0444221496582,0.4285776654411765,167.700927734375,273
Rowing/v_Rowing_g07_c03.avi,3.0769760608673096,6.543654441833496,86.35391998291016,0.35145909926470587,302.7603454589844,265
Rowing/v_Rowing_g07_c04.avi,2.385233163833618,3.075551986694336,27.0,0.3722173713235294,248.8782501220703,313
Rowing/v_Rowing_g07_c05.avi,2.0878820419311523,2.9152863025665283,28.07133674621582,0.38654181985294117,326.6324768066406,344
SalsaSpin/v_SalsaSpin_g01_c01.avi,2.456033945083618,4.1224493980407715,51.4781494140625,0.32512867647058824,488.76922607421875,166
SalsaSpin/v_SalsaSpin_g01_c02.avi,1.0619838237762451,2.297677755355835,32.75667953491211,0.5749379595588235,331.8370666503906,166
SalsaSpin/v_SalsaSpin_g01_c03.avi,1.6838451623916626,3.982889413833618,51.195701599121094,0.5451585477941177,339.60333251953125,166
SalsaSpin/v_SalsaSpin_g01_c04.avi,1.8410758972167969,4.059535026550293,49.0,0.5354159007352941,407.66583251953125,166
SalsaSpin/v_SalsaSpin_g01_c05.avi,0.8138604164123535,2.313096284866333,28.160255432128906,0.7333318014705882,269.3040466308594,166
SalsaSpin/v_SalsaSpin_g01_c06.avi,4.222114086151123,5.6226806640625,66.70832061767578,0.2506158088235294,549.4556884765625,166
SalsaSpin/v_SalsaSpin_g01_c07.avi,1.7400717735290527,3.755720853805542,39.81205749511719,0.5309283088235294,460.05206298828125,166
SalsaSpin/v_SalsaSpin_g02_c01.avi,8.753860473632812,7.5244855880737305,68.3081283569336,0.13533777573529412,655.8617553710938,332
SalsaSpin/v_SalsaSpin_g02_c02.avi,6.975846767425537,6.349148750305176,60.074954986572266,0.11475643382352942,291.20367431640625,332
SalsaSpin/v_SalsaSpin_g02_c03.avi,5.266070365905762,7.589097499847412,60.20797348022461,0.1677251838235294,223.5602569580078,332
SalsaSpin/v_SalsaSpin_g02_c04.avi,6.168848037719727,5.255363941192627,50.0,0.06880514705882353,230.2103729248047,332
SalsaSpin/v_SalsaSpin_g02_c05.avi,5.142247200012207,5.233269214630127,38.20994567871094,0.13742876838235293,196.7963104248047,332
SalsaSpin/v_SalsaSpin_g02_c06.avi,8.403538703918457,11.086697578430176,115.84903717041016,0.16307215073529413,417.11541748046875,332
SalsaSpin/v_SalsaSpin_g02_c07.avi,3.418844223022461,4.144779682159424,38.60051727294922,0.21926930147058823,192.55172729492188,332
SalsaSpin/v_SalsaSpin_g03_c01.avi,3.8649868965148926,6.197052001953125,67.60177612304688,0.32386488970588234,412.8526916503906,167
SalsaSpin/v_SalsaSpin_g03_c02.avi,2.878994941711426,4.12923526763916,43.0,0.30941176470588233,465.64208984375,167
SalsaSpin/v_SalsaSpin_g03_c03.avi,4.0506134033203125,6.213550090789795,61.13100814819336,0.3418979779411765,489.1107482910156,167
SalsaSpin/v_SalsaSpin_g03_c04.avi,3.4708564281463623,6.710992813110352,66.27216339111328,0.33927389705882355,442.1048278808594,167
SalsaSpin/v_SalsaSpin_g03_c05.avi,3.3498880863189697,4.356233596801758,53.0,0.2983892463235294,420.30841064453125,167
SalsaSpin/v_SalsaSpin_g03_c06.avi,2.7632219791412354,4.128532409667969,45.27692413330078,0.36787454044117646,438.3399353027344,167
SalsaSpin/v_SalsaSpin_g04_c01.avi,2.577413558959961,3.625401258468628,53.93514633178711,0.1945404411764706,129.267578125,332
SalsaSpin/v_SalsaSpin_g04_c02.avi,4.314408779144287,8.180767059326172,63.89052963256836,0.37071461397058825,179.62405395507812,332
SalsaSpin/v_SalsaSpin_g04_c03.avi,5.288165092468262,8.813545227050781,82.37718200683594,0.26399126838235293,272.8355712890625,332
SalsaSpin/v_SalsaSpin_g04_c04.avi,7.800980091094971,13.341377258300781,89.55445098876953,0.23634191176470587,447.16949462890625,332
SalsaSpin/v_SalsaSpin_g04_c05.avi,4.872645378112793,7.0574188232421875,83.16850280761719,0.18272977941176471,212.9628448486328,332
SalsaSpin/v_SalsaSpin_g04_c06.avi,2.8491461277008057,3.8755624294281006,42.72002029418945,0.16181985294117648,146.1138458251953,332
SalsaSpin/v_SalsaSpin_g05_c01.avi,4.235134601593018,5.238987922668457,52.39274597167969,0.25911534926470586,265.4829406738281,199
SalsaSpin/v_SalsaSpin_g05_c02.avi,2.294041633605957,3.220048427581787,36.0,0.2630606617647059,283.4205627441406,199
SalsaSpin/v_SalsaSpin_g05_c03.avi,1.9328035116195679,2.770792007446289,36.0,0.3515188419117647,171.99545288085938,199
SalsaSpin/v_SalsaSpin_g05_c04.avi,3.454620361328125,5.435343265533447,50.28916549682617,0.41644761029411764,212.82901000976562,199
SalsaSpin/v_SalsaSpin_g05_c05.avi,2.236600875854492,3.136998414993286,32.06243896484375,0.3072564338235294,207.8566436767578,199
SalsaSpin/v_SalsaSpin_g05_c06.avi,4.82325553894043,7.3143768310546875,55.4707145690918,0.2754296875,347.9584045410156,199
SalsaSpin/v_SalsaSpin_g06_c01.avi,2.388491153717041,4.570232391357422,37.013511657714844,0.5187454044117648,96.50982666015625,166
SalsaSpin/v_SalsaSpin_g06_c02.avi,1.7648133039474487,3.9978063106536865,39.217342376708984,0.6028193933823529,108.6298828125,166
SalsaSpin/v_SalsaSpin_g06_c03.avi,1.324542760848999,2.9599339962005615,39.81205749511719,0.5784995404411765,100.20536804199219,166
SalsaSpin/v_SalsaSpin_g06_c04.avi,2.408917188644409,5.346591472625732,51.865211486816406,0.5501861213235294,101.7942123413086,166
SalsaSpin/v_SalsaSpin_g06_c05.avi,1.685416340827942,3.531364679336548,38.897300720214844,0.5812454044117648,114.53265380859375,166
SalsaSpin/v_SalsaSpin_g07_c01.avi,2.6397862434387207,3.9666311740875244,39.560081481933594,0.3198828125,423.69610595703125,166
SalsaSpin/v_SalsaSpin_g07_c02.avi,5.345712661743164,7.100828170776367,55.578773498535156,0.20744944852941177,388.96038818359375,166
SalsaSpin/v_SalsaSpin_g07_c03.avi,6.743992328643799,10.013691902160645,77.36924743652344,0.2180514705882353,707.9028930664062,166
SalsaSpin/v_SalsaSpin_g07_c04.avi,5.770537853240967,7.017194747924805,102.4743881225586,0.17834788602941176,622.781005859375,166
SalsaSpin/v_SalsaSpin_g07_c05.avi,6.740964412689209,10.933073997497559,69.05070495605469,0.31728860294117645,502.80511474609375,166
SalsaSpin/v_SalsaSpin_g07_c06.avi,3.2971742153167725,6.111203670501709,61.717098236083984,0.39125,442.1246643066406,166
ShavingBeard/v_ShavingBeard_g01_c01.avi,1.7409780025482178,2.1298203468322754,20.0,0.35200597426470587,35.758419036865234,126
ShavingBeard/v_ShavingBeard_g01_c02.avi,3.2279880046844482,5.557865619659424,59.41380310058594,0.3383892463235294,56.4313850402832,136
ShavingBeard/v_ShavingBeard_g01_c03.avi,2.31280255317688,3.6795594692230225,44.59820556640625,0.42976332720588234,40.96084213256836,129
ShavingBeard/v_ShavingBeard_g01_c04.avi,1.8293840885162354,2.725626230239868,37.947330474853516,0.3916590073529412,68.11128234863281,90
ShavingBeard/v_ShavingBeard_g02_c01.avi,1.418052077293396,2.329226493835449,25.70992088317871,0.5255284926470588,76.76634216308594,178
ShavingBeard/v_ShavingBeard_g02_c02.avi,1.3814787864685059,2.2844181060791016,30.066593170166016,0.5208639705882353,35.34672927856445,192
ShavingBeard/v_ShavingBeard_g02_c03.avi,1.2776309251785278,2.0943822860717773,22.135944366455078,0.5238488051470588,24.06772232055664,190
ShavingBeard/v_ShavingBeard_g02_c04.avi,1.2934154272079468,1.8503167629241943,21.02379608154297,0.4622748161764706,43.895973205566406,146
ShavingBeard/v_ShavingBeard_g02_c05.avi,1.281577467918396,2.0560765266418457,20.880613327026367,0.48937729779411765,36.59906768798828,178
ShavingBeard/v_ShavingBeard_g02_c06.avi,1.1429774761199951,1.926068902015686,19.10497283935547,0.5287109375,36.5070915222168,202
ShavingBeard/v_ShavingBeard_g02_c07.avi,0.9910638332366943,1.5577068328857422,17.029386520385742,0.5542876838235294,31.538837432861328,249
ShavingBeard/v_ShavingBeard_g03_c01.avi,2.6799964904785156,7.241912841796875,88.32327270507812,0.5698621323529411,336.13323974609375,97
ShavingBeard/v_ShavingBeard_g03_c02.avi,2.0297229290008545,4.2151288986206055,32.0,0.5945909926470588,193.28038024902344,97
ShavingBeard/v_ShavingBeard_g03_c03.avi,0.9613102674484253,2.8682937622070312,29.068883895874023,0.7298897058823529,135.571044921875,104
ShavingBeard/v_ShavingBeard_g03_c04.avi,1.17121422290802,2.619962215423584,25.612497329711914,0.6661190257352941,61.009742736816406,105
ShavingBeard/v_ShavingBeard_g03_c05.avi,1.0387108325958252,2.1556813716888428,16.0,0.6591911764705882,36.69709396362305,182
ShavingBeard/v_ShavingBeard_g03_c06.avi,1.2682143449783325,2.6379663944244385,31.016124725341797,0.6200390625,84.4158935546875,148
ShavingBeard/v_ShavingBeard_g03_c07.avi,1.2349408864974976,2.7720916271209717,30.01666259765625,0.7003102022058824,84.4249496459961,156
ShavingBeard/v_ShavingBeard_g04_c01.avi,0.7080439329147339,3.962557315826416,70.25667572021484,0.8557720588235294,36.80588912963867,221
ShavingBeard/v_ShavingBeard_g04_c02.avi,1.2869337797164917,4.879517555236816,93.13430786132812,0.7614154411764706,81.16319274902344,177
ShavingBeard/v_ShavingBeard_g04_c03.avi,0.6477874517440796,3.4760732650756836,72.00694274902344,0.8159191176470588,25.097431182861328,190
ShavingBeard/v_ShavingBeard_g04_c04.avi,0.6689627170562744,3.1236932277679443,55.54277801513672,0.8342670036764706,53.40753173828125,210
ShavingBeard/v_ShavingBeard_g05_c01.avi,2.127920389175415,3.924081325531006,26.07680892944336,0.6020427389705882,92.60438537597656,499
ShavingBeard/v_ShavingBeard_g05_c02.avi,2.1937899589538574,5.4365057945251465,43.73785400390625,0.5929044117647059,132.5081329345703,506
ShavingBeard/v_ShavingBeard_g05_c03.avi,0.8598464727401733,2.0676300525665283,17.69180679321289,0.6791360294117647,48.50860595703125,507
ShavingBeard/v_ShavingBeard_g05_c04.avi,1.5757124423980713,4.562590599060059,45.25483322143555,0.6675436580882353,89.06663513183594,499
ShavingBeard/v_ShavingBeard_g05_c05.avi,0.8247513175010681,1.892503261566162,20.615528106689453,0.6969370404411764,91.03935241699219,520
ShavingBeard/v_ShavingBeard_g05_c06.avi,2.031677722930908,3.6288437843322754,27.459060668945312,0.5447265625,88.64705657958984,520
ShavingBeard/v_ShavingBeard_g05_c07.avi,5.336030006408691,9.617137908935547,67.00746154785156,0.5255514705882353,283.91693115234375,527
ShavingBeard/v_ShavingBeard_g06_c01.avi,3.6767799854278564,4.407063961029053,34.438350677490234,0.21602711397058824,108.0341796875,180
ShavingBeard/v_ShavingBeard_g06_c02.avi,1.397713541984558,1.724172592163086,21.931713104248047,0.3727136948529412,28.65028953552246,203
ShavingBeard/v_ShavingBeard_g06_c03.avi,1.8358230590820312,2.3818905353546143,29.017236709594727,0.34897518382352943,44.894073486328125,187
ShavingBeard/v_ShavingBeard_g06_c04.avi,2.278972625732422,3.067625045776367,41.04875183105469,0.20816176470588235,38.04994583129883,278
ShavingBeard/v_ShavingBeard_g06_c05.avi,2.556654214859009,3.197188138961792,30.08321762084961,0.2854894301470588,78.51302337646484,358
ShavingBeard/v_ShavingBeard_g06_c06.avi,3.6242611408233643,4.057309627532959,58.79625701904297,0.11420036764705882,106.67918395996094,179
ShavingBeard/v_ShavingBeard_g06_c07.avi,2.594925880432129,3.940000534057617,33.61547088623047,0.36912683823529413,71.9986801147461,250
ShavingBeard/v_ShavingBeard_g07_c01.avi,0.4166947901248932,1.2016881704330444,14.142135620117188,0.8190969669117647,65.32061767578125,228
ShavingBeard/v_ShavingBeard_g07_c02.avi,0.8332242369651794,2.963754653930664,52.0,0.7913511029411765,60.80562210083008,230
ShavingBeard/v_ShavingBeard_g07_c03.avi,0.679867148399353,2.086280107498169,19.0,0.7905009191176471,41.68620681762695,264
ShavingBeard/v_ShavingBeard_g07_c04.avi,0.6645154356956482,1.9420862197875977,23.76972770690918,0.7907904411764706,85.63516998291016,229
ShavingBeard/v_ShavingBeard_g07_c05.avi,0.7982613444328308,2.104098081588745,25.079872131347656,0.7570886948529412,72.95732116699219,313
ShavingBeard/v_ShavingBeard_g07_c06.avi,0.46706411242485046,1.5712449550628662,23.021728515625,0.8124609375,41.261077880859375,385
ShavingBeard/v_ShavingBeard_g07_c07.avi,0.44943395256996155,1.3787262439727783,18.0,0.8265602022058823,64.32542419433594,385
Shotput/v_Shotput_g01_c01.avi,0.331084281206131,1.0690399408340454,16.0,0.8171691176470588,28.5863094329834,61
Shotput/v_Shotput_g01_c02.avi,1.170628309249878,2.4722483158111572,44.72135925292969,0.5005882352941177,220.60226440429688,101
Shotput/v_Shotput_g01_c03.avi,0.8312395215034485,2.90378999710083,48.10405349731445,0.7040808823529412,168.98126220703125,94
Shotput/v_Shotput_g01_c04.avi,1.0117257833480835,2.4899098873138428,46.04345703125,0.49878676470588235,129.8176727294922,91
Shotput/v_Shotput_g01_c05.avi,1.4312899112701416,3.2722201347351074,56.4358024597168,0.43515625,287.3275146484375,97
Shotput/v_Shotput_g01_c06.avi,1.45334792137146,2.7272560596466064,44.0,0.5673828125,131.22779846191406,101
Shotput/v_Shotput_g01_c07.avi,1.1808799505233765,3.2174086570739746,59.64059066772461,0.6141911764705882,224.6840057373047,101
Shotput/v_Shotput_g02_c01.avi,0.09547210484743118,0.6078307628631592,10.0,0.9549356617647059,17.25826644897461,84
Shotput/v_Shotput_g02_c02.avi,0.1864253729581833,0.9958716034889221,18.439088821411133,0.9372058823529412,38.36339569091797,89
Shotput/v_Shotput_g02_c03.avi,0.09241318702697754,0.5799664258956909,9.219544410705566,0.9563970588235294,27.948375701904297,72
Shotput/v_Shotput_g02_c04.avi,0.0802656039595604,0.550240695476532,16.0,0.9634926470588235,30.690465927124023,75
Shotput/v_Shotput_g02_c05.avi,0.11087989062070847,0.5491293668746948,6.324555397033691,0.9402458639705882,34.12512969970703,93
Shotput/v_Shotput_g02_c06.avi,0.2498871386051178,1.169722318649292,14.317821502685547,0.9259926470588236,70.70357513427734,70
Shotput/v_Shotput_g02_c07.avi,0.2528172731399536,1.1877703666687012,20.0,0.9158685661764706,108.6279525756836,87
Shotput/v_Shotput_g03_c01.avi,0.21375684440135956,0.7768476605415344,16.031219482421875,0.8827573529411765,10.825247764587402,70
Shotput/v_Shotput_g03_c02.avi,0.1878538280725479,0.6542164087295532,9.0,0.888639705882353,16.341522216796875,84
Shotput/v_Shotput_g03_c03.avi,0.19007740914821625,0.7939953207969666,14.0,0.8940808823529411,19.1752986907959,69
Shotput/v_Shotput_g03_c04.avi,0.2848677337169647,1.077749252319336,22.0,0.869375,37.71464920043945,90
Shotput/v_Shotput_g03_c05.avi,0.11500000208616257,0.5485367774963379,8.0,0.9339705882352941,2.2983932495117188,65
Shotput/v_Shotput_g03_c06.avi,0.20336613059043884,0.7438226938247681,10.0,0.8906617647058823,16.957042694091797,84
Shotput/v_Shotput_g04_c01.avi,1.8927288055419922,3.7311229705810547,55.03635025024414,0.4687591911764706,345.90106201171875,79
Shotput/v_Shotput_g04_c02.avi,2.035005807876587,4.222271919250488,48.703182220458984,0.5882352941176471,190.68402099609375,76
Shotput/v_Shotput_g04_c03.avi,1.0759602785110474,2.1102242469787598,34.0,0.6069508272058823,167.7685089111328,85
Shotput/v_Shotput_g04_c04.avi,1.5079723596572876,3.392554759979248,40.199501037597656,0.6185248161764706,526.7227783203125,90
Shotput/v_Shotput_g04_c05.avi,2.1455371379852295,3.2254014015197754,32.140316009521484,0.4222564338235294,530.4861450195312,72
Shotput/v_Shotput_g05_c01.avi,1.479304313659668,2.360767364501953,22.022714614868164,0.5426171875,70.29457092285156,67
Shotput/v_Shotput_g05_c02.avi,1.210067629814148,1.9032331705093384,18.0,0.5403929227941177,69.88349914550781,130
Shotput/v_Shotput_g05_c03.avi,1.1361232995986938,2.0353963375091553,26.0,0.4948184742647059,85.77119445800781,130
Shotput/v_Shotput_g05_c04.avi,0.8527664542198181,3.564176559448242,52.009613037109375,0.7949172794117647,18.255460739135742,125
Shotput/v_Shotput_g05_c05.avi,1.4214476346969604,2.522303342819214,35.0,0.43693014705882355,118.66682434082031,132
Shotput/v_Shotput_g05_c06.avi,0.36763209104537964,0.7892680764198303,13.03840446472168,0.7371920955882353,10.215803146362305,125
Shotput/v_Shotput_g05_c07.avi,5.67626953125,8.280996322631836,43.046485900878906,0.23745863970588235,199.7786865234375,150
Shotput/v_Shotput_g06_c01.avi,2.5252764225006104,4.167182922363281,56.035701751708984,0.422890625,208.45083618164062,101
Shotput/v_Shotput_g06_c02.avi,4.4363932609558105,5.754283905029297,72.06246948242188,0.3158961397058824,278.8109436035156,101
Shotput/v_Shotput_g06_c03.avi,3.2670559883117676,5.336850643157959,63.12685775756836,0.3444140625,282.94903564453125,88
Shotput/v_Shotput_g06_c04.avi,1.3917335271835327,3.2975456714630127,43.046485900878906,0.6020955882352941,153.80247497558594,95
Shotput/v_Shotput_g06_c05.avi,3.2456862926483154,4.48177433013916,51.61395263671875,0.3196277573529412,312.5330505371094,86
Shotput/v_Shotput_g06_c06.avi,4.166879653930664,5.462337970733643,65.6201171875,0.3025275735294118,362.046875,90
Shotput/v_Shotput_g06_c07.avi,2.56040620803833,4.410722255706787,61.52235412597656,0.39864200367647057,277.3246765136719,101
Shotput/v_Shotput_g07_c01.avi,1.6288719177246094,7.55725622177124,110.45361328125,0.7901148897058824,212.8084259033203,78
Shotput/v_Shotput_g07_c02.avi,0.4867536127567291,1.0811985731124878,15.264337539672852,0.6771691176470588,45.779335021972656,64
Shotput/v_Shotput_g07_c03.avi,0.6536655426025391,2.642850875854492,32.06243896484375,0.8502573529411764,69.86750793457031,70
Shotput/v_Shotput_g07_c04.avi,2.133329391479492,5.517360687255859,69.65629577636719,0.5388993566176471,258.2566223144531,80
Shotput/v_Shotput_g07_c05.avi,3.2850449085235596,4.7981719970703125,55.56977462768555,0.31537454044117647,188.97555541992188,80
Shotput/v_Shotput_g07_c06.avi,2.520010232925415,5.613719940185547,57.14017868041992,0.37540670955882355,264.5911560058594,59
Shotput/v_Shotput_g07_c07.avi,1.7437660694122314,5.034576892852783,76.41989135742188,0.5300344669117647,275.2928466796875,77
SkateBoarding/v_SkateBoarding_g01_c01.avi,5.508505344390869,8.219056129455566,60.0,0.3824908088235294,257.83233642578125,201
SkateBoarding/v_SkateBoarding_g01_c02.avi,4.405205249786377,8.185369491577148,75.0,0.4247725183823529,162.99102783203125,174
SkateBoarding/v_SkateBoarding_g01_c03.avi,12.43767261505127,15.739723205566406,74.02702331542969,0.2165762867647059,341.7804870605469,111
SkateBoarding/v_SkateBoarding_g01_c04.avi,4.831672191619873,6.235986232757568,39.293766021728516,0.33034007352941175,39.089683532714844,167
SkateBoarding/v_SkateBoarding_g02_c01.avi,4.395160675048828,5.952719211578369,44.55333709716797,0.3480652573529412,408.3606262207031,368
SkateBoarding/v_SkateBoarding_g02_c02.avi,1.5038814544677734,3.546938896179199,28.0,0.6622426470588235,29.3615779876709,127
SkateBoarding/v_SkateBoarding_g02_c03.avi,10.838769912719727,13.807047843933105,98.04590606689453,0.19818704044117647,178.8900146484375,110
SkateBoarding/v_SkateBoarding_g02_c04.avi,7.5567450523376465,10.96296215057373,57.07889175415039,0.3294347426470588,716.1401977539062,76
SkateBoarding/v_SkateBoarding_g02_c05.avi,15.407295227050781,18.682531356811523,170.42593383789062,0.17508501838235294,1422.1788330078125,111
SkateBoarding/v_SkateBoarding_g02_c06.avi,14.642122268676758,16.945720672607422,105.385009765625,0.21832261029411765,551.7928466796875,299
SkateBoarding/v_SkateBoarding_g03_c01.avi,2.2589921951293945,3.0982272624969482,22.203603744506836,0.39540441176470587,70.15513610839844,125
SkateBoarding/v_SkateBoarding_g03_c02.avi,1.9366976022720337,2.5911920070648193,16.0,0.4297794117647059,58.00725173950195,125
SkateBoarding/v_SkateBoarding_g03_c03.avi,1.7311100959777832,2.4459197521209717,16.031219482421875,0.44121323529411766,68.10502624511719,125
SkateBoarding/v_SkateBoarding_g03_c04.avi,6.0189385414123535,8.713573455810547,66.00757598876953,0.28004136029411764,192.02813720703125,127
SkateBoarding/v_SkateBoarding_g04_c01.avi,8.221904754638672,11.999226570129395,79.30951690673828,0.22470588235294117,417.13409423828125,105
SkateBoarding/v_SkateBoarding_g04_c02.avi,9.145459175109863,13.664429664611816,89.53770446777344,0.23363970588235294,360.5608825683594,144
SkateBoarding/v_SkateBoarding_g04_c03.avi,14.421027183532715,13.995400428771973,103.3924560546875,0.054310661764705885,606.2921752929688,90
SkateBoarding/v_SkateBoarding_g04_c04.avi,14.326329231262207,17.22121810913086,122.00409698486328,0.2107375919117647,780.2879028320312,134
SkateBoarding/v_SkateBoarding_g04_c05.avi,6.944877624511719,9.537094116210938,95.52486419677734,0.27321691176470586,261.9515075683594,102
SkateBoarding/v_SkateBoarding_g05_c01.avi,6.430917263031006,8.300041198730469,75.80237579345703,0.2028033088235294,678.4277954101562,139
SkateBoarding/v_SkateBoarding_g05_c02.avi,9.997127532958984,13.503629684448242,83.6779556274414,0.1395749080882353,943.2271728515625,103
SkateBoarding/v_SkateBoarding_g05_c03.avi,6.070065975189209,6.646085262298584,40.4474983215332,0.1089797794117647,733.2435302734375,159
SkateBoarding/v_SkateBoarding_g05_c04.avi,1.3271484375,2.4713079929351807,27.20294189453125,0.4228216911764706,117.19468688964844,184
SkateBoarding/v_SkateBoarding_g06_c01.avi,4.561216831207275,5.829303741455078,51.244510650634766,0.28128446691176473,124.03692626953125,128
SkateBoarding/v_SkateBoarding_g06_c02.avi,9.605180740356445,10.021539688110352,86.14522552490234,0.07429917279411764,334.90533447265625,149
SkateBoarding/v_SkateBoarding_g06_c03.avi,1.9614256620407104,3.044609546661377,29.0,0.43662683823529413,29.278759002685547,122
SkateBoarding/v_SkateBoarding_g06_c04.avi,14.680543899536133,17.453065872192383,113.43721008300781,0.05480009191176471,440.12261962890625,149
SkateBoarding/v_SkateBoarding_g07_c01.avi,8.741744995117188,10.240639686584473,94.64142608642578,0.25883501838235295,430.69818115234375,145
SkateBoarding/v_SkateBoarding_g07_c02.avi,8.279306411743164,12.29952621459961,96.04686737060547,0.26644301470588233,514.4948120117188,198
SkateBoarding/v_SkateBoarding_g07_c03.avi,1.996095895767212,4.658681392669678,32.06243896484375,0.6234283088235294,128.44871520996094,184
SkateBoarding/v_SkateBoarding_g07_c04.avi,15.314484596252441,14.544787406921387,117.88553619384766,0.032208180147058826,613.2874145507812,171
SkateBoarding/v_SkateBoarding_g07_c05.avi,8.754375457763672,11.238004684448242,113.28282928466797,0.21332950367647058,319.1854553222656,148
Skiing/v_Skiing_g01_c01.avi,32.79600524902344,33.38779830932617,192.0,0.038106617647058826,415.33819580078125,239
Skiing/v_Skiing_g01_c02.avi,1.481063723564148,1.3909562826156616,14.0,0.34356617647058824,9.680109977722168,243
Skiing/v_Skiing_g01_c03.avi,0.20340056717395782,0.649962842464447,11.0,0.855625,8.03373908996582,244
Skiing/v_Skiing_g01_c04.avi,2.269192934036255,2.3947393894195557,29.0,0.29062729779411767,114.33793640136719,251
Skiing/v_Skiing_g01_c05.avi,7.324741840362549,9.560239791870117,55.578773498535156,0.20786534926470587,149.91693115234375,259
Skiing/v_Skiing_g01_c06.avi,11.553574562072754,12.548102378845215,50.0,0.14464154411764707,151.42874145507812,173
Skiing/v_Skiing_g02_c01.avi,18.923046112060547,30.118587493896484,164.1249542236328,0.23926011029411764,600.7180786132812,174
Skiing/v_Skiing_g02_c02.avi,9.130265235900879,12.614035606384277,141.088623046875,0.2613855698529412,213.5201873779297,201
Skiing/v_Skiing_g02_c03.avi,12.955504417419434,16.582992553710938,207.0,0.22098575367647058,217.9580078125,199
Skiing/v_Skiing_g02_c04.avi,23.7432861328125,32.03394317626953,243.0,0.18304457720588235,208.56802368164062,176
Skiing/v_Skiing_g02_c05.avi,39.383235931396484,52.7808723449707,334.05389404296875,0.20844439338235293,1452.35546875,117
Skiing/v_Skiing_g03_c01.avi,2.8337697982788086,4.188272953033447,32.649654388427734,0.4023046875,228.83645629882812,207
Skiing/v_Skiing_g03_c02.avi,8.295753479003906,9.459492683410645,58.0,0.23373161764705883,540.5740356445312,109
Skiing/v_Skiing_g03_c03.avi,13.15095043182373,21.78704833984375,151.00331115722656,0.2566337316176471,757.4354248046875,205
Skiing/v_Skiing_g03_c04.avi,3.4728541374206543,5.802957057952881,64.66065216064453,0.5108823529411765,209.38424682617188,307
Skiing/v_Skiing_g03_c05.avi,5.259137153625488,6.900542259216309,81.3019027709961,0.3540188419117647,199.6508026123047,229
Skiing/v_Skiing_g03_c06.avi,5.545812606811523,6.113381385803223,40.0,0.2161626838235294,225.5666046142578,299
Skiing/v_Skiing_g03_c07.avi,7.542180061340332,9.132640838623047,62.96824645996094,0.3294829963235294,337.62530517578125,299
Skiing/v_Skiing_g04_c01.avi,4.878412246704102,2.8713786602020264,24.083189010620117,0.015349264705882352,137.0449676513672,229
Skiing/v_Skiing_g04_c02.avi,5.7668328285217285,4.242206573486328,24.331050872802734,0.022566636029411766,163.44400024414062,251
Skiing/v_Skiing_g04_c03.avi,9.0114107131958,14.630016326904297,51.03919982910156,0.561256893382353,34.29734420776367,153
Skiing/v_Skiing_g04_c04.avi,11.948204040527344,11.654669761657715,53.75872039794922,0.1973046875,36.37946319580078,199
Skiing/v_Skiing_g04_c05.avi,6.95318078994751,6.2494940757751465,23.194826126098633,0.3813212316176471,22.867971420288086,198
Skiing/v_Skiing_g04_c06.avi,3.2743093967437744,3.3434741497039795,27.20294189453125,0.13207720588235294,27.38053321838379,186
Skiing/v_Skiing_g04_c07.avi,9.70361328125,8.674159049987793,40.49691390991211,0.08711397058823529,171.40574645996094,278
Skiing/v_Skiing_g05_c01.avi,2.890178918838501,2.905381202697754,15.65247631072998,0.2853676470588235,26.641002655029297,183
Skiing/v_Skiing_g05_c02.avi,17.838172912597656,22.71525001525879,206.3128662109375,0.11747931985294117,205.932861328125,107
Skiing/v_Skiing_g05_c03.avi,11.359172821044922,11.883641242980957,72.13875579833984,0.05289981617647059,130.16708374023438,277
Skiing/v_Skiing_g05_c04.avi,7.848414421081543,11.268807411193848,111.25196838378906,0.22739889705882352,227.1784210205078,253
Skiing/v_Skiing_g06_c01.avi,4.11562967300415,6.276082515716553,58.872745513916016,0.23565716911764706,80.52423095703125,299
Skiing/v_Skiing_g06_c02.avi,9.251542091369629,14.314030647277832,96.33275604248047,0.2347219669117647,52.387367248535156,299
Skiing/v_Skiing_g06_c03.avi,12.849845886230469,17.714645385742188,104.13932800292969,0.21995634191176472,204.89785766601562,299
Skiing/v_Skiing_g06_c04.avi,9.822012901306152,12.95007038116455,78.71467590332031,0.21341911764705881,167.73593139648438,299
Skiing/v_Skiing_g06_c05.avi,11.699503898620605,17.578968048095703,110.16805267333984,0.22485983455882352,275.18499755859375,299
Skiing/v_Skiing_g06_c06.avi,6.5293498039245605,9.421343803405762,70.1783447265625,0.21400505514705884,104.51708984375,299
Skiing/v_Skiing_g06_c07.avi,11.07927131652832,14.921892166137695,86.0,0.20685202205882353,59.7930793762207,299
Skiing/v_Skiing_g07_c01.avi,12.758554458618164,13.0406494140625,59.50630187988281,0.1653469669117647,39.33111572265625,235
Skiing/v_Skiing_g07_c02.avi,21.78386688232422,21.07550621032715,129.07362365722656,0.0790923713235294,305.67340087890625,178
Skiing/v_Skiing_g07_c03.avi,18.97357749938965,19.039194107055664,85.08818817138672,0.07107536764705882,188.14907836914062,102
Skiing/v_Skiing_g07_c04.avi,8.896218299865723,8.626059532165527,73.02738952636719,0.10375,18.452491760253906,84
Skijet/v_Skijet_g01_c01.avi,11.005582809448242,9.782381057739258,76.00657653808594,0.10794806985294117,326.5343017578125,417
Skijet/v_Skijet_g01_c02.avi,11.85451889038086,15.246292114257812,127.76932525634766,0.12578125,370.437255859375,415
Skijet/v_Skijet_g01_c03.avi,12.171724319458008,15.589139938354492,118.0169448852539,0.14559972426470588,351.66925048828125,415
Skijet/v_Skijet_g01_c04.avi,21.601768493652344,26.11402130126953,161.19863891601562,0.1345657169117647,538.9312744140625,415
Skijet/v_Skijet_g02_c01.avi,8.803760528564453,10.501830101013184,71.11258697509766,0.23230698529411764,294.0144958496094,209
Skijet/v_Skijet_g02_c02.avi,1.832908034324646,3.0926334857940674,27.166154861450195,0.3936879595588235,34.72581481933594,182
Skijet/v_Skijet_g02_c03.avi,7.508614540100098,13.029149055480957,189.0238037109375,0.2424563419117647,201.8797149658203,209
Skijet/v_Skijet_g02_c04.avi,16.088279724121094,22.103361129760742,251.44781494140625,0.26533088235294117,253.27664184570312,209
Skijet/v_Skijet_g03_c01.avi,13.239256858825684,18.73883628845215,216.52020263671875,0.06587316176470588,567.6444091796875,315
Skijet/v_Skijet_g03_c02.avi,14.321812629699707,17.49435806274414,187.5366668701172,0.08314568014705882,767.6832275390625,315
Skijet/v_Skijet_g03_c03.avi,17.105377197265625,21.857858657836914,161.11175537109375,0.05998391544117647,119.03599548339844,315
Skijet/v_Skijet_g03_c04.avi,6.27026891708374,6.544412136077881,54.918121337890625,0.10504365808823529,17.981956481933594,309
Skijet/v_Skijet_g04_c01.avi,4.29174280166626,2.868349313735962,36.0,0.07727941176470589,157.99514770507812,250
Skijet/v_Skijet_g04_c02.avi,4.332766056060791,3.1641485691070557,22.0,0.11619944852941176,190.14151000976562,250
Skijet/v_Skijet_g04_c03.avi,2.2840397357940674,1.8039906024932861,16.278820037841797,0.1670955882352941,176.9442596435547,250
Skijet/v_Skijet_g04_c04.avi,5.512988090515137,6.08383321762085,26.172504425048828,0.21360294117647058,166.79696655273438,250
Skijet/v_Skijet_g05_c01.avi,31.288494110107422,31.013675689697266,194.03350830078125,0.040785845588235295,536.4112548828125,209
Skijet/v_Skijet_g05_c02.avi,17.08148956298828,15.323187828063965,96.54014587402344,0.05374080882352941,577.9917602539062,209
Skijet/v_Skijet_g05_c03.avi,16.486886978149414,15.116565704345703,105.64563751220703,0.051856617647058824,364.8509826660156,209
Skijet/v_Skijet_g05_c04.avi,34.838783264160156,35.932552337646484,129.0,0.21615579044117647,283.20599365234375,209
Skijet/v_Skijet_g06_c01.avi,16.294723510742188,18.58868980407715,185.0,0.07379365808823529,669.364013671875,250
Skijet/v_Skijet_g06_c02.avi,20.058591842651367,23.4600772857666,165.0,0.13244025735294118,1112.1060791015625,250
Skijet/v_Skijet_g06_c03.avi,10.361397743225098,13.708366394042969,120.0,0.18135340073529413,380.2596435546875,250
Skijet/v_Skijet_g06_c04.avi,14.296527862548828,14.053385734558105,119.0,0.07316176470588236,126.4549331665039,250
Skijet/v_Skijet_g07_c01.avi,4.606983661651611,6.365065574645996,59.236812591552734,0.2963878676470588,83.32594299316406,198
Skijet/v_Skijet_g07_c02.avi,8.764395713806152,12.03723430633545,91.66242218017578,0.26057904411764704,302.15447998046875,196
Skijet/v_Skijet_g07_c03.avi,13.010643005371094,15.611471176147461,91.19758605957031,0.23625689338235295,272.84906005859375,196
Skijet/v_Skijet_g07_c04.avi,6.406439781188965,8.812972068786621,57.0,0.2793704044117647,110.4835205078125,202
SkyDiving/v_SkyDiving_g01_c01.avi,6.678390979766846,8.302790641784668,59.05929183959961,0.19258042279411763,159.1182861328125,186
SkyDiving/v_SkyDiving_g01_c02.avi,10.633496284484863,8.414907455444336,59.07622146606445,0.16591681985294118,417.48321533203125,193
SkyDiving/v_SkyDiving_g01_c03.avi,2.069254159927368,3.0541720390319824,62.0,0.28136029411764707,36.311954498291016,125
SkyDiving/v_SkyDiving_g01_c04.avi,6.336225986480713,9.283567428588867,111.3193588256836,0.19521599264705883,146.67105102539062,96
SkyDiving/v_SkyDiving_g02_c01.avi,25.19066619873047,23.50564956665039,110.11357879638672,0.05301240808823529,470.19549560546875,29
SkyDiving/v_SkyDiving_g02_c02.avi,11.60275936126709,15.62363338470459,248.00201416015625,0.06692784926470588,144.51976013183594,126
SkyDiving/v_SkyDiving_g02_c03.avi,8.48684310913086,6.0327935218811035,41.0,0.0439453125,186.2769775390625,135
SkyDiving/v_SkyDiving_g02_c04.avi,16.13484764099121,25.1143741607666,323.0,0.05479549632352941,118.99339294433594,113
SkyDiving/v_SkyDiving_g03_c01.avi,4.659501552581787,5.0406694412231445,43.0,0.13366498161764706,42.17864227294922,186
SkyDiving/v_SkyDiving_g03_c02.avi,5.98101282119751,5.286716938018799,50.32891845703125,0.08968520220588236,224.35482788085938,201
SkyDiving/v_SkyDiving_g03_c03.avi,10.199262619018555,12.081806182861328,88.5098876953125,0.05926470588235294,401.62823486328125,193
SkyDiving/v_SkyDiving_g03_c04.avi,15.922226905822754,18.859468460083008,273.029296875,0.0415234375,666.3336181640625,231
SkyDiving/v_SkyDiving_g03_c05.avi,5.560901165008545,5.161945343017578,36.34556198120117,0.08093979779411764,178.49473571777344,246
SkyDiving/v_SkyDiving_g04_c01.avi,15.639699935913086,27.710214614868164,306.9674377441406,0.06924172794117647,164.87342834472656,148
SkyDiving/v_SkyDiving_g04_c02.avi,11.674921989440918,11.16752815246582,93.0,0.08834099264705883,73.3266372680664,140
SkyDiving/v_SkyDiving_g04_c03.avi,9.102936744689941,8.908296585083008,68.00735473632812,0.07068014705882353,50.60567855834961,126
SkyDiving/v_SkyDiving_g04_c04.avi,13.937810897827148,21.395612716674805,269.26751708984375,0.10829044117647059,99.92823791503906,101
SkyDiving/v_SkyDiving_g05_c01.avi,1.2394407987594604,1.6534608602523804,15.033296585083008,0.3795220588235294,45.821693420410156,185
SkyDiving/v_SkyDiving_g05_c02.avi,12.825509071350098,17.83588981628418,99.12618255615234,0.2804204963235294,520.131103515625,169
SkyDiving/v_SkyDiving_g05_c03.avi,6.075830459594727,8.786816596984863,110.0,0.2703331801470588,178.39366149902344,199
SkyDiving/v_SkyDiving_g05_c04.avi,7.716098308563232,8.763179779052734,86.00581359863281,0.17948529411764705,568.2880859375,210
SkyDiving/v_SkyDiving_g05_c05.avi,6.218760967254639,9.851347923278809,124.42266845703125,0.21945082720588235,341.79937744140625,219
SkyDiving/v_SkyDiving_g06_c01.avi,8.201706886291504,8.978399276733398,43.26661682128906,0.1532513786764706,68.6406021118164,84
SkyDiving/v_SkyDiving_g06_c02.avi,12.03898811340332,18.08968734741211,185.8736114501953,0.10107996323529411,217.3889617919922,152
SkyDiving/v_SkyDiving_g06_c03.avi,16.4265193939209,13.090582847595215,80.65978240966797,0.15666819852941177,459.7999572753906,159
SkyDiving/v_SkyDiving_g06_c04.avi,12.882667541503906,13.69499397277832,86.88497924804688,0.10952895220588235,253.7040252685547,153
SkyDiving/v_SkyDiving_g07_c01.avi,11.110806465148926,13.133915901184082,177.02542114257812,0.103203125,169.5818328857422,166
SkyDiving/v_SkyDiving_g07_c02.avi,14.411957740783691,13.454591751098633,115.73245239257812,0.04189108455882353,311.9297180175781,178
SkyDiving/v_SkyDiving_g07_c03.avi,6.4160943031311035,5.974353313446045,43.0,0.08640395220588236,166.4799346923828,202
SkyDiving/v_SkyDiving_g07_c04.avi,8.12801742553711,10.446502685546875,76.68767547607422,0.24412913602941178,453.68597412109375,92
SkyDiving/v_SkyDiving_g07_c05.avi,7.546714782714844,8.327838897705078,66.0302963256836,0.12592141544117647,137.80165100097656,155
SoccerJuggling/v_SoccerJuggling_g01_c01.avi,1.3160940408706665,3.8683228492736816,37.05401611328125,0.6837132352941176,99.91015625,899
SoccerJuggling/v_SoccerJuggling_g01_c02.avi,1.1339120864868164,3.292895555496216,43.0,0.7058455882352941,110.73368072509766,501
SoccerJuggling/v_SoccerJuggling_g01_c03.avi,1.7686409950256348,3.9271509647369385,37.05401611328125,0.6232421875,224.7276153564453,879
SoccerJuggling/v_SoccerJuggling_g01_c04.avi,2.3000295162200928,6.461602687835693,63.12685775756836,0.6866383272058824,366.92724609375,704
SoccerJuggling/v_SoccerJuggling_g01_c05.avi,2.3187296390533447,5.0750908851623535,54.0,0.5905399816176471,294.61944580078125,289
SoccerJuggling/v_SoccerJuggling_g02_c01.avi,0.741667628288269,3.0266003608703613,60.67124557495117,0.8354411764705882,195.6170654296875,239
SoccerJuggling/v_SoccerJuggling_g02_c02.avi,0.9731367230415344,3.5417520999908447,46.81879806518555,0.8134926470588235,292.7212829589844,239
SoccerJuggling/v_SoccerJuggling_g02_c03.avi,1.2943183183670044,4.21479606628418,54.4058837890625,0.7953814338235294,269.5275573730469,239
SoccerJuggling/v_SoccerJuggling_g02_c04.avi,1.2894330024719238,4.191197395324707,58.215118408203125,0.7929480698529412,285.0724182128906,239
SoccerJuggling/v_SoccerJuggling_g02_c05.avi,1.2792868614196777,4.244679927825928,56.46237564086914,0.7963970588235294,365.61468505859375,239
SoccerJuggling/v_SoccerJuggling_g02_c06.avi,1.671820044517517,4.646372318267822,84.85281372070312,0.6655193014705882,421.91448974609375,239
SoccerJuggling/v_SoccerJuggling_g03_c01.avi,2.560314416885376,5.852112770080566,64.93843078613281,0.4910110294117647,94.46116638183594,229
SoccerJuggling/v_SoccerJuggling_g03_c02.avi,1.5422412157058716,2.582139492034912,32.0,0.4839981617647059,101.69507598876953,229
SoccerJuggling/v_SoccerJuggling_g03_c03.avi,1.9650731086730957,3.897890329360962,37.44329071044922,0.5154319852941176,115.9703598022461,229
SoccerJuggling/v_SoccerJuggling_g03_c04.avi,1.8999513387680054,3.142975091934204,24.0,0.4547817095588235,86.34416198730469,229
SoccerJuggling/v_SoccerJuggling_g04_c01.avi,1.056562900543213,3.4506518840789795,40.0,0.774921875,215.1884765625,359
SoccerJuggling/v_SoccerJuggling_g04_c02.avi,2.951016664505005,6.052618503570557,52.345008850097656,0.6327435661764705,736.0636596679688,359
SoccerJuggling/v_SoccerJuggling_g04_c03.avi,2.3897414207458496,5.322859287261963,54.451812744140625,0.6591107536764705,636.8610229492188,359
SoccerJuggling/v_SoccerJuggling_g04_c04.avi,2.7937302589416504,6.348879814147949,66.84310150146484,0.65328125,646.1248168945312,359
SoccerJuggling/v_SoccerJuggling_g04_c05.avi,1.2768079042434692,3.3525662422180176,32.0,0.7399954044117647,284.1151123046875,359
SoccerJuggling/v_SoccerJuggling_g04_c06.avi,1.9145065546035767,5.059146881103516,81.90848541259766,0.6930101102941176,431.0912170410156,359
SoccerJuggling/v_SoccerJuggling_g05_c01.avi,0.27171191573143005,1.4909741878509521,26.4007568359375,0.9279779411764706,83.6636962890625,239
SoccerJuggling/v_SoccerJuggling_g05_c02.avi,0.18688072264194489,1.0516736507415771,25.01999282836914,0.9312867647058823,74.93112182617188,239
SoccerJuggling/v_SoccerJuggling_g05_c03.avi,0.37978196144104004,1.7479605674743652,29.96664810180664,0.885475643382353,116.1101303100586,239
SoccerJuggling/v_SoccerJuggling_g05_c04.avi,0.2927215099334717,1.1336164474487305,20.0,0.8710477941176471,72.2455062866211,239
SoccerJuggling/v_SoccerJuggling_g05_c05.avi,0.16959616541862488,0.9618222713470459,22.360679626464844,0.9227918198529412,59.05238723754883,239
SoccerJuggling/v_SoccerJuggling_g05_c06.avi,0.273124635219574,1.2664164304733276,21.02379608154297,0.9036420036764706,94.40950775146484,239
SoccerJuggling/v_SoccerJuggling_g06_c01.avi,0.48805147409439087,1.7657684087753296,39.66106414794922,0.8213924632352941,48.857120513916016,250
SoccerJuggling/v_SoccerJuggling_g06_c02.avi,0.8265539407730103,2.8343684673309326,48.0,0.7691636029411765,129.8531036376953,134
SoccerJuggling/v_SoccerJuggling_g06_c03.avi,0.9109785556793213,2.7815961837768555,38.0,0.7594186580882353,127.22474670410156,228
SoccerJuggling/v_SoccerJuggling_g06_c04.avi,0.6060177683830261,2.046987533569336,32.0,0.8033616727941176,147.60079956054688,91
SoccerJuggling/v_SoccerJuggling_g06_c05.avi,1.5807385444641113,4.104262828826904,54.037025451660156,0.6660202205882353,185.80799865722656,299
SoccerJuggling/v_SoccerJuggling_g07_c01.avi,7.426212787628174,6.788175106048584,50.80354309082031,0.1625390625,155.64608764648438,300
SoccerJuggling/v_SoccerJuggling_g07_c02.avi,2.4112629890441895,2.2848145961761475,51.03919982910156,0.16598345588235294,134.4686279296875,300
SoccerJuggling/v_SoccerJuggling_g07_c03.avi,15.161872863769531,14.353132247924805,62.00806427001953,0.022980238970588235,183.34780883789062,300
SoccerJuggling/v_SoccerJuggling_g07_c04.avi,2.8216805458068848,3.8699259757995605,53.00943374633789,0.25209329044117645,167.54620361328125,300
SoccerJuggling/v_SoccerJuggling_g07_c05.avi,5.430363178253174,3.611872434616089,49.19349670410156,0.198203125,156.14295959472656,359
SoccerJuggling/v_SoccerJuggling_g07_c06.avi,2.630061149597168,3.62990403175354,41.86884307861328,0.2955215992647059,155.46385192871094,359
SoccerJuggling/v_SoccerJuggling_g07_c07.avi,3.48286509513855,4.553232669830322,35.35533905029297,0.26062729779411764,128.40261840820312,359
SoccerPenalty/v_SoccerPenalty_g01_c01.avi,0.0778610035777092,0.4143277406692505,9.0,0.9415165441176471,15.867469787597656,152
SoccerPenalty/v_SoccerPenalty_g01_c02.avi,0.08588869124650955,0.4649393558502197,10.0,0.9402205882352941,21.95191764831543,137
SoccerPenalty/v_SoccerPenalty_g01_c03.avi,0.6357647776603699,1.3861284255981445,20.02498435974121,0.6739269301470588,259.1868896484375,147
SoccerPenalty/v_SoccerPenalty_g01_c04.avi,0.09286558628082275,0.500383198261261,13.0,0.9411764705882353,15.223997116088867,131
SoccerPenalty/v_SoccerPenalty_g01_c05.avi,0.8680205345153809,1.7754617929458618,11.0,0.7709926470588235,55.8057861328125,104
SoccerPenalty/v_SoccerPenalty_g01_c06.avi,0.05621913820505142,0.3620258569717407,8.0,0.9608455882352941,11.063949584960938,91
SoccerPenalty/v_SoccerPenalty_g02_c01.avi,5.12395715713501,6.657628536224365,52.0,0.378203125,299.38714599609375,117
SoccerPenalty/v_SoccerPenalty_g02_c02.avi,4.520168781280518,8.941094398498535,94.0,0.46984145220588236,175.54849243164062,99
SoccerPenalty/v_SoccerPenalty_g02_c03.avi,4.739408493041992,6.741498947143555,72.0,0.3700873161764706,188.28488159179688,90
SoccerPenalty/v_SoccerPenalty_g02_c04.avi,5.765456199645996,8.012259483337402,78.0,0.3228033088235294,247.32681274414062,120
SoccerPenalty/v_SoccerPenalty_g02_c05.avi,4.772243976593018,8.265068054199219,80.0,0.41860753676470586,154.71450805664062,99
SoccerPenalty/v_SoccerPenalty_g03_c01.avi,2.410752296447754,4.856001853942871,57.0,0.5475666360294118,219.35910034179688,97
SoccerPenalty/v_SoccerPenalty_g03_c02.avi,1.547748327255249,2.9691884517669678,24.0,0.5701769301470588,90.7580795288086,95
SoccerPenalty/v_SoccerPenalty_g03_c03.avi,0.6134125590324402,1.470587968826294,21.0,0.7175643382352941,76.75005340576172,137
SoccerPenalty/v_SoccerPenalty_g03_c04.avi,2.9194705486297607,5.000659465789795,44.0,0.47346507352941175,226.67660522460938,97
SoccerPenalty/v_SoccerPenalty_g03_c05.avi,2.002984046936035,2.982288360595703,30.0,0.48625689338235295,139.9259490966797,69
SoccerPenalty/v_SoccerPenalty_g04_c01.avi,3.6476659774780273,5.189713001251221,32.015621185302734,0.42841681985294117,292.9869079589844,57
SoccerPenalty/v_SoccerPenalty_g04_c02.avi,1.8381762504577637,3.3350815773010254,34.0,0.5819898897058824,158.78138732910156,71
SoccerPenalty/v_SoccerPenalty_g04_c03.avi,1.4403741359710693,2.450734853744507,23.0,0.5883088235294117,95.20613861083984,69
SoccerPenalty/v_SoccerPenalty_g04_c04.avi,1.2916505336761475,2.3079497814178467,17.0,0.5495955882352941,126.8853759765625,82
SoccerPenalty/v_SoccerPenalty_g04_c05.avi,1.1771936416625977,2.1671814918518066,19.0,0.6290831801470588,87.5174789428711,114
SoccerPenalty/v_SoccerPenalty_g05_c01.avi,0.49831756949424744,1.1779686212539673,17.029386520385742,0.7156295955882352,35.412010192871094,93
SoccerPenalty/v_SoccerPenalty_g05_c02.avi,0.6343128085136414,1.3233932256698608,14.142135620117188,0.671015625,54.633094787597656,77
SoccerPenalty/v_SoccerPenalty_g05_c03.avi,0.6538954973220825,1.495717167854309,26.019224166870117,0.7047127757352941,48.99940490722656,88
SoccerPenalty/v_SoccerPenalty_g05_c04.avi,0.5536820888519287,1.3751089572906494,26.4007568359375,0.7342693014705882,49.289634704589844,78
SoccerPenalty/v_SoccerPenalty_g05_c05.avi,0.7307161688804626,1.832913875579834,25.63201141357422,0.6869715073529412,63.542999267578125,99
SoccerPenalty/v_SoccerPenalty_g05_c06.avi,0.9434545636177063,1.7138429880142212,21.095022201538086,0.5363694852941177,151.31396484375,74
SoccerPenalty/v_SoccerPenalty_g05_c07.avi,0.47630736231803894,1.1239993572235107,14.03566837310791,0.7463763786764706,39.362430572509766,136
SoccerPenalty/v_SoccerPenalty_g06_c01.avi,0.8979702591896057,1.7886302471160889,21.0,0.6435294117647059,540.4254150390625,100
SoccerPenalty/v_SoccerPenalty_g06_c02.avi,1.7079252004623413,2.250312328338623,14.0,0.3858547794117647,392.912353515625,49
SoccerPenalty/v_SoccerPenalty_g06_c03.avi,0.5570165514945984,0.7725465297698975,8.0,0.5759558823529412,72.62115478515625,64
SoccerPenalty/v_SoccerPenalty_g06_c04.avi,5.265473365783691,5.49955415725708,32.0,0.29492876838235293,580.0809936523438,54
SoccerPenalty/v_SoccerPenalty_g06_c05.avi,6.708666801452637,7.995573997497559,45.0,0.2618083639705882,706.760986328125,59
SoccerPenalty/v_SoccerPenalty_g06_c06.avi,2.95041561126709,4.523144245147705,16.031219482421875,0.42644301470588236,404.2820739746094,85
SoccerPenalty/v_SoccerPenalty_g06_c07.avi,0.8392741084098816,1.1690373420715332,11.0,0.5204044117647059,72.88361358642578,61
SoccerPenalty/v_SoccerPenalty_g07_c01.avi,5.828714847564697,8.213008880615234,95.0,0.4237683823529412,665.7615966796875,59
SoccerPenalty/v_SoccerPenalty_g07_c02.avi,1.2270947694778442,2.904362201690674,42.0,0.7254044117647059,272.7944030761719,145
SoccerPenalty/v_SoccerPenalty_g07_c03.avi,2.1952335834503174,4.907761096954346,79.0,0.5646415441176471,460.93353271484375,72
SoccerPenalty/v_SoccerPenalty_g07_c04.avi,1.2170755863189697,1.9799795150756836,20.0,0.5770680147058823,191.80264282226562,70
SoccerPenalty/v_SoccerPenalty_g07_c05.avi,0.5676701664924622,1.3397667407989502,17.0,0.7236213235294118,161.03994750976562,69
SoccerPenalty/v_SoccerPenalty_g07_c06.avi,0.9458847045898438,2.0612571239471436,26.0,0.6980147058823529,249.2898712158203,95
StillRings/v_StillRings_g01_c01.avi,2.6646926403045654,4.051974773406982,42.01190185546875,0.4440073529411765,158.0452423095703,124
StillRings/v_StillRings_g01_c02.avi,4.5731329917907715,8.443225860595703,83.05419921875,0.48084788602941175,318.87420654296875,206
StillRings/v_StillRings_g01_c03.avi,2.9552721977233887,4.846225261688232,45.54119110107422,0.45235294117647057,430.03302001953125,145
StillRings/v_StillRings_g01_c04.avi,3.689732551574707,6.3213582038879395,76.29547882080078,0.5694163602941177,240.9875946044922,137
StillRings/v_StillRings_g01_c05.avi,9.08736515045166,15.321727752685547,162.04937744140625,0.31272518382352943,438.95916748046875,235
StillRings/v_StillRings_g02_c01.avi,1.6020053625106812,3.672910690307617,46.010868072509766,0.6794416360294118,393.2467346191406,187
StillRings/v_StillRings_g02_c02.avi,1.4139164686203003,2.776846408843994,32.0,0.6787132352941176,202.10702514648438,93
StillRings/v_StillRings_g02_c03.avi,8.557331085205078,15.925320625305176,71.0633544921875,0.42788373161764703,482.1785583496094,158
StillRings/v_StillRings_g02_c04.avi,5.762853145599365,10.007434844970703,47.04253387451172,0.4248161764705882,127.34071350097656,155
StillRings/v_StillRings_g03_c01.avi,1.5681763887405396,3.4489331245422363,52.15361785888672,0.6313166360294118,135.73301696777344,115
StillRings/v_StillRings_g03_c02.avi,6.945430278778076,15.575003623962402,96.00521087646484,0.6574126838235295,160.34730529785156,112
StillRings/v_StillRings_g03_c03.avi,4.21631383895874,8.935672760009766,88.95504760742188,0.6594370404411765,221.68063354492188,145
StillRings/v_StillRings_g03_c04.avi,0.5380061268806458,1.1352263689041138,14.142135620117188,0.74453125,36.31043243408203,122
StillRings/v_StillRings_g03_c05.avi,1.532600998878479,2.761467695236206,38.11823654174805,0.6196622242647059,78.95523071289062,195
StillRings/v_StillRings_g03_c06.avi,0.4691597521305084,1.3962674140930176,19.235383987426758,0.7833409926470588,37.58068084716797,260
StillRings/v_StillRings_g03_c07.avi,14.111446380615234,30.9676456451416,207.47288513183594,0.668913143382353,982.048828125,138
StillRings/v_StillRings_g04_c01.avi,12.556578636169434,17.496213912963867,81.32035064697266,0.28625689338235294,264.1261901855469,112
StillRings/v_StillRings_g04_c02.avi,0.2825198769569397,1.1064144372940063,13.0,0.8822058823529412,35.20667266845703,182
StillRings/v_StillRings_g04_c03.avi,1.6947687864303589,5.547019958496094,77.16217041015625,0.6664705882352941,293.7981872558594,176
StillRings/v_StillRings_g04_c04.avi,1.3602681159973145,3.1501753330230713,55.0,0.6701148897058824,62.10370635986328,76
StillRings/v_StillRings_g05_c01.avi,0.7039247751235962,2.1393067836761475,39.051246643066406,0.7509191176470589,67.1570053100586,85
StillRings/v_StillRings_g05_c02.avi,10.223093032836914,21.43804359436035,89.31964874267578,0.42448529411764707,436.76739501953125,165
StillRings/v_StillRings_g05_c03.avi,3.8317043781280518,5.410101890563965,25.179357528686523,0.582414981617647,206.68112182617188,121
StillRings/v_StillRings_g05_c04.avi,5.435555458068848,8.57727336883545,55.0,0.45936351102941175,290.169921875,105
StillRings/v_StillRings_g06_c01.avi,31.8612060546875,40.37287902832031,169.5435028076172,0.16775735294117647,544.2039184570312,154
StillRings/v_StillRings_g06_c02.avi,15.008243560791016,18.88037109375,107.05606079101562,0.13527573529411765,870.2818603515625,77
StillRings/v_StillRings_g06_c03.avi,4.373124122619629,8.779494285583496,50.0,0.5480560661764706,664.1876220703125,127
StillRings/v_StillRings_g06_c04.avi,4.246347427368164,5.602664947509766,49.0,0.24136029411764706,87.88958740234375,124
StillRings/v_StillRings_g07_c01.avi,3.734872579574585,6.643702507019043,57.0,0.409140625,213.10415649414062,161
StillRings/v_StillRings_g07_c02.avi,3.264756202697754,5.946250915527344,72.44308471679688,0.4902297794117647,737.311767578125,270
StillRings/v_StillRings_g07_c03.avi,26.250873565673828,27.865581512451172,95.2575454711914,0.27873621323529413,248.5735321044922,236
StillRings/v_StillRings_g07_c04.avi,4.105080604553223,6.531127452850342,41.9761848449707,0.41387408088235295,141.5242462158203,215
SumoWrestling/v_SumoWrestling_g01_c01.avi,9.604962348937988,9.878358840942383,70.3420181274414,0.2349908088235294,671.1943359375,240
SumoWrestling/v_SumoWrestling_g01_c02.avi,0.9011836647987366,2.7360360622406006,37.0,0.778125,313.50738525390625,154
SumoWrestling/v_SumoWrestling_g01_c03.avi,7.900502681732178,11.556066513061523,118.03813171386719,0.0400436580882353,1313.2640380859375,111
SumoWrestling/v_SumoWrestling_g01_c04.avi,9.184611320495605,13.389320373535156,75.66372680664062,0.397265625,1588.908935546875,172
SumoWrestling/v_SumoWrestling_g02_c01.avi,3.906357526779175,7.754518985748291,68.88395690917969,0.5277228860294118,364.867919921875,262
SumoWrestling/v_SumoWrestling_g02_c02.avi,0.34833773970603943,1.3034977912902832,21.931713104248047,0.8755882352941177,178.35073852539062,110
SumoWrestling/v_SumoWrestling_g02_c03.avi,0.2357817143201828,1.030297040939331,20.02498435974121,0.9050735294117647,117.22523498535156,186
SumoWrestling/v_SumoWrestling_g02_c04.avi,6.390344142913818,6.749200344085693,65.4904556274414,0.16172564338235293,501.34393310546875,276
SumoWrestling/v_SumoWrestling_g03_c01.avi,3.9403305053710938,3.932384967803955,35.0,0.23403952205882353,509.8583984375,115
SumoWrestling/v_SumoWrestling_g03_c02.avi,0.49421772360801697,1.732378602027893,31.016124725341797,0.8287867647058823,266.75323486328125,230
SumoWrestling/v_SumoWrestling_g03_c03.avi,1.208147406578064,2.006436824798584,26.0,0.5275689338235294,202.98190307617188,250
SumoWrestling/v_SumoWrestling_g03_c04.avi,0.6337620615959167,1.5897408723831177,20.39607810974121,0.6625367647058824,225.39794921875,272
SumoWrestling/v_SumoWrestling_g04_c01.avi,1.6103872060775757,3.4706759452819824,51.0,0.5507605698529412,460.26715087890625,170
SumoWrestling/v_SumoWrestling_g04_c02.avi,1.1072754859924316,2.5818212032318115,29.0,0.6222104779411765,53.99589920043945,254
SumoWrestling/v_SumoWrestling_g04_c03.avi,3.0607588291168213,4.11904239654541,30.0,0.3894829963235294,119.42927551269531,247
SumoWrestling/v_SumoWrestling_g04_c04.avi,0.4122714698314667,1.1564537286758423,17.029386520385742,0.7955882352941176,39.56714630126953,122
SumoWrestling/v_SumoWrestling_g05_c01.avi,0.21166954934597015,1.114400029182434,17.029386520385742,0.91125,95.9730453491211,125
SumoWrestling/v_SumoWrestling_g05_c02.avi,0.5658460259437561,1.170919418334961,16.0,0.6673529411764706,178.13226318359375,288
SumoWrestling/v_SumoWrestling_g05_c03.avi,2.759070634841919,2.1261537075042725,32.98484420776367,0.03490579044117647,379.88189697265625,218
SumoWrestling/v_SumoWrestling_g05_c04.avi,0.6375396251678467,1.3315907716751099,18.0,0.6588625919117647,297.5794677734375,225
SumoWrestling/v_SumoWrestling_g06_c01.avi,3.8103039264678955,5.301138877868652,63.0,0.23724264705882353,755.1722412109375,240
SumoWrestling/v_SumoWrestling_g06_c02.avi,1.6534640789031982,4.431817054748535,47.01063537597656,0.7080514705882353,693.8506469726562,149
SumoWrestling/v_SumoWrestling_g06_c03.avi,1.3377360105514526,4.136886119842529,52.009613037109375,0.731875,1132.1265869140625,71
SumoWrestling/v_SumoWrestling_g06_c04.avi,0.30705517530441284,0.9020504355430603,10.198039054870605,0.8357720588235295,60.14149856567383,302
SumoWrestling/v_SumoWrestling_g06_c05.avi,2.9860689640045166,4.992861270904541,50.0,0.4489912683823529,708.9050903320312,120
SumoWrestling/v_SumoWrestling_g06_c06.avi,2.280390739440918,4.293254852294922,33.95585250854492,0.6275758272058823,496.738525390625,227
SumoWrestling/v_SumoWrestling_g06_c07.avi,2.735586404800415,5.759403705596924,88.0227279663086,0.5166153492647059,489.693603515625,263
SumoWrestling/v_SumoWrestling_g07_c01.avi,4.241438388824463,6.4510626792907715,52.77309799194336,0.5748575367647059,349.4960632324219,108
SumoWrestling/v_SumoWrestling_g07_c02.avi,0.9238458871841431,2.0723719596862793,20.0,0.7145611213235294,215.3839111328125,260
SumoWrestling/v_SumoWrestling_g07_c03.avi,3.4453704357147217,5.191262722015381,40.01249694824219,0.4721346507352941,316.97283935546875,156
SumoWrestling/v_SumoWrestling_g07_c04.avi,2.1111488342285156,3.622675895690918,35.1710090637207,0.5055606617647059,334.84136962890625,102
SumoWrestling/v_SumoWrestling_g07_c05.avi,2.106973886489868,3.7985897064208984,28.635643005371094,0.5452941176470588,170.9019317626953,246
SumoWrestling/v_SumoWrestling_g07_c06.avi,3.2938079833984375,4.7865095138549805,28.844409942626953,0.5016842830882353,435.9906311035156,233
SumoWrestling/v_SumoWrestling_g07_c07.avi,2.3963537216186523,3.855459690093994,40.0,0.4687890625,264.06866455078125,186
Surfing/v_Surfing_g01_c01.avi,11.427531242370605,11.719507217407227,48.0,0.1760202205882353,283.87152099609375,253
Surfing/v_Surfing_g01_c02.avi,11.028510093688965,12.214862823486328,62.12889862060547,0.2376999080882353,221.3275146484375,202
Surfing/v_Surfing_g01_c03.avi,20.97821044921875,23.898242950439453,111.0,0.20006433823529413,256.86492919921875,219
Surfing/v_Surfing_g01_c04.avi,22.722745895385742,28.751249313354492,146.08558654785156,0.24978630514705882,192.32882690429688,282
Surfing/v_Surfing_g01_c05.avi,22.4578914642334,27.209148406982422,135.0,0.2926516544117647,682.4801635742188,117
Surfing/v_Surfing_g01_c06.avi,3.9132776260375977,4.8659443855285645,55.009090423583984,0.2110409007352941,234.91207885742188,212
Surfing/v_Surfing_g01_c07.avi,15.49276351928711,17.350139617919922,94.00531768798828,0.2430859375,354.8517761230469,234
Surfing/v_Surfing_g02_c01.avi,7.2833075523376465,10.140909194946289,71.0,0.23146139705882354,198.63674926757812,157
Surfing/v_Surfing_g02_c02.avi,19.12836456298828,26.397056579589844,113.00442504882812,0.2327251838235294,314.1603698730469,93
Surfing/v_Surfing_g02_c03.avi,22.840484619140625,25.383392333984375,116.0,0.18933363970588235,227.9329071044922,278
Surfing/v_Surfing_g02_c04.avi,2.4000096321105957,2.459785223007202,15.0,0.32676470588235296,12.44814682006836,242
Surfing/v_Surfing_g02_c05.avi,6.958237648010254,8.882747650146484,53.037723541259766,0.24164751838235293,101.4293441772461,167
Surfing/v_Surfing_g02_c06.avi,11.242063522338867,11.00155258178711,72.71863555908203,0.16514935661764707,260.15655517578125,277
Surfing/v_Surfing_g03_c01.avi,2.8642563819885254,3.490386724472046,16.0,0.3957720588235294,18.928192138671875,125
Surfing/v_Surfing_g03_c02.avi,10.574851989746094,11.973978042602539,57.00876998901367,0.2930124080882353,153.71340942382812,127
Surfing/v_Surfing_g03_c03.avi,1.201790452003479,1.7115637063980103,14.03566837310791,0.4904779411764706,37.00736618041992,125
Surfing/v_Surfing_g03_c04.avi,5.278204917907715,7.3203959465026855,47.16990661621094,0.33590303308823527,105.28843688964844,134
Surfing/v_Surfing_g04_c01.avi,19.790061950683594,22.418386459350586,128.0,0.19837775735294116,129.29881286621094,112
Surfing/v_Surfing_g04_c02.avi,10.76412582397461,12.458454132080078,83.0,0.20022288602941177,51.94114303588867,175
Surfing/v_Surfing_g04_c03.avi,9.979582786560059,14.508880615234375,85.0,0.2313970588235294,85.8663558959961,143
Surfing/v_Surfing_g04_c04.avi,15.095366477966309,19.23978042602539,174.01148986816406,0.23025045955882353,110.48493957519531,131
Surfing/v_Surfing_g05_c01.avi,20.325551986694336,20.455610275268555,104.12012481689453,0.19351792279411764,253.8636474609375,236
Surfing/v_Surfing_g05_c02.avi,12.957573890686035,15.465039253234863,115.03912353515625,0.22049172794117647,207.6606903076172,296
Surfing/v_Surfing_g05_c03.avi,4.690745830535889,5.875521183013916,40.31128692626953,0.2522610294117647,121.7408676147461,276
Surfing/v_Surfing_g05_c04.avi,15.56594181060791,18.43764877319336,125.15989685058594,0.19784466911764706,273.4944763183594,240
Surfing/v_Surfing_g06_c01.avi,17.411453247070312,22.696531295776367,93.08598327636719,0.20809283088235295,177.30673217773438,264
Surfing/v_Surfing_g06_c02.avi,17.129405975341797,21.507850646972656,117.1067886352539,0.19059512867647058,141.67733764648438,264
Surfing/v_Surfing_g06_c03.avi,3.3388473987579346,3.1351897716522217,17.0,0.3422794117647059,30.994441986083984,125
Surfing/v_Surfing_g06_c04.avi,5.785664081573486,9.477389335632324,66.21178436279297,0.34389935661764703,201.66163635253906,139
Surfing/v_Surfing_g07_c01.avi,6.053142070770264,7.0811638832092285,50.48762130737305,0.20268841911764707,147.53793334960938,263
Surfing/v_Surfing_g07_c02.avi,11.47874927520752,14.895281791687012,111.82575988769531,0.22142233455882354,482.383544921875,240
Surfing/v_Surfing_g07_c03.avi,9.809683799743652,14.318987846374512,101.96568298339844,0.20687270220588236,215.25759887695312,195
Surfing/v_Surfing_g07_c04.avi,7.541051387786865,10.969968795776367,85.14693450927734,0.256875,141.30105590820312,212
Swing/v_Swing_g01_c01.avi,2.4735631942749023,2.235194444656372,26.62705421447754,0.06428308823529412,489.17205810546875,167
Swing/v_Swing_g01_c02.avi,22.076059341430664,22.341169357299805,100.17984008789062,0.15309053308823528,1695.226806640625,167
Swing/v_Swing_g01_c03.avi,18.95652961730957,26.07723617553711,141.43902587890625,0.05276194852941177,1088.3179931640625,167
Swing/v_Swing_g01_c04.avi,5.170135974884033,6.675302028656006,60.074954986572266,0.235703125,468.12579345703125,125
Swing/v_Swing_g01_c05.avi,23.044923782348633,34.9018440246582,144.68240356445312,0.2519140625,1782.7418212890625,200
Swing/v_Swing_g02_c01.avi,9.930854797363281,9.845234870910645,114.93476104736328,0.07842601102941177,1636.9986572265625,135
Swing/v_Swing_g02_c02.avi,6.955756187438965,6.0182600021362305,38.01315689086914,0.14693474264705883,1328.873291015625,334
Swing/v_Swing_g02_c03.avi,9.202803611755371,8.917909622192383,59.80802536010742,0.16086856617647058,1410.627197265625,299
Swing/v_Swing_g02_c04.avi,5.480222702026367,5.821848392486572,33.241539001464844,0.23010569852941176,974.3326416015625,334
Swing/v_Swing_g02_c05.avi,9.763321876525879,8.7722749710083,79.4040298461914,0.08901194852941176,1794.827392578125,200
Swing/v_Swing_g03_c01.avi,2.593019962310791,5.194961071014404,83.63013458251953,0.2959719669117647,610.4720458984375,144
Swing/v_Swing_g03_c02.avi,1.5853872299194336,1.929312825202942,25.806976318359375,0.32341452205882354,116.83238220214844,144
Swing/v_Swing_g03_c03.avi,3.262742757797241,4.0789008140563965,35.80502700805664,0.2630238970588235,212.2474365234375,144
Swing/v_Swing_g03_c04.avi,6.124355316162109,7.639979839324951,114.06138610839844,0.24216222426470588,638.3419189453125,144
Swing/v_Swing_g04_c01.avi,1.4528915882110596,1.3162630796432495,15.231546401977539,0.1556502757352941,81.59072875976562,125
Swing/v_Swing_g04_c02.avi,1.5782231092453003,1.427298665046692,13.34166431427002,0.16697610294117646,88.13866424560547,125
Swing/v_Swing_g04_c03.avi,2.5963950157165527,5.973040580749512,64.1248779296875,0.3730767463235294,659.2363891601562,167
Swing/v_Swing_g04_c04.avi,3.4949588775634766,6.393859386444092,62.09669876098633,0.48426011029411764,864.5974731445312,167
Swing/v_Swing_g04_c05.avi,11.882942199707031,16.2811279296875,70.38465881347656,0.18559053308823528,839.8974609375,150
Swing/v_Swing_g04_c06.avi,3.4440948963165283,5.151639938354492,39.31920623779297,0.4968474264705882,1018.2982177734375,200
Swing/v_Swing_g04_c07.avi,2.4506235122680664,4.754981994628906,66.00757598876953,0.26959788602941176,691.1692504882812,200
Swing/v_Swing_g05_c01.avi,4.409366607666016,4.254084587097168,31.78049659729004,0.40214613970588237,325.4145812988281,108
Swing/v_Swing_g05_c02.avi,6.6944169998168945,6.695370674133301,61.0,0.23491957720588236,526.0806884765625,108
Swing/v_Swing_g05_c03.avi,6.385904788970947,8.551862716674805,118.34272003173828,0.2014981617647059,523.62060546875,108
Swing/v_Swing_g05_c04.avi,3.446484327316284,4.687271595001221,63.324562072753906,0.23857077205882352,490.2727966308594,108
Swing/v_Swing_g05_c05.avi,4.92518424987793,4.376405715942383,44.18144226074219,0.24534926470588236,483.32879638671875,200
Swing/v_Swing_g05_c06.avi,2.91013503074646,4.885242462158203,49.04079818725586,0.42292279411764705,235.1132049560547,200
Swing/v_Swing_g05_c07.avi,5.276933670043945,6.5160956382751465,61.741397857666016,0.21353630514705882,619.6953125,200
Swing/v_Swing_g06_c01.avi,3.6795620918273926,3.2744345664978027,17.804492950439453,0.1560891544117647,518.6787109375,125
Swing/v_Swing_g06_c02.avi,1.3456425666809082,1.4887123107910156,11.401754379272461,0.4029273897058824,60.270362854003906,125
Swing/v_Swing_g06_c03.avi,0.44612741470336914,0.7174497246742249,12.0,0.6451263786764706,53.961753845214844,125
Swing/v_Swing_g06_c04.avi,0.25045859813690186,0.6212685108184814,8.0,0.81078125,58.65187454223633,125
Swing/v_Swing_g06_c05.avi,7.781625270843506,8.121152877807617,72.11102294921875,0.04173483455882353,1174.5511474609375,150
Swing/v_Swing_g06_c06.avi,14.580638885498047,12.6578950881958,127.4754867553711,0.14019301470588236,1019.3265380859375,150
Swing/v_Swing_g06_c07.avi,11.677045822143555,14.587959289550781,109.23827362060547,0.07805147058823529,1017.8986206054688,50
Swing/v_Swing_g07_c01.avi,2.0117228031158447,3.1043245792388916,25.70992088317871,0.3659604779411765,613.4605712890625,125
Swing/v_Swing_g07_c02.avi,7.867768287658691,6.162775993347168,59.00847244262695,0.11385110294117647,527.0759887695312,250
Swing/v_Swing_g07_c03.avi,3.608628749847412,4.785386562347412,51.88448715209961,0.22420955882352941,795.2257080078125,250
Swing/v_Swing_g07_c04.avi,6.850147724151611,9.123250961303711,72.7804946899414,0.3273230698529412,796.5421142578125,200
Swing/v_Swing_g07_c05.avi,9.773519515991211,14.865981101989746,59.54829788208008,0.17658088235294117,1891.2880859375,150
Swing/v_Swing_g07_c06.avi,8.486577033996582,10.732168197631836,63.28506851196289,0.08782169117647058,1426.2427978515625,160
Swing/v_Swing_g07_c07.avi,9.354230880737305,8.52067756652832,79.02531433105469,0.021514246323529412,1473.799072265625,150
TableTennisShot/v_TableTennisShot_g01_c01.avi,3.063793897628784,7.171698093414307,56.920997619628906,0.6199908088235294,228.1925811767578,157
TableTennisShot/v_TableTennisShot_g01_c02.avi,4.372740745544434,11.711311340332031,141.1276092529297,0.5581204044117647,412.8929748535156,169
TableTennisShot/v_TableTennisShot_g01_c03.avi,3.319897413253784,7.972921371459961,69.00724792480469,0.6419967830882353,256.8433532714844,126
TableTennisShot/v_TableTennisShot_g01_c04.avi,2.1119112968444824,5.539992809295654,42.54409408569336,0.7168060661764706,134.1060791015625,163
TableTennisShot/v_TableTennisShot_g01_c05.avi,2.6967873573303223,7.535178184509277,76.0,0.6776447610294117,310.2275390625,164
TableTennisShot/v_TableTennisShot_g01_c06.avi,1.6627941131591797,3.9885804653167725,61.66035842895508,0.6699402573529412,148.2969512939453,194
TableTennisShot/v_TableTennisShot_g02_c01.avi,3.4937894344329834,7.661599636077881,78.63841247558594,0.45456112132352944,193.90200805664062,225
TableTennisShot/v_TableTennisShot_g02_c02.avi,3.281944513320923,6.755995273590088,68.88395690917969,0.46997242647058823,141.9255828857422,225
TableTennisShot/v_TableTennisShot_g02_c03.avi,2.742619276046753,4.822399139404297,40.31128692626953,0.4639636948529412,86.45466613769531,145
TableTennisShot/v_TableTennisShot_g02_c04.avi,5.9825053215026855,9.929096221923828,81.39410400390625,0.36815716911764707,256.30914306640625,119
TableTennisShot/v_TableTennisShot_g03_c01.avi,0.21747350692749023,0.7563842535018921,12.806248664855957,0.8713235294117647,14.550860404968262,125
TableTennisShot/v_TableTennisShot_g03_c02.avi,0.7349035143852234,1.9280109405517578,28.0,0.7406548713235294,29.598766326904297,89
TableTennisShot/v_TableTennisShot_g03_c03.avi,0.6351650953292847,2.0220909118652344,29.614185333251953,0.7797863051470588,41.19240951538086,105
TableTennisShot/v_TableTennisShot_g03_c04.avi,0.7183508276939392,2.303518295288086,39.051246643066406,0.7618589154411765,40.701637268066406,131
TableTennisShot/v_TableTennisShot_g03_c05.avi,0.7561167478561401,2.2935330867767334,41.01219177246094,0.7570358455882353,37.44530487060547,106
TableTennisShot/v_TableTennisShot_g04_c01.avi,0.9463658928871155,2.7554030418395996,29.832868576049805,0.7280170036764706,67.35140991210938,210
TableTennisShot/v_TableTennisShot_g04_c02.avi,1.20500648021698,3.534337043762207,46.06517028808594,0.7131364889705882,83.45044708251953,134
TableTennisShot/v_TableTennisShot_g04_c03.avi,3.5391018390655518,6.990248203277588,61.09828186035156,0.540188419117647,284.49224853515625,134
TableTennisShot/v_TableTennisShot_g04_c04.avi,1.9686530828475952,6.404101848602295,80.80841827392578,0.7416727941176471,308.3661193847656,191
TableTennisShot/v_TableTennisShot_g04_c05.avi,1.7602529525756836,3.746615409851074,37.2155876159668,0.5798575367647059,177.9297332763672,104
TableTennisShot/v_TableTennisShot_g04_c06.avi,1.431998610496521,4.593966007232666,41.43669891357422,0.7812316176470588,210.1696014404297,211
TableTennisShot/v_TableTennisShot_g04_c07.avi,0.9227361679077148,2.9717178344726562,43.931766510009766,0.7578722426470588,75.08866882324219,142
TableTennisShot/v_TableTennisShot_g05_c01.avi,0.2223653793334961,0.8679652810096741,13.601470947265625,0.8978653492647058,49.1436767578125,204
TableTennisShot/v_TableTennisShot_g05_c02.avi,0.2958672046661377,1.0901228189468384,15.29705810546875,0.8797449448529412,65.16585540771484,173
TableTennisShot/v_TableTennisShot_g05_c03.avi,0.27113407850265503,1.0352060794830322,23.0,0.8787775735294118,55.673431396484375,221
TableTennisShot/v_TableTennisShot_g05_c04.avi,0.5544734597206116,1.7785426378250122,29.614185333251953,0.8174264705882353,76.78065490722656,176
TableTennisShot/v_TableTennisShot_g05_c05.avi,0.380453497171402,1.1625503301620483,18.439088821411133,0.8231227022058824,58.661468505859375,134
TableTennisShot/v_TableTennisShot_g05_c06.avi,0.2702887952327728,1.0966538190841675,25.0,0.8659558823529412,32.10255813598633,186
TableTennisShot/v_TableTennisShot_g05_c07.avi,0.42595958709716797,1.2943205833435059,19.0,0.8290004595588235,47.301025390625,157
TableTennisShot/v_TableTennisShot_g06_c01.avi,1.024576187133789,2.8679451942443848,36.400550842285156,0.7497311580882353,65.46302795410156,207
TableTennisShot/v_TableTennisShot_g06_c02.avi,0.8532382249832153,3.2059807777404785,57.21887969970703,0.7847127757352941,58.03171920776367,175
TableTennisShot/v_TableTennisShot_g06_c03.avi,1.0830588340759277,3.1210708618164062,35.46829605102539,0.7817853860294117,57.28089141845703,136
TableTennisShot/v_TableTennisShot_g06_c04.avi,1.0037933588027954,2.7680981159210205,30.0,0.7347426470588235,99.74436950683594,111
TableTennisShot/v_TableTennisShot_g06_c05.avi,0.9921784996986389,2.886733055114746,38.63935852050781,0.7763924632352941,62.072959899902344,170
TableTennisShot/v_TableTennisShot_g06_c06.avi,0.3555316925048828,1.4887425899505615,18.0,0.8724632352941176,21.257125854492188,123
TableTennisShot/v_TableTennisShot_g07_c01.avi,2.546938180923462,5.608388423919678,61.269893646240234,0.5816222426470589,87.92977142333984,75
TableTennisShot/v_TableTennisShot_g07_c02.avi,1.9827300310134888,4.115441799163818,48.3735466003418,0.5286902573529412,114.66719055175781,101
TableTennisShot/v_TableTennisShot_g07_c03.avi,1.9317048788070679,5.1807403564453125,86.97700500488281,0.6438832720588236,70.79293060302734,76
TableTennisShot/v_TableTennisShot_g07_c04.avi,2.5367188453674316,6.042910099029541,64.8459701538086,0.590202205882353,71.6543197631836,80
TaiChi/v_TaiChi_g01_c01.avi,0.5532301068305969,1.7448426485061646,30.01666259765625,0.7927228860294118,93.0013427734375,167
TaiChi/v_TaiChi_g01_c02.avi,0.6718142628669739,1.6359972953796387,21.587032318115234,0.7519990808823529,145.19064331054688,167
TaiChi/v_TaiChi_g01_c03.avi,0.668340802192688,1.5258783102035522,12.041594505310059,0.7505905330882353,113.57171630859375,168
TaiChi/v_TaiChi_g01_c04.avi,0.5019416809082031,1.26692533493042,14.317821502685547,0.77671875,82.62538146972656,167
TaiChi/v_TaiChi_g02_c01.avi,2.569519519805908,3.3857316970825195,25.0,0.37748161764705884,130.69631958007812,175
TaiChi/v_TaiChi_g02_c02.avi,5.432016372680664,7.488911151885986,40.71854782104492,0.19096966911764707,137.6064910888672,170
TaiChi/v_TaiChi_g02_c03.avi,7.49326229095459,6.891078472137451,35.0,0.07643841911764705,255.17831420898438,175
TaiChi/v_TaiChi_g02_c04.avi,2.249321222305298,3.5324959754943848,34.0,0.4058363970588235,165.1732177734375,170
TaiChi/v_TaiChi_g03_c01.avi,2.0876853466033936,3.0465619564056396,29.154760360717773,0.5107536764705882,94.84362030029297,179
TaiChi/v_TaiChi_g03_c02.avi,2.2374277114868164,3.6476292610168457,37.0,0.37261948529411765,83.57241821289062,169
TaiChi/v_TaiChi_g03_c03.avi,1.7100613117218018,2.9221179485321045,26.019224166870117,0.4625459558823529,129.7503662109375,174
TaiChi/v_TaiChi_g03_c04.avi,2.1109185218811035,3.5058138370513916,26.0,0.4559811580882353,63.32672119140625,170
TaiChi/v_TaiChi_g04_c01.avi,0.11169901490211487,0.7734955549240112,13.0,0.9440441176470589,43.74445343017578,179
TaiChi/v_TaiChi_g04_c02.avi,0.17418617010116577,0.8026332855224609,16.031219482421875,0.9003653492647059,130.3207550048828,179
TaiChi/v_TaiChi_g04_c03.avi,3.9689202308654785,5.010639667510986,34.20526123046875,0.33190257352941177,438.7225036621094,179
TaiChi/v_TaiChi_g04_c04.avi,3.3943932056427,4.375540256500244,35.22782897949219,0.37849494485294116,394.5816650390625,173
TaiChi/v_TaiChi_g05_c01.avi,0.8165823817253113,2.4875051975250244,37.0,0.7289613970588236,20.205738067626953,168
TaiChi/v_TaiChi_g05_c02.avi,1.8023476600646973,3.423673152923584,35.0,0.5559811580882353,90.79403686523438,170
TaiChi/v_TaiChi_g05_c03.avi,0.9445081353187561,2.3508572578430176,28.0,0.6825114889705882,53.78466033935547,169
TaiChi/v_TaiChi_g05_c04.avi,0.3893560767173767,1.0302865505218506,26.870058059692383,0.7699057904411765,25.432605743408203,168
TaiChi/v_TaiChi_g06_c01.avi,0.1618262380361557,0.5905722379684448,10.0,0.8874264705882353,19.110280990600586,182
TaiChi/v_TaiChi_g06_c02.avi,1.3202427625656128,1.9907094240188599,27.0,0.37050551470588233,197.7608642578125,171
TaiChi/v_TaiChi_g06_c03.avi,1.6691356897354126,2.9035604000091553,47.04253387451172,0.4042325367647059,422.21966552734375,178
TaiChi/v_TaiChi_g06_c04.avi,1.6067674160003662,2.9573731422424316,32.015621185302734,0.4091429227941176,233.7975311279297,176
TaiChi/v_TaiChi_g07_c01.avi,0.1387210190296173,0.4347899854183197,8.0,0.8861052389705882,58.32829666137695,191
TaiChi/v_TaiChi_g07_c02.avi,0.2010270208120346,0.63163161277771,11.0,0.86625,83.6090316772461,176
TaiChi/v_TaiChi_g07_c03.avi,0.3058004081249237,1.1648977994918823,24.0,0.8597242647058824,112.81657409667969,170
TaiChi/v_TaiChi_g07_c04.avi,0.06321976333856583,0.4640391170978546,14.21267032623291,0.9658111213235294,46.57497787475586,170
TennisSwing/v_TennisSwing_g01_c01.avi,1.0477083921432495,2.1085119247436523,32.75667953491211,0.6025758272058823,49.77790069580078,76
TennisSwing/v_TennisSwing_g01_c02.avi,1.2649521827697754,2.4508135318756104,25.70992088317871,0.5866865808823529,37.38196563720703,84
TennisSwing/v_TennisSwing_g01_c03.avi,1.0675380229949951,1.8891395330429077,27.018512725830078,0.5797633272058823,37.829681396484375,83
TennisSwing/v_TennisSwing_g01_c04.avi,1.263381004333496,2.5952701568603516,29.154760360717773,0.5978676470588236,65.41787719726562,89
TennisSwing/v_TennisSwing_g01_c05.avi,1.8550794124603271,4.935512542724609,43.011627197265625,0.5875597426470588,42.97863006591797,84
TennisSwing/v_TennisSwing_g01_c06.avi,1.293006181716919,2.452512264251709,23.76972770690918,0.5803285845588235,72.98241424560547,89
TennisSwing/v_TennisSwing_g01_c07.avi,1.0418671369552612,1.9763375520706177,26.925823211669922,0.5768979779411765,59.786582946777344,85
TennisSwing/v_TennisSwing_g02_c01.avi,2.260004997253418,7.928196430206299,125.19584655761719,0.6443520220588236,358.40093994140625,73
TennisSwing/v_TennisSwing_g02_c02.avi,0.8620609641075134,3.2892842292785645,41.0,0.8006364889705883,204.5506134033203,94
TennisSwing/v_TennisSwing_g02_c03.avi,1.1961510181427002,3.1045114994049072,25.806976318359375,0.7184352022058823,215.2079620361328,73
TennisSwing/v_TennisSwing_g02_c04.avi,0.8078178763389587,2.491025924682617,31.256999969482422,0.786796875,183.38356018066406,84
TennisSwing/v_TennisSwing_g02_c05.avi,2.6752285957336426,5.747754096984863,41.43669891357422,0.5329136029411765,419.0765686035156,177
TennisSwing/v_TennisSwing_g02_c06.avi,0.7835047245025635,2.175041675567627,19.10497283935547,0.7567463235294117,158.9064483642578,94
TennisSwing/v_TennisSwing_g02_c07.avi,2.0675783157348633,5.229175090789795,58.0,0.6578469669117647,257.1433410644531,216
TennisSwing/v_TennisSwing_g03_c01.avi,1.2102655172348022,3.0085818767547607,40.4474983215332,0.6950942095588235,82.46220397949219,79
TennisSwing/v_TennisSwing_g03_c02.avi,0.5773875117301941,1.1752997636795044,14.0,0.7152941176470589,36.071353912353516,61
TennisSwing/v_TennisSwing_g03_c03.avi,1.381141185760498,3.5264732837677,48.041648864746094,0.6538717830882353,104.87702941894531,80
TennisSwing/v_TennisSwing_g03_c04.avi,1.4821043014526367,3.4641289710998535,31.064449310302734,0.6489935661764706,153.9501190185547,78
TennisSwing/v_TennisSwing_g03_c05.avi,1.4965994358062744,3.5537774562835693,38.20994567871094,0.6754779411764706,101.14330291748047,96
TennisSwing/v_TennisSwing_g03_c06.avi,1.5679750442504883,4.585872650146484,44.10215377807617,0.6886029411764706,101.50325012207031,84
TennisSwing/v_TennisSwing_g03_c07.avi,1.8096944093704224,3.978123188018799,37.57658767700195,0.6420174632352941,148.99244689941406,73
TennisSwing/v_TennisSwing_g04_c01.avi,0.28456664085388184,1.2607691287994385,25.495098114013672,0.8794852941176471,92.52406311035156,145
TennisSwing/v_TennisSwing_g04_c02.avi,1.051642894744873,3.5820603370666504,52.201534271240234,0.768196231617647,172.71017456054688,97
TennisSwing/v_TennisSwing_g04_c03.avi,0.4844825267791748,1.9717518091201782,43.046485900878906,0.8322058823529411,101.40026092529297,85
TennisSwing/v_TennisSwing_g04_c04.avi,0.34690359234809875,1.229190707206726,18.384777069091797,0.8569485294117647,103.090576171875,96
TennisSwing/v_TennisSwing_g04_c05.avi,0.15817148983478546,0.5477059483528137,9.0,0.8897058823529411,16.400474548339844,121
TennisSwing/v_TennisSwing_g04_c06.avi,0.4296424686908722,1.6964002847671509,34.0,0.8369048713235294,119.3667984008789,97
TennisSwing/v_TennisSwing_g04_c07.avi,0.37224093079566956,1.2014479637145996,23.021728515625,0.8268336397058823,84.02526092529297,130
TennisSwing/v_TennisSwing_g05_c01.avi,0.3352474868297577,0.8348777890205383,8.062257766723633,0.7894117647058824,12.101903915405273,121
TennisSwing/v_TennisSwing_g05_c02.avi,3.0184831619262695,3.7664878368377686,28.0,0.30724264705882354,140.5738067626953,173
TennisSwing/v_TennisSwing_g05_c03.avi,10.584694862365723,13.174263954162598,151.02980041503906,0.33928308823529413,590.4849853515625,167
TennisSwing/v_TennisSwing_g05_c04.avi,4.786490440368652,8.603904724121094,66.0302963256836,0.37066176470588236,180.76998901367188,141
TennisSwing/v_TennisSwing_g05_c05.avi,2.937513828277588,5.0923590660095215,31.0,0.533860294117647,139.77317810058594,153
TennisSwing/v_TennisSwing_g05_c06.avi,3.2538902759552,4.531132698059082,47.01063537597656,0.3664131433823529,126.79914855957031,165
TennisSwing/v_TennisSwing_g05_c07.avi,7.207896709442139,9.856342315673828,89.02246856689453,0.2732835477941176,364.7605895996094,95
TennisSwing/v_TennisSwing_g06_c01.avi,1.5295723676681519,2.493774175643921,22.022714614868164,0.4975574448529412,66.27430725097656,138
TennisSwing/v_TennisSwing_g06_c02.avi,1.8168225288391113,2.93384051322937,29.0,0.4231640625,76.71830749511719,210
TennisSwing/v_TennisSwing_g06_c03.avi,0.5360658168792725,1.0919934511184692,10.0,0.680514705882353,11.72412395477295,244
TennisSwing/v_TennisSwing_g06_c04.avi,1.6561870574951172,2.613262414932251,21.3775577545166,0.41255744485294116,46.708831787109375,230
TennisSwing/v_TennisSwing_g06_c05.avi,0.8375552296638489,1.5939942598342896,15.0,0.5854044117647059,14.138513565063477,244
TennisSwing/v_TennisSwing_g06_c06.avi,1.6452628374099731,2.691880941390991,25.179357528686523,0.4747173713235294,67.90840148925781,204
TennisSwing/v_TennisSwing_g06_c07.avi,0.5559321045875549,1.1954500675201416,16.031219482421875,0.6856617647058824,9.517760276794434,185
TennisSwing/v_TennisSwing_g07_c01.avi,9.233912467956543,14.006274223327637,59.03388977050781,0.11356847426470588,322.6327819824219,203
TennisSwing/v_TennisSwing_g07_c02.avi,5.692424297332764,11.730077743530273,63.150611877441406,0.6851286764705883,168.2888946533203,247
TennisSwing/v_TennisSwing_g07_c03.avi,1.2426828145980835,2.1373660564422607,31.0,0.4871231617647059,174.6568145751953,129
TennisSwing/v_TennisSwing_g07_c04.avi,2.3332130908966064,1.7554473876953125,10.0,0.08558823529411765,53.26282501220703,121
TennisSwing/v_TennisSwing_g07_c05.avi,8.114534378051758,7.189816951751709,28.861740112304688,0.1380905330882353,410.35968017578125,172
TennisSwing/v_TennisSwing_g07_c06.avi,2.5213496685028076,2.880018949508667,36.013885498046875,0.290078125,267.38641357421875,168
TennisSwing/v_TennisSwing_g07_c07.avi,3.272611618041992,3.0655834674835205,29.017236709594727,0.24189108455882352,270.719482421875,143
ThrowDiscus/v_ThrowDiscus_g01_c01.avi,0.6859164834022522,1.6431330442428589,15.29705810546875,0.7040441176470589,62.55733108520508,65
ThrowDiscus/v_ThrowDiscus_g01_c02.avi,1.120916724205017,2.9037344455718994,43.416587829589844,0.5503331801470588,252.31875610351562,93
ThrowDiscus/v_ThrowDiscus_g01_c03.avi,1.7917293310165405,3.366417169570923,42.20189666748047,0.49799632352941176,277.08734130859375,81
ThrowDiscus/v_ThrowDiscus_g01_c04.avi,1.9196250438690186,3.92049503326416,45.27692413330078,0.4303469669117647,352.7468566894531,77
ThrowDiscus/v_ThrowDiscus_g02_c01.avi,5.52025842666626,6.385232925415039,52.15361785888672,0.25889246323529413,570.650390625,83
ThrowDiscus/v_ThrowDiscus_g02_c02.avi,11.598260879516602,25.069984436035156,113.0177001953125,0.3759673713235294,582.7468872070312,89
ThrowDiscus/v_ThrowDiscus_g02_c03.avi,3.8924152851104736,5.583786964416504,98.0,0.26642463235294117,559.8873901367188,89
ThrowDiscus/v_ThrowDiscus_g02_c04.avi,0.7963078618049622,1.8716373443603516,25.0,0.743125,56.074554443359375,125
ThrowDiscus/v_ThrowDiscus_g02_c05.avi,5.85216760635376,12.145357131958008,91.0,0.6064613970588235,394.56048583984375,83
ThrowDiscus/v_ThrowDiscus_g02_c06.avi,2.5759291648864746,5.748059272766113,105.0,0.4217440257352941,488.61456298828125,89
ThrowDiscus/v_ThrowDiscus_g02_c07.avi,3.3555305004119873,3.696190595626831,37.2155876159668,0.3533295036764706,356.1429748535156,83
ThrowDiscus/v_ThrowDiscus_g03_c01.avi,0.4872666895389557,1.0839126110076904,17.464248657226562,0.70875,169.1833953857422,118
ThrowDiscus/v_ThrowDiscus_g03_c02.avi,1.8124767541885376,5.611833095550537,112.0,0.4315027573529412,101.3629150390625,90
ThrowDiscus/v_ThrowDiscus_g03_c03.avi,0.5687918066978455,1.5747952461242676,26.248809814453125,0.6772794117647059,116.77650451660156,147
ThrowDiscus/v_ThrowDiscus_g03_c04.avi,0.3314433991909027,1.0721848011016846,16.0,0.8286144301470588,52.99785232543945,109
ThrowDiscus/v_ThrowDiscus_g04_c01.avi,1.7151951789855957,5.552095413208008,76.843994140625,0.703984375,268.1741943359375,60
ThrowDiscus/v_ThrowDiscus_g04_c02.avi,0.8928199410438538,3.3161025047302246,47.0,0.7984650735294118,149.0437774658203,157
ThrowDiscus/v_ThrowDiscus_g04_c03.avi,1.0150600671768188,3.14316987991333,38.327537536621094,0.7746323529411765,125.82979583740234,120
ThrowDiscus/v_ThrowDiscus_g04_c04.avi,0.1581277698278427,0.8146832585334778,15.0,0.9305882352941176,19.474567413330078,122
ThrowDiscus/v_ThrowDiscus_g05_c01.avi,6.269951343536377,6.984436511993408,53.93514633178711,0.19100413602941177,444.68438720703125,75
ThrowDiscus/v_ThrowDiscus_g05_c02.avi,1.7049624919891357,4.23922872543335,64.19501495361328,0.4043359375,254.507080078125,70
ThrowDiscus/v_ThrowDiscus_g05_c03.avi,0.9269012808799744,2.4651737213134766,26.019224166870117,0.6346484375,174.56822204589844,65
ThrowDiscus/v_ThrowDiscus_g05_c04.avi,3.293846607208252,5.61635160446167,74.24284362792969,0.26222426470588234,701.4559326171875,77
ThrowDiscus/v_ThrowDiscus_g05_c05.avi,3.397195339202881,4.665353775024414,49.24428939819336,0.2613465073529412,379.60894775390625,60
ThrowDiscus/v_ThrowDiscus_g06_c01.avi,1.5979735851287842,3.0986146926879883,58.07753372192383,0.3530215992647059,256.39105224609375,87
ThrowDiscus/v_ThrowDiscus_g06_c02.avi,0.2473638504743576,1.0232527256011963,14.0,0.8872058823529412,35.571868896484375,61
ThrowDiscus/v_ThrowDiscus_g06_c03.avi,0.612647533416748,2.522885799407959,45.880279541015625,0.782819393382353,96.43658447265625,96
ThrowDiscus/v_ThrowDiscus_g06_c04.avi,0.33654817938804626,1.3752918243408203,30.01666259765625,0.83875,84.34550476074219,132
ThrowDiscus/v_ThrowDiscus_g06_c05.avi,0.6833556890487671,1.955338716506958,42.01190185546875,0.681171875,116.26148986816406,132
ThrowDiscus/v_ThrowDiscus_g06_c06.avi,0.4183685779571533,1.916963815689087,27.784887313842773,0.9024632352941176,133.97122192382812,105
ThrowDiscus/v_ThrowDiscus_g06_c07.avi,0.3290102183818817,1.5592079162597656,29.73213768005371,0.9040441176470588,101.01951599121094,70
ThrowDiscus/v_ThrowDiscus_g07_c01.avi,0.610977828502655,3.0876646041870117,64.56005096435547,0.8917853860294118,486.88995361328125,113
ThrowDiscus/v_ThrowDiscus_g07_c02.avi,1.1954751014709473,2.778977155685425,38.07886505126953,0.6907697610294118,610.1827392578125,104
ThrowDiscus/v_ThrowDiscus_g07_c03.avi,0.4208042323589325,2.3126490116119385,36.055511474609375,0.9109099264705882,263.6909484863281,154
ThrowDiscus/v_ThrowDiscus_g07_c04.avi,0.19078496098518372,0.589801549911499,7.8102498054504395,0.8533823529411765,102.87516784667969,122
ThrowDiscus/v_ThrowDiscus_g07_c05.avi,0.7039086818695068,2.8816170692443848,41.773197174072266,0.8073736213235294,573.037109375,109
ThrowDiscus/v_ThrowDiscus_g07_c06.avi,0.6757293939590454,3.3771018981933594,50.96076965332031,0.9181985294117647,295.41314697265625,104
ThrowDiscus/v_ThrowDiscus_g07_c07.avi,0.4240899980068207,2.19958233833313,34.438350677490234,0.8859650735294118,455.38922119140625,108
TrampolineJumping/v_TrampolineJumping_g01_c01.avi,2.4513397216796875,6.525394916534424,88.60022735595703,0.5772035845588235,249.7490692138672,239
TrampolineJumping/v_TrampolineJumping_g01_c02.avi,13.640331268310547,14.342966079711914,114.9652099609375,0.029666819852941177,573.191162109375,239
TrampolineJumping/v_TrampolineJumping_g01_c03.avi,8.488764762878418,10.425394058227539,76.32168579101562,0.2026171875,882.9503784179688,105
TrampolineJumping/v_TrampolineJumping_g01_c04.avi,6.7444634437561035,9.234601020812988,100.07997131347656,0.28965073529411767,532.5714111328125,105
TrampolineJumping/v_TrampolineJumping_g02_c01.avi,1.6921765804290771,4.2306036949157715,50.0099983215332,0.5778079044117647,169.15252685546875,200
TrampolineJumping/v_TrampolineJumping_g02_c02.avi,1.0534387826919556,2.628401517868042,26.0,0.7133157169117647,102.31739807128906,200
TrampolineJumping/v_TrampolineJumping_g02_c03.avi,1.6362496614456177,3.9713263511657715,47.01063537597656,0.6550022977941177,224.05691528320312,200
TrampolineJumping/v_TrampolineJumping_g02_c04.avi,1.6875965595245361,5.3868560791015625,83.19855499267578,0.7181066176470589,272.82635498046875,200
TrampolineJumping/v_TrampolineJumping_g02_c05.avi,2.285921812057495,5.301060199737549,55.3263053894043,0.5873138786764706,355.2853088378906,239
TrampolineJumping/v_TrampolineJumping_g02_c06.avi,2.450838327407837,5.339954853057861,40.0,0.5520105698529412,290.2239074707031,239
TrampolineJumping/v_TrampolineJumping_g03_c01.avi,2.4778974056243896,9.900390625,108.93116760253906,0.7478469669117647,287.77935791015625,200
TrampolineJumping/v_TrampolineJumping_g03_c02.avi,2.108738422393799,6.802301406860352,63.150611877441406,0.7137867647058823,205.9012451171875,200
TrampolineJumping/v_TrampolineJumping_g03_c03.avi,5.046610355377197,7.527841091156006,49.72926712036133,0.3432559742647059,595.5211791992188,255
TrampolineJumping/v_TrampolineJumping_g03_c04.avi,2.706434726715088,4.7717156410217285,58.30952072143555,0.40849724264705883,462.5777282714844,200
TrampolineJumping/v_TrampolineJumping_g04_c01.avi,4.089339733123779,8.193632125854492,121.84005737304688,0.20490579044117646,763.8485107421875,249
TrampolineJumping/v_TrampolineJumping_g04_c02.avi,5.759387493133545,7.896270751953125,65.12296295166016,0.3119094669117647,950.7073974609375,249
TrampolineJumping/v_TrampolineJumping_g04_c03.avi,3.9769678115844727,5.72677755355835,66.91038513183594,0.3212591911764706,874.6238403320312,249
TrampolineJumping/v_TrampolineJumping_g04_c04.avi,4.563955783843994,4.463590621948242,29.068883895874023,0.2293405330882353,418.7564392089844,249
TrampolineJumping/v_TrampolineJumping_g04_c05.avi,13.909730911254883,12.937532424926758,84.2199478149414,0.09813189338235294,1861.2291259765625,239
TrampolineJumping/v_TrampolineJumping_g05_c01.avi,2.6479525566101074,6.327378273010254,76.05918884277344,0.5967693014705883,779.1096801757812,150
TrampolineJumping/v_TrampolineJumping_g05_c02.avi,3.529388904571533,11.619485855102539,123.0162582397461,0.5883042279411764,886.6286010742188,150
TrampolineJumping/v_TrampolineJumping_g05_c03.avi,4.177881717681885,11.474189758300781,104.8093490600586,0.5697265625,1015.0609130859375,150
TrampolineJumping/v_TrampolineJumping_g05_c04.avi,2.9424562454223633,5.605225086212158,43.26661682128906,0.4995703125,561.2354736328125,150
TrampolineJumping/v_TrampolineJumping_g06_c01.avi,0.8505445122718811,3.2655961513519287,37.336307525634766,0.8681985294117647,284.39544677734375,200
TrampolineJumping/v_TrampolineJumping_g06_c02.avi,2.580195665359497,4.6411824226379395,57.384666442871094,0.4009329044117647,667.6671752929688,449
TrampolineJumping/v_TrampolineJumping_g06_c03.avi,3.0701816082000732,2.949929714202881,16.278820037841797,0.17158088235294117,207.8984375,449
TrampolineJumping/v_TrampolineJumping_g06_c04.avi,1.7321966886520386,3.3355581760406494,52.009613037109375,0.46797794117647057,337.77520751953125,329
TrampolineJumping/v_TrampolineJumping_g07_c01.avi,4.634425163269043,6.102221488952637,59.90826416015625,0.13906939338235294,203.79867553710938,200
TrampolineJumping/v_TrampolineJumping_g07_c02.avi,8.627795219421387,13.359593391418457,216.59178161621094,0.2171185661764706,261.83294677734375,400
TrampolineJumping/v_TrampolineJumping_g07_c03.avi,8.130908966064453,9.575044631958008,73.02738952636719,0.1830284926470588,296.47259521484375,200
TrampolineJumping/v_TrampolineJumping_g07_c04.avi,8.611660957336426,12.348028182983398,104.04325866699219,0.21498391544117648,442.99456787109375,200
TrampolineJumping/v_TrampolineJumping_g07_c05.avi,9.444289207458496,10.163661003112793,61.52235412597656,0.1194485294117647,401.63421630859375,239
Typing/v_Typing_g01_c01.avi,1.3705711364746094,3.8694605827331543,44.94440841674805,0.6582582720588235,236.1601104736328,126
Typing/v_Typing_g01_c02.avi,1.1781095266342163,2.639989137649536,27.018512725830078,0.6873943014705882,360.7197265625,120
Typing/v_Typing_g01_c03.avi,0.9443556666374207,2.260341167449951,31.30495262145996,0.7133869485294118,267.052978515625,141
Typing/v_Typing_g01_c04.avi,1.1207422018051147,3.591834783554077,34.71310806274414,0.7533501838235294,196.19046020507812,155
Typing/v_Typing_g01_c05.avi,0.2752130627632141,0.6916468739509583,7.071067810058594,0.8160294117647059,44.524208068847656,123
Typing/v_Typing_g01_c06.avi,0.9980604648590088,2.61818790435791,25.806976318359375,0.7155698529411765,288.95538330078125,143
Typing/v_Typing_g01_c07.avi,0.7207479476928711,1.769839882850647,19.416488647460938,0.7462706801470588,168.37240600585938,126
Typing/v_Typing_g02_c01.avi,0.6541554927825928,2.162846565246582,48.041648864746094,0.7776769301470589,54.135948181152344,250
Typing/v_Typing_g02_c02.avi,0.6643080711364746,2.4701409339904785,48.010414123535156,0.816764705882353,57.386260986328125,250
Typing/v_Typing_g02_c03.avi,0.639187753200531,2.16853404045105,40.01249694824219,0.7851125919117647,89.73088073730469,250
Typing/v_Typing_g02_c04.avi,0.577576756477356,2.174013614654541,45.0111083984375,0.8117578125,46.9613151550293,250
Typing/v_Typing_g02_c05.avi,0.6506274938583374,2.1309382915496826,42.0,0.7812591911764706,74.25193786621094,250
Typing/v_Typing_g02_c06.avi,0.45541447401046753,1.5435121059417725,21.0,0.8139246323529412,45.53076934814453,250
Typing/v_Typing_g03_c01.avi,1.1258701086044312,3.305135726928711,32.015621185302734,0.7689223345588235,155.31900024414062,248
Typing/v_Typing_g03_c02.avi,1.0825331211090088,2.857670307159424,21.587032318115234,0.7344508272058824,84.59141540527344,248
Typing/v_Typing_g03_c03.avi,1.0021581649780273,2.603680372238159,22.803508758544922,0.7484397977941176,71.0673599243164,250
Typing/v_Typing_g03_c04.avi,1.295249581336975,4.257366180419922,42.63801193237305,0.7754710477941177,105.75846862792969,250
Typing/v_Typing_g03_c05.avi,1.4327336549758911,4.180121898651123,44.18144226074219,0.7510294117647058,87.97096252441406,248
Typing/v_Typing_g03_c06.avi,2.3835599422454834,5.468970775604248,38.587562561035156,0.6861902573529411,154.40530395507812,260
Typing/v_Typing_g03_c07.avi,0.8691798448562622,2.424436569213867,30.5941162109375,0.74265625,51.286407470703125,249
Typing/v_Typing_g04_c01.avi,0.6193798184394836,1.5572209358215332,17.0,0.7499724264705883,136.6790771484375,249
Typing/v_Typing_g04_c02.avi,0.4178203046321869,1.1065411567687988,8.9442720413208,0.80125,27.63189125061035,181
Typing/v_Typing_g04_c03.avi,0.8401933312416077,2.123852014541626,49.0,0.6707881433823529,201.9154510498047,150
Typing/v_Typing_g04_c04.avi,0.6176716685295105,1.3918793201446533,25.05992889404297,0.7185225183823529,141.12974548339844,249
Typing/v_Typing_g05_c01.avi,0.7814227938652039,1.6733877658843994,22.0,0.6829296875,97.72073364257812,249
Typing/v_Typing_g05_c02.avi,0.6381548047065735,1.5213994979858398,24.1867733001709,0.7118910845588236,66.31694030761719,249
Typing/v_Typing_g05_c03.avi,0.796612560749054,1.7358943223953247,19.02629852294922,0.7023529411764706,87.07649993896484,249
Typing/v_Typing_g05_c04.avi,0.7689247727394104,1.7834266424179077,20.02498435974121,0.6954825367647058,91.8062744140625,249
Typing/v_Typing_g05_c05.avi,0.6126834750175476,1.2933610677719116,14.142135620117188,0.7119967830882353,76.77192687988281,249
Typing/v_Typing_g05_c06.avi,0.6765854954719543,1.5334875583648682,17.8885440826416,0.7087086397058824,54.72052001953125,249
Typing/v_Typing_g06_c01.avi,1.8837233781814575,4.948690414428711,42.42640686035156,0.6735431985294118,294.56683349609375,140
Typing/v_Typing_g06_c02.avi,0.6611301302909851,1.5479118824005127,15.033296585083008,0.7502941176470588,67.94524383544922,124
Typing/v_Typing_g06_c03.avi,0.48715895414352417,1.2739872932434082,15.81138801574707,0.7860661764705882,64.9014663696289,125
Typing/v_Typing_g06_c04.avi,0.6718388795852661,1.5082834959030151,11.401754379272461,0.7372426470588235,52.78794479370117,122
Typing/v_Typing_g06_c05.avi,0.6384119987487793,1.4259684085845947,12.806248664855957,0.7328308823529411,63.726158142089844,124
Typing/v_Typing_g06_c06.avi,1.2285308837890625,2.59535551071167,24.0,0.6959811580882352,149.1422882080078,128
Typing/v_Typing_g06_c07.avi,2.519592523574829,5.16205358505249,60.95900344848633,0.6648782169117647,327.84051513671875,118
Typing/v_Typing_g07_c01.avi,0.6465696692466736,1.6197792291641235,17.0,0.7581801470588235,335.8894348144531,119
Typing/v_Typing_g07_c02.avi,0.14851385354995728,0.5623959898948669,8.0,0.9074632352941177,27.935760498046875,123
Typing/v_Typing_g07_c03.avi,0.5988157987594604,1.9382718801498413,21.540658950805664,0.8157720588235294,198.1485137939453,127
Typing/v_Typing_g07_c04.avi,0.810396134853363,2.592904567718506,41.04875183105469,0.765390625,429.0986328125,120
Typing/v_Typing_g07_c05.avi,0.36470457911491394,1.0448670387268066,13.416407585144043,0.8269852941176471,149.79995727539062,128
Typing/v_Typing_g07_c06.avi,0.7390474081039429,2.820101737976074,38.910152435302734,0.7934926470588235,374.28912353515625,109
UnevenBars/v_UnevenBars_g01_c01.avi,2.175393581390381,3.769730567932129,52.0,0.5724264705882353,529.14306640625,160
UnevenBars/v_UnevenBars_g01_c02.avi,11.118331909179688,19.049152374267578,135.83078002929688,0.28923023897058825,617.669921875,159
UnevenBars/v_UnevenBars_g01_c03.avi,3.171030282974243,5.351048946380615,44.10215377807617,0.4292325367647059,271.90875244140625,152
UnevenBars/v_UnevenBars_g01_c04.avi,6.18020486831665,9.912131309509277,97.04637908935547,0.3146966911764706,354.47125244140625,143
UnevenBars/v_UnevenBars_g02_c01.avi,8.122596740722656,8.269508361816406,78.18567657470703,0.23618336397058823,475.54339599609375,145
UnevenBars/v_UnevenBars_g02_c02.avi,9.760248184204102,16.794233322143555,195.0,0.3021829044117647,627.9931030273438,193
UnevenBars/v_UnevenBars_g02_c03.avi,11.185478210449219,13.21689510345459,89.1852035522461,0.19043198529411764,276.1593017578125,155
UnevenBars/v_UnevenBars_g02_c04.avi,5.276057720184326,8.15722942352295,58.8217658996582,0.42570542279411766,506.8868713378906,195
UnevenBars/v_UnevenBars_g03_c01.avi,6.294368743896484,13.329514503479004,98.0,0.5666934742647058,210.99063110351562,128
UnevenBars/v_UnevenBars_g03_c02.avi,1.6474765539169312,2.513923168182373,31.95309066772461,0.4512614889705882,318.74383544921875,141
UnevenBars/v_UnevenBars_g03_c03.avi,8.551835060119629,16.3172607421875,81.00617218017578,0.4311052389705882,832.9553833007812,149
UnevenBars/v_UnevenBars_g03_c04.avi,0.534084141254425,1.0637805461883545,12.041594505310059,0.6540073529411765,107.20079040527344,245
UnevenBars/v_UnevenBars_g04_c01.avi,2.0950088500976562,3.8110733032226562,50.6063232421875,0.504342830882353,488.3779296875,142
UnevenBars/v_UnevenBars_g04_c02.avi,0.945916473865509,1.5564777851104736,13.0,0.6221415441176471,44.18880081176758,125
UnevenBars/v_UnevenBars_g04_c03.avi,6.615138530731201,10.180976867675781,99.63935089111328,0.37041130514705883,540.9358520507812,120
UnevenBars/v_UnevenBars_g04_c04.avi,3.486572027206421,7.479091167449951,53.15073013305664,0.7586764705882353,397.5830078125,144
UnevenBars/v_UnevenBars_g05_c01.avi,3.03332257270813,3.10377836227417,31.016124725341797,0.1713235294117647,201.0420379638672,121
UnevenBars/v_UnevenBars_g05_c02.avi,5.316626071929932,7.824857711791992,75.0,0.3441429227941176,735.6328125,177
UnevenBars/v_UnevenBars_g05_c03.avi,3.777416467666626,5.051941394805908,54.33230972290039,0.3344829963235294,528.3938598632812,165
UnevenBars/v_UnevenBars_g05_c04.avi,2.0202255249023438,5.2222113609313965,75.1797866821289,0.5366222426470588,236.49459838867188,106
UnevenBars/v_UnevenBars_g06_c01.avi,3.3391177654266357,6.725081443786621,51.865211486816406,0.6200942095588236,181.62136840820312,97
UnevenBars/v_UnevenBars_g06_c02.avi,1.638547420501709,3.8220221996307373,61.032779693603516,0.4780859375,183.54052734375,77
UnevenBars/v_UnevenBars_g06_c03.avi,2.070373296737671,3.650904655456543,39.0,0.5725574448529411,163.44883728027344,78
UnevenBars/v_UnevenBars_g06_c04.avi,2.503485679626465,6.416728496551514,71.51223754882812,0.5363740808823529,588.4791870117188,118
UnevenBars/v_UnevenBars_g07_c01.avi,5.27764368057251,8.19675350189209,62.7694206237793,0.4888534007352941,254.45614624023438,150
UnevenBars/v_UnevenBars_g07_c02.avi,14.442316055297852,10.819757461547852,80.0,0.100625,427.7035217285156,72
UnevenBars/v_UnevenBars_g07_c03.avi,3.2010955810546875,2.6347525119781494,16.401220321655273,0.1850735294117647,199.03231811523438,122
UnevenBars/v_UnevenBars_g07_c04.avi,2.0680172443389893,4.456558704376221,63.0,0.4390808823529412,83.50882720947266,122
VolleyballSpiking/v_VolleyballSpiking_g01_c01.avi,0.6091532111167908,1.920798659324646,24.020824432373047,0.7891153492647058,125.20758056640625,92
VolleyballSpiking/v_VolleyballSpiking_g01_c02.avi,4.579601764678955,4.590429782867432,61.188232421875,0.2111282169117647,138.06076049804688,209
VolleyballSpiking/v_VolleyballSpiking_g01_c03.avi,2.1203742027282715,2.559878349304199,20.248456954956055,0.2824333639705882,94.29933166503906,153
VolleyballSpiking/v_VolleyballSpiking_g01_c04.avi,5.220065593719482,5.678930282592773,54.037025451660156,0.22767463235294116,103.9166030883789,68
VolleyballSpiking/v_VolleyballSpiking_g02_c01.avi,2.357076644897461,2.4454493522644043,35.84689712524414,0.2374655330882353,247.25228881835938,83
VolleyballSpiking/v_VolleyballSpiking_g02_c02.avi,0.10809493809938431,0.5372239947319031,7.8102498054504395,0.9351470588235294,9.957961082458496,121
VolleyballSpiking/v_VolleyballSpiking_g02_c03.avi,0.49176958203315735,1.358339548110962,21.0,0.7846047794117647,57.70996856689453,111
VolleyballSpiking/v_VolleyballSpiking_g02_c04.avi,6.030885219573975,6.6440606117248535,40.45985794067383,0.21903722426470587,340.0526428222656,90
VolleyballSpiking/v_VolleyballSpiking_g03_c01.avi,3.0114853382110596,4.479115009307861,30.0,0.35073529411764703,227.80746459960938,101
VolleyballSpiking/v_VolleyballSpiking_g03_c02.avi,1.0184829235076904,1.2284950017929077,11.401754379272461,0.4617279411764706,38.91761016845703,64
VolleyballSpiking/v_VolleyballSpiking_g03_c03.avi,0.33167025446891785,0.86568284034729,16.0,0.7729779411764706,17.969463348388672,122
VolleyballSpiking/v_VolleyballSpiking_g03_c04.avi,1.1440590620040894,4.434825420379639,55.03635025024414,0.7412155330882353,55.5323371887207,94
VolleyballSpiking/v_VolleyballSpiking_g04_c01.avi,0.1795405000448227,0.7361644506454468,8.246211051940918,0.912077205882353,105.9380874633789,64
VolleyballSpiking/v_VolleyballSpiking_g04_c02.avi,2.6497507095336914,6.31194543838501,58.00862121582031,0.6109604779411765,1309.924072265625,60
VolleyballSpiking/v_VolleyballSpiking_g04_c03.avi,0.8509431481361389,2.590198516845703,31.764760971069336,0.7894071691176471,527.63330078125,75
VolleyballSpiking/v_VolleyballSpiking_g04_c04.avi,0.4340927004814148,1.4149781465530396,20.02498435974121,0.8281433823529412,399.8315734863281,110
VolleyballSpiking/v_VolleyballSpiking_g04_c05.avi,1.2705062627792358,4.617786884307861,50.80354309082031,0.7519117647058824,571.9937744140625,97
VolleyballSpiking/v_VolleyballSpiking_g04_c06.avi,0.4509305953979492,1.626213550567627,27.459060668945312,0.8437224264705883,370.78106689453125,109
VolleyballSpiking/v_VolleyballSpiking_g04_c07.avi,0.3802303969860077,1.3477742671966553,20.0,0.8413970588235294,200.9639892578125,128
VolleyballSpiking/v_VolleyballSpiking_g05_c01.avi,4.5401387214660645,4.178101062774658,42.0,0.1051171875,214.9903564453125,103
VolleyballSpiking/v_VolleyballSpiking_g05_c02.avi,1.5876935720443726,2.4086949825286865,23.0,0.40822610294117645,87.54560852050781,65
VolleyballSpiking/v_VolleyballSpiking_g05_c03.avi,7.299532413482666,12.819659233093262,133.0,0.3514568014705882,203.51992797851562,58
VolleyballSpiking/v_VolleyballSpiking_g05_c04.avi,0.9315989017486572,2.0212724208831787,21.0,0.5980882352941177,15.120257377624512,62
VolleyballSpiking/v_VolleyballSpiking_g05_c05.avi,4.1683478355407715,6.733465671539307,58.00862121582031,0.35053998161764705,56.502655029296875,93
VolleyballSpiking/v_VolleyballSpiking_g06_c01.avi,10.7079496383667,17.083105087280273,93.60555267333984,0.25620174632352943,318.0200500488281,120
VolleyballSpiking/v_VolleyballSpiking_g06_c02.avi,6.349924087524414,7.8406662940979,98.23441314697266,0.22828584558823528,140.244140625,105
VolleyballSpiking/v_VolleyballSpiking_g06_c03.avi,13.885394096374512,10.709891319274902,70.45565795898438,0.12252757352941177,309.0662536621094,120
VolleyballSpiking/v_VolleyballSpiking_g06_c04.avi,1.260382056236267,2.2544214725494385,47.423622131347656,0.4266727941176471,135.21395874023438,147
VolleyballSpiking/v_VolleyballSpiking_g07_c01.avi,8.026533126831055,9.671965599060059,105.01904296875,0.27447610294117647,80.11573791503906,52
VolleyballSpiking/v_VolleyballSpiking_g07_c02.avi,4.372615814208984,6.2131733894348145,48.0,0.3166498161764706,110.20292663574219,86
VolleyballSpiking/v_VolleyballSpiking_g07_c03.avi,6.429418087005615,12.202005386352539,171.0,0.30186810661764707,125.57293701171875,88
VolleyballSpiking/v_VolleyballSpiking_g07_c04.avi,3.5978643894195557,5.825508117675781,68.02940368652344,0.34651654411764704,75.38005065917969,66
VolleyballSpiking/v_VolleyballSpiking_g07_c05.avi,5.170318126678467,7.8312273025512695,56.0,0.4057398897058824,72.61006164550781,85
VolleyballSpiking/v_VolleyballSpiking_g07_c06.avi,1.6487699747085571,2.7607953548431396,30.149627685546875,0.5035271139705882,31.774877548217773,66
VolleyballSpiking/v_VolleyballSpiking_g07_c07.avi,3.167603015899658,4.734837532043457,43.046485900878906,0.3922564338235294,93.95997619628906,78
WalkingWithDog/v_WalkingWithDog_g01_c01.avi,1.640357255935669,2.9550793170928955,20.02498435974121,0.6371691176470589,475.06182861328125,239
WalkingWithDog/v_WalkingWithDog_g01_c02.avi,11.437445640563965,12.988797187805176,58.694122314453125,0.16088005514705883,494.2303771972656,239
WalkingWithDog/v_WalkingWithDog_g01_c03.avi,9.21433162689209,11.249373435974121,65.0691909790039,0.19212086397058822,367.716552734375,239
WalkingWithDog/v_WalkingWithDog_g01_c04.avi,10.39627742767334,9.709857940673828,57.070133209228516,0.05592601102941176,914.255859375,179
WalkingWithDog/v_WalkingWithDog_g02_c01.avi,3.8022193908691406,4.582607269287109,40.04996871948242,0.3323874080882353,450.4203186035156,239
WalkingWithDog/v_WalkingWithDog_g02_c02.avi,3.5822205543518066,4.208554744720459,36.0,0.22456341911764705,442.28143310546875,239
WalkingWithDog/v_WalkingWithDog_g02_c03.avi,6.545731067657471,7.347024440765381,59.41380310058594,0.15803768382352942,602.3162841796875,239
WalkingWithDog/v_WalkingWithDog_g02_c04.avi,7.522490978240967,7.0793867111206055,65.12296295166016,0.09878676470588235,532.1748046875,239
WalkingWithDog/v_WalkingWithDog_g02_c05.avi,5.546944618225098,5.329106330871582,39.051246643066406,0.2098736213235294,635.7632446289062,239
WalkingWithDog/v_WalkingWithDog_g02_c06.avi,7.041343688964844,7.501097202301025,49.24428939819336,0.16626608455882352,425.798583984375,239
WalkingWithDog/v_WalkingWithDog_g03_c01.avi,7.717103004455566,6.4483795166015625,38.20994567871094,0.1945749080882353,282.432373046875,239
WalkingWithDog/v_WalkingWithDog_g03_c02.avi,15.592743873596191,13.925772666931152,47.51841735839844,0.20485523897058824,502.6341857910156,239
WalkingWithDog/v_WalkingWithDog_g03_c03.avi,6.029717445373535,6.242661476135254,41.04875183105469,0.08396369485294118,358.611083984375,214
WalkingWithDog/v_WalkingWithDog_g03_c04.avi,23.903905868530273,19.31562614440918,109.60382843017578,0.027674632352941177,961.8463134765625,239
WalkingWithDog/v_WalkingWithDog_g03_c05.avi,24.328889846801758,17.7283935546875,91.98369598388672,0.018097426470588235,686.7506103515625,239
WalkingWithDog/v_WalkingWithDog_g04_c01.avi,0.6220351457595825,1.384097695350647,17.11724281311035,0.6830882352941177,140.5349884033203,92
WalkingWithDog/v_WalkingWithDog_g04_c02.avi,6.084671497344971,6.181197643280029,40.0,0.20590533088235294,374.18414306640625,239
WalkingWithDog/v_WalkingWithDog_g04_c03.avi,12.106243133544922,12.070151329040527,66.60330200195312,0.02489659926470588,541.84619140625,239
WalkingWithDog/v_WalkingWithDog_g04_c04.avi,13.49377155303955,12.648585319519043,63.0079345703125,0.050739889705882356,378.96240234375,209
WalkingWithDog/v_WalkingWithDog_g04_c05.avi,9.637717247009277,9.06714916229248,62.481998443603516,0.02232077205882353,527.8914184570312,239
WalkingWithDog/v_WalkingWithDog_g05_c01.avi,14.17004680633545,14.169693946838379,74.02702331542969,0.1818658088235294,247.8018035888672,239
WalkingWithDog/v_WalkingWithDog_g05_c02.avi,13.234362602233887,11.851747512817383,71.44927978515625,0.15498851102941177,318.72918701171875,239
WalkingWithDog/v_WalkingWithDog_g05_c03.avi,34.821746826171875,24.595149993896484,106.169677734375,0.0227734375,537.2128295898438,239
WalkingWithDog/v_WalkingWithDog_g05_c04.avi,16.222597122192383,13.691365242004395,68.0,0.05742417279411765,338.8116149902344,143
WalkingWithDog/v_WalkingWithDog_g05_c05.avi,15.969905853271484,18.19776725769043,99.02020263671875,0.0284375,349.91827392578125,133
WalkingWithDog/v_WalkingWithDog_g06_c01.avi,0.5056226849555969,1.1140307188034058,17.72004508972168,0.7208134191176471,21.359539031982422,152
WalkingWithDog/v_WalkingWithDog_g06_c02.avi,1.5953943729400635,2.871086597442627,31.048349380493164,0.6561029411764706,118.3346176147461,124
WalkingWithDog/v_WalkingWithDog_g06_c03.avi,7.6168389320373535,7.5163493156433105,89.84430694580078,0.11717601102941176,228.5059051513672,239
WalkingWithDog/v_WalkingWithDog_g06_c04.avi,9.463945388793945,11.12761402130127,114.01753997802734,0.2836695772058824,1358.9114990234375,239
WalkingWithDog/v_WalkingWithDog_g06_c05.avi,5.440149307250977,9.175863265991211,67.94115447998047,0.573835018382353,2163.2568359375,239
WalkingWithDog/v_WalkingWithDog_g07_c01.avi,0.4947488307952881,1.6470927000045776,19.02629852294922,0.8193198529411765,79.27330017089844,93
WalkingWithDog/v_WalkingWithDog_g07_c02.avi,0.34415745735168457,2.6078691482543945,59.00847244262695,0.9362591911764706,108.96138763427734,158
WalkingWithDog/v_WalkingWithDog_g07_c03.avi,7.373419284820557,7.4734296798706055,47.51841735839844,0.216875,369.40142822265625,232
WalkingWithDog/v_WalkingWithDog_g07_c04.avi,1.178177833557129,2.661841869354248,44.72135925292969,0.6237385110294118,71.66773986816406,239
WalkingWithDog/v_WalkingWithDog_g07_c05.avi,6.482258319854736,8.936552047729492,35.05709457397461,0.30235523897058825,650.1942749023438,239
WalkingWithDog/v_WalkingWithDog_g07_c06.avi,0.9388889670372009,1.6630339622497559,18.027755737304688,0.49676011029411765,144.51881408691406,239
WallPushups/v_WallPushups_g01_c01.avi,5.13867712020874,9.629334449768066,54.64430618286133,0.4066153492647059,238.08480834960938,89
WallPushups/v_WallPushups_g01_c02.avi,0.8200202584266663,1.2668253183364868,8.062257766723633,0.5665073529411765,9.821305274963379,124
WallPushups/v_WallPushups_g01_c03.avi,5.299152851104736,9.41689682006836,70.34912872314453,0.3809811580882353,339.355712890625,150
WallPushups/v_WallPushups_g01_c04.avi,1.562018632888794,2.581575393676758,32.0,0.48923023897058826,29.166860580444336,189
WallPushups/v_WallPushups_g02_c01.avi,0.5980615615844727,1.5924561023712158,18.973665237426758,0.7600620404411764,91.10145568847656,82
WallPushups/v_WallPushups_g02_c02.avi,0.24637223780155182,0.6764413118362427,6.082762718200684,0.8376838235294117,7.491985321044922,65
WallPushups/v_WallPushups_g02_c03.avi,0.2194650024175644,0.6492902040481567,7.0,0.8509558823529412,6.918280124664307,63
WallPushups/v_WallPushups_g02_c04.avi,0.5452210307121277,1.2020930051803589,13.601470947265625,0.7300942095588235,97.06241607666016,75
WallPushups/v_WallPushups_g03_c01.avi,0.8450384140014648,2.1215085983276367,30.4138126373291,0.7233869485294118,111.39498138427734,114
WallPushups/v_WallPushups_g03_c02.avi,0.9165840148925781,2.0897436141967773,24.020824432373047,0.6853676470588236,130.58755493164062,117
WallPushups/v_WallPushups_g03_c03.avi,0.7783747911453247,2.003965139389038,35.510562896728516,0.7250344669117647,96.03334045410156,108
WallPushups/v_WallPushups_g03_c04.avi,0.7257735133171082,1.7822389602661133,26.019224166870117,0.7157628676470589,67.03247833251953,101
WallPushups/v_WallPushups_g03_c05.avi,0.6037335395812988,1.5166494846343994,27.018512725830078,0.7511397058823529,40.73421859741211,95
WallPushups/v_WallPushups_g04_c01.avi,0.43265029788017273,1.67674720287323,18.11077117919922,0.8706985294117647,80.18036651611328,101
WallPushups/v_WallPushups_g04_c02.avi,0.4564051330089569,1.7842520475387573,19.02629852294922,0.8883088235294118,128.51315307617188,120
WallPushups/v_WallPushups_g04_c03.avi,0.4726695120334625,2.0069398880004883,20.099750518798828,0.8976838235294118,116.20710754394531,96
WallPushups/v_WallPushups_g04_c04.avi,0.25608330965042114,1.02505624294281,10.440306663513184,0.9023897058823529,48.900726318359375,152
WallPushups/v_WallPushups_g05_c01.avi,1.5799281597137451,2.0316569805145264,27.513633728027344,0.3908984375,33.73931121826172,89
WallPushups/v_WallPushups_g05_c02.avi,1.128291368484497,1.656013011932373,28.160255432128906,0.5062247242647059,9.185261726379395,91
WallPushups/v_WallPushups_g05_c03.avi,1.317760944366455,1.7771022319793701,17.11724281311035,0.4539797794117647,17.10980987548828,84
WallPushups/v_WallPushups_g05_c04.avi,1.7089053392410278,2.0313971042633057,18.027755737304688,0.3750827205882353,22.459674835205078,86
WallPushups/v_WallPushups_g05_c05.avi,1.4263368844985962,2.133657693862915,33.0,0.4519623161764706,14.81482219696045,77
WallPushups/v_WallPushups_g06_c01.avi,1.638543725013733,3.759653091430664,46.0,0.6381893382352941,106.06666564941406,95
WallPushups/v_WallPushups_g06_c02.avi,1.419561743736267,3.677227258682251,32.06243896484375,0.6865441176470588,151.83775329589844,101
WallPushups/v_WallPushups_g06_c03.avi,0.8711687326431274,2.516815662384033,30.01666259765625,0.7368106617647059,108.6501693725586,134
WallPushups/v_WallPushups_g06_c04.avi,0.27199411392211914,0.7353900671005249,8.0,0.8169852941176471,11.00322151184082,123
WallPushups/v_WallPushups_g06_c05.avi,1.2538007497787476,3.033989429473877,34.01470184326172,0.6916268382352941,187.8125762939453,115
WallPushups/v_WallPushups_g06_c06.avi,0.8468453288078308,2.4239556789398193,40.0,0.7364705882352941,93.50060272216797,107
WallPushups/v_WallPushups_g06_c07.avi,0.9223530292510986,2.8220975399017334,30.265491485595703,0.7622886029411765,86.0963363647461,163
WallPushups/v_WallPushups_g07_c01.avi,1.1608461141586304,1.800443172454834,21.0,0.5255147058823529,16.250240325927734,104
WallPushups/v_WallPushups_g07_c02.avi,0.9204459190368652,1.5093014240264893,11.180339813232422,0.5878147977941176,8.90558910369873,95
WallPushups/v_WallPushups_g07_c03.avi,0.9743284583091736,1.597091794013977,18.0,0.5751493566176471,9.40365982055664,95
WallPushups/v_WallPushups_g07_c04.avi,1.0231332778930664,1.725659728050232,23.34523582458496,0.5750390625,18.82932472229004,101
WallPushups/v_WallPushups_g07_c05.avi,1.1147090196609497,1.8213025331497192,23.0,0.538678768382353,13.419853210449219,85
WallPushups/v_WallPushups_g07_c06.avi,1.037297248840332,1.5988341569900513,16.0,0.5521989889705883,14.01573657989502,85
WritingOnBoard/v_WritingOnBoard_g01_c01.avi,1.082380771636963,1.8423271179199219,24.515300750732422,0.5239154411764706,14.37254810333252,152
WritingOnBoard/v_WritingOnBoard_g01_c02.avi,1.0395537614822388,1.5346839427947998,18.11077117919922,0.49756204044117647,23.151660919189453,116
WritingOnBoard/v_WritingOnBoard_g01_c03.avi,1.4254193305969238,2.302150249481201,42.01190185546875,0.4219967830882353,59.188743591308594,60
WritingOnBoard/v_WritingOnBoard_g01_c04.avi,3.268277406692505,4.146587371826172,35.902645111083984,0.3041314338235294,63.87751388549805,56
WritingOnBoard/v_WritingOnBoard_g01_c05.avi,0.7054968476295471,1.1829807758331299,9.05538558959961,0.6148897058823529,2.3333263397216797,184
WritingOnBoard/v_WritingOnBoard_g01_c06.avi,1.5837092399597168,2.766174793243408,31.38471031188965,0.44432215073529413,9.111172676086426,70
WritingOnBoard/v_WritingOnBoard_g01_c07.avi,1.1558679342269897,1.6209932565689087,21.02379608154297,0.4379825367647059,36.89398193359375,99
WritingOnBoard/v_WritingOnBoard_g02_c01.avi,0.28585129976272583,0.9308333992958069,8.0,0.8506985294117647,9.342011451721191,182
WritingOnBoard/v_WritingOnBoard_g02_c02.avi,0.8171916604042053,3.0272836685180664,26.62705421447754,0.8435684742647059,33.39484405517578,215
WritingOnBoard/v_WritingOnBoard_g02_c03.avi,0.3754732310771942,1.1155427694320679,25.317977905273438,0.8169898897058824,37.61357879638672,145
WritingOnBoard/v_WritingOnBoard_g02_c04.avi,1.1158735752105713,3.058539390563965,25.317977905273438,0.7448230698529412,45.07803726196289,190
WritingOnBoard/v_WritingOnBoard_g02_c05.avi,0.5473905205726624,1.4085228443145752,15.0,0.776171875,70.5870590209961,99
WritingOnBoard/v_WritingOnBoard_g02_c06.avi,0.7091554403305054,2.1342458724975586,21.840330123901367,0.7691268382352942,39.873130798339844,211
WritingOnBoard/v_WritingOnBoard_g02_c07.avi,0.9188324213027954,2.076158046722412,21.21320343017578,0.6980078125,63.57665252685547,199
WritingOnBoard/v_WritingOnBoard_g03_c01.avi,2.1653170585632324,2.4799437522888184,28.0,0.3083386948529412,39.495628356933594,132
WritingOnBoard/v_WritingOnBoard_g03_c02.avi,4.237954139709473,10.361584663391113,118.0,0.32888097426470586,100.56014251708984,111
WritingOnBoard/v_WritingOnBoard_g03_c03.avi,4.258296966552734,6.631655693054199,77.05841827392578,0.20268841911764707,85.76885223388672,113
WritingOnBoard/v_WritingOnBoard_g03_c04.avi,1.3159704208374023,2.0992045402526855,16.031219482421875,0.4428860294117647,13.260705947875977,125
WritingOnBoard/v_WritingOnBoard_g03_c05.avi,1.7670392990112305,2.8110928535461426,38.05259704589844,0.36960018382352944,62.02632522583008,159
WritingOnBoard/v_WritingOnBoard_g03_c06.avi,0.6776257157325745,1.2930724620819092,13.03840446472168,0.6739338235294118,10.318962097167969,121
WritingOnBoard/v_WritingOnBoard_g03_c07.avi,2.0559613704681396,3.211763620376587,25.317977905273438,0.4591980698529412,49.50855255126953,93
WritingOnBoard/v_WritingOnBoard_g04_c01.avi,0.4974551200866699,1.381921648979187,10.049875259399414,0.7843382352941176,3.5024609565734863,125
WritingOnBoard/v_WritingOnBoard_g04_c02.avi,0.800578236579895,2.1367523670196533,32.015621185302734,0.7120978860294118,23.520153045654297,142
WritingOnBoard/v_WritingOnBoard_g04_c03.avi,0.7911220192909241,2.240314483642578,47.01063537597656,0.703092830882353,9.466806411743164,147
WritingOnBoard/v_WritingOnBoard_g04_c04.avi,0.6416152119636536,1.634384036064148,32.015621185302734,0.7226907169117647,8.246344566345215,85
WritingOnBoard/v_WritingOnBoard_g05_c01.avi,1.826269268989563,3.1331021785736084,38.897300720214844,0.49947150735294116,107.8370132446289,179
WritingOnBoard/v_WritingOnBoard_g05_c02.avi,2.3390119075775146,4.7801923751831055,46.173583984375,0.46875,209.17208862304688,97
WritingOnBoard/v_WritingOnBoard_g05_c03.avi,2.3683815002441406,5.010839462280273,34.13209533691406,0.5391107536764705,124.53330993652344,111
WritingOnBoard/v_WritingOnBoard_g05_c04.avi,1.0858598947525024,1.5232467651367188,16.0,0.4875344669117647,66.62818908691406,147
WritingOnBoard/v_WritingOnBoard_g05_c05.avi,1.4294499158859253,2.4346837997436523,34.01470184326172,0.530305606617647,90.01834869384766,108
WritingOnBoard/v_WritingOnBoard_g05_c06.avi,1.5814337730407715,2.4148499965667725,31.016124725341797,0.4556341911764706,36.27021408081055,129
WritingOnBoard/v_WritingOnBoard_g06_c01.avi,0.7910222411155701,1.5064188241958618,33.0151481628418,0.6067853860294118,8.705963134765625,84
WritingOnBoard/v_WritingOnBoard_g06_c02.avi,1.039363980293274,1.637192964553833,19.697715759277344,0.5167394301470588,29.618215560913086,191
WritingOnBoard/v_WritingOnBoard_g06_c03.avi,0.4289056062698364,0.8739129304885864,9.0,0.7232720588235294,2.655222177505493,182
WritingOnBoard/v_WritingOnBoard_g06_c04.avi,0.6252386569976807,1.2705272436141968,19.0,0.6588717830882352,17.14932632446289,211
WritingOnBoard/v_WritingOnBoard_g06_c05.avi,0.6981042623519897,1.4015653133392334,23.0867919921875,0.639055606617647,21.296947479248047,189
WritingOnBoard/v_WritingOnBoard_g06_c06.avi,1.7482151985168457,4.192074775695801,43.011627197265625,0.5828033088235294,32.83090591430664,134
WritingOnBoard/v_WritingOnBoard_g06_c07.avi,0.9453729391098022,1.739100456237793,18.357559204101562,0.5840969669117647,49.903602600097656,232
WritingOnBoard/v_WritingOnBoard_g07_c01.avi,2.010922431945801,2.673750638961792,30.149627685546875,0.3974770220588235,85.58715057373047,111
WritingOnBoard/v_WritingOnBoard_g07_c02.avi,1.3281655311584473,1.8819384574890137,22.022714614868164,0.4765625,40.7055778503418,163
WritingOnBoard/v_WritingOnBoard_g07_c03.avi,0.9569113254547119,1.3838820457458496,13.601470947265625,0.5484558823529412,6.013094902038574,182
WritingOnBoard/v_WritingOnBoard_g07_c04.avi,1.9796531200408936,2.6648757457733154,23.194826126098633,0.39336167279411766,49.010536193847656,120
WritingOnBoard/v_WritingOnBoard_g07_c05.avi,1.4991787672042847,2.5813682079315186,46.173583984375,0.4620105698529412,28.25772476196289,150
WritingOnBoard/v_WritingOnBoard_g07_c06.avi,1.485763430595398,2.1318883895874023,20.2237491607666,0.48407398897058823,36.15585708618164,101
WritingOnBoard/v_WritingOnBoard_g07_c07.avi,1.3862098455429077,2.219562530517578,30.265491485595703,0.4947702205882353,28.489574432373047,111
YoYo/v_YoYo_g01_c01.avi,1.8140467405319214,6.920971870422363,107.35455322265625,0.6591245404411765,335.39581298828125,186
YoYo/v_YoYo_g01_c02.avi,0.5684085488319397,1.555729627609253,26.0,0.6936397058823529,71.42665100097656,183
YoYo/v_YoYo_g01_c03.avi,2.9917173385620117,5.488280773162842,62.12889862060547,0.5717555147058824,536.2985229492188,164
YoYo/v_YoYo_g01_c04.avi,2.3176701068878174,4.476400852203369,49.57822036743164,0.5335340073529412,340.83673095703125,192
YoYo/v_YoYo_g01_c05.avi,1.8143800497055054,3.8534865379333496,43.28972244262695,0.6085776654411764,301.57275390625,177
YoYo/v_YoYo_g01_c06.avi,1.5484404563903809,4.332873344421387,54.08327102661133,0.6876447610294117,177.3447265625,159
YoYo/v_YoYo_g01_c07.avi,2.369758367538452,5.641858100891113,74.0,0.5550689338235294,288.58380126953125,188
YoYo/v_YoYo_g02_c01.avi,1.0320826768875122,3.2954349517822266,43.17406463623047,0.7819852941176471,275.05523681640625,187
YoYo/v_YoYo_g02_c02.avi,1.935381531715393,3.7462310791015625,36.055511474609375,0.4883708639705882,190.8720245361328,187
YoYo/v_YoYo_g02_c03.avi,6.340523719787598,11.956364631652832,126.12692260742188,0.3795266544117647,1174.92529296875,165
YoYo/v_YoYo_g02_c04.avi,5.595324516296387,11.72507095336914,172.1540069580078,0.5058984375,756.8768310546875,165
YoYo/v_YoYo_g02_c05.avi,11.338916778564453,16.383554458618164,130.80137634277344,0.2584604779411765,1661.9722900390625,171
YoYo/v_YoYo_g03_c01.avi,4.896173000335693,8.259224891662598,63.0,0.3248184742647059,105.51932525634766,194
YoYo/v_YoYo_g03_c02.avi,2.3233389854431152,4.143669605255127,55.07267761230469,0.3400942095588235,135.43995666503906,197
YoYo/v_YoYo_g03_c03.avi,2.424448251724243,4.793476581573486,48.41487503051758,0.5572426470588235,270.43170166015625,198
YoYo/v_YoYo_g03_c04.avi,4.126535892486572,6.921402454376221,62.801273345947266,0.38939568014705883,477.51806640625,204
YoYo/v_YoYo_g03_c05.avi,2.6701416969299316,7.6199541091918945,92.70382690429688,0.6005997242647059,275.062255859375,139
YoYo/v_YoYo_g03_c06.avi,7.502671241760254,10.750741958618164,86.97700500488281,0.1367371323529412,58.0362434387207,192
YoYo/v_YoYo_g04_c01.avi,1.924286127090454,5.2114996910095215,75.05997467041016,0.6588763786764706,365.205810546875,176
YoYo/v_YoYo_g04_c02.avi,0.8382841348648071,2.8743515014648438,40.224369049072266,0.8279848345588235,330.58599853515625,191
YoYo/v_YoYo_g04_c03.avi,1.1507527828216553,3.8947627544403076,56.00892639160156,0.7997564338235295,524.0528564453125,153
YoYo/v_YoYo_g04_c04.avi,2.5053975582122803,6.973774433135986,75.69015502929688,0.7152918198529412,540.4273071289062,177
YoYo/v_YoYo_g04_c05.avi,2.865175485610962,7.519632339477539,89.27485656738281,0.6666590073529411,500.77850341796875,179
YoYo/v_YoYo_g05_c01.avi,0.31365182995796204,1.4015427827835083,33.0151481628418,0.8903630514705883,76.79788970947266,191
YoYo/v_YoYo_g05_c02.avi,4.563673496246338,6.628507614135742,67.08203887939453,0.2364453125,439.96197509765625,178
YoYo/v_YoYo_g05_c03.avi,0.7018271684646606,1.5256547927856445,15.65247631072998,0.6451470588235294,85.09770202636719,183
YoYo/v_YoYo_g05_c04.avi,2.655402183532715,3.2859950065612793,37.85498809814453,0.38003216911764703,201.0057830810547,174
YoYo/v_YoYo_g05_c05.avi,2.088691234588623,3.8298206329345703,48.3735466003418,0.37131893382352943,292.2250671386719,179
YoYo/v_YoYo_g06_c01.avi,2.965092182159424,7.5502777099609375,67.62396240234375,0.6662522977941177,1110.9180908203125,203
YoYo/v_YoYo_g06_c02.avi,0.6304016709327698,1.7268803119659424,17.69180679321289,0.7711397058823529,280.85455322265625,183
YoYo/v_YoYo_g06_c03.avi,2.1635751724243164,5.435217380523682,60.16643524169922,0.6954733455882353,773.4387817382812,186
YoYo/v_YoYo_g06_c04.avi,3.5147829055786133,5.76706600189209,57.21887969970703,0.3312729779411765,308.070556640625,135
YoYo/v_YoYo_g07_c01.avi,0.21168121695518494,0.8614751696586609,12.0,0.8929044117647059,26.33087158203125,185
YoYo/v_YoYo_g07_c02.avi,0.9356197714805603,3.145673990249634,47.381431579589844,0.7485983455882353,201.94076538085938,176
YoYo/v_YoYo_g07_c03.avi,2.8476722240448,7.450727462768555,87.32124328613281,0.5951769301470589,384.4708557128906,176
YoYo/v_YoYo_g07_c04.avi,1.1314743757247925,2.8552980422973633,55.145263671875,0.7228630514705883,145.1259002685547,199
