clip_path,mv_mean,mv_std,mv_max,mv_sparsity,residual_energy_mean,num_frames,true_label,car_predicted_label,car_correct,car_confidence
ApplyEyeMakeup/v_ApplyEyeMakeup_g01_c01.avi,1.4829753637313845,2.8668391704559326,29.068883895874023,0.6159558823529412,111.30314636230467,164,0,0,1,1.0
ApplyEyeMakeup/v_ApplyEyeMakeup_g01_c02.avi,0.3272969424724579,1.0642048120498655,14.0,0.8573965992647059,18.19847679138184,123,0,0,1,1.0
ApplyEyeMakeup/v_ApplyEyeMakeup_g01_c03.avi,0.9222858548164368,1.7838929891586304,25.05992889404297,0.6249839154411765,69.48116302490234,259,0,0,1,1.0
ApplyEyeMakeup/v_ApplyEyeMakeup_g01_c04.avi,1.4509528875350952,3.003519296646118,39.96248245239258,0.6178147977941176,128.73397827148438,235,0,0,1,0.9999269247055054
ApplyEyeMakeup/v_ApplyEyeMakeup_g01_c05.avi,1.6349117755889893,2.5880661010742188,25.553865432739254,0.5191957720588235,131.6033172607422,296,0,0,1,1.0
ApplyEyeMakeup/v_ApplyEyeMakeup_g01_c06.avi,0.4640316665172577,1.2976385354995728,10.0,0.8216176470588236,16.11020278930664,122,0,0,1,0.9999998807907104
ApplyEyeMakeup/v_ApplyEyeMakeup_g02_c01.avi,1.1249598264694214,3.4693639278411865,45.35416030883789,0.7246553308823529,54.8194580078125,170,0,0,1,1.0
ApplyEyeMakeup/v_ApplyEyeMakeup_g02_c02.avi,1.6038973331451416,4.261821746826172,49.01020431518555,0.6781158088235294,176.279052734375,146,0,0,1,1.0
ApplyEyeMakeup/v_ApplyEyeMakeup_g02_c03.avi,2.673846483230591,7.078935146331787,83.35466766357422,0.6073230698529412,188.38841247558597,216,0,0,1,1.0
ApplyEyeMakeup/v_ApplyEyeMakeup_g02_c04.avi,0.1911700218915939,0.7848860621452332,16.0,0.8898965992647059,20.59859275817871,170,0,1,0,0.986753523349762
ApplyEyeMakeup/v_ApplyEyeMakeup_g03_c01.avi,6.00104284286499,10.40939998626709,102.303466796875,0.2456548713235294,198.2716827392578,209,0,0,1,1.0
ApplyEyeMakeup/v_ApplyEyeMakeup_g03_c02.avi,2.56514310836792,4.001220226287842,32.4499626159668,0.3579572610294118,62.50473785400391,134,0,0,1,1.0
ApplyEyeMakeup/v_ApplyEyeMakeup_g03_c03.avi,4.062425136566162,6.0462260246276855,45.694637298583984,0.285,194.843017578125,115,0,0,1,1.0
ApplyEyeMakeup/v_ApplyEyeMakeup_g03_c04.avi,3.5553319454193115,6.373229026794434,62.12889862060547,0.3248138786764706,189.2747344970703,108,0,0,1,1.0
ApplyEyeMakeup/v_ApplyEyeMakeup_g03_c05.avi,4.287594318389893,6.012359619140625,40.80441284179688,0.3166544117647059,176.490234375,146,0,0,1,1.0
ApplyEyeMakeup/v_ApplyEyeMakeup_g03_c06.avi,4.764194965362549,7.695621013641357,97.08243560791016,0.4019784007352941,111.57462310791016,152,0,0,1,0.9999995231628418
ApplyEyeMakeup/v_ApplyEyeMakeup_g04_c01.avi,0.9676840305328368,2.227463960647583,32.0,0.6363074448529412,56.4248046875,126,0,0,1,1.0
ApplyEyeMakeup/v_ApplyEyeMakeup_g04_c02.avi,2.64143443107605,4.995126247406006,37.85498809814453,0.4365556066176471,190.4688262939453,132,0,0,1,1.0
ApplyEyeMakeup/v_ApplyEyeMakeup_g04_c03.avi,0.5926686525344849,1.3634248971939087,19.0,0.722421875,61.13639450073242,114,0,0,1,0.8254068493843079
ApplyEyeMakeup/v_ApplyEyeMakeup_g04_c04.avi,0.5976517200469971,1.4043458700180054,10.29563045501709,0.7559558823529412,13.461130142211914,181,0,0,1,1.0
ApplyEyeMakeup/v_ApplyEyeMakeup_g04_c05.avi,1.4602841138839722,2.8463587760925293,30.149627685546875,0.6364889705882353,120.7809066772461,106,0,0,1,0.9999998807907104
ApplyEyeMakeup/v_ApplyEyeMakeup_g04_c06.avi,4.729910850524902,12.031777381896973,115.01738739013672,0.5520886948529412,305.458984375,248,0,0,1,1.0
ApplyEyeMakeup/v_ApplyEyeMakeup_g04_c07.avi,1.4136515855789185,2.512268304824829,34.0,0.5791107536764706,81.36958312988281,158,0,0,1,1.0
ApplyEyeMakeup/v_ApplyEyeMakeup_g05_c01.avi,2.109797477722168,4.074980735778809,38.11823654174805,0.5847426470588235,121.5410614013672,268,0,0,1,1.0
ApplyEyeMakeup/v_ApplyEyeMakeup_g05_c02.avi,1.1128841638565063,2.3856985569000244,49.0,0.6670703125,44.37490463256836,264,0,0,1,1.0
ApplyEyeMakeup/v_ApplyEyeMakeup_g05_c03.avi,1.9034498929977417,3.463496446609497,32.0,0.5824655330882353,104.45088958740234,158,0,0,1,1.0
ApplyEyeMakeup/v_ApplyEyeMakeup_g05_c04.avi,1.1974449157714844,2.184577703475952,20.0,0.6352251838235294,50.01506805419922,186,0,0,1,1.0
ApplyEyeMakeup/v_ApplyEyeMakeup_g05_c05.avi,1.8118932247161863,4.138439178466797,47.0,0.6148046875,111.04703521728516,227,0,0,1,1.0
ApplyEyeMakeup/v_ApplyEyeMakeup_g05_c06.avi,1.9611696004867556,3.4737203121185303,34.01470184326172,0.5281158088235294,146.5484619140625,115,0,0,1,1.0
ApplyEyeMakeup/v_ApplyEyeMakeup_g05_c07.avi,1.946402192115784,4.042231559753418,42.52058410644531,0.5847196691176471,96.95103454589844,235,0,0,1,1.0
ApplyEyeMakeup/v_ApplyEyeMakeup_g06_c01.avi,4.249196529388428,7.449207782745361,62.361846923828125,0.2923736213235294,205.3201904296875,139,0,0,1,1.0
ApplyEyeMakeup/v_ApplyEyeMakeup_g06_c02.avi,2.8989436626434326,5.884683132171631,56.82429122924805,0.4433455882352941,183.4322967529297,139,0,0,1,1.0
ApplyEyeMakeup/v_ApplyEyeMakeup_g06_c03.avi,1.112035036087036,2.2411603927612305,29.27456283569336,0.53296875,32.40964126586914,245,0,0,1,1.0
ApplyEyeMakeup/v_ApplyEyeMakeup_g06_c04.avi,3.818488836288452,6.878164768218994,45.89117431640625,0.3141475183823529,183.62081909179688,100,0,0,1,1.0
ApplyEyeMakeup/v_ApplyEyeMakeup_g06_c05.avi,1.2737141847610474,2.192347764968872,24.0,0.5495863970588235,32.79795455932617,281,0,0,1,1.0
ApplyEyeMakeup/v_ApplyEyeMakeup_g06_c06.avi,2.484675645828247,3.814875841140747,43.104522705078125,0.3937270220588235,74.1369857788086,146,0,0,1,1.0
ApplyEyeMakeup/v_ApplyEyeMakeup_g06_c07.avi,1.3159613609313965,2.370790481567383,22.360679626464844,0.5092693014705882,59.7462043762207,167,0,0,1,1.0
ApplyEyeMakeup/v_ApplyEyeMakeup_g07_c01.avi,1.142974615097046,2.249794006347656,26.0,0.6273345588235294,108.06706237792967,158,0,0,1,0.9999884366989136
ApplyEyeMakeup/v_ApplyEyeMakeup_g07_c02.avi,0.7146661281585693,1.672106146812439,21.0,0.7293497242647059,59.81282424926758,168,0,0,1,0.999987006187439
ApplyEyeMakeup/v_ApplyEyeMakeup_g07_c03.avi,1.6151292324066162,3.469642162322998,37.161808013916016,0.6306364889705882,69.7071304321289,133,0,0,1,1.0
ApplyEyeMakeup/v_ApplyEyeMakeup_g07_c04.avi,1.4007763862609863,2.773699283599853,28.460498809814453,0.6243704044117647,73.01643371582031,142,0,0,1,1.0
ApplyEyeMakeup/v_ApplyEyeMakeup_g07_c05.avi,1.1955646276474,2.5492281913757324,23.76972770690918,0.6002573529411764,48.175254821777344,98,0,0,1,1.0
ApplyEyeMakeup/v_ApplyEyeMakeup_g07_c06.avi,0.9127987027168274,2.0397517681121826,20.615528106689453,0.7305583639705883,49.00203323364258,162,0,0,1,1.0
ApplyEyeMakeup/v_ApplyEyeMakeup_g07_c07.avi,3.443960189819336,6.944125652313232,55.4707145690918,0.5619761029411765,219.1290740966797,114,0,0,1,1.0
ApplyLipstick/v_ApplyLipstick_g01_c01.avi,1.2631882429122925,2.572822093963623,33.37664031982422,0.5406801470588235,85.51676177978516,148,1,1,1,0.9999998807907104
ApplyLipstick/v_ApplyLipstick_g01_c02.avi,0.6760954856872559,1.338752508163452,11.40175437927246,0.6777849264705882,47.659812927246094,160,1,1,1,1.0
ApplyLipstick/v_ApplyLipstick_g01_c03.avi,1.1645666360855105,2.443242073059082,26.83281517028809,0.6218313419117647,51.76142120361328,309,1,1,1,1.0
ApplyLipstick/v_ApplyLipstick_g01_c04.avi,0.5035179257392883,0.9674844741821288,17.11724281311035,0.7009719669117647,20.69248962402344,369,1,1,1,1.0
ApplyLipstick/v_ApplyLipstick_g01_c05.avi,0.508470892906189,1.2690027952194214,17.029386520385742,0.7479664522058823,35.257301330566406,213,1,1,1,1.0
ApplyLipstick/v_ApplyLipstick_g02_c01.avi,0.5278099775314331,1.211621642112732,16.124515533447266,0.7348897058823529,4.302689552307129,127,1,1,1,1.0
ApplyLipstick/v_ApplyLipstick_g02_c02.avi,1.1908479928970337,1.940088987350464,22.0,0.535188419117647,24.208824157714844,118,1,1,1,1.0
ApplyLipstick/v_ApplyLipstick_g02_c03.avi,1.6151237487792969,3.162580966949463,29.27456283569336,0.5451815257352941,22.12300109863281,98,1,1,1,1.0
ApplyLipstick/v_ApplyLipstick_g02_c04.avi,0.4959138035774231,1.0200506448745728,8.5440034866333,0.7263235294117647,1.699556589126587,185,1,1,1,1.0
ApplyLipstick/v_ApplyLipstick_g03_c01.avi,0.7062784433364868,2.029373407363892,31.14482307434082,0.7568887867647058,126.0344009399414,180,1,1,1,0.9999971389770508
ApplyLipstick/v_ApplyLipstick_g03_c02.avi,1.1063802242279053,3.1319236755371094,35.84689712524414,0.7339131433823529,157.1451416015625,108,1,1,1,0.9931851029396056
ApplyLipstick/v_ApplyLipstick_g03_c03.avi,0.4491780400276184,1.3435051441192627,17.8885440826416,0.796516544117647,64.23963928222656,154,1,1,1,0.9943874478340148
ApplyLipstick/v_ApplyLipstick_g03_c04.avi,0.5703284740447998,1.433942437171936,14.03566837310791,0.7692670036764706,58.66553497314453,142,1,19,0,0.8561533093452454
ApplyLipstick/v_ApplyLipstick_g04_c01.avi,1.517303705215454,3.8062784671783447,54.67174911499024,0.6001286764705882,86.11598205566406,98,1,1,1,0.981775403022766
ApplyLipstick/v_ApplyLipstick_g04_c02.avi,1.0250707864761353,2.3568389415740967,25.0,0.6444025735294118,37.71379470825195,144,1,1,1,1.0
ApplyLipstick/v_ApplyLipstick_g04_c03.avi,3.26198410987854,4.598762512207031,29.614185333251957,0.3829319852941176,108.79133605957033,150,1,1,1,1.0
ApplyLipstick/v_ApplyLipstick_g04_c04.avi,1.237478733062744,2.393770217895508,25.179357528686523,0.5510753676470588,79.23078155517578,258,1,1,1,1.0
ApplyLipstick/v_ApplyLipstick_g04_c05.avi,1.9748247861862185,5.301395416259766,56.00892639160156,0.5508432904411765,97.50122833251952,169,1,1,1,1.0
ApplyLipstick/v_ApplyLipstick_g05_c01.avi,1.1589863300323486,2.0641391277313232,26.01922416687012,0.5807215073529411,156.05935668945312,177,1,1,1,1.0
ApplyLipstick/v_ApplyLipstick_g05_c02.avi,0.4390518367290497,1.1507660150527954,16.0,0.7921691176470588,60.52223587036133,154,1,1,1,0.8538017272949219
ApplyLipstick/v_ApplyLipstick_g05_c03.avi,0.9455593228340148,2.258796453475952,22.20360374450684,0.6941176470588235,83.68742370605469,113,1,1,1,1.0
ApplyLipstick/v_ApplyLipstick_g05_c04.avi,1.9767760038375852,5.009350299835205,49.81967544555664,0.6056364889705882,185.9627685546875,120,1,1,1,0.9999920129776
ApplyLipstick/v_ApplyLipstick_g05_c05.avi,0.8246859908103943,1.6460517644882202,17.72004508972168,0.6750390625,112.8492660522461,156,1,1,1,0.9310404062271118
ApplyLipstick/v_ApplyLipstick_g06_c01.avi,1.0870227813720703,2.100799083709717,18.24828720092773,0.6117003676470588,63.1768684387207,460,1,1,1,1.0
ApplyLipstick/v_ApplyLipstick_g06_c02.avi,0.8151431679725647,1.809264063835144,21.0,0.6632398897058823,40.97703170776367,249,1,1,1,1.0
ApplyLipstick/v_ApplyLipstick_g06_c03.avi,0.7729279398918152,1.74681293964386,20.24845695495605,0.6820840992647059,61.48329544067383,153,1,1,1,1.0
ApplyLipstick/v_ApplyLipstick_g06_c04.avi,1.3250761032104492,2.848022222518921,27.658634185791016,0.6410638786764706,106.0701675415039,523,1,1,1,1.0
ApplyLipstick/v_ApplyLipstick_g06_c05.avi,1.0484585762023926,2.860491991043091,28.0,0.7116291360294118,83.31429290771484,321,1,1,1,1.0
ApplyLipstick/v_ApplyLipstick_g07_c01.avi,1.2344540357589722,1.9917949438095093,24.04162979125977,0.5194002757352941,31.301721572875977,270,1,1,1,1.0
ApplyLipstick/v_ApplyLipstick_g07_c02.avi,0.6163979172706604,1.5018916130065918,16.155494689941406,0.7345588235294118,20.68218994140625,125,1,1,1,1.0
ApplyLipstick/v_ApplyLipstick_g07_c03.avi,1.0144507884979248,2.667286872863769,50.56678771972656,0.6295519301470588,90.6377182006836,226,1,1,1,1.0
ApplyLipstick/v_ApplyLipstick_g07_c04.avi,1.0705339908599854,3.2288689613342285,42.10700607299805,0.6171392463235295,30.3226318359375,163,1,1,1,1.0
Archery/v_Archery_g01_c01.avi,3.5447165966033936,7.1430487632751465,100.6578369140625,0.2839338235294117,213.26089477539065,130,2,2,1,1.0
Archery/v_Archery_g01_c02.avi,3.7267379760742183,4.727285861968994,38.0,0.131985294117647,151.6448974609375,141,2,2,1,0.9996843338012696
Archery/v_Archery_g01_c03.avi,4.076328754425049,6.699799060821533,79.22752380371094,0.2183823529411764,301.1817932128906,157,2,2,1,1.0
Archery/v_Archery_g01_c04.avi,1.512346625328064,2.610347032546997,28.861740112304688,0.4170036764705882,84.21571350097656,124,2,2,1,1.0
Archery/v_Archery_g01_c05.avi,20.46559333801269,20.617530822753903,126.11502838134766,0.0443359375,499.7032775878906,134,2,2,1,0.8076176047325134
Archery/v_Archery_g01_c06.avi,13.694544792175291,14.090224266052246,74.00675964355469,0.0431824448529411,280.3776550292969,107,2,2,1,0.9685022830963136
Archery/v_Archery_g01_c07.avi,2.419829607009888,5.8719987869262695,57.42821502685547,0.4818244485294117,220.83761596679688,142,2,2,1,1.0
Archery/v_Archery_g02_c01.avi,2.356248378753662,5.843591690063477,65.19202423095703,0.6680721507352941,597.7783203125,157,2,2,1,1.0
Archery/v_Archery_g02_c02.avi,4.227823257446289,10.535652160644531,137.8441162109375,0.5987798713235294,1050.6702880859375,159,2,2,1,1.0
Archery/v_Archery_g02_c03.avi,2.6249687671661377,6.521047592163086,56.32051086425781,0.6686282169117647,734.2040405273438,137,2,2,1,1.0
Archery/v_Archery_g02_c04.avi,1.971619129180908,5.614373207092285,69.02897644042969,0.6768566176470588,553.9332275390625,108,2,2,1,1.0
Archery/v_Archery_g02_c05.avi,1.5151240825653076,4.430112361907959,44.04542922973633,0.7551838235294117,665.0311279296875,126,2,2,1,1.0
Archery/v_Archery_g02_c06.avi,3.2593324184417725,6.020305633544922,60.87692642211914,0.5676631433823529,1157.5474853515625,112,2,2,1,1.0
Archery/v_Archery_g02_c07.avi,3.722637176513672,9.8831787109375,107.00466918945312,0.7011098345588235,837.6814575195312,165,2,2,1,1.0
Archery/v_Archery_g03_c01.avi,2.8752963542938232,6.21514892578125,36.12478256225586,0.7440142463235294,213.71188354492188,150,2,2,1,0.9999997615814208
Archery/v_Archery_g03_c02.avi,3.981892347335816,5.143555641174316,55.54277801513672,0.4415441176470588,315.8516540527344,176,2,2,1,1.0
Archery/v_Archery_g03_c03.avi,1.3083622455596924,1.847601056098938,24.1867733001709,0.4517555147058824,38.346778869628906,125,2,2,1,0.9999998807907104
Archery/v_Archery_g03_c04.avi,3.372776985168457,4.799393653869629,74.67261505126953,0.2953722426470588,346.4086303710937,138,2,2,1,1.0
Archery/v_Archery_g03_c05.avi,0.2492738366127014,0.6218704581260681,8.062257766723633,0.8136029411764706,41.28488540649414,124,2,2,1,1.0
Archery/v_Archery_g04_c01.avi,1.2216187715530396,3.7086119651794434,56.080299377441406,0.735852481617647,675.6084594726562,164,2,2,1,1.0
Archery/v_Archery_g04_c02.avi,1.903581023216248,4.88779354095459,61.35144805908203,0.6635891544117647,908.7752685546876,172,2,2,1,0.9999998807907104
Archery/v_Archery_g04_c03.avi,1.5378923416137695,4.231339454650879,36.878177642822266,0.7427481617647059,806.4041748046875,139,2,2,1,0.9999961853027344
Archery/v_Archery_g04_c04.avi,1.3375283479690552,3.3289220333099365,35.05709457397461,0.7261328125,733.0885620117188,134,2,2,1,1.0
Archery/v_Archery_g04_c05.avi,2.1417253017425537,5.610867023468018,51.788028717041016,0.7036144301470588,840.9849853515625,148,2,2,1,0.9999996423721312
Archery/v_Archery_g05_c01.avi,0.4077295362949371,1.179638147354126,44.0,0.7737522977941177,75.03739929199219,455,2,2,1,0.9999961853027344
Archery/v_Archery_g05_c02.avi,0.4231357276439667,1.3207906484603882,18.027755737304688,0.8072472426470588,54.00969314575195,557,2,2,1,0.9999985694885254
Archery/v_Archery_g05_c03.avi,0.4435259401798248,1.254059910774231,15.033296585083008,0.7913235294117648,63.08135986328125,488,2,2,1,0.9999961853027344
Archery/v_Archery_g05_c04.avi,5.475218296051025,11.43882179260254,77.88452911376953,0.4122127757352941,501.871826171875,51,2,2,1,0.999128520488739
Archery/v_Archery_g05_c05.avi,1.5523450374603271,2.678184747695923,34.2344856262207,0.5732421875,117.1498565673828,196,2,2,1,0.9995530247688292
Archery/v_Archery_g06_c01.avi,1.1379185914993286,3.769005060195923,61.741397857666016,0.7646277573529412,188.71583557128903,80,2,2,1,0.9999979734420776
Archery/v_Archery_g06_c02.avi,1.8523234128952024,5.637694835662842,72.83543395996094,0.6961833639705882,329.037353515625,115,2,2,1,1.0
Archery/v_Archery_g06_c03.avi,2.45811128616333,7.227874279022217,86.83892822265625,0.5903791360294117,326.10333251953125,86,2,55,0,0.5409965515136719
Archery/v_Archery_g06_c04.avi,1.6369649171829224,2.357567310333252,26.248809814453125,0.3345082720588235,161.95704650878906,103,2,2,1,0.7975578308105469
Archery/v_Archery_g06_c05.avi,3.0087172985076904,4.1893839836120605,35.34119415283203,0.3482996323529412,142.62570190429688,129,2,2,1,0.9770190119743348
Archery/v_Archery_g06_c06.avi,2.20521879196167,6.376204013824463,75.27283477783203,0.6677113970588235,336.28961181640625,131,2,2,1,0.9999696016311646
Archery/v_Archery_g07_c01.avi,0.6836042404174805,2.135045051574707,33.37664031982422,0.7567991727941177,92.25524139404295,91,2,2,1,1.0
Archery/v_Archery_g07_c02.avi,2.706878185272217,5.340822219848633,57.28001403808594,0.5013327205882353,149.71560668945312,72,2,2,1,0.9999998807907104
Archery/v_Archery_g07_c03.avi,0.8700807690620422,2.06213116645813,27.784887313842773,0.6709122242647059,81.54594421386719,51,2,2,1,0.999994158744812
Archery/v_Archery_g07_c04.avi,0.9104687571525574,2.148833513259888,28.0,0.6645611213235294,114.60919189453124,51,2,2,1,1.0
Archery/v_Archery_g07_c05.avi,0.3164910674095154,0.8820820450782776,12.0,0.8141911764705883,12.164122581481934,64,2,2,1,0.9999995231628418
Archery/v_Archery_g07_c06.avi,1.0429387092590332,2.6339385509490967,26.07680892944336,0.7114981617647059,103.6936492919922,67,2,2,1,0.9999996423721312
BabyCrawling/v_BabyCrawling_g01_c01.avi,3.289132833480835,4.390672206878662,42.04759216308594,0.3662293198529411,43.67232131958008,164,3,3,1,1.0
BabyCrawling/v_BabyCrawling_g01_c02.avi,5.6214470863342285,7.289610385894775,49.04079818725586,0.3389797794117647,82.6252670288086,164,3,3,1,0.9999964237213136
BabyCrawling/v_BabyCrawling_g01_c03.avi,3.1773009300231934,5.964443206787109,60.008331298828125,0.4266268382352941,81.23809814453125,155,3,3,1,1.0
BabyCrawling/v_BabyCrawling_g01_c04.avi,6.164800643920898,7.624080181121826,72.0,0.2579572610294117,82.86650085449219,218,3,3,1,1.0
BabyCrawling/v_BabyCrawling_g02_c01.avi,2.7155556678771973,3.189661741256714,43.011627197265625,0.2745886948529412,30.524911880493164,109,3,3,1,1.0
BabyCrawling/v_BabyCrawling_g02_c02.avi,4.056510925292969,5.4733500480651855,54.08327102661133,0.2247954963235294,41.07638931274414,112,3,3,1,1.0
BabyCrawling/v_BabyCrawling_g02_c03.avi,14.617466926574709,13.27737045288086,114.07015228271484,0.1613878676470588,118.01646423339844,117,3,3,1,1.0
BabyCrawling/v_BabyCrawling_g02_c04.avi,7.632584571838379,10.307843208312988,73.0,0.2447334558823529,51.56327438354492,105,3,3,1,1.0
BabyCrawling/v_BabyCrawling_g02_c05.avi,1.932108759880066,2.2660675048828125,52.03844833374024,0.2447954963235294,30.61288452148437,84,3,3,1,1.0
BabyCrawling/v_BabyCrawling_g02_c06.avi,4.091212272644043,5.388452529907227,40.01249694824219,0.1844875919117647,27.20111083984375,190,3,3,1,1.0
BabyCrawling/v_BabyCrawling_g03_c01.avi,2.582125425338745,3.355952262878418,39.20458984375,0.2018543198529411,89.73343658447266,214,3,3,1,1.0
BabyCrawling/v_BabyCrawling_g03_c02.avi,18.862213134765625,20.593854904174805,154.3243408203125,0.1590716911764705,453.4806213378906,180,3,3,1,0.9999983310699464
BabyCrawling/v_BabyCrawling_g03_c03.avi,10.109851837158203,8.92150592803955,66.48307800292969,0.0581502757352941,245.3704833984375,197,3,3,1,0.999460756778717
BabyCrawling/v_BabyCrawling_g03_c04.avi,9.226701736450195,8.530357360839844,62.96824645996094,0.087180606617647,483.8981323242188,206,3,3,1,0.9999986886978148
BabyCrawling/v_BabyCrawling_g04_c01.avi,4.865381240844727,6.613272190093994,86.02325439453125,0.3090533088235294,72.31819152832031,127,3,3,1,1.0
BabyCrawling/v_BabyCrawling_g04_c02.avi,3.0211021900177,4.686004161834717,43.41658782958984,0.3720749080882353,92.68926239013672,178,3,3,1,1.0
BabyCrawling/v_BabyCrawling_g04_c03.avi,4.314953804016113,4.467604637145996,43.011627197265625,0.3083019301470588,176.4921875,159,3,3,1,1.0
BabyCrawling/v_BabyCrawling_g04_c04.avi,6.851024150848389,8.202876091003418,59.36328887939453,0.3344370404411764,99.6038055419922,204,3,3,1,1.0
BabyCrawling/v_BabyCrawling_g05_c01.avi,3.663250207901001,6.195796489715576,46.27094268798828,0.4669232536764706,101.40157318115234,220,3,3,1,1.0
BabyCrawling/v_BabyCrawling_g05_c02.avi,4.035459995269775,6.32895040512085,53.0848388671875,0.2280675551470588,78.53131866455078,196,3,3,1,1.0
BabyCrawling/v_BabyCrawling_g05_c03.avi,3.202919244766236,4.7783050537109375,58.00862121582031,0.2863855698529411,111.35037994384766,270,3,3,1,1.0
BabyCrawling/v_BabyCrawling_g05_c04.avi,4.273477077484131,5.553952693939209,64.0078125,0.2583455882352941,99.16007232666016,229,3,3,1,0.9999994039535522
BabyCrawling/v_BabyCrawling_g05_c05.avi,2.55913519859314,3.852964639663696,42.7551155090332,0.2433180147058823,110.29347229003906,158,3,3,1,1.0
BabyCrawling/v_BabyCrawling_g06_c01.avi,0.5522257089614868,1.7428034543991089,18.86796188354492,0.7619002757352941,210.8550720214844,198,3,3,1,1.0
BabyCrawling/v_BabyCrawling_g06_c02.avi,1.5013388395309448,2.0717990398406982,15.29705810546875,0.4838350183823529,204.85958862304688,167,3,3,1,1.0
BabyCrawling/v_BabyCrawling_g06_c03.avi,1.2560840845108032,2.4105145931243896,19.209373474121094,0.6134191176470588,135.37405395507812,201,3,3,1,1.0
BabyCrawling/v_BabyCrawling_g06_c04.avi,1.5789470672607422,3.5939865112304688,41.773197174072266,0.6173483455882353,362.8127136230469,113,3,3,1,1.0
BabyCrawling/v_BabyCrawling_g06_c05.avi,1.8637622594833372,3.2644965648651123,38.07886505126953,0.5314568014705883,154.94802856445312,258,3,3,1,1.0
BabyCrawling/v_BabyCrawling_g06_c06.avi,1.5026284456253052,2.6294782161712646,30.0,0.5017555147058823,130.66796875,329,3,3,1,1.0
BabyCrawling/v_BabyCrawling_g07_c01.avi,4.781425952911377,5.850464820861816,33.541019439697266,0.3142003676470588,81.80987548828125,203,3,3,1,1.0
BabyCrawling/v_BabyCrawling_g07_c02.avi,3.948439836502075,4.064125061035156,36.12478256225586,0.3091222426470588,67.74519348144531,145,3,3,1,1.0
BabyCrawling/v_BabyCrawling_g07_c03.avi,7.936707496643066,10.130352973937988,76.00657653808594,0.3001034007352941,127.010009765625,171,3,3,1,1.0
BabyCrawling/v_BabyCrawling_g07_c04.avi,1.5896728038787842,3.3809473514556885,46.173583984375,0.4698161764705882,54.57907104492188,215,3,3,1,1.0
BabyCrawling/v_BabyCrawling_g07_c05.avi,1.716270923614502,2.4598355293273926,28.07133674621582,0.4087454044117647,125.6167984008789,141,3,3,1,0.998120129108429
BabyCrawling/v_BabyCrawling_g07_c06.avi,6.171916961669922,7.516061782836914,51.009803771972656,0.3042578125,115.79176330566406,210,3,3,1,1.0
BalanceBeam/v_BalanceBeam_g01_c01.avi,0.1564387083053589,0.7084140181541443,16.0,0.9223529411764706,20.950458526611328,125,4,4,1,0.9991876482963562
BalanceBeam/v_BalanceBeam_g01_c02.avi,0.4454253315925598,2.3422048091888428,52.03844833374024,0.8941544117647059,30.5141544342041,90,4,4,1,0.9999408721923828
BalanceBeam/v_BalanceBeam_g01_c03.avi,0.1985553503036499,0.947490394115448,19.0,0.9159926470588236,34.17778778076172,112,4,4,1,0.999991536140442
BalanceBeam/v_BalanceBeam_g01_c04.avi,12.726642608642578,14.186527252197266,68.26419067382812,0.2211006433823529,665.3548583984375,111,4,4,1,1.0
BalanceBeam/v_BalanceBeam_g02_c01.avi,10.682666778564451,13.142780303955078,135.13327026367188,0.3200965073529411,470.10302734375,82,4,4,1,1.0
BalanceBeam/v_BalanceBeam_g02_c02.avi,6.968774318695068,7.397687435150146,71.0,0.3018474264705882,256.6608581542969,100,4,4,1,1.0
BalanceBeam/v_BalanceBeam_g02_c03.avi,38.07836532592773,39.22174072265625,203.0,0.2106135110294117,932.3037109375,60,4,4,1,1.0
BalanceBeam/v_BalanceBeam_g02_c04.avi,19.93819236755371,28.909238815307617,241.0186767578125,0.3788235294117647,897.6408081054688,133,4,4,1,1.0
BalanceBeam/v_BalanceBeam_g03_c01.avi,6.310330390930176,13.980567932128906,73.00685119628906,0.7138602941176471,182.7586975097656,197,4,4,1,1.0
BalanceBeam/v_BalanceBeam_g03_c02.avi,9.364789009094238,12.12468147277832,60.13318634033203,0.4527757352941176,526.2589111328125,105,4,4,1,1.0
BalanceBeam/v_BalanceBeam_g03_c03.avi,8.631784439086914,15.252758026123049,172.0,0.4420105698529412,541.2489013671875,101,4,4,1,1.0
BalanceBeam/v_BalanceBeam_g03_c04.avi,19.53930282592773,23.65192031860352,136.36715698242188,0.3726125919117647,518.06103515625,74,4,4,1,1.0
BalanceBeam/v_BalanceBeam_g04_c01.avi,12.28255558013916,14.124964714050291,65.19202423095703,0.3120013786764706,921.8468017578124,120,4,4,1,1.0
BalanceBeam/v_BalanceBeam_g04_c02.avi,1.818962931632996,3.243314504623413,50.0099983215332,0.5404021139705882,454.6780395507813,230,4,4,1,0.9999536275863647
BalanceBeam/v_BalanceBeam_g04_c03.avi,9.421010971069336,14.128246307373049,137.0,0.4345588235294118,609.7734375,160,4,4,1,0.9999996423721312
BalanceBeam/v_BalanceBeam_g04_c04.avi,9.443887710571287,9.938531875610352,87.0,0.3005537683823529,512.0220947265625,131,4,4,1,0.9999340772628784
BalanceBeam/v_BalanceBeam_g05_c01.avi,16.358135223388672,29.72328758239746,243.82369995117188,0.4564981617647058,507.26861572265625,95,4,4,1,1.0
BalanceBeam/v_BalanceBeam_g05_c02.avi,14.306573867797852,13.193971633911133,62.51399993896485,0.3037362132352941,446.2325744628906,114,4,4,1,1.0
BalanceBeam/v_BalanceBeam_g05_c03.avi,8.011812210083008,10.339455604553224,50.2493782043457,0.3261902573529411,699.8416748046875,111,4,4,1,1.0
BalanceBeam/v_BalanceBeam_g05_c04.avi,4.765360355377197,6.625577926635742,54.03702545166016,0.3909903492647059,345.47467041015625,180,4,4,1,1.0
BalanceBeam/v_BalanceBeam_g06_c01.avi,1.44565749168396,2.475269079208374,35.12833786010742,0.6135018382352941,41.50493240356445,106,4,4,1,0.9982742071151732
BalanceBeam/v_BalanceBeam_g06_c02.avi,6.441552639007568,5.834952354431152,40.4474983215332,0.3255859375,300.0443420410156,118,4,4,1,0.9999997615814208
BalanceBeam/v_BalanceBeam_g06_c03.avi,3.622485399246216,6.260395526885986,33.0,0.495,196.82406616210935,105,4,4,1,1.0
BalanceBeam/v_BalanceBeam_g06_c04.avi,9.145237922668455,9.36818027496338,52.009613037109375,0.3336741727941176,381.6871337890625,120,4,4,1,1.0
BalanceBeam/v_BalanceBeam_g06_c05.avi,7.001523971557617,11.840559005737305,113.0,0.4203170955882352,289.19635009765625,102,4,4,1,1.0
BalanceBeam/v_BalanceBeam_g06_c06.avi,5.507775783538818,6.082390785217285,37.80211639404297,0.3466544117647059,238.4097137451172,111,4,4,1,1.0
BalanceBeam/v_BalanceBeam_g06_c07.avi,8.997941970825195,9.880149841308594,43.41658782958984,0.3328584558823529,261.1122436523437,116,4,4,1,0.9999756813049316
BalanceBeam/v_BalanceBeam_g07_c01.avi,17.19525146484375,21.714920043945312,99.12618255615234,0.3360294117647059,643.8426513671875,78,4,4,1,1.0
BalanceBeam/v_BalanceBeam_g07_c02.avi,4.179721832275391,6.430560111999512,34.0,0.4578607536764706,149.18917846679688,110,4,4,1,1.0
BalanceBeam/v_BalanceBeam_g07_c03.avi,4.238283157348633,8.262796401977539,34.525352478027344,0.6097794117647058,79.1743392944336,202,4,4,1,0.9999990463256836
BalanceBeam/v_BalanceBeam_g07_c04.avi,24.54146194458008,28.20273208618164,194.0,0.3527228860294117,515.93212890625,107,4,4,1,1.0
BandMarching/v_BandMarching_g01_c01.avi,4.378966331481934,7.833557605743408,69.1158447265625,0.4259949448529412,561.3912963867188,159,5,5,1,1.0
BandMarching/v_BandMarching_g01_c02.avi,5.272040843963623,7.903664112091064,57.14017868041992,0.4108938419117647,730.6416015625,161,5,5,1,1.0
BandMarching/v_BandMarching_g01_c03.avi,0.8581268787384033,1.9888341426849363,19.0,0.7234926470588235,644.5656127929688,150,5,5,1,1.0
BandMarching/v_BandMarching_g01_c04.avi,1.781468391418457,2.431617498397827,26.0,0.4976125919117647,569.524658203125,159,5,5,1,0.9999854564666748
BandMarching/v_BandMarching_g01_c05.avi,0.6561955809593201,1.3487238883972168,15.033296585083008,0.6817233455882353,266.5942687988281,167,5,5,1,0.9999985694885254
BandMarching/v_BandMarching_g01_c06.avi,0.6706700921058655,1.230234146118164,11.180339813232422,0.6375045955882352,434.875732421875,150,5,5,1,1.0
BandMarching/v_BandMarching_g01_c07.avi,0.6551366448402405,1.2378252744674685,15.0,0.6604181985294117,452.957763671875,109,5,5,1,0.9999998807907104
BandMarching/v_BandMarching_g02_c01.avi,3.885852813720703,7.1207451820373535,72.06246948242188,0.5924448529411764,1153.3140869140625,155,5,5,1,1.0
BandMarching/v_BandMarching_g02_c02.avi,3.885852813720703,7.1207451820373535,72.06246948242188,0.5924448529411764,1153.3140869140625,155,5,5,1,1.0
BandMarching/v_BandMarching_g02_c03.avi,0.4825660586357116,0.9268250465393066,9.0,0.684485294117647,304.8008117675781,122,5,5,1,1.0
BandMarching/v_BandMarching_g02_c04.avi,0.5345438122749329,1.0643898248672483,10.049875259399414,0.7028285845588236,349.8851928710937,121,5,5,1,1.0
BandMarching/v_BandMarching_g02_c05.avi,1.9334126710891724,2.3420236110687256,16.0,0.4615050551470588,442.8662109375,122,5,5,1,1.0
BandMarching/v_BandMarching_g02_c06.avi,3.361739158630371,4.391030788421631,25.01999282836914,0.4667830882352941,763.60400390625,124,5,5,1,1.0
BandMarching/v_BandMarching_g02_c07.avi,8.536117553710938,10.465438842773438,49.36598205566406,0.2253952205882353,1478.90869140625,144,5,5,1,1.0
BandMarching/v_BandMarching_g03_c01.avi,4.62861967086792,9.955941200256348,92.66067504882812,0.5753676470588235,526.1182861328125,404,5,5,1,1.0
BandMarching/v_BandMarching_g03_c02.avi,4.591053485870361,8.865328788757324,72.44998168945312,0.4375919117647059,554.0487670898438,334,5,5,1,0.9999998807907104
BandMarching/v_BandMarching_g03_c03.avi,8.859420776367188,15.46560287475586,76.843994140625,0.4303469669117647,1082.978515625,283,5,5,1,0.9992401599884032
BandMarching/v_BandMarching_g03_c04.avi,4.069520473480225,4.91761589050293,64.0,0.2908846507352941,499.3651428222656,470,5,5,1,1.0
BandMarching/v_BandMarching_g03_c05.avi,6.327923774719238,10.05293083190918,194.0,0.3003722426470588,629.7809448242188,269,5,5,1,1.0
BandMarching/v_BandMarching_g03_c06.avi,4.378526210784912,6.672840595245361,64.19501495361328,0.3960041360294117,791.394775390625,413,5,5,1,1.0
BandMarching/v_BandMarching_g03_c07.avi,1.203410267829895,2.608784437179565,48.0,0.6528676470588235,367.5682678222656,248,5,5,1,1.0
BandMarching/v_BandMarching_g04_c01.avi,1.1865981817245483,3.280874967575073,40.70626449584961,0.7679802389705882,256.5802307128906,447,5,5,1,0.9999998807907104
BandMarching/v_BandMarching_g04_c02.avi,0.9405734539031982,2.3498435020446777,31.14482307434082,0.7229044117647059,791.9295654296875,209,5,5,1,1.0
BandMarching/v_BandMarching_g04_c03.avi,0.9517321586608888,2.1753151416778564,22.360679626464844,0.6992279411764706,643.5546264648438,194,5,5,1,1.0
BandMarching/v_BandMarching_g04_c04.avi,0.7124487161636353,1.7086176872253418,21.0,0.720085018382353,687.7485961914062,166,5,5,1,1.0
BandMarching/v_BandMarching_g05_c01.avi,5.7421064376831055,6.986436367034912,59.0,0.1586534926470588,938.5354614257812,46,5,5,1,1.0
BandMarching/v_BandMarching_g05_c02.avi,1.2673534154891968,2.2872207164764404,27.294687271118164,0.5591544117647059,620.1731567382812,83,5,5,1,1.0
BandMarching/v_BandMarching_g05_c03.avi,7.146859645843506,5.453550338745117,36.12478256225586,0.0149678308823529,1743.479736328125,148,5,5,1,1.0
BandMarching/v_BandMarching_g05_c04.avi,5.390124797821045,4.974897861480713,51.03919982910156,0.1373299632352941,724.7374267578125,88,5,5,1,1.0
BandMarching/v_BandMarching_g05_c05.avi,2.1698920726776123,1.137054204940796,10.0,0.1087867647058823,240.1277313232422,64,5,5,1,1.0
BandMarching/v_BandMarching_g05_c06.avi,4.9658966064453125,7.498148441314697,62.16912460327149,0.2340050551470588,1068.78662109375,78,5,5,1,1.0
BandMarching/v_BandMarching_g05_c07.avi,1.5541205406188965,1.8991540670394895,23.34523582458496,0.2968106617647059,222.76220703125,61,5,5,1,1.0
BandMarching/v_BandMarching_g06_c01.avi,7.922245025634766,6.485048770904541,34.0,0.1281617647058823,831.0388793945312,67,5,5,1,1.0
BandMarching/v_BandMarching_g06_c02.avi,1.244492530822754,3.309324264526367,76.0,0.6059558823529412,407.28558349609375,151,5,5,1,1.0
BandMarching/v_BandMarching_g06_c03.avi,0.977706015110016,1.935646772384644,17.72004508972168,0.6346691176470588,789.3147583007812,104,5,5,1,0.9999533891677856
BandMarching/v_BandMarching_g06_c04.avi,3.921719312667847,10.065855979919434,150.0,0.3679434742647058,1411.2076416015625,117,5,5,1,0.9999533891677856
BandMarching/v_BandMarching_g07_c01.avi,3.54404354095459,3.8871219158172607,27.294687271118164,0.3426815257352941,270.89324951171875,70,5,5,1,1.0
BandMarching/v_BandMarching_g07_c02.avi,9.496024131774902,12.83646011352539,78.8733139038086,0.2109214154411764,676.9348754882812,101,5,5,1,1.0
BandMarching/v_BandMarching_g07_c03.avi,12.555952072143556,16.14448356628418,95.6347198486328,0.1861351102941176,993.4544067382812,104,5,5,1,1.0
BandMarching/v_BandMarching_g07_c04.avi,10.52308464050293,12.620535850524902,86.40023040771484,0.0719002757352941,941.1256103515624,131,5,5,1,1.0
BandMarching/v_BandMarching_g07_c05.avi,30.213274002075195,31.60968780517578,138.05072021484375,0.1565280330882353,2039.569580078125,116,5,5,1,1.0
BandMarching/v_BandMarching_g07_c06.avi,15.092008590698242,27.128780364990234,159.81239318847656,0.1683111213235294,1032.4805908203125,145,5,5,1,1.0
BandMarching/v_BandMarching_g07_c07.avi,15.092008590698242,27.128780364990234,159.81239318847656,0.1683111213235294,1032.4805908203125,145,5,5,1,1.0
BaseballPitch/v_BaseballPitch_g01_c01.avi,1.7148826122283936,2.9577765464782715,24.1867733001709,0.5182490808823529,230.78369140625,106,6,83,0,0.9999969005584716
BaseballPitch/v_BaseballPitch_g01_c02.avi,0.7731484174728394,1.7483752965927124,20.02498435974121,0.6199356617647059,170.20880126953125,93,6,83,0,0.9999947547912598
BaseballPitch/v_BaseballPitch_g01_c03.avi,0.1059223115444183,0.581386923789978,10.770329475402832,0.9410730698529411,23.67428970336914,103,6,2,0,0.7847767472267151
BaseballPitch/v_BaseballPitch_g01_c04.avi,1.5886456966400146,2.344820737838745,26.92582321166992,0.3326677389705882,364.43353271484375,104,6,83,0,0.8813384175300598
BaseballPitch/v_BaseballPitch_g01_c05.avi,0.1961126327514648,0.8467594981193542,16.124515533447266,0.9205170036764706,25.882715225219727,91,6,2,0,0.9998067021369934
BaseballPitch/v_BaseballPitch_g01_c06.avi,0.1996195465326309,0.8262916207313538,10.198039054870604,0.9209191176470588,20.80273056030273,101,6,2,0,0.999826729297638
BaseballPitch/v_BaseballPitch_g02_c01.avi,5.621829509735107,5.196661949157715,32.24903106689453,0.1678492647058823,164.96957397460938,78,6,6,1,1.0
BaseballPitch/v_BaseballPitch_g02_c02.avi,4.994099140167236,3.590407371520996,38.05259704589844,0.1080215992647058,121.04972839355467,71,6,6,1,0.9999998807907104
BaseballPitch/v_BaseballPitch_g02_c03.avi,6.573506832122803,3.3006908893585205,32.06243896484375,0.0089797794117647,141.03536987304688,75,6,6,1,0.999996781349182
BaseballPitch/v_BaseballPitch_g02_c04.avi,5.37286376953125,2.799898624420166,24.020824432373047,0.0403423713235294,113.8824462890625,84,6,6,1,0.9999998807907104
BaseballPitch/v_BaseballPitch_g03_c01.avi,9.956392288208008,14.381625175476074,77.64663696289062,0.0922931985294117,416.68603515625,86,6,6,1,1.0
BaseballPitch/v_BaseballPitch_g03_c02.avi,11.77389430999756,16.39585304260254,137.0146026611328,0.3164866727941176,699.8458862304688,119,6,6,1,0.9987972974777222
BaseballPitch/v_BaseballPitch_g03_c03.avi,8.439884185791016,14.91980266571045,130.3610382080078,0.3255353860294118,587.1298828125,87,6,6,1,0.6073002219200134
BaseballPitch/v_BaseballPitch_g03_c04.avi,0.8424217104911804,2.7942047119140625,32.015621185302734,0.7973920036764706,186.1092834472656,79,6,6,1,1.0
BaseballPitch/v_BaseballPitch_g03_c05.avi,0.5181881785392761,1.5591202974319458,15.033296585083008,0.8136764705882353,180.25299072265625,69,6,6,1,1.0
BaseballPitch/v_BaseballPitch_g03_c06.avi,0.9325940012931824,2.857909202575684,35.0142822265625,0.7736029411764705,281.55084228515625,75,6,6,1,1.0
BaseballPitch/v_BaseballPitch_g03_c07.avi,0.7988124489784241,2.2467081546783447,30.01666259765625,0.7585684742647059,240.4162139892578,96,6,6,1,1.0
BaseballPitch/v_BaseballPitch_g04_c01.avi,2.0622544288635254,2.872499465942383,48.093658447265625,0.3269140625,118.6162567138672,212,6,67,0,0.9999995231628418
BaseballPitch/v_BaseballPitch_g04_c02.avi,2.5059409141540527,2.5789666175842285,47.01063537597656,0.0647679227941176,159.54769897460938,113,6,67,0,0.9998557567596436
BaseballPitch/v_BaseballPitch_g04_c03.avi,2.1251840591430664,1.9125871658325195,27.459060668945312,0.0910386029411764,159.7668914794922,98,6,67,0,0.9452823996543884
BaseballPitch/v_BaseballPitch_g04_c04.avi,2.1552205085754395,1.9754055738449097,26.01922416687012,0.1114705882352941,199.2447967529297,117,6,67,0,0.9129124283790588
BaseballPitch/v_BaseballPitch_g04_c05.avi,2.171161651611328,2.733220100402832,32.649654388427734,0.2749172794117647,149.34158325195312,115,6,6,1,0.7121570110321045
BaseballPitch/v_BaseballPitch_g05_c01.avi,1.6778678894042969,5.192983150482178,68.18357849121094,0.6974057904411765,163.67562866210938,117,6,6,1,1.0
BaseballPitch/v_BaseballPitch_g05_c02.avi,0.3044990301132202,1.3099530935287476,20.124610900878903,0.8702205882352941,104.9077377319336,93,6,6,1,1.0
BaseballPitch/v_BaseballPitch_g05_c03.avi,0.3994118869304657,1.573083758354187,22.090721130371094,0.856360294117647,170.37069702148438,90,6,6,1,1.0
BaseballPitch/v_BaseballPitch_g05_c04.avi,0.4776309728622436,1.598196268081665,29.154760360717773,0.8163143382352941,176.70050048828125,115,6,6,1,1.0
BaseballPitch/v_BaseballPitch_g05_c05.avi,0.6670442223548889,2.571561098098755,58.00862121582031,0.8040969669117647,180.56655883789065,71,6,6,1,1.0
BaseballPitch/v_BaseballPitch_g05_c06.avi,0.3518082499504089,1.2863168716430664,20.0,0.8634811580882353,189.38189697265625,115,6,6,1,1.0
BaseballPitch/v_BaseballPitch_g05_c07.avi,0.4495240747928619,1.6782456636428833,36.013885498046875,0.8494117647058823,76.41800689697266,69,6,6,1,1.0
BaseballPitch/v_BaseballPitch_g06_c01.avi,0.7782644033432007,1.887018084526062,30.805843353271484,0.6727458639705882,82.48697662353516,98,6,6,1,1.0
BaseballPitch/v_BaseballPitch_g06_c02.avi,1.0965574979782104,2.959232807159424,46.52956008911133,0.6525229779411764,149.651123046875,86,6,6,1,1.0
BaseballPitch/v_BaseballPitch_g06_c03.avi,0.9034329652786256,2.645488977432251,40.52159881591797,0.7050919117647059,86.77125549316406,104,6,6,1,1.0
BaseballPitch/v_BaseballPitch_g06_c04.avi,0.9944758415222168,3.00297212600708,51.009803771972656,0.69609375,113.69636535644533,46,6,6,1,1.0
BaseballPitch/v_BaseballPitch_g06_c05.avi,0.3305912613868713,0.9170424342155457,12.206555366516112,0.8039338235294118,17.0184383392334,62,6,6,1,1.0
BaseballPitch/v_BaseballPitch_g06_c06.avi,1.4168728590011597,4.175862789154053,72.00694274902344,0.6144806985294118,185.72967529296875,60,6,6,1,1.0
BaseballPitch/v_BaseballPitch_g06_c07.avi,0.8717061281204224,2.8281471729278564,56.03570175170898,0.6703653492647059,74.16989135742188,80,6,6,1,1.0
BaseballPitch/v_BaseballPitch_g07_c01.avi,0.3417766690254211,1.3972495794296265,15.0,0.8831617647058824,74.85948181152344,64,6,6,1,1.0
BaseballPitch/v_BaseballPitch_g07_c02.avi,0.2865917086601257,1.1493414640426636,24.020824432373047,0.8827481617647058,37.52174377441406,137,6,6,1,1.0
BaseballPitch/v_BaseballPitch_g07_c03.avi,0.8699074387550354,3.0010547637939453,49.04079818725586,0.8003193933823529,168.97637939453125,77,6,6,1,1.0
BaseballPitch/v_BaseballPitch_g07_c04.avi,0.7158843874931335,2.727434635162353,39.0,0.8155514705882353,229.2634735107422,87,6,6,1,1.0
BaseballPitch/v_BaseballPitch_g07_c05.avi,0.809704601764679,2.409631490707397,30.01666259765625,0.7766911764705883,238.5578155517578,69,6,6,1,1.0
BaseballPitch/v_BaseballPitch_g07_c06.avi,0.8718517422676086,2.9605133533477783,35.80502700805664,0.8172426470588235,238.3083953857422,77,6,6,1,1.0
BaseballPitch/v_BaseballPitch_g07_c07.avi,0.8144583106040955,2.7447545528411865,36.055511474609375,0.8135294117647058,162.2881317138672,79,6,6,1,1.0
Basketball/v_Basketball_g01_c01.avi,0.1821411699056625,0.7120886445045471,10.049875259399414,0.8994439338235294,18.94415664672852,140,7,7,1,0.9999998807907104
Basketball/v_Basketball_g01_c02.avi,0.5187206864356995,1.678471326828003,21.540658950805664,0.8173230698529412,81.83269500732422,179,7,7,1,0.9999998807907104
Basketball/v_Basketball_g01_c03.avi,0.1865072399377823,0.8236864805221558,11.180339813232422,0.9010661764705884,20.649328231811523,205,7,7,1,1.0
Basketball/v_Basketball_g01_c04.avi,0.2883252799510956,1.3273131847381592,19.10497283935547,0.8771920955882353,44.50817489624024,107,7,7,1,1.0
Basketball/v_Basketball_g01_c05.avi,0.2513529062271118,1.00364887714386,18.0,0.8785018382352942,28.61948776245117,140,7,7,1,0.9999995231628418
Basketball/v_Basketball_g01_c06.avi,0.17283795773983,0.743827760219574,15.0,0.9036741727941175,22.256946563720703,147,7,7,1,0.9999971389770508
Basketball/v_Basketball_g01_c07.avi,0.7064616680145264,1.98765766620636,32.0,0.7554067095588235,87.63490295410156,99,7,7,1,1.0
Basketball/v_Basketball_g02_c01.avi,3.3506367206573486,5.129218578338623,61.52235412597656,0.2486282169117647,113.1853485107422,52,7,7,1,0.8320421576499939
Basketball/v_Basketball_g02_c02.avi,6.463225364685059,7.564781188964844,66.0,0.2119439338235294,150.82009887695312,55,7,96,0,0.8496043086051941
Basketball/v_Basketball_g02_c03.avi,4.664787292480469,5.062379360198975,51.078372955322266,0.1016222426470588,98.2136459350586,111,7,7,1,0.6345621347427368
Basketball/v_Basketball_g02_c04.avi,5.55523681640625,4.972435474395752,43.185646057128906,0.2097081801470588,57.87873077392578,79,7,7,1,0.7389550805091858
Basketball/v_Basketball_g02_c05.avi,3.0074541568756104,3.5871853828430176,29.017236709594727,0.3098184742647059,53.201507568359375,143,7,96,0,0.9999347925186156
Basketball/v_Basketball_g02_c06.avi,0.2996039986610412,0.7579107284545898,9.0,0.8179779411764706,2.900223016738892,123,7,96,0,0.8890077471733093
Basketball/v_Basketball_g03_c01.avi,0.4235109984874725,2.2152135372161865,37.336307525634766,0.8889315257352941,58.26538848876953,137,7,7,1,1.0
Basketball/v_Basketball_g03_c02.avi,0.1265928149223327,0.6159371733665466,8.5440034866333,0.9318014705882351,10.046297073364258,125,7,7,1,1.0
Basketball/v_Basketball_g03_c03.avi,1.6400105953216553,5.007742404937744,57.56735229492188,0.7251378676470588,447.5430603027344,119,7,7,1,1.0
Basketball/v_Basketball_g03_c04.avi,0.2268562018871307,0.907828152179718,13.416407585144045,0.8888993566176471,42.62095260620117,79,7,7,1,1.0
Basketball/v_Basketball_g03_c05.avi,0.0980369225144386,0.4072673916816711,8.062257766723633,0.9262867647058824,12.295927047729492,122,7,7,1,1.0
Basketball/v_Basketball_g03_c06.avi,0.2872517704963684,1.3723973035812378,26.4007568359375,0.8922403492647059,44.29744338989258,85,7,7,1,1.0
Basketball/v_Basketball_g04_c01.avi,2.8190877437591557,3.804918527603149,41.1096076965332,0.4349103860294118,225.84036254882807,108,7,7,1,0.999929666519165
Basketball/v_Basketball_g04_c02.avi,1.9166085720062256,3.0474438667297363,38.0,0.4590854779411765,83.68653869628906,103,7,7,1,0.9952290058135986
Basketball/v_Basketball_g04_c03.avi,1.4694068431854248,2.8334836959838867,62.12889862060547,0.4051286764705882,93.33663177490234,105,7,7,1,0.9747403860092164
Basketball/v_Basketball_g04_c04.avi,3.6446852684021,6.700651168823242,78.10249328613281,0.3001263786764706,151.6909637451172,71,7,7,1,0.9999783039093018
Basketball/v_Basketball_g05_c01.avi,1.26576828956604,3.2418036460876465,46.0,0.5844967830882353,114.32722473144533,133,7,7,1,0.9999270439147948
Basketball/v_Basketball_g05_c02.avi,0.8497195839881897,1.5711125135421753,30.0,0.5136741727941176,163.9076385498047,110,7,7,1,0.9707748293876648
Basketball/v_Basketball_g05_c03.avi,0.7064616680145264,1.98765766620636,32.0,0.7554067095588235,87.63490295410156,99,7,7,1,1.0
Basketball/v_Basketball_g05_c04.avi,1.517645239830017,3.8785159587860103,69.0,0.5806525735294118,225.3430633544922,86,7,7,1,0.9995588660240172
Basketball/v_Basketball_g06_c01.avi,9.226032257080078,10.170217514038086,49.36598205566406,0.2451792279411764,222.0009307861328,70,7,7,1,0.8975606560707092
Basketball/v_Basketball_g06_c02.avi,13.18812370300293,12.217001914978027,97.52947998046876,0.120625,255.6209716796875,100,7,7,1,0.943918228149414
Basketball/v_Basketball_g06_c03.avi,15.47649383544922,11.32573699951172,55.865909576416016,0.030852481617647,291.3878479003906,90,7,67,0,0.7116700410842896
Basketball/v_Basketball_g06_c04.avi,29.384801864624023,38.94984436035156,200.82081604003903,0.1009466911764706,543.9166870117188,76,7,7,1,0.861980140209198
Basketball/v_Basketball_g07_c01.avi,1.3443360328674316,2.3247573375701904,25.70992088317871,0.4622081801470588,123.6081314086914,141,7,7,1,1.0
Basketball/v_Basketball_g07_c02.avi,1.1712785959243774,2.3967936038970947,44.643028259277344,0.5265280330882353,80.04692840576172,100,7,7,1,1.0
Basketball/v_Basketball_g07_c03.avi,2.0538699626922607,2.663691759109497,34.885528564453125,0.2062454044117647,80.62501525878906,149,7,7,1,1.0
Basketball/v_Basketball_g07_c04.avi,1.703398585319519,3.622925996780396,38.05259704589844,0.4447150735294117,325.9411315917969,100,7,7,1,1.0
BasketballDunk/v_BasketballDunk_g01_c01.avi,7.772729873657227,12.488059043884276,146.8740997314453,0.3295496323529411,1815.4019775390625,60,8,8,1,1.0
BasketballDunk/v_BasketballDunk_g01_c02.avi,0.6749429702758789,1.2665389776229858,14.866068840026855,0.5558823529411765,948.0423583984376,64,8,8,1,1.0
BasketballDunk/v_BasketballDunk_g01_c03.avi,2.273292064666748,3.0113742351531982,37.0,0.3115349264705882,665.968994140625,70,8,8,1,1.0
BasketballDunk/v_BasketballDunk_g01_c04.avi,16.651464462280273,13.900394439697266,77.36924743652344,0.1045289522058823,2460.5390625,60,8,8,1,1.0
BasketballDunk/v_BasketballDunk_g01_c05.avi,1.0280534029006958,3.226603746414185,62.0,0.5516911764705882,943.6223754882812,65,8,8,1,1.0
BasketballDunk/v_BasketballDunk_g01_c06.avi,8.352645874023438,8.217873573303223,57.0,0.1754802389705882,492.1788635253906,79,8,8,1,1.0
BasketballDunk/v_BasketballDunk_g01_c07.avi,5.707269191741943,5.193577766418457,34.525352478027344,0.1417876838235294,2016.5341796875,56,8,8,1,1.0
BasketballDunk/v_BasketballDunk_g02_c01.avi,28.01783561706543,35.78558349609375,183.0,0.1138488051470588,1169.5592041015625,55,8,8,1,1.0
BasketballDunk/v_BasketballDunk_g02_c02.avi,14.172667503356934,20.532384872436523,112.00446319580078,0.167883731617647,769.292236328125,108,8,8,1,1.0
BasketballDunk/v_BasketballDunk_g02_c03.avi,7.45950984954834,6.055632591247559,38.0,0.0884788602941176,651.4691162109375,70,8,8,1,1.0
BasketballDunk/v_BasketballDunk_g02_c04.avi,23.38966178894043,24.73509979248047,205.0,0.1114085477941176,1317.7803955078125,57,8,8,1,1.0
BasketballDunk/v_BasketballDunk_g03_c01.avi,4.840954303741455,5.500888824462891,45.0,0.2971530330882353,985.79150390625,57,8,8,1,1.0
BasketballDunk/v_BasketballDunk_g03_c02.avi,10.11087703704834,10.97653102874756,156.0,0.1394577205882353,667.6322021484375,75,8,8,1,1.0
BasketballDunk/v_BasketballDunk_g03_c03.avi,12.280683517456056,10.540245056152344,115.0,0.130735294117647,943.6312255859376,73,8,8,1,1.0
BasketballDunk/v_BasketballDunk_g03_c04.avi,0.5958302021026611,2.1391305923461914,24.08318901062012,0.8482904411764706,349.0803527832031,80,8,8,1,1.0
BasketballDunk/v_BasketballDunk_g03_c05.avi,4.536412239074707,3.416295528411865,25.29822158813477,0.178938419117647,485.8748168945313,70,8,8,1,1.0
BasketballDunk/v_BasketballDunk_g03_c06.avi,3.213075399398804,3.26792311668396,15.132745742797852,0.2522334558823529,147.2168731689453,65,8,8,1,1.0
BasketballDunk/v_BasketballDunk_g04_c01.avi,4.925229549407959,5.383790016174316,32.69556427001953,0.2626907169117647,2470.30908203125,50,8,8,1,1.0
BasketballDunk/v_BasketballDunk_g04_c02.avi,11.689918518066406,12.49068546295166,71.00704193115234,0.3008409926470588,1100.4498291015625,54,8,8,1,1.0
BasketballDunk/v_BasketballDunk_g04_c03.avi,0.2760372161865234,0.6852825880050659,13.0,0.7920955882352941,92.1864776611328,61,8,8,1,1.0
BasketballDunk/v_BasketballDunk_g04_c04.avi,3.344961166381836,4.382540702819824,28.28427124023437,0.3615647977941176,457.8519592285156,47,8,8,1,1.0
BasketballDunk/v_BasketballDunk_g05_c01.avi,4.249374866485596,4.780991077423096,27.20294189453125,0.3210661764705882,1009.6978759765624,51,8,8,1,1.0
BasketballDunk/v_BasketballDunk_g05_c02.avi,0.6580762267112732,1.6678674221038818,20.615528106689453,0.7454090073529411,546.2596435546875,79,8,8,1,1.0
BasketballDunk/v_BasketballDunk_g05_c03.avi,22.62289428710937,29.980871200561523,119.0,0.2044806985294117,2307.7646484375,55,8,8,1,1.0
BasketballDunk/v_BasketballDunk_g05_c04.avi,15.620261192321776,21.409412384033203,86.00581359863281,0.2016521139705882,1075.98388671875,51,8,8,1,1.0
BasketballDunk/v_BasketballDunk_g05_c05.avi,2.7088499069213867,4.0526885986328125,57.55866622924805,0.4112132352941176,1020.49462890625,52,8,8,1,1.0
BasketballDunk/v_BasketballDunk_g05_c06.avi,0.8177929520606995,2.518179178237915,43.931766510009766,0.6739958639705882,357.55487060546875,83,8,8,1,1.0
BasketballDunk/v_BasketballDunk_g06_c01.avi,0.641156017780304,1.7802605628967283,21.09502220153809,0.7819393382352942,167.275634765625,51,8,8,1,1.0
BasketballDunk/v_BasketballDunk_g06_c02.avi,9.186378479003906,10.467940330505373,56.29387283325195,0.1897909007352941,443.1839294433594,60,8,8,1,1.0
BasketballDunk/v_BasketballDunk_g06_c03.avi,7.422214508056641,7.683717250823975,52.61178588867188,0.2687568933823529,489.60546875,52,8,8,1,1.0
BasketballDunk/v_BasketballDunk_g06_c04.avi,0.6639543175697327,0.9950665831565856,8.0,0.6104044117647058,29.207529067993164,62,8,8,1,1.0
BasketballDunk/v_BasketballDunk_g07_c01.avi,4.335744380950928,5.928764820098877,72.0,0.3246139705882352,842.9069213867188,41,8,8,1,1.0
BasketballDunk/v_BasketballDunk_g07_c02.avi,8.100735664367676,11.90789794921875,90.3548583984375,0.2736167279411765,530.1270751953125,34,8,8,1,1.0
BasketballDunk/v_BasketballDunk_g07_c03.avi,2.990835905075073,3.344335556030273,34.0,0.2921691176470588,1184.812744140625,52,8,8,1,1.0
BasketballDunk/v_BasketballDunk_g07_c04.avi,7.943370342254639,10.381102561950684,72.0,0.2653423713235294,867.0072021484375,45,8,8,1,1.0
BasketballDunk/v_BasketballDunk_g07_c05.avi,5.484855651855469,7.513847351074219,43.0,0.3142233455882353,809.8284912109375,36,8,8,1,1.0
BasketballDunk/v_BasketballDunk_g07_c06.avi,3.917226076126098,4.582886219024658,40.16217041015625,0.3872426470588235,863.9763793945312,50,8,8,1,1.0
BenchPress/v_BenchPress_g01_c01.avi,1.149847388267517,4.0648956298828125,52.47856521606445,0.7397403492647059,531.8441162109375,150,9,9,1,1.0
BenchPress/v_BenchPress_g01_c02.avi,3.222503423690796,4.901438236236572,32.31098937988281,0.4616498161764706,1075.7952880859375,179,9,9,1,1.0
BenchPress/v_BenchPress_g01_c03.avi,4.966236591339111,6.867264270782471,65.76473236083984,0.2044784007352941,922.5062255859376,103,9,9,1,1.0
BenchPress/v_BenchPress_g01_c04.avi,4.555340766906738,4.67768669128418,50.28916549682617,0.2249977022058823,1061.740234375,104,9,9,1,1.0
BenchPress/v_BenchPress_g01_c05.avi,5.662440299987793,5.818819046020508,60.13318634033203,0.0951263786764705,1314.505615234375,87,9,9,1,1.0
BenchPress/v_BenchPress_g01_c06.avi,2.095155715942383,3.5028326511383057,47.01063537597656,0.2994967830882353,717.8875732421875,110,9,9,1,1.0
BenchPress/v_BenchPress_g02_c01.avi,3.0266873836517334,6.16989278793335,45.7055778503418,0.4330698529411764,959.3726806640624,80,9,9,1,1.0
BenchPress/v_BenchPress_g02_c02.avi,2.480467796325684,5.006885051727295,37.12142181396485,0.5372679227941176,750.0034790039062,97,9,9,1,1.0
BenchPress/v_BenchPress_g02_c03.avi,0.9564723372459412,2.3293821811676025,37.10795211791992,0.6698184742647059,483.47796630859375,220,9,9,1,1.0
BenchPress/v_BenchPress_g02_c04.avi,2.3586833477020264,5.382607936859131,40.112342834472656,0.5455055147058824,865.0062255859375,94,9,9,1,1.0
BenchPress/v_BenchPress_g02_c05.avi,3.8230443000793457,7.917834281921387,62.12889862060547,0.515071231617647,1263.578125,72,9,9,1,1.0
BenchPress/v_BenchPress_g02_c06.avi,3.537014961242676,7.715578556060791,59.03388977050781,0.5201516544117647,1154.0128173828125,71,9,9,1,1.0
BenchPress/v_BenchPress_g02_c07.avi,2.940926074981689,7.050954341888428,49.81967544555664,0.5547311580882353,925.9230346679688,77,9,9,1,1.0
BenchPress/v_BenchPress_g03_c01.avi,3.3227219581604004,5.923357963562012,39.45883941650391,0.3413166360294117,204.65866088867188,92,9,9,1,1.0
BenchPress/v_BenchPress_g03_c02.avi,5.055039405822754,8.006096839904785,55.009090423583984,0.2109995404411764,361.84124755859375,99,9,9,1,1.0
BenchPress/v_BenchPress_g03_c03.avi,2.7958524227142334,4.848455905914307,33.060550689697266,0.3335523897058823,187.3871307373047,155,9,9,1,1.0
BenchPress/v_BenchPress_g03_c04.avi,3.2428066730499268,4.937530994415283,31.400636672973636,0.2718359375,259.3614501953125,104,9,9,1,1.0
BenchPress/v_BenchPress_g03_c05.avi,2.5777130126953125,4.805650234222412,34.36568069458008,0.3319554227941176,205.44772338867188,83,9,9,1,1.0
BenchPress/v_BenchPress_g03_c06.avi,3.446990728378296,5.844485282897949,50.6063232421875,0.2767072610294118,235.49362182617188,82,9,9,1,1.0
BenchPress/v_BenchPress_g03_c07.avi,3.0649235248565674,5.038251876831055,38.32753753662109,0.3633065257352941,200.1705780029297,84,9,9,1,1.0
BenchPress/v_BenchPress_g04_c01.avi,3.553560495376587,6.746918201446533,40.024993896484375,0.3530353860294117,263.4646301269531,69,9,9,1,1.0
BenchPress/v_BenchPress_g04_c02.avi,3.366952896118164,6.401443004608154,43.17406463623047,0.4749586397058823,238.86245727539065,69,9,9,1,1.0
BenchPress/v_BenchPress_g04_c03.avi,1.82553505897522,2.6446590423583984,32.06243896484375,0.3719738051470588,330.06402587890625,207,9,9,1,0.9999901056289672
BenchPress/v_BenchPress_g04_c04.avi,2.7757043838500977,5.779147148132324,38.05259704589844,0.4853584558823529,291.26666259765625,203,9,9,1,1.0
BenchPress/v_BenchPress_g04_c05.avi,4.187697887420654,6.781785011291504,42.20189666748047,0.2632100183823529,399.3616333007813,147,9,9,1,1.0
BenchPress/v_BenchPress_g04_c06.avi,4.306519508361816,4.585354804992676,35.735137939453125,0.1171852022058823,488.06781005859375,175,9,9,1,1.0
BenchPress/v_BenchPress_g04_c07.avi,5.2354817390441895,9.722716331481934,55.226806640625,0.2642463235294117,412.4612731933594,74,9,9,1,1.0
BenchPress/v_BenchPress_g05_c01.avi,2.2231101989746094,3.0453875064849854,30.066593170166016,0.2308662683823529,457.8904724121094,73,9,9,1,1.0
BenchPress/v_BenchPress_g05_c02.avi,1.8933765888214111,2.2508645057678223,23.194826126098636,0.1594715073529412,250.1575469970703,66,9,9,1,1.0
BenchPress/v_BenchPress_g05_c03.avi,0.7787947058677673,0.9976465106010436,11.180339813232422,0.468391544117647,92.58384704589844,64,9,9,1,1.0
BenchPress/v_BenchPress_g05_c04.avi,4.88988208770752,5.689097881317139,35.22782897949219,0.1599103860294117,517.1791381835938,297,9,9,1,1.0
BenchPress/v_BenchPress_g05_c05.avi,2.3829054832458496,3.8228635787963863,41.86884307861328,0.3004664522058823,332.9166564941406,164,9,9,1,1.0
BenchPress/v_BenchPress_g05_c06.avi,2.0101888179779053,1.488786220550537,15.033296585083008,0.1786420036764706,293.7356872558594,194,9,9,1,0.9999991655349731
BenchPress/v_BenchPress_g05_c07.avi,1.3353556394577026,1.8355597257614136,10.0,0.4583180147058823,116.83171081542967,63,9,9,1,1.0
BenchPress/v_BenchPress_g06_c01.avi,0.3795593380928039,1.5675078630447388,25.0,0.8203676470588235,122.81071472167967,67,9,9,1,0.9994438290596008
BenchPress/v_BenchPress_g06_c02.avi,0.1511265188455581,0.5867023468017578,7.0,0.8947058823529411,22.869245529174805,65,9,9,1,0.8123945593833923
BenchPress/v_BenchPress_g06_c03.avi,0.1721996665000915,0.5876625776290894,6.082762718200684,0.8791176470588236,30.493432998657227,64,9,20,0,0.8547506332397461
BenchPress/v_BenchPress_g06_c04.avi,0.2283868640661239,0.7890299558639526,15.81138801574707,0.8502573529411764,151.7044219970703,251,9,9,1,0.9980352520942688
BenchPress/v_BenchPress_g06_c05.avi,0.3393423855304718,0.9024112224578856,15.132745742797852,0.7759926470588235,79.7176513671875,127,9,9,1,0.99996018409729
BenchPress/v_BenchPress_g06_c06.avi,0.2893614768981933,0.9271321892738342,13.928388595581056,0.8369117647058824,115.73201751708984,95,9,9,1,0.999250829219818
BenchPress/v_BenchPress_g06_c07.avi,0.4422243237495422,1.580075740814209,24.0,0.7927205882352941,189.7872772216797,83,9,9,1,0.999931812286377
BenchPress/v_BenchPress_g07_c01.avi,2.892899990081787,5.4262471199035645,55.80322647094727,0.3500850183823529,601.2020874023438,72,9,9,1,1.0
BenchPress/v_BenchPress_g07_c02.avi,1.2669508457183838,2.6380956172943115,34.48188018798828,0.5522242647058824,316.88427734375,70,9,9,1,1.0
BenchPress/v_BenchPress_g07_c03.avi,2.2044878005981445,5.324051380157471,56.14267349243164,0.4965625,488.44873046875,71,9,9,1,1.0
BenchPress/v_BenchPress_g07_c04.avi,0.6169263124465942,1.367471694946289,29.017236709594727,0.6498782169117647,206.2986602783203,271,9,9,1,1.0
BenchPress/v_BenchPress_g07_c05.avi,1.3034932613372805,2.695496797561645,28.844409942626957,0.5188120404411765,341.220703125,131,9,9,1,1.0
BenchPress/v_BenchPress_g07_c06.avi,2.7808837890625,6.3236188888549805,60.20797348022461,0.4723943014705882,587.4705810546875,86,9,9,1,1.0
BenchPress/v_BenchPress_g07_c07.avi,2.0432820320129395,4.773916244506836,52.15361785888672,0.5203469669117647,423.8247680664063,78,9,9,1,1.0
Biking/v_Biking_g01_c01.avi,19.48408508300781,19.33816909790039,134.16407775878906,0.1128079044117647,849.2618408203125,150,10,10,1,1.0
Biking/v_Biking_g01_c02.avi,10.041962623596191,11.63369083404541,98.73196411132812,0.1441061580882353,527.4776611328125,150,10,83,0,0.9999891519546508
Biking/v_Biking_g01_c03.avi,14.93442440032959,12.2361421585083,55.009090423583984,0.0869094669117647,306.5174560546875,150,10,10,1,1.0
Biking/v_Biking_g01_c04.avi,13.838613510131836,17.87017059326172,214.67417907714844,0.1044577205882353,1040.668701171875,180,10,10,1,0.9998425245285034
Biking/v_Biking_g02_c01.avi,16.904491424560547,20.32577133178711,161.0093231201172,0.2663005514705882,3309.49560546875,239,10,10,1,1.0
Biking/v_Biking_g02_c02.avi,12.255715370178224,11.238621711730955,74.3303451538086,0.1457674632352941,3044.8369140625,239,10,10,1,1.0
Biking/v_Biking_g02_c03.avi,12.13239288330078,11.341676712036133,99.82484436035156,0.132024356617647,1848.939453125,239,10,10,1,1.0
Biking/v_Biking_g02_c04.avi,10.24341106414795,12.445208549499512,83.72574615478516,0.2510615808823529,2018.42578125,239,10,10,1,1.0
Biking/v_Biking_g02_c05.avi,19.04330825805664,20.59192276000977,197.428466796875,0.1070565257352941,1482.308349609375,179,10,10,1,1.0
Biking/v_Biking_g02_c06.avi,10.576837539672852,15.74191665649414,126.1784439086914,0.3519186580882353,1942.019775390625,239,10,10,1,1.0
Biking/v_Biking_g02_c07.avi,11.021417617797852,12.443349838256836,100.0199966430664,0.2704342830882353,2308.0400390625,239,10,10,1,1.0
Biking/v_Biking_g03_c01.avi,7.618237495422363,12.264416694641112,124.73973083496094,0.1529940257352941,123.90743255615234,379,10,10,1,0.9998723268508912
Biking/v_Biking_g03_c02.avi,5.653944969177246,9.223702430725098,126.03570556640624,0.2520036764705882,101.08091735839844,379,10,10,1,0.999998927116394
Biking/v_Biking_g03_c03.avi,6.105174541473389,4.535069942474365,44.72135925292969,0.0526976102941176,107.1852798461914,355,10,10,1,0.9998273253440856
Biking/v_Biking_g03_c04.avi,5.722509384155273,7.667294502258301,86.4927749633789,0.2696989889705882,88.39635467529297,379,10,10,1,0.9988211989402772
Biking/v_Biking_g04_c01.avi,16.910158157348633,16.98029899597168,126.00396728515624,0.0283869485294117,415.99359130859375,239,10,10,1,1.0
Biking/v_Biking_g04_c02.avi,28.980274200439453,34.94879150390625,216.3330841064453,0.139563419117647,2199.59521484375,179,10,10,1,1.0
Biking/v_Biking_g04_c03.avi,22.079444885253903,21.57950592041016,140.03213500976562,0.0461948529411764,1138.052978515625,239,10,10,1,1.0
Biking/v_Biking_g04_c04.avi,11.2116117477417,13.798720359802246,89.35882568359375,0.178000919117647,640.7597045898438,215,10,10,1,0.9492883682250975
Biking/v_Biking_g04_c05.avi,11.153337478637695,11.000242233276367,68.50547790527344,0.0650620404411764,515.9229736328125,212,10,10,1,0.9999997615814208
Biking/v_Biking_g05_c01.avi,9.90147876739502,8.816858291625977,68.02940368652344,0.0336075367647058,134.1561737060547,299,10,10,1,1.0
Biking/v_Biking_g05_c02.avi,6.266880035400391,8.609436988830566,58.54912567138672,0.428039981617647,370.5806274414063,200,10,10,1,1.0
Biking/v_Biking_g05_c03.avi,7.590668201446533,15.508328437805176,212.02122497558597,0.4133203125,1646.6263427734375,200,10,10,1,1.0
Biking/v_Biking_g05_c04.avi,7.651993274688721,8.661832809448242,45.0,0.1617784926470588,359.63555908203125,200,10,10,1,1.0
Biking/v_Biking_g05_c05.avi,10.922293663024902,16.97586441040039,115.15641784667967,0.4370358455882352,288.063232421875,162,10,10,1,1.0
Biking/v_Biking_g05_c06.avi,9.09007167816162,8.064352035522461,59.20304107666016,0.2148115808823529,443.5110473632813,179,10,10,1,1.0
Biking/v_Biking_g05_c07.avi,13.376205444335938,13.948572158813477,69.18092346191406,0.2168910845588235,403.6272583007813,179,10,10,1,1.0
Biking/v_Biking_g06_c01.avi,16.92795753479004,14.87175178527832,95.77056121826172,0.0667417279411764,706.0711669921875,100,10,10,1,1.0
Biking/v_Biking_g06_c02.avi,8.494009971618652,8.217381477355957,85.98837280273438,0.1324333639705882,494.9297790527344,156,10,10,1,1.0
Biking/v_Biking_g06_c03.avi,6.586263656616211,8.548176765441895,63.70243453979492,0.3300367647058823,425.32220458984375,200,10,10,1,1.0
Biking/v_Biking_g06_c04.avi,16.564821243286133,26.197134017944336,301.5294494628906,0.2284604779411764,2101.57666015625,234,10,10,1,1.0
Biking/v_Biking_g06_c05.avi,6.793915271759033,13.910781860351562,128.1405487060547,0.3541888786764706,558.4176635742188,200,10,10,1,1.0
Biking/v_Biking_g07_c01.avi,9.42400074005127,8.419973373413086,54.7448616027832,0.1285638786764706,727.5120849609375,299,10,10,1,1.0
Biking/v_Biking_g07_c02.avi,5.850098133087158,6.075500011444092,46.04345703125,0.1308570772058823,378.5053405761719,359,10,10,1,1.0
Biking/v_Biking_g07_c03.avi,4.947784423828125,4.692188262939453,35.35533905029297,0.1477803308823529,411.53271484375,399,10,10,1,1.0
Biking/v_Biking_g07_c04.avi,6.573637008666992,7.313108444213867,53.600372314453125,0.1308157169117647,887.9306640625,299,10,10,1,1.0
Biking/v_Biking_g07_c05.avi,18.30830383300781,23.79819869995117,98.0,0.2445978860294117,491.0359802246094,191,10,10,1,1.0
Biking/v_Biking_g07_c06.avi,25.23475646972656,31.783496856689453,142.8635711669922,0.2976493566176471,925.7105712890624,239,10,10,1,1.0
Billiards/v_Billiards_g01_c01.avi,0.7069843411445618,1.706131935119629,19.10497283935547,0.7521392463235295,23.301698684692383,273,11,11,1,1.0
Billiards/v_Billiards_g01_c02.avi,0.6610889434814453,2.5852761268615723,35.735137939453125,0.836139705882353,42.07588958740234,382,11,11,1,1.0
Billiards/v_Billiards_g01_c03.avi,0.4749706983566284,1.3588770627975464,20.124610900878903,0.8135431985294118,33.53866195678711,394,11,11,1,1.0
Billiards/v_Billiards_g01_c04.avi,0.9652442336082458,2.4131124019622803,26.0,0.6893933823529412,47.60380554199219,188,11,11,1,1.0
Billiards/v_Billiards_g01_c05.avi,1.5830494165420532,6.647813320159912,94.02127075195312,0.7368864889705883,127.0601043701172,351,11,11,1,1.0
Billiards/v_Billiards_g01_c06.avi,1.6722350120544434,5.291669845581055,88.8875732421875,0.704296875,342.0213928222656,297,11,11,1,1.0
Billiards/v_Billiards_g02_c01.avi,0.3883418440818786,1.353824019432068,18.86796188354492,0.8552987132352942,97.88684844970705,335,11,11,1,1.0
Billiards/v_Billiards_g02_c02.avi,0.3938413858413696,1.3899586200714111,20.615528106689453,0.8295266544117647,271.55670166015625,312,11,11,1,1.0
Billiards/v_Billiards_g02_c03.avi,1.3590973615646362,6.571348667144775,86.0,0.7596783088235294,102.9638442993164,391,11,11,1,1.0
Billiards/v_Billiards_g02_c04.avi,0.3688336908817291,1.1974276304244995,12.04159450531006,0.8469370404411765,158.04840087890625,355,11,11,1,1.0
Billiards/v_Billiards_g02_c05.avi,1.204365849494934,3.695124864578247,86.05230712890625,0.6517876838235294,614.6775512695312,398,11,11,1,1.0
Billiards/v_Billiards_g02_c06.avi,0.3883418440818786,1.353824019432068,18.86796188354492,0.8552987132352942,97.88684844970705,335,11,11,1,1.0
Billiards/v_Billiards_g02_c07.avi,1.3590973615646362,6.571348667144775,86.0,0.7596783088235294,102.9638442993164,391,11,11,1,1.0
Billiards/v_Billiards_g03_c01.avi,0.317901074886322,1.1690410375595093,20.2237491607666,0.8594921875,107.20304870605467,212,11,11,1,1.0
Billiards/v_Billiards_g03_c02.avi,0.6443042755126953,1.3826146125793457,24.1867733001709,0.6287201286764705,259.43707275390625,382,11,11,1,1.0
Billiards/v_Billiards_g03_c03.avi,1.0209811925888062,2.1603071689605717,33.37664031982422,0.7193704044117647,259.8993530273437,274,11,11,1,1.0
Billiards/v_Billiards_g03_c04.avi,0.7465821504592896,3.163443326950073,80.23091888427734,0.8001930147058823,441.52587890625,269,11,11,1,1.0
Billiards/v_Billiards_g03_c05.avi,1.0379000902175903,2.406653881072998,32.24903106689453,0.6246369485294118,627.5806274414062,286,11,11,1,1.0
Billiards/v_Billiards_g04_c01.avi,1.2226595878601074,3.462476253509521,57.0,0.6025528492647059,560.46630859375,173,11,11,1,1.0
Billiards/v_Billiards_g04_c02.avi,0.684369683265686,2.0119004249572754,33.61547088623047,0.7570886948529412,160.3339385986328,298,11,11,1,1.0
Billiards/v_Billiards_g04_c03.avi,0.6190235018730164,2.4123849868774414,36.055511474609375,0.8180606617647059,104.96368408203124,267,11,11,1,1.0
Billiards/v_Billiards_g04_c04.avi,0.795952320098877,2.21225905418396,30.08321762084961,0.7710868566176471,165.181884765625,278,11,11,1,1.0
Billiards/v_Billiards_g04_c05.avi,1.6737115383148191,4.958773612976074,61.6846809387207,0.6496346507352941,744.4676513671875,233,11,11,1,1.0
Billiards/v_Billiards_g04_c06.avi,1.398984670639038,2.726635217666626,27.0,0.6404549632352942,417.3372192382813,296,11,11,1,1.0
Billiards/v_Billiards_g04_c07.avi,0.4890444278717041,1.2772811651229858,15.033296585083008,0.8094738051470588,39.95512771606445,190,11,11,1,1.0
Billiards/v_Billiards_g05_c01.avi,0.9208769798278807,1.9528545141220093,24.020824432373047,0.6266544117647059,26.123340606689453,364,11,11,1,1.0
Billiards/v_Billiards_g05_c02.avi,1.5893837213516235,2.945600271224976,63.03173828125,0.5058363970588236,231.8538360595703,480,11,11,1,1.0
Billiards/v_Billiards_g05_c03.avi,1.441691279411316,2.414628744125366,29.0,0.5405744485294117,244.7517852783203,591,11,11,1,1.0
Billiards/v_Billiards_g05_c04.avi,1.2129696607589722,2.918655633926392,55.54277801513672,0.5665441176470588,126.43343353271484,373,11,11,1,1.0
Billiards/v_Billiards_g05_c05.avi,0.2494276463985443,0.682536244392395,5.385164737701416,0.8465257352941177,20.704713821411133,302,11,11,1,1.0
Billiards/v_Billiards_g05_c06.avi,2.2685790061950684,3.9807958602905273,50.9215087890625,0.5314384191176471,221.358642578125,358,11,11,1,1.0
Billiards/v_Billiards_g06_c01.avi,1.1003142595291138,2.200045108795166,35.693138122558594,0.621803768382353,22.4797420501709,250,11,11,1,1.0
Billiards/v_Billiards_g06_c02.avi,1.2851545810699463,2.371494770050049,25.63201141357422,0.5794577205882353,90.88771057128906,345,11,11,1,1.0
Billiards/v_Billiards_g06_c03.avi,1.0195165872573853,2.194854259490967,23.34523582458496,0.6395335477941176,35.465782165527344,369,11,11,1,1.0
Billiards/v_Billiards_g06_c04.avi,1.971850633621216,4.7424635887146,69.65629577636719,0.5810546875,140.19338989257812,298,11,11,1,1.0
Billiards/v_Billiards_g06_c05.avi,1.2939436435699463,2.703847885131836,33.060550689697266,0.6411213235294118,40.28444290161133,260,11,11,1,1.0
Billiards/v_Billiards_g07_c01.avi,0.551479697227478,1.651624083518982,30.528675079345703,0.7853400735294118,163.02333068847656,315,11,11,1,1.0
Billiards/v_Billiards_g07_c02.avi,0.655839204788208,2.149881601333618,32.572994232177734,0.7952504595588236,75.38191223144531,257,11,11,1,1.0
Billiards/v_Billiards_g07_c03.avi,0.4521494507789612,1.2383195161819458,17.029386520385742,0.812858455882353,24.15899085998535,272,11,11,1,1.0
Billiards/v_Billiards_g07_c04.avi,1.2192493677139282,2.9843945503234863,52.345008850097656,0.6352435661764706,801.60302734375,280,11,11,1,1.0
BlowDryHair/v_BlowDryHair_g01_c01.avi,1.0762529373168943,1.8778966665267944,19.84943389892578,0.5604044117647059,37.24440002441406,242,12,12,1,1.0
BlowDryHair/v_BlowDryHair_g01_c02.avi,3.656385660171509,5.349376201629639,73.53910827636719,0.3136695772058823,281.97332763671875,219,12,12,1,1.0
BlowDryHair/v_BlowDryHair_g01_c03.avi,4.456864833831787,8.033233642578125,97.62171936035156,0.3104113051470588,365.1887817382813,167,12,12,1,1.0
BlowDryHair/v_BlowDryHair_g01_c04.avi,6.269675254821777,10.037007331848145,102.2007827758789,0.2779388786764706,256.7474365234375,143,12,12,1,1.0
BlowDryHair/v_BlowDryHair_g02_c01.avi,2.823031425476074,6.112882137298584,68.44705963134766,0.4724908088235294,309.93414306640625,128,12,12,1,0.9999991655349731
BlowDryHair/v_BlowDryHair_g02_c02.avi,3.871339082717896,7.149997711181641,75.1531753540039,0.4639039522058824,307.39361572265625,137,12,12,1,0.9999998807907104
BlowDryHair/v_BlowDryHair_g02_c03.avi,6.097878932952881,10.049488067626951,58.694122314453125,0.3893405330882353,518.2525634765625,190,12,12,1,0.9999998807907104
BlowDryHair/v_BlowDryHair_g02_c04.avi,8.53691577911377,13.687166213989258,120.95040130615234,0.3628400735294118,995.2216796875,210,12,12,1,1.0
BlowDryHair/v_BlowDryHair_g02_c05.avi,9.04279613494873,12.131999015808104,126.1427764892578,0.2977642463235294,1170.519775390625,237,12,12,1,1.0
BlowDryHair/v_BlowDryHair_g03_c01.avi,9.981115341186523,14.984387397766112,132.59336853027344,0.2189430147058823,606.7431640625,236,12,12,1,1.0
BlowDryHair/v_BlowDryHair_g03_c02.avi,1.2611079216003418,1.756804347038269,18.86796188354492,0.4366107536764705,31.9582462310791,241,12,12,1,0.9999983310699464
BlowDryHair/v_BlowDryHair_g03_c03.avi,2.2358577251434326,4.613582611083984,32.893768310546875,0.5434076286764706,122.30216217041016,133,12,12,1,1.0
BlowDryHair/v_BlowDryHair_g03_c04.avi,0.922533392906189,1.6897752285003662,16.76305389404297,0.5834949448529412,52.87266159057617,189,12,12,1,1.0
BlowDryHair/v_BlowDryHair_g03_c05.avi,3.5488648414611816,5.711389541625977,50.80354309082031,0.3022518382352941,243.6134796142578,118,12,12,1,1.0
BlowDryHair/v_BlowDryHair_g04_c01.avi,0.3595188558101654,2.982261657714844,88.0,0.9016176470588236,91.7072296142578,343,12,12,1,0.9998668432235718
BlowDryHair/v_BlowDryHair_g04_c02.avi,0.7375731468200684,3.3898122310638428,48.0,0.8604733455882353,202.48648071289065,205,12,12,1,0.9710258841514589
BlowDryHair/v_BlowDryHair_g04_c03.avi,0.5322632789611816,1.809422492980957,27.073972702026367,0.834485294117647,170.27647399902344,170,12,12,1,0.9912511706352234
BlowDryHair/v_BlowDryHair_g04_c04.avi,0.8142342567443848,2.5419411659240723,31.38471031188965,0.8016888786764705,179.19558715820312,171,12,12,1,0.9998923540115356
BlowDryHair/v_BlowDryHair_g04_c05.avi,1.4950330257415771,4.1871657371521,38.4837646484375,0.788125,455.88873291015625,117,12,12,1,0.9749093055725098
BlowDryHair/v_BlowDryHair_g05_c01.avi,1.1171534061431885,2.614340543746948,39.0,0.5837201286764706,192.05691528320312,137,12,12,1,1.0
BlowDryHair/v_BlowDryHair_g05_c02.avi,1.5423346757888794,3.275034189224243,44.0,0.5353676470588236,336.1918640136719,150,12,33,0,0.6340388655662537
BlowDryHair/v_BlowDryHair_g05_c03.avi,1.4716275930404663,3.260283946990967,38.62641525268555,0.5905514705882353,281.4739990234375,187,12,12,1,1.0
BlowDryHair/v_BlowDryHair_g05_c04.avi,7.016370296478272,10.144946098327637,72.71863555908203,0.2383340992647059,616.5989990234375,86,12,12,1,1.0
BlowDryHair/v_BlowDryHair_g05_c05.avi,1.225736141204834,4.29191780090332,96.0,0.645,131.88662719726562,94,12,12,1,1.0
BlowDryHair/v_BlowDryHair_g06_c01.avi,5.907111644744873,9.398601531982422,49.49747467041016,0.4129342830882353,809.2430419921875,193,12,33,0,0.9755584001541138
BlowDryHair/v_BlowDryHair_g06_c02.avi,4.471865177154541,7.557947158813477,53.82378768920898,0.2369875919117647,650.62158203125,202,12,33,0,0.9305732846260072
BlowDryHair/v_BlowDryHair_g06_c03.avi,8.574386596679688,11.03531551361084,80.15609741210938,0.312649356617647,1578.9864501953125,96,12,12,1,0.9739117622375488
BlowDryHair/v_BlowDryHair_g06_c04.avi,4.454376697540283,12.324200630187988,100.00499725341795,0.5782858455882353,738.363525390625,171,12,33,0,0.8077778816223145
BlowDryHair/v_BlowDryHair_g06_c05.avi,4.547135353088379,6.801180362701416,54.147945404052734,0.4031640625,670.0123291015625,222,12,33,0,0.5316023230552673
BlowDryHair/v_BlowDryHair_g06_c06.avi,0.6292932033538818,1.5268704891204834,14.0,0.7880882352941176,164.35977172851562,189,12,12,1,0.9980900883674622
BlowDryHair/v_BlowDryHair_g06_c07.avi,2.4622507095336914,6.693653583526611,128.19126892089844,0.6007697610294118,456.2697143554688,165,12,33,0,0.9906336069107056
BlowDryHair/v_BlowDryHair_g07_c01.avi,1.838705778121948,4.631448268890381,49.0,0.5993543198529412,295.9710388183594,67,12,12,1,0.9998825788497924
BlowDryHair/v_BlowDryHair_g07_c02.avi,3.179100751876831,6.026127338409424,54.58937454223633,0.4752895220588235,554.5032348632812,72,12,12,1,0.9986745119094848
BlowDryHair/v_BlowDryHair_g07_c03.avi,5.22762393951416,10.09203052520752,141.73919677734375,0.3700850183823529,1059.5989990234375,77,12,12,1,0.8249325752258301
BlowDryHair/v_BlowDryHair_g07_c04.avi,2.5925533771514893,5.459914207458496,59.304298400878906,0.5479963235294117,442.03363037109375,77,12,12,1,0.9999995231628418
BlowDryHair/v_BlowDryHair_g07_c05.avi,4.00754976272583,7.968613624572754,88.86506652832031,0.4594485294117647,1187.76953125,79,12,12,1,0.9999991655349731
BlowDryHair/v_BlowDryHair_g07_c06.avi,4.38788366317749,8.986292839050293,88.05680084228516,0.4798988970588235,1036.0775146484375,85,12,12,1,1.0
BlowDryHair/v_BlowDryHair_g07_c07.avi,6.488875389099121,11.854394912719728,148.6606903076172,0.3815257352941176,1327.230224609375,84,12,12,1,0.999902844429016
BlowingCandles/v_BlowingCandles_g01_c01.avi,5.720387935638428,6.463501453399658,81.70679473876953,0.1946714154411764,190.7554626464844,59,13,13,1,0.9999974966049194
BlowingCandles/v_BlowingCandles_g01_c02.avi,1.231104612350464,1.499972224235535,23.60084724426269,0.4535386029411765,152.25930786132812,74,13,13,1,1.0
BlowingCandles/v_BlowingCandles_g01_c03.avi,1.2606290578842163,3.407155990600586,31.0,0.6561075367647059,96.31369018554688,124,13,13,1,1.0
BlowingCandles/v_BlowingCandles_g01_c04.avi,0.9256314039230348,1.5751959085464478,19.10497283935547,0.5391636029411765,74.48811340332031,67,13,13,1,1.0
BlowingCandles/v_BlowingCandles_g02_c01.avi,4.05256462097168,3.5723989009857178,39.96248245239258,0.2351539522058823,140.9756317138672,75,13,13,1,0.999996781349182
BlowingCandles/v_BlowingCandles_g02_c02.avi,6.05092716217041,8.605090141296387,93.64827728271484,0.2005238970588235,205.3492431640625,115,13,13,1,0.99999737739563
BlowingCandles/v_BlowingCandles_g02_c03.avi,1.454115629196167,3.823380947113037,66.0,0.6358386948529412,290.1195068359375,120,13,13,1,0.9999010562896729
BlowingCandles/v_BlowingCandles_g02_c04.avi,3.7331814765930176,8.316401481628418,111.36426544189452,0.3716704963235294,546.2069091796875,75,13,13,1,1.0
BlowingCandles/v_BlowingCandles_g03_c01.avi,5.236479759216309,9.043146133422852,80.0062484741211,0.4572587316176471,209.70556640625,75,13,13,1,1.0
BlowingCandles/v_BlowingCandles_g03_c02.avi,11.762843132019045,28.419084548950195,334.934326171875,0.3615647977941176,240.8488006591797,52,13,13,1,1.0
BlowingCandles/v_BlowingCandles_g03_c03.avi,1.4087687730789185,3.2774932384490967,30.886890411376957,0.6783708639705882,42.825592041015625,186,13,13,1,1.0
BlowingCandles/v_BlowingCandles_g03_c04.avi,5.2863287925720215,6.771057605743408,69.72087097167969,0.2841245404411764,204.7371826171875,52,13,13,1,1.0
BlowingCandles/v_BlowingCandles_g04_c01.avi,1.5763224363327026,3.256484270095825,32.0,0.4750528492647058,229.9851531982422,144,13,13,1,1.0
BlowingCandles/v_BlowingCandles_g04_c02.avi,2.213664293289185,2.7146918773651123,31.0161247253418,0.2246438419117647,234.974365234375,92,13,13,1,1.0
BlowingCandles/v_BlowingCandles_g04_c03.avi,1.921000361442566,4.457809925079346,54.91812133789063,0.4090073529411764,258.2398681640625,55,13,13,1,1.0
BlowingCandles/v_BlowingCandles_g04_c04.avi,2.9654712677001958,2.889958381652832,28.861740112304688,0.2810133272058823,267.35107421875,101,13,13,1,1.0
BlowingCandles/v_BlowingCandles_g04_c05.avi,0.3155830800533294,0.7620859742164612,10.0,0.7830514705882353,24.92314720153809,125,13,13,1,1.0
BlowingCandles/v_BlowingCandles_g05_c01.avi,3.012078285217285,4.140182495117188,46.61544799804688,0.2727228860294117,281.3327941894531,92,13,13,1,1.0
BlowingCandles/v_BlowingCandles_g05_c02.avi,4.395481586456299,6.311580657958984,57.20139694213867,0.2948782169117647,361.5494079589844,75,13,13,1,1.0
BlowingCandles/v_BlowingCandles_g05_c03.avi,3.001249074935913,4.4979658126831055,51.35172653198242,0.2366911764705882,434.63714599609375,30,13,13,1,1.0
BlowingCandles/v_BlowingCandles_g05_c04.avi,4.56257438659668,4.330846309661865,43.8292121887207,0.1761580882352941,396.7115173339844,81,13,13,1,1.0
BlowingCandles/v_BlowingCandles_g05_c05.avi,2.4049088954925537,3.697497606277466,37.656341552734375,0.3338556985294117,293.00128173828125,96,13,13,1,1.0
BlowingCandles/v_BlowingCandles_g06_c01.avi,2.300284147262573,2.8669490814208984,20.099750518798828,0.3808157169117647,431.2111206054688,84,13,13,1,1.0
BlowingCandles/v_BlowingCandles_g06_c02.avi,1.3100627660751345,4.0788679122924805,32.80244064331055,0.7465808823529412,502.8009338378906,141,13,13,1,1.0
BlowingCandles/v_BlowingCandles_g06_c03.avi,2.7114758491516118,7.868115901947021,76.41989135742188,0.5345955882352941,844.6402587890625,149,13,13,1,1.0
BlowingCandles/v_BlowingCandles_g06_c04.avi,3.29306697845459,8.397603034973145,55.217750549316406,0.6156020220588235,953.7853393554688,114,13,13,1,1.0
BlowingCandles/v_BlowingCandles_g06_c05.avi,2.284387588500977,5.522320747375488,41.0,0.5066130514705882,903.0104370117188,149,13,13,1,1.0
BlowingCandles/v_BlowingCandles_g06_c06.avi,1.193129539489746,2.268446445465088,20.39607810974121,0.6357835477941176,441.3902282714844,135,13,13,1,1.0
BlowingCandles/v_BlowingCandles_g06_c07.avi,1.674980878829956,2.6504955291748047,21.09502220153809,0.1673230698529411,706.81689453125,133,13,13,1,1.0
BlowingCandles/v_BlowingCandles_g07_c01.avi,14.116127014160156,17.88621711730957,74.46475982666016,0.2350459558823529,845.107421875,49,13,13,1,1.0
BlowingCandles/v_BlowingCandles_g07_c02.avi,23.378952026367188,13.90439796447754,80.15609741210938,0.0154159007352941,1492.3226318359375,54,13,13,1,1.0
BlowingCandles/v_BlowingCandles_g07_c03.avi,2.1140007972717285,2.0420923233032227,12.04159450531006,0.4135179227941176,81.87094116210938,124,13,13,1,1.0
BlowingCandles/v_BlowingCandles_g07_c04.avi,4.447368621826172,5.9617919921875,59.6824951171875,0.2330422794117647,452.345703125,74,13,13,1,1.0
BodyWeightSquats/v_BodyWeightSquats_g01_c01.avi,4.062946796417236,6.444150447845459,49.64876556396485,0.2259237132352941,60.22483444213867,266,14,14,1,0.9999823570251464
BodyWeightSquats/v_BodyWeightSquats_g01_c02.avi,3.822481870651245,5.887098789215088,49.49747467041016,0.2250827205882353,46.33905029296875,251,14,14,1,0.999997615814209
BodyWeightSquats/v_BodyWeightSquats_g01_c03.avi,2.608625650405884,3.672356367111206,50.0099983215332,0.2614568014705882,32.29936981201172,249,14,14,1,0.9999994039535522
BodyWeightSquats/v_BodyWeightSquats_g01_c04.avi,5.918840408325195,8.295831680297852,60.8276252746582,0.1631732536764706,79.55823516845703,173,14,14,1,0.9999849796295166
BodyWeightSquats/v_BodyWeightSquats_g02_c01.avi,1.1213233470916748,2.2304787635803223,20.59126091003418,0.5701034007352941,84.21632385253906,101,14,16,0,0.8392931818962097
BodyWeightSquats/v_BodyWeightSquats_g02_c02.avi,2.2653896808624268,5.805676460266113,56.4358024597168,0.4753768382352941,425.2876892089844,56,14,16,0,0.5472595691680908
BodyWeightSquats/v_BodyWeightSquats_g02_c03.avi,2.7454147338867188,5.682332992553711,45.31004333496094,0.348671875,397.5225524902344,116,14,14,1,0.8747453689575195
BodyWeightSquats/v_BodyWeightSquats_g02_c04.avi,3.4621613025665283,9.17404079437256,66.0,0.4657352941176471,296.9703063964844,120,14,85,0,0.99998939037323
BodyWeightSquats/v_BodyWeightSquats_g03_c01.avi,2.494759321212769,7.564675331115723,63.70243453979492,0.7615923713235294,471.2178649902344,131,14,14,1,0.9550981521606444
BodyWeightSquats/v_BodyWeightSquats_g03_c02.avi,5.331125259399414,12.714814186096191,121.59769439697266,0.6434581801470588,852.3016357421875,51,14,46,0,0.8091945052146912
BodyWeightSquats/v_BodyWeightSquats_g03_c03.avi,3.695596218109131,9.540770530700684,89.10667419433594,0.6852596507352942,657.8292236328125,47,14,14,1,0.847393810749054
BodyWeightSquats/v_BodyWeightSquats_g03_c04.avi,3.454293966293335,11.536100387573242,104.0,0.7339315257352941,581.9620971679688,100,14,46,0,0.997692346572876
BodyWeightSquats/v_BodyWeightSquats_g03_c05.avi,2.7172651290893555,6.649623870849609,59.84145736694336,0.7064338235294118,739.7742919921875,74,14,46,0,0.9799547791481018
BodyWeightSquats/v_BodyWeightSquats_g04_c01.avi,5.722365379333496,5.109814167022705,38.0,0.1961902573529411,69.10662841796875,129,14,14,1,0.9372521042823792
BodyWeightSquats/v_BodyWeightSquats_g04_c02.avi,3.626522064208984,5.505136013031006,54.00925827026367,0.3210317095588235,163.4272003173828,58,14,69,0,0.6783270835876465
BodyWeightSquats/v_BodyWeightSquats_g04_c03.avi,1.5746893882751465,3.1076011657714844,47.0,0.4475804227941176,74.84614562988281,87,14,69,0,0.9979029893875122
BodyWeightSquats/v_BodyWeightSquats_g04_c04.avi,0.6720606684684753,1.393837571144104,14.317821502685549,0.6609926470588235,12.321435928344728,62,14,69,0,0.9346535205841064
BodyWeightSquats/v_BodyWeightSquats_g05_c01.avi,3.875407457351685,5.587137699127197,58.8217658996582,0.2677826286764705,187.5880889892578,71,14,14,1,1.0
BodyWeightSquats/v_BodyWeightSquats_g05_c02.avi,3.084953784942627,4.667052268981934,53.0848388671875,0.4023644301470588,99.6088638305664,135,14,14,1,1.0
BodyWeightSquats/v_BodyWeightSquats_g05_c03.avi,8.363036155700684,6.345877647399902,76.29547882080078,0.1750988051470588,190.6840362548828,54,14,14,1,1.0
BodyWeightSquats/v_BodyWeightSquats_g05_c04.avi,7.884037017822266,8.329757690429688,68.4689712524414,0.0267003676470588,427.223876953125,259,14,14,1,1.0
BodyWeightSquats/v_BodyWeightSquats_g06_c01.avi,2.1688740253448486,5.837338924407959,47.0,0.6570955882352941,96.79280090332033,178,14,14,1,1.0
BodyWeightSquats/v_BodyWeightSquats_g06_c02.avi,0.4016291499137878,0.9543722867965698,10.0,0.7816544117647058,7.892064571380615,121,14,14,1,1.0
BodyWeightSquats/v_BodyWeightSquats_g06_c03.avi,1.2150193452835083,4.1012282371521,41.0,0.7464315257352941,19.37713432312012,151,14,14,1,0.9545001983642578
BodyWeightSquats/v_BodyWeightSquats_g06_c04.avi,1.2469209432601929,3.674675941467285,36.67424011230469,0.7148598345588235,30.217992782592773,94,14,14,1,0.9205625653266908
BodyWeightSquats/v_BodyWeightSquats_g06_c05.avi,2.930361032485962,7.670889854431152,50.15974426269531,0.6533616727941176,86.79788208007812,176,14,69,0,0.99992835521698
BodyWeightSquats/v_BodyWeightSquats_g07_c01.avi,0.2209141999483108,0.7910472750663757,8.062257766723633,0.8827941176470588,20.38741683959961,122,14,14,1,0.997775137424469
BodyWeightSquats/v_BodyWeightSquats_g07_c02.avi,0.9645237922668456,3.56978178024292,42.0,0.7861443014705882,163.42425537109375,102,14,14,1,0.9999799728393556
BodyWeightSquats/v_BodyWeightSquats_g07_c03.avi,1.172228455543518,4.39707612991333,49.01020431518555,0.7808065257352941,168.35623168945312,82,14,14,1,0.999974250793457
BodyWeightSquats/v_BodyWeightSquats_g07_c04.avi,1.5164259672164917,5.202273845672607,61.29437255859375,0.7187040441176471,272.4617614746094,53,14,14,1,0.997873067855835
Bowling/v_Bowling_g01_c01.avi,4.393873691558838,5.384857654571533,31.0,0.3966544117647059,760.3062744140625,159,15,15,1,1.0
Bowling/v_Bowling_g01_c02.avi,1.3312656879425049,2.289620876312256,23.194826126098636,0.5080882352941176,270.58856201171875,125,15,15,1,1.0
Bowling/v_Bowling_g01_c03.avi,3.485447406768799,3.726506233215332,20.0,0.3476838235294117,466.1162109375,130,15,15,1,1.0
Bowling/v_Bowling_g01_c04.avi,1.9675880670547483,3.660613775253296,27.294687271118164,0.5345978860294117,529.2362670898438,155,15,15,1,1.0
Bowling/v_Bowling_g01_c05.avi,0.827580988407135,1.3375513553619385,9.899495124816896,0.5750367647058824,94.88461303710938,185,15,15,1,1.0
Bowling/v_Bowling_g01_c06.avi,4.020308494567871,4.777222156524658,51.62363815307617,0.3516957720588235,711.4608154296875,148,15,15,1,1.0
Bowling/v_Bowling_g01_c07.avi,4.604772090911865,6.189708232879639,41.30375289916992,0.5086029411764705,680.1878051757812,131,15,15,1,1.0
Bowling/v_Bowling_g02_c01.avi,16.533252716064453,24.85564422607422,121.00413513183594,0.1741957720588235,362.9334106445313,81,15,15,1,1.0
Bowling/v_Bowling_g02_c02.avi,6.969390392303467,12.821614265441896,57.0,0.4470220588235294,185.79031372070312,147,15,15,1,0.9999433755874634
Bowling/v_Bowling_g02_c03.avi,19.11220932006836,26.740514755249023,145.5815887451172,0.2760317095588235,687.1963500976562,118,15,15,1,1.0
Bowling/v_Bowling_g02_c04.avi,9.853474617004396,12.49010944366455,56.00892639160156,0.3033823529411765,282.7470703125,116,15,15,1,0.999975085258484
Bowling/v_Bowling_g03_c01.avi,5.745877265930176,7.4556884765625,54.120235443115234,0.2199839154411764,850.7303466796875,159,15,15,1,1.0
Bowling/v_Bowling_g03_c02.avi,2.439887762069702,4.777468204498291,66.37017059326172,0.2666475183823529,403.4847106933594,139,15,15,1,1.0
Bowling/v_Bowling_g03_c03.avi,3.826695203781128,4.3394951820373535,46.09772109985352,0.324836856617647,514.3297119140625,138,15,15,1,1.0
Bowling/v_Bowling_g03_c04.avi,3.844650268554688,6.627898693084717,48.91830062866211,0.3624195772058823,595.7972412109375,139,15,15,1,1.0
Bowling/v_Bowling_g03_c05.avi,2.758735418319702,3.76407790184021,34.0,0.340969669117647,401.6209106445313,145,15,15,1,1.0
Bowling/v_Bowling_g03_c06.avi,7.641575336456299,18.09242057800293,131.3087921142578,0.5702228860294117,1093.5823974609375,141,15,15,1,1.0
Bowling/v_Bowling_g03_c07.avi,5.431858539581299,9.32155418395996,121.0,0.2796920955882352,600.4620361328125,109,15,15,1,1.0
Bowling/v_Bowling_g04_c01.avi,0.2959480285644531,0.8769239187240601,16.0,0.8158088235294118,26.330814361572266,122,15,15,1,0.9999998807907104
Bowling/v_Bowling_g04_c02.avi,0.956684410572052,2.714897632598877,46.0,0.7159168198529412,164.92990112304688,139,15,15,1,1.0
Bowling/v_Bowling_g04_c03.avi,2.7197790145874023,3.6562767028808594,27.459060668945312,0.45,249.86880493164065,137,15,15,1,1.0
Bowling/v_Bowling_g04_c04.avi,4.536945819854736,5.196734428405762,35.35533905029297,0.3286787683823529,210.62429809570312,50,15,15,1,0.9999998807907104
Bowling/v_Bowling_g05_c01.avi,0.7787562012672424,2.195520639419556,32.893768310546875,0.7900367647058824,103.5985870361328,115,15,15,1,1.0
Bowling/v_Bowling_g05_c02.avi,0.6849848628044128,2.808921813964844,44.0,0.841875,109.5616226196289,128,15,15,1,1.0
Bowling/v_Bowling_g05_c03.avi,0.7934633493423462,2.631857395172119,27.073972702026367,0.8114659926470589,103.1895751953125,150,15,15,1,1.0
Bowling/v_Bowling_g05_c04.avi,0.3010271191596985,1.105171799659729,12.04159450531006,0.8683088235294117,23.482120513916016,121,15,15,1,1.0
Bowling/v_Bowling_g05_c05.avi,1.147172451019287,3.5703492164611816,47.67599105834961,0.7663534007352941,200.33750915527344,118,15,15,1,1.0
Bowling/v_Bowling_g05_c06.avi,0.5257425308227539,2.3369035720825195,46.14108657836914,0.8657720588235294,111.61541748046876,150,15,15,1,1.0
Bowling/v_Bowling_g05_c07.avi,1.1653488874435425,3.870497703552246,42.20189666748047,0.8113947610294118,157.5356903076172,112,15,15,1,1.0
Bowling/v_Bowling_g06_c01.avi,3.1333541870117188,4.714327812194824,53.0,0.4051861213235294,268.01727294921875,138,15,15,1,1.0
Bowling/v_Bowling_g06_c02.avi,10.135682106018066,10.656498908996582,49.40647888183594,0.2177205882352941,382.8765563964844,132,15,15,1,1.0
Bowling/v_Bowling_g06_c03.avi,10.869218826293944,9.246417045593262,48.01041412353516,0.2073529411764706,240.8763885498047,70,15,43,0,0.936298370361328
Bowling/v_Bowling_g06_c04.avi,4.744852066040039,4.565705299377441,44.777225494384766,0.3610914522058823,662.1009521484375,72,15,29,0,0.9363898038864136
Bowling/v_Bowling_g06_c05.avi,1.9285452365875244,3.235572338104248,49.25444030761719,0.3945955882352941,224.9706573486328,130,15,15,1,1.0
Bowling/v_Bowling_g06_c06.avi,3.445478200912476,3.012639284133911,15.55634880065918,0.2712132352941176,92.81486511230467,65,15,15,1,0.9952902793884276
Bowling/v_Bowling_g06_c07.avi,4.146461009979248,5.736974239349365,35.0142822265625,0.388508731617647,237.2963104248047,139,15,15,1,1.0
Bowling/v_Bowling_g07_c01.avi,1.077750563621521,2.938976764678955,54.424259185791016,0.6605170036764706,494.4884643554688,144,15,15,1,1.0
Bowling/v_Bowling_g07_c02.avi,3.246507167816162,4.334357738494873,48.0,0.3861006433823529,516.048583984375,100,15,15,1,1.0
Bowling/v_Bowling_g07_c03.avi,2.7278196811676025,4.013220310211182,46.010868072509766,0.4939522058823529,548.7219848632812,150,15,15,1,1.0
Bowling/v_Bowling_g07_c04.avi,0.5413339138031006,1.308951735496521,16.0,0.6688970588235295,67.33454132080078,125,15,15,1,1.0
Bowling/v_Bowling_g07_c05.avi,3.385694980621338,5.650967121124268,41.78516387939453,0.3437086397058823,595.2897338867188,141,15,15,1,1.0
Bowling/v_Bowling_g07_c06.avi,0.5004412531852722,1.1173595190048218,15.0,0.6689705882352941,55.21811676025391,121,15,15,1,1.0
Bowling/v_Bowling_g07_c07.avi,1.9747227430343628,3.948853015899658,60.29925537109375,0.5718405330882353,261.99774169921875,130,15,15,1,1.0
BoxingPunchingBag/v_BoxingPunchingBag_g01_c01.avi,0.467990517616272,1.767390251159668,33.241539001464844,0.8469439338235294,110.477783203125,128,16,16,1,1.0
BoxingPunchingBag/v_BoxingPunchingBag_g01_c02.avi,1.3772947788238523,5.124366283416748,46.3249397277832,0.8064705882352942,261.76776123046875,158,16,16,1,1.0
BoxingPunchingBag/v_BoxingPunchingBag_g01_c03.avi,1.1404669284820557,3.5798957347869877,39.051246643066406,0.8028308823529412,242.2624969482422,147,16,16,1,1.0
BoxingPunchingBag/v_BoxingPunchingBag_g01_c04.avi,0.7488635182380676,2.7043561935424805,30.805843353271484,0.8393014705882353,123.5752410888672,168,16,16,1,1.0
BoxingPunchingBag/v_BoxingPunchingBag_g01_c05.avi,0.4639388918876648,1.920748710632324,32.06243896484375,0.8817095588235294,94.95077514648438,168,16,16,1,1.0
BoxingPunchingBag/v_BoxingPunchingBag_g01_c06.avi,0.7031092643737793,2.352699041366577,53.45091247558594,0.8275275735294118,160.5390625,163,16,16,1,1.0
BoxingPunchingBag/v_BoxingPunchingBag_g01_c07.avi,0.3037060499191284,1.37201726436615,30.149627685546875,0.9010661764705884,66.08148193359375,152,16,16,1,1.0
BoxingPunchingBag/v_BoxingPunchingBag_g02_c01.avi,4.408125877380371,8.728118896484375,93.3916473388672,0.5308524816176471,808.1012573242188,130,16,17,0,0.9472435712814332
BoxingPunchingBag/v_BoxingPunchingBag_g02_c02.avi,5.937576770782471,11.398959159851074,102.59142303466795,0.4287201286764706,1011.2843017578124,280,16,16,1,0.9979244470596312
BoxingPunchingBag/v_BoxingPunchingBag_g02_c03.avi,3.721594095230103,7.650505542755127,86.00581359863281,0.5443060661764706,450.8983459472656,228,16,16,1,0.9919191598892212
BoxingPunchingBag/v_BoxingPunchingBag_g02_c04.avi,5.427392482757568,10.13446807861328,87.09190368652344,0.4975390625,683.474365234375,222,16,16,1,0.9996280670166016
BoxingPunchingBag/v_BoxingPunchingBag_g02_c05.avi,5.209716796875,10.13990879058838,107.8239288330078,0.4947265625,753.0836791992188,168,16,17,0,0.9584664702415466
BoxingPunchingBag/v_BoxingPunchingBag_g02_c06.avi,5.271508693695068,9.8267240524292,99.12618255615234,0.5039613970588235,758.1129760742188,178,16,17,0,0.5781603455543518
BoxingPunchingBag/v_BoxingPunchingBag_g02_c07.avi,5.152836799621582,9.714438438415527,90.19977569580078,0.5355698529411764,775.7252807617188,284,16,17,0,0.8585576415061951
BoxingPunchingBag/v_BoxingPunchingBag_g03_c01.avi,2.6318554878234863,6.345258712768555,55.009090423583984,0.6648621323529412,168.61032104492188,175,16,16,1,1.0
BoxingPunchingBag/v_BoxingPunchingBag_g03_c02.avi,1.1387443542480469,3.485795021057129,44.04542922973633,0.7456778492647059,38.98548126220703,151,16,16,1,1.0
BoxingPunchingBag/v_BoxingPunchingBag_g03_c03.avi,0.494820088148117,1.2051385641098022,14.0,0.7791176470588236,12.51828956604004,184,16,16,1,1.0
BoxingPunchingBag/v_BoxingPunchingBag_g03_c04.avi,2.041395664215088,5.3368916511535645,44.9110221862793,0.702571231617647,61.39738082885742,272,16,16,1,1.0
BoxingPunchingBag/v_BoxingPunchingBag_g03_c05.avi,1.9266703128814695,5.682516098022461,47.67599105834961,0.7455905330882353,67.11723327636719,169,16,16,1,1.0
BoxingPunchingBag/v_BoxingPunchingBag_g03_c06.avi,1.3065193891525269,3.827786922454834,43.0,0.7195519301470589,85.73538208007812,139,16,16,1,1.0
BoxingPunchingBag/v_BoxingPunchingBag_g03_c07.avi,1.3873467445373535,3.586500406265259,40.853397369384766,0.7314085477941177,61.579368591308594,226,16,16,1,1.0
BoxingPunchingBag/v_BoxingPunchingBag_g04_c01.avi,1.616233468055725,3.4680838584899902,37.05401611328125,0.5138350183823529,399.5879821777344,244,16,16,1,1.0
BoxingPunchingBag/v_BoxingPunchingBag_g04_c02.avi,5.181610584259033,9.55050563812256,123.48279571533205,0.2838235294117647,1168.09423828125,270,16,16,1,1.0
BoxingPunchingBag/v_BoxingPunchingBag_g04_c03.avi,4.276002883911133,7.826226711273193,78.77182006835938,0.3791314338235294,1030.311279296875,211,16,16,1,1.0
BoxingPunchingBag/v_BoxingPunchingBag_g04_c04.avi,5.813960075378418,7.531662940979004,99.84988403320312,0.1626034007352941,921.9231567382812,205,16,16,1,1.0
BoxingPunchingBag/v_BoxingPunchingBag_g04_c05.avi,5.358914852142334,7.289744853973389,60.87692642211914,0.2658157169117647,1159.611328125,257,16,16,1,1.0
BoxingPunchingBag/v_BoxingPunchingBag_g04_c06.avi,4.156816482543945,6.7814788818359375,67.47592163085938,0.3987109375,1087.0242919921875,204,16,16,1,1.0
BoxingPunchingBag/v_BoxingPunchingBag_g04_c07.avi,3.5438694953918457,6.945273399353027,76.69419860839844,0.3966659007352941,945.9568481445312,225,16,16,1,1.0
BoxingPunchingBag/v_BoxingPunchingBag_g05_c01.avi,5.22745418548584,10.294764518737791,64.53681182861328,0.5200367647058823,967.7833862304688,295,16,16,1,1.0
BoxingPunchingBag/v_BoxingPunchingBag_g05_c02.avi,3.809670448303223,8.254194259643555,68.44705963134766,0.5865027573529412,577.5763549804688,218,16,16,1,1.0
BoxingPunchingBag/v_BoxingPunchingBag_g05_c03.avi,4.620765209197998,9.247949600219728,76.40026092529297,0.5406985294117647,920.2273559570312,231,16,16,1,1.0
BoxingPunchingBag/v_BoxingPunchingBag_g05_c04.avi,9.023053169250488,15.55002212524414,97.02061462402344,0.4648483455882353,1255.19873046875,237,16,16,1,1.0
BoxingPunchingBag/v_BoxingPunchingBag_g05_c05.avi,1.2705973386764526,2.8753764629364014,29.120439529418945,0.6787132352941176,217.8550567626953,245,16,16,1,1.0
BoxingPunchingBag/v_BoxingPunchingBag_g05_c06.avi,1.102419137954712,2.3725924491882324,24.0,0.6973161764705882,104.52972412109376,245,16,16,1,1.0
BoxingPunchingBag/v_BoxingPunchingBag_g05_c07.avi,7.294183731079102,14.119136810302734,98.61541748046876,0.538639705882353,916.6842651367188,199,16,16,1,1.0
BoxingPunchingBag/v_BoxingPunchingBag_g06_c01.avi,5.860365867614746,9.818047523498535,105.0428466796875,0.4436029411764706,695.6331787109375,131,16,16,1,0.9995761513710022
BoxingPunchingBag/v_BoxingPunchingBag_g06_c02.avi,5.824192523956299,6.657502174377441,66.06814575195312,0.172063419117647,583.1141357421875,127,16,16,1,0.999945878982544
BoxingPunchingBag/v_BoxingPunchingBag_g06_c03.avi,4.193761348724365,8.687790870666504,100.6578369140625,0.4127090992647059,609.5364990234375,130,16,17,0,0.998995840549469
BoxingPunchingBag/v_BoxingPunchingBag_g06_c04.avi,7.275919914245605,9.424927711486816,88.84255981445312,0.1936443014705882,1360.3359375,126,16,16,1,0.9945462942123412
BoxingPunchingBag/v_BoxingPunchingBag_g06_c05.avi,1.9747018814086916,3.5967159271240234,46.010868072509766,0.4099632352941176,153.43748474121094,64,16,16,1,0.9999605417251588
BoxingPunchingBag/v_BoxingPunchingBag_g06_c06.avi,9.219276428222656,13.26619815826416,106.60675048828124,0.1820542279411764,1067.4747314453125,134,16,16,1,0.999232292175293
BoxingPunchingBag/v_BoxingPunchingBag_g06_c07.avi,12.815245628356934,16.32681655883789,142.80406188964844,0.0853699448529411,1236.0087890625,160,16,16,1,0.9999969005584716
BoxingPunchingBag/v_BoxingPunchingBag_g07_c01.avi,2.117115020751953,4.0719380378723145,43.185646057128906,0.5136879595588235,353.2509155273437,251,16,16,1,1.0
BoxingPunchingBag/v_BoxingPunchingBag_g07_c02.avi,2.016054153442383,4.911041259765625,50.35871505737305,0.6271254595588235,286.324951171875,274,16,16,1,1.0
BoxingPunchingBag/v_BoxingPunchingBag_g07_c03.avi,3.21022629737854,6.811521530151367,50.0099983215332,0.5176424632352942,582.0733032226562,286,16,16,1,1.0
BoxingPunchingBag/v_BoxingPunchingBag_g07_c04.avi,2.124976634979248,4.789409160614014,58.051700592041016,0.6019875919117647,354.7472229003906,284,16,16,1,1.0
BoxingPunchingBag/v_BoxingPunchingBag_g07_c05.avi,1.1203359365463257,2.5749943256378174,26.305892944335938,0.6460546875,132.603759765625,310,16,16,1,1.0
BoxingPunchingBag/v_BoxingPunchingBag_g07_c06.avi,2.335902452468872,4.822513103485107,50.6063232421875,0.5249172794117647,498.25201416015625,278,16,16,1,1.0
BoxingPunchingBag/v_BoxingPunchingBag_g07_c07.avi,2.5744595527648926,5.0872979164123535,50.03998565673828,0.5539338235294118,438.1314392089844,252,16,16,1,1.0
BoxingSpeedBag/v_BoxingSpeedBag_g01_c01.avi,7.568994045257568,11.905160903930664,97.0,0.2671714154411764,362.41802978515625,131,17,17,1,1.0
BoxingSpeedBag/v_BoxingSpeedBag_g01_c02.avi,1.412873148918152,2.812466144561768,28.844409942626957,0.5818060661764706,33.606056213378906,124,17,17,1,0.9998517036437988
BoxingSpeedBag/v_BoxingSpeedBag_g01_c03.avi,9.105830192565918,11.37856101989746,123.47064208984376,0.2116659007352941,341.5559387207031,99,17,17,1,0.9986373782157898
BoxingSpeedBag/v_BoxingSpeedBag_g01_c04.avi,9.840240478515623,13.08632755279541,113.3181381225586,0.2610110294117647,402.6764526367188,71,17,16,0,0.9258862137794496
BoxingSpeedBag/v_BoxingSpeedBag_g02_c01.avi,5.139828205108643,8.078999519348145,75.28611755371094,0.3738924632352941,766.8251953125,171,17,17,1,1.0
BoxingSpeedBag/v_BoxingSpeedBag_g02_c02.avi,2.747098445892334,5.505061149597168,64.40496826171875,0.4145013786764706,590.1254272460938,199,17,17,1,1.0
BoxingSpeedBag/v_BoxingSpeedBag_g02_c03.avi,4.490537643432617,7.8487067222595215,71.47027587890625,0.2904963235294117,619.814453125,178,17,17,1,1.0
BoxingSpeedBag/v_BoxingSpeedBag_g02_c04.avi,1.6203681230545044,4.104075908660889,73.68174743652344,0.536164981617647,246.28012084960935,136,17,17,1,1.0
BoxingSpeedBag/v_BoxingSpeedBag_g03_c01.avi,23.93630027770996,20.048480987548828,119.70797729492188,0.1951585477941176,1380.9930419921875,120,17,17,1,1.0
BoxingSpeedBag/v_BoxingSpeedBag_g03_c02.avi,4.780186176300049,10.090638160705566,102.00489807128906,0.5107054227941177,819.1278076171875,138,17,17,1,1.0
BoxingSpeedBag/v_BoxingSpeedBag_g03_c03.avi,6.780703067779541,14.437262535095217,149.77316284179688,0.445852481617647,989.7654418945312,132,17,17,1,1.0
BoxingSpeedBag/v_BoxingSpeedBag_g03_c04.avi,8.150160789489746,15.324311256408691,126.75172424316406,0.385,1321.0380859375,147,17,17,1,1.0
BoxingSpeedBag/v_BoxingSpeedBag_g03_c05.avi,6.072193145751953,13.927099227905272,134.37261962890625,0.4378561580882353,664.0877685546875,153,17,17,1,1.0
BoxingSpeedBag/v_BoxingSpeedBag_g04_c01.avi,5.4885430335998535,12.291720390319824,112.0446319580078,0.5135386029411765,188.5635223388672,111,17,17,1,1.0
BoxingSpeedBag/v_BoxingSpeedBag_g04_c02.avi,4.793655872344971,10.855900764465332,107.1680908203125,0.5353998161764706,138.23040771484375,132,17,17,1,1.0
BoxingSpeedBag/v_BoxingSpeedBag_g04_c03.avi,6.505183219909668,12.697402000427246,146.00341796875,0.4963005514705882,222.3268585205078,209,17,17,1,1.0
BoxingSpeedBag/v_BoxingSpeedBag_g04_c04.avi,4.853094577789307,9.678056716918944,98.18350219726562,0.5459007352941176,144.91818237304688,203,17,17,1,1.0
BoxingSpeedBag/v_BoxingSpeedBag_g04_c05.avi,4.363643646240234,8.680846214294434,89.87213134765625,0.5335340073529412,179.50018310546875,224,17,17,1,0.9999639987945556
BoxingSpeedBag/v_BoxingSpeedBag_g04_c06.avi,7.022172451019287,13.82062816619873,121.03718566894533,0.5009375,191.55679321289065,252,17,17,1,0.9999994039535522
BoxingSpeedBag/v_BoxingSpeedBag_g04_c07.avi,8.738761901855469,14.235846519470217,109.93180084228516,0.3826286764705882,350.42340087890625,299,17,17,1,1.0
BoxingSpeedBag/v_BoxingSpeedBag_g05_c01.avi,3.317751407623291,7.536957263946533,65.19202423095703,0.6095358455882353,148.3275604248047,135,17,17,1,1.0
BoxingSpeedBag/v_BoxingSpeedBag_g05_c02.avi,2.8556697368621826,7.2685394287109375,90.37699127197266,0.6150298713235294,91.33300018310548,164,17,17,1,1.0
BoxingSpeedBag/v_BoxingSpeedBag_g05_c03.avi,2.7728211879730225,6.77346658706665,98.99494934082033,0.6326034007352941,129.75982666015625,190,17,17,1,1.0
BoxingSpeedBag/v_BoxingSpeedBag_g05_c04.avi,3.2427754402160645,7.559242725372314,73.9256362915039,0.618821231617647,176.1340789794922,136,17,17,1,1.0
BoxingSpeedBag/v_BoxingSpeedBag_g05_c05.avi,1.2039061784744265,3.1610891819000244,29.832868576049805,0.7421691176470588,77.76933288574219,183,17,17,1,1.0
BoxingSpeedBag/v_BoxingSpeedBag_g06_c01.avi,15.36134910583496,23.67355155944824,168.58529663085938,0.3194600183823529,665.8355712890625,222,17,17,1,1.0
BoxingSpeedBag/v_BoxingSpeedBag_g06_c02.avi,4.923191547393799,9.681707382202148,80.44873809814453,0.5150091911764706,308.1884765625,244,17,17,1,1.0
BoxingSpeedBag/v_BoxingSpeedBag_g06_c03.avi,11.999442100524902,17.07408332824707,119.00420379638672,0.2987178308823529,1064.298828125,250,17,17,1,1.0
BoxingSpeedBag/v_BoxingSpeedBag_g06_c04.avi,13.64810848236084,21.33753204345703,174.95713806152344,0.2956043198529411,934.5462646484376,223,17,17,1,1.0
BoxingSpeedBag/v_BoxingSpeedBag_g06_c05.avi,2.011538028717041,4.065642833709717,31.0,0.5339338235294118,106.97142028808594,125,17,17,1,1.0
BoxingSpeedBag/v_BoxingSpeedBag_g07_c01.avi,0.9376283288002014,1.6707607507705688,15.524174690246582,0.6308088235294118,47.49503326416016,482,17,17,1,0.7576714754104614
BoxingSpeedBag/v_BoxingSpeedBag_g07_c02.avi,1.2865712642669678,2.69712495803833,30.805843353271484,0.5689039522058823,156.3546905517578,504,17,17,1,0.9973471164703368
BoxingSpeedBag/v_BoxingSpeedBag_g07_c03.avi,1.4090707302093506,2.861774444580078,43.931766510009766,0.6112224264705882,103.28802490234376,451,17,17,1,0.5678890943527222
BoxingSpeedBag/v_BoxingSpeedBag_g07_c04.avi,0.916588306427002,2.16964054107666,29.529645919799805,0.6405170036764706,104.1883773803711,466,17,34,0,0.9495158791542052
BoxingSpeedBag/v_BoxingSpeedBag_g07_c05.avi,1.2376554012298584,2.3385989665985107,33.61547088623047,0.6163304227941176,107.91983795166016,453,17,17,1,0.6405696272850037
BoxingSpeedBag/v_BoxingSpeedBag_g07_c06.avi,1.3193849325180054,2.739375114440918,34.01470184326172,0.6671691176470588,100.00225067138672,437,17,17,1,0.9937706589698792
BoxingSpeedBag/v_BoxingSpeedBag_g07_c07.avi,0.8332140445709229,2.3351619243621826,37.48332977294922,0.6718566176470588,93.73023986816406,452,17,17,1,0.8332034349441528
BreastStroke/v_BreastStroke_g01_c01.avi,7.547685623168945,18.8342399597168,302.0,0.2852159926470588,169.92959594726562,95,18,18,1,1.0
BreastStroke/v_BreastStroke_g01_c02.avi,8.571359634399414,12.914875030517578,74.0,0.3037982536764705,229.70755004882807,95,18,18,1,1.0
BreastStroke/v_BreastStroke_g01_c03.avi,7.836512565612793,11.258407592773438,75.00666809082031,0.3562477022058823,204.81546020507807,95,18,18,1,1.0
BreastStroke/v_BreastStroke_g01_c04.avi,9.285256385803224,13.520411491394045,97.0,0.3186603860294117,119.6551742553711,95,18,18,1,1.0
BreastStroke/v_BreastStroke_g02_c01.avi,10.186394691467283,11.645951271057127,110.0,0.3093979779411764,268.83953857421875,226,18,18,1,1.0
BreastStroke/v_BreastStroke_g02_c02.avi,4.381535053253174,7.775667667388916,88.0,0.469485294117647,162.5319061279297,301,18,18,1,1.0
BreastStroke/v_BreastStroke_g02_c03.avi,13.034205436706545,17.032991409301758,140.57737731933594,0.313125,446.5806274414063,96,18,18,1,1.0
BreastStroke/v_BreastStroke_g02_c04.avi,6.132288455963135,9.84372901916504,89.0,0.3868658088235294,197.7021026611328,260,18,18,1,1.0
BreastStroke/v_BreastStroke_g03_c01.avi,10.248946189880373,10.137868881225586,75.0,0.4054434742647059,634.1358032226562,175,18,18,1,1.0
BreastStroke/v_BreastStroke_g03_c02.avi,7.439460754394531,9.67616367340088,75.02666473388672,0.2833685661764706,414.5564575195313,178,18,18,1,1.0
BreastStroke/v_BreastStroke_g03_c03.avi,1.6116793155670166,2.4926774501800537,19.10497283935547,0.5879411764705882,88.1639633178711,183,18,18,1,1.0
BreastStroke/v_BreastStroke_g03_c04.avi,1.9917651414871216,2.290555000305176,27.3129997253418,0.4287867647058823,232.9285430908203,186,18,18,1,0.999936819076538
BreastStroke/v_BreastStroke_g04_c01.avi,7.03886604309082,17.379453659057617,227.266357421875,0.4865349264705882,213.2948760986328,191,18,18,1,1.0
BreastStroke/v_BreastStroke_g04_c02.avi,0.984964907169342,2.7209818363189697,42.0,0.718125,40.24123001098633,182,18,18,1,1.0
BreastStroke/v_BreastStroke_g04_c03.avi,8.369155883789062,12.868224143981934,131.1868896484375,0.3928216911764706,275.85504150390625,191,18,18,1,1.0
BreastStroke/v_BreastStroke_g04_c04.avi,6.952574253082275,9.95499038696289,110.11357879638672,0.4086672794117647,277.5770568847656,216,18,18,1,0.9999997615814208
BreastStroke/v_BreastStroke_g05_c01.avi,2.832247495651245,3.9803853034973145,34.36568069458008,0.3795565257352941,199.3026123046875,149,18,18,1,1.0
BreastStroke/v_BreastStroke_g05_c02.avi,5.71602725982666,8.716322898864746,57.21887969970703,0.4627068014705882,110.7081527709961,224,18,18,1,1.0
BreastStroke/v_BreastStroke_g05_c03.avi,3.342454433441162,5.258223056793213,50.63595581054688,0.433664981617647,130.3245849609375,288,18,18,1,1.0
BreastStroke/v_BreastStroke_g05_c04.avi,4.0747551918029785,7.154420375823975,49.0,0.3804825367647059,113.76806640625,332,18,18,1,1.0
BreastStroke/v_BreastStroke_g06_c01.avi,6.908825874328613,9.633787155151367,92.6552734375,0.3301861213235294,146.13070678710938,115,18,18,1,0.999982476234436
BreastStroke/v_BreastStroke_g06_c02.avi,8.781379699707031,16.661258697509766,229.21823120117188,0.3992738970588235,149.92832946777344,99,18,18,1,1.0
BreastStroke/v_BreastStroke_g06_c03.avi,10.884234428405762,15.907355308532717,127.0,0.4245840992647058,215.96792602539065,99,18,18,1,1.0
BreastStroke/v_BreastStroke_g06_c04.avi,8.205866813659668,11.506362915039062,100.07997131347656,0.4046461397058823,377.11761474609375,113,18,18,1,1.0
BreastStroke/v_BreastStroke_g07_c01.avi,6.064352512359619,9.587443351745604,92.0,0.3821645220588235,593.0443115234375,259,18,18,1,0.9999997615814208
BreastStroke/v_BreastStroke_g07_c02.avi,1.0925748348236084,1.6711084842681885,15.0,0.5607352941176471,66.9482192993164,304,18,18,1,0.9999805688858032
BreastStroke/v_BreastStroke_g07_c03.avi,6.841931819915772,9.140618324279783,48.0,0.3425045955882353,567.9979248046875,126,18,18,1,1.0
BreastStroke/v_BreastStroke_g07_c04.avi,3.931654691696167,6.263888835906982,59.43904495239258,0.4006456801470588,61.6983642578125,197,18,18,1,1.0
BrushingTeeth/v_BrushingTeeth_g01_c01.avi,8.29348373413086,12.252779960632324,75.92759704589844,0.2527941176470588,138.93589782714844,102,19,19,1,0.6611890196800232
BrushingTeeth/v_BrushingTeeth_g01_c02.avi,3.1585922241210938,3.961682081222534,42.0,0.2586787683823529,72.88915252685547,108,19,19,1,0.9731146097183228
BrushingTeeth/v_BrushingTeeth_g01_c03.avi,1.1704046726226809,1.4010653495788574,14.0,0.3972794117647059,8.60334587097168,121,19,19,1,0.9091848731040956
BrushingTeeth/v_BrushingTeeth_g01_c04.avi,4.2097649574279785,4.661662578582764,42.7551155090332,0.2241084558823529,93.6955108642578,100,19,19,1,0.9874396324157716
BrushingTeeth/v_BrushingTeeth_g02_c01.avi,0.8171961903572083,2.3051917552948,34.01470184326172,0.7529181985294118,22.57675552368164,715,19,77,0,0.9999818801879884
BrushingTeeth/v_BrushingTeeth_g02_c02.avi,0.4797674119472503,1.4120315313339231,25.961509704589844,0.8005353860294118,6.586265563964844,731,19,77,0,0.9999496936798096
BrushingTeeth/v_BrushingTeeth_g02_c03.avi,0.6227659583091736,2.0635483264923096,27.01851272583008,0.8020197610294117,5.82371997833252,731,19,77,0,0.9999604225158693
BrushingTeeth/v_BrushingTeeth_g02_c04.avi,0.5027306079864502,1.4290540218353271,20.0,0.8010960477941177,19.89066505432129,714,19,77,0,0.9988394379615784
BrushingTeeth/v_BrushingTeeth_g02_c05.avi,0.6806824207305908,1.890199065208435,30.0,0.7628056066176471,24.89542007446289,747,19,77,0,0.9941723942756652
BrushingTeeth/v_BrushingTeeth_g02_c06.avi,0.6622815132141113,1.7836240530014038,24.020824432373047,0.7696989889705882,15.386693954467772,715,19,77,0,0.9979732632637024
BrushingTeeth/v_BrushingTeeth_g02_c07.avi,0.5884426236152649,1.850215196609497,27.01851272583008,0.7944806985294117,10.947714805603027,792,19,77,0,0.9999980926513672
BrushingTeeth/v_BrushingTeeth_g03_c01.avi,8.497903823852539,16.32056427001953,143.5688018798828,0.3674609375,490.2357482910156,240,19,19,1,1.0
BrushingTeeth/v_BrushingTeeth_g03_c02.avi,8.240516662597656,13.714879035949709,104.54663848876952,0.3337936580882353,320.8125915527344,238,19,19,1,0.9999998807907104
BrushingTeeth/v_BrushingTeeth_g03_c03.avi,3.161994457244873,5.050055503845215,47.38143157958984,0.4191360294117647,86.83614349365234,225,19,19,1,0.9999966621398926
BrushingTeeth/v_BrushingTeeth_g03_c04.avi,2.518594980239868,3.872084379196167,27.073972702026367,0.4048230698529412,77.47621154785156,204,19,19,1,0.9999994039535522
BrushingTeeth/v_BrushingTeeth_g03_c05.avi,3.3996260166168213,5.4958086013793945,39.35733795166016,0.4278630514705882,65.0798568725586,230,19,19,1,0.9988049268722534
BrushingTeeth/v_BrushingTeeth_g04_c01.avi,0.9791901707649232,2.399240255355835,40.01249694824219,0.6601470588235294,72.419921875,192,19,19,1,0.9999805688858032
BrushingTeeth/v_BrushingTeeth_g04_c02.avi,0.4815224707126617,1.2153372764587402,15.033296585083008,0.7675735294117647,48.28752517700195,127,19,19,1,0.9997422099113464
BrushingTeeth/v_BrushingTeeth_g04_c03.avi,0.91399484872818,2.239909410476685,27.0,0.6958984375,56.42733001708984,100,19,0,0,0.8359748721122742
BrushingTeeth/v_BrushingTeeth_g04_c04.avi,0.7440226674079895,1.5031839609146118,12.369317054748535,0.7033478860294118,36.15890884399414,80,19,19,1,0.7959054112434387
BrushingTeeth/v_BrushingTeeth_g05_c01.avi,2.97908616065979,6.403045654296875,52.92447280883789,0.5540464154411765,124.2418975830078,169,19,77,0,0.9999816417694092
BrushingTeeth/v_BrushingTeeth_g05_c02.avi,3.555360794067383,6.881443023681641,56.22277069091797,0.5795151654411764,99.8255386352539,194,19,77,0,0.9999964237213136
BrushingTeeth/v_BrushingTeeth_g05_c03.avi,3.736147165298462,8.013670921325684,79.00633239746094,0.5393497242647058,128.29930114746094,209,19,77,0,0.9999935626983644
BrushingTeeth/v_BrushingTeeth_g05_c04.avi,1.5367436408996582,3.120450258255005,29.73213768005371,0.6078354779411764,44.63725662231445,160,19,77,0,0.9937347769737244
BrushingTeeth/v_BrushingTeeth_g05_c05.avi,2.193488836288452,4.715354442596436,49.36598205566406,0.5659443933823529,135.8708038330078,228,19,77,0,0.9528102278709412
BrushingTeeth/v_BrushingTeeth_g06_c01.avi,4.964386940002441,8.041319847106934,50.0,0.2904365808823529,127.85121154785156,286,19,19,1,0.9882014393806458
BrushingTeeth/v_BrushingTeeth_g06_c02.avi,5.563765525817871,7.650908470153809,49.0,0.1879779411764706,136.3411407470703,248,19,19,1,0.88960862159729
BrushingTeeth/v_BrushingTeeth_g06_c03.avi,2.1329681873321533,2.768959283828736,26.07680892944336,0.3192348345588235,64.22241973876953,308,19,19,1,0.9902907013893129
BrushingTeeth/v_BrushingTeeth_g06_c04.avi,2.3923099040985107,3.320955514907837,28.0,0.3882100183823529,96.388916015625,336,19,1,0,0.5382525324821472
BrushingTeeth/v_BrushingTeeth_g06_c05.avi,2.260310173034668,2.8762423992156982,33.2866325378418,0.3248345588235294,153.3119354248047,226,19,1,0,0.9416347742080688
BrushingTeeth/v_BrushingTeeth_g07_c01.avi,5.321830749511719,6.777580261230469,76.10519409179688,0.2632306985294118,145.60733032226562,170,19,19,1,0.9999985694885254
BrushingTeeth/v_BrushingTeeth_g07_c02.avi,10.25502109527588,28.86044311523437,335.3356628417969,0.2572380514705882,369.8053283691406,228,19,19,1,0.9999645948410034
BrushingTeeth/v_BrushingTeeth_g07_c03.avi,3.354166984558105,4.506051540374756,54.7813835144043,0.3206686580882353,114.327392578125,157,19,19,1,0.9999997615814208
BrushingTeeth/v_BrushingTeeth_g07_c04.avi,6.533927440643311,12.77884006500244,177.18069458007812,0.2045863970588235,272.6319580078125,174,19,19,1,1.0
BrushingTeeth/v_BrushingTeeth_g07_c05.avi,6.307785987854004,8.246814727783203,83.54639434814453,0.2315257352941176,137.18606567382812,248,19,0,0,0.806370198726654
BrushingTeeth/v_BrushingTeeth_g07_c06.avi,12.288476943969728,22.329761505126957,153.94154357910156,0.2558042279411764,284.3940734863281,224,19,19,1,0.9999980926513672
CleanAndJerk/v_CleanAndJerk_g01_c01.avi,2.157058000564575,4.850782871246338,49.0,0.5830514705882353,295.894287109375,99,20,20,1,0.9999914169311525
CleanAndJerk/v_CleanAndJerk_g01_c02.avi,2.660749912261963,6.548829555511475,69.0,0.6048391544117647,413.1158752441406,112,20,20,1,0.9999525547027588
CleanAndJerk/v_CleanAndJerk_g01_c03.avi,0.3423125147819519,1.0421584844589231,10.0,0.8364338235294118,34.15134048461914,123,20,20,1,0.9959656000137328
CleanAndJerk/v_CleanAndJerk_g01_c04.avi,1.396909236907959,3.778980016708374,49.0,0.6572495404411764,341.97662353515625,118,20,20,1,0.9933464527130128
CleanAndJerk/v_CleanAndJerk_g01_c05.avi,1.800139546394348,4.625730514526367,56.0,0.6168864889705883,325.90826416015625,120,20,20,1,0.9972009658813475
CleanAndJerk/v_CleanAndJerk_g02_c01.avi,4.482702255249023,10.45953369140625,122.0,0.3421461397058823,322.3262634277344,102,20,20,1,0.9970054030418396
CleanAndJerk/v_CleanAndJerk_g02_c02.avi,1.7369277477264404,4.1159210205078125,59.03388977050781,0.4536764705882353,31.281713485717773,244,20,20,1,1.0
CleanAndJerk/v_CleanAndJerk_g02_c03.avi,4.8991312980651855,10.081705093383787,97.08243560791016,0.4028883272058823,244.9661865234375,210,20,20,1,1.0
CleanAndJerk/v_CleanAndJerk_g02_c04.avi,4.6783223152160645,9.295592308044434,123.0,0.239407169117647,289.943359375,292,20,20,1,1.0
CleanAndJerk/v_CleanAndJerk_g03_c01.avi,3.480032444000244,5.255568504333496,42.01190185546875,0.3904365808823529,295.61090087890625,171,20,20,1,1.0
CleanAndJerk/v_CleanAndJerk_g03_c02.avi,3.753785371780396,11.91679573059082,135.2479248046875,0.5415533088235294,180.72093200683597,253,20,20,1,1.0
CleanAndJerk/v_CleanAndJerk_g03_c03.avi,1.763263702392578,4.80568790435791,31.0,0.6606020220588236,101.44636535644533,275,20,20,1,1.0
CleanAndJerk/v_CleanAndJerk_g03_c04.avi,5.008906841278076,8.909746170043945,77.10382843017578,0.4510776654411764,293.475830078125,292,20,20,1,1.0
CleanAndJerk/v_CleanAndJerk_g03_c05.avi,4.225212097167969,5.948060989379883,36.0,0.2146920955882353,314.16339111328125,237,20,20,1,1.0
CleanAndJerk/v_CleanAndJerk_g03_c06.avi,0.880573034286499,1.6633483171463013,15.29705810546875,0.6088947610294118,32.78524398803711,245,20,20,1,1.0
CleanAndJerk/v_CleanAndJerk_g04_c01.avi,0.9350923299789428,2.8072078227996826,29.0,0.7353170955882353,139.60899353027344,142,20,20,1,1.0
CleanAndJerk/v_CleanAndJerk_g04_c02.avi,0.5905583500862122,1.7163259983062744,19.0,0.7652734375,70.67279815673828,236,20,20,1,1.0
CleanAndJerk/v_CleanAndJerk_g04_c03.avi,0.9368865489959716,3.125196933746338,34.0,0.7597702205882353,145.48239135742188,145,20,20,1,1.0
CleanAndJerk/v_CleanAndJerk_g04_c04.avi,0.5811014771461487,1.680754542350769,19.10497283935547,0.7818382352941177,86.9071044921875,151,20,20,1,1.0
CleanAndJerk/v_CleanAndJerk_g04_c05.avi,0.6641399264335632,1.913393259048462,19.0,0.7476493566176471,93.2331771850586,236,20,20,1,1.0
CleanAndJerk/v_CleanAndJerk_g05_c01.avi,4.63548469543457,7.493789672851562,67.26811981201172,0.1614476102941176,581.8635864257812,90,20,20,1,1.0
CleanAndJerk/v_CleanAndJerk_g05_c02.avi,2.0285444259643555,3.7304632663726807,49.0,0.4128538602941176,222.158447265625,145,20,20,1,1.0
CleanAndJerk/v_CleanAndJerk_g05_c03.avi,1.9534082412719729,2.920880079269409,26.01922416687012,0.3308869485294117,168.6014862060547,145,20,20,1,1.0
CleanAndJerk/v_CleanAndJerk_g05_c04.avi,2.257244110107422,3.2707293033599854,25.0,0.324375,257.55615234375,205,20,20,1,1.0
CleanAndJerk/v_CleanAndJerk_g06_c01.avi,1.3869107961654663,1.706463098526001,22.090721130371094,0.4408777573529411,110.87757873535156,189,20,20,1,1.0
CleanAndJerk/v_CleanAndJerk_g06_c02.avi,1.366965889930725,1.9469823837280276,32.24903106689453,0.4261534926470588,207.3802795410156,193,20,20,1,1.0
CleanAndJerk/v_CleanAndJerk_g06_c03.avi,2.174492835998535,5.577548503875732,66.06814575195312,0.4116681985294118,356.5023498535156,100,20,20,1,1.0
CleanAndJerk/v_CleanAndJerk_g06_c04.avi,0.0779237523674964,0.4093838930130005,7.211102485656738,0.9435386029411764,1.9275038242340088,245,20,20,1,1.0
CleanAndJerk/v_CleanAndJerk_g07_c01.avi,2.1578168869018555,4.3557868003845215,33.060550689697266,0.4685914522058823,156.99822998046875,227,20,20,1,1.0
CleanAndJerk/v_CleanAndJerk_g07_c02.avi,0.3400182127952575,0.8979929685592651,8.246211051940918,0.8049724264705882,1.6405675411224363,303,20,20,1,1.0
CleanAndJerk/v_CleanAndJerk_g07_c03.avi,5.805523872375488,9.31553840637207,83.74365997314453,0.3806204044117647,363.8194580078125,227,20,20,1,1.0
CleanAndJerk/v_CleanAndJerk_g07_c04.avi,3.968700647354126,7.584183692932129,79.00633239746094,0.5156066176470588,314.51641845703125,284,20,20,1,1.0
CleanAndJerk/v_CleanAndJerk_g07_c05.avi,2.3376591205596924,4.368922233581543,34.928497314453125,0.5476125919117647,83.64568328857422,189,20,20,1,1.0
CliffDiving/v_CliffDiving_g01_c01.avi,24.069581985473636,35.79274368286133,199.12307739257807,0.3117601102941176,1942.888916015625,89,21,21,1,1.0
CliffDiving/v_CliffDiving_g01_c02.avi,10.519381523132324,17.34334373474121,98.0,0.4286029411764706,686.42236328125,113,21,21,1,1.0
CliffDiving/v_CliffDiving_g01_c03.avi,16.7390079498291,28.091657638549805,179.00279235839844,0.4310523897058823,564.9508666992188,71,21,21,1,1.0
CliffDiving/v_CliffDiving_g01_c04.avi,17.925905227661133,37.384315490722656,197.80039978027344,0.5923184742647059,1073.066162109375,80,21,21,1,1.0
CliffDiving/v_CliffDiving_g01_c05.avi,9.045938491821287,18.23516273498535,136.01470947265625,0.5352320772058824,158.5911865234375,81,21,21,1,1.0
CliffDiving/v_CliffDiving_g01_c06.avi,17.11363410949707,29.892797470092773,184.9459381103516,0.4852895220588235,515.8572998046875,75,21,21,1,1.0
CliffDiving/v_CliffDiving_g02_c01.avi,26.287155151367188,42.981258392333984,246.7589874267578,0.4521829044117647,403.27099609375,77,21,21,1,1.0
CliffDiving/v_CliffDiving_g02_c02.avi,25.92204093933105,38.35490036010742,187.2164459228516,0.4006870404411765,664.3626708984375,96,21,21,1,1.0
CliffDiving/v_CliffDiving_g02_c03.avi,12.851173400878906,25.3266716003418,206.08978271484372,0.5592371323529411,936.7032470703124,93,21,21,1,1.0
CliffDiving/v_CliffDiving_g02_c04.avi,18.45387840270996,31.620515823364254,152.05262756347656,0.5060799632352941,544.1402587890625,81,21,21,1,1.0
CliffDiving/v_CliffDiving_g03_c01.avi,14.622441291809082,16.799470901489258,77.0,0.1175344669117647,590.2720947265625,91,21,21,1,1.0
CliffDiving/v_CliffDiving_g03_c02.avi,16.133800506591797,16.922592163085938,57.68881988525391,0.0376723345588235,1417.987548828125,95,21,21,1,1.0
CliffDiving/v_CliffDiving_g03_c03.avi,16.199012756347656,15.175193786621094,79.19596099853516,0.1957238051470588,2182.38427734375,99,21,21,1,1.0
CliffDiving/v_CliffDiving_g03_c04.avi,18.29037857055664,37.11711883544922,149.0,0.2645611213235294,517.9183349609375,103,21,21,1,1.0
CliffDiving/v_CliffDiving_g03_c05.avi,24.669357299804688,28.9601993560791,110.04090118408205,0.2718772977941176,574.8798828125,92,21,21,1,1.0
CliffDiving/v_CliffDiving_g04_c01.avi,2.921515226364136,3.5410659313201904,15.132745742797852,0.3361787683823529,397.009033203125,100,21,21,1,0.9999996423721312
CliffDiving/v_CliffDiving_g04_c02.avi,0.7864773869514465,1.1544992923736572,10.29563045501709,0.5668589154411765,158.26608276367188,106,21,21,1,1.0
CliffDiving/v_CliffDiving_g04_c03.avi,0.7573488354682922,1.3481110334396362,13.152946472167969,0.6703285845588235,186.85646057128903,110,21,21,1,1.0
CliffDiving/v_CliffDiving_g04_c04.avi,4.045266628265381,4.215686798095703,22.20360374450684,0.2758272058823529,256.0219116210937,101,21,21,1,1.0
CliffDiving/v_CliffDiving_g05_c01.avi,14.73123550415039,21.96607208251953,190.68560791015625,0.3417210477941176,569.6063232421875,79,21,21,1,1.0
CliffDiving/v_CliffDiving_g05_c02.avi,32.41539001464844,42.91697311401367,141.0035400390625,0.2979526654411765,512.380615234375,75,21,21,1,1.0
CliffDiving/v_CliffDiving_g05_c03.avi,42.865325927734375,59.26595687866211,265.9567565917969,0.1549655330882353,1521.742919921875,97,21,21,1,1.0
CliffDiving/v_CliffDiving_g05_c04.avi,3.52780556678772,3.5523905754089355,30.805843353271484,0.2066061580882353,63.227012634277344,67,21,21,1,0.8521569967269897
CliffDiving/v_CliffDiving_g05_c05.avi,11.363183975219728,19.92650413513184,110.16805267333984,0.2828883272058823,61.92802047729492,85,21,21,1,1.0
CliffDiving/v_CliffDiving_g05_c06.avi,43.96117782592773,49.757774353027344,255.63450622558597,0.2018979779411764,976.9803466796876,96,21,21,1,1.0
CliffDiving/v_CliffDiving_g05_c07.avi,28.481121063232425,41.78422546386719,193.04144287109372,0.2234834558823529,332.2728881835937,93,21,21,1,1.0
CliffDiving/v_CliffDiving_g06_c01.avi,15.356112480163574,31.419910430908203,177.01129150390625,0.3705790441176471,343.50396728515625,80,21,21,1,1.0
CliffDiving/v_CliffDiving_g06_c02.avi,9.705716133117676,12.333115577697754,48.041648864746094,0.3838235294117647,148.07179260253906,70,21,21,1,1.0
CliffDiving/v_CliffDiving_g06_c03.avi,6.367117404937744,15.293949127197266,103.3924560546875,0.45,158.86062622070312,95,21,21,1,1.0
CliffDiving/v_CliffDiving_g06_c04.avi,10.768717765808104,16.99781608581543,90.00555419921875,0.3517555147058823,246.8535614013672,88,21,21,1,1.0
CliffDiving/v_CliffDiving_g06_c05.avi,9.76098346710205,18.882665634155277,101.12368774414062,0.4022840073529412,313.3648681640625,84,21,21,1,1.0
CliffDiving/v_CliffDiving_g06_c06.avi,15.622081756591797,26.95077896118164,182.98907470703125,0.4143037683823529,397.7929382324219,71,21,21,1,1.0
CliffDiving/v_CliffDiving_g06_c07.avi,10.785382270812988,17.627582550048828,112.1115493774414,0.3927412683823529,182.2193756103516,87,21,21,1,1.0
CliffDiving/v_CliffDiving_g07_c01.avi,42.70293045043945,35.22050094604492,158.861572265625,0.1363327205882352,1772.4097900390625,57,21,21,1,1.0
CliffDiving/v_CliffDiving_g07_c02.avi,30.886133193969727,26.83852767944336,140.12136840820312,0.0116980698529411,1194.2882080078125,59,21,21,1,1.0
CliffDiving/v_CliffDiving_g07_c03.avi,20.24919319152832,32.34475326538086,143.17820739746094,0.0869163602941176,1376.364501953125,82,21,21,1,1.0
CliffDiving/v_CliffDiving_g07_c04.avi,37.53443145751953,36.5003776550293,172.53985595703125,0.1402228860294117,971.9840698242188,83,21,21,1,1.0
CliffDiving/v_CliffDiving_g07_c05.avi,11.794776916503906,15.178375244140623,149.21461486816406,0.1828010110294117,578.8123779296875,71,21,21,1,1.0
CliffDiving/v_CliffDiving_g07_c06.avi,41.59830474853516,35.14572525024414,195.1332855224609,0.0198965992647058,748.8660278320312,74,21,21,1,1.0
CricketBowling/v_CricketBowling_g01_c01.avi,0.672463595867157,1.1826432943344116,16.0,0.6245978860294118,45.02812957763672,68,22,22,1,1.0
CricketBowling/v_CricketBowling_g01_c02.avi,1.1379947662353516,2.174217700958252,21.840330123901367,0.5467670036764706,87.6797103881836,60,22,22,1,1.0
CricketBowling/v_CricketBowling_g01_c03.avi,0.371372252702713,0.7302459478378296,8.0,0.7329411764705882,6.9848151206970215,65,22,22,1,1.0
CricketBowling/v_CricketBowling_g01_c04.avi,0.8878772258758545,1.6056365966796875,18.11077117919922,0.590625,47.94356536865234,132,22,22,1,1.0
CricketBowling/v_CricketBowling_g01_c05.avi,1.345553636550903,2.354698419570923,32.69556427001953,0.5061925551470589,80.9400863647461,59,22,22,1,1.0
CricketBowling/v_CricketBowling_g01_c06.avi,0.6521802544593811,1.252997636795044,14.142135620117188,0.6402964154411764,48.47893524169922,169,22,22,1,1.0
CricketBowling/v_CricketBowling_g01_c07.avi,1.3395159244537354,2.557199239730835,32.98484420776367,0.5093152573529411,83.1320571899414,119,22,22,1,1.0
CricketBowling/v_CricketBowling_g02_c01.avi,0.3062455058097839,1.0285630226135254,9.219544410705566,0.8535661764705882,18.84026336669922,122,22,22,1,1.0
CricketBowling/v_CricketBowling_g02_c02.avi,1.815089464187622,3.252925157546997,29.017236709594727,0.5804434742647059,193.54075622558597,99,22,22,1,1.0
CricketBowling/v_CricketBowling_g02_c03.avi,1.0495160818099976,3.038431167602539,57.0,0.6852918198529412,111.5867691040039,114,22,22,1,1.0
CricketBowling/v_CricketBowling_g02_c04.avi,0.9182836413383484,3.373898267745972,57.0,0.75328125,62.18302154541016,158,22,22,1,1.0
CricketBowling/v_CricketBowling_g02_c05.avi,1.0216416120529177,2.7344374656677246,39.0,0.6745266544117647,112.8119125366211,132,22,22,1,1.0
CricketBowling/v_CricketBowling_g02_c06.avi,0.874721109867096,3.1619856357574463,57.00876998901367,0.7503308823529412,111.2550048828125,129,22,22,1,1.0
CricketBowling/v_CricketBowling_g02_c07.avi,0.3383365273475647,1.1031101942062378,16.0,0.8307720588235294,22.90848922729492,122,22,22,1,1.0
CricketBowling/v_CricketBowling_g03_c01.avi,0.5810264945030212,1.2428935766220093,23.0,0.6735523897058824,57.4251823425293,100,22,28,0,0.5441864132881165
CricketBowling/v_CricketBowling_g03_c02.avi,0.9235285520553588,2.568925380706787,43.011627197265625,0.6745611213235294,112.31734466552734,116,22,30,0,0.6958475708961487
CricketBowling/v_CricketBowling_g03_c03.avi,2.123988389968872,3.245701313018799,40.0,0.3227182904411764,308.8904724121094,59,22,30,0,0.9988330006599426
CricketBowling/v_CricketBowling_g03_c04.avi,0.4343595504760742,1.7599375247955322,27.01851272583008,0.8518382352941176,27.084789276123047,100,22,37,0,0.9004682302474976
CricketBowling/v_CricketBowling_g04_c01.avi,7.169295310974121,9.088211059570312,107.0,0.1303308823529411,109.21500396728516,94,22,29,0,0.9957024455070496
CricketBowling/v_CricketBowling_g04_c02.avi,9.917706489562988,13.238414764404297,62.361846923828125,0.1583455882352941,169.29141235351562,100,22,29,0,0.9996662139892578
CricketBowling/v_CricketBowling_g04_c03.avi,11.383692741394045,11.811271667480469,65.0,0.0887362132352941,162.7122802734375,86,22,29,0,0.9989086389541626
CricketBowling/v_CricketBowling_g04_c04.avi,9.562178611755373,12.715850830078123,97.0,0.2060110294117647,94.6756362915039,102,22,29,0,0.9958534240722656
CricketBowling/v_CricketBowling_g04_c05.avi,9.842397689819336,12.753006935119627,115.0,0.195188419117647,100.65070343017578,109,22,29,0,0.999979853630066
CricketBowling/v_CricketBowling_g05_c01.avi,0.4096850454807281,1.2171343564987185,23.34523582458496,0.7988235294117647,17.526966094970703,128,22,22,1,1.0
CricketBowling/v_CricketBowling_g05_c02.avi,0.3541648983955383,1.0461080074310305,16.031219482421875,0.8134535845588236,17.731800079345703,110,22,22,1,1.0
CricketBowling/v_CricketBowling_g05_c03.avi,0.9211847186088562,1.6763790845870972,18.439088821411133,0.6068405330882353,79.14912414550781,97,22,22,1,1.0
CricketBowling/v_CricketBowling_g05_c04.avi,2.535287618637085,3.9562392234802246,46.84015274047852,0.4188970588235294,91.28459167480467,106,22,22,1,0.9999594688415528
CricketBowling/v_CricketBowling_g06_c01.avi,2.218132257461548,4.334833145141602,48.041648864746094,0.4109375,88.91087341308594,159,22,22,1,1.0
CricketBowling/v_CricketBowling_g06_c02.avi,1.915955066680908,3.4986395835876465,37.94733047485352,0.4653561580882352,100.56747436523438,174,22,22,1,1.0
CricketBowling/v_CricketBowling_g06_c03.avi,1.7105224132537842,4.138760089874268,51.97114562988281,0.5992302389705882,117.3717803955078,152,22,22,1,1.0
CricketBowling/v_CricketBowling_g06_c04.avi,1.7761785984039309,4.242580890655518,49.36598205566406,0.5882513786764706,45.54662704467773,149,22,22,1,0.999992847442627
CricketBowling/v_CricketBowling_g06_c05.avi,0.7336282730102539,1.887877106666565,27.01851272583008,0.7165533088235294,11.814901351928713,156,22,7,0,0.9929372668266296
CricketBowling/v_CricketBowling_g07_c01.avi,0.8537878394126892,2.121748924255371,16.031219482421875,0.6989338235294118,52.87611770629883,64,22,22,1,1.0
CricketBowling/v_CricketBowling_g07_c02.avi,1.944541335105896,5.083616256713867,89.0,0.4952895220588235,177.6908721923828,74,22,22,1,0.9999998807907104
CricketBowling/v_CricketBowling_g07_c03.avi,2.431193351745605,3.735648632049561,34.01470184326172,0.3167532169117647,172.70553588867188,73,22,23,0,0.9996585845947266
CricketBowling/v_CricketBowling_g07_c04.avi,15.4475736618042,19.47749900817871,81.0,0.2046622242647058,198.98321533203125,83,22,22,1,0.7871296405792236
CricketShot/v_CricketShot_g01_c01.avi,0.926262378692627,1.5645712614059448,18.027755737304688,0.5419025735294117,74.57916259765625,83,23,22,0,1.0
CricketShot/v_CricketShot_g01_c02.avi,0.9093944430351256,1.7532529830932615,20.59126091003418,0.5770932904411765,127.4046401977539,90,23,22,0,1.0
CricketShot/v_CricketShot_g01_c03.avi,0.7473022937774658,1.7857296466827393,31.0161247253418,0.641171875,72.392333984375,94,23,22,0,1.0
CricketShot/v_CricketShot_g01_c04.avi,0.9468783736228944,1.8280349969863887,19.697715759277344,0.5567279411764706,131.14285278320312,71,23,22,0,1.0
CricketShot/v_CricketShot_g01_c05.avi,0.5870167016983032,1.1991437673568726,17.029386520385742,0.6624908088235294,71.4241714477539,94,23,22,0,0.9999990463256836
CricketShot/v_CricketShot_g01_c06.avi,0.7334575057029724,1.4230022430419922,24.020824432373047,0.6048299632352941,101.89613342285156,75,23,22,0,1.0
CricketShot/v_CricketShot_g01_c07.avi,0.6982999444007874,1.251204013824463,16.278820037841797,0.6205905330882353,68.01435852050781,70,23,22,0,1.0
CricketShot/v_CricketShot_g02_c01.avi,0.9889771342277528,4.3299641609191895,68.0,0.7965349264705882,109.06180572509766,104,23,23,1,1.0
CricketShot/v_CricketShot_g02_c02.avi,0.6426576375961304,3.3544914722442627,80.0062484741211,0.8347403492647059,112.01570892333984,92,23,23,1,1.0
CricketShot/v_CricketShot_g02_c03.avi,1.0084220170974731,3.603200912475586,64.0,0.7563947610294117,188.55960083007807,96,23,23,1,1.0
CricketShot/v_CricketShot_g02_c04.avi,0.7521126866340637,2.853928565979004,52.009613037109375,0.7998460477941176,76.76544189453125,93,23,23,1,1.0
CricketShot/v_CricketShot_g02_c05.avi,0.8692135214805603,3.154385089874268,46.010868072509766,0.7871691176470588,122.81063079833984,126,23,23,1,1.0
CricketShot/v_CricketShot_g02_c06.avi,0.5896469354629517,1.8701095581054688,30.0,0.7882306985294117,107.45597839355467,95,23,23,1,1.0
CricketShot/v_CricketShot_g02_c07.avi,0.6219751834869385,1.9669053554534912,26.92582321166992,0.79921875,140.65838623046875,93,23,23,1,1.0
CricketShot/v_CricketShot_g03_c01.avi,1.645458698272705,2.4262797832489014,19.84943389892578,0.4658272058823529,166.53176879882812,91,23,22,0,0.5243633985519409
CricketShot/v_CricketShot_g03_c02.avi,3.335235595703125,4.014974594116211,40.199501037597656,0.2251815257352941,339.3826599121094,103,23,23,1,0.97651344537735
CricketShot/v_CricketShot_g03_c03.avi,1.3689647912979126,1.2362840175628662,16.0,0.1894806985294117,192.95384216308597,92,23,23,1,0.8752593398094177
CricketShot/v_CricketShot_g03_c04.avi,3.133204221725464,3.1176023483276367,35.35533905029297,0.2652803308823529,399.0173645019531,100,23,23,1,0.9999929666519164
CricketShot/v_CricketShot_g03_c05.avi,5.130688667297363,5.659012794494629,29.0,0.3206893382352941,249.7637634277344,104,23,22,0,0.964813768863678
CricketShot/v_CricketShot_g03_c06.avi,2.9272918701171875,2.31611704826355,30.528675079345703,0.2161443014705882,239.75521850585935,141,23,22,0,0.9949700236320496
CricketShot/v_CricketShot_g03_c07.avi,2.6173441410064697,4.608558177947998,53.0,0.582922794117647,237.6179962158203,102,23,22,0,0.9969570636749268
CricketShot/v_CricketShot_g04_c01.avi,0.925463855266571,1.9728045463562007,23.194826126098636,0.5691061580882353,117.1573257446289,79,23,22,0,0.9992986917495728
CricketShot/v_CricketShot_g04_c02.avi,1.1066944599151611,2.219503402709961,32.202484130859375,0.5387545955882352,147.87001037597656,115,23,22,0,0.9999635219573976
CricketShot/v_CricketShot_g04_c03.avi,1.1235673427581787,2.2348132133483887,27.0,0.5457329963235295,136.10379028320312,98,23,22,0,0.9868037104606628
CricketShot/v_CricketShot_g04_c04.avi,0.9787426590919496,2.2245583534240723,41.01219177246094,0.5567210477941177,156.4208526611328,74,23,22,0,0.6359272599220276
CricketShot/v_CricketShot_g04_c05.avi,0.9795964956283568,1.8775701522827148,27.073972702026367,0.5596714154411765,139.20619201660156,83,23,22,0,0.8688772320747375
CricketShot/v_CricketShot_g04_c06.avi,1.0680609941482544,2.4390830993652344,27.294687271118164,0.5879342830882353,134.620361328125,76,23,22,0,0.9997735619544984
CricketShot/v_CricketShot_g04_c07.avi,1.5470250844955444,3.1680939197540283,41.19466018676758,0.4833731617647059,189.3480682373047,87,23,22,0,0.9649354815483092
CricketShot/v_CricketShot_g05_c01.avi,0.6713597178459167,2.1407155990600586,36.0,0.7927573529411764,125.83841705322266,55,23,23,1,1.0
CricketShot/v_CricketShot_g05_c02.avi,0.2522857189178467,0.9767287373542786,14.0,0.8794117647058823,40.71642303466797,63,23,23,1,1.0
CricketShot/v_CricketShot_g05_c03.avi,0.7128347754478455,2.478916645050049,58.03447341918945,0.7682697610294118,148.15879821777344,76,23,23,1,1.0
CricketShot/v_CricketShot_g05_c04.avi,0.9426336884498596,2.377015352249145,28.65309715270996,0.7234191176470588,216.38720703125,56,23,23,1,1.0
CricketShot/v_CricketShot_g05_c05.avi,0.7704212665557861,2.195158004760742,32.0,0.7622541360294117,188.5328521728516,55,23,23,1,0.9999997615814208
CricketShot/v_CricketShot_g05_c06.avi,0.2901868522167206,1.0363526344299316,14.764822959899902,0.8735294117647059,49.91242980957031,64,23,23,1,1.0
CricketShot/v_CricketShot_g05_c07.avi,0.2417726963758468,0.9901360869407654,13.34166431427002,0.8952941176470588,34.481712341308594,65,23,23,1,1.0
CricketShot/v_CricketShot_g06_c01.avi,1.4278239011764526,2.1420066356658936,16.0,0.490110294117647,52.118927001953125,121,23,37,0,0.7870284914970398
CricketShot/v_CricketShot_g06_c02.avi,2.552982807159424,2.2259509563446045,26.248809814453125,0.1154825367647058,195.2732696533203,126,23,23,1,0.9887114763259888
CricketShot/v_CricketShot_g06_c03.avi,1.9126101732254028,2.210610866546631,23.53720474243164,0.3068520220588235,271.9120483398437,117,23,23,1,0.7931106686592102
CricketShot/v_CricketShot_g06_c04.avi,1.03728985786438,1.1305314302444458,21.0,0.362454044117647,137.91555786132812,134,23,23,1,0.8006937503814697
CricketShot/v_CricketShot_g06_c05.avi,0.1320364624261856,0.4269765615463257,6.0,0.8884191176470588,37.41303634643555,121,23,37,0,0.9575634002685548
CricketShot/v_CricketShot_g06_c06.avi,0.5778856873512268,0.7927985787391663,13.0,0.5482444852941176,76.58860778808594,168,23,37,0,0.7785270810127258
CricketShot/v_CricketShot_g06_c07.avi,4.514928340911865,4.292616367340088,27.0,0.0420680147058823,374.2532348632813,99,23,23,1,0.6834086179733276
CricketShot/v_CricketShot_g07_c01.avi,3.042041063308716,3.3189051151275635,43.931766510009766,0.0447242647058823,222.0914001464844,99,23,23,1,0.999953031539917
CricketShot/v_CricketShot_g07_c02.avi,1.8735371828079224,1.4598302841186523,11.40175437927246,0.1452803308823529,47.089454650878906,125,23,23,1,0.9996718168258668
CricketShot/v_CricketShot_g07_c03.avi,14.323451042175291,12.058110237121582,51.009803771972656,0.0080422794117647,215.8163604736328,133,23,23,1,0.9999810457229614
CricketShot/v_CricketShot_g07_c04.avi,5.484545230865479,5.269031047821045,40.70626449584961,0.018203125,367.7102966308594,117,23,35,0,0.590502917766571
CricketShot/v_CricketShot_g07_c05.avi,7.653594493865967,7.7974677085876465,60.20797348022461,0.0841613051470588,384.8941345214844,118,23,35,0,0.8367191553115845
CricketShot/v_CricketShot_g07_c06.avi,7.126363754272461,5.0332441329956055,35.35533905029297,0.0455928308823529,147.0136260986328,98,23,92,0,0.9999773502349854
CricketShot/v_CricketShot_g07_c07.avi,3.4069912433624268,3.27795934677124,24.515300750732425,0.2703033088235294,91.15878295898438,101,23,83,0,0.9982061386108398
CuttingInKitchen/v_CuttingInKitchen_g01_c01.avi,5.982632160186768,11.488057136535645,120.54045104980467,0.3979756433823529,288.9984130859375,300,24,24,1,1.0
CuttingInKitchen/v_CuttingInKitchen_g01_c02.avi,3.78692364692688,7.308565616607666,62.07253646850586,0.4466176470588235,145.189208984375,104,24,24,1,1.0
CuttingInKitchen/v_CuttingInKitchen_g01_c03.avi,8.778679847717285,14.851037979125977,147.76332092285156,0.3906364889705882,1062.9378662109375,161,24,24,1,1.0
CuttingInKitchen/v_CuttingInKitchen_g01_c04.avi,13.225951194763184,21.16287422180176,162.44383239746094,0.365383731617647,1188.453369140625,168,24,24,1,1.0
CuttingInKitchen/v_CuttingInKitchen_g01_c05.avi,16.802494049072266,27.76181411743164,223.98660278320312,0.2936833639705882,998.1497192382812,218,24,24,1,1.0
CuttingInKitchen/v_CuttingInKitchen_g02_c01.avi,2.6633782386779785,9.124296188354492,119.00420379638672,0.7033088235294118,123.216064453125,79,24,24,1,1.0
CuttingInKitchen/v_CuttingInKitchen_g02_c02.avi,2.6286237239837646,5.636388778686523,37.336307525634766,0.6405836397058824,168.3845672607422,88,24,24,1,1.0
CuttingInKitchen/v_CuttingInKitchen_g02_c03.avi,0.5018054246902466,1.3875073194503784,14.0,0.8186029411764706,15.778350830078123,122,24,24,1,1.0
CuttingInKitchen/v_CuttingInKitchen_g02_c04.avi,1.508506417274475,3.8319458961486816,39.0,0.7209191176470588,129.78057861328125,146,24,24,1,1.0
CuttingInKitchen/v_CuttingInKitchen_g03_c01.avi,2.344961166381836,4.187469005584717,46.173583984375,0.4754273897058823,70.8934097290039,265,24,24,1,1.0
CuttingInKitchen/v_CuttingInKitchen_g03_c02.avi,1.4696227312088013,3.284538745880127,52.0,0.6013327205882353,72.23299407958984,200,24,24,1,1.0
CuttingInKitchen/v_CuttingInKitchen_g03_c03.avi,2.0838794708251958,4.808035850524902,48.25971221923828,0.5701332720588236,93.25660705566406,265,24,24,1,1.0
CuttingInKitchen/v_CuttingInKitchen_g03_c04.avi,2.9005355834960938,5.42880392074585,54.91812133789063,0.5009903492647059,108.62325286865234,259,24,24,1,1.0
CuttingInKitchen/v_CuttingInKitchen_g04_c01.avi,12.66176700592041,15.160605430603027,134.48048400878906,0.0752987132352941,1157.2855224609375,96,24,24,1,1.0
CuttingInKitchen/v_CuttingInKitchen_g04_c02.avi,13.735307693481444,20.299814224243164,165.67739868164062,0.2404917279411764,718.7544555664062,151,24,24,1,0.9999977350234984
CuttingInKitchen/v_CuttingInKitchen_g04_c03.avi,5.507521152496338,8.136798858642578,84.95881652832031,0.1921047794117647,200.27171325683597,140,24,24,1,1.0
CuttingInKitchen/v_CuttingInKitchen_g04_c04.avi,2.924079418182373,4.841496467590332,39.59798049926758,0.3584834558823529,99.98699951171876,181,24,24,1,0.9997630715370178
CuttingInKitchen/v_CuttingInKitchen_g04_c05.avi,14.090776443481444,14.973493576049805,144.30870056152344,0.1086190257352941,849.5849609375,207,24,24,1,1.0
CuttingInKitchen/v_CuttingInKitchen_g05_c01.avi,0.97017902135849,2.700556993484497,25.238859176635746,0.7580974264705882,65.84642028808594,236,24,53,0,0.6740125417709351
CuttingInKitchen/v_CuttingInKitchen_g05_c02.avi,1.0446854829788208,3.207395315170288,32.893768310546875,0.7910615808823529,40.1317024230957,233,24,24,1,0.9983186721801758
CuttingInKitchen/v_CuttingInKitchen_g05_c03.avi,0.547961413860321,1.7923051118850708,22.0,0.8327573529411765,21.835102081298828,250,24,24,1,0.9947595000267028
CuttingInKitchen/v_CuttingInKitchen_g05_c04.avi,3.1119184494018555,8.104524612426758,57.68881988525391,0.7019117647058823,317.2855224609375,231,24,24,1,0.9979203343391418
CuttingInKitchen/v_CuttingInKitchen_g05_c05.avi,0.8797292113304138,2.3035311698913574,21.0,0.7614131433823529,39.44927978515625,237,24,24,1,0.9973817467689514
CuttingInKitchen/v_CuttingInKitchen_g05_c06.avi,1.0869693756103516,3.5422282218933105,45.27692413330078,0.8066153492647059,109.11875915527344,140,24,24,1,0.6700195074081421
CuttingInKitchen/v_CuttingInKitchen_g06_c01.avi,1.9811701774597168,5.63426399230957,72.00694274902344,0.6863970588235294,54.67758941650391,242,24,24,1,1.0
CuttingInKitchen/v_CuttingInKitchen_g06_c02.avi,1.3961418867111206,2.946648120880127,38.0,0.6318841911764705,31.54134750366211,272,24,24,1,1.0
CuttingInKitchen/v_CuttingInKitchen_g06_c03.avi,5.287783622741699,10.88514518737793,109.11461639404295,0.4230836397058823,100.2123794555664,225,24,24,1,1.0
CuttingInKitchen/v_CuttingInKitchen_g06_c04.avi,7.969414710998535,13.804014205932615,140.08926391601562,0.3531318933823529,527.35986328125,167,24,24,1,1.0
CuttingInKitchen/v_CuttingInKitchen_g06_c05.avi,6.384251594543457,12.180075645446776,99.2471694946289,0.4631181066176471,122.9633560180664,150,24,24,1,1.0
CuttingInKitchen/v_CuttingInKitchen_g07_c01.avi,8.700779914855957,12.093483924865724,90.07774353027344,0.29453125,456.1951599121094,81,24,24,1,1.0
CuttingInKitchen/v_CuttingInKitchen_g07_c02.avi,0.42769855260849,1.0628832578659058,10.0,0.7648529411764706,18.53225326538086,64,24,24,1,0.9992938041687012
CuttingInKitchen/v_CuttingInKitchen_g07_c03.avi,3.48372483253479,4.564378261566162,37.64305877685547,0.4147426470588235,83.54756164550781,62,24,24,1,1.0
CuttingInKitchen/v_CuttingInKitchen_g07_c04.avi,4.248013973236084,6.187896251678467,52.63079071044922,0.2772403492647058,264.1622619628906,97,24,24,1,1.0
Diving/v_Diving_g01_c01.avi,3.20878267288208,4.211826324462891,56.080299377441406,0.2590372242647059,230.53125,258,25,25,1,1.0
Diving/v_Diving_g01_c02.avi,1.7800122499465942,2.0399832725524902,25.05992889404297,0.1940464154411764,171.09402465820312,281,25,25,1,1.0
Diving/v_Diving_g01_c03.avi,5.411534309387207,5.474247932434082,41.231056213378906,0.2148943014705882,309.49224853515625,213,25,25,1,1.0
Diving/v_Diving_g01_c04.avi,15.540040969848633,13.949274063110352,59.05929183959961,0.0570404411764705,449.405029296875,231,25,25,1,1.0
Diving/v_Diving_g01_c05.avi,9.178560256958008,9.997451782226562,64.0,0.0826976102941176,465.5115356445313,233,25,25,1,1.0
Diving/v_Diving_g01_c06.avi,3.872366428375244,3.65998911857605,29.529645919799805,0.0829365808823529,191.6964874267578,254,25,25,1,1.0
Diving/v_Diving_g01_c07.avi,2.113117218017578,3.9732818603515625,54.00925827026367,0.3831709558823529,100.76558685302734,242,25,25,1,1.0
Diving/v_Diving_g02_c01.avi,0.6615687608718872,2.586132049560547,43.65776062011719,0.8233455882352941,110.38043212890624,133,25,25,1,1.0
Diving/v_Diving_g02_c02.avi,0.5707424879074097,1.906061291694641,22.472204208374023,0.8223897058823529,152.50030517578125,150,25,25,1,1.0
Diving/v_Diving_g02_c03.avi,0.3836258053779602,1.6188721656799316,29.068883895874023,0.8633823529411765,34.63457107543945,127,25,25,1,1.0
Diving/v_Diving_g02_c04.avi,1.3783586025238037,4.195954322814941,61.0,0.6590808823529412,186.7839508056641,159,25,25,1,1.0
Diving/v_Diving_g02_c05.avi,0.6144977807998657,1.813641905784607,35.05709457397461,0.7767279411764706,119.6090850830078,199,25,25,1,1.0
Diving/v_Diving_g02_c06.avi,0.4357503354549408,1.3693349361419678,16.0,0.8225367647058823,53.08612823486328,151,25,25,1,1.0
Diving/v_Diving_g02_c07.avi,0.2884553670883178,1.116697907447815,13.03840446472168,0.8732720588235294,73.6574935913086,122,25,25,1,1.0
Diving/v_Diving_g03_c01.avi,1.787061095237732,2.863811016082764,29.42787742614746,0.5066659007352942,199.19485473632807,191,25,25,1,1.0
Diving/v_Diving_g03_c02.avi,3.398419141769409,3.6306040287017822,40.8166618347168,0.1527205882352941,203.84848022460935,191,25,25,1,1.0
Diving/v_Diving_g03_c03.avi,2.19511342048645,2.0787153244018555,20.615528106689453,0.2272403492647058,125.01710510253906,187,25,25,1,1.0
Diving/v_Diving_g03_c04.avi,3.4233920574188232,4.761145114898682,75.1664810180664,0.3503125,195.27230834960935,197,25,25,1,1.0
Diving/v_Diving_g03_c05.avi,1.29977285861969,1.5845401287078855,32.015621185302734,0.3723161764705882,157.90603637695312,247,25,25,1,1.0
Diving/v_Diving_g03_c06.avi,1.249819040298462,2.6939165592193604,26.01922416687012,0.5382950367647059,200.3123321533203,114,25,25,1,1.0
Diving/v_Diving_g03_c07.avi,2.7087903022766118,12.13892936706543,216.6679534912109,0.5768083639705882,268.4785461425781,102,25,25,1,1.0
Diving/v_Diving_g04_c01.avi,7.197156429290772,5.15975284576416,46.51881408691406,0.0773345588235294,335.39825439453125,105,25,25,1,1.0
Diving/v_Diving_g04_c02.avi,3.88336443901062,3.513561248779297,51.078372955322266,0.2004319852941176,326.42791748046875,97,25,25,1,1.0
Diving/v_Diving_g04_c03.avi,5.53442907333374,10.365227699279783,52.23983001708984,0.4812339154411765,236.2049560546875,145,25,25,1,1.0
Diving/v_Diving_g04_c04.avi,2.9463999271392822,3.248358964920044,42.0,0.2830606617647059,140.76840209960938,284,25,25,1,1.0
Diving/v_Diving_g04_c05.avi,4.195289611816406,4.260668277740479,45.17742919921875,0.1991084558823529,228.11376953125,149,25,25,1,1.0
Diving/v_Diving_g04_c06.avi,10.954010009765623,11.904664993286133,69.81404113769531,0.064765625,534.7782592773438,119,25,25,1,1.0
Diving/v_Diving_g04_c07.avi,6.579117298126221,5.954970359802246,36.0,0.1737316176470588,381.04534912109375,149,25,25,1,1.0
Diving/v_Diving_g05_c01.avi,0.8616465330123901,2.8115837574005127,44.55333709716797,0.7633340992647059,97.8078155517578,109,25,25,1,1.0
Diving/v_Diving_g05_c02.avi,1.4320460557937622,5.060050487518311,69.46221923828125,0.7506525735294117,62.13951873779297,157,25,25,1,1.0
Diving/v_Diving_g05_c03.avi,0.6114904880523682,1.9602845907211304,28.23118782043457,0.8067210477941177,40.63581085205078,105,25,25,1,1.0
Diving/v_Diving_g05_c04.avi,0.7513027191162109,2.3079588413238525,24.59674835205078,0.7624632352941176,51.5566520690918,129,25,25,1,1.0
Diving/v_Diving_g05_c05.avi,1.4222729206085205,4.1315436363220215,60.29925537109375,0.6907008272058823,109.9125747680664,100,25,25,1,0.9999998807907104
Diving/v_Diving_g05_c06.avi,1.497930645942688,3.721302509307861,43.41658782958984,0.6598805147058824,155.46871948242188,59,25,25,1,1.0
Diving/v_Diving_g06_c01.avi,1.1085141897201538,1.665923237800598,24.020824432373047,0.531608455882353,147.7445526123047,211,25,25,1,1.0
Diving/v_Diving_g06_c02.avi,1.8630937337875368,3.107478380203247,35.05709457397461,0.3957582720588235,193.7543029785156,208,25,25,1,1.0
Diving/v_Diving_g06_c03.avi,4.46568489074707,5.466115474700928,50.0099983215332,0.0792624080882353,424.0254821777344,235,25,25,1,1.0
Diving/v_Diving_g06_c04.avi,1.6117419004440308,2.3215153217315674,28.07133674621582,0.4890510110294118,203.270263671875,215,25,25,1,1.0
Diving/v_Diving_g06_c05.avi,2.32324743270874,2.893091917037964,17.0880069732666,0.3322449448529412,81.35892486572266,124,25,25,1,1.0
Diving/v_Diving_g06_c06.avi,5.00650691986084,5.533623218536377,42.48529052734375,0.116711856617647,341.3747253417969,218,25,25,1,1.0
Diving/v_Diving_g06_c07.avi,0.4226177930831909,0.7819875478744507,8.062257766723633,0.7036672794117647,21.64897346496582,241,25,25,1,1.0
Diving/v_Diving_g07_c01.avi,10.858351707458496,10.150632858276367,94.0,0.2162247242647058,853.1832885742188,178,25,25,1,1.0
Diving/v_Diving_g07_c02.avi,1.7188119888305664,3.1342310905456543,53.5350341796875,0.5274862132352941,570.1845703125,157,25,25,1,1.0
Diving/v_Diving_g07_c03.avi,2.6706531047821045,5.080905914306641,54.147945404052734,0.5211029411764706,112.2230224609375,215,25,25,1,1.0
Diving/v_Diving_g07_c04.avi,6.6781325340271,5.986917018890381,41.0,0.1535248161764706,316.4266357421875,172,25,25,1,1.0
Drumming/v_Drumming_g01_c01.avi,0.7461028695106506,3.1318235397338867,46.48655700683594,0.8484742647058824,528.5255126953125,299,26,26,1,1.0
Drumming/v_Drumming_g01_c02.avi,0.4308171570301056,1.2778328657150269,16.552946090698242,0.7950091911764706,260.9029235839844,299,26,26,1,1.0
Drumming/v_Drumming_g01_c03.avi,1.0897032022476196,2.457489252090454,39.29376602172852,0.5118956801470588,480.2539978027344,299,26,26,1,1.0
Drumming/v_Drumming_g01_c04.avi,4.29977560043335,6.868982791900635,81.09870910644531,0.1103791360294117,880.095703125,299,26,26,1,1.0
Drumming/v_Drumming_g01_c05.avi,2.661790609359741,4.428130626678467,48.25971221923828,0.2842371323529412,838.7483520507812,299,26,26,1,1.0
Drumming/v_Drumming_g01_c06.avi,2.7121353149414062,4.629976749420166,57.30619430541992,0.309680606617647,898.4671630859375,299,26,26,1,1.0
Drumming/v_Drumming_g01_c07.avi,8.15904426574707,8.864614486694336,55.03635025024414,0.2413028492647058,827.1564331054688,299,26,26,1,1.0
Drumming/v_Drumming_g02_c01.avi,2.490384101867676,5.215083122253418,65.52098846435547,0.6401102941176471,315.6653137207031,299,26,26,1,1.0
Drumming/v_Drumming_g02_c02.avi,6.916787147521973,12.599309921264648,93.23089599609376,0.4924425551470588,895.25244140625,299,26,26,1,1.0
Drumming/v_Drumming_g02_c03.avi,3.789605855941773,6.467148780822754,52.03844833374024,0.5258088235294117,677.6397705078125,299,26,26,1,1.0
Drumming/v_Drumming_g02_c04.avi,5.987958908081055,10.669215202331545,82.2982406616211,0.4866176470588235,671.4122314453125,299,26,26,1,1.0
Drumming/v_Drumming_g02_c05.avi,3.948351383209229,7.615476608276367,74.81310272216797,0.5286971507352941,581.9349365234375,299,26,26,1,1.0
Drumming/v_Drumming_g02_c06.avi,4.835991382598877,10.650928497314451,105.80170440673828,0.4983501838235294,867.1497192382812,299,26,26,1,1.0
Drumming/v_Drumming_g02_c07.avi,5.237392425537109,9.892915725708008,79.2022705078125,0.4885294117647059,752.9215698242188,299,26,26,1,1.0
Drumming/v_Drumming_g03_c01.avi,3.416738510131836,5.537920475006104,54.0,0.4317325367647059,660.6282958984375,176,26,26,1,1.0
Drumming/v_Drumming_g03_c02.avi,0.7997331023216248,2.3644914627075195,27.0,0.7751171875,462.9161071777344,230,26,26,1,1.0
Drumming/v_Drumming_g03_c03.avi,2.7891716957092285,5.200175762176514,58.694122314453125,0.4368658088235294,356.3963317871094,110,26,26,1,0.999987006187439
Drumming/v_Drumming_g03_c04.avi,2.5771148204803467,5.019260883331299,71.16881561279297,0.4834420955882353,677.5697021484375,173,26,26,1,1.0
Drumming/v_Drumming_g03_c05.avi,0.7408192157745361,2.010140180587769,26.83281517028809,0.7092348345588235,458.9361267089844,152,26,26,1,0.9999991655349731
Drumming/v_Drumming_g04_c01.avi,4.9279866218566895,5.386166095733643,72.36711883544922,0.1937522977941176,206.0901336669922,299,26,26,1,1.0
Drumming/v_Drumming_g04_c02.avi,3.878437995910645,4.5620527267456055,53.600372314453125,0.2034122242647058,154.91244506835938,299,26,26,1,1.0
Drumming/v_Drumming_g04_c03.avi,2.6671571731567383,3.913640260696411,61.814239501953125,0.2393566176470588,197.55563354492188,299,26,26,1,1.0
Drumming/v_Drumming_g04_c04.avi,2.0802652835845947,3.713703632354736,45.27692413330078,0.3087339154411764,147.20407104492188,299,26,26,1,1.0
Drumming/v_Drumming_g04_c05.avi,1.9086085557937624,3.8439462184906006,50.0099983215332,0.4211626838235294,220.4412078857422,299,26,26,1,1.0
Drumming/v_Drumming_g04_c06.avi,5.052645683288574,5.485313415527344,41.78516387939453,0.2090188419117647,285.9032287597656,299,26,26,1,1.0
Drumming/v_Drumming_g04_c07.avi,2.0949506759643555,4.342262268066406,68.4689712524414,0.3435271139705882,172.65811157226562,299,26,26,1,1.0
Drumming/v_Drumming_g05_c01.avi,1.3574360609054563,3.6379482746124263,49.92995071411133,0.6820013786764706,237.8453063964844,169,26,26,1,1.0
Drumming/v_Drumming_g05_c02.avi,2.268895387649536,4.786945819854736,65.51335906982422,0.5603952205882353,411.0235290527344,176,26,26,1,1.0
Drumming/v_Drumming_g05_c03.avi,3.1637158393859863,7.041236877441406,69.02897644042969,0.5297403492647059,614.4483032226562,175,26,26,1,1.0
Drumming/v_Drumming_g05_c04.avi,1.6566301584243774,3.4783146381378174,43.8292121887207,0.596881893382353,341.71307373046875,207,26,26,1,1.0
Drumming/v_Drumming_g05_c05.avi,2.6491122245788574,5.892319679260254,67.06713104248047,0.5401263786764706,426.51763916015625,194,26,26,1,1.0
Drumming/v_Drumming_g05_c06.avi,0.809015154838562,2.351478576660156,44.92215347290039,0.7916567095588235,219.29623413085935,210,26,26,1,1.0
Drumming/v_Drumming_g06_c01.avi,0.4804406464099884,1.653477430343628,22.022714614868164,0.8170473345588235,266.20574951171875,299,26,60,0,0.9895473718643188
Drumming/v_Drumming_g06_c02.avi,0.4408726096153259,1.3736804723739624,17.69180679321289,0.812578125,233.4096221923828,299,26,26,1,0.9994320273399352
Drumming/v_Drumming_g06_c03.avi,0.4948668479919433,1.415407657623291,17.029386520385742,0.7973483455882353,257.4087219238281,299,26,26,1,0.999847650527954
Drumming/v_Drumming_g06_c04.avi,0.4330726563930511,1.3650715351104736,16.278820037841797,0.8272748161764706,247.7991180419922,299,26,26,1,0.9999334812164308
Drumming/v_Drumming_g06_c05.avi,0.4073275923728943,1.3674134016036987,21.40093421936035,0.8277458639705882,200.29617309570312,299,26,26,1,0.9999006986618042
Drumming/v_Drumming_g06_c06.avi,0.3554258346557617,1.0835154056549072,16.124515533447266,0.8259650735294117,235.6735382080078,299,26,26,1,0.9998937845230104
Drumming/v_Drumming_g07_c01.avi,3.862938404083252,6.569259166717529,54.03702545166016,0.5304618566176471,444.7547912597656,299,26,26,1,1.0
Drumming/v_Drumming_g07_c02.avi,3.825748682022095,7.364790439605713,83.63013458251953,0.5748988970588236,435.1329650878906,299,26,26,1,1.0
Drumming/v_Drumming_g07_c03.avi,4.340662479400635,7.1096510887146,64.32728576660156,0.4797242647058823,639.33740234375,299,26,26,1,1.0
Drumming/v_Drumming_g07_c04.avi,4.0170769691467285,7.545053482055664,70.68238830566406,0.5631272977941176,413.9873962402344,299,26,26,1,1.0
Drumming/v_Drumming_g07_c05.avi,5.243424892425537,8.51720142364502,55.0,0.5220886948529412,506.3648986816406,299,26,26,1,1.0
Drumming/v_Drumming_g07_c06.avi,5.00662899017334,8.020862579345703,61.52235412597656,0.4774586397058823,624.8501586914062,299,26,26,1,1.0
Drumming/v_Drumming_g07_c07.avi,3.988338470458984,7.84538459777832,71.02112579345703,0.6174770220588235,618.4672241210938,299,26,26,1,1.0
Fencing/v_Fencing_g01_c01.avi,5.1646037101745605,5.821212291717529,35.22782897949219,0.1720840992647059,400.7459716796875,146,27,27,1,1.0
Fencing/v_Fencing_g01_c02.avi,2.6313438415527344,3.234919786453247,35.51056289672852,0.2850919117647059,332.1102600097656,160,27,27,1,1.0
Fencing/v_Fencing_g01_c03.avi,3.348435163497925,5.637741565704346,43.931766510009766,0.4212408088235294,406.9957275390625,146,27,27,1,1.0
Fencing/v_Fencing_g01_c04.avi,4.443695545196533,5.44514274597168,39.20458984375,0.1667670036764706,330.2546691894531,146,27,27,1,1.0
Fencing/v_Fencing_g01_c05.avi,2.159539222717285,2.941520929336548,28.635643005371094,0.4135110294117647,224.70388793945312,135,27,27,1,1.0
Fencing/v_Fencing_g01_c06.avi,2.373006820678711,3.9417781829833984,30.149627685546875,0.4470381433823529,345.690673828125,173,27,27,1,1.0
Fencing/v_Fencing_g02_c01.avi,3.313390016555786,4.167393207550049,38.05259704589844,0.2566038602941176,469.9479370117188,141,27,27,1,0.9999998807907104
Fencing/v_Fencing_g02_c02.avi,6.902928352355957,8.59768295288086,72.83543395996094,0.2852918198529411,742.5164184570312,131,27,27,1,0.9999994039535522
Fencing/v_Fencing_g02_c03.avi,11.042318344116213,13.235773086547852,68.4689712524414,0.1613028492647059,625.2054443359375,114,27,27,1,1.0
Fencing/v_Fencing_g02_c04.avi,8.179149627685547,11.452096939086914,91.54779815673828,0.3007261029411764,1476.2203369140625,118,27,27,1,0.9999991655349731
Fencing/v_Fencing_g02_c05.avi,7.295548439025879,10.031676292419434,65.19202423095703,0.247727481617647,1224.22705078125,135,27,27,1,1.0
Fencing/v_Fencing_g03_c01.avi,13.8958101272583,14.888649940490724,95.42536163330078,0.0403791360294117,1560.027587890625,119,27,27,1,1.0
Fencing/v_Fencing_g03_c02.avi,2.252419233322144,3.1668701171875,38.47076797485352,0.3130652573529411,939.7405395507812,113,27,5,0,0.8699959516525269
Fencing/v_Fencing_g03_c03.avi,11.943419456481934,13.324281692504885,65.79513549804688,0.1819898897058823,896.5941162109375,110,27,27,1,1.0
Fencing/v_Fencing_g03_c04.avi,3.5012121200561523,5.301175594329834,46.04345703125,0.2799379595588235,554.0682373046875,93,27,27,1,1.0
Fencing/v_Fencing_g03_c05.avi,2.7933766841888428,3.0395267009735107,24.1867733001709,0.2050896139705882,600.6854858398438,137,27,27,1,1.0
Fencing/v_Fencing_g04_c01.avi,12.194336891174316,15.00622844696045,93.0,0.0377113970588235,599.74267578125,169,27,27,1,1.0
Fencing/v_Fencing_g04_c02.avi,6.146973609924316,8.462556838989258,65.0,0.0773092830882353,550.43798828125,135,27,27,1,1.0
Fencing/v_Fencing_g04_c03.avi,1.683405876159668,2.48591685295105,30.066593170166016,0.4829779411764706,259.2953186035156,151,27,27,1,1.0
Fencing/v_Fencing_g04_c04.avi,3.408128499984741,3.049263000488281,19.646883010864254,0.2251907169117647,222.8339080810547,126,27,27,1,1.0
Fencing/v_Fencing_g04_c05.avi,4.951226234436035,5.236186027526856,41.04875183105469,0.1723552389705882,385.6106567382813,109,27,27,1,1.0
Fencing/v_Fencing_g05_c01.avi,10.210795402526855,9.91446590423584,86.70063781738281,0.1795657169117647,513.35986328125,138,27,27,1,1.0
Fencing/v_Fencing_g05_c02.avi,18.02054023742676,18.6120548248291,126.0,0.0227527573529411,651.7506713867188,119,27,27,1,1.0
Fencing/v_Fencing_g05_c03.avi,7.262628555297852,8.239971160888672,59.03388977050781,0.1654411764705882,230.949951171875,128,27,27,1,1.0
Fencing/v_Fencing_g05_c04.avi,7.354722499847412,9.76150608062744,50.0,0.1897863051470588,237.5404815673828,129,27,27,1,1.0
Fencing/v_Fencing_g05_c05.avi,6.148242950439453,6.046865463256836,52.0,0.1796599264705882,245.9163055419922,129,27,27,1,1.0
Fencing/v_Fencing_g06_c01.avi,10.94709014892578,9.038796424865724,45.60701751708984,0.0860179227941176,533.4879150390625,141,27,27,1,1.0
Fencing/v_Fencing_g06_c02.avi,13.741829872131348,27.08938980102539,152.05262756347656,0.2156801470588235,672.6180419921875,150,27,27,1,1.0
Fencing/v_Fencing_g06_c03.avi,5.6073150634765625,5.544005393981934,37.2155876159668,0.2264522058823529,298.7300720214844,125,27,27,1,1.0
Fencing/v_Fencing_g06_c04.avi,0.9653668403625488,1.1346954107284546,10.049875259399414,0.3859283088235294,69.72537231445312,124,27,27,1,1.0
Fencing/v_Fencing_g07_c01.avi,6.868099689483643,8.972826957702637,83.0,0.0741130514705882,397.6435852050781,146,27,27,1,1.0
Fencing/v_Fencing_g07_c02.avi,3.3968169689178467,7.381825447082519,100.0,0.3926700367647059,338.00494384765625,109,27,27,1,1.0
Fencing/v_Fencing_g07_c03.avi,11.41028881072998,16.71650505065918,101.0197982788086,0.1372886029411764,445.77728271484375,110,27,27,1,1.0
Fencing/v_Fencing_g07_c04.avi,2.632857084274292,2.9030394554138184,30.066593170166016,0.2391590073529411,105.43292236328124,122,27,27,1,1.0
FieldHockeyPenalty/v_FieldHockeyPenalty_g01_c01.avi,3.769209384918213,5.440133571624756,51.0,0.2652918198529412,199.81155395507807,130,28,28,1,1.0
FieldHockeyPenalty/v_FieldHockeyPenalty_g01_c02.avi,7.200565814971924,8.128108978271484,87.20664978027344,0.1154296875,404.4343872070313,179,28,28,1,0.9999998807907104
FieldHockeyPenalty/v_FieldHockeyPenalty_g01_c03.avi,6.133233547210693,9.947049140930176,140.0,0.1697863051470588,329.8885803222656,100,28,28,1,1.0
FieldHockeyPenalty/v_FieldHockeyPenalty_g01_c04.avi,1.8483091592788696,2.865248441696167,31.0161247253418,0.4607329963235294,81.33340454101562,153,28,28,1,1.0
FieldHockeyPenalty/v_FieldHockeyPenalty_g01_c05.avi,3.436342477798462,5.36887788772583,70.06425476074219,0.2490647977941176,222.7957305908203,143,28,28,1,1.0
FieldHockeyPenalty/v_FieldHockeyPenalty_g02_c01.avi,0.9087299108505248,2.01697039604187,25.0,0.6618244485294118,179.5843505859375,104,28,21,0,0.4340503513813019
FieldHockeyPenalty/v_FieldHockeyPenalty_g02_c02.avi,0.9708385467529296,1.960318207740784,24.1867733001709,0.6273736213235294,19.257518768310547,140,28,21,0,0.8147573471069336
FieldHockeyPenalty/v_FieldHockeyPenalty_g02_c03.avi,0.859891414642334,1.7045053243637085,24.0,0.6210661764705883,133.30441284179688,150,28,84,0,0.4649670422077179
FieldHockeyPenalty/v_FieldHockeyPenalty_g02_c04.avi,0.9226101636886596,1.9928573369979856,21.587032318115234,0.6506020220588236,20.99267578125,195,28,84,0,0.9807562232017516
FieldHockeyPenalty/v_FieldHockeyPenalty_g02_c05.avi,0.4604355692863464,1.0319818258285522,11.045360565185549,0.7463442095588235,21.88699531555176,168,28,21,0,0.5035414099693298
FieldHockeyPenalty/v_FieldHockeyPenalty_g02_c06.avi,0.8512230515480042,1.9132133722305296,25.01999282836914,0.6474517463235294,165.58180236816406,150,28,21,0,0.7418140769004822
FieldHockeyPenalty/v_FieldHockeyPenalty_g03_c01.avi,2.367281913757324,2.8566253185272217,46.0,0.2028033088235294,154.85476684570312,81,28,84,0,0.9504717588424684
FieldHockeyPenalty/v_FieldHockeyPenalty_g03_c02.avi,6.851629257202148,6.159692287445068,37.20215225219727,0.0172150735294117,163.86636352539062,81,28,28,1,1.0
FieldHockeyPenalty/v_FieldHockeyPenalty_g03_c03.avi,3.556525468826294,4.34522819519043,35.693138122558594,0.2170588235294117,87.25130462646484,33,28,28,1,1.0
FieldHockeyPenalty/v_FieldHockeyPenalty_g03_c04.avi,3.664781332015991,4.318846702575684,45.0444221496582,0.1104113051470588,175.8763885498047,69,28,28,1,0.9999992847442628
FieldHockeyPenalty/v_FieldHockeyPenalty_g04_c01.avi,1.1788896322250366,3.819808006286621,66.00757598876953,0.6352918198529411,234.21435546875,66,28,28,1,0.9999618530273438
FieldHockeyPenalty/v_FieldHockeyPenalty_g04_c02.avi,0.3113701045513153,1.1290926933288574,14.0,0.8758455882352941,60.08642578125,65,28,28,1,0.999913454055786
FieldHockeyPenalty/v_FieldHockeyPenalty_g04_c03.avi,0.9916830062866212,2.6453444957733154,30.0,0.6922288602941177,314.73858642578125,82,28,28,1,0.9996563196182252
FieldHockeyPenalty/v_FieldHockeyPenalty_g04_c04.avi,1.671658277511597,4.0303239822387695,51.088157653808594,0.5676355698529412,491.5744018554688,75,28,28,1,0.9999691247940063
FieldHockeyPenalty/v_FieldHockeyPenalty_g04_c05.avi,0.9113726615905762,2.592606782913208,30.805843353271484,0.6545863970588235,216.2935333251953,85,28,28,1,0.994795024394989
FieldHockeyPenalty/v_FieldHockeyPenalty_g04_c06.avi,1.4163469076156616,3.409646511077881,46.010868072509766,0.6220886948529412,307.5191345214844,86,28,28,1,0.9999988079071044
FieldHockeyPenalty/v_FieldHockeyPenalty_g04_c07.avi,2.1157917976379395,5.088406085968018,59.21148681640625,0.5221783088235294,466.937255859375,57,28,28,1,0.999642252922058
FieldHockeyPenalty/v_FieldHockeyPenalty_g05_c01.avi,4.778512001037598,7.389444828033447,46.09772109985352,0.4012454044117647,145.89517211914062,99,28,28,1,1.0
FieldHockeyPenalty/v_FieldHockeyPenalty_g05_c02.avi,5.774626731872559,7.272211074829102,55.6596794128418,0.3457674632352941,147.24342346191406,76,28,28,1,1.0
FieldHockeyPenalty/v_FieldHockeyPenalty_g05_c03.avi,3.6826775074005127,4.694091796875,55.009090423583984,0.2527527573529411,265.5987548828125,111,28,28,1,1.0
FieldHockeyPenalty/v_FieldHockeyPenalty_g05_c04.avi,4.309210777282715,6.482799530029297,41.1096076965332,0.3290533088235294,116.5417709350586,66,28,28,1,1.0
FieldHockeyPenalty/v_FieldHockeyPenalty_g05_c05.avi,19.38702392578125,26.276935577392575,133.54025268554688,0.2671047794117647,311.7217712402344,71,28,28,1,1.0
FieldHockeyPenalty/v_FieldHockeyPenalty_g05_c06.avi,4.852097511291504,7.540024757385254,40.112342834472656,0.4059053308823529,127.1623077392578,136,28,28,1,1.0
FieldHockeyPenalty/v_FieldHockeyPenalty_g05_c07.avi,3.1033084392547607,5.579683303833008,76.00657653808594,0.4117670036764705,217.3949737548828,106,28,28,1,1.0
FieldHockeyPenalty/v_FieldHockeyPenalty_g06_c01.avi,0.2815502285957336,1.7507963180541992,32.0,0.925514705882353,30.754297256469727,114,28,28,1,0.9999990463256836
FieldHockeyPenalty/v_FieldHockeyPenalty_g06_c02.avi,0.1998126208782196,1.1194589138031006,16.0,0.9296691176470588,4.183149337768555,170,28,28,1,0.9999542236328124
FieldHockeyPenalty/v_FieldHockeyPenalty_g06_c03.avi,0.8567654490470886,6.306455612182617,119.0,0.906875,10.717581748962402,169,28,28,1,0.99955815076828
FieldHockeyPenalty/v_FieldHockeyPenalty_g06_c04.avi,0.8028644919395447,5.012065887451172,86.0,0.9069852941176472,9.264860153198242,147,28,28,1,0.9999768733978271
FieldHockeyPenalty/v_FieldHockeyPenalty_g06_c05.avi,0.1303515136241912,0.7195300459861755,16.0,0.9379779411764706,10.781753540039062,127,28,28,1,0.9999796152114868
FieldHockeyPenalty/v_FieldHockeyPenalty_g06_c06.avi,0.363931804895401,2.502925157546997,46.0,0.930404411764706,4.249319076538086,130,28,28,1,0.9999992847442628
FieldHockeyPenalty/v_FieldHockeyPenalty_g06_c07.avi,0.235406219959259,1.300607442855835,31.0,0.9269485294117648,12.974931716918944,139,28,28,1,0.9999850988388062
FieldHockeyPenalty/v_FieldHockeyPenalty_g07_c01.avi,0.8069956302642822,1.971825122833252,29.017236709594727,0.6877826286764706,68.97953796386719,71,28,28,1,0.999963879585266
FieldHockeyPenalty/v_FieldHockeyPenalty_g07_c02.avi,2.5677475929260254,5.21054744720459,38.32753753662109,0.5607306985294118,172.8754119873047,80,28,22,0,0.9169707298278807
FieldHockeyPenalty/v_FieldHockeyPenalty_g07_c03.avi,0.3630602359771728,1.02197265625,20.0,0.7999632352941176,56.78559494018555,113,28,28,1,0.9999500513076782
FieldHockeyPenalty/v_FieldHockeyPenalty_g07_c04.avi,2.414926528930664,3.294269323348999,33.0151481628418,0.2461557904411764,239.49105834960935,52,28,28,1,1.0
FloorGymnastics/v_FloorGymnastics_g01_c01.avi,15.784093856811523,21.92230224609375,168.0743865966797,0.2263396139705882,884.9989013671875,96,29,29,1,1.0
FloorGymnastics/v_FloorGymnastics_g01_c02.avi,7.457656383514404,13.667243957519531,127.0157470703125,0.3051011029411765,677.8475341796875,193,29,29,1,1.0
FloorGymnastics/v_FloorGymnastics_g01_c03.avi,2.060908555984497,3.517107486724853,22.0,0.425735294117647,262.0160217285156,185,29,29,1,1.0
FloorGymnastics/v_FloorGymnastics_g01_c04.avi,8.20987606048584,13.816837310791016,189.0026397705078,0.3174563419117647,773.3064575195312,135,29,29,1,1.0
FloorGymnastics/v_FloorGymnastics_g01_c05.avi,4.459263801574707,6.865283489227295,85.05292510986328,0.3468887867647058,422.114990234375,129,29,29,1,1.0
FloorGymnastics/v_FloorGymnastics_g02_c01.avi,22.591856002807617,31.55451202392578,184.78366088867188,0.1059650735294117,1386.802978515625,136,29,29,1,1.0
FloorGymnastics/v_FloorGymnastics_g02_c02.avi,25.52826690673828,39.92552947998047,265.22821044921875,0.0896369485294117,686.6100463867188,144,29,29,1,1.0
FloorGymnastics/v_FloorGymnastics_g02_c03.avi,48.42947006225586,49.55049133300781,322.0760803222656,0.1701516544117647,1821.346923828125,118,29,29,1,1.0
FloorGymnastics/v_FloorGymnastics_g02_c04.avi,1.5870250463485718,2.664891481399536,24.04162979125977,0.4483455882352941,73.55007934570312,124,29,29,1,1.0
FloorGymnastics/v_FloorGymnastics_g03_c01.avi,17.96795082092285,26.92583274841309,138.13037109375,0.1198874080882353,360.3375244140625,140,29,29,1,0.9999593496322632
FloorGymnastics/v_FloorGymnastics_g03_c02.avi,12.051130294799805,22.13179588317871,137.0,0.2449701286764705,552.2257080078125,142,29,29,1,0.9724342823028564
FloorGymnastics/v_FloorGymnastics_g03_c03.avi,1.9846235513687132,3.582497358322144,62.0,0.4060454963235294,84.8423080444336,152,29,29,1,1.0
FloorGymnastics/v_FloorGymnastics_g03_c04.avi,18.84883117675781,23.626510620117188,147.0850067138672,0.203196231617647,633.5548706054688,160,29,29,1,0.9999945163726808
FloorGymnastics/v_FloorGymnastics_g04_c01.avi,5.486373424530029,6.225833415985107,33.241539001464844,0.0891636029411764,238.96511840820312,94,29,29,1,1.0
FloorGymnastics/v_FloorGymnastics_g04_c02.avi,16.118459701538086,14.444805145263672,125.00399780273438,0.0637614889705882,624.4553833007812,97,29,29,1,1.0
FloorGymnastics/v_FloorGymnastics_g04_c03.avi,17.769990921020508,22.246315002441406,85.47514343261719,0.0633386948529411,838.5533447265625,270,29,29,1,1.0
FloorGymnastics/v_FloorGymnastics_g04_c04.avi,10.608798027038574,9.897672653198242,48.0,0.0984972426470588,282.1298217773437,138,29,29,1,1.0
FloorGymnastics/v_FloorGymnastics_g04_c05.avi,14.59451961517334,16.67658042907715,111.11255645751952,0.1469829963235294,546.4837646484375,162,29,29,1,1.0
FloorGymnastics/v_FloorGymnastics_g05_c01.avi,5.054054260253906,6.923348903656006,67.0,0.3820565257352941,727.2348022460938,179,29,29,1,1.0
FloorGymnastics/v_FloorGymnastics_g05_c02.avi,5.950619697570801,8.466859817504883,48.0,0.3774954044117647,633.6258544921875,210,29,29,1,1.0
FloorGymnastics/v_FloorGymnastics_g05_c03.avi,12.173633575439451,18.280012130737305,111.46299743652344,0.4205997242647059,462.8313598632813,161,29,29,1,1.0
FloorGymnastics/v_FloorGymnastics_g05_c04.avi,4.206618309020996,7.300390720367432,120.0,0.3716567095588235,621.6978149414062,115,29,29,1,1.0
FloorGymnastics/v_FloorGymnastics_g06_c01.avi,18.16657829284668,23.98857307434082,126.0,0.1153262867647058,521.416015625,154,29,29,1,1.0
FloorGymnastics/v_FloorGymnastics_g06_c02.avi,5.66133451461792,7.966024875640869,53.75872039794922,0.1724632352941176,148.86109924316406,181,29,29,1,1.0
FloorGymnastics/v_FloorGymnastics_g06_c03.avi,2.3294968605041504,3.7707059383392334,36.359317779541016,0.3470588235294117,51.41013717651367,183,29,29,1,1.0
FloorGymnastics/v_FloorGymnastics_g06_c04.avi,0.860158383846283,2.8153810501098637,42.0,0.7636764705882353,233.2753143310547,177,29,29,1,0.9996297359466552
FloorGymnastics/v_FloorGymnastics_g06_c05.avi,0.788008987903595,3.2473080158233643,58.0,0.8011098345588236,94.2748031616211,175,29,29,1,0.9999994039535522
FloorGymnastics/v_FloorGymnastics_g06_c06.avi,0.5495766997337341,1.9461396932601929,33.2866325378418,0.8323529411764706,111.16536712646484,196,29,29,1,0.9999985694885254
FloorGymnastics/v_FloorGymnastics_g06_c07.avi,0.5293081402778625,2.263617038726806,35.0,0.8473345588235294,101.73748016357422,196,29,29,1,0.9999943971633912
FloorGymnastics/v_FloorGymnastics_g07_c01.avi,26.46807861328125,34.68004608154297,144.8067626953125,0.2346208639705882,269.67352294921875,141,29,29,1,0.9999825954437256
FloorGymnastics/v_FloorGymnastics_g07_c02.avi,2.4750280380249023,2.466126680374145,15.65247631072998,0.2598897058823529,59.81703567504883,125,29,29,1,1.0
FloorGymnastics/v_FloorGymnastics_g07_c03.avi,2.3190619945526123,2.513849258422852,31.0161247253418,0.3133892463235294,25.94631004333496,122,29,29,1,1.0
FloorGymnastics/v_FloorGymnastics_g07_c04.avi,10.555563926696776,12.818950653076172,139.56002807617188,0.0986374080882352,745.550537109375,132,29,29,1,0.9999992847442628
FloorGymnastics/v_FloorGymnastics_g07_c05.avi,30.28552627563477,36.00936508178711,172.74258422851562,0.0900229779411764,742.2205200195312,173,29,29,1,0.9877943992614746
FloorGymnastics/v_FloorGymnastics_g07_c06.avi,35.59318542480469,40.75948333740234,224.2699279785156,0.0581272977941176,495.0882263183594,112,29,29,1,0.9936624765396118
FloorGymnastics/v_FloorGymnastics_g07_c07.avi,11.234904289245604,14.323254585266112,75.43209075927734,0.3501171875,315.92010498046875,136,29,29,1,1.0
FrisbeeCatch/v_FrisbeeCatch_g01_c01.avi,16.24651527404785,29.73318862915039,337.0,0.2088028492647058,186.41159057617188,102,30,30,1,1.0
FrisbeeCatch/v_FrisbeeCatch_g01_c02.avi,2.068811416625977,2.6953699588775635,16.031219482421875,0.3869485294117647,28.809240341186523,63,30,30,1,1.0
FrisbeeCatch/v_FrisbeeCatch_g01_c03.avi,13.823731422424316,17.05042266845703,78.77182006835938,0.1740487132352941,321.47039794921875,99,30,30,1,0.9999946355819702
FrisbeeCatch/v_FrisbeeCatch_g01_c04.avi,27.09012222290039,35.22965621948242,295.0067749023437,0.1946668198529411,399.9718017578125,90,30,30,1,0.9999991655349731
FrisbeeCatch/v_FrisbeeCatch_g01_c05.avi,6.98314905166626,12.210159301757812,80.0,0.4133823529411765,178.1461944580078,84,30,30,1,1.0
FrisbeeCatch/v_FrisbeeCatch_g01_c06.avi,10.082874298095703,17.05483055114746,150.16323852539062,0.2758869485294117,360.7508239746094,101,30,30,1,1.0
FrisbeeCatch/v_FrisbeeCatch_g02_c01.avi,7.079418659210205,11.096109390258787,46.38965225219727,0.3197679227941176,220.79556274414065,107,30,30,1,1.0
FrisbeeCatch/v_FrisbeeCatch_g02_c02.avi,12.574662208557127,17.260194778442383,66.06814575195312,0.1964682904411764,226.53536987304688,85,30,30,1,1.0
FrisbeeCatch/v_FrisbeeCatch_g02_c03.avi,22.537134170532227,28.034822463989254,154.1590118408203,0.1760638786764705,450.4873962402344,98,30,30,1,1.0
FrisbeeCatch/v_FrisbeeCatch_g02_c04.avi,13.775790214538574,24.724639892578125,116.1077117919922,0.2649333639705882,308.0318603515625,105,30,30,1,1.0
FrisbeeCatch/v_FrisbeeCatch_g02_c05.avi,19.01079559326172,22.971534729003903,93.0859832763672,0.2580974264705882,352.8916931152344,89,30,30,1,1.0
FrisbeeCatch/v_FrisbeeCatch_g03_c01.avi,10.57900047302246,23.31025695800781,110.04090118408205,0.1764751838235294,315.94384765625,68,30,28,0,0.9990617632865906
FrisbeeCatch/v_FrisbeeCatch_g03_c02.avi,0.6353937387466431,2.5843605995178223,49.01020431518555,0.86375,214.0609436035156,98,30,28,0,0.9999685287475586
FrisbeeCatch/v_FrisbeeCatch_g03_c03.avi,9.893599510192873,11.703875541687012,60.008331298828125,0.2578308823529411,584.193359375,56,30,30,1,0.9999979734420776
FrisbeeCatch/v_FrisbeeCatch_g03_c04.avi,0.4355718493461609,1.5082741975784302,20.099750518798828,0.8584926470588236,240.9375,94,30,30,1,1.0
FrisbeeCatch/v_FrisbeeCatch_g03_c05.avi,1.094696283340454,3.122394323348999,52.0,0.6564246323529411,207.10446166992188,56,30,30,1,1.0
FrisbeeCatch/v_FrisbeeCatch_g04_c01.avi,5.195833683013916,5.98635721206665,31.0,0.2024241727941176,213.14059448242188,76,30,30,1,1.0
FrisbeeCatch/v_FrisbeeCatch_g04_c02.avi,7.749359607696533,18.111801147460938,88.0227279663086,0.2874632352941176,458.4134826660156,68,30,30,1,1.0
FrisbeeCatch/v_FrisbeeCatch_g04_c03.avi,6.889373779296875,8.0059175491333,40.0,0.2674264705882353,215.19985961914065,67,30,30,1,1.0
FrisbeeCatch/v_FrisbeeCatch_g04_c04.avi,2.488048791885376,3.344851493835449,15.0,0.3052205882352941,92.73844146728516,62,30,30,1,1.0
FrisbeeCatch/v_FrisbeeCatch_g04_c05.avi,5.698954105377197,9.758420944213867,87.02298736572266,0.2782444852941176,284.24102783203125,82,30,30,1,1.0
FrisbeeCatch/v_FrisbeeCatch_g05_c01.avi,22.187889099121094,23.15816879272461,130.31117248535156,0.0495036764705882,433.6642150878906,69,30,30,1,0.9999991655349731
FrisbeeCatch/v_FrisbeeCatch_g05_c02.avi,28.154937744140625,38.61961364746094,132.3782501220703,0.1502941176470588,837.8688354492188,88,30,30,1,0.9999985694885254
FrisbeeCatch/v_FrisbeeCatch_g05_c03.avi,44.09756088256836,60.09120559692383,320.2639465332031,0.165110294117647,1401.0511474609375,56,30,30,1,0.970311164855957
FrisbeeCatch/v_FrisbeeCatch_g05_c04.avi,28.756866455078125,30.56231689453125,185.01080322265625,0.0783731617647058,524.9270629882812,70,30,30,1,0.8121010661125183
FrisbeeCatch/v_FrisbeeCatch_g05_c05.avi,34.36688995361328,31.476337432861328,146.00341796875,0.1653607536764706,854.8101806640625,73,30,30,1,0.9999998807907104
FrisbeeCatch/v_FrisbeeCatch_g06_c01.avi,10.415953636169434,16.289539337158203,62.0,0.5276769301470589,173.1468505859375,73,30,30,1,1.0
FrisbeeCatch/v_FrisbeeCatch_g06_c02.avi,5.6247100830078125,8.453365325927734,42.0,0.4236098345588235,164.6294708251953,100,30,30,1,1.0
FrisbeeCatch/v_FrisbeeCatch_g06_c03.avi,9.132323265075684,16.88298797607422,70.00714111328125,0.5262132352941177,154.761474609375,84,30,30,1,1.0
FrisbeeCatch/v_FrisbeeCatch_g06_c04.avi,5.384246826171875,9.703129768371582,59.03388977050781,0.4487178308823529,180.94183349609372,110,30,30,1,1.0
FrisbeeCatch/v_FrisbeeCatch_g06_c05.avi,28.32769775390625,29.86404228210449,141.17364501953125,0.22,276.572509765625,89,30,30,1,1.0
FrisbeeCatch/v_FrisbeeCatch_g07_c01.avi,21.18979263305664,27.740234375,128.015625,0.1825,703.4595947265625,110,30,30,1,0.9999972581863404
FrisbeeCatch/v_FrisbeeCatch_g07_c02.avi,30.26737403869629,34.73042297363281,162.7882080078125,0.1405101102941176,1982.253662109375,120,30,30,1,0.9999959468841552
FrisbeeCatch/v_FrisbeeCatch_g07_c03.avi,21.9294490814209,27.623306274414062,125.48307037353516,0.1942394301470588,439.7154235839844,139,30,30,1,1.0
FrisbeeCatch/v_FrisbeeCatch_g07_c04.avi,0.6786239743232727,1.2906702756881714,16.031219482421875,0.6622426470588235,32.77653121948242,65,30,30,1,1.0
FrisbeeCatch/v_FrisbeeCatch_g07_c05.avi,19.38995933532715,29.0571403503418,304.1332092285156,0.1872931985294117,896.5081176757812,78,30,30,1,1.0
FrisbeeCatch/v_FrisbeeCatch_g07_c06.avi,1.634390354156494,1.8044723272323608,15.264337539672852,0.2258088235294117,104.50418853759766,125,30,30,1,1.0
FrontCrawl/v_FrontCrawl_g01_c01.avi,3.5166049003601074,5.0263190269470215,44.0,0.3766957720588235,212.30404663085935,137,31,18,0,0.9811062812805176
FrontCrawl/v_FrontCrawl_g01_c02.avi,3.817462682723999,5.656776428222656,44.41846466064453,0.3618175551470588,200.0904693603516,138,31,18,0,0.9896275997161864
FrontCrawl/v_FrontCrawl_g01_c03.avi,4.84996223449707,5.641831874847412,43.011627197265625,0.2907720588235294,188.6279754638672,132,31,18,0,0.8877663612365723
FrontCrawl/v_FrontCrawl_g01_c04.avi,4.494871616363525,5.565589427947998,42.57933807373047,0.3143887867647059,192.4938201904297,150,31,31,1,0.9976588487625122
FrontCrawl/v_FrontCrawl_g02_c01.avi,5.961223602294922,6.337675094604492,49.19349670410156,0.2212339154411764,239.9102783203125,98,31,31,1,0.9999998807907104
FrontCrawl/v_FrontCrawl_g02_c02.avi,5.617910861968994,6.237568378448486,50.59644317626953,0.2211328125,239.8332061767578,88,31,31,1,1.0
FrontCrawl/v_FrontCrawl_g02_c03.avi,3.740092277526856,5.63782262802124,47.16990661621094,0.371633731617647,139.947265625,91,31,31,1,0.9999996423721312
FrontCrawl/v_FrontCrawl_g02_c04.avi,6.493801116943359,7.656147003173828,60.20797348022461,0.223664981617647,219.2220001220703,133,31,31,1,1.0
FrontCrawl/v_FrontCrawl_g03_c01.avi,5.928966045379639,7.931061267852783,58.694122314453125,0.2075528492647058,265.75714111328125,228,31,31,1,1.0
FrontCrawl/v_FrontCrawl_g03_c02.avi,9.874248504638672,10.867682456970217,80.0,0.1664016544117647,340.2714233398437,208,31,31,1,1.0
FrontCrawl/v_FrontCrawl_g03_c03.avi,11.430415153503418,11.70459270477295,116.2755355834961,0.1706318933823529,437.234375,238,31,31,1,1.0
FrontCrawl/v_FrontCrawl_g03_c04.avi,7.037055015563965,8.768001556396484,76.0,0.2370795036764706,264.95465087890625,255,31,31,1,1.0
FrontCrawl/v_FrontCrawl_g03_c05.avi,10.364710807800291,11.794879913330078,87.80091094970703,0.1920013786764706,330.08917236328125,192,31,31,1,0.9998799562454224
FrontCrawl/v_FrontCrawl_g03_c06.avi,9.239270210266112,12.038200378417969,85.8836441040039,0.2414958639705882,289.7174072265625,199,31,31,1,1.0
FrontCrawl/v_FrontCrawl_g04_c01.avi,6.951197624206543,7.616262912750244,44.14748001098633,0.2810386029411765,180.7644500732422,353,31,31,1,0.9566373229026794
FrontCrawl/v_FrontCrawl_g04_c02.avi,3.2239561080932617,3.841365098953247,44.72135925292969,0.2998069852941176,109.85481262207033,261,31,31,1,0.9997410178184508
FrontCrawl/v_FrontCrawl_g04_c03.avi,3.0219027996063232,3.788030862808228,35.84689712524414,0.3404940257352941,109.9196319580078,266,31,31,1,0.9981786012649536
FrontCrawl/v_FrontCrawl_g04_c04.avi,4.715274810791016,5.570931434631348,33.241539001464844,0.367454044117647,104.6759796142578,328,31,31,1,0.9833595752716064
FrontCrawl/v_FrontCrawl_g04_c05.avi,2.597214460372925,4.523488521575928,54.147945404052734,0.4229572610294118,74.2095947265625,391,31,31,1,0.9911230802536012
FrontCrawl/v_FrontCrawl_g04_c06.avi,2.890630960464477,3.1894493103027344,22.847318649291992,0.3279411764705882,84.90277099609375,310,31,31,1,0.7318663597106934
FrontCrawl/v_FrontCrawl_g04_c07.avi,4.480484962463379,5.2881951332092285,48.041648864746094,0.3052205882352941,91.648193359375,383,31,31,1,0.8228232860565186
FrontCrawl/v_FrontCrawl_g05_c01.avi,8.806970596313477,8.098464012145996,65.0076904296875,0.0724172794117647,1195.0604248046875,99,31,31,1,1.0
FrontCrawl/v_FrontCrawl_g05_c02.avi,9.908422470092772,10.704445838928224,82.2192153930664,0.099289981617647,490.9032287597656,102,31,31,1,1.0
FrontCrawl/v_FrontCrawl_g05_c03.avi,8.905013084411621,7.624938011169434,67.97793579101562,0.0804457720588235,353.73406982421875,99,31,31,1,1.0
FrontCrawl/v_FrontCrawl_g05_c04.avi,7.215478897094727,7.730616092681885,56.79788589477539,0.1237913602941176,281.10894775390625,145,31,31,1,1.0
FrontCrawl/v_FrontCrawl_g06_c01.avi,8.767131805419922,10.752416610717772,64.07027435302734,0.19671875,240.9591827392578,149,31,31,1,1.0
FrontCrawl/v_FrontCrawl_g06_c02.avi,7.358114719390869,12.48953628540039,68.88395690917969,0.2593795955882353,209.52975463867188,107,31,31,1,1.0
FrontCrawl/v_FrontCrawl_g06_c03.avi,4.807613849639893,5.634519100189209,46.0,0.2325160845588235,166.9226531982422,99,31,31,1,1.0
FrontCrawl/v_FrontCrawl_g06_c04.avi,0.734969973564148,1.218320369720459,13.152946472167969,0.6283823529411765,29.3579216003418,125,31,25,0,0.7066950798034668
FrontCrawl/v_FrontCrawl_g06_c05.avi,4.824552536010742,9.291875839233398,50.96076965332031,0.3537637867647059,221.28488159179688,142,31,31,1,1.0
FrontCrawl/v_FrontCrawl_g07_c01.avi,6.425237655639648,7.579132080078125,67.11929321289062,0.1332835477941176,361.5388793945313,267,31,31,1,0.6221853494644165
FrontCrawl/v_FrontCrawl_g07_c02.avi,7.497281551361084,9.706456184387209,137.0,0.1100022977941176,311.0528869628906,199,31,31,1,0.9999998807907104
FrontCrawl/v_FrontCrawl_g07_c03.avi,0.8192391991615295,2.6944901943206787,26.0,0.8578308823529411,64.20841979980469,181,31,31,1,0.9927379488945008
FrontCrawl/v_FrontCrawl_g07_c04.avi,6.353524208068848,10.815799713134766,86.0,0.2808501838235294,321.75347900390625,218,31,31,1,0.8587578535079956
FrontCrawl/v_FrontCrawl_g07_c05.avi,8.203388214111328,9.986858367919922,89.09545135498047,0.1208111213235294,322.44635009765625,174,31,73,0,0.6198559403419495
FrontCrawl/v_FrontCrawl_g07_c06.avi,7.538552761077881,10.649755477905272,85.0,0.0913855698529411,208.1229705810547,282,31,18,0,0.9989437460899352
FrontCrawl/v_FrontCrawl_g07_c07.avi,14.034696578979492,17.429370880126953,141.4284210205078,0.3010983455882353,1116.8355712890625,156,31,31,1,0.9998750686645508
GolfSwing/v_GolfSwing_g01_c01.avi,0.161727026104927,1.2427953481674194,32.0,0.9531617647058824,42.95880889892578,171,32,32,1,1.0
GolfSwing/v_GolfSwing_g01_c02.avi,0.1586000025272369,0.9191862940788268,19.209373474121094,0.9466888786764706,22.61899185180664,95,32,32,1,1.0
GolfSwing/v_GolfSwing_g01_c03.avi,0.1045925840735435,0.7047748565673828,12.165525436401367,0.959779411764706,8.568899154663086,190,32,32,1,1.0
GolfSwing/v_GolfSwing_g01_c04.avi,0.2883459329605102,1.4869444370269775,32.015621185302734,0.9095220588235294,23.3367862701416,75,32,32,1,1.0
GolfSwing/v_GolfSwing_g01_c05.avi,0.0575450658798217,0.3947519958019256,9.0,0.9661029411764706,12.194157600402832,620,32,32,1,1.0
GolfSwing/v_GolfSwing_g01_c06.avi,0.321198433637619,1.459046483039856,25.0,0.8879779411764706,24.472810745239254,517,32,32,1,1.0
GolfSwing/v_GolfSwing_g02_c01.avi,0.8701825141906738,2.8681752681732178,62.26556015014648,0.7246530330882353,86.1427230834961,139,32,32,1,0.997186243534088
GolfSwing/v_GolfSwing_g02_c02.avi,0.3571089804172516,1.2517756223678589,14.866068840026855,0.8351378676470588,75.21300506591797,116,32,32,1,0.7941605448722839
GolfSwing/v_GolfSwing_g02_c03.avi,0.1636740267276764,0.9654813408851624,22.360679626464844,0.929595588235294,34.933963775634766,91,32,32,1,0.9820227026939392
GolfSwing/v_GolfSwing_g02_c04.avi,0.072831854224205,0.5726845860481262,12.649110794067385,0.9627573529411764,8.863983154296875,121,32,32,1,0.9996154308319092
GolfSwing/v_GolfSwing_g03_c01.avi,0.6039526462554932,1.7053817510604858,19.10497283935547,0.7433984375,21.75008773803711,131,32,32,1,0.9999933242797852
GolfSwing/v_GolfSwing_g03_c02.avi,0.5120403170585632,1.3377869129180908,21.21320343017578,0.7331663602941176,51.437782287597656,112,32,32,1,0.9999816417694092
GolfSwing/v_GolfSwing_g03_c03.avi,0.7585266828536987,2.102094411849976,34.928497314453125,0.7159880514705882,66.9175796508789,179,32,32,1,1.0
GolfSwing/v_GolfSwing_g03_c04.avi,0.4544053971767425,1.387574315071106,17.8885440826416,0.7843405330882353,29.34921264648437,144,32,32,1,1.0
GolfSwing/v_GolfSwing_g03_c05.avi,0.586661696434021,1.7684228420257568,29.42787742614746,0.7665647977941177,37.23352813720703,145,32,32,1,0.9999964237213136
GolfSwing/v_GolfSwing_g03_c06.avi,0.417023092508316,0.9458697438240052,23.0867919921875,0.7635294117647059,6.781947135925293,251,32,32,1,1.0
GolfSwing/v_GolfSwing_g03_c07.avi,0.571490466594696,1.2420917749404907,18.0,0.7014636948529411,24.940166473388672,172,32,32,1,1.0
GolfSwing/v_GolfSwing_g04_c01.avi,0.4132876396179199,0.5095570683479309,4.0,0.5940234375,10.75743579864502,124,32,32,1,0.9996992349624634
GolfSwing/v_GolfSwing_g04_c02.avi,0.0318980664014816,0.188582569360733,4.0,0.9700367647058824,20.299043655395508,121,32,32,1,0.9999994039535522
GolfSwing/v_GolfSwing_g04_c03.avi,1.387911319732666,2.826088190078736,28.460498809814453,0.5828354779411765,73.98990631103516,170,32,32,1,1.0
GolfSwing/v_GolfSwing_g04_c04.avi,0.4917778074741363,1.1739991903305054,16.124515533447266,0.7453952205882353,7.149202823638916,182,32,32,1,1.0
GolfSwing/v_GolfSwing_g04_c05.avi,1.2205272912979126,2.892139434814453,44.0,0.6356502757352941,49.03593826293945,344,32,32,1,1.0
GolfSwing/v_GolfSwing_g04_c06.avi,1.7964489459991455,3.7433931827545166,46.010868072509766,0.5787522977941176,75.26210021972656,232,32,32,1,1.0
GolfSwing/v_GolfSwing_g05_c01.avi,1.5963910818099976,1.8813738822937007,20.39607810974121,0.3670565257352941,162.27590942382812,113,32,32,1,0.999984860420227
GolfSwing/v_GolfSwing_g05_c02.avi,0.9852701425552368,1.613001823425293,18.027755737304688,0.5889636948529412,89.11920166015625,95,32,32,1,0.9999997615814208
GolfSwing/v_GolfSwing_g05_c03.avi,1.116963028907776,1.448564887046814,20.808652877807617,0.2803561580882353,174.11474609375,100,32,32,1,1.0
GolfSwing/v_GolfSwing_g05_c04.avi,1.2394860982894895,1.6803605556488037,25.079872131347656,0.3847219669117647,137.83255004882812,161,32,32,1,1.0
GolfSwing/v_GolfSwing_g05_c05.avi,2.626671075820923,2.507773160934448,31.400636672973636,0.2225022977941176,324.33416748046875,119,32,32,1,1.0
GolfSwing/v_GolfSwing_g05_c06.avi,1.3559319972991943,1.761527419090271,20.39607810974121,0.3471875,216.8319091796875,180,32,32,1,1.0
GolfSwing/v_GolfSwing_g05_c07.avi,1.708609938621521,2.046331882476806,26.0,0.289797794117647,104.974853515625,131,32,32,1,1.0
GolfSwing/v_GolfSwing_g06_c01.avi,1.6712315082550049,2.1375911235809326,36.40055084228516,0.2166980698529411,77.79475402832031,156,32,32,1,0.9999992847442628
GolfSwing/v_GolfSwing_g06_c02.avi,1.4306762218475342,2.1338608264923096,21.587032318115234,0.4393864889705882,89.30322265625,108,32,32,1,0.9996069073677064
GolfSwing/v_GolfSwing_g06_c03.avi,1.4140143394470217,1.9599565267562864,30.610456466674805,0.3654572610294118,186.0723876953125,90,32,32,1,1.0
GolfSwing/v_GolfSwing_g06_c04.avi,0.5823514461517334,1.1362814903259275,17.20465087890625,0.6203308823529412,43.15595245361328,126,32,32,1,1.0
GolfSwing/v_GolfSwing_g07_c01.avi,0.7100186944007874,1.389646291732788,21.931713104248047,0.6528676470588235,90.93177032470705,151,32,32,1,1.0
GolfSwing/v_GolfSwing_g07_c02.avi,1.4984285831451416,1.6359007358551023,15.0,0.3445840992647059,159.99990844726562,100,32,32,1,1.0
GolfSwing/v_GolfSwing_g07_c03.avi,0.5383343696594238,1.0084482431411743,13.601470947265623,0.6245220588235294,43.92382049560547,126,32,32,1,1.0
GolfSwing/v_GolfSwing_g07_c04.avi,1.0853188037872314,1.6698611974716189,16.031219482421875,0.4500965073529411,175.43833923339844,110,32,32,1,1.0
GolfSwing/v_GolfSwing_g07_c05.avi,0.8916718363761902,1.3173420429229736,21.09502220153809,0.4476930147058823,72.70823669433594,134,32,32,1,0.9999974966049194
Haircut/v_Haircut_g01_c01.avi,2.8494372367858887,4.979144096374512,72.0,0.4581295955882353,85.9244155883789,134,33,33,1,0.987005352973938
Haircut/v_Haircut_g01_c02.avi,0.7137306332588196,2.104206323623657,21.21320343017578,0.7601102941176471,15.05756664276123,122,33,33,1,0.9999996423721312
Haircut/v_Haircut_g01_c03.avi,2.766077995300293,8.650382041931152,117.74549102783205,0.4991015625,287.28594970703125,109,33,33,1,1.0
Haircut/v_Haircut_g01_c04.avi,1.5098528861999512,3.942047119140625,64.28063201904297,0.6573575367647059,120.38700103759766,104,33,33,1,1.0
Haircut/v_Haircut_g02_c01.avi,2.4809203147888184,5.088626861572266,52.46903991699219,0.5532238051470588,212.42794799804688,88,33,33,1,0.8324331045150757
Haircut/v_Haircut_g02_c02.avi,0.3352731168270111,1.2208343744277954,15.0,0.8527136948529411,74.57838439941406,82,33,12,0,0.9969459176063538
Haircut/v_Haircut_g02_c03.avi,1.5675687789916992,3.253628730773926,27.294687271118164,0.6201861213235295,127.09114837646484,76,33,12,0,0.9999773502349854
Haircut/v_Haircut_g02_c04.avi,0.6552533507347107,1.662329912185669,21.63330841064453,0.7411006433823529,94.7310562133789,103,33,12,0,0.991689145565033
Haircut/v_Haircut_g03_c01.avi,1.932251214981079,4.032844066619873,46.010868072509766,0.6052573529411764,190.4826202392578,100,33,12,0,1.0
Haircut/v_Haircut_g03_c02.avi,0.6036562919616699,2.1542270183563232,32.0,0.8521645220588235,79.010498046875,78,33,33,1,0.9725879430770874
Haircut/v_Haircut_g03_c03.avi,0.6139533519744873,2.2678115367889404,52.46903991699219,0.8231617647058823,88.31094360351562,78,33,33,1,0.9991683959960938
Haircut/v_Haircut_g03_c04.avi,0.9132421612739564,2.7039268016815186,33.95585250854492,0.7960294117647059,72.7545394897461,99,33,33,1,0.9997928738594056
Haircut/v_Haircut_g03_c05.avi,0.5386457443237305,1.7298940420150757,29.068883895874023,0.8288602941176471,65.66181945800781,92,33,33,1,0.9993109703063964
Haircut/v_Haircut_g03_c06.avi,0.9199572205543518,2.7595789432525635,45.880279541015625,0.766875,98.74469757080078,114,33,33,1,0.9999163150787354
Haircut/v_Haircut_g04_c01.avi,3.7307848930358887,4.680363655090332,36.055511474609375,0.280969669117647,578.7891845703125,148,33,33,1,0.9999988079071044
Haircut/v_Haircut_g04_c02.avi,2.15667986869812,4.2767486572265625,35.34119415283203,0.5754411764705882,141.15933227539062,144,33,33,1,0.9941658973693848
Haircut/v_Haircut_g04_c03.avi,2.465072631835937,3.0698487758636475,42.57933807373047,0.3130215992647059,348.47369384765625,144,33,33,1,0.9999737739562988
Haircut/v_Haircut_g04_c04.avi,3.867378473281861,5.289132595062256,71.0,0.213196231617647,310.22735595703125,149,33,12,0,0.996476948261261
Haircut/v_Haircut_g04_c05.avi,2.9842092990875244,4.956526756286621,60.20797348022461,0.3969025735294118,187.90533447265625,153,33,33,1,0.9991220831871032
Haircut/v_Haircut_g05_c01.avi,5.338205814361572,9.938759803771973,72.24956512451172,0.3809788602941176,886.1751098632812,99,33,33,1,0.9999099969863892
Haircut/v_Haircut_g05_c02.avi,1.869061589241028,5.613726139068604,63.25345993041992,0.7046392463235294,467.73675537109375,104,33,33,1,1.0
Haircut/v_Haircut_g05_c03.avi,1.603739619255066,4.510303974151611,46.64761352539063,0.7152504595588235,533.4661865234375,106,33,33,1,0.9996670484542848
Haircut/v_Haircut_g05_c04.avi,2.517342329025269,4.926410675048828,63.28506851196289,0.4188304227941176,380.33892822265625,99,33,33,1,0.9999200105667114
Haircut/v_Haircut_g06_c01.avi,3.6347365379333496,3.042156219482422,25.70992088317871,0.0666934742647058,312.8041381835937,96,33,33,1,1.0
Haircut/v_Haircut_g06_c02.avi,2.621840476989746,3.9103729724884033,31.06444931030273,0.3077527573529411,306.7987060546875,133,33,33,1,1.0
Haircut/v_Haircut_g06_c03.avi,0.5078566670417786,1.051480412483215,14.03566837310791,0.7100367647058824,60.4605827331543,125,33,33,1,1.0
Haircut/v_Haircut_g06_c04.avi,2.947936534881592,4.681846618652344,56.0,0.447883731617647,350.82147216796875,174,33,33,1,0.99992835521698
Haircut/v_Haircut_g07_c01.avi,2.8627407550811768,4.025146007537842,41.19466018676758,0.2353010110294117,170.6609649658203,113,33,12,0,0.9871917963027954
Haircut/v_Haircut_g07_c02.avi,1.4264063835144043,2.7754971981048584,34.13209533691406,0.4782077205882353,82.72574615478516,110,33,33,1,0.9976813793182372
Haircut/v_Haircut_g07_c03.avi,1.7771008014678955,2.853442907333374,30.675724029541016,0.4492761948529412,201.45816040039065,120,33,33,1,1.0
Haircut/v_Haircut_g07_c04.avi,3.1079564094543457,7.075852394104004,83.0,0.5267141544117647,494.8740234375,114,33,33,1,1.0
Haircut/v_Haircut_g07_c05.avi,2.5093026161193848,7.372320175170898,102.55242919921876,0.4501516544117647,399.3804931640625,117,33,33,1,1.0
Haircut/v_Haircut_g07_c06.avi,3.623761415481568,7.445009708404541,92.0,0.4276539522058823,442.104248046875,106,33,33,1,0.9956035614013672
Hammering/v_Hammering_g01_c01.avi,14.297286987304688,11.789347648620604,89.8276138305664,0.0240992647058823,341.6723022460937,97,34,19,0,0.9994220733642578
Hammering/v_Hammering_g01_c02.avi,6.948123455047607,7.609686374664307,53.16013717651367,0.1017784926470588,100.35752868652344,142,34,19,0,0.9735807180404664
Hammering/v_Hammering_g01_c03.avi,9.936233520507812,9.471142768859863,64.28841400146484,0.0303170955882352,372.9078063964844,72,34,19,0,0.9310894012451172
Hammering/v_Hammering_g01_c04.avi,7.131343841552734,12.163689613342283,79.47956085205078,0.1015854779411764,58.35272979736328,78,34,54,0,0.7960439324378967
Hammering/v_Hammering_g02_c01.avi,2.4200549125671387,4.311923980712891,35.11410140991211,0.3647863051470588,216.1581115722656,73,34,13,0,0.5345795750617981
Hammering/v_Hammering_g02_c02.avi,2.1288089752197266,3.3563477993011475,39.69886779785156,0.32234375,242.59536743164065,73,34,13,0,0.9981325268745422
Hammering/v_Hammering_g02_c03.avi,3.3721811771392822,3.879637956619263,38.63935852050781,0.1675298713235294,218.0581970214844,99,34,13,0,0.9919609427452089
Hammering/v_Hammering_g02_c04.avi,1.8102902173995967,3.023600578308105,37.36308288574219,0.4054756433823529,155.22799682617188,110,34,13,0,0.9986647367477416
Hammering/v_Hammering_g03_c01.avi,1.4348433017730713,1.4437857866287231,17.0,0.2896691176470588,42.90082550048828,192,34,34,1,0.9914286732673644
Hammering/v_Hammering_g03_c02.avi,1.2262166738510132,1.36494243144989,16.0,0.3145220588235294,55.1016845703125,99,34,34,1,0.9984082579612732
Hammering/v_Hammering_g03_c03.avi,0.4052698016166687,0.7801258563995361,8.062257766723633,0.6987040441176471,18.970043182373047,125,34,34,1,0.9994531273841858
Hammering/v_Hammering_g03_c04.avi,3.617992877960205,5.098640441894531,36.49657440185547,0.3414568014705882,70.19047546386719,130,34,54,0,0.8084959387779236
Hammering/v_Hammering_g03_c05.avi,2.4590773582458496,2.7549524307250977,42.20189666748047,0.2037017463235294,86.63020324707031,120,34,34,1,0.9999747276306152
Hammering/v_Hammering_g04_c01.avi,4.791078090667725,4.705955505371094,25.079872131347656,0.1484420955882353,206.7039031982422,223,34,38,0,0.9999662637710572
Hammering/v_Hammering_g04_c02.avi,4.581445693969727,5.78900671005249,69.42621612548828,0.1849724264705882,238.70797729492188,81,34,38,0,0.999975085258484
Hammering/v_Hammering_g04_c03.avi,16.28739356994629,13.105172157287598,121.34249114990234,0.0152297794117647,745.4359130859375,87,34,38,0,1.0
Hammering/v_Hammering_g04_c04.avi,6.119982719421387,6.988173484802246,70.57620239257812,0.0314866727941176,401.51654052734375,73,34,38,0,0.9855247139930724
Hammering/v_Hammering_g04_c05.avi,3.6346261501312256,3.2227821350097656,31.14482307434082,0.1303193933823529,136.56578063964844,63,34,38,0,0.997702419757843
Hammering/v_Hammering_g05_c01.avi,20.120418548583984,15.404276847839355,76.967529296875,0.0115762867647058,371.3841247558594,99,34,34,1,0.999961256980896
Hammering/v_Hammering_g05_c02.avi,4.413146018981934,3.694908380508423,56.71860504150391,0.0812913602941176,128.32394409179688,123,34,38,0,0.9726027250289916
Hammering/v_Hammering_g05_c03.avi,15.977621078491213,7.651729583740234,95.4620361328125,0.0157421875,376.9615173339844,73,34,38,0,0.7691338658332825
Hammering/v_Hammering_g05_c04.avi,13.273274421691896,10.93805980682373,91.0054931640625,0.0398736213235294,645.7833862304688,73,34,38,0,0.9986385703086852
Hammering/v_Hammering_g06_c01.avi,0.0785235837101936,0.6844210028648376,17.029386520385742,0.9679779411764706,12.469764709472656,91,34,34,1,1.0
Hammering/v_Hammering_g06_c02.avi,0.0556692779064178,0.4436290562152862,14.560219764709473,0.971875,13.584482192993164,134,34,34,1,1.0
Hammering/v_Hammering_g06_c03.avi,0.2808198034763336,2.0534136295318604,34.525352478027344,0.9590441176470588,45.83373641967773,127,34,34,1,1.0
Hammering/v_Hammering_g06_c04.avi,0.3895454704761505,2.4854061603546143,54.70831680297852,0.9439338235294118,60.163909912109375,113,34,34,1,1.0
Hammering/v_Hammering_g06_c05.avi,0.2055011838674545,1.4173954725265503,31.0,0.9499655330882352,39.4048080444336,140,34,34,1,1.0
Hammering/v_Hammering_g06_c06.avi,0.4020922780036926,2.3183603286743164,39.051246643066406,0.9329641544117648,73.9147720336914,86,34,34,1,1.0
Hammering/v_Hammering_g07_c01.avi,1.2084190845489502,2.2960433959960938,28.160255432128903,0.6251516544117647,314.0555114746094,109,34,34,1,1.0
Hammering/v_Hammering_g07_c02.avi,0.3039955794811249,0.6460102796554565,13.0,0.7505882352941177,41.082496643066406,61,34,34,1,1.0
Hammering/v_Hammering_g07_c03.avi,1.767967700958252,2.8435304164886475,30.0,0.5290073529411765,508.6866149902344,105,34,34,1,1.0
Hammering/v_Hammering_g07_c04.avi,0.2552593052387237,0.779354453086853,13.0,0.8440073529411765,313.3428039550781,101,34,34,1,1.0
Hammering/v_Hammering_g07_c05.avi,0.1787295639514923,0.6649283170700073,9.0,0.8984191176470588,173.74588012695312,127,34,34,1,1.0
HammerThrow/v_HammerThrow_g01_c01.avi,1.4945029020309448,3.6153759956359854,44.0113639831543,0.6908731617647059,736.9119873046875,112,35,35,1,1.0
HammerThrow/v_HammerThrow_g01_c02.avi,0.4457137584686279,1.3550844192504885,23.25940704345703,0.7710294117647059,562.8186645507812,246,35,92,0,0.5747141242027283
HammerThrow/v_HammerThrow_g01_c03.avi,0.3523575365543365,1.6550326347351074,31.78049659729004,0.9073529411764706,34.36012268066406,153,35,92,0,0.98476243019104
HammerThrow/v_HammerThrow_g01_c04.avi,11.33729362487793,10.194878578186035,72.17340087890625,0.1468474264705882,426.2008361816406,239,35,35,1,1.0
HammerThrow/v_HammerThrow_g01_c05.avi,1.5400220155715942,3.7674851417541504,40.01249694824219,0.6583409926470588,121.18833923339844,153,35,35,1,1.0
HammerThrow/v_HammerThrow_g01_c06.avi,2.4010369777679443,2.965941429138184,39.29376602172852,0.2340441176470588,714.1843872070312,193,35,35,1,1.0
HammerThrow/v_HammerThrow_g02_c01.avi,0.4027401506900787,1.946601390838623,30.149627685546875,0.9108823529411764,60.74847412109375,269,35,35,1,1.0
HammerThrow/v_HammerThrow_g02_c02.avi,0.4169516265392303,2.0825295448303223,37.2155876159668,0.909375,56.065406799316406,258,35,35,1,1.0
HammerThrow/v_HammerThrow_g02_c03.avi,0.6403864026069641,2.6367733478546143,44.0,0.8770680147058824,165.01815795898438,210,35,35,1,1.0
HammerThrow/v_HammerThrow_g02_c04.avi,0.5606900453567505,2.428109884262085,30.4138126373291,0.8820519301470588,109.47574615478516,222,35,35,1,1.0
HammerThrow/v_HammerThrow_g02_c05.avi,0.2792949676513672,1.65522038936615,37.85498809814453,0.9197426470588236,38.66686248779297,257,35,35,1,1.0
HammerThrow/v_HammerThrow_g02_c06.avi,0.7590804696083069,3.193289995193481,45.54119110107422,0.8646760110294117,137.7512664794922,210,35,35,1,1.0
HammerThrow/v_HammerThrow_g02_c07.avi,0.5098270773887634,1.8289624452590945,19.23538398742676,0.8827504595588235,88.67911529541016,234,35,35,1,1.0
HammerThrow/v_HammerThrow_g03_c01.avi,0.6392769813537598,2.8544154167175293,43.104522705078125,0.8841383272058824,211.8032989501953,210,35,35,1,1.0
HammerThrow/v_HammerThrow_g03_c02.avi,2.1102182865142822,6.467144012451172,60.13318634033203,0.7886167279411764,473.5827026367188,238,35,35,1,0.9999979734420776
HammerThrow/v_HammerThrow_g03_c03.avi,0.2119046151638031,0.7012577056884766,11.045360565185549,0.8413970588235294,342.72772216796875,165,35,92,0,0.943224549293518
HammerThrow/v_HammerThrow_g03_c04.avi,2.08572769165039,5.416618347167969,50.0099983215332,0.6216199448529411,404.4479064941406,210,35,35,1,0.5219705700874329
HammerThrow/v_HammerThrow_g03_c05.avi,0.7833108305931091,1.2045388221740725,14.0,0.4339476102941176,194.11740112304688,182,35,35,1,1.0
HammerThrow/v_HammerThrow_g03_c06.avi,1.7803977727890017,1.4145740270614624,22.022714614868164,0.2069393382352941,192.20553588867188,252,35,35,1,0.9971476197242736
HammerThrow/v_HammerThrow_g03_c07.avi,3.5199437141418457,4.640481948852539,34.01470184326172,0.4309604779411765,332.0472106933594,224,35,35,1,1.0
HammerThrow/v_HammerThrow_g04_c01.avi,3.0343687534332275,5.5190958976745605,63.071388244628906,0.459765625,273.9160461425781,120,35,35,1,1.0
HammerThrow/v_HammerThrow_g04_c02.avi,1.6738502979278564,3.965749263763428,59.20304107666016,0.5629848345588235,199.2999725341797,84,35,35,1,1.0
HammerThrow/v_HammerThrow_g04_c03.avi,2.01914381980896,4.20262622833252,45.17742919921875,0.5826194852941177,180.7940673828125,105,35,35,1,1.0
HammerThrow/v_HammerThrow_g04_c04.avi,1.4577860832214355,3.765751361846924,60.40695190429688,0.5682421875,159.29872131347656,88,35,35,1,1.0
HammerThrow/v_HammerThrow_g04_c05.avi,4.64696216583252,7.8447957038879395,97.02061462402344,0.4810983455882353,294.87359619140625,101,35,35,1,1.0
HammerThrow/v_HammerThrow_g04_c06.avi,1.315353274345398,3.48034930229187,55.71355438232422,0.6532100183823529,141.39492797851562,103,35,35,1,1.0
HammerThrow/v_HammerThrow_g04_c07.avi,1.407684564590454,4.856997013092041,57.14017868041992,0.7503354779411765,233.47317504882807,88,35,35,1,1.0
HammerThrow/v_HammerThrow_g05_c01.avi,0.6414841413497925,1.3141220808029177,16.0,0.6868014705882353,18.66912269592285,244,35,92,0,0.9443249702453612
HammerThrow/v_HammerThrow_g05_c02.avi,1.4592403173446655,3.898026704788208,94.00531768798828,0.4347679227941176,91.49422454833984,260,35,35,1,0.6187849044799805
HammerThrow/v_HammerThrow_g05_c03.avi,1.3399343490600586,4.667160511016846,94.0,0.4777113970588235,126.32694244384766,228,35,92,0,0.9312683939933776
HammerThrow/v_HammerThrow_g05_c04.avi,1.4348647594451904,2.998698472976685,51.0,0.4776861213235294,113.74934387207033,252,35,92,0,0.9890149235725404
HammerThrow/v_HammerThrow_g05_c05.avi,0.3836187720298767,1.0563560724258425,15.0,0.7529779411764705,23.910541534423828,245,35,92,0,0.9998921155929564
HammerThrow/v_HammerThrow_g05_c06.avi,1.430022954940796,2.472869873046875,37.0,0.5005422794117647,103.12492370605467,260,35,92,0,0.9969436526298524
HammerThrow/v_HammerThrow_g06_c01.avi,0.27182736992836,0.9982003569602966,15.264337539672852,0.8701470588235294,28.07489013671875,241,35,35,1,0.999975323677063
HammerThrow/v_HammerThrow_g06_c02.avi,0.719607949256897,2.7007596492767334,41.1096076965332,0.797024356617647,96.1191635131836,130,35,35,1,1.0
HammerThrow/v_HammerThrow_g06_c03.avi,1.105695128440857,3.656052827835083,42.296573638916016,0.7386167279411765,131.3042755126953,159,35,35,1,1.0
HammerThrow/v_HammerThrow_g06_c04.avi,0.8799415230751038,3.6505281925201416,62.09669876098633,0.8166911764705882,106.5091781616211,248,35,35,1,1.0
HammerThrow/v_HammerThrow_g06_c05.avi,1.4456204175949097,4.293274402618408,39.0128173828125,0.7324908088235295,191.25704956054688,233,35,35,1,1.0
HammerThrow/v_HammerThrow_g06_c06.avi,1.0289390087127686,3.827667474746704,54.34151077270508,0.7889315257352941,147.85916137695312,137,35,35,1,1.0
HammerThrow/v_HammerThrow_g06_c07.avi,0.9642143845558168,3.330009698867798,51.0,0.7946047794117647,128.8935546875,226,35,35,1,1.0
HammerThrow/v_HammerThrow_g07_c01.avi,0.367423802614212,1.8146167993545528,35.05709457397461,0.9019485294117648,74.46086120605469,110,35,35,1,1.0
HammerThrow/v_HammerThrow_g07_c02.avi,0.2672609686851501,1.5472315549850464,26.0,0.9202918198529412,48.2785530090332,110,35,35,1,0.999998927116394
HammerThrow/v_HammerThrow_g07_c03.avi,0.447072833776474,1.9794578552246092,30.5941162109375,0.8713166360294118,64.5533676147461,138,35,35,1,1.0
HammerThrow/v_HammerThrow_g07_c04.avi,4.150893211364746,10.260772705078123,156.0,0.5556158088235295,88.6685562133789,84,35,35,1,0.9999922513961792
HammerThrow/v_HammerThrow_g07_c05.avi,5.03937578201294,7.292809009552002,55.08175659179688,0.4217693014705882,138.84304809570312,88,35,35,1,0.9999994039535522
HandstandPushups/v_HandStandPushups_g01_c01.avi,3.5374252796173096,4.073146820068359,31.0161247253418,0.2425689338235294,45.7697868347168,78,36,36,1,1.0
HandstandPushups/v_HandStandPushups_g01_c02.avi,1.9198644161224363,2.3983662128448486,24.08318901062012,0.2887362132352941,19.737733840942383,93,36,36,1,1.0
HandstandPushups/v_HandStandPushups_g01_c03.avi,7.001373291015625,7.83551025390625,39.45883941650391,0.2262775735294117,70.90059661865234,101,36,36,1,1.0
HandstandPushups/v_HandStandPushups_g01_c04.avi,6.87550687789917,6.336527824401856,52.88667297363281,0.181438419117647,57.49176025390625,106,36,36,1,1.0
HandstandPushups/v_HandStandPushups_g02_c01.avi,4.146371364593506,5.5165300369262695,34.525352478027344,0.3883432904411765,691.5062255859375,54,36,36,1,0.999991774559021
HandstandPushups/v_HandStandPushups_g02_c02.avi,2.140915870666504,5.140964508056641,36.22154235839844,0.5791199448529412,422.3046875,55,36,36,1,0.9922925233840942
HandstandPushups/v_HandStandPushups_g02_c03.avi,1.7052072286605835,3.576047420501709,36.013885498046875,0.5478791360294117,465.9627380371094,105,36,36,1,0.7633715867996216
HandstandPushups/v_HandStandPushups_g02_c04.avi,1.0891889333724976,3.0873968601226807,30.01666259765625,0.7230514705882353,359.48223876953125,132,36,20,0,0.5179373621940613
HandstandPushups/v_HandStandPushups_g03_c01.avi,0.2418471276760101,0.7475959062576294,8.062257766723633,0.8622058823529412,2.07781720161438,125,36,36,1,0.9999971389770508
HandstandPushups/v_HandStandPushups_g03_c02.avi,0.5648465752601624,1.381090760231018,12.04159450531006,0.7611397058823529,35.24541091918945,115,36,36,1,0.9999998807907104
HandstandPushups/v_HandStandPushups_g03_c03.avi,0.2638962268829345,0.7984303832054138,8.0,0.8422794117647059,2.023344755172729,123,36,36,1,0.9999998807907104
HandstandPushups/v_HandStandPushups_g03_c04.avi,0.4057381451129913,1.0325058698654177,16.0,0.7824149816176471,22.58928680419922,175,36,36,1,0.999997854232788
HandstandPushups/v_HandStandPushups_g04_c01.avi,5.372180461883545,4.768418312072754,42.19004440307617,0.1780583639705882,153.1580352783203,115,36,16,0,0.9055777192115784
HandstandPushups/v_HandStandPushups_g04_c02.avi,4.009429931640625,4.576571464538574,75.42546081542969,0.2138901654411764,189.69386291503903,108,36,16,0,0.9363058805465698
HandstandPushups/v_HandStandPushups_g04_c03.avi,3.0886240005493164,4.082078456878662,58.0,0.1994829963235294,136.5189208984375,160,36,36,1,0.6409958600997925
HandstandPushups/v_HandStandPushups_g04_c04.avi,3.544995069503784,5.303742408752441,57.07889175415039,0.2818887867647058,161.61814880371094,222,36,16,0,0.9999997615814208
HandstandPushups/v_HandStandPushups_g05_c01.avi,0.7634341716766357,1.4680993556976318,22.360679626464844,0.6436374080882353,15.131837844848633,114,36,36,1,1.0
HandstandPushups/v_HandStandPushups_g05_c02.avi,1.1166502237319946,1.917598843574524,18.11077117919922,0.5793129595588236,17.56808090209961,113,36,36,1,1.0
HandstandPushups/v_HandStandPushups_g05_c03.avi,0.7040243744850159,1.2930511236190796,17.0,0.6562362132352941,10.374536514282228,80,36,36,1,1.0
HandstandPushups/v_HandStandPushups_g05_c04.avi,0.9321982860565186,1.741791844367981,17.464248657226562,0.6198667279411765,15.542556762695312,160,36,36,1,1.0
HandstandPushups/v_HandStandPushups_g06_c01.avi,1.7158204317092896,3.998110771179199,30.0,0.6309306066176471,61.87779998779297,88,36,36,1,1.0
HandstandPushups/v_HandStandPushups_g06_c02.avi,0.2641774713993072,0.6734042167663574,8.246211051940918,0.8248253676470588,5.256636142730713,125,36,36,1,1.0
HandstandPushups/v_HandStandPushups_g06_c03.avi,1.3506255149841309,3.0372872352600098,22.0,0.6491567095588235,49.930320739746094,90,36,36,1,1.0
HandstandPushups/v_HandStandPushups_g06_c04.avi,1.2576749324798584,2.40720796585083,16.0,0.6406043198529412,34.10880279541016,72,36,36,1,1.0
HandstandPushups/v_HandStandPushups_g07_c01.avi,4.598331451416016,6.601802825927734,28.07133674621582,0.5914636948529411,209.89035034179688,92,36,36,1,0.9969620108604432
HandstandPushups/v_HandStandPushups_g07_c02.avi,3.4076290130615234,4.374744892120361,22.20360374450684,0.4733961397058823,177.81607055664062,137,36,36,1,0.999984622001648
HandstandPushups/v_HandStandPushups_g07_c03.avi,0.9201308488845824,1.8017040491104128,13.152946472167969,0.6278193933823529,89.10102081298828,153,36,36,1,0.999987244606018
HandstandPushups/v_HandStandPushups_g07_c04.avi,7.34852409362793,12.27176570892334,86.28441619873047,0.2103538602941176,339.144775390625,172,36,3,0,0.8104944825172424
HandstandWalking/v_HandstandWalking_g01_c01.avi,5.030478000640869,4.768184661865234,38.63935852050781,0.2105307904411764,94.8575210571289,108,37,36,0,0.9999780654907228
HandstandWalking/v_HandstandWalking_g01_c02.avi,13.269166946411133,12.17131805419922,86.70063781738281,0.0435202205882352,302.1709899902344,103,37,37,1,0.9999384880065918
HandstandWalking/v_HandstandWalking_g01_c03.avi,16.16635513305664,18.70012092590332,106.00471496582033,0.0560684742647058,270.80438232421875,105,37,37,1,0.9999996423721312
HandstandWalking/v_HandstandWalking_g01_c04.avi,5.556096076965332,5.589033603668213,52.0,0.1543060661764705,97.7921905517578,139,37,36,0,0.8212773203849792
HandstandWalking/v_HandstandWalking_g02_c01.avi,0.2984896600246429,0.9186505079269408,16.492422103881836,0.8398483455882353,11.480892181396484,103,37,56,0,0.5009603500366211
HandstandWalking/v_HandstandWalking_g02_c02.avi,0.5023854970932007,1.426751971244812,15.29705810546875,0.7965969669117647,15.051057815551758,103,37,56,0,0.9934265613555908
HandstandWalking/v_HandstandWalking_g02_c03.avi,0.5148575305938721,1.7062546014785769,38.28837966918945,0.8064338235294117,36.432106018066406,119,37,61,0,0.9944882988929749
HandstandWalking/v_HandstandWalking_g02_c04.avi,0.5095203518867493,1.452966809272766,17.0880069732666,0.7923138786764706,72.77012634277344,118,37,61,0,0.999269425868988
HandstandWalking/v_HandstandWalking_g03_c01.avi,20.194923400878903,20.023401260375977,107.51744079589844,0.0467601102941176,526.7708740234375,103,37,36,0,0.8166957497596741
HandstandWalking/v_HandstandWalking_g03_c02.avi,19.919414520263672,19.5969295501709,79.37883758544922,0.0623529411764705,529.5911865234375,105,37,37,1,0.9900728464126588
HandstandWalking/v_HandstandWalking_g03_c03.avi,18.25989151000977,19.45229148864746,99.7045669555664,0.0920335477941176,401.9102478027344,104,37,37,1,0.7729498744010925
HandstandWalking/v_HandstandWalking_g03_c04.avi,20.808956146240234,17.254047393798828,85.16454315185547,0.0645680147058823,909.9181518554688,133,37,37,1,0.899496853351593
HandstandWalking/v_HandstandWalking_g04_c01.avi,7.654419422149658,11.780646324157717,83.0,0.2134972426470588,651.6302490234375,107,37,37,1,1.0
HandstandWalking/v_HandstandWalking_g04_c02.avi,3.549329996109009,4.236879348754883,58.215118408203125,0.2402780330882352,324.5339050292969,119,37,37,1,1.0
HandstandWalking/v_HandstandWalking_g04_c03.avi,1.1217719316482544,1.816380739212036,17.464248657226562,0.5716176470588236,44.15987396240234,121,37,37,1,1.0
HandstandWalking/v_HandstandWalking_g04_c04.avi,5.142887115478516,4.069429397583008,33.37664031982422,0.0562982536764705,232.7393493652344,127,37,37,1,1.0
HandstandWalking/v_HandstandWalking_g04_c05.avi,1.8392643928527832,2.33779525756836,18.027755737304688,0.4876286764705882,121.89558410644533,122,37,37,1,0.9998112320899964
HandstandWalking/v_HandstandWalking_g05_c01.avi,3.054050922393799,5.092774868011475,48.01041412353516,0.5379067095588236,399.816162109375,223,37,37,1,1.0
HandstandWalking/v_HandstandWalking_g05_c02.avi,2.0398590564727783,3.474996566772461,40.01249694824219,0.5408892463235294,225.1685028076172,249,37,37,1,1.0
HandstandWalking/v_HandstandWalking_g05_c03.avi,8.791902542114258,15.566974639892578,72.0,0.3344829963235294,206.8448028564453,221,37,37,1,0.9999991655349731
HandstandWalking/v_HandstandWalking_g05_c04.avi,2.5440163612365723,5.54605770111084,80.0,0.4962224264705882,303.8553771972656,252,37,37,1,0.9999984502792358
HandstandWalking/v_HandstandWalking_g05_c05.avi,2.7155232429504395,4.805018424987793,43.28972244262695,0.5764705882352941,408.7491760253906,286,37,37,1,0.999980092048645
HandstandWalking/v_HandstandWalking_g05_c06.avi,2.352595806121826,6.249830722808838,59.0,0.4700114889705882,38.17000961303711,189,37,37,1,0.9994944334030152
HandstandWalking/v_HandstandWalking_g05_c07.avi,2.0887274742126465,4.014366149902344,58.03447341918945,0.3871323529411765,42.60844802856445,250,37,37,1,1.0
HandstandWalking/v_HandstandWalking_g06_c01.avi,2.971889972686768,3.2577767372131348,44.0113639831543,0.1210730698529411,126.9575424194336,66,37,36,0,0.9713639616966248
HandstandWalking/v_HandstandWalking_g06_c02.avi,5.468141555786133,6.754875659942627,62.00806427001953,0.2594623161764706,137.5221405029297,67,37,54,0,0.9016621112823486
HandstandWalking/v_HandstandWalking_g06_c03.avi,1.4317989349365234,2.0246012210845947,31.06444931030273,0.312610294117647,80.58776092529297,71,37,3,0,0.9992000460624696
HandstandWalking/v_HandstandWalking_g06_c04.avi,4.69236946105957,5.960306167602539,64.03124237060547,0.2123506433823529,243.5556640625,75,37,3,0,0.9048703908920288
HandstandWalking/v_HandstandWalking_g07_c01.avi,6.902236461639404,12.655505180358888,49.24428939819336,0.3048828125,512.82373046875,223,37,37,1,1.0
HandstandWalking/v_HandstandWalking_g07_c02.avi,2.972750425338745,4.85527229309082,70.00714111328125,0.5422794117647058,305.0939025878906,191,37,37,1,0.9999994039535522
HandstandWalking/v_HandstandWalking_g07_c03.avi,3.08202600479126,4.008504390716553,28.301942825317383,0.3854457720588235,313.74755859375,186,37,37,1,0.9971041083335876
HandstandWalking/v_HandstandWalking_g07_c04.avi,2.775188446044922,3.782902717590332,72.00694274902344,0.3833088235294117,384.8711853027344,192,37,37,1,1.0
HandstandWalking/v_HandstandWalking_g07_c05.avi,2.105710506439209,2.817477941513061,32.015621185302734,0.4515142463235294,397.9028930664063,198,37,37,1,0.9999977350234984
HandstandWalking/v_HandstandWalking_g07_c06.avi,1.8890385627746584,3.2590789794921875,82.00609588623047,0.45625,434.2652893066406,200,37,16,0,0.9998865127563475
HeadMassage/v_HeadMassage_g01_c01.avi,3.641563415527344,5.948942184448242,61.03277969360352,0.3396943933823529,475.4900512695313,153,38,38,1,1.0
HeadMassage/v_HeadMassage_g01_c02.avi,2.938056945800781,4.79209566116333,37.73592376708984,0.2484788602941176,334.9058532714844,151,38,38,1,1.0
HeadMassage/v_HeadMassage_g01_c03.avi,2.8893184661865234,4.053895473480225,53.26349639892578,0.1976378676470588,307.8711853027344,148,38,38,1,1.0
HeadMassage/v_HeadMassage_g01_c04.avi,1.3344303369522097,2.10535216331482,27.459060668945312,0.4774195772058823,154.6951446533203,107,38,38,1,1.0
HeadMassage/v_HeadMassage_g01_c05.avi,0.4944884181022644,1.4502925872802734,15.65247631072998,0.7769117647058823,76.83074951171875,121,38,38,1,1.0
HeadMassage/v_HeadMassage_g02_c01.avi,0.5624476075172424,1.059556484222412,9.0,0.6746323529411765,59.7000732421875,242,38,38,1,0.9078304171562196
HeadMassage/v_HeadMassage_g02_c02.avi,1.301587462425232,2.6244659423828125,22.0,0.5995496323529412,317.0018005371094,240,38,38,1,0.999619722366333
HeadMassage/v_HeadMassage_g02_c03.avi,0.75566565990448,1.641749382019043,25.495098114013672,0.6811465992647059,204.3623046875,277,38,38,1,0.9999607801437378
HeadMassage/v_HeadMassage_g02_c04.avi,0.5705888271331787,1.6649115085601809,31.90611267089844,0.769446231617647,125.5020980834961,256,38,38,1,0.9650417566299438
HeadMassage/v_HeadMassage_g02_c05.avi,0.6631461381912231,1.7864041328430176,30.01666259765625,0.6725275735294117,176.3068084716797,306,38,38,1,0.7750114798545837
HeadMassage/v_HeadMassage_g02_c06.avi,1.102688908576965,1.95540988445282,19.646883010864254,0.5147633272058824,132.66896057128906,309,38,38,1,0.9963313937187196
HeadMassage/v_HeadMassage_g02_c07.avi,1.1048157215118408,1.6233688592910769,15.0,0.5059972426470588,155.25241088867188,247,38,12,0,0.5103941559791565
HeadMassage/v_HeadMassage_g03_c01.avi,3.949659585952759,5.77672004699707,41.773197174072266,0.3848713235294118,233.73757934570312,319,38,38,1,1.0
HeadMassage/v_HeadMassage_g03_c02.avi,3.037095546722412,4.962271213531494,58.0,0.4845519301470588,167.64385986328125,319,38,38,1,1.0
HeadMassage/v_HeadMassage_g03_c03.avi,5.4365997314453125,7.52114725112915,79.92496490478516,0.2751148897058823,581.0060424804688,355,38,38,1,1.0
HeadMassage/v_HeadMassage_g03_c04.avi,4.2656331062316895,6.738494873046875,35.1710090637207,0.3173414522058823,259.5608825683594,314,38,38,1,1.0
HeadMassage/v_HeadMassage_g03_c05.avi,2.86134672164917,5.093453884124756,43.5660400390625,0.3942279411764706,281.0777893066406,348,38,38,1,1.0
HeadMassage/v_HeadMassage_g03_c06.avi,6.137143135070801,8.434882164001465,71.11258697509766,0.2845680147058823,317.09832763671875,403,38,38,1,1.0
HeadMassage/v_HeadMassage_g03_c07.avi,2.6242151260375977,3.858939647674561,38.62641525268555,0.2785386029411765,192.2120819091797,336,38,38,1,1.0
HeadMassage/v_HeadMassage_g04_c01.avi,6.22017240524292,4.5184197425842285,33.241539001464844,0.0527366727941176,208.08963012695312,152,38,38,1,1.0
HeadMassage/v_HeadMassage_g04_c02.avi,4.6367387771606445,5.228375911712647,55.785301208496094,0.0763442095588235,341.9897766113281,167,38,38,1,1.0
HeadMassage/v_HeadMassage_g04_c03.avi,6.244667053222656,5.4730634689331055,46.75468063354492,0.0499517463235294,657.3687744140625,179,38,38,1,1.0
HeadMassage/v_HeadMassage_g04_c04.avi,10.405529975891112,6.296269416809082,49.24428939819336,0.0473988970588235,497.4782104492188,197,38,38,1,1.0
HeadMassage/v_HeadMassage_g05_c01.avi,8.740160942077637,15.002431869506836,114.00438690185548,0.2016865808823529,642.8619384765625,218,38,38,1,1.0
HeadMassage/v_HeadMassage_g05_c02.avi,3.3174021244049072,5.95660400390625,67.5425796508789,0.3342555147058823,224.74172973632807,198,38,38,1,1.0
HeadMassage/v_HeadMassage_g05_c03.avi,7.146865367889404,9.735912322998049,76.02631378173828,0.1063579963235294,407.7568664550781,230,38,38,1,1.0
HeadMassage/v_HeadMassage_g05_c04.avi,1.9910467863082888,3.3007652759552,30.01666259765625,0.336985294117647,95.84943389892578,242,38,38,1,1.0
HeadMassage/v_HeadMassage_g05_c05.avi,4.815301895141602,4.450821876525879,44.10215377807617,0.2070840992647059,319.5545349121094,269,38,38,1,1.0
HeadMassage/v_HeadMassage_g05_c06.avi,5.770039081573486,9.445027351379396,89.8109130859375,0.1656204044117647,302.83416748046875,106,38,38,1,1.0
HeadMassage/v_HeadMassage_g06_c01.avi,4.954660892486572,4.267573833465576,34.01470184326172,0.1630353860294117,111.5634307861328,228,38,38,1,1.0
HeadMassage/v_HeadMassage_g06_c02.avi,1.5407335758209229,2.321402072906494,19.0,0.4815992647058824,52.74910354614258,110,38,38,1,1.0
HeadMassage/v_HeadMassage_g06_c03.avi,5.229141712188721,3.726966142654419,30.5941162109375,0.0994921875,154.0918731689453,237,38,38,1,1.0
HeadMassage/v_HeadMassage_g06_c04.avi,3.123091220855713,4.559045791625977,52.63079071044922,0.1506364889705882,167.72271728515625,231,38,38,1,1.0
HeadMassage/v_HeadMassage_g06_c05.avi,3.5813441276550293,5.901787757873535,42.72002029418945,0.4911695772058823,139.1484832763672,262,38,38,1,1.0
HeadMassage/v_HeadMassage_g06_c06.avi,5.417233943939209,7.996101379394531,76.5506362915039,0.2782720588235294,164.7062225341797,208,38,38,1,1.0
HeadMassage/v_HeadMassage_g06_c07.avi,4.394487380981445,7.742615222930908,51.088157653808594,0.4605124080882353,127.9334487915039,256,38,38,1,1.0
HeadMassage/v_HeadMassage_g07_c01.avi,2.857522964477539,5.266905784606934,58.24946212768555,0.4807835477941176,576.9815673828125,251,38,38,1,0.9999998807907104
HeadMassage/v_HeadMassage_g07_c02.avi,9.287531852722168,10.311909675598145,59.54829788208008,0.3041704963235294,1037.5330810546875,297,38,38,1,0.9999947547912598
HeadMassage/v_HeadMassage_g07_c03.avi,7.2998785972595215,13.765145301818848,134.01492309570312,0.3414590992647058,1625.872314453125,177,38,38,1,0.9999464750289916
HeadMassage/v_HeadMassage_g07_c04.avi,3.112419366836548,5.279749870300293,53.00943374633789,0.4191015625,424.9569396972656,230,38,38,1,1.0
HeadMassage/v_HeadMassage_g07_c05.avi,3.4920692443847656,5.680728912353516,51.244510650634766,0.4338465073529411,286.5234375,248,38,38,1,0.9941662549972534
HighJump/v_HighJump_g01_c01.avi,5.00190019607544,4.970140933990479,29.0,0.363977481617647,246.1637725830078,154,39,96,0,0.9761448502540588
HighJump/v_HighJump_g01_c02.avi,14.575945854187012,31.211397171020508,160.0124969482422,0.2172472426470588,440.6271057128906,153,39,96,0,0.5683507323265076
HighJump/v_HighJump_g01_c03.avi,21.87372398376465,19.881797790527344,68.02940368652344,0.2061443014705882,395.4378662109375,101,39,96,0,0.7713786363601685
HighJump/v_HighJump_g01_c04.avi,46.1254768371582,50.58356094360352,241.0020751953125,0.1900183823529412,1019.5255126953124,178,39,67,0,0.9619690775871276
HighJump/v_HighJump_g01_c05.avi,9.57282543182373,9.67819881439209,51.19570159912109,0.1685271139705882,215.68881225585935,231,39,29,0,0.9999992847442628
HighJump/v_HighJump_g02_c01.avi,4.280221939086914,6.829798698425293,46.52956008911133,0.4808754595588235,222.6101531982422,136,39,39,1,0.9993990659713744
HighJump/v_HighJump_g02_c02.avi,13.639695167541504,22.23841857910156,105.0047607421875,0.4362591911764706,462.26177978515625,136,39,39,1,0.9252264499664308
HighJump/v_HighJump_g02_c03.avi,24.480379104614254,32.7911491394043,161.94134521484375,0.2378952205882352,1311.54248046875,120,39,44,0,0.917612612247467
HighJump/v_HighJump_g02_c04.avi,20.38149642944336,28.08485984802246,187.3018951416016,0.2129480698529411,725.9940185546875,103,39,39,1,0.9611231684684752
HighJump/v_HighJump_g02_c05.avi,8.114051818847656,16.048412322998047,84.01190185546875,0.4223897058823529,221.3795623779297,152,39,44,0,0.8088045120239258
HighJump/v_HighJump_g02_c06.avi,16.33310890197754,25.972671508789062,159.9656219482422,0.2672426470588235,436.9412536621094,143,39,44,0,0.9864094257354736
HighJump/v_HighJump_g02_c07.avi,11.369571685791016,12.599921226501465,55.145263671875,0.2955652573529412,358.124267578125,127,39,44,0,0.9992896318435668
HighJump/v_HighJump_g03_c01.avi,17.235754013061523,17.58860969543457,87.05171203613281,0.1062385110294117,548.1725463867188,107,39,39,1,0.9994833469390868
HighJump/v_HighJump_g03_c02.avi,13.320320129394531,25.190773010253903,124.57929229736328,0.2675298713235294,651.3171997070312,137,39,39,1,0.5175886154174805
HighJump/v_HighJump_g03_c03.avi,12.898767471313477,18.810022354125977,152.32859802246094,0.3287247242647059,1120.2916259765625,91,39,67,0,0.9913923740386964
HighJump/v_HighJump_g03_c04.avi,6.457429885864258,8.289580345153809,56.04462432861328,0.2237775735294117,279.1587829589844,182,39,44,0,0.9781226515769958
HighJump/v_HighJump_g04_c01.avi,11.385062217712402,13.69234848022461,67.0,0.2454365808823529,368.6138916015625,95,39,50,0,0.9953989386558532
HighJump/v_HighJump_g04_c02.avi,12.662660598754885,20.097131729125977,197.0,0.3617532169117647,613.7911987304688,143,39,39,1,0.9566597938537598
HighJump/v_HighJump_g04_c03.avi,14.66771411895752,29.06405639648437,160.0,0.3581985294117647,1053.133544921875,143,39,39,1,0.9110056161880492
HighJump/v_HighJump_g04_c04.avi,15.950116157531738,23.85160255432129,111.07205200195312,0.2735179227941176,733.6657104492188,107,39,44,0,0.7452901601791382
HighJump/v_HighJump_g04_c05.avi,10.65366268157959,20.04968643188477,211.0,0.4213970588235294,718.6213989257812,108,39,39,1,0.9999896287918092
HighJump/v_HighJump_g04_c06.avi,14.808601379394531,24.60173988342285,249.0502014160156,0.2427941176470588,791.754150390625,131,39,39,1,0.9762386679649352
HighJump/v_HighJump_g05_c01.avi,27.54255104064941,31.867218017578125,164.7574005126953,0.0997518382352941,508.7403869628906,120,39,39,1,1.0
HighJump/v_HighJump_g05_c02.avi,16.43533706665039,17.714689254760742,109.0,0.1626470588235294,396.4005432128906,70,39,39,1,1.0
HighJump/v_HighJump_g05_c03.avi,28.189329147338867,33.97739791870117,146.08558654785156,0.1249563419117647,1193.877197265625,73,39,39,1,1.0
HighJump/v_HighJump_g05_c04.avi,33.81922912597656,33.522212982177734,173.23394775390625,0.1095840992647058,1274.1033935546875,120,39,39,1,0.9882810711860656
HighJump/v_HighJump_g05_c05.avi,46.821720123291016,58.82735824584961,256.7800598144531,0.1178331801470588,1130.927001953125,98,39,67,0,0.9999998807907104
HighJump/v_HighJump_g06_c01.avi,22.975324630737305,27.255884170532227,181.7965850830078,0.1877068014705882,595.9947509765625,107,39,39,1,0.9999998807907104
HighJump/v_HighJump_g06_c02.avi,35.628173828125,33.034236907958984,163.35543823242188,0.0704802389705882,781.6228637695312,131,39,39,1,0.9999938011169434
HighJump/v_HighJump_g06_c03.avi,17.258716583251953,35.71522903442383,287.2107238769531,0.317571231617647,479.6327209472656,156,39,39,1,0.9522913694381714
HighJump/v_HighJump_g06_c04.avi,31.603111267089844,33.07902145385742,164.75436401367188,0.0867670036764705,479.22991943359375,104,39,39,1,1.0
HighJump/v_HighJump_g07_c01.avi,34.81584930419922,41.01054763793945,176.0,0.0524977022058823,1595.578369140625,115,39,39,1,1.0
HighJump/v_HighJump_g07_c02.avi,23.8314266204834,28.745933532714844,195.0,0.0904159007352941,1337.624267578125,97,39,39,1,0.9999992847442628
HighJump/v_HighJump_g07_c03.avi,6.827895164489746,8.489763259887695,43.104522705078125,0.2553676470588235,326.5018005371094,122,39,39,1,1.0
HighJump/v_HighJump_g07_c04.avi,30.635225296020508,35.064544677734375,152.05262756347656,0.1893543198529411,684.2684326171875,101,39,39,1,1.0
HighJump/v_HighJump_g07_c05.avi,32.39377975463867,41.71344375610352,254.096435546875,0.0683409926470588,2508.64501953125,90,39,39,1,1.0
HighJump/v_HighJump_g07_c06.avi,31.112764358520508,39.544315338134766,187.57931518554688,0.0903010110294117,2201.638427734375,79,39,39,1,1.0
HorseRace/v_HorseRace_g01_c01.avi,11.013471603393556,17.120243072509766,112.0,0.2049379595588235,197.55645751953125,191,40,40,1,1.0
HorseRace/v_HorseRace_g01_c02.avi,7.968652248382568,11.88711643218994,44.0,0.2645909926470588,122.65574645996094,152,40,40,1,1.0
HorseRace/v_HorseRace_g01_c03.avi,5.258236885070801,7.865391254425049,57.314918518066406,0.4068129595588235,259.1871032714844,170,40,40,1,1.0
HorseRace/v_HorseRace_g01_c04.avi,7.867460250854492,9.9144926071167,46.0,0.2495749080882353,140.80047607421875,168,40,40,1,1.0
HorseRace/v_HorseRace_g02_c01.avi,6.817070484161377,13.07607650756836,103.94710540771484,0.2438534007352941,908.0382690429688,299,40,40,1,1.0
HorseRace/v_HorseRace_g02_c02.avi,13.24289608001709,21.637439727783203,150.01333618164062,0.1165854779411764,1097.916259765625,299,40,40,1,1.0
HorseRace/v_HorseRace_g02_c03.avi,17.414493560791016,20.870195388793945,107.70329284667967,0.1496231617647059,1249.7042236328125,312,40,40,1,1.0
HorseRace/v_HorseRace_g02_c04.avi,18.335281372070312,26.98015022277832,180.85353088378903,0.1793382352941176,1550.4345703125,340,40,40,1,1.0
HorseRace/v_HorseRace_g03_c01.avi,5.932004451751709,10.7216215133667,77.66595458984375,0.3136833639705882,201.2377777099609,166,40,40,1,1.0
HorseRace/v_HorseRace_g03_c02.avi,6.098250865936279,9.90439224243164,58.94064712524414,0.3639453125,307.85467529296875,163,40,40,1,1.0
HorseRace/v_HorseRace_g03_c03.avi,17.15443229675293,23.077442169189453,101.0197982788086,0.3823965992647058,559.2192993164062,160,40,40,1,1.0
HorseRace/v_HorseRace_g03_c04.avi,6.08404016494751,12.58818244934082,95.18928527832033,0.4292624080882353,393.4521179199219,150,40,40,1,1.0
HorseRace/v_HorseRace_g03_c05.avi,3.891290426254273,9.519219398498535,102.0,0.3927803308823529,181.00619506835935,130,40,40,1,1.0
HorseRace/v_HorseRace_g04_c01.avi,2.760082960128784,3.824692487716675,47.0,0.2931985294117647,49.161766052246094,147,40,40,1,1.0
HorseRace/v_HorseRace_g04_c02.avi,9.073156356811523,16.245784759521484,69.00724792480469,0.3774678308823529,63.26655960083008,154,40,40,1,1.0
HorseRace/v_HorseRace_g04_c03.avi,11.907848358154297,28.67280387878418,210.11663818359372,0.4244002757352941,134.51231384277344,77,40,40,1,1.0
HorseRace/v_HorseRace_g04_c04.avi,20.271183013916016,27.80526733398437,119.03781127929688,0.215266544117647,227.05593872070312,134,40,40,1,1.0
HorseRace/v_HorseRace_g04_c05.avi,2.7287607192993164,4.941066265106201,102.0,0.3265487132352941,68.62156677246094,137,40,40,1,1.0
HorseRace/v_HorseRace_g04_c06.avi,4.258591175079346,6.7895188331604,70.40596771240234,0.3347403492647058,194.2538299560547,157,40,40,1,1.0
HorseRace/v_HorseRace_g05_c01.avi,8.247282028198242,13.365513801574709,126.00396728515624,0.2243956801470588,294.40185546875,252,40,40,1,1.0
HorseRace/v_HorseRace_g05_c02.avi,23.64300346374512,26.093618392944336,99.02020263671876,0.1636443014705882,498.66412353515625,297,40,40,1,1.0
HorseRace/v_HorseRace_g05_c03.avi,3.847184658050537,7.892995357513428,120.00416564941406,0.4244278492647059,129.8245086669922,272,40,40,1,1.0
HorseRace/v_HorseRace_g05_c04.avi,4.52510404586792,10.734025955200195,85.70297241210938,0.5020197610294118,158.04664611816406,213,40,40,1,1.0
HorseRace/v_HorseRace_g06_c01.avi,7.757015228271484,10.110264778137209,95.04735565185548,0.1934375,299.12872314453125,191,40,40,1,1.0
HorseRace/v_HorseRace_g06_c02.avi,6.543917655944824,13.100760459899902,91.0,0.3529136029411764,329.15533447265625,144,40,40,1,1.0
HorseRace/v_HorseRace_g06_c03.avi,6.213607311248779,9.435093879699709,79.00633239746094,0.3232651654411764,716.5844116210938,138,40,40,1,1.0
HorseRace/v_HorseRace_g06_c04.avi,2.4598519802093506,4.878351211547852,57.00876998901367,0.4755606617647059,214.2047882080078,212,40,40,1,1.0
HorseRace/v_HorseRace_g06_c05.avi,6.548859119415283,7.911682605743408,39.0,0.2693405330882353,331.2794494628906,205,40,40,1,1.0
HorseRace/v_HorseRace_g06_c06.avi,5.235922336578369,8.016180992126465,54.147945404052734,0.3930215992647058,1236.375,224,40,40,1,1.0
HorseRace/v_HorseRace_g07_c01.avi,4.19519567489624,6.780399322509766,36.24913787841797,0.3460661764705882,214.6161651611328,168,40,40,1,1.0
HorseRace/v_HorseRace_g07_c02.avi,3.454675674438477,5.757526397705078,39.11521530151367,0.4083478860294117,373.3864135742188,111,40,40,1,1.0
HorseRace/v_HorseRace_g07_c03.avi,2.5511364936828613,4.299205780029297,25.0,0.4448299632352941,191.69677734375,153,40,40,1,1.0
HorseRace/v_HorseRace_g07_c04.avi,2.1524646282196045,2.772925615310669,16.124515533447266,0.5403492647058824,127.03643798828124,181,40,40,1,1.0
HorseRace/v_HorseRace_g07_c05.avi,4.300331592559815,7.445180892944336,58.0,0.4448506433823529,153.56507873535156,247,40,40,1,1.0
HorseRace/v_HorseRace_g07_c06.avi,8.858757019042969,16.48358726501465,119.0,0.302883731617647,350.40460205078125,134,40,40,1,1.0
HorseRiding/v_HorseRiding_g01_c01.avi,13.700082778930664,8.64145278930664,37.94733047485352,0.2144002757352941,318.6054992675781,238,41,41,1,1.0
HorseRiding/v_HorseRiding_g01_c02.avi,3.6906285285949703,2.5294840335845947,22.472204208374023,0.0560110294117647,110.335205078125,101,41,41,1,1.0
HorseRiding/v_HorseRiding_g01_c03.avi,20.614582061767575,19.884763717651367,102.1077880859375,0.0773920036764705,896.671875,97,41,41,1,1.0
HorseRiding/v_HorseRiding_g01_c04.avi,25.30449867248535,19.559234619140625,69.1158447265625,0.033899356617647,564.500732421875,118,41,41,1,1.0
HorseRiding/v_HorseRiding_g01_c05.avi,22.3947868347168,18.815235137939453,87.3670425415039,0.045735294117647,503.0328674316406,119,41,41,1,1.0
HorseRiding/v_HorseRiding_g01_c06.avi,9.518291473388672,9.502238273620604,37.12142181396485,0.1685684742647059,106.43904876708984,170,41,41,1,1.0
HorseRiding/v_HorseRiding_g01_c07.avi,20.63874053955078,16.763357162475586,133.22161865234375,0.0332398897058823,727.31201171875,119,41,41,1,1.0
HorseRiding/v_HorseRiding_g02_c01.avi,17.45886993408203,14.640711784362791,54.12947463989258,0.085539981617647,207.01388549804688,179,41,41,1,1.0
HorseRiding/v_HorseRiding_g02_c02.avi,13.73055362701416,14.34763240814209,91.0054931640625,0.1326240808823529,186.7281036376953,131,41,41,1,1.0
HorseRiding/v_HorseRiding_g02_c03.avi,26.19879913330078,18.72748565673828,67.26811981201172,0.027805606617647,398.8878784179688,120,41,41,1,1.0
HorseRiding/v_HorseRiding_g02_c04.avi,12.366076469421388,17.915292739868164,139.0,0.1592738970588235,101.38582611083984,167,41,41,1,1.0
HorseRiding/v_HorseRiding_g02_c05.avi,16.65363311767578,15.267940521240234,56.32051086425781,0.1481135110294117,150.7889862060547,179,41,41,1,1.0
HorseRiding/v_HorseRiding_g02_c06.avi,12.185833930969238,12.34448528289795,60.67124557495117,0.2383777573529411,179.714599609375,179,41,41,1,1.0
HorseRiding/v_HorseRiding_g02_c07.avi,12.05459213256836,12.074928283691406,47.0,0.1709076286764705,116.37178802490234,119,41,41,1,1.0
HorseRiding/v_HorseRiding_g03_c01.avi,2.985288381576538,3.0226047039031982,27.0,0.3144669117647058,121.34151458740234,184,41,41,1,1.0
HorseRiding/v_HorseRiding_g03_c02.avi,21.61411476135254,16.92999267578125,83.00602722167969,0.0771829044117647,721.1920166015625,150,41,41,1,1.0
HorseRiding/v_HorseRiding_g03_c03.avi,13.647048950195312,12.06954860687256,55.97320938110352,0.1101677389705882,671.8665771484375,150,41,41,1,1.0
HorseRiding/v_HorseRiding_g03_c04.avi,18.47590446472168,18.83365631103516,88.1192398071289,0.0956066176470588,362.16986083984375,150,41,41,1,1.0
HorseRiding/v_HorseRiding_g03_c05.avi,7.470773220062256,5.771908760070801,28.65309715270996,0.0933363970588235,121.9175262451172,155,41,41,1,1.0
HorseRiding/v_HorseRiding_g03_c06.avi,18.28306579589844,13.987900733947754,84.05355072021484,0.0233685661764705,313.5198059082031,179,41,41,1,1.0
HorseRiding/v_HorseRiding_g03_c07.avi,12.3198881149292,16.685129165649414,95.02104949951172,0.0917670036764705,325.5784606933594,191,41,41,1,1.0
HorseRiding/v_HorseRiding_g04_c01.avi,9.925008773803713,10.00800323486328,42.10700607299805,0.0754319852941176,180.7946014404297,200,41,41,1,1.0
HorseRiding/v_HorseRiding_g04_c02.avi,14.951425552368164,16.616788864135742,74.06078338623047,0.1040533088235294,136.49627685546875,200,41,41,1,1.0
HorseRiding/v_HorseRiding_g04_c03.avi,8.397089958190918,6.34481143951416,29.068883895874023,0.0580284926470588,126.52769470214844,126,41,41,1,0.999996542930603
HorseRiding/v_HorseRiding_g04_c04.avi,4.097112655639648,3.6711506843566895,37.10795211791992,0.2406847426470588,195.6150665283203,200,41,41,1,0.9983275532722472
HorseRiding/v_HorseRiding_g04_c05.avi,28.79891586303711,22.772520065307617,92.04889678955078,0.0291498161764705,685.5411376953125,239,41,41,1,1.0
HorseRiding/v_HorseRiding_g04_c06.avi,23.77346420288086,16.99696922302246,56.0,0.0157950367647058,543.1153564453125,239,41,41,1,1.0
HorseRiding/v_HorseRiding_g04_c07.avi,25.34943389892578,21.980432510375977,101.2422866821289,0.0543428308823529,705.4340209960938,239,41,41,1,1.0
HorseRiding/v_HorseRiding_g05_c01.avi,16.844623565673828,16.333023071289062,73.33484649658203,0.0508846507352941,1125.966064453125,150,41,41,1,1.0
HorseRiding/v_HorseRiding_g05_c02.avi,9.556224822998049,7.943040370941162,33.0151481628418,0.0943382352941176,632.7618408203125,150,41,41,1,1.0
HorseRiding/v_HorseRiding_g05_c03.avi,15.507075309753418,12.25560188293457,53.00943374633789,0.0608363970588235,941.4625244140624,150,41,41,1,1.0
HorseRiding/v_HorseRiding_g05_c04.avi,14.307744979858398,12.280473709106444,52.0,0.0707284007352941,892.9654541015625,150,41,41,1,1.0
HorseRiding/v_HorseRiding_g05_c05.avi,16.98491668701172,13.928180694580078,72.06246948242188,0.0295013786764705,1042.357177734375,179,41,41,1,1.0
HorseRiding/v_HorseRiding_g05_c06.avi,18.177377700805664,12.974579811096191,54.230987548828125,0.0301171875,323.35162353515625,239,41,41,1,1.0
HorseRiding/v_HorseRiding_g05_c07.avi,19.275861740112305,15.367039680480955,74.95331573486328,0.0367853860294117,310.6831970214844,239,41,41,1,1.0
HorseRiding/v_HorseRiding_g06_c01.avi,28.64505958557129,22.27505874633789,95.33625030517578,0.0469623161764705,534.8287353515625,239,41,41,1,1.0
HorseRiding/v_HorseRiding_g06_c02.avi,16.57986068725586,16.676794052124023,77.0,0.055969669117647,325.9691162109375,239,41,41,1,1.0
HorseRiding/v_HorseRiding_g06_c03.avi,21.035369873046875,20.61371421813965,124.01612854003906,0.0918727022058823,494.4720764160156,179,41,41,1,1.0
HorseRiding/v_HorseRiding_g06_c04.avi,20.71491432189941,19.47691535949707,114.43775939941406,0.0689269301470588,445.424560546875,179,41,41,1,1.0
HorseRiding/v_HorseRiding_g06_c05.avi,20.560651779174805,16.354598999023438,82.0,0.0647311580882352,350.43780517578125,179,41,41,1,1.0
HorseRiding/v_HorseRiding_g06_c06.avi,9.923983573913574,8.614219665527344,46.52956008911133,0.1097035845588235,239.8440399169922,203,41,41,1,1.0
HorseRiding/v_HorseRiding_g06_c07.avi,11.18416976928711,14.00787353515625,50.08992004394531,0.1518704044117647,123.3299560546875,215,41,41,1,1.0
HorseRiding/v_HorseRiding_g07_c01.avi,26.28045654296875,25.36905288696289,119.0,0.0829503676470588,883.1345825195312,179,41,41,1,1.0
HorseRiding/v_HorseRiding_g07_c02.avi,32.757469177246094,27.149444580078125,96.02082824707033,0.0410317095588235,1139.0125732421875,179,41,41,1,1.0
HorseRiding/v_HorseRiding_g07_c03.avi,21.523683547973636,23.38514518737793,125.1958465576172,0.0882192095588235,1145.0113525390625,179,41,41,1,1.0
HorseRiding/v_HorseRiding_g07_c04.avi,22.79831314086914,23.45021629333496,113.00442504882812,0.0918910845588235,993.3160400390624,179,41,41,1,1.0
HorseRiding/v_HorseRiding_g07_c05.avi,31.41948699951172,24.45778465270996,112.28534698486328,0.0572288602941176,1112.544921875,179,41,41,1,1.0
HorseRiding/v_HorseRiding_g07_c06.avi,25.212486267089844,25.655258178710938,115.01738739013672,0.0671507352941176,1211.4420166015625,179,41,41,1,1.0
HorseRiding/v_HorseRiding_g07_c07.avi,15.074470520019531,15.625993728637695,120.0,0.2336488970588235,544.3768310546875,239,41,41,1,1.0
HulaHoop/v_HulaHoop_g01_c01.avi,6.254847049713135,8.088606834411621,66.70832061767578,0.262375919117647,1193.7454833984375,90,42,42,1,1.0
HulaHoop/v_HulaHoop_g01_c02.avi,2.9999008178710938,4.3352952003479,68.70953369140625,0.2529871323529412,608.4573364257812,140,42,42,1,0.9999358654022216
HulaHoop/v_HulaHoop_g01_c03.avi,7.412136554718018,7.004858493804932,55.94640350341797,0.0734283088235294,1172.46435546875,110,42,42,1,1.0
HulaHoop/v_HulaHoop_g01_c04.avi,9.621282577514648,8.932100296020508,86.46965026855469,0.050579044117647,1223.7088623046875,100,42,42,1,1.0
HulaHoop/v_HulaHoop_g01_c05.avi,6.77803897857666,7.378976345062256,75.70997619628906,0.0743083639705882,808.3560791015625,120,42,42,1,1.0
HulaHoop/v_HulaHoop_g01_c06.avi,3.658524036407471,4.7639265060424805,67.06713104248047,0.2067945772058823,914.2353515625,120,42,42,1,1.0
HulaHoop/v_HulaHoop_g01_c07.avi,3.659773111343384,7.285303592681885,66.40029907226562,0.4186465992647059,1399.6793212890625,117,42,42,1,1.0
HulaHoop/v_HulaHoop_g02_c01.avi,3.170776844024658,6.48853063583374,68.88395690917969,0.3810684742647058,582.6780395507812,110,42,42,1,1.0
HulaHoop/v_HulaHoop_g02_c02.avi,4.473109245300293,8.838262557983398,115.16944122314452,0.2710431985294118,855.1878051757812,120,42,42,1,1.0
HulaHoop/v_HulaHoop_g02_c03.avi,4.629977703094482,9.958137512207031,111.11255645751952,0.2981824448529411,860.5255737304688,120,42,42,1,1.0
HulaHoop/v_HulaHoop_g02_c04.avi,3.3686156272888184,7.012110233306885,76.02631378173828,0.3812522977941176,641.7469482421875,110,42,42,1,1.0
HulaHoop/v_HulaHoop_g03_c01.avi,0.9730222225189208,1.8238071203231807,35.0,0.4369577205882353,98.09688568115234,91,42,42,1,1.0
HulaHoop/v_HulaHoop_g03_c02.avi,4.505222797393799,5.200841903686523,81.0,0.2661856617647058,123.7810516357422,80,42,42,1,0.9999922513961792
HulaHoop/v_HulaHoop_g03_c03.avi,2.609964370727539,3.1452083587646484,30.805843353271484,0.2013717830882353,166.35797119140625,90,42,42,1,1.0
HulaHoop/v_HulaHoop_g03_c04.avi,1.4454821348190308,2.170538902282715,21.09502220153809,0.4212522977941176,147.4336395263672,100,42,42,1,1.0
HulaHoop/v_HulaHoop_g03_c05.avi,0.2679694890975952,0.8105170130729675,18.027755737304688,0.8261695772058824,233.4481964111328,91,42,42,1,1.0
HulaHoop/v_HulaHoop_g04_c01.avi,1.6244168281555176,2.130722999572754,24.08318901062012,0.2320151654411764,514.5294189453125,112,42,42,1,1.0
HulaHoop/v_HulaHoop_g04_c02.avi,1.715420484542847,2.1956441402435303,26.305892944335938,0.323938419117647,585.3778076171875,111,42,42,1,1.0
HulaHoop/v_HulaHoop_g04_c03.avi,1.38886821269989,1.6688897609710691,24.020824432373047,0.2799770220588235,280.0756225585937,104,42,42,1,1.0
HulaHoop/v_HulaHoop_g04_c04.avi,0.87091463804245,1.8540769815444944,24.08318901062012,0.5222931985294118,288.9665222167969,110,42,42,1,1.0
HulaHoop/v_HulaHoop_g04_c05.avi,0.9904675483703612,1.8568750619888303,22.20360374450684,0.5383846507352941,396.2966918945313,114,42,42,1,1.0
HulaHoop/v_HulaHoop_g05_c01.avi,2.2719621658325195,3.7349772453308105,44.10215377807617,0.443352481617647,56.31758499145508,105,42,42,1,0.9999767541885376
HulaHoop/v_HulaHoop_g05_c02.avi,2.659675359725952,4.862079620361328,49.658836364746094,0.4217715992647058,81.06013488769531,95,42,42,1,0.9999985694885254
HulaHoop/v_HulaHoop_g05_c03.avi,5.3552751541137695,8.216842651367188,72.02777099609375,0.3218382352941176,106.99202728271484,107,42,44,0,0.7843929529190063
HulaHoop/v_HulaHoop_g05_c04.avi,2.469890594482422,5.750860691070557,81.39410400390625,0.5027550551470589,234.1078643798828,113,42,42,1,1.0
HulaHoop/v_HulaHoop_g06_c01.avi,2.4010610580444336,3.6963863372802734,38.01315689086914,0.4048391544117647,59.29004669189453,95,42,42,1,0.9999637603759766
HulaHoop/v_HulaHoop_g06_c02.avi,2.692930221557617,4.0873799324035645,36.715118408203125,0.3559237132352941,65.3167495727539,107,42,42,1,0.98625910282135
HulaHoop/v_HulaHoop_g06_c03.avi,1.186321258544922,2.2603273391723637,23.0,0.594758731617647,31.63291549682617,95,42,42,1,0.9762656092643738
HulaHoop/v_HulaHoop_g06_c04.avi,1.7965158224105835,3.513190746307373,47.67599105834961,0.4823988970588235,98.79606628417967,95,42,42,1,0.999821960926056
HulaHoop/v_HulaHoop_g07_c01.avi,1.3496217727661133,2.4606003761291504,35.84689712524414,0.4513625919117647,228.7451934814453,95,42,42,1,1.0
HulaHoop/v_HulaHoop_g07_c02.avi,1.9387952089309688,4.445137023925781,75.74298858642578,0.3996530330882353,498.8352966308594,100,42,42,1,1.0
HulaHoop/v_HulaHoop_g07_c03.avi,2.1407923698425293,5.337385654449463,92.77930450439452,0.4229067095588235,383.9308776855469,90,42,42,1,1.0
HulaHoop/v_HulaHoop_g07_c04.avi,2.324511766433716,4.878541469573975,74.81310272216797,0.4138304227941176,463.2127990722656,100,42,42,1,1.0
HulaHoop/v_HulaHoop_g07_c05.avi,2.32827377319336,5.221652984619141,64.03124237060547,0.4065831801470588,481.9560546875,100,42,42,1,1.0
IceDancing/v_IceDancing_g01_c01.avi,1.6730382442474363,2.4654126167297363,24.020824432373047,0.3397426470588235,46.70585250854492,243,43,43,1,1.0
IceDancing/v_IceDancing_g01_c02.avi,2.106289386749268,3.724534273147583,39.0,0.4123713235294117,122.6967544555664,250,43,43,1,1.0
IceDancing/v_IceDancing_g01_c03.avi,37.7594108581543,43.16994094848633,234.05340576171875,0.0689545036764705,551.0369873046875,234,43,43,1,1.0
IceDancing/v_IceDancing_g01_c04.avi,10.219548225402832,12.506795883178713,120.14990997314452,0.0888832720588235,445.8474731445313,257,43,43,1,1.0
IceDancing/v_IceDancing_g01_c05.avi,17.341876983642578,23.912673950195312,119.00420379638672,0.2226654411764705,577.705078125,258,43,43,1,1.0
IceDancing/v_IceDancing_g01_c06.avi,5.85961389541626,12.681403160095217,173.0,0.2540693933823529,324.7191162109375,258,43,43,1,1.0
IceDancing/v_IceDancing_g01_c07.avi,5.822565078735352,8.55948257446289,89.005615234375,0.1959283088235294,340.420654296875,250,43,43,1,1.0
IceDancing/v_IceDancing_g02_c01.avi,30.657764434814453,33.64601516723633,197.02284240722656,0.1856709558823529,567.6571044921875,255,43,43,1,1.0
IceDancing/v_IceDancing_g02_c02.avi,24.38495445251465,23.72637939453125,121.14866638183594,0.0682306985294117,366.3904418945313,251,43,43,1,1.0
IceDancing/v_IceDancing_g02_c03.avi,15.571020126342772,18.45539093017578,110.76551818847656,0.0482192095588235,467.56243896484375,251,43,43,1,1.0
IceDancing/v_IceDancing_g02_c04.avi,24.348506927490234,21.20159721374512,97.32933807373048,0.0588763786764705,574.7647705078125,255,43,43,1,1.0
IceDancing/v_IceDancing_g02_c05.avi,4.188839435577393,3.800305128097534,25.179357528686523,0.1524793198529411,166.6793670654297,243,43,43,1,0.9999972581863404
IceDancing/v_IceDancing_g02_c06.avi,18.33254051208496,18.74640846252441,123.0,0.0559627757352941,238.00634765625,247,43,43,1,1.0
IceDancing/v_IceDancing_g02_c07.avi,13.431364059448242,13.443331718444824,73.10950469970703,0.0941796875,316.2576599121094,248,43,43,1,1.0
IceDancing/v_IceDancing_g03_c01.avi,14.145350456237791,17.364587783813477,121.0,0.0927389705882353,413.7157287597656,257,43,43,1,1.0
IceDancing/v_IceDancing_g03_c02.avi,21.675201416015625,23.183326721191406,95.02104949951172,0.0683088235294117,614.0258178710938,254,43,43,1,1.0
IceDancing/v_IceDancing_g03_c03.avi,9.88662815093994,12.29108715057373,64.0,0.128782169117647,403.0870666503906,246,43,43,1,1.0
IceDancing/v_IceDancing_g03_c04.avi,3.430216789245605,3.799381971359253,30.0,0.1983088235294117,90.40726470947266,242,43,43,1,1.0
IceDancing/v_IceDancing_g03_c05.avi,3.92363953590393,2.6608357429504395,16.0,0.1351838235294117,78.39505767822266,243,43,43,1,1.0
IceDancing/v_IceDancing_g03_c06.avi,22.574073791503903,25.798274993896484,138.09054565429688,0.0741498161764705,1136.6529541015625,239,43,43,1,1.0
IceDancing/v_IceDancing_g04_c01.avi,17.183584213256836,28.43700218200684,115.0,0.4518014705882353,344.4131774902344,254,43,43,1,1.0
IceDancing/v_IceDancing_g04_c02.avi,14.931199073791504,15.081990242004396,63.0,0.0605928308823529,242.1765899658203,248,43,43,1,1.0
IceDancing/v_IceDancing_g04_c03.avi,29.930944442749023,32.80417251586914,147.0,0.0324885110294117,822.5115966796875,254,43,43,1,1.0
IceDancing/v_IceDancing_g04_c04.avi,13.333869934082031,12.047673225402832,57.00876998901367,0.0512844669117647,314.38787841796875,249,43,43,1,1.0
IceDancing/v_IceDancing_g04_c05.avi,10.75485134124756,9.843169212341309,37.336307525634766,0.1202596507352941,71.14787292480469,248,43,82,0,0.9879974126815796
IceDancing/v_IceDancing_g04_c06.avi,31.38057518005371,36.14110565185547,163.00306701660156,0.0651470588235294,459.4041442871094,260,43,43,1,1.0
IceDancing/v_IceDancing_g04_c07.avi,28.41517448425293,30.15046501159668,186.01075744628903,0.044797794117647,607.1526489257812,254,43,43,1,1.0
IceDancing/v_IceDancing_g05_c01.avi,17.608625411987305,21.277698516845703,106.0,0.0773621323529411,429.4459838867188,247,43,43,1,1.0
IceDancing/v_IceDancing_g05_c02.avi,3.885288953781128,5.779183387756348,55.0,0.2311029411764706,240.79232788085935,247,43,43,1,1.0
IceDancing/v_IceDancing_g05_c03.avi,4.7373247146606445,5.487427711486816,53.0,0.16,122.09700775146484,241,43,43,1,1.0
IceDancing/v_IceDancing_g05_c04.avi,5.058058738708496,4.831291198730469,31.0,0.1865992647058823,101.37428283691406,242,43,43,1,1.0
IceDancing/v_IceDancing_g05_c05.avi,5.301785469055176,6.010490417480469,28.0,0.2637867647058823,97.1656494140625,242,43,43,1,1.0
IceDancing/v_IceDancing_g05_c06.avi,4.796004772186279,4.646743774414063,22.0,0.2479044117647058,104.2938003540039,242,43,43,1,1.0
IceDancing/v_IceDancing_g06_c01.avi,9.487874031066896,17.689538955688477,237.01898193359372,0.2289039522058823,184.750732421875,187,43,43,1,1.0
IceDancing/v_IceDancing_g06_c02.avi,7.871735572814941,9.786684036254885,66.0,0.2021622242647058,207.8783264160156,248,43,43,1,1.0
IceDancing/v_IceDancing_g06_c03.avi,11.080117225646973,17.60011863708496,132.0,0.1228952205882353,214.5929718017578,247,43,43,1,1.0
IceDancing/v_IceDancing_g06_c04.avi,15.138649940490724,18.541770935058597,127.00393676757812,0.109375,280.634765625,247,43,43,1,1.0
IceDancing/v_IceDancing_g06_c05.avi,19.597211837768555,29.820114135742188,277.08843994140625,0.0633318014705882,506.52191162109375,232,43,43,1,1.0
IceDancing/v_IceDancing_g06_c06.avi,3.7910408973693848,5.958640098571777,67.62396240234375,0.2056985294117647,268.408935546875,251,43,43,1,1.0
IceDancing/v_IceDancing_g07_c01.avi,7.301448822021484,13.323521614074709,78.58753204345703,0.4027987132352941,249.9878845214844,260,43,43,1,1.0
IceDancing/v_IceDancing_g07_c02.avi,4.111093997955322,9.742470741271973,117.1067886352539,0.4185615808823529,268.9104309082031,265,43,43,1,1.0
IceDancing/v_IceDancing_g07_c03.avi,15.72031593322754,25.34536361694336,179.00279235839844,0.1448046875,271.7338562011719,260,43,43,1,1.0
IceDancing/v_IceDancing_g07_c04.avi,22.083946228027344,27.6767520904541,134.01492309570312,0.1079480698529411,416.9928588867188,229,43,43,1,1.0
IceDancing/v_IceDancing_g07_c05.avi,4.753539085388184,4.939555644989014,25.079872131347656,0.232649356617647,86.40460205078125,244,43,43,1,1.0
IceDancing/v_IceDancing_g07_c06.avi,19.210094451904297,23.25516891479492,111.44953918457033,0.0888189338235294,323.7571716308594,255,43,43,1,1.0
IceDancing/v_IceDancing_g07_c07.avi,7.299602031707764,10.265572547912598,91.59148406982422,0.1768956801470588,279.8561096191406,254,43,43,1,1.0
JavelinThrow/v_JavelinThrow_g01_c01.avi,25.07590103149414,28.27985191345215,120.35364532470705,0.0214338235294117,569.2103271484375,119,44,44,1,0.9999998807907104
JavelinThrow/v_JavelinThrow_g01_c02.avi,17.318479537963867,19.15743637084961,90.42676544189452,0.0994025735294117,364.746826171875,143,44,44,1,1.0
JavelinThrow/v_JavelinThrow_g01_c03.avi,9.655539512634276,8.413352966308594,35.0142822265625,0.0191636029411764,226.61038208007807,138,44,44,1,0.9999955892562866
JavelinThrow/v_JavelinThrow_g01_c04.avi,14.411648750305176,15.286578178405762,77.41446685791016,0.2212362132352941,284.95806884765625,109,44,44,1,1.0
JavelinThrow/v_JavelinThrow_g02_c01.avi,5.169414520263672,7.9778876304626465,64.07027435302734,0.3703975183823529,28.640268325805664,70,44,44,1,0.9855152368545532
JavelinThrow/v_JavelinThrow_g02_c02.avi,3.341723918914795,4.57631778717041,41.30375289916992,0.3833754595588235,40.50008392333984,110,44,30,0,0.9803167581558228
JavelinThrow/v_JavelinThrow_g02_c03.avi,7.745049476623535,12.217111587524414,64.1248779296875,0.3603010110294117,123.45863342285156,80,44,44,1,1.0
JavelinThrow/v_JavelinThrow_g02_c04.avi,4.1009521484375,5.826291084289551,49.01020431518555,0.3667693014705882,100.4289321899414,141,44,44,1,1.0
JavelinThrow/v_JavelinThrow_g03_c01.avi,17.035030364990234,27.10790061950684,180.0,0.2943106617647059,196.93096923828125,145,44,44,1,1.0
JavelinThrow/v_JavelinThrow_g03_c02.avi,34.881351470947266,38.629791259765625,202.02227783203125,0.1108157169117647,412.9698791503906,150,44,44,1,0.954218327999115
JavelinThrow/v_JavelinThrow_g03_c03.avi,22.682348251342773,22.754758834838867,123.58397674560548,0.0517693014705882,228.525146484375,130,44,44,1,0.9998140931129456
JavelinThrow/v_JavelinThrow_g03_c04.avi,29.789220809936523,34.30786895751953,134.64768981933594,0.2012959558823529,1663.877685546875,60,44,44,1,1.0
JavelinThrow/v_JavelinThrow_g04_c01.avi,17.51508140563965,24.675806045532227,162.308349609375,0.0454917279411764,403.83056640625,131,44,44,1,0.9999995231628418
JavelinThrow/v_JavelinThrow_g04_c02.avi,5.9027204513549805,6.032014846801758,60.008331298828125,0.1658272058823529,103.76795959472656,166,44,44,1,0.9999991655349731
JavelinThrow/v_JavelinThrow_g04_c03.avi,3.896825075149536,5.987521648406982,48.50773239135742,0.3751470588235294,96.7725601196289,122,44,44,1,1.0
JavelinThrow/v_JavelinThrow_g04_c04.avi,24.061771392822266,27.61465072631836,135.0592498779297,0.0615510110294117,828.8533325195312,119,44,44,1,0.9999998807907104
JavelinThrow/v_JavelinThrow_g05_c01.avi,9.930168151855469,10.003578186035156,44.04542922973633,0.2398736213235294,107.58348083496094,70,44,44,1,1.0
JavelinThrow/v_JavelinThrow_g05_c02.avi,18.475099563598636,18.111194610595703,74.3303451538086,0.1196576286764705,208.65609741210935,87,44,44,1,1.0
JavelinThrow/v_JavelinThrow_g05_c03.avi,14.822931289672852,22.02828598022461,78.0,0.2694301470588235,217.93344116210935,97,44,44,1,1.0
JavelinThrow/v_JavelinThrow_g05_c04.avi,8.80511474609375,12.1629638671875,62.96824645996094,0.2305238970588235,236.18722534179688,158,44,44,1,1.0
JavelinThrow/v_JavelinThrow_g05_c05.avi,17.58997344970703,19.36475372314453,82.73451232910156,0.0814613970588235,249.63821411132807,80,44,44,1,1.0
JavelinThrow/v_JavelinThrow_g05_c06.avi,15.16517162322998,16.345916748046875,62.0322494506836,0.1788511029411764,144.47610473632812,50,44,44,1,1.0
JavelinThrow/v_JavelinThrow_g06_c01.avi,11.628530502319336,18.695890426635746,111.44953918457033,0.2710822610294117,956.0803833007812,155,44,44,1,1.0
JavelinThrow/v_JavelinThrow_g06_c02.avi,23.086536407470703,31.079858779907227,214.00933837890625,0.2852205882352941,900.8816528320312,162,44,44,1,1.0
JavelinThrow/v_JavelinThrow_g06_c03.avi,22.21560859680176,30.579965591430664,147.27525329589844,0.2271116727941176,907.8517456054688,141,44,44,1,1.0
JavelinThrow/v_JavelinThrow_g06_c04.avi,31.05878257751465,43.44165802001953,338.4789428710937,0.161907169117647,1001.3983154296876,134,44,44,1,1.0
JavelinThrow/v_JavelinThrow_g07_c01.avi,6.47883939743042,8.25512981414795,48.01041412353516,0.1666567095588235,136.47561645507812,76,44,50,0,1.0
JavelinThrow/v_JavelinThrow_g07_c02.avi,17.34391212463379,12.955265998840332,61.0,0.0395726102941176,216.09457397460935,59,44,50,0,0.9998456239700316
JavelinThrow/v_JavelinThrow_g07_c03.avi,1.9488518238067627,2.012103319168091,16.0,0.2893014705882353,27.926013946533203,65,44,50,0,0.9999940395355223
JavelinThrow/v_JavelinThrow_g07_c04.avi,5.948388576507568,5.732468605041504,53.600372314453125,0.1615831801470588,201.09408569335935,89,44,50,0,0.9902721047401428
JavelinThrow/v_JavelinThrow_g07_c05.avi,12.14694118499756,12.892538070678713,61.98386764526367,0.1723506433823529,147.46768188476562,71,44,50,0,0.999873161315918
JugglingBalls/v_JugglingBalls_g01_c01.avi,0.1343688815832138,0.8678614497184753,23.76972770690918,0.9475367647058824,61.08120727539063,256,45,83,0,0.852218747138977
JugglingBalls/v_JugglingBalls_g01_c02.avi,0.1202878057956695,0.8236340880393982,15.033296585083008,0.9613970588235294,68.67977905273438,247,45,32,0,0.8594366312026978
JugglingBalls/v_JugglingBalls_g01_c03.avi,0.1182667389512062,0.8547160625457764,18.11077117919922,0.9591911764705884,59.09274291992188,250,45,83,0,0.8279359936714172
JugglingBalls/v_JugglingBalls_g01_c04.avi,0.0293350778520107,0.2593538761138916,4.242640495300293,0.9832720588235294,21.7890739440918,244,45,83,0,0.986099660396576
JugglingBalls/v_JugglingBalls_g02_c01.avi,1.821499705314636,3.968378782272339,51.4781494140625,0.4665739889705882,98.3351593017578,246,45,45,1,1.0
JugglingBalls/v_JugglingBalls_g02_c02.avi,2.397765636444092,4.359772682189941,47.53945541381836,0.3705951286764706,153.94583129882812,252,45,45,1,1.0
JugglingBalls/v_JugglingBalls_g02_c03.avi,1.758807897567749,3.59731125831604,42.54409408569336,0.5240004595588236,138.98599243164062,247,45,45,1,1.0
JugglingBalls/v_JugglingBalls_g02_c04.avi,1.6111871004104614,3.339152574539185,49.0,0.4856227022058823,101.4586944580078,246,45,45,1,1.0
JugglingBalls/v_JugglingBalls_g02_c05.avi,1.7053720951080322,4.652660369873047,71.02112579345703,0.5944117647058823,173.4694366455078,246,45,45,1,1.0
JugglingBalls/v_JugglingBalls_g02_c06.avi,2.394049406051636,5.368386745452881,62.16912460327149,0.4986328125,202.17721557617188,252,45,45,1,1.0
JugglingBalls/v_JugglingBalls_g03_c01.avi,1.3788644075393677,4.389099597930908,65.03076171875,0.72453125,243.2865295410156,262,45,45,1,1.0
JugglingBalls/v_JugglingBalls_g03_c02.avi,1.2057857513427734,4.091891765594482,52.15361785888672,0.745436580882353,185.2222595214844,248,45,45,1,1.0
JugglingBalls/v_JugglingBalls_g03_c03.avi,1.5019868612289429,4.782163143157959,72.94518280029297,0.7075,256.65557861328125,252,45,45,1,1.0
JugglingBalls/v_JugglingBalls_g03_c04.avi,1.224170804023743,3.971254348754883,54.37830352783203,0.7538235294117647,223.0230407714844,255,45,45,1,1.0
JugglingBalls/v_JugglingBalls_g03_c05.avi,0.9605315923690796,3.434226751327514,55.865909576416016,0.7385087316176471,159.50790405273438,275,45,45,1,1.0
JugglingBalls/v_JugglingBalls_g03_c06.avi,1.1963626146316528,4.113012790679932,67.6830825805664,0.7488258272058823,283.536865234375,256,45,45,1,1.0
JugglingBalls/v_JugglingBalls_g03_c07.avi,1.9314254522323608,5.156848430633545,71.19690704345703,0.6472840073529412,321.2340087890625,268,45,45,1,1.0
JugglingBalls/v_JugglingBalls_g04_c01.avi,0.7369299530982971,2.206467390060425,34.01470184326172,0.7361833639705883,131.92593383789062,259,45,45,1,0.999571979045868
JugglingBalls/v_JugglingBalls_g04_c02.avi,1.206784725189209,3.1948137283325195,38.07886505126953,0.6643060661764706,167.84170532226562,252,45,45,1,0.9999998807907104
JugglingBalls/v_JugglingBalls_g04_c03.avi,0.4386603534221649,1.2290538549423218,12.165525436401367,0.8096139705882353,48.895957946777344,245,45,45,1,0.9993245601654052
JugglingBalls/v_JugglingBalls_g04_c04.avi,0.8464970588684082,2.2569210529327397,29.068883895874023,0.7008249080882353,95.05768585205078,248,45,45,1,0.9999974966049194
JugglingBalls/v_JugglingBalls_g04_c05.avi,0.7614216208457947,1.9071279764175413,33.95585250854492,0.7055261948529412,129.3968963623047,254,45,45,1,0.9999597072601318
JugglingBalls/v_JugglingBalls_g05_c01.avi,0.8958621621131897,2.6808972358703613,31.0161247253418,0.7444852941176471,72.22177124023438,242,45,45,1,1.0
JugglingBalls/v_JugglingBalls_g05_c02.avi,4.0091938972473145,7.095559120178223,67.91170501708984,0.4554549632352941,352.74517822265625,240,45,45,1,1.0
JugglingBalls/v_JugglingBalls_g05_c03.avi,0.6573781967163086,2.1995370388031006,23.853721618652344,0.8060294117647059,51.8492317199707,243,45,45,1,1.0
JugglingBalls/v_JugglingBalls_g05_c04.avi,3.063455581665039,5.474522590637207,65.14598846435547,0.4425160845588235,298.114013671875,253,45,45,1,1.0
JugglingBalls/v_JugglingBalls_g05_c05.avi,2.4133002758026123,5.734078407287598,63.90618133544922,0.615085018382353,221.9371795654297,259,45,45,1,1.0
JugglingBalls/v_JugglingBalls_g06_c01.avi,1.651026487350464,3.1876156330108643,36.49657440185547,0.5415877757352942,37.89893341064453,255,45,45,1,0.9089064002037048
JugglingBalls/v_JugglingBalls_g06_c02.avi,2.697270154953003,4.863741397857666,46.010868072509766,0.4323207720588235,71.2038345336914,239,45,45,1,0.9997194409370422
JugglingBalls/v_JugglingBalls_g06_c03.avi,1.5333551168441772,3.148085594177246,31.764760971069336,0.5577435661764706,41.58966064453125,256,45,45,1,0.9987263083457948
JugglingBalls/v_JugglingBalls_g06_c04.avi,2.0254359245300293,3.6108570098876953,34.71310806274414,0.4797702205882353,56.05046463012695,251,45,45,1,0.9985230565071106
JugglingBalls/v_JugglingBalls_g06_c05.avi,2.6003100872039795,4.989530086517334,56.080299377441406,0.4778469669117647,57.810279846191406,237,45,45,1,0.9999855756759644
JugglingBalls/v_JugglingBalls_g06_c06.avi,1.7810317277908323,3.779287338256836,47.29693603515625,0.5624540441176471,49.00620651245117,255,45,45,1,0.9939894676208496
JugglingBalls/v_JugglingBalls_g07_c01.avi,5.760321617126465,9.172773361206056,85.79627227783203,0.2965510110294118,411.6380004882813,252,45,45,1,1.0
JugglingBalls/v_JugglingBalls_g07_c02.avi,5.489058017730713,8.396321296691895,72.11102294921875,0.3098345588235294,318.44598388671875,260,45,45,1,1.0
JugglingBalls/v_JugglingBalls_g07_c03.avi,1.8672564029693604,2.9444689750671387,31.320919036865234,0.4405514705882353,121.1654281616211,245,45,45,1,1.0
JugglingBalls/v_JugglingBalls_g07_c04.avi,4.050116539001465,6.81522798538208,56.080299377441406,0.3747702205882353,228.7938690185547,249,45,45,1,0.999995231628418
JugglingBalls/v_JugglingBalls_g07_c05.avi,2.8298449516296387,4.0736846923828125,38.41874694824219,0.35125,174.33322143554688,247,45,45,1,1.0
JugglingBalls/v_JugglingBalls_g07_c06.avi,4.681771755218506,6.463747501373291,60.530982971191406,0.2857054227941176,253.91842651367188,246,45,45,1,1.0
JugglingBalls/v_JugglingBalls_g07_c07.avi,6.398934841156006,9.535277366638184,79.88116455078125,0.2928584558823529,349.453125,251,45,45,1,1.0
JumpingJack/v_JumpingJack_g01_c01.avi,1.3486995697021484,3.881026029586792,37.0,0.6999333639705883,46.11263656616211,92,46,46,1,1.0
JumpingJack/v_JumpingJack_g01_c02.avi,1.8658382892608645,4.545701503753662,53.0,0.639850643382353,85.55342102050781,90,46,46,1,1.0
JumpingJack/v_JumpingJack_g01_c03.avi,1.3223180770874023,3.538525104522705,36.0,0.6880836397058824,43.20602035522461,91,46,46,1,1.0
JumpingJack/v_JumpingJack_g01_c04.avi,1.8091635704040527,4.138152599334717,45.39823913574219,0.6339751838235295,116.1642608642578,88,46,46,1,1.0
JumpingJack/v_JumpingJack_g01_c05.avi,1.865295171737671,4.562107086181641,55.009090423583984,0.6529825367647059,115.20304870605467,88,46,46,1,1.0
JumpingJack/v_JumpingJack_g01_c06.avi,1.8840323686599727,4.508736610412598,51.0,0.6455032169117647,115.81632995605467,87,46,46,1,1.0
JumpingJack/v_JumpingJack_g01_c07.avi,1.8184198141098025,4.443611145019531,56.32051086425781,0.6361121323529412,78.54888153076172,88,46,46,1,1.0
JumpingJack/v_JumpingJack_g02_c01.avi,1.1713346242904663,3.4638993740081787,57.9741325378418,0.736360294117647,118.2098388671875,62,46,46,1,1.0
JumpingJack/v_JumpingJack_g02_c02.avi,1.1031302213668823,2.6685492992401123,33.12099075317383,0.7375735294117647,121.3682632446289,62,46,46,1,1.0
JumpingJack/v_JumpingJack_g02_c03.avi,3.7381467819213863,7.992181301116943,57.314918518066406,0.6776332720588235,497.4624938964844,100,46,46,1,1.0
JumpingJack/v_JumpingJack_g02_c04.avi,2.915979623794556,6.842362880706787,65.03076171875,0.696875,368.6315307617188,93,46,46,1,1.0
JumpingJack/v_JumpingJack_g03_c01.avi,9.149649620056152,13.98650360107422,121.07848358154295,0.501295955882353,560.7952880859375,55,46,46,1,1.0
JumpingJack/v_JumpingJack_g03_c02.avi,10.072426795959473,15.310803413391112,83.6779556274414,0.5321139705882353,582.5100708007812,87,46,46,1,1.0
JumpingJack/v_JumpingJack_g03_c03.avi,7.403275489807129,13.057531356811523,88.7524642944336,0.5677251838235294,384.7459716796875,84,46,46,1,1.0
JumpingJack/v_JumpingJack_g03_c04.avi,5.193810939788818,9.619414329528809,82.2192153930664,0.5910983455882353,368.4592590332031,83,46,46,1,1.0
JumpingJack/v_JumpingJack_g04_c01.avi,2.604034662246704,5.021205902099609,43.0,0.4774172794117647,299.6969909667969,53,46,46,1,0.9999035596847534
JumpingJack/v_JumpingJack_g04_c02.avi,2.625962257385254,3.815853118896485,42.0,0.3194140625,205.9786376953125,77,46,46,1,0.9999953508377076
JumpingJack/v_JumpingJack_g04_c03.avi,1.494865894317627,2.690128326416016,32.06243896484375,0.4934237132352941,148.96963500976562,79,46,46,1,0.9999995231628418
JumpingJack/v_JumpingJack_g04_c04.avi,1.8634593486785889,3.403416633605957,51.0,0.4356686580882353,224.46435546875,84,46,46,1,0.9995853304862976
JumpingJack/v_JumpingJack_g05_c01.avi,1.0187625885009766,2.909920692443848,34.525352478027344,0.7665326286764705,64.1002197265625,80,46,46,1,0.9979783892631532
JumpingJack/v_JumpingJack_g05_c02.avi,1.062849044799805,3.295456886291504,60.20797348022461,0.7699264705882353,76.63972473144531,81,46,46,1,0.9880014061927797
JumpingJack/v_JumpingJack_g05_c03.avi,2.209779024124145,6.301255702972412,73.17103576660156,0.7378308823529411,155.11251831054688,99,46,46,1,0.9749193787574768
JumpingJack/v_JumpingJack_g05_c04.avi,0.9718533158302308,2.8220202922821045,32.24903106689453,0.7624908088235294,75.09574890136719,80,46,46,1,0.9963034391403198
JumpingJack/v_JumpingJack_g05_c05.avi,1.290477991104126,4.048327445983887,51.6623649597168,0.7688648897058824,111.4245834350586,78,46,46,1,0.9732403755187988
JumpingJack/v_JumpingJack_g05_c06.avi,1.1994785070419312,3.73981523513794,54.7448616027832,0.7619577205882353,68.21929931640625,81,46,46,1,0.9985178112983704
JumpingJack/v_JumpingJack_g06_c01.avi,0.9384989142417908,3.0460026264190674,27.784887313842773,0.85671875,228.4235076904297,70,46,46,1,1.0
JumpingJack/v_JumpingJack_g06_c02.avi,1.1536959409713743,3.5343518257141118,44.14748001098633,0.8399632352941176,379.9064636230469,71,46,46,1,1.0
JumpingJack/v_JumpingJack_g06_c03.avi,1.5505579710006714,2.849306344985962,30.364452362060547,0.5236994485294117,674.8477783203125,78,46,46,1,1.0
JumpingJack/v_JumpingJack_g06_c04.avi,0.4074445366859436,1.660242199897766,31.78049659729004,0.8878791360294118,229.0405731201172,72,46,46,1,1.0
JumpingJack/v_JumpingJack_g06_c05.avi,0.7517091035842896,2.459974527359009,26.57065963745117,0.8594209558823529,244.24331665039065,69,46,46,1,1.0
JumpingJack/v_JumpingJack_g06_c06.avi,1.0659857988357544,3.3672878742218018,34.525352478027344,0.842578125,334.54937744140625,71,46,46,1,1.0
JumpingJack/v_JumpingJack_g06_c07.avi,0.0981399789452552,0.6073697209358215,11.313708305358888,0.9520588235294116,39.437347412109375,65,46,46,1,1.0
JumpingJack/v_JumpingJack_g07_c01.avi,1.7789034843444824,5.092565536499023,65.94694519042969,0.6485454963235294,124.68440246582033,87,46,46,1,1.0
JumpingJack/v_JumpingJack_g07_c02.avi,1.1808853149414062,3.823043346405029,57.42821502685547,0.7053699448529411,86.32327270507812,83,46,46,1,1.0
JumpingJack/v_JumpingJack_g07_c03.avi,1.026200294494629,3.225796699523926,66.91038513183594,0.6927642463235294,72.06902313232422,83,46,46,1,1.0
JumpingJack/v_JumpingJack_g07_c04.avi,1.6222093105316162,4.696968078613281,70.93659210205078,0.6619209558823529,112.35041809082033,86,46,46,1,1.0
JumpingJack/v_JumpingJack_g07_c05.avi,1.6315205097198486,4.697925090789795,62.58594131469727,0.6581272977941176,113.8770751953125,87,46,46,1,1.0
JumpRope/v_JumpRope_g01_c01.avi,2.7419981956481934,7.185710430145264,77.05841827392578,0.4499494485294117,182.3296661376953,256,47,47,1,0.9999943971633912
JumpRope/v_JumpRope_g01_c02.avi,4.530045032501221,7.569401741027832,99.04039764404295,0.3014820772058823,395.3214416503906,267,47,47,1,0.9997658133506776
JumpRope/v_JumpRope_g01_c03.avi,2.663898229598999,6.258790016174316,65.0,0.4902182904411765,197.1757354736328,345,47,47,1,0.9954907298088074
JumpRope/v_JumpRope_g01_c04.avi,3.1589877605438232,5.836472511291504,62.00806427001953,0.2948483455882353,234.4296417236328,205,47,47,1,0.9999312162399292
JumpRope/v_JumpRope_g02_c01.avi,0.8393168449401855,2.2200772762298584,27.892650604248047,0.7685363051470588,128.76353454589844,447,47,47,1,1.0
JumpRope/v_JumpRope_g02_c02.avi,0.349825382232666,1.0803276300430298,16.124515533447266,0.8515073529411765,34.27922821044922,482,47,47,1,0.9997082352638244
JumpRope/v_JumpRope_g02_c03.avi,1.1886245012283323,3.046824216842652,24.0,0.7438579963235294,159.6160888671875,491,47,47,1,1.0
JumpRope/v_JumpRope_g02_c04.avi,0.7388567924499512,2.036987543106079,19.02629852294922,0.7692876838235294,100.43999481201172,499,47,47,1,1.0
JumpRope/v_JumpRope_g02_c05.avi,0.7505218386650085,2.1471593379974365,28.319604873657227,0.7910248161764706,112.50086975097656,500,47,47,1,1.0
JumpRope/v_JumpRope_g02_c06.avi,0.6005589962005615,1.7684133052825928,30.675724029541016,0.7945243566176471,80.24866485595703,499,47,47,1,1.0
JumpRope/v_JumpRope_g02_c07.avi,1.0860470533370972,3.136667251586914,44.59820556640625,0.7560248161764705,167.29434204101562,509,47,47,1,1.0
JumpRope/v_JumpRope_g03_c01.avi,1.3986802101135254,2.887545347213745,25.079872131347656,0.5868612132352942,103.6241226196289,293,47,47,1,1.0
JumpRope/v_JumpRope_g03_c02.avi,0.3405427038669586,0.8755593299865723,12.04159450531006,0.8072426470588235,19.0723934173584,304,47,47,1,1.0
JumpRope/v_JumpRope_g03_c03.avi,1.0082433223724363,2.5313665866851807,48.01041412353516,0.6628814338235294,115.66423034667967,293,47,47,1,1.0
JumpRope/v_JumpRope_g03_c04.avi,0.8474695682525635,1.8335373401641848,19.0,0.6589016544117647,94.8926239013672,315,47,47,1,1.0
JumpRope/v_JumpRope_g04_c01.avi,0.4937715828418731,1.4692033529281616,18.027755737304688,0.8093221507352941,95.20317840576172,497,47,7,0,0.9641700387001038
JumpRope/v_JumpRope_g04_c02.avi,0.5176073908805847,1.6035205125808716,16.155494689941406,0.8006985294117647,81.18061828613281,527,47,7,0,0.9996384382247924
JumpRope/v_JumpRope_g04_c03.avi,0.3547117412090301,1.2270934581756592,15.033296585083008,0.8374264705882353,54.59894561767578,488,47,7,0,0.999599039554596
JumpRope/v_JumpRope_g04_c04.avi,0.3539058864116668,1.5388259887695312,16.76305389404297,0.8860294117647058,81.30650329589844,545,47,7,0,0.9989995360374452
JumpRope/v_JumpRope_g04_c05.avi,0.6592684388160706,1.774006724357605,18.97366523742676,0.7776769301470589,135.73651123046875,479,47,7,0,0.9999966621398926
JumpRope/v_JumpRope_g04_c06.avi,1.0104234218597412,2.610525369644165,28.44292449951172,0.7454549632352941,223.0943298339844,536,47,7,0,0.9557893872261048
JumpRope/v_JumpRope_g04_c07.avi,0.8573493957519531,2.7873923778533936,34.928497314453125,0.7949563419117647,152.97714233398438,517,47,7,0,0.9999194145202636
JumpRope/v_JumpRope_g05_c01.avi,2.6501238346099854,3.619638919830322,33.060550689697266,0.2688488051470588,45.67597961425781,621,47,47,1,1.0
JumpRope/v_JumpRope_g05_c02.avi,1.7435877323150637,2.552049398422241,28.0,0.3782651654411764,39.82474136352539,619,47,47,1,1.0
JumpRope/v_JumpRope_g05_c03.avi,2.328624963760376,3.314749002456665,27.0,0.3642647058823529,35.699214935302734,617,47,47,1,1.0
JumpRope/v_JumpRope_g05_c04.avi,3.0706748962402344,4.399827480316162,37.01351165771485,0.245891544117647,58.54143142700195,613,47,47,1,1.0
JumpRope/v_JumpRope_g05_c05.avi,2.122396469116211,2.8316404819488525,28.160255432128903,0.3361856617647059,38.51549911499024,623,47,47,1,1.0
JumpRope/v_JumpRope_g06_c01.avi,5.852283477783203,7.705714225769043,71.58910369873047,0.2116107536764706,198.0577850341797,386,47,47,1,1.0
JumpRope/v_JumpRope_g06_c02.avi,5.167039394378662,8.940815925598145,59.36328887939453,0.4086397058823529,76.81714630126953,377,47,47,1,0.9999184608459472
JumpRope/v_JumpRope_g06_c03.avi,5.834066390991211,5.765585899353027,52.345008850097656,0.0495335477941176,138.4275665283203,354,47,47,1,0.9984065890312196
JumpRope/v_JumpRope_g06_c04.avi,4.436666488647461,4.718344211578369,45.34313583374024,0.0604480698529411,102.05299377441406,357,47,54,0,0.6918832659721375
JumpRope/v_JumpRope_g06_c05.avi,2.0746779441833496,2.359437942504883,15.132745742797852,0.2151700367647059,37.26535034179688,365,47,46,0,0.6928913593292236
JumpRope/v_JumpRope_g07_c01.avi,4.2761993408203125,6.6422119140625,47.0,0.3326999080882353,292.0059509277344,395,47,42,0,0.9702182412147522
JumpRope/v_JumpRope_g07_c02.avi,2.3673288822174072,3.748833417892456,31.0,0.4495772058823529,124.25101470947266,365,47,47,1,0.8421732187271118
JumpRope/v_JumpRope_g07_c03.avi,5.437652587890625,6.973000526428223,86.00581359863281,0.135305606617647,378.633056640625,387,47,42,0,0.7316848039627075
JumpRope/v_JumpRope_g07_c04.avi,7.3080854415893555,7.322940826416016,66.0302963256836,0.101946231617647,505.8678588867188,357,47,47,1,0.9445379972457886
JumpRope/v_JumpRope_g07_c05.avi,6.181390762329102,8.589524269104004,113.0177001953125,0.1262545955882353,313.7555847167969,342,47,42,0,0.9947922825813292
JumpRope/v_JumpRope_g07_c06.avi,4.98701286315918,6.154021263122559,65.0076904296875,0.2044623161764706,350.3598327636719,402,47,42,0,0.6363981366157532
Kayaking/v_Kayaking_g01_c01.avi,3.169912338256836,5.16353178024292,64.49806213378906,0.3167279411764706,287.0922241210937,228,48,48,1,1.0
Kayaking/v_Kayaking_g01_c02.avi,9.801319122314451,15.2764253616333,92.26592254638672,0.2640785845588235,407.4712524414063,191,48,75,0,0.9999958276748656
Kayaking/v_Kayaking_g01_c03.avi,4.969265460968018,5.418062686920166,30.0,0.2666888786764705,222.31570434570312,186,48,48,1,0.9904307723045348
Kayaking/v_Kayaking_g01_c04.avi,2.953699350357056,3.694247245788574,34.36568069458008,0.3174655330882353,146.1595001220703,187,48,48,1,0.5307828187942505
Kayaking/v_Kayaking_g01_c05.avi,2.749077320098877,4.456061840057373,46.010868072509766,0.4194875919117647,262.80322265625,200,48,48,1,0.9999946355819702
Kayaking/v_Kayaking_g01_c06.avi,3.2931199073791504,6.0376482009887695,61.0,0.3741130514705882,222.5550842285156,197,48,48,1,0.702356219291687
Kayaking/v_Kayaking_g02_c01.avi,2.0305893421173096,4.340217590332031,56.40035629272461,0.4900643382352941,333.9595642089844,197,48,48,1,1.0
Kayaking/v_Kayaking_g02_c02.avi,2.658205032348633,4.936441898345947,51.35172653198242,0.6453676470588235,170.37396240234375,213,48,48,1,1.0
Kayaking/v_Kayaking_g02_c03.avi,8.753179550170898,13.241397857666016,80.11241912841797,0.3447288602941176,729.7960815429688,180,48,48,1,1.0
Kayaking/v_Kayaking_g02_c04.avi,11.106507301330566,14.736611366271973,104.80458068847656,0.1798253676470588,785.30419921875,180,48,48,1,1.0
Kayaking/v_Kayaking_g03_c01.avi,7.951157569885254,8.144038200378418,66.4680404663086,0.0832651654411764,378.3982849121094,162,48,48,1,0.9999752044677734
Kayaking/v_Kayaking_g03_c02.avi,8.06827449798584,8.836472511291504,68.60028839111328,0.1420197610294117,386.051513671875,165,48,48,1,1.0
Kayaking/v_Kayaking_g03_c03.avi,6.010557651519775,8.426305770874023,64.62197875976562,0.1816475183823529,333.1560363769531,161,48,48,1,1.0
Kayaking/v_Kayaking_g03_c04.avi,7.8641886711120605,7.644430637359619,62.80127334594727,0.1095657169117647,450.8023986816406,186,48,48,1,0.9980632662773132
Kayaking/v_Kayaking_g04_c01.avi,7.799983978271484,7.149550437927246,48.87739944458008,0.1690004595588235,651.2796630859375,208,48,48,1,1.0
Kayaking/v_Kayaking_g04_c02.avi,13.132979393005373,12.3776273727417,123.0162582397461,0.029055606617647,829.0964965820312,236,48,48,1,1.0
Kayaking/v_Kayaking_g04_c03.avi,14.55436897277832,13.138101577758787,83.72574615478516,0.0769646139705882,562.378662109375,180,48,48,1,1.0
Kayaking/v_Kayaking_g04_c04.avi,13.560829162597656,13.679495811462402,76.10519409179688,0.2064154411764706,382.9818420410156,210,48,48,1,1.0
Kayaking/v_Kayaking_g04_c05.avi,4.659487724304199,5.582437515258789,24.35159111022949,0.2294140625,661.8659057617188,190,48,48,1,1.0
Kayaking/v_Kayaking_g04_c06.avi,3.658771753311157,2.887721061706543,24.04162979125977,0.1734834558823529,439.835205078125,184,48,48,1,1.0
Kayaking/v_Kayaking_g04_c07.avi,6.29184103012085,6.252379894256592,26.0,0.1422035845588235,888.81787109375,186,48,48,1,1.0
Kayaking/v_Kayaking_g05_c01.avi,2.190394163131714,3.2185146808624268,22.360679626464844,0.4376976102941176,52.56874465942383,184,48,48,1,1.0
Kayaking/v_Kayaking_g05_c02.avi,9.3416748046875,10.747260093688965,65.6201171875,0.2106020220588235,217.2740173339844,180,48,48,1,1.0
Kayaking/v_Kayaking_g05_c03.avi,2.163987636566162,4.21561861038208,30.08321762084961,0.5036948529411764,180.72854614257807,182,48,48,1,1.0
Kayaking/v_Kayaking_g05_c04.avi,1.6220430135726929,2.368982315063477,17.492855072021484,0.4602136948529411,127.7750473022461,184,48,48,1,0.9999710321426392
Kayaking/v_Kayaking_g06_c01.avi,21.97108268737793,25.70030403137207,137.5245361328125,0.1686741727941176,760.1815795898438,150,48,48,1,0.9999996423721312
Kayaking/v_Kayaking_g06_c02.avi,13.747766494750977,16.312265396118164,120.93386840820312,0.1996047794117647,640.15185546875,162,48,48,1,0.9999986886978148
Kayaking/v_Kayaking_g06_c03.avi,16.818941116333008,21.448041915893555,126.84636688232422,0.2993129595588235,797.4627685546875,150,48,48,1,0.9999997615814208
Kayaking/v_Kayaking_g06_c04.avi,11.502555847167969,15.689897537231444,105.57461547851562,0.2578079044117647,443.13616943359375,154,48,48,1,1.0
Kayaking/v_Kayaking_g06_c05.avi,4.918146133422852,6.549994468688965,48.093658447265625,0.2363327205882353,209.5392608642578,155,48,48,1,1.0
Kayaking/v_Kayaking_g06_c06.avi,10.093876838684082,11.365519523620604,74.02702331542969,0.1836167279411764,427.5123596191406,160,48,48,1,1.0
Kayaking/v_Kayaking_g06_c07.avi,16.33047866821289,19.92098426818848,110.22250366210938,0.1676677389705882,531.64208984375,150,48,48,1,1.0
Kayaking/v_Kayaking_g07_c01.avi,11.413046836853027,9.487260818481444,61.61168670654297,0.1828883272058823,337.4056091308594,176,48,48,1,1.0
Kayaking/v_Kayaking_g07_c02.avi,14.080768585205078,13.902997970581056,97.80081939697266,0.0863488051470588,532.9473876953125,165,48,48,1,1.0
Kayaking/v_Kayaking_g07_c03.avi,31.064682006835938,27.491552352905277,110.22250366210938,0.0389430147058823,700.6392822265625,158,48,48,1,1.0
Kayaking/v_Kayaking_g07_c04.avi,8.65181827545166,11.592229843139648,59.00847244262695,0.1664430147058823,121.14341735839844,151,48,48,1,1.0
Knitting/v_Knitting_g01_c01.avi,6.765127658843994,8.17239761352539,55.46169662475586,0.1123276654411764,220.4087677001953,265,49,49,1,1.0
Knitting/v_Knitting_g01_c02.avi,11.752959251403809,10.72758674621582,63.15853118896485,0.072297794117647,406.8583679199219,239,49,49,1,1.0
Knitting/v_Knitting_g01_c03.avi,11.924333572387695,20.703073501586918,207.2920684814453,0.1539338235294117,427.9956970214844,274,49,49,1,1.0
Knitting/v_Knitting_g01_c04.avi,15.381717681884766,23.39506721496582,156.01602172851562,0.1018106617647058,486.4755859375,189,49,49,1,1.0
Knitting/v_Knitting_g02_c01.avi,11.609070777893066,13.730438232421877,114.54693603515624,0.0370657169117647,473.069580078125,232,49,49,1,1.0
Knitting/v_Knitting_g02_c02.avi,16.54987907409668,30.098970413208008,220.6581115722656,0.0867279411764705,1311.92041015625,217,49,49,1,1.0
Knitting/v_Knitting_g02_c03.avi,8.377142906188965,7.770360469818115,47.50789260864258,0.0904779411764706,140.41622924804688,257,49,49,1,1.0
Knitting/v_Knitting_g02_c04.avi,8.302779197692871,11.413826942443848,74.46475982666016,0.1072219669117647,267.1861877441406,200,49,49,1,1.0
Knitting/v_Knitting_g02_c05.avi,8.51932430267334,8.606871604919434,60.4648666381836,0.0490073529411764,359.8948974609375,239,49,49,1,1.0
Knitting/v_Knitting_g03_c01.avi,5.4111738204956055,8.213327407836914,61.55485534667969,0.2842003676470588,334.9955139160156,215,49,49,1,1.0
Knitting/v_Knitting_g03_c02.avi,1.7648460865020752,2.382208585739136,17.804492950439453,0.4035409007352941,124.5493621826172,243,49,49,1,1.0
Knitting/v_Knitting_g03_c03.avi,5.50393533706665,6.678619861602783,55.44366455078125,0.2016061580882353,433.20062255859375,255,49,49,1,1.0
Knitting/v_Knitting_g03_c04.avi,7.136518955230713,9.375877380371094,55.3263053894043,0.234140625,606.9618530273438,235,49,49,1,1.0
Knitting/v_Knitting_g03_c05.avi,3.537778377532959,5.036149024963379,36.12478256225586,0.2851355698529412,254.3780212402344,211,49,49,1,1.0
Knitting/v_Knitting_g04_c01.avi,1.5825892686843872,2.8010990619659424,30.0,0.5178239889705882,107.2420654296875,221,49,49,1,0.9999960660934448
Knitting/v_Knitting_g04_c02.avi,2.5111491680145264,5.250606536865234,54.08327102661133,0.5588373161764706,205.1394500732422,230,49,49,1,1.0
Knitting/v_Knitting_g04_c03.avi,2.521437644958496,4.894996166229248,40.80441284179688,0.5283363970588235,205.30862426757807,225,49,49,1,1.0
Knitting/v_Knitting_g04_c04.avi,3.6450235843658447,6.541608333587647,68.60028839111328,0.4657100183823529,288.44696044921875,239,49,49,1,1.0
Knitting/v_Knitting_g04_c05.avi,2.4241859912872314,4.847458362579346,47.67599105834961,0.5520358455882353,170.89866638183594,219,49,49,1,1.0
Knitting/v_Knitting_g04_c06.avi,1.2883398532867432,2.049647808074951,18.0,0.5130445772058824,73.26670837402344,246,49,49,1,0.9999960660934448
Knitting/v_Knitting_g05_c01.avi,7.868206024169922,12.179153442382812,110.04090118408205,0.2896185661764706,340.767822265625,252,49,49,1,1.0
Knitting/v_Knitting_g05_c02.avi,7.316874980926514,10.195232391357422,103.353759765625,0.2789361213235294,449.9786682128906,264,49,49,1,1.0
Knitting/v_Knitting_g05_c03.avi,3.942651271820069,8.11057186126709,90.02777099609375,0.4451171875,259.5076904296875,262,49,49,1,1.0
Knitting/v_Knitting_g05_c04.avi,2.006299495697021,6.405797004699707,83.09632873535156,0.5698345588235294,109.17388916015624,273,49,49,1,1.0
Knitting/v_Knitting_g05_c05.avi,3.2348287105560303,9.568965911865234,108.78418731689452,0.7013419117647058,195.21334838867188,245,49,49,1,1.0
Knitting/v_Knitting_g06_c01.avi,2.611789464950561,5.402364253997803,47.6340217590332,0.6055238970588235,205.1905212402344,219,49,49,1,0.99883633852005
Knitting/v_Knitting_g06_c02.avi,1.988148212432861,4.842556476593018,43.382022857666016,0.6449931066176471,190.5258026123047,285,49,49,1,0.9985758066177368
Knitting/v_Knitting_g06_c03.avi,5.921707630157471,13.175325393676758,107.93516540527344,0.6100022977941176,291.0955505371094,140,49,49,1,0.9732445478439332
Knitting/v_Knitting_g06_c04.avi,2.988501787185669,6.832963466644287,51.0,0.6693267463235294,209.7500915527344,110,49,49,1,0.99998676776886
Knitting/v_Knitting_g07_c01.avi,7.922447204589844,8.777485847473145,69.35416412353516,0.1431112132352941,653.1273193359375,233,49,49,1,1.0
Knitting/v_Knitting_g07_c02.avi,2.850752353668213,4.345211982727051,41.1096076965332,0.3497931985294117,170.11740112304688,245,49,49,1,1.0
Knitting/v_Knitting_g07_c03.avi,7.808358192443848,10.088808059692385,86.53323364257812,0.1723552389705882,768.1594848632812,191,49,49,1,1.0
Knitting/v_Knitting_g07_c04.avi,9.596746444702148,11.075277328491213,94.76286315917967,0.1461144301470588,735.474609375,171,49,49,1,1.0
Knitting/v_Knitting_g07_c05.avi,8.145574569702148,9.705330848693848,58.215118408203125,0.2055537683823529,1005.4420166015624,214,49,49,1,1.0
LongJump/v_LongJump_g01_c01.avi,12.44579029083252,25.965791702270508,286.92333984375,0.3684788602941176,574.04931640625,142,50,50,1,1.0
LongJump/v_LongJump_g01_c02.avi,20.857187271118164,30.77593994140625,192.501953125,0.2098276654411764,881.8834228515625,177,50,50,1,1.0
LongJump/v_LongJump_g01_c03.avi,11.809117317199709,18.34184455871582,125.39936065673828,0.3639705882352941,400.0828247070313,141,50,50,1,1.0
LongJump/v_LongJump_g01_c04.avi,4.065009593963623,8.846646308898926,50.32891845703125,0.5472426470588235,93.32603454589844,125,50,50,1,1.0
LongJump/v_LongJump_g01_c05.avi,14.642268180847168,22.91405296325684,140.69825744628906,0.3028010110294117,674.5336303710938,152,50,50,1,1.0
LongJump/v_LongJump_g01_c06.avi,18.253219604492188,26.162458419799805,142.79005432128906,0.3070496323529412,608.4939575195312,98,50,50,1,1.0
LongJump/v_LongJump_g01_c07.avi,4.980117321014404,9.397189140319824,63.0,0.5752573529411765,137.24539184570312,122,50,50,1,1.0
LongJump/v_LongJump_g02_c01.avi,12.097262382507324,11.073530197143556,47.0,0.3095840992647058,307.67901611328125,109,50,50,1,0.9996682405471802
LongJump/v_LongJump_g02_c02.avi,18.06200218200684,16.450632095336914,76.05918884277344,0.2981204044117647,434.560791015625,115,50,50,1,0.9999891519546508
LongJump/v_LongJump_g02_c03.avi,10.100529670715332,14.666547775268556,64.0,0.4286420036764706,160.9276580810547,145,50,50,1,0.999995231628418
LongJump/v_LongJump_g02_c04.avi,20.718360900878903,18.796979904174805,78.10249328613281,0.1514981617647058,509.19818115234375,115,50,50,1,0.9999868869781494
LongJump/v_LongJump_g02_c05.avi,16.33855438232422,18.02767944335937,78.00640869140625,0.1837637867647059,297.326171875,84,50,50,1,1.0
LongJump/v_LongJump_g03_c01.avi,0.696308970451355,1.7121617794036863,41.1096076965332,0.6129641544117647,312.66278076171875,73,50,50,1,0.9999977350234984
LongJump/v_LongJump_g03_c02.avi,1.8248519897460935,4.337058544158936,55.10898208618164,0.4133938419117647,476.2685546875,89,50,50,1,0.9999037981033324
LongJump/v_LongJump_g03_c03.avi,0.6210874915122986,1.9949755668640137,34.48188018798828,0.7535179227941177,423.5286560058594,107,50,50,1,0.99853253364563
LongJump/v_LongJump_g03_c04.avi,1.3795851469039917,2.3406641483306885,23.70653915405273,0.6054296875,331.46099853515625,93,50,50,1,0.9999806880950928
LongJump/v_LongJump_g03_c05.avi,2.421361923217773,3.6120810508728023,51.400390625,0.3005951286764706,779.6644287109375,108,50,50,1,0.9999752044677734
LongJump/v_LongJump_g03_c06.avi,2.179543972015381,2.7658684253692627,45.221675872802734,0.1262936580882352,570.6617431640625,96,50,50,1,0.9999717473983764
LongJump/v_LongJump_g04_c01.avi,30.38726806640625,41.67830276489258,229.31419372558597,0.2925735294117647,493.147705078125,116,50,50,1,1.0
LongJump/v_LongJump_g04_c02.avi,14.045051574707031,25.232898712158203,146.76852416992188,0.3298207720588235,293.3753662109375,141,50,50,1,1.0
LongJump/v_LongJump_g04_c03.avi,12.41901683807373,25.248550415039062,158.11387634277344,0.3600482536764706,274.68572998046875,141,50,50,1,1.0
LongJump/v_LongJump_g04_c04.avi,2.8939218521118164,5.293006420135498,30.066593170166016,0.4810661764705882,168.88003540039062,125,50,50,1,1.0
LongJump/v_LongJump_g04_c05.avi,34.230281829833984,45.70158004760742,226.035400390625,0.3035041360294118,588.4918212890625,117,50,50,1,1.0
LongJump/v_LongJump_g04_c06.avi,20.86221694946289,37.66958236694336,232.04525756835935,0.3070886948529411,404.6123046875,150,50,50,1,1.0
LongJump/v_LongJump_g04_c07.avi,25.245838165283203,40.47786712646485,239.03347778320312,0.2881847426470588,558.7654418945312,118,50,50,1,1.0
LongJump/v_LongJump_g05_c01.avi,6.565957069396973,6.206465721130371,33.0151481628418,0.2017279411764705,386.5572204589844,110,50,50,1,0.9948602318763732
LongJump/v_LongJump_g05_c02.avi,6.296247482299805,6.105349540710449,46.0,0.2116567095588235,345.0517883300781,91,50,50,1,0.9463552832603456
LongJump/v_LongJump_g05_c03.avi,15.406417846679688,20.62462043762207,120.0,0.22375,766.1531982421875,133,50,50,1,0.7360705733299255
LongJump/v_LongJump_g05_c04.avi,17.521221160888672,19.68302345275879,78.91767883300781,0.1875965073529411,828.5134887695312,131,50,50,1,0.8958238959312439
LongJump/v_LongJump_g05_c05.avi,14.663169860839844,20.916290283203125,89.5600357055664,0.1702205882352941,651.18408203125,145,50,50,1,0.999991774559021
LongJump/v_LongJump_g06_c01.avi,16.345378875732422,24.26837921142578,119.00420379638672,0.1843382352941176,445.0094299316406,85,50,50,1,0.8657442331314087
LongJump/v_LongJump_g06_c02.avi,16.717370986938477,21.213254928588867,88.1192398071289,0.1782720588235294,483.6376037597656,80,50,50,1,0.9969547986984252
LongJump/v_LongJump_g06_c03.avi,19.838768005371094,27.467748641967773,132.96615600585938,0.4118083639705882,748.5393676757812,135,50,50,1,0.9999932050704956
LongJump/v_LongJump_g06_c04.avi,2.982830286026001,3.0015993118286133,16.031219482421875,0.2330514705882353,73.23502349853516,125,50,50,1,0.9997785687446594
LongJump/v_LongJump_g07_c01.avi,5.773381233215332,15.8359956741333,123.6850814819336,0.3287132352941176,283.632568359375,122,50,50,1,1.0
LongJump/v_LongJump_g07_c02.avi,7.915956020355225,12.437317848205566,56.03570175170898,0.1831456801470588,407.0469665527344,170,50,50,1,1.0
LongJump/v_LongJump_g07_c03.avi,17.829580307006836,18.07867431640625,69.065185546875,0.327102481617647,555.133056640625,101,50,50,1,0.9999998807907104
LongJump/v_LongJump_g07_c04.avi,18.54354858398437,29.34398460388184,191.3870391845703,0.245110294117647,1240.8809814453125,81,50,50,1,1.0
LongJump/v_LongJump_g07_c05.avi,25.300479888916016,31.43063735961914,203.39370727539065,0.1554388786764705,1402.552001953125,117,50,50,1,1.0
Lunges/v_Lunges_g01_c01.avi,8.822830200195312,8.570788383483887,60.14149856567383,0.1986626838235294,534.984375,261,51,51,1,1.0
Lunges/v_Lunges_g01_c02.avi,15.0255708694458,14.7555513381958,84.92938232421875,0.0357536764705882,1157.083251953125,234,51,51,1,1.0
Lunges/v_Lunges_g01_c03.avi,5.033281803131104,6.485240459442139,53.3104133605957,0.0854273897058823,576.2525634765625,225,51,51,1,1.0
Lunges/v_Lunges_g01_c04.avi,4.524598121643066,3.521118402481079,33.541019439697266,0.0432238051470588,542.806396484375,270,51,51,1,1.0
Lunges/v_Lunges_g01_c05.avi,5.983724594116211,5.590859889984131,38.05259704589844,0.0382329963235294,602.8118286132812,252,51,51,1,1.0
Lunges/v_Lunges_g01_c06.avi,7.527781963348389,6.982458114624023,36.2353401184082,0.139563419117647,564.9859619140625,261,51,51,1,1.0
Lunges/v_Lunges_g01_c07.avi,9.04527473449707,7.799221515655518,44.72135925292969,0.2012293198529411,724.3450927734375,234,51,51,1,1.0
Lunges/v_Lunges_g02_c01.avi,4.265803813934326,8.683614730834961,97.00515747070312,0.2913625919117647,725.2012939453125,164,51,51,1,1.0
Lunges/v_Lunges_g02_c02.avi,3.4599103927612305,8.431097984313965,102.70345306396484,0.4633524816176471,646.1499633789062,167,51,51,1,1.0
Lunges/v_Lunges_g02_c03.avi,3.993876457214356,8.760038375854492,70.49113464355469,0.3685638786764706,564.08544921875,157,51,51,1,1.0
Lunges/v_Lunges_g02_c04.avi,5.125461101531982,11.054783821105955,88.14192962646484,0.3409604779411764,906.1710205078124,176,51,51,1,1.0
Lunges/v_Lunges_g03_c01.avi,10.245938301086426,9.152738571166992,70.21395874023438,0.0277113970588235,563.0228271484375,253,51,51,1,1.0
Lunges/v_Lunges_g03_c02.avi,5.008368492126465,5.627555847167969,35.44009017944336,0.1960730698529411,284.2303771972656,247,51,51,1,0.9999997615814208
Lunges/v_Lunges_g03_c03.avi,17.129749298095703,17.101947784423828,141.5097198486328,0.1666842830882353,900.1307373046875,234,51,51,1,1.0
Lunges/v_Lunges_g03_c04.avi,10.01966667175293,6.897681713104248,45.09988784790039,0.0427688419117647,684.9381103515625,251,51,51,1,0.9999291896820068
Lunges/v_Lunges_g04_c01.avi,8.041055679321289,10.1575927734375,48.05205535888672,0.2187729779411764,245.4320068359375,261,51,51,1,0.9999957084655762
Lunges/v_Lunges_g04_c02.avi,5.790957450866699,6.370711326599121,43.26661682128906,0.1551034007352941,245.06326293945312,259,51,51,1,0.9999762773513794
Lunges/v_Lunges_g04_c03.avi,5.180720329284668,5.050552845001221,45.0111083984375,0.0955215992647058,155.54232788085938,247,51,51,1,0.6791604161262512
Lunges/v_Lunges_g04_c04.avi,2.429842710494995,2.2645411491394043,14.21267032623291,0.2174632352941176,44.83695602416992,183,51,51,1,0.9999606609344482
Lunges/v_Lunges_g05_c01.avi,21.28952407836914,24.957563400268555,112.36102294921876,0.0316544117647058,1226.4632568359375,238,51,51,1,0.4719499349594116
Lunges/v_Lunges_g05_c02.avi,19.472484588623047,15.317370414733888,106.04244232177734,0.0591015625,678.0562744140625,254,51,51,1,0.9999862909317015
Lunges/v_Lunges_g05_c03.avi,8.658863067626953,5.456199645996094,32.649654388427734,0.0454641544117647,307.986328125,216,51,51,1,0.9903077483177184
Lunges/v_Lunges_g05_c04.avi,13.582330703735352,13.585113525390623,67.46851348876953,0.0574793198529411,732.40576171875,197,51,51,1,0.8657901883125305
Lunges/v_Lunges_g06_c01.avi,3.546681880950928,7.931629180908203,60.0333251953125,0.3702803308823529,377.9085083007813,254,51,14,0,0.999998927116394
Lunges/v_Lunges_g06_c02.avi,8.727861404418945,11.639512062072754,83.02409362792969,0.2798690257352941,575.1997680664062,234,51,51,1,0.592041552066803
Lunges/v_Lunges_g06_c03.avi,4.093238353729248,6.244956016540527,60.01666259765625,0.3466796875,215.73828125,255,51,14,0,0.9998708963394164
Lunges/v_Lunges_g06_c04.avi,2.466590404510498,3.047119140625,23.53720474243164,0.4223575367647059,165.5679931640625,265,51,46,0,0.9502776265144348
Lunges/v_Lunges_g06_c05.avi,3.4157016277313232,6.448914051055908,69.40460968017578,0.3613832720588235,247.7083282470703,254,51,14,0,0.5141993165016174
Lunges/v_Lunges_g06_c06.avi,5.992074489593506,8.352156639099121,66.21178436279297,0.1853285845588235,502.903076171875,254,51,54,0,0.7343876957893372
Lunges/v_Lunges_g06_c07.avi,4.323373317718506,6.914808750152588,60.373836517333984,0.4429733455882353,190.47544860839844,261,51,14,0,0.7454991340637207
Lunges/v_Lunges_g07_c01.avi,3.35072922706604,3.900233745574951,41.773197174072266,0.1719898897058823,93.41603088378906,248,51,51,1,0.9999979734420776
Lunges/v_Lunges_g07_c02.avi,2.110692262649536,2.120530843734741,16.552946090698242,0.2125022977941176,50.243953704833984,245,51,51,1,0.9997658133506776
Lunges/v_Lunges_g07_c03.avi,1.5508267879486084,1.8056974411010744,16.278820037841797,0.3363786764705882,34.77668762207031,245,51,51,1,0.9977638721466064
Lunges/v_Lunges_g07_c04.avi,7.259569644927978,10.147473335266112,139.0863037109375,0.153079044117647,164.03543090820312,264,51,51,1,0.9000177383422852
Lunges/v_Lunges_g07_c05.avi,4.36656379699707,7.326501369476318,107.46627044677734,0.2654159007352941,274.3588562011719,237,51,51,1,0.9774312376976012
Lunges/v_Lunges_g07_c06.avi,3.390920162200928,3.7794787883758554,51.15662384033203,0.0900505514705882,119.5082550048828,250,51,51,1,1.0
Lunges/v_Lunges_g07_c07.avi,9.244989395141602,7.432827949523926,77.5241928100586,0.1265257352941176,272.2121887207031,253,51,51,1,0.9999995231628418
MilitaryParade/v_MilitaryParade_g01_c01.avi,1.3735662698745728,1.8022493124008176,24.0,0.3552619485294118,278.31353759765625,127,52,52,1,0.9999991655349731
MilitaryParade/v_MilitaryParade_g01_c02.avi,4.410971641540527,5.833900451660156,45.694637298583984,0.305383731617647,376.8253479003906,126,52,52,1,0.9999997615814208
MilitaryParade/v_MilitaryParade_g01_c03.avi,5.886579513549805,8.927311897277832,128.0,0.28109375,823.2340087890625,120,52,52,1,1.0
MilitaryParade/v_MilitaryParade_g01_c04.avi,4.306310176849365,6.62606954574585,91.0,0.2176424632352941,631.3153076171875,117,52,52,1,0.999354898929596
MilitaryParade/v_MilitaryParade_g01_c05.avi,4.941685199737549,7.403205394744873,134.0596923828125,0.3220840992647059,524.0379638671875,148,52,52,1,0.9999876022338868
MilitaryParade/v_MilitaryParade_g01_c06.avi,3.31842303276062,3.6238276958465576,29.154760360717773,0.3117003676470588,280.35028076171875,135,52,52,1,0.941956639289856
MilitaryParade/v_MilitaryParade_g01_c07.avi,1.973458766937256,2.536054849624634,31.256999969482425,0.340703125,310.32879638671875,140,52,5,0,0.9948455095291138
MilitaryParade/v_MilitaryParade_g02_c01.avi,8.753168106079102,10.36580753326416,71.17584228515625,0.1171553308823529,511.0929565429688,92,52,52,1,1.0
MilitaryParade/v_MilitaryParade_g02_c02.avi,4.617027282714844,2.785597324371338,33.105892181396484,0.0387155330882353,380.28656005859375,127,52,52,1,1.0
MilitaryParade/v_MilitaryParade_g02_c03.avi,9.82862377166748,8.22315788269043,53.712196350097656,0.1109558823529411,609.5532836914062,111,52,52,1,1.0
MilitaryParade/v_MilitaryParade_g02_c04.avi,5.299936294555664,5.925177574157715,71.44927978515625,0.0705078125,1011.4425048828124,118,52,52,1,1.0
MilitaryParade/v_MilitaryParade_g03_c01.avi,3.11872673034668,2.785919189453125,31.048349380493164,0.1147931985294117,282.31256103515625,107,52,52,1,1.0
MilitaryParade/v_MilitaryParade_g03_c02.avi,5.218599319458008,4.770568370819092,56.080299377441406,0.0158685661764705,1003.0056762695312,111,52,52,1,1.0
MilitaryParade/v_MilitaryParade_g03_c03.avi,8.835836410522461,10.039546012878418,57.314918518066406,0.0644990808823529,498.0548706054688,92,52,52,1,1.0
MilitaryParade/v_MilitaryParade_g03_c04.avi,4.154401779174805,4.978336334228516,46.51881408691406,0.2173851102941176,698.2688598632812,111,52,52,1,1.0
MilitaryParade/v_MilitaryParade_g04_c01.avi,5.263892650604248,7.2464118003845215,46.04345703125,0.2582904411764706,615.6658935546875,136,52,52,1,1.0
MilitaryParade/v_MilitaryParade_g04_c02.avi,7.473515510559082,8.7361478805542,55.46169662475586,0.2668382352941176,994.4736328125,88,52,52,1,1.0
MilitaryParade/v_MilitaryParade_g04_c03.avi,11.207601547241213,10.718260765075684,59.6824951171875,0.1589545036764706,1097.3282470703125,150,52,52,1,1.0
MilitaryParade/v_MilitaryParade_g04_c04.avi,8.83631420135498,8.980299949645996,54.5618896484375,0.1645450367647059,1294.326416015625,88,52,52,1,1.0
MilitaryParade/v_MilitaryParade_g05_c01.avi,2.316281080245972,3.469566345214844,33.52610778808594,0.3731709558823529,621.1983642578125,92,52,52,1,1.0
MilitaryParade/v_MilitaryParade_g05_c02.avi,0.3088656365871429,1.2208012342453003,20.02498435974121,0.8781364889705883,159.7953338623047,109,52,52,1,0.9999998807907104
MilitaryParade/v_MilitaryParade_g05_c03.avi,0.5457684993743896,1.874245524406433,24.20743751525879,0.867545955882353,164.99929809570312,84,52,52,1,0.9848902821540833
MilitaryParade/v_MilitaryParade_g05_c04.avi,5.601840496063232,6.593236923217773,50.35871505737305,0.1814039522058823,942.1823120117188,104,52,52,1,0.9999984502792358
MilitaryParade/v_MilitaryParade_g06_c01.avi,4.205235958099365,4.812404155731201,35.7770881652832,0.1906089154411764,789.6647338867188,143,52,52,1,1.0
MilitaryParade/v_MilitaryParade_g06_c02.avi,3.557514190673828,4.209601402282715,25.079872131347656,0.2674425551470588,795.496826171875,110,52,52,1,0.9999997615814208
MilitaryParade/v_MilitaryParade_g06_c03.avi,11.628377914428713,11.82386875152588,78.26238250732422,0.1088488051470588,935.6641845703124,116,52,52,1,0.9999992847442628
MilitaryParade/v_MilitaryParade_g06_c04.avi,1.8746991157531736,1.7700669765472412,15.0,0.2278010110294117,149.95184326171875,123,52,52,1,0.9999417066574096
MilitaryParade/v_MilitaryParade_g07_c01.avi,2.074087142944336,2.5037453174591064,20.0,0.3179802389705882,153.17709350585938,108,52,52,1,1.0
MilitaryParade/v_MilitaryParade_g07_c02.avi,1.612676024436951,2.806330442428589,27.20294189453125,0.513828125,136.72244262695312,143,52,52,1,1.0
MilitaryParade/v_MilitaryParade_g07_c03.avi,3.4051525592803955,4.219201564788818,37.656341552734375,0.3253147977941176,143.76182556152344,142,52,52,1,1.0
MilitaryParade/v_MilitaryParade_g07_c04.avi,2.1551263332366943,3.104209899902344,21.0,0.3517922794117647,137.62088012695312,155,52,52,1,1.0
MilitaryParade/v_MilitaryParade_g07_c05.avi,3.429175615310669,4.051473140716553,33.60059356689453,0.288508731617647,260.2583923339844,147,52,52,1,1.0
MilitaryParade/v_MilitaryParade_g07_c06.avi,4.362330913543701,5.422726631164551,28.0,0.1884260110294117,233.1566619873047,139,52,52,1,1.0
Mixing/v_Mixing_g01_c01.avi,3.058676481246948,6.06088399887085,50.44799423217773,0.5834972426470588,39.25559616088867,104,53,53,1,0.9999520778656006
Mixing/v_Mixing_g01_c02.avi,1.1519540548324585,3.1896066665649414,28.28427124023437,0.7829411764705883,37.2357292175293,125,53,53,1,1.0
Mixing/v_Mixing_g01_c03.avi,4.672765254974365,12.718632698059082,120.41594696044922,0.696204044117647,278.8860168457031,141,53,53,1,1.0
Mixing/v_Mixing_g01_c04.avi,1.966654181480408,5.214682102203369,53.0,0.6955284926470588,81.5184555053711,120,53,53,1,1.0
Mixing/v_Mixing_g01_c05.avi,2.953460454940796,7.20967960357666,77.0064926147461,0.676491268382353,139.1275634765625,109,53,53,1,1.0
Mixing/v_Mixing_g01_c06.avi,2.4128258228302,7.064770698547363,74.09453582763672,0.7131227022058824,93.5185775756836,157,53,53,1,1.0
Mixing/v_Mixing_g01_c07.avi,0.3177420794963836,1.1299057006835938,12.04159450531006,0.8570588235294118,10.415267944335938,123,53,53,1,0.9999998807907104
Mixing/v_Mixing_g02_c01.avi,3.43652081489563,6.150773525238037,51.42956161499024,0.4392440257352941,204.82699584960935,102,53,53,1,0.99999737739563
Mixing/v_Mixing_g02_c02.avi,3.1818413734436035,6.830340385437012,71.70076751708984,0.4757444852941176,245.62503051757807,104,53,53,1,1.0
Mixing/v_Mixing_g02_c03.avi,4.80672025680542,6.984434127807617,68.7677230834961,0.3605261948529412,298.9036560058594,164,53,53,1,0.9999992847442628
Mixing/v_Mixing_g02_c04.avi,5.608450889587402,9.61227321624756,75.7165756225586,0.3863120404411764,355.72235107421875,164,53,53,1,0.9997091889381408
Mixing/v_Mixing_g02_c05.avi,8.633450508117676,13.559502601623535,113.60017395019533,0.2474747242647058,408.9995727539063,147,53,53,1,0.9999110698699952
Mixing/v_Mixing_g02_c06.avi,3.910289764404297,8.619884490966797,135.83078002929688,0.394954044117647,158.34829711914062,107,53,53,1,0.9999966621398926
Mixing/v_Mixing_g03_c01.avi,2.0077359676361084,3.8382272720336914,29.0,0.4589590992647059,145.4054412841797,158,53,53,1,0.9999996423721312
Mixing/v_Mixing_g03_c02.avi,5.811138153076172,11.009520530700684,73.00685119628906,0.346868106617647,146.56137084960938,127,53,53,1,1.0
Mixing/v_Mixing_g03_c03.avi,7.573991298675537,11.939704895019531,92.57429504394533,0.2581663602941176,286.42401123046875,134,53,53,1,1.0
Mixing/v_Mixing_g03_c04.avi,6.239151954650879,11.806790351867676,103.09703826904295,0.3055238970588235,209.34683227539065,133,53,53,1,1.0
Mixing/v_Mixing_g03_c05.avi,1.6797908544540403,2.66694974899292,35.902645111083984,0.4630675551470588,92.86775207519533,120,53,53,1,1.0
Mixing/v_Mixing_g03_c06.avi,1.0365310907363892,3.085288047790528,38.32753753662109,0.7024011948529412,79.77986907958984,132,53,53,1,1.0
Mixing/v_Mixing_g03_c07.avi,0.6739334464073181,1.6318267583847046,28.0,0.7108823529411765,56.90407180786133,152,53,53,1,1.0
Mixing/v_Mixing_g04_c01.avi,2.200536012649536,3.0839147567749023,28.0,0.3242302389705882,314.96649169921875,140,53,53,1,1.0
Mixing/v_Mixing_g04_c02.avi,2.271291971206665,4.458746910095215,39.84971618652344,0.5547977941176471,238.95767211914065,103,53,53,1,0.9999818801879884
Mixing/v_Mixing_g04_c03.avi,1.472941756248474,1.6464719772338867,11.180339813232422,0.3492072610294117,45.76502227783203,123,53,53,1,0.9999997615814208
Mixing/v_Mixing_g04_c04.avi,3.738639116287232,3.6972460746765137,22.80350875854492,0.2580905330882353,289.86993408203125,108,53,53,1,0.99189692735672
Mixing/v_Mixing_g04_c05.avi,1.914314866065979,4.229404449462891,67.20863342285156,0.4677642463235294,274.021240234375,110,53,53,1,1.0
Mixing/v_Mixing_g04_c06.avi,1.3521807193756104,2.009826183319092,20.59126091003418,0.4925505514705882,158.73318481445312,145,53,53,1,0.9993497729301452
Mixing/v_Mixing_g04_c07.avi,0.2229170650243759,0.5296494960784912,12.0,0.8115441176470588,33.41033172607422,121,53,53,1,0.9985452890396118
Mixing/v_Mixing_g05_c01.avi,4.692938327789307,6.611194133758545,56.22277069091797,0.2891590073529412,45.71321868896485,125,53,53,1,1.0
Mixing/v_Mixing_g05_c02.avi,19.21126747131348,19.903440475463867,145.39944458007812,0.1109995404411764,356.0115661621094,109,53,53,1,1.0
Mixing/v_Mixing_g05_c03.avi,5.482055187225342,7.096902370452881,48.66210174560547,0.3301378676470588,64.44453430175781,123,53,53,1,0.99999737739563
Mixing/v_Mixing_g05_c04.avi,16.416961669921875,19.234851837158203,125.89678192138672,0.1176769301470588,384.031494140625,117,53,53,1,1.0
Mixing/v_Mixing_g05_c05.avi,13.552068710327148,14.43289566040039,107.44766235351562,0.1659788602941176,238.6031036376953,129,53,53,1,0.9999841451644896
Mixing/v_Mixing_g05_c06.avi,10.653973579406738,13.569906234741213,92.19544219970705,0.139453125,171.90957641601562,126,53,53,1,0.9996664524078368
Mixing/v_Mixing_g05_c07.avi,11.6705961227417,14.920578956604004,97.26766967773438,0.1778193933823529,243.2159881591797,109,53,53,1,0.9917199611663818
Mixing/v_Mixing_g06_c01.avi,0.1855389475822448,0.7344330549240112,10.198039054870604,0.8999632352941176,66.31951141357422,138,53,53,1,0.8526226282119751
Mixing/v_Mixing_g06_c02.avi,4.380300045013428,7.875919818878174,66.5732650756836,0.3294600183823529,213.8490295410156,102,53,53,1,1.0
Mixing/v_Mixing_g06_c03.avi,0.2909988760948181,1.1298913955688477,18.35755920410156,0.885305606617647,145.6276397705078,120,53,53,1,0.95867919921875
Mixing/v_Mixing_g06_c04.avi,0.230088785290718,0.9993703961372375,15.29705810546875,0.8947058823529411,102.27351379394533,106,53,53,1,0.9104057550430298
Mixing/v_Mixing_g06_c05.avi,0.194538801908493,0.8848808407783508,19.02629852294922,0.9089636948529412,82.49885559082031,140,53,53,1,0.9999990463256836
Mixing/v_Mixing_g06_c06.avi,0.3384536504745483,1.4260215759277344,22.472204208374023,0.8865073529411764,132.41812133789062,106,53,53,1,0.9996799230575562
Mixing/v_Mixing_g07_c01.avi,6.761168479919434,10.300985336303713,88.6848373413086,0.2000758272058823,359.054931640625,114,53,53,1,1.0
Mixing/v_Mixing_g07_c02.avi,11.609509468078612,12.121261596679688,76.16429901123047,0.0578102022058823,338.97882080078125,100,53,53,1,0.999990463256836
Mixing/v_Mixing_g07_c03.avi,4.70783281326294,5.095607757568359,83.00602722167969,0.0771254595588235,186.89157104492188,128,53,53,1,0.9999998807907104
Mixing/v_Mixing_g07_c04.avi,7.872757911682129,6.859151363372803,54.230987548828125,0.0286994485294117,151.52005004882812,129,53,53,1,0.999995231628418
Mixing/v_Mixing_g07_c05.avi,6.286171436309815,4.098236083984375,37.57658767700195,0.0242164522058823,181.9844665527344,129,53,53,1,0.9999772310256958
MoppingFloor/v_MoppingFloor_g01_c01.avi,5.03532075881958,7.350549221038818,37.12142181396485,0.2057881433823529,184.2257843017578,159,54,54,1,1.0
MoppingFloor/v_MoppingFloor_g01_c02.avi,4.499075412750244,5.3575439453125,30.01666259765625,0.2761190257352941,108.66178131103516,159,54,54,1,0.9999994039535522
MoppingFloor/v_MoppingFloor_g01_c03.avi,1.2870769500732422,2.6050615310668945,38.60051727294922,0.4938924632352941,101.74806213378906,159,54,54,1,0.999968647956848
MoppingFloor/v_MoppingFloor_g01_c04.avi,1.6870434284210205,2.6602048873901367,31.14482307434082,0.4547817095588235,114.39180755615234,136,54,54,1,0.9937210083007812
MoppingFloor/v_MoppingFloor_g02_c01.avi,4.470202922821045,9.66187858581543,77.0,0.5786167279411765,101.9062957763672,164,54,54,1,0.9996554851531982
MoppingFloor/v_MoppingFloor_g02_c02.avi,4.018280506134033,5.612271308898926,64.07027435302734,0.3926125919117647,124.3808364868164,174,54,54,1,1.0
MoppingFloor/v_MoppingFloor_g02_c03.avi,2.061112642288208,3.4741384983062744,31.0161247253418,0.6021323529411765,40.74185943603516,142,54,54,1,0.9999990463256836
MoppingFloor/v_MoppingFloor_g02_c04.avi,0.764995813369751,1.8964979648590088,24.0,0.7313511029411764,43.4467658996582,136,54,54,1,1.0
MoppingFloor/v_MoppingFloor_g02_c05.avi,1.80994713306427,3.640031337738037,81.0,0.4015510110294117,38.44888687133789,157,54,54,1,0.9999914169311525
MoppingFloor/v_MoppingFloor_g02_c06.avi,1.7809735536575315,2.688437461853028,19.0,0.5278262867647059,61.66875457763672,133,54,54,1,0.7195318937301636
MoppingFloor/v_MoppingFloor_g03_c01.avi,10.478682518005373,14.430058479309082,132.96615600585938,0.1657008272058823,803.272216796875,115,54,54,1,1.0
MoppingFloor/v_MoppingFloor_g03_c02.avi,3.736117124557495,5.2516188621521,32.572994232177734,0.27984375,163.25506591796875,166,54,54,1,1.0
MoppingFloor/v_MoppingFloor_g03_c03.avi,6.395368099212647,9.601898193359377,58.00862121582031,0.2568818933823529,202.17721557617188,145,54,54,1,1.0
MoppingFloor/v_MoppingFloor_g03_c04.avi,1.4242640733718872,1.7776044607162476,14.317821502685549,0.3367233455882353,25.598588943481445,124,54,54,1,1.0
MoppingFloor/v_MoppingFloor_g04_c01.avi,0.0413395203649997,0.318408340215683,7.071067810058594,0.9720795036764706,0.8787752985954285,243,54,54,1,1.0
MoppingFloor/v_MoppingFloor_g04_c02.avi,5.072616100311279,6.323784828186035,37.12142181396485,0.1516268382352941,368.6645812988281,289,54,54,1,1.0
MoppingFloor/v_MoppingFloor_g04_c03.avi,0.0372445546090602,0.2888408005237579,5.099019527435303,0.976654411764706,0.5751670002937317,303,54,54,1,1.0
MoppingFloor/v_MoppingFloor_g04_c04.avi,5.100722789764404,7.118014335632324,90.022216796875,0.2142601102941176,548.8634033203125,298,54,54,1,1.0
MoppingFloor/v_MoppingFloor_g04_c05.avi,2.3638932704925537,4.719215393066406,69.2603759765625,0.4171599264705882,267.0841979980469,279,54,54,1,1.0
MoppingFloor/v_MoppingFloor_g04_c06.avi,2.9477221965789795,2.948881149291992,15.524174690246582,0.2811511948529411,158.08786010742188,305,54,54,1,1.0
MoppingFloor/v_MoppingFloor_g05_c01.avi,7.339589118957519,9.755388259887695,82.03657531738281,0.0576034007352941,188.67274475097656,285,54,54,1,0.8148826956748962
MoppingFloor/v_MoppingFloor_g05_c02.avi,6.897430896759033,9.756319999694824,80.3056640625,0.3648897058823529,144.554931640625,289,54,54,1,0.9963749051094056
MoppingFloor/v_MoppingFloor_g05_c03.avi,0.5626072883605957,1.0361343622207642,12.0,0.6333547794117647,30.27304077148437,304,54,2,0,0.9998177886009216
MoppingFloor/v_MoppingFloor_g05_c04.avi,7.325403690338135,8.791109085083008,86.31338500976562,0.1378929227941176,241.8622589111328,292,54,2,0,0.9999948740005492
MoppingFloor/v_MoppingFloor_g05_c05.avi,3.771140336990357,4.114223957061768,19.10497283935547,0.2041268382352941,23.571765899658203,182,54,3,0,1.0
MoppingFloor/v_MoppingFloor_g06_c01.avi,10.753890991210938,13.136151313781738,97.94896697998048,0.1494967830882353,748.2819213867188,99,54,54,1,1.0
MoppingFloor/v_MoppingFloor_g06_c02.avi,4.662877559661865,5.213106632232666,43.382022857666016,0.2820818014705882,507.6517639160156,224,54,54,1,1.0
MoppingFloor/v_MoppingFloor_g06_c03.avi,5.914944171905518,6.598352432250977,51.078372955322266,0.0527711397058823,498.3904418945313,222,54,54,1,1.0
MoppingFloor/v_MoppingFloor_g06_c04.avi,0.9744105339050292,1.2517783641815186,14.142135620117188,0.3364613970588235,102.8625259399414,122,54,54,1,1.0
MoppingFloor/v_MoppingFloor_g07_c01.avi,0.4699342250823974,1.3557333946228027,22.825424194335938,0.8198161764705882,22.146020889282227,157,54,54,1,0.9456209540367126
MoppingFloor/v_MoppingFloor_g07_c02.avi,0.3559803068637848,1.2538959980010986,22.0,0.8588579963235294,13.3838472366333,144,54,54,1,0.9996479749679564
MoppingFloor/v_MoppingFloor_g07_c03.avi,0.3250527083873749,1.1970925331115725,14.560219764709473,0.8711397058823529,14.70326042175293,107,54,54,1,0.9744739532470704
MoppingFloor/v_MoppingFloor_g07_c04.avi,0.4438748359680176,1.5433224439620972,53.75872039794922,0.8171943933823529,34.33097076416016,203,54,54,1,0.999985694885254
MoppingFloor/v_MoppingFloor_g07_c05.avi,0.4411123394966125,1.5193291902542114,20.124610900878903,0.8247058823529412,1.9982789754867556,125,54,54,1,0.9999531507492064
Nunchucks/v_Nunchucks_g01_c01.avi,0.5161004066467285,1.7884708642959597,21.09502220153809,0.8406916360294118,27.584793090820312,264,55,32,0,0.6324455738067627
Nunchucks/v_Nunchucks_g01_c02.avi,0.5043428540229797,2.036346435546875,34.0,0.8552550551470588,33.742733001708984,260,55,55,1,0.7172812223434448
Nunchucks/v_Nunchucks_g01_c03.avi,0.5136675834655762,1.8635622262954712,32.31098937988281,0.8481525735294118,50.96440505981445,234,55,55,1,0.99762624502182
Nunchucks/v_Nunchucks_g01_c04.avi,0.300280213356018,1.1419323682785034,17.0,0.8796323529411765,22.972118377685547,229,55,55,1,0.6521879434585571
Nunchucks/v_Nunchucks_g02_c01.avi,2.553936004638672,2.7036821842193604,40.80441284179688,0.1703952205882353,227.57064819335935,291,55,76,0,0.8826872706413269
Nunchucks/v_Nunchucks_g02_c02.avi,1.774979591369629,2.55055832862854,35.0,0.4339682904411764,190.77114868164065,235,55,46,0,0.923680305480957
Nunchucks/v_Nunchucks_g02_c03.avi,0.8005496859550476,2.3527626991271973,40.0,0.6748092830882353,186.26657104492188,276,55,46,0,0.6563493609428406
Nunchucks/v_Nunchucks_g02_c04.avi,0.6972128748893738,2.5509347915649414,32.015621185302734,0.8080974264705882,34.61977005004883,244,55,76,0,0.5449879169464111
Nunchucks/v_Nunchucks_g02_c05.avi,1.403233528137207,2.339239358901977,30.886890411376957,0.5337316176470588,165.62820434570312,291,55,76,0,0.9982357025146484
Nunchucks/v_Nunchucks_g02_c06.avi,1.5866458415985107,2.909764528274536,39.5600814819336,0.4203929227941176,289.3413391113281,296,55,76,0,0.992319643497467
Nunchucks/v_Nunchucks_g03_c01.avi,0.2811085283756256,1.4264799356460571,20.099750518798828,0.9164338235294116,110.34661865234376,251,55,32,0,0.9994296431541444
Nunchucks/v_Nunchucks_g03_c02.avi,0.1529107987880706,0.976639211177826,26.0,0.9377941176470588,63.800392150878906,250,55,90,0,0.5013336539268494
Nunchucks/v_Nunchucks_g03_c03.avi,0.1676658391952514,1.0876561403274536,31.14482307434082,0.9359926470588236,85.50474548339844,250,55,90,0,0.9383025765419006
Nunchucks/v_Nunchucks_g03_c04.avi,0.0771785899996757,0.4268873631954193,10.0,0.9495588235294118,43.73762130737305,249,55,32,0,0.6247330904006958
Nunchucks/v_Nunchucks_g03_c05.avi,0.220221534371376,1.1067731380462646,17.8885440826416,0.9151470588235294,81.204833984375,251,55,32,0,0.9739325046539308
Nunchucks/v_Nunchucks_g03_c06.avi,0.1024722903966903,0.5267874002456665,9.05538558959961,0.9389338235294118,48.00740432739258,250,55,90,0,0.9928411245346068
Nunchucks/v_Nunchucks_g03_c07.avi,0.0414799898862838,0.2667340934276581,5.0,0.9694852941176472,10.234100341796877,243,55,90,0,0.999990463256836
Nunchucks/v_Nunchucks_g04_c01.avi,2.9133150577545166,5.260307312011719,102.1077880859375,0.2814613970588235,77.1853256225586,260,55,55,1,1.0
Nunchucks/v_Nunchucks_g04_c02.avi,3.748535633087158,7.685657024383545,93.86160278320312,0.3079871323529412,103.099609375,260,55,55,1,1.0
Nunchucks/v_Nunchucks_g04_c03.avi,5.553774833679199,7.165383338928223,60.13318634033203,0.2264889705882353,97.08103942871094,257,55,55,1,1.0
Nunchucks/v_Nunchucks_g04_c04.avi,3.276416778564453,4.692302703857422,61.0,0.216750919117647,58.27725982666016,257,55,55,1,1.0
Nunchucks/v_Nunchucks_g04_c05.avi,3.263650894165039,4.85627555847168,75.05997467041016,0.2362706801470588,69.94715881347656,267,55,55,1,0.9999985694885254
Nunchucks/v_Nunchucks_g04_c06.avi,2.671738862991333,4.054720401763916,51.35172653198242,0.2552918198529412,56.82054901123047,250,55,55,1,1.0
Nunchucks/v_Nunchucks_g05_c01.avi,2.558966636657715,6.7266845703125,70.1783447265625,0.5513786764705882,655.482421875,225,55,55,1,0.9999932050704956
Nunchucks/v_Nunchucks_g05_c02.avi,2.2697041034698486,4.444311141967773,44.0113639831543,0.5437729779411765,376.4569396972656,208,55,55,1,0.9999921321868896
Nunchucks/v_Nunchucks_g05_c03.avi,1.6006468534469604,3.512779235839844,33.941123962402344,0.5796001838235294,327.8118591308594,204,55,55,1,0.9999685287475586
Nunchucks/v_Nunchucks_g05_c04.avi,1.5431278944015503,3.7838523387908936,50.0,0.5848161764705883,247.3802032470703,215,55,55,1,0.997503101825714
Nunchucks/v_Nunchucks_g06_c01.avi,4.6566033363342285,7.019762992858887,62.51399993896485,0.3812178308823529,399.1204223632813,317,55,55,1,0.9855341911315918
Nunchucks/v_Nunchucks_g06_c02.avi,8.628578186035156,8.71059513092041,65.76473236083984,0.0850942095588235,747.9522094726562,219,55,76,0,0.9999934434890748
Nunchucks/v_Nunchucks_g06_c03.avi,9.249930381774902,7.339945316314697,64.44377136230469,0.1127251838235294,470.5798950195313,209,55,76,0,0.9875091910362244
Nunchucks/v_Nunchucks_g06_c04.avi,4.634711742401123,7.185667037963867,41.04875183105469,0.4926034007352941,223.0952911376953,211,55,76,0,0.9999328851699828
Nunchucks/v_Nunchucks_g07_c01.avi,2.2653377056121826,5.920804977416992,71.56116485595703,0.6002550551470588,520.5586547851562,254,55,55,1,0.9999847412109376
Nunchucks/v_Nunchucks_g07_c02.avi,1.269399642944336,3.372288227081299,51.89412307739258,0.5945795036764706,438.7383728027344,254,55,55,1,0.9984413981437684
Nunchucks/v_Nunchucks_g07_c03.avi,1.3423335552215576,3.446264266967773,47.43416595458984,0.5674011948529412,334.3289489746094,150,55,55,1,0.9997052550315856
Nunchucks/v_Nunchucks_g07_c04.avi,1.096707463264465,4.102487087249756,46.52956008911133,0.78234375,301.2035827636719,246,55,55,1,0.9994636178016664
ParallelBars/v_ParallelBars_g01_c01.avi,6.8257365226745605,14.160910606384276,124.0644989013672,0.4178308823529412,404.5559387207031,106,56,56,1,1.0
ParallelBars/v_ParallelBars_g01_c02.avi,0.3255219161510467,0.6444835066795349,8.0,0.7364705882352941,64.58018493652344,123,56,56,1,1.0
ParallelBars/v_ParallelBars_g01_c03.avi,1.1595218181610107,3.218471050262451,57.38466644287109,0.5984466911764705,363.1123962402344,141,56,56,1,1.0
ParallelBars/v_ParallelBars_g01_c04.avi,13.001559257507324,30.452844619750977,190.06578063964844,0.4020588235294117,1934.425048828125,197,56,56,1,1.0
ParallelBars/v_ParallelBars_g02_c01.avi,2.282419443130493,3.437664747238159,61.0,0.2547012867647059,340.9864807128906,108,56,56,1,1.0
ParallelBars/v_ParallelBars_g02_c02.avi,7.232998847961426,12.046551704406738,88.32327270507812,0.3084903492647058,430.5584411621094,156,56,56,1,1.0
ParallelBars/v_ParallelBars_g02_c03.avi,7.720580101013184,10.285615921020508,106.38138580322266,0.3963442095588235,319.44879150390625,132,56,56,1,1.0
ParallelBars/v_ParallelBars_g02_c04.avi,0.8452044129371643,4.063949108123779,82.0,0.8184558823529412,316.563720703125,191,56,56,1,0.9999723434448242
ParallelBars/v_ParallelBars_g03_c01.avi,22.44032859802246,30.48994827270508,167.47537231445312,0.2581020220588235,2363.66162109375,114,56,56,1,1.0
ParallelBars/v_ParallelBars_g03_c02.avi,4.11775541305542,5.229977130889893,43.011627197265625,0.2751999080882353,532.5693359375,102,56,56,1,0.8495684266090393
ParallelBars/v_ParallelBars_g03_c03.avi,1.4653897285461426,2.515310525894165,33.0151481628418,0.4684558823529411,700.963134765625,147,56,56,1,1.0
ParallelBars/v_ParallelBars_g03_c04.avi,0.8923767805099487,2.726658821105957,41.0,0.6905882352941176,772.26123046875,157,56,56,1,1.0
ParallelBars/v_ParallelBars_g04_c01.avi,0.3060299158096313,1.2973748445510864,21.954498291015625,0.8939338235294118,82.5215835571289,135,56,56,1,1.0
ParallelBars/v_ParallelBars_g04_c02.avi,0.3750362992286682,1.6842139959335327,35.46829605102539,0.8881617647058824,89.96861267089844,110,56,56,1,1.0
ParallelBars/v_ParallelBars_g04_c03.avi,0.5026826858520508,2.1121513843536377,47.01063537597656,0.8570955882352941,149.67242431640625,147,56,56,1,1.0
ParallelBars/v_ParallelBars_g04_c04.avi,0.3252444863319397,1.5708969831466677,34.48188018798828,0.8985661764705882,108.41927337646484,172,56,56,1,1.0
ParallelBars/v_ParallelBars_g04_c05.avi,0.2759331166744232,1.2344969511032104,21.3775577545166,0.9030882352941176,53.648094177246094,159,56,56,1,1.0
ParallelBars/v_ParallelBars_g04_c06.avi,0.1822154372930526,0.9466300010681152,20.51828384399414,0.931875,65.23838806152344,221,56,56,1,1.0
ParallelBars/v_ParallelBars_g04_c07.avi,0.6435719132423401,2.275086641311645,44.0,0.7496691176470588,125.95915222167967,147,56,56,1,1.0
ParallelBars/v_ParallelBars_g05_c01.avi,0.7926769852638245,1.6266534328460691,23.0,0.6265808823529412,25.602279663085938,182,56,56,1,1.0
ParallelBars/v_ParallelBars_g05_c02.avi,3.449707508087158,5.141214370727539,51.0,0.3103033088235294,348.8997802734375,115,56,56,1,1.0
ParallelBars/v_ParallelBars_g05_c03.avi,2.043292999267578,3.766742467880249,36.34556198120117,0.5516015625,165.50253295898438,165,56,56,1,1.0
ParallelBars/v_ParallelBars_g05_c04.avi,1.6541537046432495,3.5985219478607178,56.64803695678711,0.4992784926470588,211.27883911132807,157,56,56,1,1.0
ParallelBars/v_ParallelBars_g05_c05.avi,1.69680917263031,2.720792531967163,24.0,0.4980147058823529,50.85010147094727,124,56,56,1,1.0
ParallelBars/v_ParallelBars_g06_c01.avi,17.73959732055664,28.846508026123047,178.54971313476562,0.0414889705882352,1187.81591796875,148,56,56,1,1.0
ParallelBars/v_ParallelBars_g06_c02.avi,3.3864550590515137,6.886751651763916,59.0,0.5666911764705882,202.23907470703125,126,56,56,1,1.0
ParallelBars/v_ParallelBars_g06_c03.avi,1.7349826097488403,3.5983619689941406,56.0,0.5513189338235294,188.54998779296875,151,56,56,1,1.0
ParallelBars/v_ParallelBars_g06_c04.avi,3.0750732421875,5.415397644042969,63.0,0.3529090073529412,245.26687622070312,128,56,56,1,1.0
ParallelBars/v_ParallelBars_g06_c05.avi,2.635434627532959,4.236588478088379,73.00685119628906,0.4113648897058823,258.0942687988281,103,56,56,1,1.0
ParallelBars/v_ParallelBars_g06_c06.avi,0.5845907330513,1.234082579612732,15.132745742797852,0.731360294117647,19.636131286621094,125,56,56,1,1.0
ParallelBars/v_ParallelBars_g06_c07.avi,1.921651840209961,3.2111313343048096,37.05401611328125,0.4337568933823529,255.711669921875,113,56,56,1,1.0
ParallelBars/v_ParallelBars_g07_c01.avi,3.044011354446411,5.611073970794678,38.01315689086914,0.5819209558823529,442.01263427734375,127,56,56,1,1.0
ParallelBars/v_ParallelBars_g07_c02.avi,3.517158031463623,7.714291572570801,60.0333251953125,0.6882720588235294,360.6798706054688,127,56,56,1,1.0
ParallelBars/v_ParallelBars_g07_c03.avi,1.3724113702774048,2.8316891193389893,34.525352478027344,0.7086764705882352,357.77685546875,127,56,56,1,1.0
ParallelBars/v_ParallelBars_g07_c04.avi,3.367141008377075,5.394187927246094,57.07889175415039,0.4194738051470588,783.789306640625,195,56,56,1,1.0
ParallelBars/v_ParallelBars_g07_c05.avi,6.865436553955078,14.541595458984377,115.35163879394533,0.4272058823529411,645.6964111328125,107,56,56,1,1.0
ParallelBars/v_ParallelBars_g07_c06.avi,6.262686252593994,13.319062232971191,105.0047607421875,0.5729044117647059,591.3326416015625,137,56,56,1,1.0
PizzaTossing/v_PizzaTossing_g01_c01.avi,4.580786228179932,6.699681758880615,65.55150604248047,0.2982927389705882,395.00579833984375,143,57,57,1,0.9975045323371888
PizzaTossing/v_PizzaTossing_g01_c02.avi,22.779857635498047,26.08553695678711,185.7229156494141,0.2044370404411764,1422.889404296875,82,57,57,1,0.9999783039093018
PizzaTossing/v_PizzaTossing_g01_c03.avi,9.974772453308104,11.205164909362791,122.00409698486328,0.173743106617647,452.0038146972656,132,57,74,0,0.5905159115791321
PizzaTossing/v_PizzaTossing_g01_c04.avi,9.974772453308104,11.205164909362791,122.00409698486328,0.173743106617647,452.0038146972656,132,57,74,0,0.4617694914340973
PizzaTossing/v_PizzaTossing_g02_c01.avi,1.1317757368087769,2.3274853229522705,26.0,0.5680238970588235,103.30549621582033,117,57,46,0,0.9999984502792358
PizzaTossing/v_PizzaTossing_g02_c02.avi,0.6885175108909607,1.875736117362976,41.30375289916992,0.7035868566176471,64.00576782226562,106,57,46,0,0.996697187423706
PizzaTossing/v_PizzaTossing_g02_c03.avi,1.2800146341323853,2.711138963699341,36.8917350769043,0.5104940257352941,119.56608581542967,111,57,54,0,0.488700121641159
PizzaTossing/v_PizzaTossing_g02_c04.avi,0.9019890427589417,2.1321301460266118,28.23118782043457,0.6373414522058823,102.44841003417967,96,57,57,1,0.9746156930923462
PizzaTossing/v_PizzaTossing_g02_c05.avi,14.629159927368164,20.40445899963379,220.857421875,0.1086902573529411,1457.068603515625,77,57,57,1,0.9688109159469604
PizzaTossing/v_PizzaTossing_g03_c01.avi,2.4139773845672607,5.460538864135742,105.385009765625,0.4657146139705882,47.076637268066406,101,57,55,0,0.9922630786895752
PizzaTossing/v_PizzaTossing_g03_c02.avi,4.092936038970947,9.26054859161377,80.28075408935547,0.423671875,74.30769348144531,97,57,17,0,0.9520668983459472
PizzaTossing/v_PizzaTossing_g03_c03.avi,4.249440670013428,11.436120986938477,127.62445068359376,0.502961856617647,112.3428192138672,106,57,57,1,0.8785592913627625
PizzaTossing/v_PizzaTossing_g03_c04.avi,1.8742716312408447,7.467514514923096,140.08926391601562,0.6058042279411765,103.5771026611328,35,57,55,0,0.9802889227867126
PizzaTossing/v_PizzaTossing_g04_c01.avi,3.713990449905396,4.137166500091553,36.0,0.2151217830882353,198.2513427734375,103,57,55,0,0.698859691619873
PizzaTossing/v_PizzaTossing_g04_c02.avi,2.9458208084106445,2.731928586959839,20.02498435974121,0.1584145220588235,307.52081298828125,114,57,57,1,0.8542287349700928
PizzaTossing/v_PizzaTossing_g04_c03.avi,1.6669830083847046,2.945442914962769,25.63201141357422,0.602858455882353,257.8668518066406,108,57,57,1,0.996807873249054
PizzaTossing/v_PizzaTossing_g04_c04.avi,2.8304877281188965,4.462449073791504,47.0,0.4242761948529411,482.6362915039063,119,57,57,1,0.9997467398643494
PizzaTossing/v_PizzaTossing_g04_c05.avi,0.0187229700386524,0.1566351354122162,3.0,0.9838671875,1.3577795028686523,125,57,55,0,0.6425264477729797
PizzaTossing/v_PizzaTossing_g04_c06.avi,1.375540852546692,2.858992099761963,32.0,0.5501493566176471,462.27349853515625,119,57,57,1,0.9999732971191406
PizzaTossing/v_PizzaTossing_g04_c07.avi,1.6492129564285278,2.8291573524475098,26.305892944335938,0.6275390625,305.56512451171875,136,57,57,1,0.981084942817688
PizzaTossing/v_PizzaTossing_g05_c01.avi,0.4600529074668884,1.707217812538147,21.0,0.8235753676470589,96.89261627197266,123,57,57,1,0.965356171131134
PizzaTossing/v_PizzaTossing_g05_c02.avi,0.9482580423355104,2.9077389240264893,36.40055084228516,0.7284949448529412,143.3826446533203,186,57,57,1,0.9999997615814208
PizzaTossing/v_PizzaTossing_g05_c03.avi,1.9647492170333865,6.66195011138916,77.82030487060547,0.6901999080882353,309.9759216308594,144,57,57,1,0.9999910593032836
PizzaTossing/v_PizzaTossing_g05_c04.avi,2.3519327640533447,6.010908603668213,72.00694274902344,0.6163717830882353,417.09326171875,111,57,57,1,0.9999547004699708
PizzaTossing/v_PizzaTossing_g06_c01.avi,3.1039068698883057,7.09641170501709,83.52245330810547,0.4950758272058823,561.390625,105,57,54,0,0.801162600517273
PizzaTossing/v_PizzaTossing_g06_c02.avi,3.309110164642334,3.4991648197174072,37.0,0.2963786764705882,239.085205078125,97,57,57,1,0.999858856201172
PizzaTossing/v_PizzaTossing_g06_c03.avi,14.934391021728516,20.79574012756348,111.42710876464844,0.2935500919117647,585.5307006835938,97,57,57,1,0.9999558925628662
PizzaTossing/v_PizzaTossing_g06_c04.avi,1.957196593284607,2.4487404823303223,25.29822158813477,0.3072426470588235,62.825042724609375,62,57,57,1,1.0
PizzaTossing/v_PizzaTossing_g06_c05.avi,3.9104409217834473,7.225485801696777,73.54590606689453,0.3988189338235294,583.724853515625,115,57,54,0,0.8278743028640747
PizzaTossing/v_PizzaTossing_g07_c01.avi,6.204427242279053,6.419204235076904,34.01470184326172,0.2055445772058823,902.83056640625,111,57,27,0,0.5134943127632141
PizzaTossing/v_PizzaTossing_g07_c02.avi,2.7218470573425293,3.934807300567627,64.13267517089844,0.1167371323529411,673.42919921875,133,57,27,0,0.4633704721927643
PizzaTossing/v_PizzaTossing_g07_c03.avi,4.396496295928955,4.677783966064453,37.05401611328125,0.3198529411764705,936.8427734375,115,57,57,1,0.9837539792060852
PizzaTossing/v_PizzaTossing_g07_c04.avi,3.995151042938232,6.9753193855285645,42.8018684387207,0.5144600183823529,592.0725708007812,170,57,57,1,0.9999994039535522
PlayingCello/v_PlayingCello_g01_c01.avi,0.1903452575206756,0.7736366391181946,12.0,0.9036534926470589,67.22808074951172,222,58,58,1,1.0
PlayingCello/v_PlayingCello_g01_c02.avi,0.1931609809398651,0.712958037853241,9.0,0.8907950367647058,81.73934936523438,210,58,58,1,1.0
PlayingCello/v_PlayingCello_g01_c03.avi,0.1717046350240707,0.7536616921424866,17.11724281311035,0.9078400735294118,48.42657470703125,161,58,58,1,1.0
PlayingCello/v_PlayingCello_g01_c04.avi,0.1420958787202835,0.5628650784492493,8.246211051940918,0.9116291360294118,41.995338439941406,142,58,58,1,1.0
PlayingCello/v_PlayingCello_g01_c05.avi,0.1384938806295395,0.614970326423645,9.219544410705566,0.9147104779411764,32.153114318847656,163,58,58,1,1.0
PlayingCello/v_PlayingCello_g01_c06.avi,0.1563122570514679,0.6705266833305359,13.0,0.9094301470588236,45.44525146484375,161,58,58,1,0.9999995231628418
PlayingCello/v_PlayingCello_g01_c07.avi,0.1565968096256256,0.6413195729255676,10.29563045501709,0.9117647058823528,59.70302581787109,143,58,58,1,1.0
PlayingCello/v_PlayingCello_g02_c01.avi,2.107187271118164,3.632047653198242,51.0,0.4172633272058823,208.4617462158203,156,58,66,0,0.9961049556732178
PlayingCello/v_PlayingCello_g02_c02.avi,2.8525373935699463,3.718864917755127,36.055511474609375,0.4221852022058823,294.3051147460937,193,58,66,0,0.9784038066864014
PlayingCello/v_PlayingCello_g02_c03.avi,2.872909545898437,5.123222827911377,56.080299377441406,0.4163166360294117,299.7391967773437,165,58,13,0,0.6162160634994507
PlayingCello/v_PlayingCello_g02_c04.avi,1.9441206455230715,3.44248366355896,40.01249694824219,0.387844669117647,253.7973175048828,161,58,42,0,0.5772193670272827
PlayingCello/v_PlayingCello_g02_c05.avi,2.1231610774993896,3.5626561641693115,46.52956008911133,0.355390625,296.7123413085937,235,58,66,0,0.9805710911750792
PlayingCello/v_PlayingCello_g02_c06.avi,2.0179874897003174,2.9342193603515625,29.73213768005371,0.3850390625,351.6739807128906,175,58,66,0,0.7231179475784302
PlayingCello/v_PlayingCello_g02_c07.avi,1.8327178955078125,3.134751319885254,39.11521530151367,0.4387477022058823,280.81268310546875,227,58,66,0,0.9937769174575806
PlayingCello/v_PlayingCello_g03_c01.avi,0.9266127347946168,2.0567431449890137,18.0,0.7177504595588236,73.33292388916016,170,58,58,1,0.9998226761817932
PlayingCello/v_PlayingCello_g03_c02.avi,0.9063482880592346,2.1737301349639893,26.07680892944336,0.7128699448529412,18.418310165405277,104,58,58,1,0.9854742288589478
PlayingCello/v_PlayingCello_g03_c03.avi,1.0233023166656494,2.2291524410247803,30.066593170166016,0.6807444852941177,71.59815979003906,158,58,58,1,0.9999949932098388
PlayingCello/v_PlayingCello_g03_c04.avi,0.763164222240448,1.7952979803085327,16.155494689941406,0.7368841911764706,34.07600402832031,188,58,58,1,0.9999916553497314
PlayingCello/v_PlayingCello_g04_c01.avi,1.4802581071853638,3.5000364780426025,50.48762130737305,0.6177045036764706,152.7398681640625,206,58,58,1,1.0
PlayingCello/v_PlayingCello_g04_c02.avi,1.060972809791565,2.3371694087982178,26.305892944335938,0.6674103860294117,90.95932006835938,211,58,58,1,1.0
PlayingCello/v_PlayingCello_g04_c03.avi,1.776680588722229,3.494905471801758,48.01041412353516,0.5285661764705882,183.79067993164065,137,58,58,1,1.0
PlayingCello/v_PlayingCello_g04_c04.avi,1.021954894065857,2.5526540279388428,38.01315689086914,0.7001378676470589,63.8762092590332,142,58,58,1,0.9998637437820436
PlayingCello/v_PlayingCello_g04_c05.avi,0.4690236747264862,1.2240911722183228,16.0,0.7825367647058824,12.099059104919434,124,58,58,1,0.9999834299087524
PlayingCello/v_PlayingCello_g04_c06.avi,0.6636176109313965,1.5962510108947754,16.031219482421875,0.7408340992647059,30.4615535736084,128,58,58,1,0.9999244213104248
PlayingCello/v_PlayingCello_g04_c07.avi,0.7307218909263611,1.775401592254639,19.02629852294922,0.7383042279411764,23.46370506286621,128,58,58,1,0.9998369216918944
PlayingCello/v_PlayingCello_g05_c01.avi,2.41965913772583,2.842207431793213,37.0,0.2664568014705882,279.56011962890625,174,58,58,1,1.0
PlayingCello/v_PlayingCello_g05_c02.avi,2.2872164249420166,2.579157829284668,22.20360374450684,0.2690303308823529,200.4194793701172,197,58,58,1,1.0
PlayingCello/v_PlayingCello_g05_c03.avi,1.8789279460906985,2.286433219909668,29.73213768005371,0.2877090992647059,190.74148559570312,172,58,58,1,0.9999998807907104
PlayingCello/v_PlayingCello_g05_c04.avi,0.4215568602085113,0.8061296343803406,8.062257766723633,0.6982077205882353,31.10548973083496,185,58,58,1,1.0
PlayingCello/v_PlayingCello_g05_c05.avi,1.6977068185806274,2.801572799682617,40.199501037597656,0.3600344669117647,168.29774475097656,180,58,58,1,1.0
PlayingCello/v_PlayingCello_g05_c06.avi,1.703050136566162,2.789268016815185,31.38471031188965,0.3493864889705882,222.4784698486328,160,58,58,1,1.0
PlayingCello/v_PlayingCello_g05_c07.avi,1.975679397583008,2.7431273460388184,39.0128173828125,0.391328125,156.33401489257812,142,58,58,1,1.0
PlayingCello/v_PlayingCello_g06_c01.avi,0.9274455904960632,2.705859661102295,50.0099983215332,0.6721369485294117,41.97163009643555,252,58,58,1,1.0
PlayingCello/v_PlayingCello_g06_c02.avi,0.97404545545578,2.8375415802001958,48.01041412353516,0.7094370404411765,38.56162643432617,224,58,58,1,1.0
PlayingCello/v_PlayingCello_g06_c03.avi,1.146765112876892,2.8481805324554443,37.336307525634766,0.6767555147058824,34.259742736816406,283,58,58,1,1.0
PlayingCello/v_PlayingCello_g06_c04.avi,1.3109591007232666,3.010905504226685,31.0161247253418,0.6386488970588236,44.13945388793945,266,58,58,1,1.0
PlayingCello/v_PlayingCello_g06_c05.avi,0.9405215978622437,2.238480806350708,27.58622932434082,0.68203125,44.56371307373047,166,58,58,1,1.0
PlayingCello/v_PlayingCello_g06_c06.avi,1.0020378828048706,2.6610002517700195,40.80441284179688,0.7066521139705882,41.00271987915039,215,58,58,1,1.0
PlayingCello/v_PlayingCello_g06_c07.avi,0.9451252222061156,2.764221429824829,33.060550689697266,0.7317256433823529,34.95256805419922,213,58,58,1,1.0
PlayingCello/v_PlayingCello_g07_c01.avi,4.2836785316467285,5.723456859588623,44.92215347290039,0.2063786764705882,133.75009155273438,413,58,58,1,1.0
PlayingCello/v_PlayingCello_g07_c02.avi,2.6962099075317383,3.467104196548462,30.4138126373291,0.2560868566176471,87.66666412353516,325,58,58,1,1.0
PlayingCello/v_PlayingCello_g07_c03.avi,3.4843246936798096,4.647006511688232,41.18252182006836,0.2202113970588235,126.76390075683594,281,58,58,1,1.0
PlayingCello/v_PlayingCello_g07_c04.avi,2.1492016315460205,2.970785617828369,32.280025482177734,0.3195932904411764,54.10750579833984,306,58,58,1,1.0
PlayingCello/v_PlayingCello_g07_c05.avi,2.700886011123657,3.8985657691955566,42.0,0.2821875,58.01069259643555,271,58,58,1,1.0
PlayingDaf/v_PlayingDaf_g01_c01.avi,0.4636240601539612,0.920426607131958,8.9442720413208,0.7147426470588235,11.550885200500488,121,59,59,1,1.0
PlayingDaf/v_PlayingDaf_g01_c02.avi,0.9714035391807556,1.5002392530441284,16.278820037841797,0.5265602022058824,76.47478485107422,179,59,59,1,1.0
PlayingDaf/v_PlayingDaf_g01_c03.avi,0.6388239860534668,1.177723407745361,14.317821502685549,0.6514200367647058,28.990930557250977,189,59,59,1,1.0
PlayingDaf/v_PlayingDaf_g01_c04.avi,1.0152066946029663,1.688748478889465,15.29705810546875,0.5357697610294118,38.90004348754883,186,59,59,1,1.0
PlayingDaf/v_PlayingDaf_g02_c01.avi,3.1967437267303467,4.7930192947387695,42.04759216308594,0.2730583639705882,220.8262634277344,358,59,59,1,1.0
PlayingDaf/v_PlayingDaf_g02_c02.avi,1.3567700386047363,2.0102455615997314,15.23154640197754,0.4522426470588235,65.88935089111328,363,59,59,1,1.0
PlayingDaf/v_PlayingDaf_g02_c03.avi,2.900202989578247,4.758172035217285,54.45181274414063,0.3108616727941176,158.54672241210938,323,59,59,1,1.0
PlayingDaf/v_PlayingDaf_g02_c04.avi,3.328122615814209,5.225565433502197,43.28972244262695,0.3082146139705882,182.15945434570312,319,59,59,1,1.0
PlayingDaf/v_PlayingDaf_g02_c05.avi,4.67298698425293,8.726527214050293,73.60027313232422,0.2615280330882353,249.78042602539065,324,59,59,1,1.0
PlayingDaf/v_PlayingDaf_g02_c06.avi,1.913782000541687,3.4183027744293213,29.4108829498291,0.4252573529411764,75.66913604736328,362,59,59,1,1.0
PlayingDaf/v_PlayingDaf_g02_c07.avi,2.208749532699585,3.158945322036743,33.970577239990234,0.3538396139705882,117.29605865478516,333,59,59,1,1.0
PlayingDaf/v_PlayingDaf_g03_c01.avi,1.675421953201294,2.9851036071777344,32.24903106689453,0.4822771139705882,38.92310333251953,186,59,59,1,1.0
PlayingDaf/v_PlayingDaf_g03_c02.avi,3.371021032333374,4.417884826660156,50.2493782043457,0.238352481617647,101.3528289794922,170,59,59,1,1.0
PlayingDaf/v_PlayingDaf_g03_c03.avi,4.335035800933838,5.893354415893555,49.64876556396485,0.2249241727941176,147.6010284423828,180,59,59,1,1.0
PlayingDaf/v_PlayingDaf_g03_c04.avi,6.80819034576416,7.8320698738098145,61.55485534667969,0.1992164522058823,194.85520935058597,210,59,59,1,1.0
PlayingDaf/v_PlayingDaf_g04_c01.avi,0.9803694486618042,2.042468786239624,29.0,0.6399448529411764,51.0105094909668,326,59,59,1,1.0
PlayingDaf/v_PlayingDaf_g04_c02.avi,1.8920021057128904,3.0396435260772705,31.06444931030273,0.5340280330882353,134.49191284179688,345,59,59,1,1.0
PlayingDaf/v_PlayingDaf_g04_c03.avi,0.7057095170021057,1.3909164667129517,16.124515533447266,0.6375827205882353,19.186697006225582,304,59,59,1,1.0
PlayingDaf/v_PlayingDaf_g04_c04.avi,0.5906023383140564,1.099412202835083,12.206555366516112,0.6523253676470588,24.44565200805664,304,59,59,1,1.0
PlayingDaf/v_PlayingDaf_g04_c05.avi,0.8436595797538757,1.4830888509750366,16.278820037841797,0.6149816176470588,54.794227600097656,319,59,59,1,1.0
PlayingDaf/v_PlayingDaf_g04_c06.avi,0.8829258680343628,1.626185655593872,20.2237491607666,0.610500919117647,61.084075927734375,339,59,59,1,1.0
PlayingDaf/v_PlayingDaf_g04_c07.avi,0.8924247622489929,1.8851200342178345,31.78049659729004,0.6451171875,57.81438446044922,370,59,59,1,1.0
PlayingDaf/v_PlayingDaf_g05_c01.avi,0.4841765761375427,1.6103514432907104,23.194826126098636,0.8431066176470589,85.86004638671875,300,59,59,1,1.0
PlayingDaf/v_PlayingDaf_g05_c02.avi,0.2223670929670334,0.94886314868927,19.416488647460938,0.9003331801470589,40.869606018066406,333,59,59,1,0.9999995231628418
PlayingDaf/v_PlayingDaf_g05_c03.avi,0.8691394925117493,3.5759494304656982,55.57877349853516,0.8411764705882353,201.56434631347656,347,59,59,1,0.989241063594818
PlayingDaf/v_PlayingDaf_g05_c04.avi,0.3568770885467529,1.491753101348877,21.40093421936035,0.8765670955882353,59.115943908691406,392,59,59,1,0.9999990463256836
PlayingDaf/v_PlayingDaf_g05_c05.avi,0.5766721963882446,2.136848211288452,27.892650604248047,0.8514613970588235,116.66487121582033,402,59,59,1,0.9999992847442628
PlayingDaf/v_PlayingDaf_g05_c06.avi,1.081703782081604,4.511575698852539,48.16637802124024,0.8516544117647059,165.56668090820312,385,59,59,1,0.9935985803604126
PlayingDaf/v_PlayingDaf_g05_c07.avi,0.6780942678451538,2.50628924369812,30.4138126373291,0.851530330882353,94.74519348144533,376,59,59,1,0.7495245337486267
PlayingDaf/v_PlayingDaf_g06_c01.avi,4.376899242401123,6.708682060241699,62.361846923828125,0.3994829963235294,288.1700134277344,298,59,59,1,1.0
PlayingDaf/v_PlayingDaf_g06_c02.avi,7.78475284576416,10.59092903137207,68.11754608154297,0.3767279411764705,383.4568786621094,298,59,59,1,1.0
PlayingDaf/v_PlayingDaf_g06_c03.avi,5.181694984436035,9.59730052947998,84.75848388671875,0.4589682904411765,198.5396423339844,318,59,59,1,1.0
PlayingDaf/v_PlayingDaf_g06_c04.avi,4.488425254821777,6.996960163116455,58.79625701904297,0.4202412683823529,211.86154174804688,317,59,59,1,1.0
PlayingDaf/v_PlayingDaf_g06_c05.avi,7.403662204742432,12.61902141571045,103.31505584716795,0.3842302389705882,510.0968627929688,300,59,59,1,1.0
PlayingDaf/v_PlayingDaf_g06_c06.avi,4.35779333114624,7.578793525695801,62.07253646850586,0.4514728860294117,341.31219482421875,310,59,59,1,1.0
PlayingDaf/v_PlayingDaf_g06_c07.avi,5.049322605133057,7.295682907104492,47.43416595458984,0.3995496323529411,241.2580108642578,219,59,59,1,1.0
PlayingDaf/v_PlayingDaf_g07_c01.avi,1.4576984643936155,5.523535251617432,83.18653869628906,0.7258501838235294,83.0302505493164,248,59,59,1,1.0
PlayingDaf/v_PlayingDaf_g07_c02.avi,0.915140688419342,2.1073813438415527,24.0,0.6949770220588235,55.53399658203125,248,59,59,1,1.0
PlayingDaf/v_PlayingDaf_g07_c03.avi,0.8457072973251343,2.496469259262085,31.30495262145996,0.7651861213235294,33.43121719360352,248,59,59,1,1.0
PlayingDaf/v_PlayingDaf_g07_c04.avi,3.247111320495605,8.146919250488281,95.58765411376952,0.6269577205882353,144.17848205566406,248,59,59,1,1.0
PlayingDaf/v_PlayingDaf_g07_c05.avi,1.4759023189544678,4.100789546966553,47.01063537597656,0.6835592830882353,67.49565124511719,248,59,59,1,1.0
PlayingDhol/v_PlayingDhol_g01_c01.avi,1.3717025518417358,2.0873913764953613,29.27456283569336,0.3840992647058823,323.3271179199219,251,60,60,1,1.0
PlayingDhol/v_PlayingDhol_g01_c02.avi,3.3713185787200928,4.179780006408691,46.40043258666992,0.31453125,638.3336791992188,239,60,60,1,1.0
PlayingDhol/v_PlayingDhol_g01_c03.avi,1.2395944595336914,2.6624979972839355,39.824615478515625,0.5621323529411765,489.3377990722656,270,60,60,1,1.0
PlayingDhol/v_PlayingDhol_g01_c04.avi,5.50454568862915,7.217283725738525,46.010868072509766,0.3049356617647059,753.571533203125,238,60,60,1,1.0
PlayingDhol/v_PlayingDhol_g01_c05.avi,0.3225787580013275,1.0639938116073608,15.23154640197754,0.8337867647058823,96.31915283203124,245,60,60,1,1.0
PlayingDhol/v_PlayingDhol_g01_c06.avi,0.8316794037818909,1.886403560638428,24.020824432373047,0.6239958639705883,326.0811767578125,194,60,60,1,1.0
PlayingDhol/v_PlayingDhol_g01_c07.avi,1.4725781679153442,2.916604518890381,47.04253387451172,0.6151171875,295.1607666015625,137,60,60,1,1.0
PlayingDhol/v_PlayingDhol_g02_c01.avi,2.106386423110962,3.214656352996826,43.73785400390625,0.2866590073529412,112.66297912597656,266,60,60,1,1.0
PlayingDhol/v_PlayingDhol_g02_c02.avi,0.6503148078918457,1.1185455322265625,16.0,0.5784742647058824,23.867809295654297,304,60,60,1,1.0
PlayingDhol/v_PlayingDhol_g02_c03.avi,1.7936221361160278,2.4162986278533936,37.01351165771485,0.3197518382352941,104.9227066040039,266,60,60,1,1.0
PlayingDhol/v_PlayingDhol_g02_c04.avi,4.3617048263549805,4.7150702476501465,36.67424011230469,0.2297081801470588,100.74761962890624,274,60,60,1,1.0
PlayingDhol/v_PlayingDhol_g02_c05.avi,4.741903781890869,3.597762107849121,45.12205505371094,0.0546553308823529,185.9665679931641,266,60,60,1,1.0
PlayingDhol/v_PlayingDhol_g02_c06.avi,2.077362060546875,2.9526610374450684,31.0,0.3967738970588235,117.3545150756836,288,60,60,1,1.0
PlayingDhol/v_PlayingDhol_g02_c07.avi,1.4481321573257446,2.073265552520752,27.3129997253418,0.3297840073529411,103.80987548828124,281,60,60,1,1.0
PlayingDhol/v_PlayingDhol_g03_c01.avi,0.5620388984680176,1.7742561101913452,24.0,0.7979618566176471,43.48072052001953,356,60,60,1,0.9999895095825196
PlayingDhol/v_PlayingDhol_g03_c02.avi,0.270494133234024,0.8782288432121277,14.03566837310791,0.8537155330882353,34.093299865722656,380,60,60,1,0.9999994039535522
PlayingDhol/v_PlayingDhol_g03_c03.avi,0.3961062431335449,1.1587523221969604,17.0,0.818743106617647,42.73793029785156,406,60,60,1,0.9999988079071044
PlayingDhol/v_PlayingDhol_g03_c04.avi,0.5998480319976807,1.6909315586090088,17.492855072021484,0.787421875,54.34995651245117,390,60,60,1,0.9999996423721312
PlayingDhol/v_PlayingDhol_g03_c05.avi,0.5599181652069092,1.5824397802352903,19.416488647460938,0.8012844669117647,24.76243019104004,408,60,60,1,1.0
PlayingDhol/v_PlayingDhol_g03_c06.avi,0.524520754814148,1.4979947805404663,24.08318901062012,0.7877389705882353,34.44077682495117,415,60,60,1,0.999996542930603
PlayingDhol/v_PlayingDhol_g03_c07.avi,0.2825657725334167,1.065547227859497,29.017236709594727,0.8444829963235294,40.71538543701172,404,60,60,1,0.9999885559082032
PlayingDhol/v_PlayingDhol_g04_c01.avi,0.739638090133667,1.6489410400390625,28.0,0.6722725183823529,9.309535026550291,436,60,60,1,1.0
PlayingDhol/v_PlayingDhol_g04_c02.avi,0.5610843896865845,1.3990634679794312,26.0,0.7160431985294118,7.40992259979248,453,60,60,1,1.0
PlayingDhol/v_PlayingDhol_g04_c03.avi,0.6274183988571167,1.25005841255188,12.529964447021484,0.6836672794117648,7.039725303649902,451,60,60,1,1.0
PlayingDhol/v_PlayingDhol_g04_c04.avi,0.714112401008606,1.6165759563446045,34.539833068847656,0.6638488051470588,8.305261611938477,410,60,60,1,1.0
PlayingDhol/v_PlayingDhol_g04_c05.avi,0.3104811608791351,0.7866408228874207,11.0,0.8015257352941176,1.5380094051361084,424,60,60,1,1.0
PlayingDhol/v_PlayingDhol_g04_c06.avi,0.7782888412475586,1.3580893278121948,18.681541442871094,0.6138189338235294,11.628405570983888,447,60,60,1,1.0
PlayingDhol/v_PlayingDhol_g04_c07.avi,0.647119402885437,1.257269263267517,18.0,0.6702918198529412,7.85385274887085,442,60,60,1,1.0
PlayingDhol/v_PlayingDhol_g05_c01.avi,1.867366433143616,3.1523728370666504,36.055511474609375,0.3429917279411765,315.1429748535156,283,60,60,1,1.0
PlayingDhol/v_PlayingDhol_g05_c02.avi,2.904337167739868,4.057892799377441,49.72926712036133,0.2030422794117647,447.99560546875,267,60,60,1,1.0
PlayingDhol/v_PlayingDhol_g05_c03.avi,3.671287059783936,4.816128730773926,60.4648666381836,0.2899264705882353,371.3773498535156,215,60,60,1,1.0
PlayingDhol/v_PlayingDhol_g05_c04.avi,4.091618061065674,4.492138385772705,43.28972244262695,0.1830170036764705,551.4640502929688,296,60,60,1,1.0
PlayingDhol/v_PlayingDhol_g05_c05.avi,1.0087356567382812,1.9081236124038696,20.02498435974121,0.5086672794117647,144.9837646484375,302,60,60,1,1.0
PlayingDhol/v_PlayingDhol_g05_c06.avi,4.111969947814941,5.729411602020264,63.12685775756836,0.2472242647058823,727.2103881835938,294,60,60,1,1.0
PlayingDhol/v_PlayingDhol_g05_c07.avi,2.5123305320739746,3.471381664276123,44.14748001098633,0.2869209558823529,321.3172607421875,271,60,60,1,1.0
PlayingDhol/v_PlayingDhol_g06_c01.avi,0.7981820106506348,1.618268966674805,17.262676239013672,0.6167302389705882,42.65440368652344,376,60,60,1,1.0
PlayingDhol/v_PlayingDhol_g06_c02.avi,1.6130971908569336,2.656052827835083,26.92582321166992,0.4981617647058823,59.049560546875,367,60,60,1,1.0
PlayingDhol/v_PlayingDhol_g06_c03.avi,0.3972318172454834,1.0563017129898071,12.529964447021484,0.77875,15.323443412780762,364,60,60,1,0.9634100794792176
PlayingDhol/v_PlayingDhol_g06_c04.avi,1.3426098823547363,2.506324291229248,31.0161247253418,0.5065900735294118,71.26221466064453,371,60,60,1,0.9897478818893432
PlayingDhol/v_PlayingDhol_g06_c05.avi,1.157725214958191,2.355853080749512,29.4108829498291,0.5866452205882353,59.1486930847168,385,60,60,1,1.0
PlayingDhol/v_PlayingDhol_g06_c06.avi,0.3995787799358368,0.8633077144622803,8.246211051940918,0.7295220588235294,17.185298919677734,363,60,60,1,1.0
PlayingDhol/v_PlayingDhol_g06_c07.avi,2.1228115558624268,3.068826913833618,41.18252182006836,0.3642693014705882,116.35173034667967,356,60,60,1,1.0
PlayingDhol/v_PlayingDhol_g07_c01.avi,3.0964772701263428,6.513815879821777,98.0051040649414,0.370078125,156.36862182617188,257,60,60,1,1.0
PlayingDhol/v_PlayingDhol_g07_c02.avi,4.299195289611816,7.829787254333496,95.7078857421875,0.4072127757352941,95.54356384277344,254,60,60,1,1.0
PlayingDhol/v_PlayingDhol_g07_c03.avi,1.0383387804031372,2.371965169906616,31.0,0.557077205882353,46.25479507446289,261,60,60,1,1.0
PlayingDhol/v_PlayingDhol_g07_c04.avi,1.6432486772537231,2.7362451553344727,33.0,0.4372771139705882,99.2617645263672,253,60,60,1,1.0
PlayingDhol/v_PlayingDhol_g07_c05.avi,1.1571124792099,2.302194595336914,23.0,0.5577734375,51.3736686706543,276,60,60,1,1.0
PlayingDhol/v_PlayingDhol_g07_c06.avi,1.751744508743286,4.111147880554199,44.0,0.5688097426470589,81.58311462402344,250,60,60,1,1.0
PlayingDhol/v_PlayingDhol_g07_c07.avi,1.4346177577972412,2.708451747894287,35.0,0.4654825367647058,124.06895446777344,269,60,60,1,1.0
PlayingFlute/v_PlayingFlute_g01_c01.avi,1.642443299293518,2.9767935276031494,45.0,0.5050091911764706,54.15229415893555,253,61,61,1,1.0
PlayingFlute/v_PlayingFlute_g01_c02.avi,0.7055398225784302,1.2373212575912476,8.9442720413208,0.6393382352941176,6.5776214599609375,301,61,61,1,1.0
PlayingFlute/v_PlayingFlute_g01_c03.avi,0.7509104013442993,1.3921502828598022,10.770329475402832,0.6584191176470588,5.058413505554199,303,61,61,1,1.0
PlayingFlute/v_PlayingFlute_g01_c04.avi,1.324344038963318,3.075747489929199,61.0,0.5641842830882353,23.316070556640625,350,61,61,1,1.0
PlayingFlute/v_PlayingFlute_g01_c05.avi,0.7886688113212585,1.4506546258926392,15.29705810546875,0.6534926470588235,8.710615158081055,364,61,61,1,1.0
PlayingFlute/v_PlayingFlute_g01_c06.avi,2.080605983734131,4.261927604675293,72.00694274902344,0.4429825367647059,125.09708404541016,330,61,61,1,1.0
PlayingFlute/v_PlayingFlute_g01_c07.avi,1.2748777866363523,2.5041277408599854,43.185646057128906,0.5680078125,20.9901180267334,383,61,61,1,1.0
PlayingFlute/v_PlayingFlute_g02_c01.avi,1.3898581266403198,3.178011894226074,56.0,0.6091153492647059,248.1446228027344,252,61,61,1,1.0
PlayingFlute/v_PlayingFlute_g02_c02.avi,0.8124919533729553,1.6197892427444458,16.0,0.6580147058823529,29.095409393310547,245,61,61,1,1.0
PlayingFlute/v_PlayingFlute_g02_c03.avi,0.7409374713897705,1.5335286855697632,9.48683261871338,0.6784558823529412,26.16294479370117,244,61,61,1,1.0
PlayingFlute/v_PlayingFlute_g02_c04.avi,1.7821565866470337,5.594387531280518,112.0,0.5595427389705883,257.1230773925781,198,61,61,1,0.9999991655349731
PlayingFlute/v_PlayingFlute_g02_c05.avi,1.2201454639434814,2.468285322189331,38.0,0.5879342830882353,127.4823760986328,248,61,61,1,0.9999992847442628
PlayingFlute/v_PlayingFlute_g02_c06.avi,1.4711546897888184,2.597472667694092,42.0,0.5250528492647059,270.24444580078125,205,61,61,1,0.9999998807907104
PlayingFlute/v_PlayingFlute_g02_c07.avi,1.4038121700286863,2.8391566276550293,52.0,0.5633708639705882,219.50308227539065,218,61,61,1,0.9999997615814208
PlayingFlute/v_PlayingFlute_g03_c01.avi,3.4025685787200928,3.9590933322906494,47.0,0.2248138786764706,240.8501892089844,234,61,61,1,1.0
PlayingFlute/v_PlayingFlute_g03_c02.avi,3.5421347618103027,5.175337791442871,40.024993896484375,0.3007329963235294,200.5851593017578,223,61,61,1,1.0
PlayingFlute/v_PlayingFlute_g03_c03.avi,2.2206997871398926,2.559922218322754,28.160255432128903,0.3313809742647058,90.20271301269533,248,61,61,1,1.0
PlayingFlute/v_PlayingFlute_g03_c04.avi,3.271449327468872,4.817630767822266,46.27094268798828,0.3216980698529412,177.3706817626953,221,61,61,1,1.0
PlayingFlute/v_PlayingFlute_g03_c05.avi,2.366122007369995,3.0637450218200684,36.0,0.3086511948529412,165.3369140625,199,61,61,1,1.0
PlayingFlute/v_PlayingFlute_g03_c06.avi,2.1316940784454346,2.6290504932403564,40.0,0.3274678308823529,109.9366226196289,187,61,61,1,1.0
PlayingFlute/v_PlayingFlute_g03_c07.avi,2.927528619766236,3.987215995788574,49.36598205566406,0.2805882352941176,193.76950073242188,229,61,61,1,1.0
PlayingFlute/v_PlayingFlute_g04_c01.avi,5.454236030578613,10.257855415344238,75.59100341796875,0.2642578125,159.32411193847656,279,61,61,1,1.0
PlayingFlute/v_PlayingFlute_g04_c02.avi,7.64072847366333,11.574078559875488,75.0,0.208203125,215.81613159179688,293,61,61,1,1.0
PlayingFlute/v_PlayingFlute_g04_c03.avi,11.316311836242676,17.561885833740234,114.03946685791016,0.200188419117647,325.8739624023437,300,61,61,1,1.0
PlayingFlute/v_PlayingFlute_g04_c04.avi,2.77021861076355,4.221278667449951,43.931766510009766,0.3157238051470588,103.7444076538086,273,61,61,1,1.0
PlayingFlute/v_PlayingFlute_g04_c05.avi,5.1279826164245605,8.194316864013672,63.24555206298828,0.2445818014705882,189.5024871826172,388,61,61,1,1.0
PlayingFlute/v_PlayingFlute_g04_c06.avi,4.8047943115234375,7.096014976501465,42.20189666748047,0.2277090992647059,185.54942321777344,267,61,61,1,1.0
PlayingFlute/v_PlayingFlute_g04_c07.avi,5.046367168426514,8.194170951843262,66.2872543334961,0.2358432904411764,131.62374877929688,285,61,61,1,1.0
PlayingFlute/v_PlayingFlute_g05_c01.avi,6.108090400695801,17.068431854248047,184.0,0.375071231617647,135.5574188232422,319,61,61,1,1.0
PlayingFlute/v_PlayingFlute_g05_c02.avi,6.181477069854736,11.658689498901367,153.0,0.2206663602941176,157.634765625,270,61,61,1,1.0
PlayingFlute/v_PlayingFlute_g05_c03.avi,4.387042999267578,9.50298023223877,82.0,0.4176838235294117,90.2134246826172,222,61,61,1,1.0
PlayingFlute/v_PlayingFlute_g05_c04.avi,3.044429302215576,5.190101623535156,56.0,0.3418129595588235,55.658180236816406,199,61,61,1,1.0
PlayingFlute/v_PlayingFlute_g05_c05.avi,10.567388534545898,23.78239631652832,307.0,0.2696691176470588,153.90037536621094,235,61,61,1,1.0
PlayingFlute/v_PlayingFlute_g05_c06.avi,12.06904411315918,18.988338470458984,165.0,0.1689131433823529,192.14041137695312,239,61,61,1,1.0
PlayingFlute/v_PlayingFlute_g05_c07.avi,1.4281519651412964,2.513174057006836,24.0,0.4957720588235294,11.687212944030762,122,61,61,1,1.0
PlayingFlute/v_PlayingFlute_g06_c01.avi,2.7879488468170166,3.104167938232422,30.01666259765625,0.3092693014705882,180.11900329589844,120,61,61,1,0.5492281317710876
PlayingFlute/v_PlayingFlute_g06_c02.avi,4.276772975921631,6.63770055770874,50.35871505737305,0.3260179227941176,78.69163513183594,218,61,61,1,1.0
PlayingFlute/v_PlayingFlute_g06_c03.avi,2.7820935249328613,3.970249176025391,35.51056289672852,0.26515625,46.62993621826172,152,61,61,1,1.0
PlayingFlute/v_PlayingFlute_g06_c04.avi,1.8620600700378416,2.3802120685577397,17.72004508972168,0.4497909007352941,77.57622528076172,333,61,61,1,1.0
PlayingFlute/v_PlayingFlute_g06_c05.avi,2.283390045166016,2.489742994308472,23.021728515625,0.3096438419117647,191.06124877929688,118,61,61,1,1.0
PlayingFlute/v_PlayingFlute_g06_c06.avi,1.4319037199020386,1.9326350688934328,18.11077117919922,0.4640579044117647,111.22015380859376,222,61,61,1,1.0
PlayingFlute/v_PlayingFlute_g07_c01.avi,2.21900486946106,5.133370399475098,64.66065216064453,0.6209880514705882,246.25146484375,215,61,61,1,1.0
PlayingFlute/v_PlayingFlute_g07_c02.avi,1.177528977394104,2.318183898925781,18.0,0.6332582720588236,164.71621704101562,250,61,61,1,1.0
PlayingFlute/v_PlayingFlute_g07_c03.avi,1.826330542564392,3.479093551635742,30.46309280395508,0.5959329044117647,170.5233612060547,205,61,61,1,1.0
PlayingFlute/v_PlayingFlute_g07_c04.avi,1.06036376953125,2.303425073623657,18.601076126098636,0.6624126838235294,167.42254638671875,407,61,61,1,1.0
PlayingFlute/v_PlayingFlute_g07_c05.avi,1.9534776210784912,3.9736759662628174,33.13608169555664,0.6395496323529412,254.476318359375,163,61,61,1,1.0
PlayingFlute/v_PlayingFlute_g07_c06.avi,1.6054213047027588,3.339979648590088,49.36598205566406,0.6174310661764706,251.8682556152344,278,61,61,1,1.0
PlayingFlute/v_PlayingFlute_g07_c07.avi,0.4061228036880493,0.9772549271583556,10.198039054870604,0.7711397058823529,28.271564483642575,245,61,61,1,1.0
PlayingGuitar/v_PlayingGuitar_g01_c01.avi,1.2949330806732178,2.1344549655914307,18.027755737304688,0.4489108455882353,78.36985778808594,249,62,62,1,1.0
PlayingGuitar/v_PlayingGuitar_g01_c02.avi,1.2810887098312378,1.9154820442199707,17.804492950439453,0.4158432904411764,91.02432250976562,249,62,62,1,1.0
PlayingGuitar/v_PlayingGuitar_g01_c03.avi,1.5842170715332031,2.968970775604248,39.5600814819336,0.3936052389705882,104.70695495605467,249,62,62,1,1.0
PlayingGuitar/v_PlayingGuitar_g01_c04.avi,1.663427472114563,2.316743850708008,28.23118782043457,0.3034283088235294,128.48338317871094,249,62,62,1,1.0
PlayingGuitar/v_PlayingGuitar_g01_c05.avi,1.788233757019043,3.505432605743408,57.628116607666016,0.4101217830882352,146.74978637695312,237,62,62,1,1.0
PlayingGuitar/v_PlayingGuitar_g01_c06.avi,1.139823317527771,2.0489840507507324,33.541019439697266,0.5151378676470588,92.41658020019533,249,62,62,1,1.0
PlayingGuitar/v_PlayingGuitar_g02_c01.avi,1.664096117019653,2.6318204402923584,26.07680892944336,0.47515625,228.3993225097656,249,62,62,1,1.0
PlayingGuitar/v_PlayingGuitar_g02_c02.avi,1.2007246017456057,1.755668878555298,21.954498291015625,0.5092279411764706,174.8070068359375,249,62,62,1,1.0
PlayingGuitar/v_PlayingGuitar_g02_c03.avi,2.0648553371429443,2.6190853118896484,31.0161247253418,0.3851401654411764,263.2476501464844,249,62,62,1,1.0
PlayingGuitar/v_PlayingGuitar_g02_c04.avi,1.9300439357757568,2.373816967010498,24.166091918945312,0.3255652573529412,403.5119934082031,199,62,62,1,1.0
PlayingGuitar/v_PlayingGuitar_g03_c01.avi,1.1922422647476196,2.5099565982818604,47.07440948486328,0.5584788602941176,105.92620849609376,249,62,62,1,1.0
PlayingGuitar/v_PlayingGuitar_g03_c02.avi,0.9414006471633912,1.890267252922058,26.4196891784668,0.6019301470588235,69.45539855957031,249,62,62,1,1.0
PlayingGuitar/v_PlayingGuitar_g03_c03.avi,1.0209972858428955,2.2115767002105717,31.0161247253418,0.5798713235294117,84.55533599853516,249,62,62,1,1.0
PlayingGuitar/v_PlayingGuitar_g03_c04.avi,1.3759748935699463,2.4709861278533936,26.4007568359375,0.5274195772058824,89.0859603881836,249,62,62,1,1.0
PlayingGuitar/v_PlayingGuitar_g03_c05.avi,1.2834820747375488,2.359006643295288,22.090721130371094,0.5449287683823529,109.7914581298828,249,62,62,1,1.0
PlayingGuitar/v_PlayingGuitar_g03_c06.avi,1.4792054891586304,3.2645931243896484,37.64305877685547,0.5745289522058824,110.64263916015624,249,62,62,1,1.0
PlayingGuitar/v_PlayingGuitar_g03_c07.avi,1.3717052936553955,2.9865052700042725,37.12142181396485,0.5802665441176471,86.02935028076172,249,62,62,1,1.0
PlayingGuitar/v_PlayingGuitar_g04_c01.avi,0.2657143175601959,0.8299998044967651,11.0,0.8468772977941177,40.27883529663086,249,62,62,1,1.0
PlayingGuitar/v_PlayingGuitar_g04_c02.avi,0.2174292057752609,0.7054340243339539,16.0,0.8604411764705883,40.38124465942383,249,62,62,1,0.9999958276748656
PlayingGuitar/v_PlayingGuitar_g04_c03.avi,0.1719069480895996,0.6144269704818726,15.0,0.8855238970588235,16.277698516845703,249,62,62,1,0.9999955892562866
PlayingGuitar/v_PlayingGuitar_g04_c04.avi,0.3910755813121795,1.0360045433044434,13.45362377166748,0.7830238970588236,54.5008430480957,249,62,62,1,1.0
PlayingGuitar/v_PlayingGuitar_g04_c05.avi,0.3028030097484588,1.2018688917160034,26.172504425048828,0.844186580882353,74.38693237304688,249,62,62,1,0.9594149589538574
PlayingGuitar/v_PlayingGuitar_g04_c06.avi,0.2540524899959564,0.7593111395835876,16.124515533447266,0.8366727941176471,36.6284408569336,249,62,62,1,0.995378851890564
PlayingGuitar/v_PlayingGuitar_g04_c07.avi,0.9152579307556152,2.4057931900024414,37.0,0.6533340992647059,157.7457733154297,249,62,62,1,0.9999914169311525
PlayingGuitar/v_PlayingGuitar_g05_c01.avi,0.5828896760940552,1.4285858869552612,21.09502220153809,0.7057513786764706,103.9569320678711,249,62,62,1,0.9999990463256836
PlayingGuitar/v_PlayingGuitar_g05_c02.avi,1.057908296585083,1.897533297538757,22.360679626464844,0.5613189338235294,135.40684509277344,211,62,62,1,1.0
PlayingGuitar/v_PlayingGuitar_g05_c03.avi,0.6712563633918762,1.7122185230255127,22.472204208374023,0.6902136948529412,129.10702514648438,249,62,62,1,1.0
PlayingGuitar/v_PlayingGuitar_g05_c04.avi,0.5917122960090637,1.4047845602035522,21.0,0.7044370404411765,93.45293426513672,249,62,62,1,0.9999998807907104
PlayingGuitar/v_PlayingGuitar_g05_c05.avi,1.2341188192367554,3.049701690673828,26.4007568359375,0.6598644301470589,221.4301300048828,233,62,62,1,1.0
PlayingGuitar/v_PlayingGuitar_g06_c01.avi,0.4880265891551971,1.1936272382736206,21.02379608154297,0.7353125,38.61922454833984,249,62,62,1,1.0
PlayingGuitar/v_PlayingGuitar_g06_c02.avi,0.8133357763290405,2.276041030883789,22.847318649291992,0.6854526654411764,77.53752136230469,249,62,62,1,1.0
PlayingGuitar/v_PlayingGuitar_g06_c03.avi,0.7081825733184814,1.639893889427185,17.72004508972168,0.6990877757352941,88.57806396484375,249,62,62,1,1.0
PlayingGuitar/v_PlayingGuitar_g06_c04.avi,0.5917248725891113,1.2542444467544556,15.132745742797852,0.6855307904411765,52.2299690246582,249,62,62,1,1.0
PlayingGuitar/v_PlayingGuitar_g06_c05.avi,0.6962666511535645,1.4311243295669556,13.0,0.6910776654411764,80.09525299072266,249,62,62,1,1.0
PlayingGuitar/v_PlayingGuitar_g06_c06.avi,0.6691504716873169,2.141737699508667,31.06444931030273,0.7213694852941176,60.390724182128906,249,62,62,1,1.0
PlayingGuitar/v_PlayingGuitar_g06_c07.avi,0.498117446899414,1.1236367225646973,12.369317054748535,0.7130261948529412,61.16577911376953,249,62,62,1,1.0
PlayingGuitar/v_PlayingGuitar_g07_c01.avi,1.0468616485595703,2.256782054901123,31.0,0.6087040441176471,41.45587921142578,249,62,62,1,1.0
PlayingGuitar/v_PlayingGuitar_g07_c02.avi,0.913432478904724,1.9836504459381104,29.017236709594727,0.6154457720588236,39.17148971557617,249,62,62,1,1.0
PlayingGuitar/v_PlayingGuitar_g07_c03.avi,0.9026125073432922,2.0482919216156006,23.0,0.6576194852941176,27.0367431640625,249,62,62,1,1.0
PlayingGuitar/v_PlayingGuitar_g07_c04.avi,0.9733616709709167,2.1420960426330566,26.0,0.6453239889705882,33.23661804199219,249,62,62,1,1.0
PlayingGuitar/v_PlayingGuitar_g07_c05.avi,1.1351430416107178,2.1072630882263184,20.0,0.5619094669117647,59.575172424316406,249,62,62,1,1.0
PlayingGuitar/v_PlayingGuitar_g07_c06.avi,0.842214047908783,1.8013176918029783,22.090721130371094,0.6503377757352942,26.548900604248047,249,62,62,1,1.0
PlayingGuitar/v_PlayingGuitar_g07_c07.avi,0.9548711180686952,2.0333285331726074,32.24903106689453,0.6173184742647059,42.99029541015625,249,62,62,1,1.0
PlayingPiano/v_PlayingPiano_g01_c01.avi,0.929134964942932,1.8707289695739744,27.784887313842773,0.6078745404411765,136.795166015625,217,63,63,1,1.0
PlayingPiano/v_PlayingPiano_g01_c02.avi,0.848796010017395,1.8690377473831177,27.459060668945312,0.6684352022058824,110.11784362792967,220,63,63,1,1.0
PlayingPiano/v_PlayingPiano_g01_c03.avi,0.5043452978134155,1.1767213344573977,17.029386520385742,0.7393933823529412,50.04798126220703,213,63,63,1,1.0
PlayingPiano/v_PlayingPiano_g01_c04.avi,1.0189433097839355,2.311683416366577,31.0,0.6214659926470588,74.60920715332031,214,63,63,1,1.0
PlayingPiano/v_PlayingPiano_g02_c01.avi,1.6568394899368286,2.847259759902954,39.21734237670898,0.4782169117647059,46.57905197143555,224,63,63,1,0.9511657953262328
PlayingPiano/v_PlayingPiano_g02_c02.avi,1.31832754611969,2.029052495956421,21.189620971679688,0.5104319852941176,64.05384826660156,216,63,63,1,1.0
PlayingPiano/v_PlayingPiano_g02_c03.avi,1.8063124418258667,2.372390985488892,23.021728515625,0.4184352022058824,46.36201858520508,216,63,63,1,0.9941399097442628
PlayingPiano/v_PlayingPiano_g02_c04.avi,1.6045206785202026,2.412707567214966,27.658634185791016,0.4461282169117647,42.8942756652832,209,63,63,1,1.0
PlayingPiano/v_PlayingPiano_g03_c01.avi,1.4586687088012695,2.0131282806396484,24.08318901062012,0.4542647058823529,19.213924407958984,227,63,63,1,1.0
PlayingPiano/v_PlayingPiano_g03_c02.avi,1.721065878868103,2.246626138687134,20.615528106689453,0.3997472426470588,76.37745666503906,206,63,63,1,1.0
PlayingPiano/v_PlayingPiano_g03_c03.avi,1.439663052558899,1.8435912132263184,15.81138801574707,0.4414384191176471,65.54266357421875,227,63,63,1,1.0
PlayingPiano/v_PlayingPiano_g03_c04.avi,0.6550228595733643,1.3697134256362915,19.10497283935547,0.7043014705882353,7.494946479797363,247,63,63,1,1.0
PlayingPiano/v_PlayingPiano_g04_c01.avi,0.8755099773406982,1.538016676902771,16.124515533447266,0.6482766544117647,74.87162017822266,211,63,63,1,0.9999830722808838
PlayingPiano/v_PlayingPiano_g04_c02.avi,1.035533428192139,2.179755449295044,20.615528106689453,0.6308961397058823,104.14656066894533,204,63,63,1,0.9999929666519164
PlayingPiano/v_PlayingPiano_g04_c03.avi,1.0659626722335815,1.886561393737793,16.492422103881836,0.614967830882353,87.75360870361328,204,63,63,1,0.999995231628418
PlayingPiano/v_PlayingPiano_g04_c04.avi,1.127993941307068,1.9133087396621704,19.02629852294922,0.6011167279411764,102.6064453125,225,63,63,1,0.9999841451644896
PlayingPiano/v_PlayingPiano_g05_c01.avi,1.2044280767440796,2.067638635635376,26.07680892944336,0.604342830882353,15.850584030151367,211,63,63,1,1.0
PlayingPiano/v_PlayingPiano_g05_c02.avi,1.1779444217681885,2.1117329597473145,24.0,0.6057008272058824,32.009986877441406,224,63,63,1,1.0
PlayingPiano/v_PlayingPiano_g05_c03.avi,2.181443214416504,3.472341537475586,28.07133674621582,0.5179434742647059,197.6880340576172,237,63,63,1,1.0
PlayingPiano/v_PlayingPiano_g05_c04.avi,2.183224678039551,4.116586685180664,66.0,0.5126516544117647,63.064720153808594,237,63,63,1,1.0
PlayingPiano/v_PlayingPiano_g06_c01.avi,0.517455518245697,1.3862497806549072,22.0,0.787024356617647,12.729382514953612,221,63,63,1,1.0
PlayingPiano/v_PlayingPiano_g06_c02.avi,0.4775781631469726,1.2332007884979248,16.124515533447266,0.7736856617647059,6.374815464019775,221,63,63,1,1.0
PlayingPiano/v_PlayingPiano_g06_c03.avi,0.7758779525756836,1.882956862449646,18.0,0.7082123161764706,29.62730407714844,221,63,63,1,1.0
PlayingPiano/v_PlayingPiano_g06_c04.avi,0.6023634076118469,1.56294047832489,23.323806762695312,0.7432352941176471,42.87155151367188,220,63,63,1,1.0
PlayingPiano/v_PlayingPiano_g07_c01.avi,0.3305785655975342,1.621731877326965,38.01315689086914,0.8944852941176471,1.545539140701294,211,63,63,1,1.0
PlayingPiano/v_PlayingPiano_g07_c02.avi,0.3181862533092499,1.2848374843597412,19.0,0.8777205882352941,1.2039514780044556,219,63,63,1,1.0
PlayingPiano/v_PlayingPiano_g07_c03.avi,0.9940676689147948,1.8681812286376955,19.0,0.6285845588235294,7.131518363952637,227,63,63,1,1.0
PlayingPiano/v_PlayingPiano_g07_c04.avi,0.8979827761650085,1.6556458473205566,21.0,0.634563419117647,7.961019992828369,204,63,63,1,1.0
PlayingSitar/v_PlayingSitar_g01_c01.avi,0.3219035863876343,1.154812932014465,26.0,0.8456617647058824,49.56465530395508,102,64,64,1,0.9669215083122252
PlayingSitar/v_PlayingSitar_g01_c02.avi,1.0880087614059448,1.9791563749313357,19.92485809326172,0.4985064338235294,110.88539123535156,140,64,64,1,1.0
PlayingSitar/v_PlayingSitar_g01_c03.avi,1.034572720527649,1.424774169921875,16.0,0.5166199448529412,71.9842758178711,128,64,64,1,1.0
PlayingSitar/v_PlayingSitar_g01_c04.avi,0.6130083203315735,1.7107532024383545,24.08318901062012,0.7422058823529412,91.64762878417967,129,64,64,1,1.0
PlayingSitar/v_PlayingSitar_g02_c01.avi,0.7542949318885803,1.5223602056503296,18.027755737304688,0.6525413602941177,8.87974739074707,249,64,64,1,1.0
PlayingSitar/v_PlayingSitar_g02_c02.avi,0.9069453477859496,1.819368600845337,27.459060668945312,0.626484375,12.542253494262695,252,64,64,1,1.0
PlayingSitar/v_PlayingSitar_g02_c03.avi,0.8673231601715088,1.701659083366394,20.124610900878903,0.6305032169117647,10.496182441711426,254,64,64,1,1.0
PlayingSitar/v_PlayingSitar_g02_c04.avi,1.1494815349578855,2.0625734329223637,24.08318901062012,0.5668543198529412,23.815166473388672,267,64,64,1,1.0
PlayingSitar/v_PlayingSitar_g02_c05.avi,0.7732629179954529,1.5364927053451538,17.464248657226562,0.6373322610294118,5.976446151733398,249,64,64,1,1.0
PlayingSitar/v_PlayingSitar_g02_c06.avi,0.6654389500617981,1.3764928579330444,16.031219482421875,0.6843221507352941,6.157918453216553,227,64,64,1,1.0
PlayingSitar/v_PlayingSitar_g03_c01.avi,0.2906417548656463,0.9536229968070984,12.649110794067385,0.854055606617647,70.41322326660156,354,64,64,1,1.0
PlayingSitar/v_PlayingSitar_g03_c02.avi,0.2365407198667526,0.763266384601593,11.180339813232422,0.869563419117647,78.11393737792969,410,64,64,1,0.9998716115951538
PlayingSitar/v_PlayingSitar_g03_c03.avi,0.1176304519176483,0.4875522553920746,6.0,0.9240808823529412,8.1089506149292,422,64,64,1,0.9999972581863404
PlayingSitar/v_PlayingSitar_g03_c04.avi,0.1109735742211341,0.4668428003787994,9.48683261871338,0.9225183823529411,10.91684341430664,421,64,64,1,1.0
PlayingSitar/v_PlayingSitar_g03_c05.avi,0.7052075862884521,2.6911845207214355,35.38361358642578,0.8180997242647059,193.4078826904297,418,64,64,1,0.9999459981918336
PlayingSitar/v_PlayingSitar_g03_c06.avi,0.1240679696202278,0.5536747574806213,8.0,0.9288970588235296,16.980621337890625,425,64,64,1,0.9999896287918092
PlayingSitar/v_PlayingSitar_g03_c07.avi,0.4258768856525421,1.1366403102874756,17.492855072021484,0.7885363051470589,158.03195190429688,420,64,64,1,1.0
PlayingSitar/v_PlayingSitar_g04_c01.avi,0.2980247437953949,0.84328293800354,13.928388595581056,0.8199747242647059,255.1926727294922,433,64,64,1,1.0
PlayingSitar/v_PlayingSitar_g04_c02.avi,0.197437509894371,0.7920623421669006,9.48683261871338,0.9087178308823528,208.7822265625,419,64,64,1,1.0
PlayingSitar/v_PlayingSitar_g04_c03.avi,0.0604296661913394,0.391672134399414,8.062257766723633,0.9609191176470588,13.272611618041992,421,64,64,1,1.0
PlayingSitar/v_PlayingSitar_g04_c04.avi,2.08048152923584,1.7399089336395264,19.23538398742676,0.2153745404411764,240.94155883789065,426,64,64,1,1.0
PlayingSitar/v_PlayingSitar_g04_c05.avi,0.2267579734325409,0.8259539008140564,11.180339813232422,0.8753400735294118,231.7197723388672,419,64,64,1,1.0
PlayingSitar/v_PlayingSitar_g04_c06.avi,0.1460711061954498,0.6544464826583862,11.661903381347656,0.9216429227941176,230.08572387695312,414,64,64,1,1.0
PlayingSitar/v_PlayingSitar_g04_c07.avi,0.0502948462963104,0.3006011843681335,5.0,0.9632421875,52.50053024291992,424,64,64,1,1.0
PlayingSitar/v_PlayingSitar_g05_c01.avi,2.4515559673309326,2.847846031188965,19.697715759277344,0.3778216911764706,170.30421447753906,405,64,64,1,1.0
PlayingSitar/v_PlayingSitar_g05_c02.avi,3.787226915359497,4.185055732727051,31.0161247253418,0.218625919117647,254.81417846679688,413,64,64,1,1.0
PlayingSitar/v_PlayingSitar_g05_c03.avi,1.143488883972168,1.6669976711273191,22.825424194335938,0.3283616727941176,141.8543243408203,427,64,64,1,1.0
PlayingSitar/v_PlayingSitar_g05_c04.avi,1.3116145133972168,1.6261488199234009,18.86796188354492,0.327890625,117.84413146972656,395,64,64,1,1.0
PlayingSitar/v_PlayingSitar_g05_c05.avi,2.328091859817505,2.508873701095581,22.022714614868164,0.297727481617647,214.2584991455078,435,64,64,1,1.0
PlayingSitar/v_PlayingSitar_g05_c06.avi,2.3000197410583496,2.977503776550293,22.360679626464844,0.3436557904411764,217.4816131591797,433,64,64,1,1.0
PlayingSitar/v_PlayingSitar_g05_c07.avi,1.0190770626068115,1.4983268976211548,26.07680892944336,0.4131640625,162.3440704345703,320,64,64,1,1.0
PlayingSitar/v_PlayingSitar_g06_c01.avi,2.879667997360229,2.1413090229034424,15.81138801574707,0.0755905330882353,530.6055908203125,150,64,64,1,1.0
PlayingSitar/v_PlayingSitar_g06_c02.avi,4.285097599029541,5.13041353225708,37.01351165771485,0.1082375919117647,500.102783203125,149,64,64,1,1.0
PlayingSitar/v_PlayingSitar_g06_c03.avi,1.010062575340271,1.3085737228393557,19.0,0.4712936580882353,370.7136840820313,143,64,64,1,1.0
PlayingSitar/v_PlayingSitar_g06_c04.avi,6.391549110412598,6.6818718910217285,30.675724029541016,0.0449057904411764,225.089599609375,143,64,64,1,1.0
PlayingSitar/v_PlayingSitar_g06_c05.avi,1.923452377319336,1.9722307920455933,28.0,0.1832398897058823,457.5314331054688,114,64,64,1,1.0
PlayingSitar/v_PlayingSitar_g06_c06.avi,0.9863760471343994,1.958950638771057,35.0,0.5076125919117647,424.53216552734375,112,64,64,1,1.0
PlayingSitar/v_PlayingSitar_g07_c01.avi,1.1839442253112793,1.8397061824798584,23.021728515625,0.4804710477941176,59.13614654541016,385,64,64,1,1.0
PlayingSitar/v_PlayingSitar_g07_c02.avi,0.8275261521339417,1.6351338624954224,23.194826126098636,0.5563005514705882,37.76092529296875,273,64,64,1,1.0
PlayingSitar/v_PlayingSitar_g07_c03.avi,0.1598608791828155,0.5531291365623474,6.0,0.8956617647058823,4.835536003112793,361,64,64,1,1.0
PlayingSitar/v_PlayingSitar_g07_c04.avi,0.671004593372345,1.3783354759216309,16.124515533447266,0.6209007352941176,48.59268569946289,384,64,64,1,1.0
PlayingSitar/v_PlayingSitar_g07_c05.avi,1.0045340061187744,2.002894163131714,31.0,0.604993106617647,57.11804962158203,371,64,64,1,1.0
PlayingSitar/v_PlayingSitar_g07_c06.avi,0.6556956768035889,1.76421058177948,29.0,0.7162201286764706,51.86464309692383,409,64,64,1,1.0
PlayingSitar/v_PlayingSitar_g07_c07.avi,0.281932920217514,1.0670874118804932,14.0,0.8600367647058823,16.648134231567383,245,64,64,1,1.0
PlayingTabla/v_PlayingTabla_g01_c01.avi,0.506422221660614,1.2258700132369995,14.142135620117188,0.7829434742647059,173.77403259277344,247,65,65,1,0.9999997615814208
PlayingTabla/v_PlayingTabla_g01_c02.avi,0.5105686187744141,1.3639932870864868,12.0,0.813274356617647,170.7688751220703,250,65,65,1,0.9999995231628418
PlayingTabla/v_PlayingTabla_g01_c03.avi,0.4110457599163055,1.200642466545105,13.0,0.8357008272058823,153.5786895751953,250,65,65,1,0.9999996423721312
PlayingTabla/v_PlayingTabla_g01_c04.avi,0.7773529887199402,2.274437427520752,30.46309280395508,0.7910248161764706,283.53045654296875,254,65,65,1,1.0
PlayingTabla/v_PlayingTabla_g02_c01.avi,1.7725199460983276,4.023365497589111,41.01219177246094,0.5116314338235294,161.8465576171875,317,65,65,1,1.0
PlayingTabla/v_PlayingTabla_g02_c02.avi,1.726264476776123,3.761725425720215,44.9110221862793,0.6014315257352941,160.1786651611328,289,65,65,1,1.0
PlayingTabla/v_PlayingTabla_g02_c03.avi,2.338319063186645,4.820183753967285,57.00876998901367,0.470852481617647,231.7274932861328,297,65,65,1,1.0
PlayingTabla/v_PlayingTabla_g02_c04.avi,2.2673685550689697,4.887945175170898,66.75328063964844,0.4615372242647059,175.363037109375,312,65,65,1,1.0
PlayingTabla/v_PlayingTabla_g03_c01.avi,1.3404361009597778,2.2635810375213623,35.22782897949219,0.5295427389705882,111.9273681640625,292,65,65,1,0.9999994039535522
PlayingTabla/v_PlayingTabla_g03_c02.avi,1.3741084337234497,2.242628574371338,23.409399032592773,0.5149954044117647,125.24266052246094,312,65,65,1,1.0
PlayingTabla/v_PlayingTabla_g03_c03.avi,1.4492453336715698,2.3016903400421143,24.166091918945312,0.5007398897058823,134.58299255371094,254,65,65,1,0.9999881982803344
PlayingTabla/v_PlayingTabla_g03_c04.avi,1.5499593019485474,2.3713297843933105,29.96664810180664,0.4643221507352941,129.6842803955078,235,65,65,1,0.9999998807907104
PlayingTabla/v_PlayingTabla_g03_c05.avi,1.7181096076965332,2.6280016899108887,30.4138126373291,0.449609375,140.0904541015625,253,65,65,1,1.0
PlayingTabla/v_PlayingTabla_g04_c01.avi,1.765700340270996,3.160177230834961,32.140316009521484,0.4882605698529412,77.13108825683594,248,65,65,1,1.0
PlayingTabla/v_PlayingTabla_g04_c02.avi,0.8944892883300781,1.800918459892273,16.76305389404297,0.6152573529411764,26.61048889160156,301,65,65,1,1.0
PlayingTabla/v_PlayingTabla_g04_c03.avi,3.139775037765503,4.0021843910217285,32.24903106689453,0.3039131433823529,154.3018035888672,296,65,65,1,1.0
PlayingTabla/v_PlayingTabla_g04_c04.avi,1.982677936553955,2.904452085494995,23.76972770690918,0.3844002757352941,93.87799835205078,380,65,65,1,1.0
PlayingTabla/v_PlayingTabla_g04_c05.avi,2.199301242828369,3.56251859664917,43.931766510009766,0.4377182904411765,102.37962341308594,318,65,65,1,1.0
PlayingTabla/v_PlayingTabla_g04_c06.avi,1.997074007987976,3.209986925125122,29.73213768005371,0.4539407169117647,90.63475799560548,319,65,65,1,1.0
PlayingTabla/v_PlayingTabla_g05_c01.avi,0.2618540823459625,0.8057103753089905,14.0,0.8430422794117647,41.20226287841797,269,65,65,1,1.0
PlayingTabla/v_PlayingTabla_g05_c02.avi,0.561427891254425,1.431637167930603,21.40093421936035,0.734453125,118.03804779052734,246,65,65,1,0.9999997615814208
PlayingTabla/v_PlayingTabla_g05_c03.avi,0.2535303235054016,0.8338145017623901,12.165525436401367,0.8538671875,118.4907684326172,259,65,65,1,1.0
PlayingTabla/v_PlayingTabla_g05_c04.avi,0.3714842200279236,1.2848973274230957,26.4007568359375,0.830703125,162.341796875,266,65,65,1,1.0
PlayingTabla/v_PlayingTabla_g06_c01.avi,0.5821738839149475,2.6498873233795166,51.244510650634766,0.8457720588235295,26.853271484375,208,65,65,1,1.0
PlayingTabla/v_PlayingTabla_g06_c02.avi,0.2575476169586181,0.9534076452255248,15.0,0.8853308823529412,35.74226760864258,205,65,65,1,1.0
PlayingTabla/v_PlayingTabla_g06_c03.avi,0.1211015507578849,0.5197954773902893,8.062257766723633,0.9251470588235294,5.403068065643311,243,65,65,1,1.0
PlayingTabla/v_PlayingTabla_g06_c04.avi,0.4380099177360534,1.87797486782074,22.80350875854492,0.8611420036764705,37.005516052246094,233,65,65,1,1.0
PlayingTabla/v_PlayingTabla_g07_c01.avi,0.9273539185523988,1.7740066051483154,17.262676239013672,0.6404021139705882,83.71883392333984,250,65,65,1,1.0
PlayingTabla/v_PlayingTabla_g07_c02.avi,0.5264492034912109,1.066718339920044,8.246211051940918,0.7227573529411765,23.135595321655277,244,65,65,1,1.0
PlayingTabla/v_PlayingTabla_g07_c03.avi,0.7656813859939575,1.381655216217041,12.165525436401367,0.6380307904411765,73.85902404785156,265,65,65,1,1.0
PlayingTabla/v_PlayingTabla_g07_c04.avi,0.843560516834259,1.4184244871139526,10.630146026611328,0.6208455882352941,59.10630035400391,250,65,65,1,1.0
PlayingViolin/v_PlayingViolin_g01_c01.avi,0.5441660284996033,1.0280375480651855,8.5440034866333,0.6829044117647058,14.676249504089355,185,66,66,1,0.9999997615814208
PlayingViolin/v_PlayingViolin_g01_c02.avi,1.7724064588546753,3.872021436691284,39.96248245239258,0.5826079963235294,132.89236450195312,168,66,66,1,1.0
PlayingViolin/v_PlayingViolin_g01_c03.avi,1.5441323518753052,3.642474889755249,48.754486083984375,0.5685799632352941,115.2293930053711,169,66,55,0,0.6988552808761597
PlayingViolin/v_PlayingViolin_g01_c04.avi,2.221177577972412,4.378233909606934,49.25444030761719,0.5187545955882353,182.5348358154297,177,66,66,1,0.99954092502594
PlayingViolin/v_PlayingViolin_g02_c01.avi,3.390993118286133,6.646350860595703,77.23341369628906,0.4270266544117647,272.1865539550781,168,66,66,1,1.0
PlayingViolin/v_PlayingViolin_g02_c02.avi,5.144099712371826,8.511439323425293,105.34230041503906,0.2702734375,402.9834899902344,338,66,66,1,1.0
PlayingViolin/v_PlayingViolin_g02_c03.avi,6.758450508117676,10.506382942199709,103.61949920654295,0.2085569852941176,427.9063415527344,508,66,66,1,1.0
PlayingViolin/v_PlayingViolin_g02_c04.avi,2.292151689529419,4.601877689361572,69.02897644042969,0.4262339154411764,224.697998046875,179,66,66,1,0.999847412109375
PlayingViolin/v_PlayingViolin_g03_c01.avi,3.3771069049835205,6.24920654296875,69.31810760498047,0.3839682904411765,239.978271484375,180,66,66,1,1.0
PlayingViolin/v_PlayingViolin_g03_c02.avi,4.786594867706299,8.974359512329102,94.9210205078125,0.4202803308823529,287.7722473144531,180,66,66,1,1.0
PlayingViolin/v_PlayingViolin_g03_c03.avi,5.909024715423584,8.231377601623535,68.62215423583984,0.3112637867647059,519.0455932617188,180,66,66,1,1.0
PlayingViolin/v_PlayingViolin_g03_c04.avi,1.6883296966552734,3.229448080062866,31.0,0.5416980698529412,174.98887634277344,198,66,66,1,1.0
PlayingViolin/v_PlayingViolin_g04_c01.avi,2.739781379699707,5.654415607452393,44.10215377807617,0.4816015625,370.5374450683594,175,66,66,1,0.9970120191574096
PlayingViolin/v_PlayingViolin_g04_c02.avi,3.649676561355591,9.46900749206543,124.80785369873048,0.4924793198529412,873.14404296875,173,66,66,1,1.0
PlayingViolin/v_PlayingViolin_g04_c03.avi,2.031976222991944,4.185171127319336,45.221675872802734,0.5376746323529412,284.0496826171875,168,66,66,1,0.9999991655349731
PlayingViolin/v_PlayingViolin_g04_c04.avi,5.332856178283691,10.716737747192385,135.94483947753906,0.3819577205882353,737.637451171875,175,66,66,1,1.0
PlayingViolin/v_PlayingViolin_g05_c01.avi,1.9646817445755005,3.9776766300201416,37.6961555480957,0.6424379595588235,156.816650390625,175,66,66,1,0.9917295575141908
PlayingViolin/v_PlayingViolin_g05_c02.avi,2.1464531421661377,4.211153984069824,33.12099075317383,0.5725436580882353,225.8255615234375,175,66,66,1,0.9999394416809082
PlayingViolin/v_PlayingViolin_g05_c03.avi,0.8530406951904297,3.4200050830841064,87.0,0.6906847426470588,57.656349182128906,168,66,66,1,0.995944321155548
PlayingViolin/v_PlayingViolin_g05_c04.avi,0.5565396547317505,1.1992518901824951,12.0,0.7156617647058824,16.258840560913086,183,66,66,1,0.9999998807907104
PlayingViolin/v_PlayingViolin_g06_c01.avi,1.5444400310516355,4.357168197631836,44.38468170166016,0.7356755514705883,349.4125366210937,176,66,66,1,1.0
PlayingViolin/v_PlayingViolin_g06_c02.avi,0.7568903565406799,3.624448776245117,58.52349853515625,0.832532169117647,176.79461669921875,175,66,66,1,1.0
PlayingViolin/v_PlayingViolin_g06_c03.avi,1.1175943613052368,4.200270652770996,45.80392837524414,0.7923460477941177,319.4465637207031,176,66,66,1,1.0
PlayingViolin/v_PlayingViolin_g06_c04.avi,1.1766998767852783,3.104247570037842,40.0,0.743821231617647,174.0135040283203,186,66,66,1,1.0
PlayingViolin/v_PlayingViolin_g07_c01.avi,15.500298500061035,11.974395751953123,80.22468566894531,0.0624172794117647,510.4664001464844,177,66,66,1,1.0
PlayingViolin/v_PlayingViolin_g07_c02.avi,7.321603298187256,9.362433433532717,84.89994049072266,0.0927895220588235,326.7295837402344,173,66,66,1,1.0
PlayingViolin/v_PlayingViolin_g07_c03.avi,14.632190704345703,18.582496643066406,91.0,0.1648943014705882,293.04840087890625,167,66,66,1,1.0
PlayingViolin/v_PlayingViolin_g07_c04.avi,14.972250938415527,15.046772956848145,80.22468566894531,0.0612155330882353,430.7467651367188,172,66,66,1,1.0
PoleVault/v_PoleVault_g01_c01.avi,25.732627868652344,35.290771484375,213.78961181640625,0.330891544117647,578.3896484375,195,67,67,1,0.9999998807907104
PoleVault/v_PoleVault_g01_c02.avi,31.96881484985352,43.82106399536133,214.0,0.2752504595588235,1133.53662109375,240,67,67,1,0.9999997615814208
PoleVault/v_PoleVault_g01_c03.avi,23.692262649536133,33.49205017089844,176.01136779785156,0.216438419117647,447.7843322753906,208,67,67,1,1.0
PoleVault/v_PoleVault_g01_c04.avi,18.001310348510742,23.77884864807129,152.0,0.2359145220588235,583.8817138671875,200,67,67,1,0.9999998807907104
PoleVault/v_PoleVault_g01_c05.avi,20.268821716308597,29.621782302856445,146.0,0.212734375,244.4390106201172,194,67,67,1,0.9999946355819702
PoleVault/v_PoleVault_g02_c01.avi,0.5952573418617249,2.0587003231048584,40.49691390991211,0.7869094669117647,69.5141372680664,117,67,67,1,1.0
PoleVault/v_PoleVault_g02_c02.avi,0.3237505257129669,1.336361050605774,27.892650604248047,0.8647748161764706,43.84177017211914,79,67,67,1,1.0
PoleVault/v_PoleVault_g02_c03.avi,0.6265867948532104,3.2060301303863525,58.694122314453125,0.8643795955882353,60.12814331054688,116,67,67,1,0.9999977350234984
PoleVault/v_PoleVault_g02_c04.avi,0.4750875532627105,1.518071174621582,29.017236709594727,0.8105124080882353,56.73429107666016,100,67,67,1,1.0
PoleVault/v_PoleVault_g02_c05.avi,0.3657624721527099,1.5486600399017334,28.42534065246582,0.8548988970588235,49.36714553833008,99,67,67,1,0.9999998807907104
PoleVault/v_PoleVault_g02_c06.avi,0.3356823027133941,1.139178991317749,22.090721130371094,0.8307651654411765,49.67863082885742,96,67,67,1,0.9999462366104126
PoleVault/v_PoleVault_g02_c07.avi,0.3641640841960907,1.620894193649292,40.199501037597656,0.8587408088235294,41.72068786621094,107,67,67,1,1.0
PoleVault/v_PoleVault_g03_c01.avi,24.11776161193848,31.703338623046875,190.9476318359375,0.0638327205882352,1484.655517578125,180,67,67,1,1.0
PoleVault/v_PoleVault_g03_c02.avi,12.619909286499023,17.13701820373535,89.26925659179688,0.1147794117647058,644.5986938476562,196,67,67,1,1.0
PoleVault/v_PoleVault_g03_c03.avi,15.56138515472412,24.524120330810547,128.0,0.2026447610294117,480.5335998535156,221,67,67,1,1.0
PoleVault/v_PoleVault_g03_c04.avi,9.27702522277832,13.472051620483398,69.1158447265625,0.100696231617647,491.19189453125,254,67,67,1,1.0
PoleVault/v_PoleVault_g03_c05.avi,15.833438873291016,28.2791805267334,135.0037078857422,0.1060845588235294,659.96533203125,175,67,67,1,1.0
PoleVault/v_PoleVault_g03_c06.avi,12.981081008911133,18.54404640197754,78.63841247558594,0.1909076286764706,421.2059631347656,226,67,67,1,1.0
PoleVault/v_PoleVault_g03_c07.avi,6.326269626617432,11.760418891906738,58.00862121582031,0.3992693014705882,198.00601196289065,271,67,67,1,1.0
PoleVault/v_PoleVault_g04_c01.avi,16.102615356445312,22.55790328979492,101.12368774414062,0.1911787683823529,885.2667846679688,209,67,67,1,1.0
PoleVault/v_PoleVault_g04_c02.avi,12.39011573791504,24.65806579589844,242.01239013671875,0.2763028492647059,1486.62060546875,217,67,67,1,1.0
PoleVault/v_PoleVault_g04_c03.avi,9.302794456481934,20.8472957611084,188.09571838378903,0.4343887867647059,656.6673583984375,218,67,67,1,1.0
PoleVault/v_PoleVault_g04_c04.avi,5.530395030975342,6.9684271812438965,32.06243896484375,0.3139269301470588,235.4937438964844,185,67,67,1,1.0
PoleVault/v_PoleVault_g04_c05.avi,5.165520668029785,10.463165283203123,121.7579574584961,0.2754044117647058,662.6507568359375,254,67,67,1,0.9999984502792358
PoleVault/v_PoleVault_g04_c06.avi,3.1794562339782715,4.053443908691406,27.166154861450195,0.2762155330882353,100.91563415527344,185,67,67,1,1.0
PoleVault/v_PoleVault_g04_c07.avi,16.731178283691406,25.77779006958008,133.22161865234375,0.3778377757352941,669.9061889648438,202,67,67,1,1.0
PoleVault/v_PoleVault_g05_c01.avi,15.575373649597168,27.630130767822266,113.28282928466795,0.1876034007352941,413.4442443847656,215,67,67,1,1.0
PoleVault/v_PoleVault_g05_c02.avi,8.153139114379883,11.7511625289917,47.01063537597656,0.0904963235294117,419.0314331054688,314,67,67,1,1.0
PoleVault/v_PoleVault_g05_c03.avi,6.874666690826416,10.953813552856444,69.1158447265625,0.2274632352941176,378.3752136230469,200,67,67,1,1.0
PoleVault/v_PoleVault_g05_c04.avi,23.731534957885746,24.97060203552246,157.71493530273438,0.0390234375,885.1214599609375,266,67,67,1,1.0
PoleVault/v_PoleVault_g05_c05.avi,12.876062393188477,18.57420921325684,110.22250366210938,0.1484443933823529,414.1118774414063,160,67,67,1,1.0
PoleVault/v_PoleVault_g06_c01.avi,8.35850715637207,11.708043098449709,127.57743072509766,0.1762477022058823,254.2529754638672,128,67,67,1,1.0
PoleVault/v_PoleVault_g06_c02.avi,16.0228328704834,20.64208221435547,83.21658325195312,0.2369209558823529,193.5940399169922,153,67,67,1,1.0
PoleVault/v_PoleVault_g06_c03.avi,11.688250541687012,17.391698837280273,79.71198272705078,0.3124149816176471,251.1857147216797,155,67,67,1,1.0
PoleVault/v_PoleVault_g06_c04.avi,13.296172142028809,10.481024742126465,44.72135925292969,0.1740280330882353,473.8412170410156,277,67,67,1,1.0
PoleVault/v_PoleVault_g06_c05.avi,19.65047645568848,19.28223991394043,103.94229125976562,0.0265785845588235,988.7586059570312,259,67,67,1,1.0
PoleVault/v_PoleVault_g07_c01.avi,6.558899402618408,8.849143028259277,57.48912811279297,0.2976792279411764,477.5670471191406,259,67,67,1,1.0
PoleVault/v_PoleVault_g07_c02.avi,2.819248676300049,3.549399852752685,44.38468170166016,0.2315762867647058,321.4084167480469,198,67,67,1,1.0
PoleVault/v_PoleVault_g07_c03.avi,11.605985641479492,11.50693702697754,115.06954193115234,0.168625919117647,572.1129760742188,220,67,67,1,0.9999990463256836
PoleVault/v_PoleVault_g07_c04.avi,18.21575164794922,32.2259407043457,136.01470947265625,0.1714522058823529,867.2137451171875,317,67,67,1,1.0
PommelHorse/v_PommelHorse_g01_c01.avi,0.5781935453414917,3.0752105712890625,48.093658447265625,0.9313235294117648,94.1398696899414,395,68,68,1,1.0
PommelHorse/v_PommelHorse_g01_c02.avi,0.830510675907135,3.866291761398315,45.54119110107422,0.9121369485294116,155.11485290527344,400,68,68,1,1.0
PommelHorse/v_PommelHorse_g01_c03.avi,0.5884032249450684,3.148254632949829,66.48307800292969,0.9137545955882352,153.9771728515625,373,68,68,1,1.0
PommelHorse/v_PommelHorse_g01_c04.avi,1.0890663862228394,5.942524433135986,120.14990997314452,0.9177504595588236,210.1306610107422,356,68,68,1,1.0
PommelHorse/v_PommelHorse_g01_c05.avi,0.1626058220863342,0.9261879324913024,12.083045959472656,0.9506617647058824,37.7039680480957,304,68,68,1,1.0
PommelHorse/v_PommelHorse_g01_c06.avi,0.4986235797405243,3.2545688152313232,71.30918884277344,0.9394508272058824,155.39926147460938,307,68,68,1,1.0
PommelHorse/v_PommelHorse_g01_c07.avi,0.58885657787323,3.010319232940674,52.8393783569336,0.9204779411764706,110.15525817871094,503,68,68,1,1.0
PommelHorse/v_PommelHorse_g02_c01.avi,0.8342286348342896,3.266169548034668,54.03702545166016,0.7981502757352941,547.2660522460938,316,68,68,1,1.0
PommelHorse/v_PommelHorse_g02_c02.avi,1.1991021633148191,5.343353748321533,74.4311752319336,0.7808363970588236,557.3855590820312,311,68,68,1,1.0
PommelHorse/v_PommelHorse_g02_c03.avi,0.7344226837158203,3.107044219970703,41.231056213378906,0.8626447610294118,393.3540344238281,311,68,68,1,1.0
PommelHorse/v_PommelHorse_g02_c04.avi,0.6107711791992188,2.8595902919769287,47.095645904541016,0.8772288602941176,421.392578125,492,68,68,1,1.0
PommelHorse/v_PommelHorse_g03_c01.avi,1.676494002342224,3.974725008010864,57.07013320922852,0.5578079044117648,492.93304443359375,230,68,68,1,1.0
PommelHorse/v_PommelHorse_g03_c02.avi,0.8482329249382019,1.339469075202942,14.142135620117188,0.5702389705882352,124.78575134277344,242,68,68,1,1.0
PommelHorse/v_PommelHorse_g03_c03.avi,1.0998669862747192,3.4365603923797607,40.49691390991211,0.7029457720588236,306.61260986328125,250,68,68,1,1.0
PommelHorse/v_PommelHorse_g03_c04.avi,2.688891649246216,7.835820198059082,107.37783813476562,0.4603079044117647,822.2708740234375,238,68,68,1,1.0
PommelHorse/v_PommelHorse_g04_c01.avi,5.207721710205078,10.398334503173828,97.86214447021484,0.3521277573529411,1173.8548583984375,297,68,68,1,1.0
PommelHorse/v_PommelHorse_g04_c02.avi,6.109134674072266,11.484357833862305,110.02726745605467,0.3233800551470588,1366.3626708984375,297,68,68,1,0.999897599220276
PommelHorse/v_PommelHorse_g04_c03.avi,2.9971556663513184,6.178328990936279,56.920997619628906,0.4264338235294118,677.0171508789062,307,68,68,1,1.0
PommelHorse/v_PommelHorse_g04_c04.avi,5.460322380065918,10.446063041687012,108.85311126708984,0.3326401654411764,1192.5777587890625,297,68,68,1,0.9999980926513672
PommelHorse/v_PommelHorse_g04_c05.avi,3.9355103969573975,7.791595935821533,79.60527801513672,0.3031387867647059,880.23583984375,397,68,68,1,0.9988101720809937
PommelHorse/v_PommelHorse_g05_c01.avi,0.3932421207427978,1.093380093574524,14.03566837310791,0.794954044117647,62.279296875,242,68,68,1,1.0
PommelHorse/v_PommelHorse_g05_c02.avi,0.7307645678520203,2.0977280139923096,43.011627197265625,0.6986672794117647,201.2747039794922,250,68,68,1,1.0
PommelHorse/v_PommelHorse_g05_c03.avi,1.2020916938781738,3.200950384140014,49.04079818725586,0.6347633272058824,313.7347717285156,246,68,68,1,1.0
PommelHorse/v_PommelHorse_g05_c04.avi,2.418506145477295,5.656885147094727,85.0058822631836,0.4984903492647058,441.3844299316406,293,68,68,1,1.0
PommelHorse/v_PommelHorse_g06_c01.avi,4.699521541595459,6.91195821762085,89.1852035522461,0.2707973345588235,356.655517578125,300,68,68,1,1.0
PommelHorse/v_PommelHorse_g06_c02.avi,6.469607830047607,15.051390647888184,164.04876708984375,0.3073506433823529,532.0316162109375,297,68,68,1,1.0
PommelHorse/v_PommelHorse_g06_c03.avi,4.078150749206543,8.516690254211426,108.16654205322266,0.3609375,396.8648986816406,300,68,68,1,1.0
PommelHorse/v_PommelHorse_g06_c04.avi,2.536362409591675,6.028944969177246,67.26811981201172,0.4928285845588235,252.3739318847656,307,68,68,1,1.0
PommelHorse/v_PommelHorse_g07_c01.avi,0.3423671126365661,1.112931489944458,19.313207626342773,0.8292670036764705,160.28329467773438,374,68,68,1,0.9988480806350708
PommelHorse/v_PommelHorse_g07_c02.avi,0.2469421625137329,1.1033989191055298,18.0,0.8916222426470588,52.137916564941406,512,68,68,1,0.999995231628418
PommelHorse/v_PommelHorse_g07_c03.avi,0.445782721042633,1.324663519859314,21.02379608154297,0.7816819852941177,65.57352447509766,434,68,4,0,0.9994897842407228
PommelHorse/v_PommelHorse_g07_c04.avi,0.4998161494731903,1.9264657497406008,42.57933807373047,0.8025275735294117,65.64493560791016,456,68,4,0,0.9981867671012878
PommelHorse/v_PommelHorse_g07_c05.avi,1.5352951288223269,3.124279022216797,37.0,0.6645404411764706,169.78782653808594,386,68,4,0,0.9920616149902344
PommelHorse/v_PommelHorse_g07_c06.avi,0.2986808121204376,0.9705706834793092,23.0867919921875,0.831608455882353,35.69774627685547,669,68,4,0,0.9650028944015504
PommelHorse/v_PommelHorse_g07_c07.avi,0.3230696320533752,0.9532347917556764,31.06444931030273,0.8116360294117647,43.00261306762695,631,68,68,1,0.8725806474685669
PullUps/v_PullUps_g01_c01.avi,1.4163460731506348,3.538686513900757,31.06444931030273,0.5980859375,67.2203598022461,166,69,69,1,0.9999996423721312
PullUps/v_PullUps_g01_c02.avi,4.052997589111328,5.536825180053711,30.4138126373291,0.3442095588235294,151.0478057861328,137,69,73,0,0.9991053938865662
PullUps/v_PullUps_g01_c03.avi,3.966207981109619,5.439948558807373,57.03507614135742,0.2467486213235294,127.0798568725586,180,69,73,0,1.0
PullUps/v_PullUps_g01_c04.avi,2.4444093704223637,4.165347576141357,38.11823654174805,0.3378216911764706,84.22086334228516,156,69,73,0,0.9999985694885254
PullUps/v_PullUps_g02_c01.avi,0.6490833163261414,1.4869825839996338,12.04159450531006,0.7117279411764705,39.75646209716797,121,69,69,1,1.0
PullUps/v_PullUps_g02_c02.avi,1.7294961214065552,4.993281841278076,55.0,0.6295496323529411,148.90830993652344,175,69,69,1,1.0
PullUps/v_PullUps_g02_c03.avi,0.7707642316818237,1.675062656402588,17.262676239013672,0.6755882352941176,49.6392707824707,130,69,69,1,1.0
PullUps/v_PullUps_g02_c04.avi,1.8719496726989744,5.018185615539551,46.04345703125,0.6419140625,188.16781616210935,177,69,69,1,1.0
PullUps/v_PullUps_g03_c01.avi,0.2099975198507309,1.288366198539734,16.0,0.9403308823529412,336.90203857421875,177,69,69,1,0.9999984502792358
PullUps/v_PullUps_g03_c02.avi,0.4005594551563263,2.6720478534698486,29.0,0.9576102941176472,80.21440124511719,207,69,69,1,0.9996854066848756
PullUps/v_PullUps_g03_c03.avi,0.3436067104339599,1.9155468940734863,22.0,0.944889705882353,146.45175170898438,202,69,69,1,1.0
PullUps/v_PullUps_g03_c04.avi,0.2592716813087463,1.5312492847442627,16.0,0.9529411764705882,57.63742065429688,248,69,69,1,0.9999984502792358
PullUps/v_PullUps_g04_c01.avi,4.455787658691406,5.448292255401611,53.26349639892578,0.3392279411764706,259.6517944335937,140,69,69,1,0.772548496723175
PullUps/v_PullUps_g04_c02.avi,2.578102827072144,3.281811237335205,39.5600814819336,0.201789981617647,330.59429931640625,141,69,67,0,0.9980826377868652
PullUps/v_PullUps_g04_c03.avi,1.4969311952590942,2.718428373336792,26.07680892944336,0.5911144301470588,212.2166748046875,153,69,67,0,0.7714563608169556
PullUps/v_PullUps_g04_c04.avi,1.6950606107711792,2.750526428222656,33.734256744384766,0.298000919117647,203.6279754638672,137,69,69,1,0.8850066661834717
PullUps/v_PullUps_g05_c01.avi,0.8204143643379211,2.47111439704895,24.020824432373047,0.8104779411764705,198.8520965576172,173,69,46,0,0.9993298053741456
PullUps/v_PullUps_g05_c02.avi,1.922582745552063,6.1309494972229,74.02702331542969,0.7232192095588236,548.5338134765625,120,69,69,1,1.0
PullUps/v_PullUps_g05_c03.avi,2.4219040870666504,7.744577407836914,74.02702331542969,0.750032169117647,269.1564636230469,107,69,69,1,0.9999994039535522
PullUps/v_PullUps_g05_c04.avi,1.3520801067352295,4.6473917961120605,61.40032577514648,0.7680836397058823,259.1135559082031,143,69,69,1,0.7359235286712646
PullUps/v_PullUps_g06_c01.avi,3.0079641342163086,3.709375143051148,35.693138122558594,0.1497012867647058,360.5226440429688,83,69,69,1,1.0
PullUps/v_PullUps_g06_c02.avi,4.232354164123535,6.774962902069092,71.34423828125,0.2296047794117647,538.3497314453125,86,69,69,1,1.0
PullUps/v_PullUps_g06_c03.avi,6.482624530792236,6.752468585968018,39.5600814819336,0.1953492647058823,292.8507080078125,97,69,69,1,1.0
PullUps/v_PullUps_g06_c04.avi,1.63607919216156,2.4206018447875977,30.364452362060547,0.4242532169117647,156.54605102539062,169,69,69,1,1.0
PullUps/v_PullUps_g07_c01.avi,0.2812275290489197,1.6164448261260986,19.0,0.9273529411764706,23.616857528686523,97,69,69,1,0.9999539852142334
PullUps/v_PullUps_g07_c02.avi,0.1799049228429794,0.9628322720527648,14.0,0.9279411764705884,9.58620262145996,127,69,69,1,0.9999847412109376
PullUps/v_PullUps_g07_c03.avi,0.0925214365124702,0.7123252153396606,15.0,0.9587867647058824,13.800039291381836,92,69,69,1,0.9999995231628418
PullUps/v_PullUps_g07_c04.avi,0.1913004070520401,1.392505168914795,25.0,0.9384558823529412,14.03650188446045,92,69,69,1,0.9997411370277404
Punch/v_Punch_g01_c01.avi,17.474029541015625,17.776121139526367,117.72000885009766,0.0607467830882352,963.7233276367188,120,70,70,1,1.0
Punch/v_Punch_g01_c02.avi,9.956072807312012,12.08167552947998,102.1763153076172,0.0692922794117647,286.67584228515625,132,70,70,1,1.0
Punch/v_Punch_g01_c03.avi,17.034582138061523,18.00765037536621,87.09764862060547,0.1467325367647058,303.0418395996094,47,70,16,0,0.9999994039535522
Punch/v_Punch_g01_c04.avi,13.038724899291992,15.614006996154783,141.90841674804688,0.0624770220588235,582.4464111328125,100,70,70,1,1.0
Punch/v_Punch_g01_c05.avi,6.754926681518555,9.872774124145508,104.0,0.08078125,779.718017578125,70,70,70,1,1.0
Punch/v_Punch_g02_c01.avi,7.809106349945068,16.42189598083496,99.08077239990234,0.5499264705882353,930.3829956054688,230,70,16,0,0.502497136592865
Punch/v_Punch_g02_c02.avi,8.630583763122559,18.680864334106445,209.8475646972656,0.4081181066176471,2990.389404296875,109,70,16,0,1.0
Punch/v_Punch_g02_c03.avi,16.287275314331055,21.50115203857422,203.9019317626953,0.1540073529411764,2515.33544921875,47,70,16,0,0.998219072818756
Punch/v_Punch_g02_c04.avi,15.593854904174805,24.17168426513672,273.12451171875,0.3045335477941176,2495.038330078125,54,70,70,1,1.0
Punch/v_Punch_g03_c01.avi,12.805006980895996,15.33558750152588,125.06398010253906,0.1072426470588235,365.4205932617188,107,70,70,1,1.0
Punch/v_Punch_g03_c02.avi,6.671521186828613,8.02061653137207,69.0,0.2182490808823529,265.6364440917969,293,70,70,1,1.0
Punch/v_Punch_g03_c03.avi,7.363688945770264,9.934244155883787,70.93659210205078,0.1782444852941176,369.3492126464844,137,70,70,1,1.0
Punch/v_Punch_g03_c04.avi,15.525211334228516,21.4661808013916,213.0586700439453,0.1396139705882353,882.3509521484375,147,70,70,1,1.0
Punch/v_Punch_g04_c01.avi,3.0305466651916504,6.12454891204834,53.600372314453125,0.4073046875,543.9937744140625,154,70,70,1,1.0
Punch/v_Punch_g04_c02.avi,18.349321365356445,19.418197631835938,204.0220642089844,0.0667784926470588,1797.868408203125,299,70,70,1,1.0
Punch/v_Punch_g04_c03.avi,5.555380344390869,8.579293251037598,88.6848373413086,0.3229917279411765,850.0750732421875,260,70,70,1,1.0
Punch/v_Punch_g04_c04.avi,20.333152770996094,20.09400177001953,127.57743072509766,0.0690510110294117,1593.998779296875,299,70,70,1,1.0
Punch/v_Punch_g04_c05.avi,6.345457077026367,7.716491222381592,74.00675964355469,0.2024563419117647,629.3587646484375,197,70,70,1,1.0
Punch/v_Punch_g05_c01.avi,4.240158557891846,6.952471256256104,73.0,0.4020909926470588,1278.1087646484375,299,70,70,1,1.0
Punch/v_Punch_g05_c02.avi,10.011375427246094,15.492822647094728,102.07839965820312,0.2709765625,1429.827392578125,299,70,70,1,1.0
Punch/v_Punch_g05_c03.avi,4.868834972381592,6.807258129119873,59.07622146606445,0.324524356617647,978.1932373046876,299,70,70,1,1.0
Punch/v_Punch_g05_c04.avi,6.756363391876221,6.766775131225586,55.0,0.0908088235294117,1236.493408203125,299,70,70,1,1.0
Punch/v_Punch_g05_c05.avi,13.513221740722656,15.295053482055664,112.44554138183594,0.2402320772058823,1135.1409912109375,299,70,70,1,1.0
Punch/v_Punch_g05_c06.avi,10.678630828857422,13.084413528442385,108.06016540527344,0.2259650735294117,1015.8369140625,299,70,70,1,1.0
Punch/v_Punch_g05_c07.avi,13.636314392089844,13.941557884216309,86.02325439453125,0.2236052389705882,1214.02490234375,299,70,70,1,1.0
Punch/v_Punch_g06_c01.avi,6.2693352699279785,10.006524085998535,98.0051040649414,0.3077435661764706,788.2196044921875,299,70,70,1,1.0
Punch/v_Punch_g06_c02.avi,12.389829635620115,13.807539939880373,125.01599884033205,0.212688419117647,1173.656005859375,299,70,70,1,1.0
Punch/v_Punch_g06_c03.avi,4.214593410491943,6.781618595123291,67.0,0.3483754595588235,449.8417053222656,270,70,70,1,1.0
Punch/v_Punch_g06_c04.avi,10.14511013031006,13.803094863891602,135.0,0.1081778492647058,1302.573974609375,299,70,70,1,1.0
Punch/v_Punch_g06_c05.avi,6.919098854064941,9.971933364868164,150.00332641601562,0.1074678308823529,578.6046752929688,299,70,70,1,1.0
Punch/v_Punch_g06_c06.avi,10.777563095092772,14.117247581481934,106.17438507080078,0.2995519301470588,640.0173950195312,291,70,70,1,1.0
Punch/v_Punch_g06_c07.avi,12.21096897125244,16.019729614257812,126.0,0.0838166360294117,1770.7906494140625,299,70,70,1,1.0
Punch/v_Punch_g07_c01.avi,18.33207321166992,15.813546180725098,117.98728942871094,0.0190280330882352,1309.125244140625,299,70,70,1,1.0
Punch/v_Punch_g07_c02.avi,12.848898887634276,12.271058082580566,123.1787338256836,0.0536672794117647,1218.395263671875,291,70,70,1,1.0
Punch/v_Punch_g07_c03.avi,9.842049598693848,11.559269905090332,102.3914031982422,0.0389085477941176,637.1123657226562,299,70,70,1,1.0
Punch/v_Punch_g07_c04.avi,24.373987197875977,22.984094619750977,112.1605987548828,0.0367348345588235,759.8081665039062,299,70,70,1,1.0
Punch/v_Punch_g07_c05.avi,8.940309524536133,9.327373504638672,63.95310592651367,0.1525965073529411,853.3302001953125,299,70,70,1,1.0
Punch/v_Punch_g07_c06.avi,11.615318298339844,11.12044906616211,75.0,0.1772610294117647,1042.2635498046875,299,70,70,1,1.0
Punch/v_Punch_g07_c07.avi,16.345172882080078,16.74990463256836,110.44002532958984,0.0539797794117647,896.6839599609375,299,70,70,1,1.0
PushUps/v_PushUps_g01_c01.avi,3.691649436950684,7.890822887420654,66.0,0.5091429227941177,125.7625503540039,55,71,71,1,1.0
PushUps/v_PushUps_g01_c02.avi,3.759443283081055,8.223979949951172,66.00757598876953,0.5006548713235294,115.12403869628906,52,71,71,1,1.0
PushUps/v_PushUps_g01_c03.avi,3.3205220699310303,8.19352912902832,82.00609588623047,0.4966590073529411,95.34896850585938,50,71,71,1,1.0
PushUps/v_PushUps_g01_c04.avi,1.94542396068573,5.28363037109375,56.0,0.6252527573529412,61.0120735168457,103,71,71,1,1.0
PushUps/v_PushUps_g01_c05.avi,1.5442458391189575,3.6978096961975098,64.0078125,0.6120220588235294,10.17151927947998,62,71,71,1,1.0
PushUps/v_PushUps_g02_c01.avi,3.3320631980896,4.205981254577637,37.01351165771485,0.1713235294117647,128.96665954589844,66,71,71,1,0.9999984502792358
PushUps/v_PushUps_g02_c02.avi,2.639155387878418,4.576537132263184,45.39823913574219,0.3289269301470588,155.0181427001953,72,71,71,1,1.0
PushUps/v_PushUps_g02_c03.avi,1.7974300384521484,3.3907835483551025,36.055511474609375,0.4480284926470588,110.05499267578124,78,71,71,1,1.0
PushUps/v_PushUps_g02_c04.avi,2.093845844268799,3.778442621231079,31.256999969482425,0.4245542279411765,114.4158935546875,83,71,71,1,1.0
PushUps/v_PushUps_g03_c01.avi,0.8848102688789368,2.325073003768921,34.01470184326172,0.7280767463235294,67.2968978881836,71,71,71,1,1.0
PushUps/v_PushUps_g03_c02.avi,0.3665682673454284,1.0270615816116333,15.81138801574707,0.8028308823529412,5.814813137054443,62,71,71,1,1.0
PushUps/v_PushUps_g03_c03.avi,0.3547003865242004,0.9568811058998108,10.630146026611328,0.8186029411764706,5.695837020874023,62,71,71,1,1.0
PushUps/v_PushUps_g03_c04.avi,1.1448808908462524,3.4719042778015137,42.19004440307617,0.7576355698529412,65.52363586425781,71,71,71,1,1.0
PushUps/v_PushUps_g04_c01.avi,1.0301069021224976,2.463569164276123,24.0,0.6968887867647059,94.09366607666016,90,71,71,1,0.9999864101409912
PushUps/v_PushUps_g04_c02.avi,1.2379640340805054,3.4985034465789795,41.78516387939453,0.7014545036764706,106.7124481201172,96,71,71,1,0.9999996423721312
PushUps/v_PushUps_g04_c03.avi,0.8253945112228394,1.8727997541427608,21.587032318115234,0.7156502757352942,69.61345672607422,110,71,71,1,0.9999358654022216
PushUps/v_PushUps_g04_c04.avi,0.877621054649353,2.2418324947357178,23.76972770690918,0.7178446691176471,63.6977424621582,129,71,71,1,0.9999954700469972
PushUps/v_PushUps_g04_c05.avi,1.1896936893463137,2.9885969161987305,31.0161247253418,0.6922633272058824,97.64027404785156,133,71,71,1,0.9999998807907104
PushUps/v_PushUps_g05_c01.avi,14.795907974243164,18.3443546295166,81.4002456665039,0.2956801470588235,1013.4035034179688,149,71,71,1,1.0
PushUps/v_PushUps_g05_c02.avi,10.900687217712402,18.2525634765625,94.0,0.3337545955882353,851.38232421875,149,71,71,1,1.0
PushUps/v_PushUps_g05_c03.avi,8.220683097839355,11.219104766845703,80.0062484741211,0.3642578125,451.4564514160156,149,71,71,1,1.0
PushUps/v_PushUps_g05_c04.avi,15.30862045288086,21.53766632080078,97.00515747070312,0.3452596507352941,807.2640380859375,149,71,71,1,1.0
PushUps/v_PushUps_g06_c01.avi,4.180819034576416,7.105274200439453,59.50630187988281,0.3337637867647058,35.86381149291992,84,71,77,0,0.3880123496055603
PushUps/v_PushUps_g06_c02.avi,3.562282085418701,5.693658351898193,49.03060150146485,0.3834811580882353,31.562652587890625,80,71,77,0,0.9480939507484436
PushUps/v_PushUps_g06_c03.avi,3.6099114418029785,5.9351887702941895,41.62931823730469,0.352578125,30.419845581054688,85,71,77,0,0.9796271324157716
PushUps/v_PushUps_g06_c04.avi,2.5851738452911377,3.641203403472901,28.844409942626957,0.3604894301470588,13.813566207885742,67,71,77,0,0.7705280780792236
PushUps/v_PushUps_g07_c01.avi,5.167343616485596,9.610644340515137,79.75587463378906,0.2317693014705882,775.8777465820312,73,71,71,1,1.0
PushUps/v_PushUps_g07_c02.avi,3.6010560989379883,7.002490043640137,109.77249145507812,0.3603722426470588,675.9447021484375,76,71,71,1,1.0
PushUps/v_PushUps_g07_c03.avi,5.556296348571777,6.901279926300049,70.00714111328125,0.2075850183823529,587.2283935546875,77,71,71,1,1.0
PushUps/v_PushUps_g07_c04.avi,6.834165096282959,8.721969604492188,84.05355072021484,0.1386488970588235,290.9035949707031,76,71,71,1,0.9975571632385254
Rafting/v_Rafting_g01_c01.avi,14.05927276611328,13.506758689880373,101.0197982788086,0.1461213235294117,808.9100952148438,232,72,72,1,1.0
Rafting/v_Rafting_g01_c02.avi,5.016658306121826,7.068690776824951,47.423622131347656,0.2426355698529411,297.99322509765625,212,72,72,1,1.0
Rafting/v_Rafting_g01_c03.avi,5.733184337615967,5.644086837768555,36.34556198120117,0.2227228860294117,313.2953491210937,247,72,72,1,1.0
Rafting/v_Rafting_g01_c04.avi,13.324262619018556,15.026412963867188,75.28611755371094,0.1666704963235294,680.7512817382812,254,72,72,1,1.0
Rafting/v_Rafting_g02_c01.avi,5.396422863006592,7.105433464050293,40.0,0.3336397058823529,349.7503356933594,239,72,21,0,0.6682908535003662
Rafting/v_Rafting_g02_c02.avi,2.872631311416626,2.5414154529571533,22.022714614868164,0.1678676470588235,88.83656311035156,250,72,21,0,0.998915672302246
Rafting/v_Rafting_g02_c03.avi,6.609877109527588,6.334321975708008,32.4499626159668,0.1494117647058823,223.6381072998047,232,72,31,0,0.9989293217658995
Rafting/v_Rafting_g02_c04.avi,3.781008720397949,6.363305568695068,78.0,0.4335041360294118,132.61703491210938,224,72,72,1,0.691949188709259
Rafting/v_Rafting_g03_c01.avi,26.00796890258789,32.38083267211914,333.0,0.1976470588235294,583.3828735351562,111,72,72,1,0.9976825714111328
Rafting/v_Rafting_g03_c02.avi,21.22981834411621,29.321273803710938,185.38877868652344,0.1977573529411764,1005.5631103515624,117,72,72,1,1.0
Rafting/v_Rafting_g03_c03.avi,14.11933708190918,16.08767318725586,93.1504135131836,0.1673897058823529,519.7181396484375,111,72,72,1,1.0
Rafting/v_Rafting_g03_c04.avi,21.12152099609375,22.9914665222168,168.29736328125,0.1841015625,1254.2789306640625,117,72,72,1,0.9999998807907104
Rafting/v_Rafting_g04_c01.avi,3.667529821395874,3.744004726409912,31.06444931030273,0.1425367647058823,125.4513702392578,184,72,72,1,1.0
Rafting/v_Rafting_g04_c02.avi,15.876541137695312,22.02401733398437,142.8985595703125,0.1382284007352941,796.6314697265625,269,72,72,1,1.0
Rafting/v_Rafting_g04_c03.avi,10.664097785949709,12.406506538391112,74.0,0.2471599264705882,271.4764099121094,144,72,72,1,0.9999996423721312
Rafting/v_Rafting_g04_c04.avi,13.712118148803713,16.15327262878418,85.08818817138672,0.0979365808823529,481.11517333984375,221,72,72,1,1.0
Rafting/v_Rafting_g05_c01.avi,13.473207473754885,18.632741928100582,84.50444030761719,0.3075344669117647,315.64501953125,101,72,72,1,1.0
Rafting/v_Rafting_g05_c02.avi,3.62168288230896,4.40118932723999,31.78049659729004,0.2954411764705882,95.2861328125,123,72,72,1,1.0
Rafting/v_Rafting_g05_c03.avi,11.935806274414062,16.077234268188477,92.0869140625,0.3208984375,322.4407653808594,108,72,72,1,1.0
Rafting/v_Rafting_g05_c04.avi,20.030075073242188,22.796993255615234,154.1590118408203,0.1599241727941176,800.3131713867188,238,72,72,1,1.0
Rafting/v_Rafting_g06_c01.avi,13.561388969421388,12.82145881652832,72.2772445678711,0.0268956801470588,1652.1005859375,252,72,72,1,0.999998927116394
Rafting/v_Rafting_g06_c02.avi,12.877408981323242,13.748382568359377,71.28113555908203,0.2345496323529411,1573.2095947265625,105,72,72,1,1.0
Rafting/v_Rafting_g06_c03.avi,6.272078514099121,7.336174488067627,34.0,0.4024264705882353,710.3418579101562,262,72,72,1,1.0
Rafting/v_Rafting_g06_c04.avi,6.757044315338135,6.082941055297852,33.0151481628418,0.2254664522058823,862.2017822265625,128,72,72,1,1.0
Rafting/v_Rafting_g07_c01.avi,27.639253616333008,27.70176696777344,165.04847717285156,0.0410638786764705,1569.811279296875,235,72,72,1,1.0
Rafting/v_Rafting_g07_c02.avi,3.3526089191436768,4.287432193756104,45.0,0.2225275735294117,165.96939086914062,244,72,72,1,1.0
Rafting/v_Rafting_g07_c03.avi,3.175445556640625,2.787314176559448,29.017236709594727,0.1519898897058823,63.4493522644043,181,72,72,1,1.0
Rafting/v_Rafting_g07_c04.avi,7.83241605758667,10.222774505615234,87.32124328613281,0.1396392463235294,477.8921813964844,271,72,72,1,1.0
RockClimbingIndoor/v_RockClimbingIndoor_g01_c01.avi,1.0241575241088867,1.829223394393921,18.601076126098636,0.5162201286764706,113.7592315673828,528,73,73,1,1.0
RockClimbingIndoor/v_RockClimbingIndoor_g01_c02.avi,1.131078839302063,2.221743106842041,29.832868576049805,0.6504779411764706,140.1352081298828,534,73,73,1,1.0
RockClimbingIndoor/v_RockClimbingIndoor_g01_c03.avi,0.8583568334579468,1.7750011682510376,23.323806762695312,0.5799655330882353,54.1884651184082,503,73,73,1,1.0
RockClimbingIndoor/v_RockClimbingIndoor_g01_c04.avi,0.4138186872005462,1.1582521200180054,10.630146026611328,0.800625,7.8265557289123535,543,73,73,1,1.0
RockClimbingIndoor/v_RockClimbingIndoor_g01_c05.avi,0.9070034027099608,2.041011333465576,39.31920623779297,0.6022679227941177,50.68674850463867,463,73,73,1,0.9999996423721312
RockClimbingIndoor/v_RockClimbingIndoor_g02_c01.avi,6.121898174285889,7.909701824188232,60.008331298828125,0.1441911764705882,247.34780883789065,319,73,73,1,1.0
RockClimbingIndoor/v_RockClimbingIndoor_g02_c02.avi,4.565158367156982,2.283095598220825,17.262676239013672,0.0268014705882352,191.2484130859375,353,73,73,1,1.0
RockClimbingIndoor/v_RockClimbingIndoor_g02_c03.avi,4.447841167449951,3.6895601749420166,15.132745742797852,0.2102090992647058,293.72369384765625,299,73,73,1,0.9763875007629396
RockClimbingIndoor/v_RockClimbingIndoor_g02_c04.avi,3.6844828128814697,4.68158483505249,19.84943389892578,0.4251148897058823,280.0428771972656,289,73,73,1,0.9999316930770874
RockClimbingIndoor/v_RockClimbingIndoor_g02_c05.avi,1.4708601236343384,1.517756104469299,10.049875259399414,0.3953125,178.89385986328125,309,73,73,1,0.9535529017448424
RockClimbingIndoor/v_RockClimbingIndoor_g03_c01.avi,0.0903578698635101,0.4830390214920044,14.03566837310791,0.9419048713235294,84.24586486816406,343,73,73,1,1.0
RockClimbingIndoor/v_RockClimbingIndoor_g03_c02.avi,0.6785776019096375,1.6349612474441528,21.02379608154297,0.6656617647058823,273.9832458496094,297,73,73,1,1.0
RockClimbingIndoor/v_RockClimbingIndoor_g03_c03.avi,0.3931204974651336,0.8875524997711182,16.401220321655273,0.753469669117647,257.6512145996094,299,73,73,1,1.0
RockClimbingIndoor/v_RockClimbingIndoor_g03_c04.avi,0.2055694460868835,0.6390983462333679,15.29705810546875,0.8646622242647058,147.72996520996094,299,73,73,1,1.0
RockClimbingIndoor/v_RockClimbingIndoor_g03_c05.avi,1.1874889135360718,1.826891660690308,18.3847770690918,0.6028515625,168.0956268310547,292,73,73,1,1.0
RockClimbingIndoor/v_RockClimbingIndoor_g03_c06.avi,7.743048667907715,14.27049160003662,81.0,0.4382513786764705,178.53956604003906,412,73,73,1,1.0
RockClimbingIndoor/v_RockClimbingIndoor_g03_c07.avi,1.6587588787078855,3.4353997707366943,47.0,0.7221714154411765,158.98114013671875,411,73,73,1,1.0
RockClimbingIndoor/v_RockClimbingIndoor_g04_c01.avi,0.0919670090079307,0.4143261313438415,5.830951690673828,0.9368543198529412,0.2673230767250061,843,73,73,1,1.0
RockClimbingIndoor/v_RockClimbingIndoor_g04_c02.avi,1.3457622528076172,1.974123477935791,17.464248657226562,0.5945151654411764,44.24179458618164,813,73,73,1,1.0
RockClimbingIndoor/v_RockClimbingIndoor_g04_c03.avi,12.979796409606934,8.74792766571045,37.64305877685547,0.2046530330882353,187.94085693359372,840,73,73,1,0.9999314546585084
RockClimbingIndoor/v_RockClimbingIndoor_g04_c04.avi,4.792448043823242,4.8201775550842285,25.0,0.2286328125,111.7525863647461,833,73,73,1,0.9989628791809082
RockClimbingIndoor/v_RockClimbingIndoor_g05_c01.avi,2.3211004734039307,2.84101676940918,37.01351165771485,0.292610294117647,380.20794677734375,352,73,73,1,0.9999996423721312
RockClimbingIndoor/v_RockClimbingIndoor_g05_c02.avi,4.447156429290772,6.39924955368042,29.832868576049805,0.3663028492647059,170.0550537109375,343,73,73,1,0.99999737739563
RockClimbingIndoor/v_RockClimbingIndoor_g05_c03.avi,0.879054844379425,1.4953248500823977,15.55634880065918,0.5869186580882353,54.277381896972656,369,73,73,1,1.0
RockClimbingIndoor/v_RockClimbingIndoor_g05_c04.avi,0.6527486443519592,1.3880749940872192,20.2237491607666,0.6519002757352941,41.37215423583984,381,73,73,1,1.0
RockClimbingIndoor/v_RockClimbingIndoor_g05_c05.avi,1.4637759923934937,1.5087352991104126,23.021728515625,0.2223000919117647,67.17154693603516,327,73,73,1,1.0
RockClimbingIndoor/v_RockClimbingIndoor_g05_c06.avi,1.5158356428146362,2.287583589553833,20.880613327026367,0.5283340992647059,38.57881546020508,331,73,73,1,1.0
RockClimbingIndoor/v_RockClimbingIndoor_g06_c01.avi,5.379904270172119,4.302993297576904,34.438350677490234,0.2089728860294117,178.8475799560547,311,73,73,1,0.7402659058570862
RockClimbingIndoor/v_RockClimbingIndoor_g06_c02.avi,4.875451564788818,6.194658756256104,47.095645904541016,0.3035064338235294,211.87210083007807,307,73,74,0,0.9410237073898317
RockClimbingIndoor/v_RockClimbingIndoor_g06_c03.avi,5.258718967437744,4.086126804351807,33.241539001464844,0.2114682904411764,183.96322631835935,311,73,73,1,0.9999938011169434
RockClimbingIndoor/v_RockClimbingIndoor_g06_c04.avi,7.1849684715271,7.612035274505615,50.08992004394531,0.2221875,254.27114868164065,312,73,73,1,0.9999958276748656
RockClimbingIndoor/v_RockClimbingIndoor_g06_c05.avi,2.11297345161438,3.5214786529541016,35.12833786010742,0.4312385110294117,132.90182495117188,558,73,73,1,1.0
RockClimbingIndoor/v_RockClimbingIndoor_g06_c06.avi,6.285011291503906,9.158309936523438,83.81526947021484,0.4061626838235294,180.3535614013672,501,73,73,1,1.0
RockClimbingIndoor/v_RockClimbingIndoor_g06_c07.avi,4.000485897064209,5.685182094573975,41.04875183105469,0.4100574448529411,156.60704040527344,406,73,73,1,0.996716558933258
RockClimbingIndoor/v_RockClimbingIndoor_g07_c01.avi,2.7345972061157227,3.727258920669556,57.584720611572266,0.2553377757352941,55.16939163208008,417,73,73,1,1.0
RockClimbingIndoor/v_RockClimbingIndoor_g07_c02.avi,1.9397603273391724,2.848743200302124,52.0,0.3688097426470588,59.84294891357422,442,73,73,1,1.0
RockClimbingIndoor/v_RockClimbingIndoor_g07_c03.avi,4.454738616943359,7.435102939605713,30.01666259765625,0.4649034926470588,53.06016159057617,457,73,73,1,1.0
RockClimbingIndoor/v_RockClimbingIndoor_g07_c04.avi,10.379071235656738,12.136943817138672,46.0,0.3649034926470588,110.82917785644533,397,73,73,1,1.0
RockClimbingIndoor/v_RockClimbingIndoor_g07_c05.avi,2.219071626663208,2.577157020568848,29.96664810180664,0.3669278492647059,73.98832702636719,441,73,73,1,1.0
RockClimbingIndoor/v_RockClimbingIndoor_g07_c06.avi,2.3784337043762207,3.067845582962036,56.82429122924805,0.2101470588235294,50.28032684326172,410,73,73,1,1.0
RockClimbingIndoor/v_RockClimbingIndoor_g07_c07.avi,1.567618727684021,1.7749762535095217,18.027755737304688,0.3551792279411764,26.349802017211918,427,73,73,1,1.0
RopeClimbing/v_RopeClimbing_g01_c01.avi,4.878459453582764,6.162827968597412,85.09406280517578,0.3777205882352941,277.4798889160156,160,74,74,1,1.0
RopeClimbing/v_RopeClimbing_g01_c02.avi,3.9386391639709473,5.0308518409729,44.18144226074219,0.3143405330882353,173.560791015625,169,74,74,1,1.0
RopeClimbing/v_RopeClimbing_g01_c03.avi,1.8325384855270384,2.603080034255981,28.460498809814453,0.4152205882352941,121.691162109375,158,74,74,1,1.0
RopeClimbing/v_RopeClimbing_g01_c04.avi,3.966221809387207,5.076695442199707,67.06713104248047,0.2188694852941176,114.73728942871094,187,74,74,1,0.9999998807907104
RopeClimbing/v_RopeClimbing_g02_c01.avi,5.75848388671875,8.776900291442871,96.16651916503906,0.1826585477941176,448.22760009765625,151,74,74,1,1.0
RopeClimbing/v_RopeClimbing_g02_c02.avi,11.529840469360352,12.737016677856444,128.42507934570312,0.0633042279411764,574.8680419921875,150,74,74,1,1.0
RopeClimbing/v_RopeClimbing_g02_c03.avi,6.362793922424316,8.110642433166504,108.01851654052734,0.1415510110294117,712.0863037109375,169,74,74,1,0.9999680519104004
RopeClimbing/v_RopeClimbing_g02_c04.avi,12.468273162841797,11.607426643371582,88.05680084228516,0.0471576286764705,840.92822265625,150,74,74,1,1.0
RopeClimbing/v_RopeClimbing_g02_c05.avi,6.663302898406982,8.334796905517578,56.29387283325195,0.2120381433823529,450.5708618164063,153,74,74,1,1.0
RopeClimbing/v_RopeClimbing_g02_c06.avi,3.5799496173858643,3.943544626235962,27.01851272583008,0.2514866727941176,145.8251495361328,185,74,74,1,1.0
RopeClimbing/v_RopeClimbing_g03_c01.avi,3.384260416030884,4.222809791564941,38.01315689086914,0.2915900735294117,532.4793701171875,152,74,74,1,0.9993650317192078
RopeClimbing/v_RopeClimbing_g03_c02.avi,3.7678029537200928,4.3230299949646,45.89117431640625,0.2558662683823529,423.7792053222656,151,74,74,1,1.0
RopeClimbing/v_RopeClimbing_g03_c03.avi,3.697987079620361,4.425400733947754,51.97114562988281,0.2666061580882353,453.7804260253906,165,74,74,1,1.0
RopeClimbing/v_RopeClimbing_g03_c04.avi,3.5739128589630127,4.968173980712891,75.80237579345703,0.2253262867647058,277.4136047363281,151,74,74,1,0.9999995231628418
RopeClimbing/v_RopeClimbing_g04_c01.avi,6.459789752960205,10.10998249053955,99.08077239990234,0.1553699448529411,345.07794189453125,154,74,74,1,0.9999969005584716
RopeClimbing/v_RopeClimbing_g04_c02.avi,8.08360481262207,10.44273567199707,93.64827728271484,0.0618152573529411,276.26434326171875,157,74,74,1,1.0
RopeClimbing/v_RopeClimbing_g04_c03.avi,4.38379430770874,4.084965705871582,37.6961555480957,0.185383731617647,132.32986450195312,154,74,74,1,1.0
RopeClimbing/v_RopeClimbing_g04_c04.avi,5.043505668640137,6.635456562042236,35.1710090637207,0.097727481617647,170.22557067871094,154,74,74,1,1.0
RopeClimbing/v_RopeClimbing_g05_c01.avi,2.2016232013702397,3.289348602294922,29.42787742614746,0.3421300551470588,225.04031372070312,155,74,74,1,0.9999997615814208
RopeClimbing/v_RopeClimbing_g05_c02.avi,3.205228805541992,5.737541675567627,62.0,0.3589613970588235,279.2344055175781,159,74,74,1,0.5917340517044067
RopeClimbing/v_RopeClimbing_g05_c03.avi,3.472285509109497,4.984918117523193,45.79301071166992,0.4236282169117647,238.2539825439453,165,74,74,1,0.9984252452850342
RopeClimbing/v_RopeClimbing_g05_c04.avi,1.0785341262817385,2.85990047454834,43.0,0.6944117647058824,158.43109130859375,165,74,74,1,0.9999951124191284
RopeClimbing/v_RopeClimbing_g05_c05.avi,4.520659923553467,6.810909748077393,66.06814575195312,0.3411741727941176,271.60992431640625,174,74,74,1,0.9999818801879884
RopeClimbing/v_RopeClimbing_g05_c06.avi,7.002773284912109,8.53400707244873,66.0,0.2105422794117647,32.863433837890625,187,74,74,1,0.9999998807907104
RopeClimbing/v_RopeClimbing_g05_c07.avi,2.7327301502227783,5.283617973327637,54.230987548828125,0.3874356617647059,60.45465087890625,156,74,74,1,1.0
RopeClimbing/v_RopeClimbing_g06_c01.avi,1.8103225231170652,4.770115852355957,55.08175659179688,0.622038143382353,125.89616394042967,151,74,74,1,1.0
RopeClimbing/v_RopeClimbing_g06_c02.avi,1.25766122341156,2.5309085845947266,27.01851272583008,0.6532651654411765,74.22427368164062,160,74,74,1,1.0
RopeClimbing/v_RopeClimbing_g06_c03.avi,1.353000521659851,3.2807021141052246,44.38468170166016,0.6767647058823529,52.67349243164063,158,74,74,1,1.0
RopeClimbing/v_RopeClimbing_g06_c04.avi,0.4702600836753845,1.2310296297073364,19.02629852294922,0.7639338235294117,67.31069946289062,188,74,74,1,1.0
RopeClimbing/v_RopeClimbing_g07_c01.avi,2.0875017642974854,2.3797101974487305,27.166154861450195,0.3592532169117647,177.79629516601562,196,74,74,1,0.999992609024048
RopeClimbing/v_RopeClimbing_g07_c02.avi,2.0401577949523926,2.2401044368743896,32.06243896484375,0.367454044117647,74.74752807617188,205,74,74,1,0.9999951124191284
RopeClimbing/v_RopeClimbing_g07_c03.avi,2.904974460601806,3.3003623485565186,35.12833786010742,0.3220588235294118,68.28365325927734,196,74,74,1,0.9889883399009703
RopeClimbing/v_RopeClimbing_g07_c04.avi,2.176096200942993,2.6017215251922607,39.39543151855469,0.2067302389705882,79.84883880615234,180,74,74,1,0.5702850222587585
RopeClimbing/v_RopeClimbing_g07_c05.avi,8.05080509185791,8.393275260925293,41.34005355834961,0.0824701286764705,264.816162109375,194,74,74,1,0.9953031539916992
Rowing/v_Rowing_g01_c01.avi,11.346729278564451,14.079580307006836,102.0,0.3112408088235294,135.5740966796875,352,75,75,1,1.0
Rowing/v_Rowing_g01_c02.avi,15.514276504516602,18.439453125,68.02940368652344,0.2889315257352941,72.01910400390625,300,75,75,1,1.0
Rowing/v_Rowing_g01_c03.avi,4.308598518371582,5.7868475914001465,31.0161247253418,0.3509535845588235,144.53125,226,75,75,1,1.0
Rowing/v_Rowing_g01_c04.avi,3.2344446182250977,3.289522647857666,29.017236709594727,0.2726355698529412,88.4559555053711,202,75,75,1,1.0
Rowing/v_Rowing_g02_c01.avi,12.813111305236816,13.969526290893556,98.0,0.3169140625,310.5995178222656,358,75,75,1,1.0
Rowing/v_Rowing_g02_c02.avi,13.466361045837402,15.715518951416016,96.00521087646484,0.1761443014705882,286.60723876953125,373,75,75,1,1.0
Rowing/v_Rowing_g02_c03.avi,11.798818588256836,12.139331817626951,74.0,0.1733180147058823,201.47824096679688,385,75,75,1,1.0
Rowing/v_Rowing_g02_c04.avi,21.546998977661133,27.444242477416992,205.11947631835935,0.1924241727941176,410.3648986816406,413,75,75,1,1.0
Rowing/v_Rowing_g02_c05.avi,20.1807804107666,34.25754165649414,257.0311279296875,0.1870381433823529,554.3942260742188,407,75,75,1,1.0
Rowing/v_Rowing_g02_c06.avi,5.112768650054932,7.677853107452393,51.6623649597168,0.3004480698529412,321.0555419921875,289,75,75,1,1.0
Rowing/v_Rowing_g03_c01.avi,1.896367430686951,3.6002352237701416,42.0,0.4846277573529411,137.28504943847656,376,75,75,1,1.0
Rowing/v_Rowing_g03_c02.avi,3.4682650566101074,5.689182758331299,55.03635025024414,0.4350459558823529,209.57839965820312,480,75,75,1,1.0
Rowing/v_Rowing_g03_c03.avi,5.386224269866943,12.396981239318848,111.04053497314452,0.3499310661764706,83.62036895751953,498,75,75,1,1.0
Rowing/v_Rowing_g03_c04.avi,1.694646239280701,3.214519023895264,42.10700607299805,0.5340188419117647,125.97129821777344,499,75,75,1,1.0
Rowing/v_Rowing_g03_c05.avi,1.472148299217224,2.91508150100708,45.0,0.5754917279411764,117.88999938964844,498,75,75,1,1.0
Rowing/v_Rowing_g03_c06.avi,1.168467402458191,3.1839160919189453,43.931766510009766,0.6262454044117647,60.19353103637695,366,75,75,1,1.0
Rowing/v_Rowing_g03_c07.avi,2.0143163204193115,4.006408214569092,36.0,0.5134099264705883,123.37593841552734,496,75,75,1,1.0
Rowing/v_Rowing_g04_c01.avi,4.976509094238281,6.7017693519592285,64.1248779296875,0.2125666360294117,104.9729461669922,261,75,75,1,1.0
Rowing/v_Rowing_g04_c02.avi,8.965423583984375,10.294788360595703,87.29833984375,0.1239889705882353,154.49183654785156,296,75,75,1,0.9999977350234984
Rowing/v_Rowing_g04_c03.avi,3.700654983520508,4.781185626983643,52.009613037109375,0.1626608455882353,61.6743049621582,306,75,75,1,0.9999980926513672
Rowing/v_Rowing_g04_c04.avi,8.494074821472168,9.450845718383787,76.94153594970703,0.062688419117647,99.7209701538086,293,75,75,1,0.9997653365135192
Rowing/v_Rowing_g04_c05.avi,11.262998580932615,13.334495544433594,115.06954193115234,0.0262109375,178.6888427734375,299,75,75,1,0.9999996423721312
Rowing/v_Rowing_g04_c06.avi,6.3531880378723145,10.58010482788086,127.00393676757812,0.3198690257352941,91.60874938964844,345,75,75,1,1.0
Rowing/v_Rowing_g05_c01.avi,0.8572213649749756,2.052546501159668,33.0,0.6587798713235294,49.39656829833984,325,75,75,1,1.0
Rowing/v_Rowing_g05_c02.avi,2.127337455749512,4.683893203735352,58.13776779174805,0.5553193933823529,161.95407104492188,341,75,75,1,1.0
Rowing/v_Rowing_g05_c03.avi,6.670157909393311,11.84153175354004,102.31324768066406,0.4691544117647059,506.1368103027344,413,75,75,1,1.0
Rowing/v_Rowing_g05_c04.avi,1.0789804458618164,2.734029769897461,26.0,0.716764705882353,42.86280059814453,425,75,75,1,1.0
Rowing/v_Rowing_g06_c01.avi,1.6465972661972046,2.795271396636963,32.24903106689453,0.4788648897058823,37.71623992919922,324,75,75,1,1.0
Rowing/v_Rowing_g06_c02.avi,2.7176809310913086,4.778019428253174,85.02352905273438,0.3570059742647058,56.55236053466797,411,75,75,1,1.0
Rowing/v_Rowing_g06_c03.avi,1.7056273221969604,2.9512646198272705,32.0,0.4731295955882353,25.2976016998291,306,75,75,1,1.0
Rowing/v_Rowing_g06_c04.avi,3.7201695442199703,5.227226257324219,75.02666473388672,0.2139728860294117,35.11515808105469,291,75,75,1,1.0
Rowing/v_Rowing_g07_c01.avi,1.1166527271270752,1.9180735349655151,29.154760360717773,0.5589958639705882,75.14897155761719,187,75,75,1,1.0
Rowing/v_Rowing_g07_c02.avi,2.555457592010498,4.179919242858887,45.0444221496582,0.4285776654411765,167.700927734375,273,75,75,1,1.0
Rowing/v_Rowing_g07_c03.avi,3.0769760608673096,6.543654441833496,86.35391998291016,0.3514590992647058,302.7603454589844,265,75,75,1,0.9999617338180542
Rowing/v_Rowing_g07_c04.avi,2.385233163833618,3.075551986694336,27.0,0.3722173713235294,248.8782501220703,313,75,75,1,0.9999986886978148
Rowing/v_Rowing_g07_c05.avi,2.0878820419311523,2.9152863025665283,28.07133674621582,0.3865418198529411,326.6324768066406,344,75,75,1,0.9999997615814208
SalsaSpin/v_SalsaSpin_g01_c01.avi,2.456033945083618,4.122449398040772,51.4781494140625,0.3251286764705882,488.7692260742188,166,76,76,1,0.9991557598114014
SalsaSpin/v_SalsaSpin_g01_c02.avi,1.0619838237762451,2.297677755355835,32.75667953491211,0.5749379595588235,331.8370666503906,166,76,76,1,0.9999991655349731
SalsaSpin/v_SalsaSpin_g01_c03.avi,1.6838451623916626,3.982889413833618,51.19570159912109,0.5451585477941177,339.60333251953125,166,76,57,0,0.8751610517501831
SalsaSpin/v_SalsaSpin_g01_c04.avi,1.8410758972167969,4.059535026550293,49.0,0.5354159007352941,407.6658325195313,166,76,76,1,0.9990656971931458
SalsaSpin/v_SalsaSpin_g01_c05.avi,0.8138604164123535,2.313096284866333,28.160255432128903,0.7333318014705882,269.3040466308594,166,76,76,1,0.9995359182357788
SalsaSpin/v_SalsaSpin_g01_c06.avi,4.222114086151123,5.6226806640625,66.70832061767578,0.2506158088235294,549.4556884765625,166,76,57,0,0.5956494212150574
SalsaSpin/v_SalsaSpin_g01_c07.avi,1.7400717735290527,3.755720853805542,39.81205749511719,0.5309283088235294,460.0520629882813,166,76,76,1,1.0
SalsaSpin/v_SalsaSpin_g02_c01.avi,8.753860473632812,7.52448558807373,68.3081283569336,0.1353377757352941,655.8617553710938,332,76,76,1,0.999755322933197
SalsaSpin/v_SalsaSpin_g02_c02.avi,6.975846767425537,6.349148750305176,60.074954986572266,0.1147564338235294,291.20367431640625,332,76,54,0,0.9537315964698792
SalsaSpin/v_SalsaSpin_g02_c03.avi,5.266070365905762,7.589097499847412,60.20797348022461,0.1677251838235294,223.5602569580078,332,76,76,1,0.9997615218162536
SalsaSpin/v_SalsaSpin_g02_c04.avi,6.168848037719727,5.255363941192627,50.0,0.0688051470588235,230.2103729248047,332,76,76,1,0.9992051720619202
SalsaSpin/v_SalsaSpin_g02_c05.avi,5.142247200012207,5.233269214630127,38.20994567871094,0.1374287683823529,196.7963104248047,332,76,76,1,0.8999539017677307
SalsaSpin/v_SalsaSpin_g02_c06.avi,8.403538703918457,11.086697578430176,115.84903717041016,0.1630721507352941,417.1154174804688,332,76,55,0,0.9967143535614014
SalsaSpin/v_SalsaSpin_g02_c07.avi,3.418844223022461,4.144779682159424,38.60051727294922,0.2192693014705882,192.55172729492188,332,76,76,1,0.9999794960021972
SalsaSpin/v_SalsaSpin_g03_c01.avi,3.8649868965148926,6.197052001953125,67.60177612304688,0.3238648897058823,412.8526916503906,167,76,76,1,1.0
SalsaSpin/v_SalsaSpin_g03_c02.avi,2.878994941711426,4.12923526763916,43.0,0.3094117647058823,465.64208984375,167,76,76,1,1.0
SalsaSpin/v_SalsaSpin_g03_c03.avi,4.0506134033203125,6.213550090789795,61.13100814819336,0.3418979779411765,489.1107482910156,167,76,76,1,1.0
SalsaSpin/v_SalsaSpin_g03_c04.avi,3.4708564281463623,6.710992813110352,66.27216339111328,0.3392738970588235,442.1048278808594,167,76,76,1,1.0
SalsaSpin/v_SalsaSpin_g03_c05.avi,3.3498880863189697,4.356233596801758,53.0,0.2983892463235294,420.3084106445313,167,76,76,1,1.0
SalsaSpin/v_SalsaSpin_g03_c06.avi,2.763221979141236,4.128532409667969,45.27692413330078,0.3678745404411764,438.3399353027344,167,76,76,1,1.0
SalsaSpin/v_SalsaSpin_g04_c01.avi,2.577413558959961,3.625401258468628,53.93514633178711,0.1945404411764706,129.267578125,332,76,76,1,1.0
SalsaSpin/v_SalsaSpin_g04_c02.avi,4.314408779144287,8.180767059326172,63.89052963256836,0.3707146139705882,179.62405395507812,332,76,76,1,1.0
SalsaSpin/v_SalsaSpin_g04_c03.avi,5.288165092468262,8.813545227050781,82.37718200683594,0.2639912683823529,272.8355712890625,332,76,76,1,1.0
SalsaSpin/v_SalsaSpin_g04_c04.avi,7.800980091094971,13.34137725830078,89.55445098876953,0.2363419117647058,447.1694946289063,332,76,76,1,1.0
SalsaSpin/v_SalsaSpin_g04_c05.avi,4.872645378112793,7.057418823242188,83.16850280761719,0.1827297794117647,212.9628448486328,332,76,76,1,0.9999998807907104
SalsaSpin/v_SalsaSpin_g04_c06.avi,2.8491461277008057,3.8755624294281006,42.72002029418945,0.1618198529411764,146.1138458251953,332,76,76,1,0.9999982118606568
SalsaSpin/v_SalsaSpin_g05_c01.avi,4.235134601593018,5.238987922668457,52.39274597167969,0.2591153492647058,265.4829406738281,199,76,76,1,0.9999998807907104
SalsaSpin/v_SalsaSpin_g05_c02.avi,2.294041633605957,3.220048427581787,36.0,0.2630606617647059,283.4205627441406,199,76,76,1,0.9999816417694092
SalsaSpin/v_SalsaSpin_g05_c03.avi,1.932803511619568,2.770792007446289,36.0,0.3515188419117647,171.99545288085938,199,76,76,1,1.0
SalsaSpin/v_SalsaSpin_g05_c04.avi,3.454620361328125,5.435343265533447,50.28916549682617,0.4164476102941176,212.8290100097656,199,76,76,1,1.0
SalsaSpin/v_SalsaSpin_g05_c05.avi,2.236600875854492,3.136998414993286,32.06243896484375,0.3072564338235294,207.8566436767578,199,76,76,1,0.9999977350234984
SalsaSpin/v_SalsaSpin_g05_c06.avi,4.82325553894043,7.314376831054687,55.4707145690918,0.2754296875,347.9584045410156,199,76,76,1,1.0
SalsaSpin/v_SalsaSpin_g06_c01.avi,2.388491153717041,4.570232391357422,37.01351165771485,0.5187454044117648,96.50982666015624,166,76,76,1,1.0
SalsaSpin/v_SalsaSpin_g06_c02.avi,1.7648133039474487,3.9978063106536874,39.21734237670898,0.6028193933823529,108.6298828125,166,76,76,1,1.0
SalsaSpin/v_SalsaSpin_g06_c03.avi,1.324542760848999,2.959933996200561,39.81205749511719,0.5784995404411765,100.2053680419922,166,76,76,1,1.0
SalsaSpin/v_SalsaSpin_g06_c04.avi,2.408917188644409,5.346591472625732,51.865211486816406,0.5501861213235294,101.7942123413086,166,76,76,1,1.0
SalsaSpin/v_SalsaSpin_g06_c05.avi,1.685416340827942,3.531364679336548,38.89730072021485,0.5812454044117648,114.53265380859376,166,76,76,1,1.0
SalsaSpin/v_SalsaSpin_g07_c01.avi,2.6397862434387207,3.966631174087525,39.5600814819336,0.3198828125,423.6961059570313,166,76,76,1,1.0
SalsaSpin/v_SalsaSpin_g07_c02.avi,5.345712661743164,7.100828170776367,55.57877349853516,0.2074494485294117,388.96038818359375,166,76,76,1,0.9999998807907104
SalsaSpin/v_SalsaSpin_g07_c03.avi,6.743992328643799,10.013691902160645,77.36924743652344,0.2180514705882353,707.9028930664062,166,76,76,1,0.9999998807907104
SalsaSpin/v_SalsaSpin_g07_c04.avi,5.770537853240967,7.017194747924805,102.4743881225586,0.1783478860294117,622.781005859375,166,76,76,1,0.9999955892562866
SalsaSpin/v_SalsaSpin_g07_c05.avi,6.740964412689209,10.93307399749756,69.05070495605469,0.3172886029411764,502.80511474609375,166,76,76,1,0.9999998807907104
SalsaSpin/v_SalsaSpin_g07_c06.avi,3.2971742153167725,6.111203670501709,61.717098236083984,0.39125,442.1246643066406,166,76,76,1,0.9999994039535522
ShavingBeard/v_ShavingBeard_g01_c01.avi,1.7409780025482178,2.1298203468322754,20.0,0.3520059742647058,35.758419036865234,126,77,77,1,1.0
ShavingBeard/v_ShavingBeard_g01_c02.avi,3.227988004684448,5.557865619659424,59.41380310058594,0.3383892463235294,56.4313850402832,136,77,77,1,0.9999988079071044
ShavingBeard/v_ShavingBeard_g01_c03.avi,2.31280255317688,3.6795594692230233,44.59820556640625,0.4297633272058823,40.96084213256836,129,77,77,1,1.0
ShavingBeard/v_ShavingBeard_g01_c04.avi,1.8293840885162356,2.725626230239868,37.94733047485352,0.3916590073529412,68.11128234863281,90,77,77,1,0.9999914169311525
ShavingBeard/v_ShavingBeard_g02_c01.avi,1.418052077293396,2.329226493835449,25.70992088317871,0.5255284926470588,76.76634216308594,178,77,0,0,0.6141718029975891
ShavingBeard/v_ShavingBeard_g02_c02.avi,1.381478786468506,2.2844181060791016,30.066593170166016,0.5208639705882353,35.34672927856445,192,77,0,0,0.7249773144721985
ShavingBeard/v_ShavingBeard_g02_c03.avi,1.2776309251785278,2.0943822860717773,22.13594436645508,0.5238488051470588,24.06772232055664,190,77,77,1,1.0
ShavingBeard/v_ShavingBeard_g02_c04.avi,1.2934154272079468,1.8503167629241943,21.02379608154297,0.4622748161764706,43.895973205566406,146,77,77,1,1.0
ShavingBeard/v_ShavingBeard_g02_c05.avi,1.281577467918396,2.0560765266418457,20.880613327026367,0.4893772977941176,36.59906768798828,178,77,77,1,0.9960667490959167
ShavingBeard/v_ShavingBeard_g02_c06.avi,1.1429774761199951,1.926068902015686,19.10497283935547,0.5287109375,36.5070915222168,202,77,77,1,1.0
ShavingBeard/v_ShavingBeard_g02_c07.avi,0.9910638332366944,1.5577068328857422,17.029386520385742,0.5542876838235294,31.538837432861328,249,77,77,1,1.0
ShavingBeard/v_ShavingBeard_g03_c01.avi,2.679996490478516,7.241912841796875,88.32327270507812,0.5698621323529411,336.1332397460937,97,77,77,1,1.0
ShavingBeard/v_ShavingBeard_g03_c02.avi,2.0297229290008545,4.2151288986206055,32.0,0.5945909926470588,193.28038024902344,97,77,77,1,1.0
ShavingBeard/v_ShavingBeard_g03_c03.avi,0.9613102674484252,2.8682937622070312,29.068883895874023,0.7298897058823529,135.571044921875,104,77,77,1,1.0
ShavingBeard/v_ShavingBeard_g03_c04.avi,1.17121422290802,2.619962215423584,25.612497329711918,0.6661190257352941,61.009742736816406,105,77,77,1,1.0
ShavingBeard/v_ShavingBeard_g03_c05.avi,1.0387108325958252,2.1556813716888428,16.0,0.6591911764705882,36.69709396362305,182,77,77,1,1.0
ShavingBeard/v_ShavingBeard_g03_c06.avi,1.2682143449783323,2.6379663944244385,31.0161247253418,0.6200390625,84.4158935546875,148,77,77,1,1.0
ShavingBeard/v_ShavingBeard_g03_c07.avi,1.2349408864974976,2.772091627120972,30.01666259765625,0.7003102022058824,84.4249496459961,156,77,77,1,1.0
ShavingBeard/v_ShavingBeard_g04_c01.avi,0.7080439329147339,3.962557315826416,70.25667572021484,0.8557720588235294,36.80588912963867,221,77,77,1,1.0
ShavingBeard/v_ShavingBeard_g04_c02.avi,1.2869337797164917,4.879517555236816,93.13430786132812,0.7614154411764706,81.16319274902344,177,77,77,1,1.0
ShavingBeard/v_ShavingBeard_g04_c03.avi,0.6477874517440796,3.476073265075684,72.00694274902344,0.8159191176470588,25.097431182861328,190,77,77,1,1.0
ShavingBeard/v_ShavingBeard_g04_c04.avi,0.6689627170562744,3.1236932277679443,55.54277801513672,0.8342670036764706,53.40753173828125,210,77,77,1,0.9999912977218628
ShavingBeard/v_ShavingBeard_g05_c01.avi,2.127920389175415,3.924081325531006,26.07680892944336,0.6020427389705882,92.60438537597656,499,77,19,0,0.5425722599029541
ShavingBeard/v_ShavingBeard_g05_c02.avi,2.1937899589538574,5.4365057945251465,43.73785400390625,0.5929044117647059,132.5081329345703,506,77,77,1,0.8123868703842163
ShavingBeard/v_ShavingBeard_g05_c03.avi,0.8598464727401733,2.0676300525665283,17.69180679321289,0.6791360294117647,48.50860595703125,507,77,77,1,0.999841332435608
ShavingBeard/v_ShavingBeard_g05_c04.avi,1.5757124423980713,4.562590599060059,45.25483322143555,0.6675436580882353,89.06663513183594,499,77,77,1,1.0
ShavingBeard/v_ShavingBeard_g05_c05.avi,0.8247513175010681,1.892503261566162,20.615528106689453,0.6969370404411764,91.0393524169922,520,77,77,1,1.0
ShavingBeard/v_ShavingBeard_g05_c06.avi,2.031677722930908,3.6288437843322754,27.459060668945312,0.5447265625,88.64705657958984,520,77,77,1,0.999981164932251
ShavingBeard/v_ShavingBeard_g05_c07.avi,5.336030006408691,9.617137908935549,67.00746154785156,0.5255514705882353,283.9169311523437,527,77,19,0,0.8916113972663879
ShavingBeard/v_ShavingBeard_g06_c01.avi,3.676779985427856,4.407063961029053,34.438350677490234,0.2160271139705882,108.0341796875,180,77,77,1,1.0
ShavingBeard/v_ShavingBeard_g06_c02.avi,1.397713541984558,1.724172592163086,21.931713104248047,0.3727136948529412,28.65028953552246,203,77,77,1,0.9924246072769164
ShavingBeard/v_ShavingBeard_g06_c03.avi,1.8358230590820312,2.3818905353546143,29.017236709594727,0.3489751838235294,44.894073486328125,187,77,77,1,1.0
ShavingBeard/v_ShavingBeard_g06_c04.avi,2.278972625732422,3.067625045776367,41.04875183105469,0.2081617647058823,38.04994583129883,278,77,77,1,0.998397409915924
ShavingBeard/v_ShavingBeard_g06_c05.avi,2.556654214859009,3.197188138961792,30.08321762084961,0.2854894301470588,78.51302337646484,358,77,77,1,0.9922673106193542
ShavingBeard/v_ShavingBeard_g06_c06.avi,3.624261140823364,4.057309627532959,58.79625701904297,0.1142003676470588,106.67918395996094,179,77,77,1,1.0
ShavingBeard/v_ShavingBeard_g06_c07.avi,2.594925880432129,3.940000534057617,33.61547088623047,0.3691268382352941,71.9986801147461,250,77,0,0,0.9343459010124208
ShavingBeard/v_ShavingBeard_g07_c01.avi,0.4166947901248932,1.2016881704330444,14.142135620117188,0.8190969669117647,65.32061767578125,228,77,77,1,1.0
ShavingBeard/v_ShavingBeard_g07_c02.avi,0.8332242369651794,2.963754653930664,52.0,0.7913511029411765,60.80562210083008,230,77,77,1,1.0
ShavingBeard/v_ShavingBeard_g07_c03.avi,0.679867148399353,2.086280107498169,19.0,0.7905009191176471,41.68620681762695,264,77,77,1,1.0
ShavingBeard/v_ShavingBeard_g07_c04.avi,0.6645154356956482,1.9420862197875977,23.76972770690918,0.7907904411764706,85.63516998291016,229,77,77,1,0.9996169805526732
ShavingBeard/v_ShavingBeard_g07_c05.avi,0.7982613444328308,2.104098081588745,25.079872131347656,0.7570886948529412,72.95732116699219,313,77,77,1,0.999998927116394
ShavingBeard/v_ShavingBeard_g07_c06.avi,0.4670641124248504,1.5712449550628662,23.021728515625,0.8124609375,41.261077880859375,385,77,77,1,0.999697208404541
ShavingBeard/v_ShavingBeard_g07_c07.avi,0.4494339525699615,1.3787262439727783,18.0,0.8265602022058823,64.32542419433594,385,77,77,1,1.0
Shotput/v_Shotput_g01_c01.avi,0.331084281206131,1.0690399408340454,16.0,0.8171691176470588,28.5863094329834,61,78,78,1,1.0
Shotput/v_Shotput_g01_c02.avi,1.170628309249878,2.472248315811157,44.72135925292969,0.5005882352941177,220.60226440429688,101,78,78,1,1.0
Shotput/v_Shotput_g01_c03.avi,0.8312395215034485,2.90378999710083,48.10405349731445,0.7040808823529412,168.98126220703125,94,78,78,1,1.0
Shotput/v_Shotput_g01_c04.avi,1.0117257833480835,2.4899098873138428,46.04345703125,0.4987867647058823,129.8176727294922,91,78,78,1,1.0
Shotput/v_Shotput_g01_c05.avi,1.4312899112701416,3.2722201347351074,56.4358024597168,0.43515625,287.3275146484375,97,78,78,1,1.0
Shotput/v_Shotput_g01_c06.avi,1.45334792137146,2.7272560596466064,44.0,0.5673828125,131.22779846191406,101,78,78,1,1.0
Shotput/v_Shotput_g01_c07.avi,1.1808799505233765,3.2174086570739746,59.64059066772461,0.6141911764705882,224.6840057373047,101,78,78,1,1.0
Shotput/v_Shotput_g02_c01.avi,0.0954721048474311,0.6078307628631592,10.0,0.954935661764706,17.25826644897461,84,78,6,0,0.9996485710144044
Shotput/v_Shotput_g02_c02.avi,0.1864253729581833,0.995871603488922,18.439088821411133,0.9372058823529412,38.36339569091797,89,78,6,0,0.9755836725234984
Shotput/v_Shotput_g02_c03.avi,0.0924131870269775,0.5799664258956909,9.219544410705566,0.9563970588235294,27.948375701904297,72,78,56,0,0.8763142228126526
Shotput/v_Shotput_g02_c04.avi,0.0802656039595604,0.550240695476532,16.0,0.9634926470588236,30.690465927124023,75,78,6,0,0.9238436222076416
Shotput/v_Shotput_g02_c05.avi,0.1108798906207084,0.5491293668746948,6.324555397033691,0.9402458639705882,34.12512969970703,93,78,6,0,0.7804411053657532
Shotput/v_Shotput_g02_c06.avi,0.2498871386051178,1.169722318649292,14.317821502685549,0.9259926470588236,70.70357513427734,70,78,50,0,0.6328110694885254
Shotput/v_Shotput_g02_c07.avi,0.2528172731399536,1.1877703666687012,20.0,0.9158685661764706,108.6279525756836,87,78,50,0,0.8422418236732483
Shotput/v_Shotput_g03_c01.avi,0.2137568444013595,0.7768476605415344,16.031219482421875,0.8827573529411765,10.825247764587402,70,78,22,0,0.9999998807907104
Shotput/v_Shotput_g03_c02.avi,0.1878538280725479,0.6542164087295532,9.0,0.888639705882353,16.341522216796875,84,78,78,1,0.5659534335136414
Shotput/v_Shotput_g03_c03.avi,0.1900774091482162,0.7939953207969666,14.0,0.8940808823529411,19.1752986907959,69,78,22,0,0.9999969005584716
Shotput/v_Shotput_g03_c04.avi,0.2848677337169647,1.077749252319336,22.0,0.869375,37.71464920043945,90,78,22,0,0.999981164932251
Shotput/v_Shotput_g03_c05.avi,0.1150000020861625,0.5485367774963379,8.0,0.933970588235294,2.2983932495117188,65,78,22,0,0.9999523162841796
Shotput/v_Shotput_g03_c06.avi,0.2033661305904388,0.7438226938247681,10.0,0.8906617647058823,16.957042694091797,84,78,22,0,0.9999731779098512
Shotput/v_Shotput_g04_c01.avi,1.892728805541992,3.731122970581055,55.03635025024414,0.4687591911764706,345.90106201171875,79,78,78,1,0.999990463256836
Shotput/v_Shotput_g04_c02.avi,2.035005807876587,4.222271919250488,48.70318222045898,0.5882352941176471,190.68402099609372,76,78,78,1,1.0
Shotput/v_Shotput_g04_c03.avi,1.0759602785110474,2.11022424697876,34.0,0.6069508272058823,167.7685089111328,85,78,78,1,1.0
Shotput/v_Shotput_g04_c04.avi,1.5079723596572876,3.392554759979248,40.199501037597656,0.6185248161764706,526.7227783203125,90,78,78,1,1.0
Shotput/v_Shotput_g04_c05.avi,2.145537137985229,3.2254014015197754,32.140316009521484,0.4222564338235294,530.4861450195312,72,78,78,1,1.0
Shotput/v_Shotput_g05_c01.avi,1.479304313659668,2.360767364501953,22.022714614868164,0.5426171875,70.29457092285156,67,78,78,1,0.8961918950080872
Shotput/v_Shotput_g05_c02.avi,1.210067629814148,1.9032331705093384,18.0,0.5403929227941177,69.88349914550781,130,78,78,1,0.8737133741378784
Shotput/v_Shotput_g05_c03.avi,1.1361232995986938,2.0353963375091557,26.0,0.4948184742647059,85.77119445800781,130,78,78,1,0.998706579208374
Shotput/v_Shotput_g05_c04.avi,0.8527664542198181,3.564176559448242,52.009613037109375,0.7949172794117647,18.255460739135746,125,78,78,1,0.9999998807907104
Shotput/v_Shotput_g05_c05.avi,1.4214476346969604,2.522303342819214,35.0,0.4369301470588235,118.66682434082033,132,78,78,1,0.9996633529663086
Shotput/v_Shotput_g05_c06.avi,0.3676320910453796,0.7892680764198303,13.03840446472168,0.7371920955882353,10.215803146362305,125,78,78,1,1.0
Shotput/v_Shotput_g05_c07.avi,5.67626953125,8.280996322631836,43.046485900878906,0.2374586397058823,199.7786865234375,150,78,78,1,0.9999998807907104
Shotput/v_Shotput_g06_c01.avi,2.5252764225006104,4.167182922363281,56.03570175170898,0.422890625,208.45083618164065,101,78,78,1,0.9999988079071044
Shotput/v_Shotput_g06_c02.avi,4.4363932609558105,5.754283905029297,72.06246948242188,0.3158961397058824,278.8109436035156,101,78,78,1,0.9999936819076538
Shotput/v_Shotput_g06_c03.avi,3.267055988311768,5.336850643157959,63.12685775756836,0.3444140625,282.94903564453125,88,78,78,1,0.9999998807907104
Shotput/v_Shotput_g06_c04.avi,1.3917335271835327,3.2975456714630127,43.046485900878906,0.6020955882352941,153.80247497558594,95,78,78,1,0.9999539852142334
Shotput/v_Shotput_g06_c05.avi,3.2456862926483154,4.48177433013916,51.61395263671875,0.3196277573529412,312.5330505371094,86,78,78,1,0.9999713897705078
Shotput/v_Shotput_g06_c06.avi,4.166879653930664,5.462337970733643,65.6201171875,0.3025275735294118,362.046875,90,78,78,1,0.9999986886978148
Shotput/v_Shotput_g06_c07.avi,2.56040620803833,4.410722255706787,61.52235412597656,0.3986420036764705,277.3246765136719,101,78,78,1,0.9999781847000122
Shotput/v_Shotput_g07_c01.avi,1.6288719177246094,7.55725622177124,110.45361328125,0.7901148897058824,212.8084259033203,78,78,78,1,0.9997491240501404
Shotput/v_Shotput_g07_c02.avi,0.4867536127567291,1.0811985731124878,15.264337539672852,0.6771691176470588,45.779335021972656,64,78,78,1,0.998421549797058
Shotput/v_Shotput_g07_c03.avi,0.6536655426025391,2.642850875854492,32.06243896484375,0.8502573529411764,69.86750793457031,70,78,92,0,0.9999995231628418
Shotput/v_Shotput_g07_c04.avi,2.133329391479492,5.517360687255859,69.65629577636719,0.5388993566176471,258.2566223144531,80,78,78,1,0.9999996423721312
Shotput/v_Shotput_g07_c05.avi,3.28504490852356,4.7981719970703125,55.56977462768555,0.3153745404411764,188.97555541992188,80,78,78,1,0.9997932314872742
Shotput/v_Shotput_g07_c06.avi,2.520010232925415,5.613719940185547,57.14017868041992,0.3754067095588235,264.5911560058594,59,78,78,1,0.9825452566146852
Shotput/v_Shotput_g07_c07.avi,1.7437660694122314,5.034576892852783,76.41989135742188,0.5300344669117647,275.2928466796875,77,78,78,1,0.8364718556404114
SkateBoarding/v_SkateBoarding_g01_c01.avi,5.508505344390869,8.219056129455566,60.0,0.3824908088235294,257.83233642578125,201,79,79,1,0.7669069766998291
SkateBoarding/v_SkateBoarding_g01_c02.avi,4.405205249786377,8.185369491577148,75.0,0.4247725183823529,162.99102783203125,174,79,37,0,0.9385792016983032
SkateBoarding/v_SkateBoarding_g01_c03.avi,12.43767261505127,15.739723205566406,74.02702331542969,0.2165762867647059,341.7804870605469,111,79,80,0,0.9844584465026855
SkateBoarding/v_SkateBoarding_g01_c04.avi,4.831672191619873,6.235986232757568,39.29376602172852,0.3303400735294117,39.08968353271485,167,79,10,0,0.9999570846557616
SkateBoarding/v_SkateBoarding_g02_c01.avi,4.395160675048828,5.952719211578369,44.55333709716797,0.3480652573529412,408.3606262207031,368,79,79,1,1.0
SkateBoarding/v_SkateBoarding_g02_c02.avi,1.5038814544677734,3.546938896179199,28.0,0.6622426470588235,29.3615779876709,127,79,44,0,0.7051430940628052
SkateBoarding/v_SkateBoarding_g02_c03.avi,10.838769912719728,13.807047843933104,98.04590606689452,0.1981870404411764,178.8900146484375,110,79,80,0,0.9999996423721312
SkateBoarding/v_SkateBoarding_g02_c04.avi,7.5567450523376465,10.96296215057373,57.07889175415039,0.3294347426470588,716.1401977539062,76,79,79,1,1.0
SkateBoarding/v_SkateBoarding_g02_c05.avi,15.40729522705078,18.682531356811523,170.42593383789062,0.1750850183823529,1422.1788330078125,111,79,79,1,0.9999974966049194
SkateBoarding/v_SkateBoarding_g02_c06.avi,14.642122268676758,16.945720672607422,105.385009765625,0.2183226102941176,551.7928466796875,299,79,79,1,1.0
SkateBoarding/v_SkateBoarding_g03_c01.avi,2.2589921951293945,3.098227262496948,22.20360374450684,0.3954044117647058,70.15513610839844,125,79,79,1,1.0
SkateBoarding/v_SkateBoarding_g03_c02.avi,1.9366976022720337,2.59119200706482,16.0,0.4297794117647059,58.00725173950195,125,79,79,1,1.0
SkateBoarding/v_SkateBoarding_g03_c03.avi,1.7311100959777832,2.445919752120972,16.031219482421875,0.4412132352941176,68.10502624511719,125,79,79,1,1.0
SkateBoarding/v_SkateBoarding_g03_c04.avi,6.0189385414123535,8.713573455810547,66.00757598876953,0.2800413602941176,192.02813720703125,127,79,79,1,1.0
SkateBoarding/v_SkateBoarding_g04_c01.avi,8.221904754638672,11.999226570129396,79.30951690673828,0.2247058823529411,417.1340942382813,105,79,79,1,1.0
SkateBoarding/v_SkateBoarding_g04_c02.avi,9.145459175109863,13.664429664611816,89.53770446777344,0.2336397058823529,360.5608825683594,144,79,79,1,1.0
SkateBoarding/v_SkateBoarding_g04_c03.avi,14.421027183532717,13.995400428771973,103.3924560546875,0.0543106617647058,606.2921752929688,90,79,79,1,1.0
SkateBoarding/v_SkateBoarding_g04_c04.avi,14.326329231262209,17.22121810913086,122.00409698486328,0.2107375919117647,780.2879028320312,134,79,79,1,1.0
SkateBoarding/v_SkateBoarding_g04_c05.avi,6.944877624511719,9.537094116210938,95.52486419677734,0.2732169117647058,261.9515075683594,102,79,79,1,1.0
SkateBoarding/v_SkateBoarding_g05_c01.avi,6.430917263031006,8.300041198730469,75.80237579345703,0.2028033088235294,678.4277954101562,139,79,51,0,0.9986513257026672
SkateBoarding/v_SkateBoarding_g05_c02.avi,9.997127532958984,13.503629684448242,83.6779556274414,0.1395749080882353,943.2271728515624,103,79,83,0,0.7288672924041748
SkateBoarding/v_SkateBoarding_g05_c03.avi,6.070065975189209,6.646085262298584,40.4474983215332,0.1089797794117647,733.2435302734375,159,79,51,0,0.9574512839317322
SkateBoarding/v_SkateBoarding_g05_c04.avi,1.3271484375,2.4713079929351807,27.20294189453125,0.4228216911764706,117.19468688964844,184,79,79,1,0.9978256821632384
SkateBoarding/v_SkateBoarding_g06_c01.avi,4.561216831207275,5.829303741455078,51.244510650634766,0.2812844669117647,124.03692626953124,128,79,79,1,1.0
SkateBoarding/v_SkateBoarding_g06_c02.avi,9.605180740356444,10.021539688110352,86.14522552490234,0.0742991727941176,334.90533447265625,149,79,79,1,1.0
SkateBoarding/v_SkateBoarding_g06_c03.avi,1.9614256620407104,3.044609546661377,29.0,0.4366268382352941,29.278759002685547,122,79,79,1,1.0
SkateBoarding/v_SkateBoarding_g06_c04.avi,14.680543899536133,17.453065872192383,113.4372100830078,0.0548000919117647,440.1226196289063,149,79,79,1,1.0
SkateBoarding/v_SkateBoarding_g07_c01.avi,8.741744995117188,10.240639686584473,94.64142608642578,0.2588350183823529,430.69818115234375,145,79,79,1,1.0
SkateBoarding/v_SkateBoarding_g07_c02.avi,8.279306411743164,12.29952621459961,96.04686737060548,0.2664430147058823,514.4948120117188,198,79,79,1,1.0
SkateBoarding/v_SkateBoarding_g07_c03.avi,1.996095895767212,4.658681392669678,32.06243896484375,0.6234283088235294,128.44871520996094,184,79,79,1,1.0
SkateBoarding/v_SkateBoarding_g07_c04.avi,15.31448459625244,14.544787406921388,117.88553619384766,0.0322081801470588,613.2874145507812,171,79,79,1,1.0
SkateBoarding/v_SkateBoarding_g07_c05.avi,8.754375457763672,11.238004684448242,113.28282928466795,0.2133295036764705,319.1854553222656,148,79,79,1,1.0
Skiing/v_Skiing_g01_c01.avi,32.79600524902344,33.38779830932617,192.0,0.0381066176470588,415.3381958007813,239,80,80,1,1.0
Skiing/v_Skiing_g01_c02.avi,1.481063723564148,1.3909562826156616,14.0,0.3435661764705882,9.680109977722168,243,80,80,1,1.0
Skiing/v_Skiing_g01_c03.avi,0.2034005671739578,0.649962842464447,11.0,0.855625,8.03373908996582,244,80,80,1,1.0
Skiing/v_Skiing_g01_c04.avi,2.269192934036255,2.394739389419556,29.0,0.2906272977941176,114.3379364013672,251,80,80,1,0.9997381567955016
Skiing/v_Skiing_g01_c05.avi,7.324741840362549,9.560239791870115,55.57877349853516,0.2078653492647058,149.91693115234375,259,80,80,1,0.9596885442733764
Skiing/v_Skiing_g01_c06.avi,11.553574562072754,12.548102378845217,50.0,0.144641544117647,151.42874145507812,173,80,80,1,0.9999996423721312
Skiing/v_Skiing_g02_c01.avi,18.923046112060547,30.118587493896484,164.1249542236328,0.2392601102941176,600.7180786132812,174,80,80,1,1.0
Skiing/v_Skiing_g02_c02.avi,9.13026523590088,12.614035606384276,141.088623046875,0.2613855698529412,213.5201873779297,201,80,80,1,1.0
Skiing/v_Skiing_g02_c03.avi,12.955504417419434,16.582992553710938,207.0,0.2209857536764705,217.9580078125,199,80,80,1,1.0
Skiing/v_Skiing_g02_c04.avi,23.7432861328125,32.03394317626953,243.0,0.1830445772058823,208.56802368164065,176,80,80,1,1.0
Skiing/v_Skiing_g02_c05.avi,39.38323593139648,52.7808723449707,334.05389404296875,0.2084443933823529,1452.35546875,117,80,80,1,1.0
Skiing/v_Skiing_g03_c01.avi,2.8337697982788086,4.188272953033447,32.649654388427734,0.4023046875,228.83645629882807,207,80,80,1,1.0
Skiing/v_Skiing_g03_c02.avi,8.295753479003906,9.459492683410645,58.0,0.2337316176470588,540.5740356445312,109,80,80,1,1.0
Skiing/v_Skiing_g03_c03.avi,13.15095043182373,21.78704833984375,151.00331115722656,0.2566337316176471,757.4354248046875,205,80,80,1,0.9999998807907104
Skiing/v_Skiing_g03_c04.avi,3.4728541374206543,5.802957057952881,64.66065216064453,0.5108823529411765,209.38424682617188,307,80,79,0,0.999929666519165
Skiing/v_Skiing_g03_c05.avi,5.259137153625488,6.900542259216309,81.3019027709961,0.3540188419117647,199.6508026123047,229,80,80,1,0.997882068157196
Skiing/v_Skiing_g03_c06.avi,5.545812606811523,6.113381385803223,40.0,0.2161626838235294,225.5666046142578,299,80,80,1,1.0
Skiing/v_Skiing_g03_c07.avi,7.542180061340332,9.132640838623049,62.96824645996094,0.3294829963235294,337.62530517578125,299,80,54,0,0.98002028465271
Skiing/v_Skiing_g04_c01.avi,4.878412246704102,2.8713786602020264,24.08318901062012,0.0153492647058823,137.0449676513672,229,80,80,1,0.9933602213859558
Skiing/v_Skiing_g04_c02.avi,5.7668328285217285,4.242206573486328,24.33105087280273,0.0225666360294117,163.44400024414062,251,80,80,1,0.9932611584663392
Skiing/v_Skiing_g04_c03.avi,9.0114107131958,14.630016326904297,51.03919982910156,0.561256893382353,34.29734420776367,153,80,80,1,1.0
Skiing/v_Skiing_g04_c04.avi,11.948204040527344,11.654669761657717,53.75872039794922,0.1973046875,36.37946319580078,199,80,80,1,1.0
Skiing/v_Skiing_g04_c05.avi,6.95318078994751,6.2494940757751465,23.194826126098636,0.3813212316176471,22.86797142028809,198,80,80,1,0.9994433522224426
Skiing/v_Skiing_g04_c06.avi,3.2743093967437744,3.3434741497039795,27.20294189453125,0.1320772058823529,27.38053321838379,186,80,80,1,1.0
Skiing/v_Skiing_g04_c07.avi,9.70361328125,8.674159049987793,40.49691390991211,0.0871139705882352,171.40574645996094,278,80,80,1,0.9950321912765504
Skiing/v_Skiing_g05_c01.avi,2.890178918838501,2.905381202697754,15.65247631072998,0.2853676470588235,26.641002655029297,183,80,80,1,0.9999954700469972
Skiing/v_Skiing_g05_c02.avi,17.838172912597656,22.71525001525879,206.3128662109375,0.1174793198529411,205.932861328125,107,80,80,1,1.0
Skiing/v_Skiing_g05_c03.avi,11.359172821044922,11.883641242980955,72.13875579833984,0.0528998161764705,130.16708374023438,277,80,80,1,1.0
Skiing/v_Skiing_g05_c04.avi,7.848414421081543,11.268807411193848,111.25196838378906,0.2273988970588235,227.1784210205078,253,80,80,1,1.0
Skiing/v_Skiing_g06_c01.avi,4.11562967300415,6.276082515716553,58.872745513916016,0.235657169117647,80.52423095703125,299,80,32,0,0.3455927670001983
Skiing/v_Skiing_g06_c02.avi,9.251542091369627,14.314030647277832,96.33275604248048,0.2347219669117647,52.38736724853516,299,80,80,1,0.998485505580902
Skiing/v_Skiing_g06_c03.avi,12.849845886230469,17.714645385742188,104.13932800292967,0.2199563419117647,204.8978576660156,299,80,80,1,0.9925133585929872
Skiing/v_Skiing_g06_c04.avi,9.822012901306152,12.95007038116455,78.71467590332031,0.2134191176470588,167.73593139648438,299,80,79,0,0.6560627818107605
Skiing/v_Skiing_g06_c05.avi,11.699503898620604,17.578968048095703,110.16805267333984,0.2248598345588235,275.1849975585937,299,80,79,0,0.9998960494995116
Skiing/v_Skiing_g06_c06.avi,6.5293498039245605,9.421343803405762,70.1783447265625,0.2140050551470588,104.51708984375,299,80,79,0,0.9935654997825624
Skiing/v_Skiing_g06_c07.avi,11.07927131652832,14.921892166137695,86.0,0.2068520220588235,59.7930793762207,299,80,80,1,0.9992250204086304
Skiing/v_Skiing_g07_c01.avi,12.758554458618164,13.0406494140625,59.50630187988281,0.1653469669117647,39.33111572265625,235,80,80,1,1.0
Skiing/v_Skiing_g07_c02.avi,21.78386688232422,21.07550621032715,129.07362365722656,0.0790923713235294,305.67340087890625,178,80,80,1,1.0
Skiing/v_Skiing_g07_c03.avi,18.97357749938965,19.039194107055664,85.08818817138672,0.0710753676470588,188.14907836914065,102,80,80,1,1.0
Skiing/v_Skiing_g07_c04.avi,8.896218299865723,8.626059532165527,73.02738952636719,0.10375,18.452491760253903,84,80,80,1,1.0
Skijet/v_Skijet_g01_c01.avi,11.005582809448242,9.782381057739258,76.00657653808594,0.1079480698529411,326.5343017578125,417,81,81,1,1.0
Skijet/v_Skijet_g01_c02.avi,11.85451889038086,15.246292114257812,127.76932525634766,0.12578125,370.437255859375,415,81,81,1,1.0
Skijet/v_Skijet_g01_c03.avi,12.171724319458008,15.589139938354492,118.0169448852539,0.1455997242647058,351.66925048828125,415,81,81,1,1.0
Skijet/v_Skijet_g01_c04.avi,21.601768493652344,26.11402130126953,161.19863891601562,0.1345657169117647,538.9312744140625,415,81,81,1,1.0
Skijet/v_Skijet_g02_c01.avi,8.803760528564453,10.501830101013184,71.11258697509766,0.2323069852941176,294.0144958496094,209,81,81,1,1.0
Skijet/v_Skijet_g02_c02.avi,1.832908034324646,3.0926334857940674,27.166154861450195,0.3936879595588235,34.72581481933594,182,81,81,1,1.0
Skijet/v_Skijet_g02_c03.avi,7.508614540100098,13.029149055480955,189.0238037109375,0.2424563419117647,201.8797149658203,209,81,81,1,1.0
Skijet/v_Skijet_g02_c04.avi,16.088279724121094,22.103361129760746,251.44781494140625,0.2653308823529411,253.27664184570312,209,81,81,1,1.0
Skijet/v_Skijet_g03_c01.avi,13.239256858825684,18.73883628845215,216.52020263671875,0.0658731617647058,567.6444091796875,315,81,81,1,1.0
Skijet/v_Skijet_g03_c02.avi,14.321812629699709,17.49435806274414,187.5366668701172,0.0831456801470588,767.6832275390625,315,81,81,1,1.0
Skijet/v_Skijet_g03_c03.avi,17.105377197265625,21.857858657836918,161.11175537109375,0.0599839154411764,119.03599548339844,315,81,81,1,1.0
Skijet/v_Skijet_g03_c04.avi,6.27026891708374,6.544412136077881,54.91812133789063,0.1050436580882352,17.981956481933594,309,81,81,1,1.0
Skijet/v_Skijet_g04_c01.avi,4.29174280166626,2.868349313735962,36.0,0.0772794117647058,157.99514770507812,250,81,81,1,1.0
Skijet/v_Skijet_g04_c02.avi,4.332766056060791,3.164148569107056,22.0,0.1161994485294117,190.1415100097656,250,81,81,1,0.9999486207962036
Skijet/v_Skijet_g04_c03.avi,2.2840397357940674,1.803990602493286,16.278820037841797,0.1670955882352941,176.9442596435547,250,81,81,1,0.9999988079071044
Skijet/v_Skijet_g04_c04.avi,5.512988090515137,6.08383321762085,26.172504425048828,0.2136029411764705,166.79696655273438,250,81,81,1,0.9999992847442628
Skijet/v_Skijet_g05_c01.avi,31.288494110107425,31.013675689697266,194.03350830078125,0.0407858455882352,536.4112548828125,209,81,81,1,1.0
Skijet/v_Skijet_g05_c02.avi,17.08148956298828,15.323187828063965,96.54014587402344,0.0537408088235294,577.9917602539062,209,81,81,1,1.0
Skijet/v_Skijet_g05_c03.avi,16.486886978149414,15.116565704345703,105.64563751220705,0.0518566176470588,364.8509826660156,209,81,81,1,1.0
Skijet/v_Skijet_g05_c04.avi,34.83878326416016,35.932552337646484,129.0,0.2161557904411764,283.2059936523437,209,81,81,1,1.0
Skijet/v_Skijet_g06_c01.avi,16.294723510742188,18.58868980407715,185.0,0.0737936580882352,669.364013671875,250,81,81,1,1.0
Skijet/v_Skijet_g06_c02.avi,20.058591842651367,23.4600772857666,165.0,0.1324402573529411,1112.1060791015625,250,81,81,1,0.9999994039535522
Skijet/v_Skijet_g06_c03.avi,10.361397743225098,13.708366394042969,120.0,0.1813534007352941,380.2596435546875,250,81,81,1,1.0
Skijet/v_Skijet_g06_c04.avi,14.296527862548828,14.053385734558104,119.0,0.0731617647058823,126.4549331665039,250,81,81,1,1.0
Skijet/v_Skijet_g07_c01.avi,4.606983661651611,6.365065574645996,59.236812591552734,0.2963878676470588,83.32594299316406,198,81,81,1,1.0
Skijet/v_Skijet_g07_c02.avi,8.764395713806152,12.03723430633545,91.66242218017578,0.260579044117647,302.15447998046875,196,81,81,1,1.0
Skijet/v_Skijet_g07_c03.avi,13.010643005371094,15.61147117614746,91.19758605957033,0.2362568933823529,272.8490600585937,196,81,81,1,1.0
Skijet/v_Skijet_g07_c04.avi,6.406439781188965,8.812972068786621,57.0,0.2793704044117647,110.4835205078125,202,81,81,1,1.0
SkyDiving/v_SkyDiving_g01_c01.avi,6.678390979766846,8.302790641784668,59.05929183959961,0.1925804227941176,159.1182861328125,186,82,82,1,1.0
SkyDiving/v_SkyDiving_g01_c02.avi,10.633496284484863,8.414907455444336,59.07622146606445,0.1659168198529411,417.4832153320313,193,82,82,1,1.0
SkyDiving/v_SkyDiving_g01_c03.avi,2.069254159927368,3.0541720390319824,62.0,0.281360294117647,36.311954498291016,125,82,82,1,1.0
SkyDiving/v_SkyDiving_g01_c04.avi,6.336225986480713,9.283567428588867,111.3193588256836,0.1952159926470588,146.67105102539062,96,82,82,1,1.0
SkyDiving/v_SkyDiving_g02_c01.avi,25.19066619873047,23.50564956665039,110.11357879638672,0.0530124080882352,470.1954956054688,29,82,82,1,0.9983495473861694
SkyDiving/v_SkyDiving_g02_c02.avi,11.60275936126709,15.62363338470459,248.00201416015625,0.0669278492647058,144.51976013183594,126,82,82,1,1.0
SkyDiving/v_SkyDiving_g02_c03.avi,8.48684310913086,6.032793521881104,41.0,0.0439453125,186.2769775390625,135,82,82,1,1.0
SkyDiving/v_SkyDiving_g02_c04.avi,16.13484764099121,25.1143741607666,323.0,0.0547954963235294,118.99339294433594,113,82,82,1,1.0
SkyDiving/v_SkyDiving_g03_c01.avi,4.659501552581787,5.0406694412231445,43.0,0.133664981617647,42.17864227294922,186,82,82,1,1.0
SkyDiving/v_SkyDiving_g03_c02.avi,5.98101282119751,5.286716938018799,50.32891845703125,0.0896852022058823,224.35482788085935,201,82,82,1,1.0
SkyDiving/v_SkyDiving_g03_c03.avi,10.199262619018556,12.081806182861328,88.5098876953125,0.0592647058823529,401.6282348632813,193,82,82,1,1.0
SkyDiving/v_SkyDiving_g03_c04.avi,15.922226905822754,18.859468460083008,273.029296875,0.0415234375,666.3336181640625,231,82,82,1,1.0
SkyDiving/v_SkyDiving_g03_c05.avi,5.560901165008545,5.161945343017578,36.34556198120117,0.0809397977941176,178.49473571777344,246,82,82,1,1.0
SkyDiving/v_SkyDiving_g04_c01.avi,15.639699935913086,27.710214614868164,306.9674377441406,0.0692417279411764,164.87342834472656,148,82,82,1,0.9999731779098512
SkyDiving/v_SkyDiving_g04_c02.avi,11.674921989440918,11.16752815246582,93.0,0.0883409926470588,73.3266372680664,140,82,82,1,1.0
SkyDiving/v_SkyDiving_g04_c03.avi,9.10293674468994,8.908296585083008,68.00735473632812,0.0706801470588235,50.60567855834961,126,82,82,1,1.0
SkyDiving/v_SkyDiving_g04_c04.avi,13.937810897827148,21.395612716674805,269.2675170898437,0.1082904411764705,99.92823791503906,101,82,82,1,1.0
SkyDiving/v_SkyDiving_g05_c01.avi,1.2394407987594604,1.6534608602523804,15.033296585083008,0.3795220588235294,45.82169342041016,185,82,82,1,1.0
SkyDiving/v_SkyDiving_g05_c02.avi,12.825509071350098,17.83588981628418,99.12618255615234,0.2804204963235294,520.131103515625,169,82,82,1,1.0
SkyDiving/v_SkyDiving_g05_c03.avi,6.075830459594727,8.786816596984863,110.0,0.2703331801470588,178.39366149902344,199,82,82,1,1.0
SkyDiving/v_SkyDiving_g05_c04.avi,7.716098308563232,8.763179779052734,86.00581359863281,0.179485294117647,568.2880859375,210,82,82,1,1.0
SkyDiving/v_SkyDiving_g05_c05.avi,6.218760967254639,9.851347923278809,124.42266845703124,0.2194508272058823,341.79937744140625,219,82,82,1,1.0
SkyDiving/v_SkyDiving_g06_c01.avi,8.201706886291504,8.978399276733398,43.26661682128906,0.1532513786764706,68.6406021118164,84,82,82,1,1.0
SkyDiving/v_SkyDiving_g06_c02.avi,12.03898811340332,18.08968734741211,185.8736114501953,0.1010799632352941,217.3889617919922,152,82,82,1,1.0
SkyDiving/v_SkyDiving_g06_c03.avi,16.4265193939209,13.090582847595217,80.65978240966797,0.1566681985294117,459.7999572753906,159,82,82,1,1.0
SkyDiving/v_SkyDiving_g06_c04.avi,12.882667541503906,13.69499397277832,86.88497924804688,0.1095289522058823,253.7040252685547,153,82,82,1,1.0
SkyDiving/v_SkyDiving_g07_c01.avi,11.110806465148926,13.133915901184082,177.02542114257812,0.103203125,169.5818328857422,166,82,82,1,1.0
SkyDiving/v_SkyDiving_g07_c02.avi,14.411957740783691,13.454591751098633,115.73245239257812,0.0418910845588235,311.9297180175781,178,82,82,1,1.0
SkyDiving/v_SkyDiving_g07_c03.avi,6.416094303131104,5.974353313446045,43.0,0.0864039522058823,166.4799346923828,202,82,82,1,1.0
SkyDiving/v_SkyDiving_g07_c04.avi,8.12801742553711,10.446502685546877,76.68767547607422,0.2441291360294117,453.68597412109375,92,82,82,1,1.0
SkyDiving/v_SkyDiving_g07_c05.avi,7.546714782714844,8.327838897705078,66.0302963256836,0.1259214154411764,137.80165100097656,155,82,82,1,1.0
SoccerJuggling/v_SoccerJuggling_g01_c01.avi,1.3160940408706665,3.8683228492736816,37.05401611328125,0.6837132352941176,99.91015625,899,83,47,0,0.6758666634559631
SoccerJuggling/v_SoccerJuggling_g01_c02.avi,1.1339120864868164,3.292895555496216,43.0,0.7058455882352941,110.73368072509766,501,83,83,1,0.9911532998085022
SoccerJuggling/v_SoccerJuggling_g01_c03.avi,1.7686409950256348,3.9271509647369385,37.05401611328125,0.6232421875,224.7276153564453,879,83,47,0,0.9996702671051024
SoccerJuggling/v_SoccerJuggling_g01_c04.avi,2.3000295162200928,6.461602687835693,63.12685775756836,0.6866383272058824,366.92724609375,704,83,83,1,1.0
SoccerJuggling/v_SoccerJuggling_g01_c05.avi,2.3187296390533447,5.0750908851623535,54.0,0.5905399816176471,294.61944580078125,289,83,83,1,0.9999785423278807
SoccerJuggling/v_SoccerJuggling_g02_c01.avi,0.741667628288269,3.0266003608703613,60.67124557495117,0.8354411764705882,195.6170654296875,239,83,83,1,1.0
SoccerJuggling/v_SoccerJuggling_g02_c02.avi,0.9731367230415344,3.5417520999908447,46.81879806518555,0.8134926470588235,292.7212829589844,239,83,83,1,1.0
SoccerJuggling/v_SoccerJuggling_g02_c03.avi,1.2943183183670044,4.21479606628418,54.4058837890625,0.7953814338235294,269.5275573730469,239,83,83,1,1.0
SoccerJuggling/v_SoccerJuggling_g02_c04.avi,1.2894330024719238,4.191197395324707,58.215118408203125,0.7929480698529412,285.0724182128906,239,83,83,1,1.0
SoccerJuggling/v_SoccerJuggling_g02_c05.avi,1.2792868614196775,4.244679927825928,56.46237564086914,0.7963970588235294,365.61468505859375,239,83,83,1,1.0
SoccerJuggling/v_SoccerJuggling_g02_c06.avi,1.671820044517517,4.646372318267822,84.85281372070312,0.6655193014705882,421.91448974609375,239,83,83,1,1.0
SoccerJuggling/v_SoccerJuggling_g03_c01.avi,2.560314416885376,5.852112770080566,64.93843078613281,0.4910110294117647,94.46116638183594,229,83,83,1,0.9807643294334412
SoccerJuggling/v_SoccerJuggling_g03_c02.avi,1.5422412157058716,2.582139492034912,32.0,0.4839981617647059,101.69507598876952,229,83,83,1,0.8960407376289368
SoccerJuggling/v_SoccerJuggling_g03_c03.avi,1.965073108673096,3.897890329360962,37.44329071044922,0.5154319852941176,115.9703598022461,229,83,83,1,0.9984115362167358
SoccerJuggling/v_SoccerJuggling_g03_c04.avi,1.8999513387680051,3.142975091934204,24.0,0.4547817095588235,86.34416198730469,229,83,91,0,0.9996308088302612
SoccerJuggling/v_SoccerJuggling_g04_c01.avi,1.056562900543213,3.4506518840789795,40.0,0.774921875,215.1884765625,359,83,6,0,0.9983391761779784
SoccerJuggling/v_SoccerJuggling_g04_c02.avi,2.951016664505005,6.052618503570557,52.345008850097656,0.6327435661764705,736.0636596679688,359,83,83,1,1.0
SoccerJuggling/v_SoccerJuggling_g04_c03.avi,2.3897414207458496,5.322859287261963,54.45181274414063,0.6591107536764705,636.8610229492188,359,83,83,1,1.0
SoccerJuggling/v_SoccerJuggling_g04_c04.avi,2.7937302589416504,6.348879814147949,66.84310150146484,0.65328125,646.1248168945312,359,83,83,1,1.0
SoccerJuggling/v_SoccerJuggling_g04_c05.avi,1.2768079042434692,3.3525662422180176,32.0,0.7399954044117647,284.1151123046875,359,83,83,1,0.996077597141266
SoccerJuggling/v_SoccerJuggling_g04_c06.avi,1.9145065546035769,5.059146881103516,81.90848541259766,0.6930101102941176,431.0912170410156,359,83,83,1,0.9962276220321656
SoccerJuggling/v_SoccerJuggling_g05_c01.avi,0.27171191573143,1.490974187850952,26.4007568359375,0.9279779411764706,83.6636962890625,239,83,83,1,1.0
SoccerJuggling/v_SoccerJuggling_g05_c02.avi,0.1868807226419448,1.0516736507415771,25.01999282836914,0.9312867647058825,74.93112182617188,239,83,83,1,1.0
SoccerJuggling/v_SoccerJuggling_g05_c03.avi,0.37978196144104,1.7479605674743652,29.96664810180664,0.885475643382353,116.1101303100586,239,83,83,1,1.0
SoccerJuggling/v_SoccerJuggling_g05_c04.avi,0.2927215099334717,1.1336164474487305,20.0,0.8710477941176471,72.2455062866211,239,83,83,1,0.9999810457229614
SoccerJuggling/v_SoccerJuggling_g05_c05.avi,0.1695961654186248,0.961822271347046,22.360679626464844,0.9227918198529412,59.05238723754883,239,83,83,1,1.0
SoccerJuggling/v_SoccerJuggling_g05_c06.avi,0.273124635219574,1.2664164304733276,21.02379608154297,0.9036420036764706,94.40950775146484,239,83,83,1,0.9996121525764464
SoccerJuggling/v_SoccerJuggling_g06_c01.avi,0.4880514740943908,1.7657684087753296,39.66106414794922,0.8213924632352941,48.857120513916016,250,83,83,1,1.0
SoccerJuggling/v_SoccerJuggling_g06_c02.avi,0.8265539407730103,2.8343684673309326,48.0,0.7691636029411765,129.8531036376953,134,83,83,1,0.9999998807907104
SoccerJuggling/v_SoccerJuggling_g06_c03.avi,0.9109785556793212,2.7815961837768555,38.0,0.7594186580882353,127.22474670410156,228,83,83,1,1.0
SoccerJuggling/v_SoccerJuggling_g06_c04.avi,0.6060177683830261,2.046987533569336,32.0,0.8033616727941176,147.60079956054688,91,83,83,1,1.0
SoccerJuggling/v_SoccerJuggling_g06_c05.avi,1.580738544464111,4.104262828826904,54.03702545166016,0.6660202205882353,185.80799865722656,299,83,83,1,1.0
SoccerJuggling/v_SoccerJuggling_g07_c01.avi,7.426212787628174,6.788175106048584,50.80354309082031,0.1625390625,155.64608764648438,300,83,83,1,1.0
SoccerJuggling/v_SoccerJuggling_g07_c02.avi,2.411262989044189,2.2848145961761475,51.03919982910156,0.1659834558823529,134.4686279296875,300,83,83,1,1.0
SoccerJuggling/v_SoccerJuggling_g07_c03.avi,15.161872863769531,14.353132247924805,62.00806427001953,0.0229802389705882,183.34780883789065,300,83,83,1,1.0
SoccerJuggling/v_SoccerJuggling_g07_c04.avi,2.8216805458068848,3.869925975799561,53.00943374633789,0.2520932904411764,167.54620361328125,300,83,83,1,1.0
SoccerJuggling/v_SoccerJuggling_g07_c05.avi,5.430363178253174,3.611872434616089,49.19349670410156,0.198203125,156.14295959472656,359,83,83,1,1.0
SoccerJuggling/v_SoccerJuggling_g07_c06.avi,2.630061149597168,3.62990403175354,41.86884307861328,0.2955215992647059,155.46385192871094,359,83,83,1,1.0
SoccerJuggling/v_SoccerJuggling_g07_c07.avi,3.48286509513855,4.553232669830322,35.35533905029297,0.2606272977941176,128.40261840820312,359,83,83,1,1.0
SoccerPenalty/v_SoccerPenalty_g01_c01.avi,0.0778610035777092,0.4143277406692505,9.0,0.9415165441176472,15.867469787597656,152,84,84,1,1.0
SoccerPenalty/v_SoccerPenalty_g01_c02.avi,0.0858886912465095,0.4649393558502197,10.0,0.940220588235294,21.95191764831543,137,84,84,1,1.0
SoccerPenalty/v_SoccerPenalty_g01_c03.avi,0.6357647776603699,1.3861284255981443,20.02498435974121,0.6739269301470588,259.1868896484375,147,84,84,1,1.0
SoccerPenalty/v_SoccerPenalty_g01_c04.avi,0.0928655862808227,0.500383198261261,13.0,0.9411764705882352,15.223997116088867,131,84,84,1,1.0
SoccerPenalty/v_SoccerPenalty_g01_c05.avi,0.8680205345153809,1.7754617929458618,11.0,0.7709926470588235,55.8057861328125,104,84,84,1,1.0
SoccerPenalty/v_SoccerPenalty_g01_c06.avi,0.0562191382050514,0.3620258569717407,8.0,0.960845588235294,11.063949584960938,91,84,84,1,1.0
SoccerPenalty/v_SoccerPenalty_g02_c01.avi,5.12395715713501,6.657628536224365,52.0,0.378203125,299.3871459960937,117,84,84,1,1.0
SoccerPenalty/v_SoccerPenalty_g02_c02.avi,4.520168781280518,8.941094398498535,94.0,0.4698414522058823,175.54849243164062,99,84,84,1,1.0
SoccerPenalty/v_SoccerPenalty_g02_c03.avi,4.739408493041992,6.741498947143555,72.0,0.3700873161764706,188.28488159179688,90,84,84,1,1.0
SoccerPenalty/v_SoccerPenalty_g02_c04.avi,5.765456199645996,8.012259483337402,78.0,0.3228033088235294,247.32681274414065,120,84,84,1,1.0
SoccerPenalty/v_SoccerPenalty_g02_c05.avi,4.772243976593018,8.265068054199219,80.0,0.4186075367647058,154.71450805664062,99,84,84,1,1.0
SoccerPenalty/v_SoccerPenalty_g03_c01.avi,2.410752296447754,4.856001853942871,57.0,0.5475666360294118,219.35910034179688,97,84,84,1,1.0
SoccerPenalty/v_SoccerPenalty_g03_c02.avi,1.547748327255249,2.969188451766968,24.0,0.5701769301470588,90.7580795288086,95,84,84,1,1.0
SoccerPenalty/v_SoccerPenalty_g03_c03.avi,0.6134125590324402,1.470587968826294,21.0,0.7175643382352941,76.75005340576172,137,84,84,1,1.0
SoccerPenalty/v_SoccerPenalty_g03_c04.avi,2.9194705486297607,5.000659465789795,44.0,0.4734650735294117,226.67660522460935,97,84,84,1,1.0
SoccerPenalty/v_SoccerPenalty_g03_c05.avi,2.002984046936035,2.982288360595703,30.0,0.4862568933823529,139.9259490966797,69,84,84,1,1.0
SoccerPenalty/v_SoccerPenalty_g04_c01.avi,3.6476659774780273,5.189713001251221,32.015621185302734,0.4284168198529411,292.9869079589844,57,84,84,1,1.0
SoccerPenalty/v_SoccerPenalty_g04_c02.avi,1.838176250457764,3.3350815773010254,34.0,0.5819898897058824,158.78138732910156,71,84,84,1,1.0
SoccerPenalty/v_SoccerPenalty_g04_c03.avi,1.4403741359710691,2.450734853744507,23.0,0.5883088235294117,95.20613861083984,69,84,84,1,1.0
SoccerPenalty/v_SoccerPenalty_g04_c04.avi,1.2916505336761477,2.3079497814178467,17.0,0.5495955882352941,126.8853759765625,82,84,84,1,1.0
SoccerPenalty/v_SoccerPenalty_g04_c05.avi,1.1771936416625977,2.167181491851806,19.0,0.6290831801470588,87.5174789428711,114,84,84,1,1.0
SoccerPenalty/v_SoccerPenalty_g05_c01.avi,0.4983175694942474,1.1779686212539673,17.029386520385742,0.7156295955882352,35.412010192871094,93,84,28,0,0.8583052754402161
SoccerPenalty/v_SoccerPenalty_g05_c02.avi,0.6343128085136414,1.3233932256698608,14.142135620117188,0.671015625,54.633094787597656,77,84,28,0,0.9988151788711548
SoccerPenalty/v_SoccerPenalty_g05_c03.avi,0.6538954973220825,1.495717167854309,26.01922416687012,0.7047127757352941,48.99940490722656,88,84,28,0,0.9879027009010316
SoccerPenalty/v_SoccerPenalty_g05_c04.avi,0.5536820888519287,1.3751089572906494,26.4007568359375,0.7342693014705882,49.28963470458984,78,84,28,0,0.999222993850708
SoccerPenalty/v_SoccerPenalty_g05_c05.avi,0.7307161688804626,1.832913875579834,25.63201141357422,0.6869715073529412,63.542999267578125,99,84,28,0,0.9987898468971252
SoccerPenalty/v_SoccerPenalty_g05_c06.avi,0.9434545636177064,1.7138429880142212,21.09502220153809,0.5363694852941177,151.31396484375,74,84,28,0,0.9977086782455444
SoccerPenalty/v_SoccerPenalty_g05_c07.avi,0.4763073623180389,1.1239993572235107,14.03566837310791,0.7463763786764706,39.362430572509766,136,84,28,0,0.8204030990600586
SoccerPenalty/v_SoccerPenalty_g06_c01.avi,0.8979702591896057,1.7886302471160889,21.0,0.6435294117647059,540.4254150390625,100,84,84,1,1.0
SoccerPenalty/v_SoccerPenalty_g06_c02.avi,1.7079252004623413,2.250312328338623,14.0,0.3858547794117647,392.912353515625,49,84,84,1,1.0
SoccerPenalty/v_SoccerPenalty_g06_c03.avi,0.5570165514945984,0.7725465297698975,8.0,0.5759558823529412,72.62115478515625,64,84,84,1,1.0
SoccerPenalty/v_SoccerPenalty_g06_c04.avi,5.265473365783691,5.49955415725708,32.0,0.2949287683823529,580.0809936523438,54,84,84,1,1.0
SoccerPenalty/v_SoccerPenalty_g06_c05.avi,6.708666801452637,7.995573997497559,45.0,0.2618083639705882,706.760986328125,59,84,84,1,1.0
SoccerPenalty/v_SoccerPenalty_g06_c06.avi,2.95041561126709,4.523144245147705,16.031219482421875,0.4264430147058823,404.2820739746094,85,84,84,1,1.0
SoccerPenalty/v_SoccerPenalty_g06_c07.avi,0.8392741084098816,1.1690373420715332,11.0,0.5204044117647059,72.88361358642578,61,84,84,1,1.0
SoccerPenalty/v_SoccerPenalty_g07_c01.avi,5.828714847564697,8.213008880615234,95.0,0.4237683823529412,665.7615966796875,59,84,84,1,1.0
SoccerPenalty/v_SoccerPenalty_g07_c02.avi,1.2270947694778442,2.904362201690674,42.0,0.7254044117647059,272.7944030761719,145,84,84,1,1.0
SoccerPenalty/v_SoccerPenalty_g07_c03.avi,2.1952335834503174,4.907761096954346,79.0,0.5646415441176471,460.93353271484375,72,84,84,1,1.0
SoccerPenalty/v_SoccerPenalty_g07_c04.avi,1.2170755863189695,1.979979515075684,20.0,0.5770680147058823,191.8026428222656,70,84,84,1,1.0
SoccerPenalty/v_SoccerPenalty_g07_c05.avi,0.5676701664924622,1.3397667407989502,17.0,0.7236213235294118,161.03994750976562,69,84,84,1,1.0
SoccerPenalty/v_SoccerPenalty_g07_c06.avi,0.9458847045898438,2.061257123947144,26.0,0.6980147058823529,249.2898712158203,95,84,84,1,1.0
StillRings/v_StillRings_g01_c01.avi,2.664692640304565,4.051974773406982,42.01190185546875,0.4440073529411765,158.0452423095703,124,85,85,1,1.0
StillRings/v_StillRings_g01_c02.avi,4.573132991790772,8.443225860595703,83.05419921875,0.4808478860294117,318.87420654296875,206,85,85,1,1.0
StillRings/v_StillRings_g01_c03.avi,2.9552721977233887,4.846225261688232,45.54119110107422,0.4523529411764705,430.0330200195313,145,85,85,1,1.0
StillRings/v_StillRings_g01_c04.avi,3.689732551574707,6.32135820388794,76.29547882080078,0.5694163602941177,240.9875946044922,137,85,85,1,1.0
StillRings/v_StillRings_g01_c05.avi,9.08736515045166,15.321727752685549,162.04937744140625,0.3127251838235294,438.9591674804688,235,85,85,1,1.0
StillRings/v_StillRings_g02_c01.avi,1.6020053625106812,3.672910690307617,46.010868072509766,0.6794416360294118,393.2467346191406,187,85,85,1,1.0
StillRings/v_StillRings_g02_c02.avi,1.4139164686203003,2.776846408843994,32.0,0.6787132352941176,202.1070251464844,93,85,85,1,0.9741598963737488
StillRings/v_StillRings_g02_c03.avi,8.557331085205078,15.925320625305176,71.0633544921875,0.427883731617647,482.1785583496094,158,85,85,1,1.0
StillRings/v_StillRings_g02_c04.avi,5.762853145599365,10.007434844970703,47.04253387451172,0.4248161764705882,127.34071350097656,155,85,85,1,1.0
StillRings/v_StillRings_g03_c01.avi,1.5681763887405396,3.4489331245422363,52.15361785888672,0.6313166360294118,135.73301696777344,115,85,85,1,1.0
StillRings/v_StillRings_g03_c02.avi,6.945430278778076,15.575003623962402,96.00521087646484,0.6574126838235295,160.34730529785156,112,85,85,1,0.9999995231628418
StillRings/v_StillRings_g03_c03.avi,4.21631383895874,8.935672760009766,88.95504760742188,0.6594370404411765,221.68063354492188,145,85,85,1,1.0
StillRings/v_StillRings_g03_c04.avi,0.5380061268806458,1.1352263689041138,14.142135620117188,0.74453125,36.31043243408203,122,85,85,1,1.0
StillRings/v_StillRings_g03_c05.avi,1.532600998878479,2.761467695236206,38.11823654174805,0.6196622242647059,78.95523071289062,195,85,85,1,1.0
StillRings/v_StillRings_g03_c06.avi,0.4691597521305084,1.3962674140930176,19.23538398742676,0.7833409926470588,37.58068084716797,260,85,85,1,1.0
StillRings/v_StillRings_g03_c07.avi,14.111446380615234,30.9676456451416,207.47288513183597,0.668913143382353,982.048828125,138,85,85,1,1.0
StillRings/v_StillRings_g04_c01.avi,12.556578636169434,17.496213912963867,81.32035064697266,0.2862568933823529,264.1261901855469,112,85,85,1,1.0
StillRings/v_StillRings_g04_c02.avi,0.2825198769569397,1.1064144372940063,13.0,0.8822058823529412,35.20667266845703,182,85,85,1,0.9999994039535522
StillRings/v_StillRings_g04_c03.avi,1.6947687864303589,5.547019958496094,77.16217041015625,0.6664705882352941,293.7981872558594,176,85,85,1,0.9999998807907104
StillRings/v_StillRings_g04_c04.avi,1.3602681159973145,3.1501753330230717,55.0,0.6701148897058824,62.10370635986328,76,85,85,1,1.0
StillRings/v_StillRings_g05_c01.avi,0.7039247751235962,2.1393067836761475,39.051246643066406,0.7509191176470589,67.1570053100586,85,85,85,1,1.0
StillRings/v_StillRings_g05_c02.avi,10.223093032836914,21.43804359436035,89.31964874267578,0.424485294117647,436.7673950195313,165,85,85,1,1.0
StillRings/v_StillRings_g05_c03.avi,3.831704378128052,5.410101890563965,25.179357528686523,0.582414981617647,206.68112182617188,121,85,85,1,1.0
StillRings/v_StillRings_g05_c04.avi,5.435555458068848,8.57727336883545,55.0,0.4593635110294117,290.169921875,105,85,85,1,1.0
StillRings/v_StillRings_g06_c01.avi,31.8612060546875,40.37287902832031,169.5435028076172,0.1677573529411764,544.2039184570312,154,85,85,1,1.0
StillRings/v_StillRings_g06_c02.avi,15.008243560791016,18.88037109375,107.05606079101562,0.1352757352941176,870.2818603515625,77,85,85,1,1.0
StillRings/v_StillRings_g06_c03.avi,4.373124122619629,8.779494285583496,50.0,0.5480560661764706,664.1876220703125,127,85,85,1,1.0
StillRings/v_StillRings_g06_c04.avi,4.246347427368164,5.602664947509766,49.0,0.241360294117647,87.88958740234375,124,85,85,1,1.0
StillRings/v_StillRings_g07_c01.avi,3.734872579574585,6.643702507019043,57.0,0.409140625,213.10415649414065,161,85,85,1,1.0
StillRings/v_StillRings_g07_c02.avi,3.264756202697754,5.946250915527344,72.44308471679688,0.4902297794117647,737.311767578125,270,85,85,1,1.0
StillRings/v_StillRings_g07_c03.avi,26.250873565673828,27.86558151245117,95.2575454711914,0.2787362132352941,248.5735321044922,236,85,85,1,1.0
StillRings/v_StillRings_g07_c04.avi,4.105080604553223,6.531127452850342,41.9761848449707,0.4138740808823529,141.5242462158203,215,85,85,1,1.0
SumoWrestling/v_SumoWrestling_g01_c01.avi,9.604962348937988,9.878358840942385,70.3420181274414,0.2349908088235294,671.1943359375,240,86,86,1,1.0
SumoWrestling/v_SumoWrestling_g01_c02.avi,0.9011836647987366,2.7360360622406006,37.0,0.778125,313.50738525390625,154,86,86,1,1.0
SumoWrestling/v_SumoWrestling_g01_c03.avi,7.900502681732178,11.556066513061523,118.0381317138672,0.0400436580882353,1313.2640380859375,111,86,86,1,1.0
SumoWrestling/v_SumoWrestling_g01_c04.avi,9.184611320495604,13.389320373535156,75.66372680664062,0.397265625,1588.908935546875,172,86,86,1,1.0
SumoWrestling/v_SumoWrestling_g02_c01.avi,3.906357526779175,7.754518985748291,68.88395690917969,0.5277228860294118,364.867919921875,262,86,86,1,1.0
SumoWrestling/v_SumoWrestling_g02_c02.avi,0.3483377397060394,1.3034977912902832,21.931713104248047,0.8755882352941177,178.35073852539062,110,86,86,1,1.0
SumoWrestling/v_SumoWrestling_g02_c03.avi,0.2357817143201828,1.030297040939331,20.02498435974121,0.9050735294117648,117.22523498535156,186,86,86,1,1.0
SumoWrestling/v_SumoWrestling_g02_c04.avi,6.390344142913818,6.749200344085693,65.4904556274414,0.1617256433823529,501.3439331054688,276,86,86,1,1.0
SumoWrestling/v_SumoWrestling_g03_c01.avi,3.9403305053710938,3.932384967803955,35.0,0.2340395220588235,509.8583984375,115,86,86,1,1.0
SumoWrestling/v_SumoWrestling_g03_c02.avi,0.4942177236080169,1.732378602027893,31.0161247253418,0.8287867647058823,266.75323486328125,230,86,86,1,1.0
SumoWrestling/v_SumoWrestling_g03_c03.avi,1.208147406578064,2.006436824798584,26.0,0.5275689338235294,202.98190307617188,250,86,86,1,1.0
SumoWrestling/v_SumoWrestling_g03_c04.avi,0.6337620615959167,1.5897408723831177,20.39607810974121,0.6625367647058824,225.39794921875,272,86,86,1,1.0
SumoWrestling/v_SumoWrestling_g04_c01.avi,1.6103872060775757,3.4706759452819824,51.0,0.5507605698529412,460.2671508789063,170,86,86,1,1.0
SumoWrestling/v_SumoWrestling_g04_c02.avi,1.1072754859924316,2.5818212032318115,29.0,0.6222104779411765,53.99589920043945,254,86,86,1,0.9999958276748656
SumoWrestling/v_SumoWrestling_g04_c03.avi,3.0607588291168213,4.11904239654541,30.0,0.3894829963235294,119.42927551269533,247,86,86,1,0.9999998807907104
SumoWrestling/v_SumoWrestling_g04_c04.avi,0.4122714698314667,1.1564537286758425,17.029386520385742,0.7955882352941176,39.56714630126953,122,86,86,1,1.0
SumoWrestling/v_SumoWrestling_g05_c01.avi,0.2116695493459701,1.114400029182434,17.029386520385742,0.91125,95.9730453491211,125,86,86,1,0.999992609024048
SumoWrestling/v_SumoWrestling_g05_c02.avi,0.5658460259437561,1.170919418334961,16.0,0.6673529411764706,178.13226318359375,288,86,86,1,1.0
SumoWrestling/v_SumoWrestling_g05_c03.avi,2.759070634841919,2.1261537075042725,32.98484420776367,0.0349057904411764,379.88189697265625,218,86,86,1,1.0
SumoWrestling/v_SumoWrestling_g05_c04.avi,0.6375396251678467,1.33159077167511,18.0,0.6588625919117647,297.5794677734375,225,86,86,1,1.0
SumoWrestling/v_SumoWrestling_g06_c01.avi,3.810303926467896,5.301138877868652,63.0,0.2372426470588235,755.1722412109375,240,86,86,1,1.0
SumoWrestling/v_SumoWrestling_g06_c02.avi,1.6534640789031982,4.431817054748535,47.01063537597656,0.7080514705882353,693.8506469726562,149,86,86,1,1.0
SumoWrestling/v_SumoWrestling_g06_c03.avi,1.3377360105514526,4.136886119842529,52.009613037109375,0.731875,1132.1265869140625,71,86,86,1,1.0
SumoWrestling/v_SumoWrestling_g06_c04.avi,0.3070551753044128,0.9020504355430604,10.198039054870604,0.8357720588235295,60.14149856567383,302,86,86,1,1.0
SumoWrestling/v_SumoWrestling_g06_c05.avi,2.9860689640045166,4.992861270904541,50.0,0.4489912683823529,708.9050903320312,120,86,86,1,1.0
SumoWrestling/v_SumoWrestling_g06_c06.avi,2.280390739440918,4.293254852294922,33.95585250854492,0.6275758272058823,496.738525390625,227,86,86,1,1.0
SumoWrestling/v_SumoWrestling_g06_c07.avi,2.735586404800415,5.759403705596924,88.0227279663086,0.5166153492647059,489.693603515625,263,86,86,1,1.0
SumoWrestling/v_SumoWrestling_g07_c01.avi,4.241438388824463,6.451062679290772,52.77309799194336,0.5748575367647059,349.4960632324219,108,86,86,1,1.0
SumoWrestling/v_SumoWrestling_g07_c02.avi,0.9238458871841432,2.0723719596862797,20.0,0.7145611213235294,215.3839111328125,260,86,86,1,1.0
SumoWrestling/v_SumoWrestling_g07_c03.avi,3.4453704357147217,5.191262722015381,40.01249694824219,0.4721346507352941,316.97283935546875,156,86,86,1,1.0
SumoWrestling/v_SumoWrestling_g07_c04.avi,2.111148834228516,3.622675895690918,35.1710090637207,0.5055606617647059,334.84136962890625,102,86,86,1,1.0
SumoWrestling/v_SumoWrestling_g07_c05.avi,2.106973886489868,3.7985897064208975,28.635643005371094,0.5452941176470588,170.9019317626953,246,86,86,1,1.0
SumoWrestling/v_SumoWrestling_g07_c06.avi,3.293807983398437,4.7865095138549805,28.844409942626957,0.5016842830882353,435.9906311035156,233,86,86,1,1.0
SumoWrestling/v_SumoWrestling_g07_c07.avi,2.3963537216186523,3.855459690093994,40.0,0.4687890625,264.06866455078125,186,86,86,1,1.0
Surfing/v_Surfing_g01_c01.avi,11.427531242370604,11.719507217407228,48.0,0.1760202205882353,283.8715209960937,253,87,87,1,1.0
Surfing/v_Surfing_g01_c02.avi,11.028510093688965,12.214862823486328,62.12889862060547,0.2376999080882353,221.3275146484375,202,87,87,1,1.0
Surfing/v_Surfing_g01_c03.avi,20.97821044921875,23.898242950439453,111.0,0.2000643382352941,256.86492919921875,219,87,87,1,1.0
Surfing/v_Surfing_g01_c04.avi,22.722745895385746,28.75124931335449,146.08558654785156,0.2497863051470588,192.32882690429688,282,87,87,1,1.0
Surfing/v_Surfing_g01_c05.avi,22.4578914642334,27.209148406982425,135.0,0.2926516544117647,682.4801635742188,117,87,87,1,1.0
Surfing/v_Surfing_g01_c06.avi,3.9132776260375977,4.8659443855285645,55.009090423583984,0.2110409007352941,234.91207885742188,212,87,87,1,1.0
Surfing/v_Surfing_g01_c07.avi,15.49276351928711,17.350139617919922,94.00531768798828,0.2430859375,354.8517761230469,234,87,87,1,1.0
Surfing/v_Surfing_g02_c01.avi,7.2833075523376465,10.140909194946287,71.0,0.2314613970588235,198.63674926757807,157,87,87,1,1.0
Surfing/v_Surfing_g02_c02.avi,19.12836456298828,26.397056579589844,113.00442504882812,0.2327251838235294,314.1603698730469,93,87,87,1,1.0
Surfing/v_Surfing_g02_c03.avi,22.840484619140625,25.38339233398437,116.0,0.1893336397058823,227.9329071044922,278,87,87,1,1.0
Surfing/v_Surfing_g02_c04.avi,2.400009632110596,2.459785223007202,15.0,0.3267647058823529,12.44814682006836,242,87,87,1,1.0
Surfing/v_Surfing_g02_c05.avi,6.958237648010254,8.882747650146484,53.037723541259766,0.2416475183823529,101.4293441772461,167,87,87,1,1.0
Surfing/v_Surfing_g02_c06.avi,11.242063522338867,11.00155258178711,72.71863555908203,0.165149356617647,260.15655517578125,277,87,87,1,1.0
Surfing/v_Surfing_g03_c01.avi,2.8642563819885254,3.490386724472046,16.0,0.3957720588235294,18.928192138671875,125,87,87,1,1.0
Surfing/v_Surfing_g03_c02.avi,10.574851989746094,11.97397804260254,57.00876998901367,0.2930124080882353,153.71340942382812,127,87,87,1,1.0
Surfing/v_Surfing_g03_c03.avi,1.201790452003479,1.7115637063980105,14.03566837310791,0.4904779411764706,37.00736618041992,125,87,87,1,1.0
Surfing/v_Surfing_g03_c04.avi,5.278204917907715,7.320395946502685,47.16990661621094,0.3359030330882352,105.28843688964844,134,87,87,1,1.0
Surfing/v_Surfing_g04_c01.avi,19.790061950683597,22.418386459350582,128.0,0.1983777573529411,129.29881286621094,112,87,87,1,1.0
Surfing/v_Surfing_g04_c02.avi,10.76412582397461,12.458454132080078,83.0,0.2002228860294117,51.94114303588867,175,87,87,1,1.0
Surfing/v_Surfing_g04_c03.avi,9.97958278656006,14.508880615234377,85.0,0.2313970588235294,85.8663558959961,143,87,87,1,1.0
Surfing/v_Surfing_g04_c04.avi,15.095366477966309,19.23978042602539,174.01148986816406,0.2302504595588235,110.48493957519533,131,87,87,1,1.0
Surfing/v_Surfing_g05_c01.avi,20.325551986694336,20.455610275268555,104.12012481689452,0.1935179227941176,253.8636474609375,236,87,87,1,1.0
Surfing/v_Surfing_g05_c02.avi,12.957573890686035,15.465039253234863,115.03912353515624,0.2204917279411764,207.6606903076172,296,87,87,1,1.0
Surfing/v_Surfing_g05_c03.avi,4.690745830535889,5.875521183013916,40.31128692626953,0.2522610294117647,121.7408676147461,276,87,87,1,1.0
Surfing/v_Surfing_g05_c04.avi,15.56594181060791,18.43764877319336,125.15989685058594,0.197844669117647,273.4944763183594,240,87,87,1,1.0
Surfing/v_Surfing_g06_c01.avi,17.411453247070312,22.696531295776367,93.0859832763672,0.2080928308823529,177.30673217773438,264,87,87,1,1.0
Surfing/v_Surfing_g06_c02.avi,17.129405975341797,21.507850646972656,117.1067886352539,0.1905951286764705,141.67733764648438,264,87,87,1,1.0
Surfing/v_Surfing_g06_c03.avi,3.3388473987579346,3.1351897716522217,17.0,0.3422794117647059,30.994441986083984,125,87,87,1,1.0
Surfing/v_Surfing_g06_c04.avi,5.785664081573486,9.477389335632324,66.21178436279297,0.343899356617647,201.66163635253903,139,87,87,1,1.0
Surfing/v_Surfing_g07_c01.avi,6.053142070770264,7.0811638832092285,50.48762130737305,0.202688419117647,147.53793334960938,263,87,87,1,1.0
Surfing/v_Surfing_g07_c02.avi,11.47874927520752,14.895281791687012,111.82575988769533,0.2214223345588235,482.383544921875,240,87,87,1,1.0
Surfing/v_Surfing_g07_c03.avi,9.809683799743652,14.318987846374512,101.96568298339844,0.2068727022058823,215.25759887695312,195,87,87,1,1.0
Surfing/v_Surfing_g07_c04.avi,7.541051387786865,10.969968795776367,85.14693450927734,0.256875,141.30105590820312,212,87,87,1,0.9999887943267822
Swing/v_Swing_g01_c01.avi,2.4735631942749023,2.235194444656372,26.62705421447754,0.0642830882352941,489.1720581054688,167,88,97,0,0.9994016885757446
Swing/v_Swing_g01_c02.avi,22.076059341430664,22.341169357299805,100.17984008789062,0.1530905330882352,1695.226806640625,167,88,88,1,0.6642935872077942
Swing/v_Swing_g01_c03.avi,18.95652961730957,26.07723617553711,141.43902587890625,0.0527619485294117,1088.3179931640625,167,88,97,0,0.7167829275131226
Swing/v_Swing_g01_c04.avi,5.170135974884033,6.675302028656006,60.074954986572266,0.235703125,468.1257934570313,125,88,88,1,0.9875090718269348
Swing/v_Swing_g01_c05.avi,23.044923782348636,34.9018440246582,144.68240356445312,0.2519140625,1782.7418212890625,200,88,97,0,0.5788542628288269
Swing/v_Swing_g02_c01.avi,9.93085479736328,9.845234870910645,114.93476104736328,0.0784260110294117,1636.9986572265625,135,88,88,1,0.999997854232788
Swing/v_Swing_g02_c02.avi,6.955756187438965,6.018260002136231,38.01315689086914,0.1469347426470588,1328.873291015625,334,88,88,1,1.0
Swing/v_Swing_g02_c03.avi,9.202803611755373,8.917909622192383,59.80802536010742,0.1608685661764705,1410.627197265625,299,88,88,1,1.0
Swing/v_Swing_g02_c04.avi,5.480222702026367,5.821848392486572,33.241539001464844,0.2301056985294117,974.3326416015624,334,88,88,1,1.0
Swing/v_Swing_g02_c05.avi,9.76332187652588,8.7722749710083,79.4040298461914,0.0890119485294117,1794.827392578125,200,88,88,1,1.0
Swing/v_Swing_g03_c01.avi,2.593019962310791,5.194961071014404,83.63013458251953,0.2959719669117647,610.4720458984375,144,88,83,0,0.8530084490776062
Swing/v_Swing_g03_c02.avi,1.5853872299194336,1.929312825202942,25.80697631835937,0.3234145220588235,116.83238220214844,144,88,32,0,0.9848318696022034
Swing/v_Swing_g03_c03.avi,3.262742757797241,4.0789008140563965,35.80502700805664,0.2630238970588235,212.2474365234375,144,88,32,0,0.8967878222465515
Swing/v_Swing_g03_c04.avi,6.124355316162109,7.639979839324951,114.06138610839844,0.2421622242647058,638.3419189453125,144,88,32,0,0.9902215003967284
Swing/v_Swing_g04_c01.avi,1.4528915882110596,1.3162630796432495,15.23154640197754,0.1556502757352941,81.59072875976562,125,88,88,1,0.9996638298034668
Swing/v_Swing_g04_c02.avi,1.5782231092453003,1.427298665046692,13.34166431427002,0.1669761029411764,88.13866424560547,125,88,88,1,0.940388023853302
Swing/v_Swing_g04_c03.avi,2.5963950157165527,5.973040580749512,64.1248779296875,0.3730767463235294,659.2363891601562,167,88,88,1,1.0
Swing/v_Swing_g04_c04.avi,3.494958877563477,6.393859386444092,62.09669876098633,0.4842601102941176,864.5974731445312,167,88,88,1,1.0
Swing/v_Swing_g04_c05.avi,11.882942199707031,16.2811279296875,70.38465881347656,0.1855905330882352,839.8974609375,150,88,67,0,0.5218462347984314
Swing/v_Swing_g04_c06.avi,3.4440948963165283,5.151639938354492,39.31920623779297,0.4968474264705882,1018.2982177734376,200,88,88,1,1.0
Swing/v_Swing_g04_c07.avi,2.4506235122680664,4.754981994628906,66.00757598876953,0.2695978860294117,691.1692504882812,200,88,88,1,1.0
Swing/v_Swing_g05_c01.avi,4.409366607666016,4.254084587097168,31.78049659729004,0.4021461397058823,325.4145812988281,108,88,88,1,1.0
Swing/v_Swing_g05_c02.avi,6.694416999816895,6.695370674133301,61.0,0.2349195772058823,526.0806884765625,108,88,88,1,1.0
Swing/v_Swing_g05_c03.avi,6.385904788970947,8.551862716674805,118.34272003173828,0.2014981617647059,523.62060546875,108,88,88,1,1.0
Swing/v_Swing_g05_c04.avi,3.446484327316284,4.687271595001221,63.32456207275391,0.2385707720588235,490.2727966308594,108,88,88,1,1.0
Swing/v_Swing_g05_c05.avi,4.92518424987793,4.376405715942383,44.18144226074219,0.2453492647058823,483.3287963867188,200,88,88,1,0.9999958276748656
Swing/v_Swing_g05_c06.avi,2.91013503074646,4.885242462158203,49.04079818725586,0.422922794117647,235.1132049560547,200,88,88,1,0.9999998807907104
Swing/v_Swing_g05_c07.avi,5.276933670043945,6.5160956382751465,61.741397857666016,0.2135363051470588,619.6953125,200,88,88,1,1.0
Swing/v_Swing_g06_c01.avi,3.6795620918273926,3.2744345664978027,17.804492950439453,0.1560891544117647,518.6787109375,125,88,88,1,1.0
Swing/v_Swing_g06_c02.avi,1.3456425666809082,1.4887123107910156,11.40175437927246,0.4029273897058824,60.27036285400391,125,88,88,1,1.0
Swing/v_Swing_g06_c03.avi,0.4461274147033691,0.7174497246742249,12.0,0.6451263786764706,53.96175384521485,125,88,88,1,1.0
Swing/v_Swing_g06_c04.avi,0.2504585981369018,0.6212685108184814,8.0,0.81078125,58.65187454223633,125,88,88,1,1.0
Swing/v_Swing_g06_c05.avi,7.781625270843506,8.121152877807617,72.11102294921875,0.0417348345588235,1174.5511474609375,150,88,88,1,1.0
Swing/v_Swing_g06_c06.avi,14.580638885498049,12.6578950881958,127.4754867553711,0.1401930147058823,1019.3265380859376,150,88,88,1,1.0
Swing/v_Swing_g06_c07.avi,11.677045822143556,14.58795928955078,109.23827362060548,0.0780514705882352,1017.8986206054688,50,88,88,1,1.0
Swing/v_Swing_g07_c01.avi,2.0117228031158447,3.104324579238892,25.70992088317871,0.3659604779411765,613.4605712890625,125,88,88,1,1.0
Swing/v_Swing_g07_c02.avi,7.867768287658691,6.162775993347168,59.00847244262695,0.1138511029411764,527.0759887695312,250,88,88,1,1.0
Swing/v_Swing_g07_c03.avi,3.608628749847412,4.785386562347412,51.88448715209961,0.2242095588235294,795.2257080078125,250,88,88,1,1.0
Swing/v_Swing_g07_c04.avi,6.850147724151611,9.123250961303713,72.7804946899414,0.3273230698529412,796.5421142578125,200,88,88,1,1.0
Swing/v_Swing_g07_c05.avi,9.773519515991213,14.865981101989746,59.54829788208008,0.1765808823529411,1891.2880859375,150,88,88,1,1.0
Swing/v_Swing_g07_c06.avi,8.486577033996582,10.732168197631836,63.28506851196289,0.0878216911764705,1426.2427978515625,160,88,88,1,1.0
Swing/v_Swing_g07_c07.avi,9.354230880737305,8.52067756652832,79.02531433105469,0.0215142463235294,1473.799072265625,150,88,88,1,1.0
TableTennisShot/v_TableTennisShot_g01_c01.avi,3.063793897628784,7.171698093414307,56.920997619628906,0.6199908088235294,228.1925811767578,157,89,89,1,1.0
TableTennisShot/v_TableTennisShot_g01_c02.avi,4.372740745544434,11.711311340332031,141.1276092529297,0.5581204044117647,412.8929748535156,169,89,89,1,1.0
TableTennisShot/v_TableTennisShot_g01_c03.avi,3.319897413253784,7.972921371459961,69.00724792480469,0.6419967830882353,256.8433532714844,126,89,89,1,1.0
TableTennisShot/v_TableTennisShot_g01_c04.avi,2.1119112968444824,5.539992809295654,42.54409408569336,0.7168060661764706,134.1060791015625,163,89,89,1,1.0
TableTennisShot/v_TableTennisShot_g01_c05.avi,2.6967873573303223,7.535178184509277,76.0,0.6776447610294117,310.2275390625,164,89,89,1,1.0
TableTennisShot/v_TableTennisShot_g01_c06.avi,1.6627941131591797,3.988580465316773,61.66035842895508,0.6699402573529412,148.2969512939453,194,89,89,1,1.0
TableTennisShot/v_TableTennisShot_g02_c01.avi,3.4937894344329834,7.661599636077881,78.63841247558594,0.4545611213235294,193.90200805664065,225,89,89,1,1.0
TableTennisShot/v_TableTennisShot_g02_c02.avi,3.281944513320923,6.755995273590088,68.88395690917969,0.4699724264705882,141.9255828857422,225,89,89,1,1.0
TableTennisShot/v_TableTennisShot_g02_c03.avi,2.742619276046753,4.822399139404297,40.31128692626953,0.4639636948529412,86.45466613769531,145,89,89,1,1.0
TableTennisShot/v_TableTennisShot_g02_c04.avi,5.9825053215026855,9.929096221923828,81.39410400390625,0.368157169117647,256.30914306640625,119,89,89,1,1.0
TableTennisShot/v_TableTennisShot_g03_c01.avi,0.2174735069274902,0.7563842535018921,12.806248664855955,0.8713235294117647,14.550860404968262,125,89,89,1,1.0
TableTennisShot/v_TableTennisShot_g03_c02.avi,0.7349035143852234,1.9280109405517576,28.0,0.7406548713235294,29.598766326904297,89,89,89,1,1.0
TableTennisShot/v_TableTennisShot_g03_c03.avi,0.6351650953292847,2.0220909118652344,29.614185333251957,0.7797863051470588,41.19240951538086,105,89,89,1,1.0
TableTennisShot/v_TableTennisShot_g03_c04.avi,0.7183508276939392,2.303518295288086,39.051246643066406,0.7618589154411765,40.701637268066406,131,89,89,1,1.0
TableTennisShot/v_TableTennisShot_g03_c05.avi,0.7561167478561401,2.2935330867767334,41.01219177246094,0.7570358455882353,37.44530487060547,106,89,89,1,1.0
TableTennisShot/v_TableTennisShot_g04_c01.avi,0.9463658928871156,2.7554030418396,29.832868576049805,0.7280170036764706,67.35140991210938,210,89,89,1,1.0
TableTennisShot/v_TableTennisShot_g04_c02.avi,1.20500648021698,3.534337043762207,46.06517028808594,0.7131364889705882,83.45044708251953,134,89,89,1,1.0
TableTennisShot/v_TableTennisShot_g04_c03.avi,3.539101839065552,6.990248203277588,61.09828186035156,0.540188419117647,284.49224853515625,134,89,89,1,1.0
TableTennisShot/v_TableTennisShot_g04_c04.avi,1.9686530828475952,6.404101848602295,80.80841827392578,0.7416727941176471,308.3661193847656,191,89,89,1,1.0
TableTennisShot/v_TableTennisShot_g04_c05.avi,1.7602529525756836,3.746615409851074,37.2155876159668,0.5798575367647059,177.9297332763672,104,89,89,1,1.0
TableTennisShot/v_TableTennisShot_g04_c06.avi,1.431998610496521,4.593966007232666,41.43669891357422,0.7812316176470588,210.1696014404297,211,89,89,1,1.0
TableTennisShot/v_TableTennisShot_g04_c07.avi,0.9227361679077148,2.971717834472656,43.931766510009766,0.7578722426470588,75.08866882324219,142,89,89,1,1.0
TableTennisShot/v_TableTennisShot_g05_c01.avi,0.2223653793334961,0.8679652810096741,13.601470947265623,0.8978653492647058,49.1436767578125,204,89,89,1,0.999902606010437
TableTennisShot/v_TableTennisShot_g05_c02.avi,0.2958672046661377,1.0901228189468384,15.29705810546875,0.8797449448529412,65.16585540771484,173,89,89,1,0.999997615814209
TableTennisShot/v_TableTennisShot_g05_c03.avi,0.271134078502655,1.0352060794830322,23.0,0.8787775735294118,55.673431396484375,221,89,89,1,0.9999995231628418
TableTennisShot/v_TableTennisShot_g05_c04.avi,0.5544734597206116,1.7785426378250122,29.614185333251957,0.8174264705882353,76.78065490722656,176,89,89,1,1.0
TableTennisShot/v_TableTennisShot_g05_c05.avi,0.380453497171402,1.1625503301620483,18.439088821411133,0.8231227022058824,58.661468505859375,134,89,89,1,1.0
TableTennisShot/v_TableTennisShot_g05_c06.avi,0.2702887952327728,1.0966538190841677,25.0,0.8659558823529412,32.10255813598633,186,89,89,1,1.0
TableTennisShot/v_TableTennisShot_g05_c07.avi,0.4259595870971679,1.294320583343506,19.0,0.8290004595588235,47.301025390625,157,89,89,1,1.0
TableTennisShot/v_TableTennisShot_g06_c01.avi,1.024576187133789,2.8679451942443848,36.40055084228516,0.7497311580882353,65.46302795410156,207,89,89,1,1.0
TableTennisShot/v_TableTennisShot_g06_c02.avi,0.8532382249832153,3.2059807777404785,57.21887969970703,0.7847127757352941,58.03171920776367,175,89,89,1,1.0
TableTennisShot/v_TableTennisShot_g06_c03.avi,1.0830588340759275,3.1210708618164062,35.46829605102539,0.7817853860294117,57.28089141845703,136,89,89,1,1.0
TableTennisShot/v_TableTennisShot_g06_c04.avi,1.0037933588027954,2.7680981159210205,30.0,0.7347426470588235,99.74436950683594,111,89,89,1,1.0
TableTennisShot/v_TableTennisShot_g06_c05.avi,0.9921784996986388,2.886733055114746,38.63935852050781,0.7763924632352941,62.07295989990234,170,89,89,1,1.0
TableTennisShot/v_TableTennisShot_g06_c06.avi,0.3555316925048828,1.4887425899505615,18.0,0.8724632352941176,21.257125854492188,123,89,89,1,1.0
TableTennisShot/v_TableTennisShot_g07_c01.avi,2.546938180923462,5.608388423919678,61.26989364624024,0.5816222426470589,87.92977142333984,75,89,89,1,1.0
TableTennisShot/v_TableTennisShot_g07_c02.avi,1.9827300310134888,4.115441799163818,48.3735466003418,0.5286902573529412,114.6671905517578,101,89,89,1,1.0
TableTennisShot/v_TableTennisShot_g07_c03.avi,1.931704878807068,5.1807403564453125,86.97700500488281,0.6438832720588236,70.79293060302734,76,89,89,1,1.0
TableTennisShot/v_TableTennisShot_g07_c04.avi,2.536718845367432,6.042910099029541,64.8459701538086,0.590202205882353,71.6543197631836,80,89,89,1,1.0
TaiChi/v_TaiChi_g01_c01.avi,0.5532301068305969,1.7448426485061646,30.01666259765625,0.7927228860294118,93.0013427734375,167,90,6,0,0.7448846697807312
TaiChi/v_TaiChi_g01_c02.avi,0.6718142628669739,1.635997295379639,21.587032318115234,0.7519990808823529,145.19064331054688,167,90,6,0,1.0
TaiChi/v_TaiChi_g01_c03.avi,0.668340802192688,1.5258783102035522,12.04159450531006,0.7505905330882353,113.57171630859376,168,90,6,0,0.9999997615814208
TaiChi/v_TaiChi_g01_c04.avi,0.5019416809082031,1.26692533493042,14.317821502685549,0.77671875,82.62538146972656,167,90,6,0,0.9964286684989928
TaiChi/v_TaiChi_g02_c01.avi,2.569519519805908,3.3857316970825195,25.0,0.3774816176470588,130.69631958007812,175,90,83,0,0.9902523756027222
TaiChi/v_TaiChi_g02_c02.avi,5.432016372680664,7.488911151885986,40.71854782104492,0.190969669117647,137.6064910888672,170,90,90,1,0.9837082028388976
TaiChi/v_TaiChi_g02_c03.avi,7.49326229095459,6.891078472137451,35.0,0.076438419117647,255.1783142089844,175,90,90,1,0.9992650151252748
TaiChi/v_TaiChi_g02_c04.avi,2.249321222305298,3.5324959754943848,34.0,0.4058363970588235,165.1732177734375,170,90,90,1,0.5941334962844849
TaiChi/v_TaiChi_g03_c01.avi,2.0876853466033936,3.04656195640564,29.154760360717773,0.5107536764705882,94.84362030029295,179,90,90,1,1.0
TaiChi/v_TaiChi_g03_c02.avi,2.2374277114868164,3.6476292610168457,37.0,0.3726194852941176,83.57241821289062,169,90,90,1,1.0
TaiChi/v_TaiChi_g03_c03.avi,1.7100613117218018,2.9221179485321045,26.01922416687012,0.4625459558823529,129.7503662109375,174,90,90,1,1.0
TaiChi/v_TaiChi_g03_c04.avi,2.1109185218811035,3.505813837051392,26.0,0.4559811580882353,63.32672119140625,170,90,90,1,1.0
TaiChi/v_TaiChi_g04_c01.avi,0.1116990149021148,0.7734955549240112,13.0,0.9440441176470588,43.74445343017578,179,90,90,1,0.9999985694885254
TaiChi/v_TaiChi_g04_c02.avi,0.1741861701011657,0.8026332855224609,16.031219482421875,0.9003653492647059,130.3207550048828,179,90,90,1,1.0
TaiChi/v_TaiChi_g04_c03.avi,3.9689202308654794,5.010639667510986,34.20526123046875,0.3319025735294117,438.7225036621094,179,90,90,1,1.0
TaiChi/v_TaiChi_g04_c04.avi,3.3943932056427,4.375540256500244,35.22782897949219,0.3784949448529411,394.5816650390625,173,90,90,1,1.0
TaiChi/v_TaiChi_g05_c01.avi,0.8165823817253113,2.4875051975250244,37.0,0.7289613970588236,20.205738067626957,168,90,90,1,1.0
TaiChi/v_TaiChi_g05_c02.avi,1.8023476600646973,3.423673152923584,35.0,0.5559811580882353,90.79403686523438,170,90,90,1,1.0
TaiChi/v_TaiChi_g05_c03.avi,0.944508135318756,2.3508572578430176,28.0,0.6825114889705882,53.78466033935547,169,90,90,1,1.0
TaiChi/v_TaiChi_g05_c04.avi,0.3893560767173767,1.0302865505218506,26.870058059692383,0.7699057904411765,25.432605743408203,168,90,90,1,1.0
TaiChi/v_TaiChi_g06_c01.avi,0.1618262380361557,0.5905722379684448,10.0,0.8874264705882353,19.110280990600582,182,90,90,1,0.9999998807907104
TaiChi/v_TaiChi_g06_c02.avi,1.3202427625656128,1.99070942401886,27.0,0.3705055147058823,197.7608642578125,171,90,90,1,0.9835227131843568
TaiChi/v_TaiChi_g06_c03.avi,1.6691356897354126,2.9035604000091557,47.04253387451172,0.4042325367647059,422.21966552734375,178,90,90,1,0.9794734120368958
TaiChi/v_TaiChi_g06_c04.avi,1.6067674160003662,2.957373142242432,32.015621185302734,0.4091429227941176,233.7975311279297,176,90,90,1,0.9999992847442628
TaiChi/v_TaiChi_g07_c01.avi,0.1387210190296173,0.4347899854183197,8.0,0.8861052389705882,58.32829666137695,191,90,90,1,0.9965397119522096
TaiChi/v_TaiChi_g07_c02.avi,0.2010270208120346,0.63163161277771,11.0,0.86625,83.6090316772461,176,90,90,1,0.9999070167541504
TaiChi/v_TaiChi_g07_c03.avi,0.3058004081249237,1.1648977994918823,24.0,0.8597242647058824,112.81657409667967,170,90,90,1,0.7077195048332214
TaiChi/v_TaiChi_g07_c04.avi,0.0632197633385658,0.4640391170978546,14.21267032623291,0.9658111213235294,46.57497787475586,170,90,90,1,1.0
TennisSwing/v_TennisSwing_g01_c01.avi,1.0477083921432495,2.1085119247436523,32.75667953491211,0.6025758272058823,49.77790069580078,76,91,91,1,1.0
TennisSwing/v_TennisSwing_g01_c02.avi,1.2649521827697754,2.4508135318756104,25.70992088317871,0.5866865808823529,37.38196563720703,84,91,91,1,1.0
TennisSwing/v_TennisSwing_g01_c03.avi,1.0675380229949951,1.889139533042908,27.01851272583008,0.5797633272058823,37.829681396484375,83,91,91,1,1.0
TennisSwing/v_TennisSwing_g01_c04.avi,1.263381004333496,2.595270156860352,29.154760360717773,0.5978676470588236,65.41787719726562,89,91,91,1,1.0
TennisSwing/v_TennisSwing_g01_c05.avi,1.8550794124603271,4.935512542724609,43.011627197265625,0.5875597426470588,42.97863006591797,84,91,91,1,1.0
TennisSwing/v_TennisSwing_g01_c06.avi,1.293006181716919,2.452512264251709,23.76972770690918,0.5803285845588235,72.98241424560547,89,91,91,1,1.0
TennisSwing/v_TennisSwing_g01_c07.avi,1.0418671369552612,1.9763375520706177,26.92582321166992,0.5768979779411765,59.786582946777344,85,91,91,1,1.0
TennisSwing/v_TennisSwing_g02_c01.avi,2.260004997253418,7.928196430206299,125.1958465576172,0.6443520220588236,358.40093994140625,73,91,91,1,0.9995973706245422
TennisSwing/v_TennisSwing_g02_c02.avi,0.8620609641075134,3.2892842292785645,41.0,0.8006364889705883,204.5506134033203,94,91,91,1,0.9999806880950928
TennisSwing/v_TennisSwing_g02_c03.avi,1.1961510181427002,3.1045114994049072,25.80697631835937,0.7184352022058823,215.2079620361328,73,91,91,1,0.9999998807907104
TennisSwing/v_TennisSwing_g02_c04.avi,0.8078178763389587,2.491025924682617,31.256999969482425,0.786796875,183.3835601806641,84,91,91,1,0.9997119307518004
TennisSwing/v_TennisSwing_g02_c05.avi,2.6752285957336426,5.747754096984863,41.43669891357422,0.5329136029411765,419.0765686035156,177,91,91,1,0.9999940395355223
TennisSwing/v_TennisSwing_g02_c06.avi,0.7835047245025635,2.175041675567627,19.10497283935547,0.7567463235294117,158.9064483642578,94,91,91,1,0.9998182654380798
TennisSwing/v_TennisSwing_g02_c07.avi,2.0675783157348637,5.229175090789795,58.0,0.6578469669117647,257.1433410644531,216,91,91,1,0.999997615814209
TennisSwing/v_TennisSwing_g03_c01.avi,1.2102655172348022,3.0085818767547607,40.4474983215332,0.6950942095588235,82.46220397949219,79,91,91,1,1.0
TennisSwing/v_TennisSwing_g03_c02.avi,0.5773875117301941,1.1752997636795044,14.0,0.7152941176470589,36.07135391235352,61,91,91,1,1.0
TennisSwing/v_TennisSwing_g03_c03.avi,1.381141185760498,3.5264732837677,48.041648864746094,0.6538717830882353,104.87702941894533,80,91,91,1,1.0
TennisSwing/v_TennisSwing_g03_c04.avi,1.4821043014526367,3.464128971099853,31.06444931030273,0.6489935661764706,153.9501190185547,78,91,91,1,1.0
TennisSwing/v_TennisSwing_g03_c05.avi,1.4965994358062744,3.5537774562835693,38.20994567871094,0.6754779411764706,101.14330291748048,96,91,91,1,1.0
TennisSwing/v_TennisSwing_g03_c06.avi,1.5679750442504885,4.585872650146484,44.10215377807617,0.6886029411764706,101.50325012207033,84,91,91,1,1.0
TennisSwing/v_TennisSwing_g03_c07.avi,1.8096944093704224,3.978123188018799,37.57658767700195,0.6420174632352941,148.99244689941406,73,91,91,1,1.0
TennisSwing/v_TennisSwing_g04_c01.avi,0.2845666408538818,1.2607691287994385,25.495098114013672,0.8794852941176471,92.52406311035156,145,91,91,1,0.9916539192199708
TennisSwing/v_TennisSwing_g04_c02.avi,1.051642894744873,3.5820603370666504,52.20153427124024,0.768196231617647,172.71017456054688,97,91,91,1,0.9999815225601196
TennisSwing/v_TennisSwing_g04_c03.avi,0.4844825267791748,1.9717518091201784,43.046485900878906,0.8322058823529411,101.40026092529295,85,91,91,1,0.9993014335632324
TennisSwing/v_TennisSwing_g04_c04.avi,0.3469035923480987,1.229190707206726,18.3847770690918,0.8569485294117647,103.090576171875,96,91,91,1,0.9915852546691896
TennisSwing/v_TennisSwing_g04_c05.avi,0.1581714898347854,0.5477059483528137,9.0,0.8897058823529411,16.400474548339844,121,91,91,1,0.9387781620025636
TennisSwing/v_TennisSwing_g04_c06.avi,0.4296424686908722,1.6964002847671509,34.0,0.8369048713235294,119.3667984008789,97,91,91,1,0.9967138767242432
TennisSwing/v_TennisSwing_g04_c07.avi,0.3722409307956695,1.2014479637145996,23.021728515625,0.8268336397058823,84.02526092529297,130,91,91,1,0.9997016787528992
TennisSwing/v_TennisSwing_g05_c01.avi,0.3352474868297577,0.8348777890205383,8.062257766723633,0.7894117647058824,12.101903915405272,121,91,91,1,1.0
TennisSwing/v_TennisSwing_g05_c02.avi,3.018483161926269,3.766487836837769,28.0,0.3072426470588235,140.5738067626953,173,91,91,1,1.0
TennisSwing/v_TennisSwing_g05_c03.avi,10.584694862365724,13.174263954162598,151.02980041503906,0.3392830882352941,590.4849853515625,167,91,91,1,0.3821403980255127
TennisSwing/v_TennisSwing_g05_c04.avi,4.786490440368652,8.603904724121094,66.0302963256836,0.3706617647058823,180.76998901367188,141,91,91,1,0.9999995231628418
TennisSwing/v_TennisSwing_g05_c05.avi,2.937513828277588,5.0923590660095215,31.0,0.533860294117647,139.77317810058594,153,91,91,1,1.0
TennisSwing/v_TennisSwing_g05_c06.avi,3.2538902759552,4.531132698059082,47.01063537597656,0.3664131433823529,126.79914855957033,165,91,91,1,1.0
TennisSwing/v_TennisSwing_g05_c07.avi,7.207896709442139,9.856342315673828,89.02246856689453,0.2732835477941176,364.7605895996094,95,91,91,1,0.9999997615814208
TennisSwing/v_TennisSwing_g06_c01.avi,1.529572367668152,2.493774175643921,22.022714614868164,0.4975574448529412,66.27430725097656,138,91,91,1,0.9203515648841858
TennisSwing/v_TennisSwing_g06_c02.avi,1.8168225288391116,2.93384051322937,29.0,0.4231640625,76.71830749511719,210,91,7,0,0.7874290943145752
TennisSwing/v_TennisSwing_g06_c03.avi,0.5360658168792725,1.0919934511184692,10.0,0.680514705882353,11.72412395477295,244,91,7,0,0.9802522659301758
TennisSwing/v_TennisSwing_g06_c04.avi,1.6561870574951172,2.613262414932251,21.3775577545166,0.4125574448529411,46.708831787109375,230,91,91,1,0.6316848397254944
TennisSwing/v_TennisSwing_g06_c05.avi,0.8375552296638489,1.5939942598342896,15.0,0.5854044117647059,14.138513565063477,244,91,7,0,0.8246567249298096
TennisSwing/v_TennisSwing_g06_c06.avi,1.6452628374099731,2.691880941390991,25.179357528686523,0.4747173713235294,67.90840148925781,204,91,91,1,0.9349784255027772
TennisSwing/v_TennisSwing_g06_c07.avi,0.5559321045875549,1.1954500675201416,16.031219482421875,0.6856617647058824,9.517760276794434,185,91,91,1,0.9907183051109314
TennisSwing/v_TennisSwing_g07_c01.avi,9.233912467956545,14.006274223327637,59.03388977050781,0.1135684742647058,322.6327819824219,203,91,91,1,1.0
TennisSwing/v_TennisSwing_g07_c02.avi,5.692424297332764,11.730077743530272,63.150611877441406,0.6851286764705883,168.2888946533203,247,91,91,1,1.0
TennisSwing/v_TennisSwing_g07_c03.avi,1.2426828145980835,2.1373660564422607,31.0,0.4871231617647059,174.6568145751953,129,91,91,1,1.0
TennisSwing/v_TennisSwing_g07_c04.avi,2.3332130908966064,1.7554473876953125,10.0,0.0855882352941176,53.26282501220703,121,91,91,1,1.0
TennisSwing/v_TennisSwing_g07_c05.avi,8.114534378051758,7.189816951751709,28.861740112304688,0.1380905330882353,410.3596801757813,172,91,91,1,1.0
TennisSwing/v_TennisSwing_g07_c06.avi,2.521349668502808,2.880018949508667,36.013885498046875,0.290078125,267.38641357421875,168,91,91,1,1.0
TennisSwing/v_TennisSwing_g07_c07.avi,3.272611618041992,3.0655834674835205,29.017236709594727,0.2418910845588235,270.719482421875,143,91,91,1,1.0
ThrowDiscus/v_ThrowDiscus_g01_c01.avi,0.6859164834022522,1.6431330442428589,15.29705810546875,0.7040441176470589,62.55733108520508,65,92,92,1,1.0
ThrowDiscus/v_ThrowDiscus_g01_c02.avi,1.120916724205017,2.9037344455718994,43.41658782958984,0.5503331801470588,252.3187561035156,93,92,92,1,1.0
ThrowDiscus/v_ThrowDiscus_g01_c03.avi,1.7917293310165403,3.366417169570923,42.20189666748047,0.4979963235294117,277.0873413085937,81,92,92,1,1.0
ThrowDiscus/v_ThrowDiscus_g01_c04.avi,1.9196250438690183,3.92049503326416,45.27692413330078,0.4303469669117647,352.7468566894531,77,92,92,1,1.0
ThrowDiscus/v_ThrowDiscus_g02_c01.avi,5.52025842666626,6.385232925415039,52.15361785888672,0.2588924632352941,570.650390625,83,92,92,1,1.0
ThrowDiscus/v_ThrowDiscus_g02_c02.avi,11.598260879516602,25.06998443603516,113.0177001953125,0.3759673713235294,582.7468872070312,89,92,92,1,1.0
ThrowDiscus/v_ThrowDiscus_g02_c03.avi,3.8924152851104736,5.583786964416504,98.0,0.2664246323529411,559.8873901367188,89,92,92,1,1.0
ThrowDiscus/v_ThrowDiscus_g02_c04.avi,0.7963078618049622,1.871637344360352,25.0,0.743125,56.074554443359375,125,92,92,1,0.9999998807907104
ThrowDiscus/v_ThrowDiscus_g02_c05.avi,5.85216760635376,12.145357131958008,91.0,0.6064613970588235,394.56048583984375,83,92,92,1,1.0
ThrowDiscus/v_ThrowDiscus_g02_c06.avi,2.5759291648864746,5.748059272766113,105.0,0.4217440257352941,488.6145629882813,89,92,92,1,1.0
ThrowDiscus/v_ThrowDiscus_g02_c07.avi,3.3555305004119877,3.696190595626831,37.2155876159668,0.3533295036764706,356.1429748535156,83,92,92,1,0.9999998807907104
ThrowDiscus/v_ThrowDiscus_g03_c01.avi,0.4872666895389557,1.0839126110076904,17.464248657226562,0.70875,169.1833953857422,118,92,92,1,0.8670318126678467
ThrowDiscus/v_ThrowDiscus_g03_c02.avi,1.8124767541885376,5.611833095550537,112.0,0.4315027573529412,101.3629150390625,90,92,92,1,0.9999991655349731
ThrowDiscus/v_ThrowDiscus_g03_c03.avi,0.5687918066978455,1.5747952461242676,26.248809814453125,0.6772794117647059,116.77650451660156,147,92,92,1,0.8414946794509888
ThrowDiscus/v_ThrowDiscus_g03_c04.avi,0.3314433991909027,1.0721848011016846,16.0,0.8286144301470588,52.99785232543945,109,92,92,1,1.0
ThrowDiscus/v_ThrowDiscus_g04_c01.avi,1.7151951789855957,5.552095413208008,76.843994140625,0.703984375,268.1741943359375,60,92,92,1,1.0
ThrowDiscus/v_ThrowDiscus_g04_c02.avi,0.8928199410438538,3.3161025047302246,47.0,0.7984650735294118,149.0437774658203,157,92,92,1,1.0
ThrowDiscus/v_ThrowDiscus_g04_c03.avi,1.0150600671768188,3.14316987991333,38.32753753662109,0.7746323529411765,125.82979583740234,120,92,92,1,1.0
ThrowDiscus/v_ThrowDiscus_g04_c04.avi,0.1581277698278427,0.8146832585334778,15.0,0.9305882352941176,19.47456741333008,122,92,92,1,1.0
ThrowDiscus/v_ThrowDiscus_g05_c01.avi,6.269951343536377,6.984436511993408,53.93514633178711,0.1910041360294117,444.6843872070313,75,92,92,1,0.9484201073646544
ThrowDiscus/v_ThrowDiscus_g05_c02.avi,1.7049624919891355,4.23922872543335,64.19501495361328,0.4043359375,254.507080078125,70,92,92,1,0.9470400214195251
ThrowDiscus/v_ThrowDiscus_g05_c03.avi,0.9269012808799744,2.465173721313477,26.01922416687012,0.6346484375,174.56822204589844,65,92,92,1,0.9999785423278807
ThrowDiscus/v_ThrowDiscus_g05_c04.avi,3.293846607208252,5.61635160446167,74.24284362792969,0.2622242647058823,701.4559326171875,77,92,92,1,0.9979209303855896
ThrowDiscus/v_ThrowDiscus_g05_c05.avi,3.397195339202881,4.665353775024414,49.24428939819336,0.2613465073529412,379.6089477539063,60,92,92,1,0.9999947547912598
ThrowDiscus/v_ThrowDiscus_g06_c01.avi,1.5979735851287842,3.0986146926879883,58.07753372192383,0.3530215992647059,256.3910522460937,87,92,92,1,0.9910032749176024
ThrowDiscus/v_ThrowDiscus_g06_c02.avi,0.2473638504743576,1.0232527256011963,14.0,0.8872058823529412,35.571868896484375,61,92,91,0,0.8594421148300171
ThrowDiscus/v_ThrowDiscus_g06_c03.avi,0.612647533416748,2.522885799407959,45.880279541015625,0.782819393382353,96.43658447265624,96,92,35,0,0.9999516010284424
ThrowDiscus/v_ThrowDiscus_g06_c04.avi,0.3365481793880462,1.3752918243408203,30.01666259765625,0.83875,84.34550476074219,132,92,35,0,0.9757264256477356
ThrowDiscus/v_ThrowDiscus_g06_c05.avi,0.6833556890487671,1.955338716506958,42.01190185546875,0.681171875,116.26148986816406,132,92,92,1,0.948369801044464
ThrowDiscus/v_ThrowDiscus_g06_c06.avi,0.4183685779571533,1.916963815689087,27.784887313842773,0.9024632352941176,133.97122192382812,105,92,35,0,0.9997488856315612
ThrowDiscus/v_ThrowDiscus_g06_c07.avi,0.3290102183818817,1.5592079162597656,29.73213768005371,0.9040441176470588,101.01951599121094,70,92,35,0,0.7755256295204163
ThrowDiscus/v_ThrowDiscus_g07_c01.avi,0.610977828502655,3.087664604187012,64.56005096435547,0.8917853860294118,486.8899536132813,113,92,92,1,1.0
ThrowDiscus/v_ThrowDiscus_g07_c02.avi,1.1954751014709473,2.778977155685425,38.07886505126953,0.6907697610294118,610.1827392578125,104,92,92,1,0.9999985694885254
ThrowDiscus/v_ThrowDiscus_g07_c03.avi,0.4208042323589325,2.3126490116119385,36.055511474609375,0.9109099264705882,263.6909484863281,154,92,92,1,1.0
ThrowDiscus/v_ThrowDiscus_g07_c04.avi,0.1907849609851837,0.589801549911499,7.810249805450439,0.8533823529411765,102.87516784667967,122,92,92,1,1.0
ThrowDiscus/v_ThrowDiscus_g07_c05.avi,0.7039086818695068,2.8816170692443848,41.773197174072266,0.8073736213235294,573.037109375,109,92,92,1,1.0
ThrowDiscus/v_ThrowDiscus_g07_c06.avi,0.6757293939590454,3.37710189819336,50.96076965332031,0.9181985294117648,295.41314697265625,104,92,92,1,1.0
ThrowDiscus/v_ThrowDiscus_g07_c07.avi,0.4240899980068207,2.19958233833313,34.438350677490234,0.8859650735294118,455.3892211914063,108,92,92,1,1.0
TrampolineJumping/v_TrampolineJumping_g01_c01.avi,2.4513397216796875,6.525394916534424,88.60022735595703,0.5772035845588235,249.7490692138672,239,93,93,1,1.0
TrampolineJumping/v_TrampolineJumping_g01_c02.avi,13.640331268310549,14.342966079711914,114.9652099609375,0.0296668198529411,573.191162109375,239,93,93,1,1.0
TrampolineJumping/v_TrampolineJumping_g01_c03.avi,8.488764762878418,10.42539405822754,76.32168579101562,0.2026171875,882.9503784179688,105,93,93,1,1.0
TrampolineJumping/v_TrampolineJumping_g01_c04.avi,6.744463443756104,9.234601020812988,100.07997131347656,0.2896507352941176,532.5714111328125,105,93,93,1,1.0
TrampolineJumping/v_TrampolineJumping_g02_c01.avi,1.6921765804290771,4.230603694915772,50.0099983215332,0.5778079044117647,169.15252685546875,200,93,93,1,1.0
TrampolineJumping/v_TrampolineJumping_g02_c02.avi,1.0534387826919556,2.628401517868042,26.0,0.7133157169117647,102.31739807128906,200,93,93,1,1.0
TrampolineJumping/v_TrampolineJumping_g02_c03.avi,1.6362496614456177,3.971326351165772,47.01063537597656,0.6550022977941177,224.05691528320312,200,93,93,1,1.0
TrampolineJumping/v_TrampolineJumping_g02_c04.avi,1.687596559524536,5.3868560791015625,83.19855499267578,0.7181066176470589,272.82635498046875,200,93,93,1,1.0
TrampolineJumping/v_TrampolineJumping_g02_c05.avi,2.285921812057495,5.301060199737549,55.3263053894043,0.5873138786764706,355.2853088378906,239,93,93,1,1.0
TrampolineJumping/v_TrampolineJumping_g02_c06.avi,2.450838327407837,5.339954853057861,40.0,0.5520105698529412,290.2239074707031,239,93,93,1,1.0
TrampolineJumping/v_TrampolineJumping_g03_c01.avi,2.4778974056243896,9.900390625,108.93116760253906,0.7478469669117647,287.77935791015625,200,93,93,1,1.0
TrampolineJumping/v_TrampolineJumping_g03_c02.avi,2.108738422393799,6.802301406860352,63.150611877441406,0.7137867647058823,205.9012451171875,200,93,93,1,1.0
TrampolineJumping/v_TrampolineJumping_g03_c03.avi,5.046610355377197,7.527841091156006,49.72926712036133,0.3432559742647059,595.5211791992188,255,93,93,1,1.0
TrampolineJumping/v_TrampolineJumping_g03_c04.avi,2.706434726715088,4.7717156410217285,58.30952072143555,0.4084972426470588,462.5777282714844,200,93,93,1,1.0
TrampolineJumping/v_TrampolineJumping_g04_c01.avi,4.089339733123779,8.193632125854492,121.84005737304688,0.2049057904411764,763.8485107421875,249,93,93,1,1.0
TrampolineJumping/v_TrampolineJumping_g04_c02.avi,5.759387493133545,7.896270751953125,65.12296295166016,0.3119094669117647,950.7073974609376,249,93,93,1,1.0
TrampolineJumping/v_TrampolineJumping_g04_c03.avi,3.9769678115844727,5.72677755355835,66.91038513183594,0.3212591911764706,874.6238403320312,249,93,93,1,1.0
TrampolineJumping/v_TrampolineJumping_g04_c04.avi,4.563955783843994,4.463590621948242,29.068883895874023,0.2293405330882353,418.7564392089844,249,93,93,1,0.9999996423721312
TrampolineJumping/v_TrampolineJumping_g04_c05.avi,13.909730911254885,12.937532424926758,84.2199478149414,0.0981318933823529,1861.2291259765625,239,93,93,1,1.0
TrampolineJumping/v_TrampolineJumping_g05_c01.avi,2.6479525566101074,6.327378273010254,76.05918884277344,0.5967693014705883,779.1096801757812,150,93,93,1,0.9999998807907104
TrampolineJumping/v_TrampolineJumping_g05_c02.avi,3.529388904571533,11.61948585510254,123.0162582397461,0.5883042279411764,886.6286010742188,150,93,93,1,0.9999953508377076
TrampolineJumping/v_TrampolineJumping_g05_c03.avi,4.177881717681885,11.47418975830078,104.8093490600586,0.5697265625,1015.0609130859376,150,93,93,1,1.0
TrampolineJumping/v_TrampolineJumping_g05_c04.avi,2.9424562454223637,5.605225086212158,43.26661682128906,0.4995703125,561.2354736328125,150,93,93,1,0.9999972581863404
TrampolineJumping/v_TrampolineJumping_g06_c01.avi,0.8505445122718811,3.2655961513519287,37.336307525634766,0.8681985294117647,284.3954467773437,200,93,93,1,1.0
TrampolineJumping/v_TrampolineJumping_g06_c02.avi,2.580195665359497,4.64118242263794,57.38466644287109,0.4009329044117647,667.6671752929688,449,93,93,1,1.0
TrampolineJumping/v_TrampolineJumping_g06_c03.avi,3.070181608200073,2.949929714202881,16.278820037841797,0.1715808823529411,207.8984375,449,93,93,1,0.9999998807907104
TrampolineJumping/v_TrampolineJumping_g06_c04.avi,1.7321966886520386,3.3355581760406494,52.009613037109375,0.4679779411764705,337.77520751953125,329,93,93,1,1.0
TrampolineJumping/v_TrampolineJumping_g07_c01.avi,4.634425163269043,6.102221488952637,59.90826416015625,0.1390693933823529,203.79867553710935,200,93,93,1,1.0
TrampolineJumping/v_TrampolineJumping_g07_c02.avi,8.627795219421387,13.359593391418455,216.5917816162109,0.2171185661764706,261.8329467773437,400,93,93,1,1.0
TrampolineJumping/v_TrampolineJumping_g07_c03.avi,8.130908966064453,9.575044631958008,73.02738952636719,0.1830284926470588,296.4725952148437,200,93,93,1,1.0
TrampolineJumping/v_TrampolineJumping_g07_c04.avi,8.611660957336426,12.348028182983398,104.0432586669922,0.2149839154411764,442.99456787109375,200,93,93,1,1.0
TrampolineJumping/v_TrampolineJumping_g07_c05.avi,9.444289207458496,10.163661003112791,61.52235412597656,0.1194485294117647,401.63421630859375,239,93,93,1,1.0
Typing/v_Typing_g01_c01.avi,1.3705711364746094,3.8694605827331534,44.94440841674805,0.6582582720588235,236.1601104736328,126,94,94,1,1.0
Typing/v_Typing_g01_c02.avi,1.1781095266342163,2.639989137649536,27.01851272583008,0.6873943014705882,360.7197265625,120,94,94,1,1.0
Typing/v_Typing_g01_c03.avi,0.9443556666374208,2.260341167449951,31.30495262145996,0.7133869485294118,267.052978515625,141,94,94,1,1.0
Typing/v_Typing_g01_c04.avi,1.1207422018051147,3.591834783554077,34.71310806274414,0.7533501838235294,196.19046020507807,155,94,94,1,1.0
Typing/v_Typing_g01_c05.avi,0.2752130627632141,0.6916468739509583,7.071067810058594,0.8160294117647059,44.524208068847656,123,94,94,1,1.0
Typing/v_Typing_g01_c06.avi,0.9980604648590088,2.61818790435791,25.80697631835937,0.7155698529411765,288.95538330078125,143,94,94,1,1.0
Typing/v_Typing_g01_c07.avi,0.7207479476928711,1.769839882850647,19.416488647460938,0.7462706801470588,168.37240600585938,126,94,94,1,1.0
Typing/v_Typing_g02_c01.avi,0.6541554927825928,2.162846565246582,48.041648864746094,0.7776769301470589,54.13594818115234,250,94,94,1,1.0
Typing/v_Typing_g02_c02.avi,0.6643080711364746,2.4701409339904785,48.01041412353516,0.816764705882353,57.386260986328125,250,94,94,1,1.0
Typing/v_Typing_g02_c03.avi,0.639187753200531,2.16853404045105,40.01249694824219,0.7851125919117647,89.73088073730469,250,94,94,1,1.0
Typing/v_Typing_g02_c04.avi,0.577576756477356,2.174013614654541,45.0111083984375,0.8117578125,46.9613151550293,250,94,94,1,1.0
Typing/v_Typing_g02_c05.avi,0.6506274938583374,2.1309382915496826,42.0,0.7812591911764706,74.25193786621094,250,94,94,1,1.0
Typing/v_Typing_g02_c06.avi,0.4554144740104675,1.5435121059417725,21.0,0.8139246323529412,45.53076934814453,250,94,94,1,1.0
Typing/v_Typing_g03_c01.avi,1.1258701086044312,3.305135726928711,32.015621185302734,0.7689223345588235,155.31900024414062,248,94,94,1,1.0
Typing/v_Typing_g03_c02.avi,1.0825331211090088,2.857670307159424,21.587032318115234,0.7344508272058824,84.59141540527344,248,94,94,1,1.0
Typing/v_Typing_g03_c03.avi,1.0021581649780271,2.603680372238159,22.80350875854492,0.7484397977941176,71.0673599243164,250,94,94,1,1.0
Typing/v_Typing_g03_c04.avi,1.295249581336975,4.257366180419922,42.63801193237305,0.7754710477941177,105.75846862792967,250,94,94,1,1.0
Typing/v_Typing_g03_c05.avi,1.4327336549758911,4.180121898651123,44.18144226074219,0.7510294117647058,87.97096252441406,248,94,94,1,1.0
Typing/v_Typing_g03_c06.avi,2.3835599422454834,5.468970775604248,38.58756256103516,0.6861902573529411,154.40530395507812,260,94,94,1,1.0
Typing/v_Typing_g03_c07.avi,0.8691798448562622,2.424436569213867,30.5941162109375,0.74265625,51.286407470703125,249,94,94,1,1.0
Typing/v_Typing_g04_c01.avi,0.6193798184394836,1.5572209358215332,17.0,0.7499724264705883,136.6790771484375,249,94,33,0,0.997814416885376
Typing/v_Typing_g04_c02.avi,0.4178203046321869,1.1065411567687988,8.9442720413208,0.80125,27.63189125061035,181,94,33,0,0.9576326012611388
Typing/v_Typing_g04_c03.avi,0.8401933312416077,2.123852014541626,49.0,0.6707881433823529,201.9154510498047,150,94,33,0,0.966551661491394
Typing/v_Typing_g04_c04.avi,0.6176716685295105,1.391879320144653,25.05992889404297,0.7185225183823529,141.12974548339844,249,94,33,0,0.9250187277793884
Typing/v_Typing_g05_c01.avi,0.7814227938652039,1.6733877658843994,22.0,0.6829296875,97.72073364257812,249,94,94,1,0.996485710144043
Typing/v_Typing_g05_c02.avi,0.6381548047065735,1.5213994979858398,24.1867733001709,0.7118910845588236,66.31694030761719,249,94,94,1,0.9999570846557616
Typing/v_Typing_g05_c03.avi,0.796612560749054,1.7358943223953247,19.02629852294922,0.7023529411764706,87.07649993896484,249,94,94,1,0.9998581409454346
Typing/v_Typing_g05_c04.avi,0.7689247727394104,1.7834266424179075,20.02498435974121,0.6954825367647058,91.8062744140625,249,94,94,1,0.9999747276306152
Typing/v_Typing_g05_c05.avi,0.6126834750175476,1.2933610677719116,14.142135620117188,0.7119967830882353,76.77192687988281,249,94,94,1,0.9994937181472778
Typing/v_Typing_g05_c06.avi,0.6765854954719543,1.5334875583648682,17.8885440826416,0.7087086397058824,54.72052001953125,249,94,94,1,0.9999144077301024
Typing/v_Typing_g06_c01.avi,1.8837233781814573,4.948690414428711,42.42640686035156,0.6735431985294118,294.5668334960937,140,94,94,1,1.0
Typing/v_Typing_g06_c02.avi,0.6611301302909851,1.5479118824005127,15.033296585083008,0.7502941176470588,67.94524383544922,124,94,94,1,1.0
Typing/v_Typing_g06_c03.avi,0.4871589541435241,1.2739872932434082,15.81138801574707,0.7860661764705882,64.9014663696289,125,94,94,1,1.0
Typing/v_Typing_g06_c04.avi,0.6718388795852661,1.5082834959030151,11.40175437927246,0.7372426470588235,52.78794479370117,122,94,94,1,1.0
Typing/v_Typing_g06_c05.avi,0.6384119987487793,1.4259684085845947,12.806248664855955,0.7328308823529411,63.72615814208984,124,94,94,1,1.0
Typing/v_Typing_g06_c06.avi,1.2285308837890625,2.59535551071167,24.0,0.6959811580882352,149.1422882080078,128,94,94,1,1.0
Typing/v_Typing_g06_c07.avi,2.519592523574829,5.16205358505249,60.95900344848633,0.6648782169117647,327.84051513671875,118,94,94,1,1.0
Typing/v_Typing_g07_c01.avi,0.6465696692466736,1.6197792291641235,17.0,0.7581801470588235,335.8894348144531,119,94,94,1,1.0
Typing/v_Typing_g07_c02.avi,0.1485138535499572,0.5623959898948669,8.0,0.9074632352941177,27.935760498046875,123,94,94,1,1.0
Typing/v_Typing_g07_c03.avi,0.5988157987594604,1.9382718801498413,21.540658950805664,0.8157720588235294,198.1485137939453,127,94,94,1,1.0
Typing/v_Typing_g07_c04.avi,0.810396134853363,2.592904567718506,41.04875183105469,0.765390625,429.0986328125,120,94,94,1,0.9999972581863404
Typing/v_Typing_g07_c05.avi,0.3647045791149139,1.0448670387268066,13.416407585144045,0.8269852941176471,149.79995727539062,128,94,94,1,1.0
Typing/v_Typing_g07_c06.avi,0.7390474081039429,2.820101737976074,38.910152435302734,0.7934926470588235,374.28912353515625,109,94,94,1,0.9999984502792358
UnevenBars/v_UnevenBars_g01_c01.avi,2.175393581390381,3.769730567932129,52.0,0.5724264705882353,529.14306640625,160,95,95,1,1.0
UnevenBars/v_UnevenBars_g01_c02.avi,11.118331909179688,19.049152374267575,135.83078002929688,0.2892302389705882,617.669921875,159,95,95,1,1.0
UnevenBars/v_UnevenBars_g01_c03.avi,3.171030282974243,5.351048946380615,44.10215377807617,0.4292325367647059,271.90875244140625,152,95,95,1,1.0
UnevenBars/v_UnevenBars_g01_c04.avi,6.18020486831665,9.912131309509276,97.04637908935548,0.3146966911764706,354.47125244140625,143,95,95,1,1.0
UnevenBars/v_UnevenBars_g02_c01.avi,8.122596740722656,8.269508361816406,78.18567657470703,0.2361833639705882,475.54339599609375,145,95,95,1,1.0
UnevenBars/v_UnevenBars_g02_c02.avi,9.760248184204102,16.794233322143555,195.0,0.3021829044117647,627.9931030273438,193,95,95,1,1.0
UnevenBars/v_UnevenBars_g02_c03.avi,11.18547821044922,13.21689510345459,89.1852035522461,0.1904319852941176,276.1593017578125,155,95,95,1,1.0
UnevenBars/v_UnevenBars_g02_c04.avi,5.276057720184326,8.15722942352295,58.8217658996582,0.4257054227941176,506.8868713378906,195,95,95,1,1.0
UnevenBars/v_UnevenBars_g03_c01.avi,6.294368743896484,13.329514503479004,98.0,0.5666934742647058,210.9906311035156,128,95,95,1,1.0
UnevenBars/v_UnevenBars_g03_c02.avi,1.6474765539169312,2.513923168182373,31.95309066772461,0.4512614889705882,318.74383544921875,141,95,95,1,0.9999971389770508
UnevenBars/v_UnevenBars_g03_c03.avi,8.551835060119629,16.3172607421875,81.00617218017578,0.4311052389705882,832.9553833007812,149,95,95,1,1.0
UnevenBars/v_UnevenBars_g03_c04.avi,0.534084141254425,1.0637805461883545,12.04159450531006,0.6540073529411765,107.20079040527344,245,95,95,1,1.0
UnevenBars/v_UnevenBars_g04_c01.avi,2.095008850097656,3.811073303222656,50.6063232421875,0.504342830882353,488.3779296875,142,95,95,1,1.0
UnevenBars/v_UnevenBars_g04_c02.avi,0.945916473865509,1.5564777851104736,13.0,0.6221415441176471,44.18880081176758,125,95,95,1,1.0
UnevenBars/v_UnevenBars_g04_c03.avi,6.615138530731201,10.18097686767578,99.63935089111328,0.3704113051470588,540.9358520507812,120,95,95,1,1.0
UnevenBars/v_UnevenBars_g04_c04.avi,3.486572027206421,7.479091167449951,53.15073013305664,0.7586764705882353,397.5830078125,144,95,95,1,1.0
UnevenBars/v_UnevenBars_g05_c01.avi,3.03332257270813,3.10377836227417,31.0161247253418,0.1713235294117647,201.0420379638672,121,95,56,0,0.9568853378295898
UnevenBars/v_UnevenBars_g05_c02.avi,5.316626071929932,7.824857711791992,75.0,0.3441429227941176,735.6328125,177,95,95,1,1.0
UnevenBars/v_UnevenBars_g05_c03.avi,3.777416467666626,5.051941394805908,54.33230972290039,0.3344829963235294,528.3938598632812,165,95,95,1,1.0
UnevenBars/v_UnevenBars_g05_c04.avi,2.020225524902344,5.2222113609313965,75.1797866821289,0.5366222426470588,236.49459838867188,106,95,95,1,1.0
UnevenBars/v_UnevenBars_g06_c01.avi,3.339117765426636,6.725081443786621,51.865211486816406,0.6200942095588236,181.62136840820312,97,95,95,1,1.0
UnevenBars/v_UnevenBars_g06_c02.avi,1.638547420501709,3.822022199630737,61.03277969360352,0.4780859375,183.54052734375,77,95,95,1,1.0
UnevenBars/v_UnevenBars_g06_c03.avi,2.070373296737671,3.650904655456543,39.0,0.5725574448529411,163.44883728027344,78,95,95,1,0.9999982118606568
UnevenBars/v_UnevenBars_g06_c04.avi,2.503485679626465,6.416728496551514,71.51223754882812,0.5363740808823529,588.4791870117188,118,95,95,1,1.0
UnevenBars/v_UnevenBars_g07_c01.avi,5.27764368057251,8.19675350189209,62.7694206237793,0.4888534007352941,254.4561462402344,150,95,95,1,1.0
UnevenBars/v_UnevenBars_g07_c02.avi,14.442316055297852,10.819757461547852,80.0,0.100625,427.7035217285156,72,95,95,1,1.0
UnevenBars/v_UnevenBars_g07_c03.avi,3.2010955810546875,2.6347525119781494,16.401220321655273,0.1850735294117647,199.0323181152344,122,95,95,1,1.0
UnevenBars/v_UnevenBars_g07_c04.avi,2.0680172443389893,4.456558704376221,63.0,0.4390808823529412,83.50882720947266,122,95,95,1,1.0
VolleyballSpiking/v_VolleyballSpiking_g01_c01.avi,0.6091532111167908,1.920798659324646,24.020824432373047,0.7891153492647058,125.20758056640624,92,96,96,1,1.0
VolleyballSpiking/v_VolleyballSpiking_g01_c02.avi,4.579601764678955,4.590429782867432,61.188232421875,0.2111282169117647,138.06076049804688,209,96,96,1,1.0
VolleyballSpiking/v_VolleyballSpiking_g01_c03.avi,2.1203742027282715,2.559878349304199,20.24845695495605,0.2824333639705882,94.29933166503906,153,96,96,1,1.0
VolleyballSpiking/v_VolleyballSpiking_g01_c04.avi,5.220065593719482,5.678930282592773,54.03702545166016,0.2276746323529411,103.9166030883789,68,96,96,1,1.0
VolleyballSpiking/v_VolleyballSpiking_g02_c01.avi,2.357076644897461,2.4454493522644043,35.84689712524414,0.2374655330882353,247.25228881835935,83,96,96,1,1.0
VolleyballSpiking/v_VolleyballSpiking_g02_c02.avi,0.1080949380993843,0.5372239947319031,7.810249805450439,0.9351470588235294,9.957961082458496,121,96,96,1,1.0
VolleyballSpiking/v_VolleyballSpiking_g02_c03.avi,0.4917695820331573,1.358339548110962,21.0,0.7846047794117647,57.70996856689453,111,96,96,1,1.0
VolleyballSpiking/v_VolleyballSpiking_g02_c04.avi,6.030885219573975,6.6440606117248535,40.45985794067383,0.2190372242647058,340.0526428222656,90,96,96,1,1.0
VolleyballSpiking/v_VolleyballSpiking_g03_c01.avi,3.01148533821106,4.479115009307861,30.0,0.350735294117647,227.80746459960935,101,96,96,1,0.998991072177887
VolleyballSpiking/v_VolleyballSpiking_g03_c02.avi,1.0184829235076904,1.2284950017929075,11.40175437927246,0.4617279411764706,38.91761016845703,64,96,96,1,0.9999997615814208
VolleyballSpiking/v_VolleyballSpiking_g03_c03.avi,0.3316702544689178,0.86568284034729,16.0,0.7729779411764706,17.969463348388672,122,96,96,1,1.0
VolleyballSpiking/v_VolleyballSpiking_g03_c04.avi,1.1440590620040894,4.434825420379639,55.03635025024414,0.7412155330882353,55.5323371887207,94,96,96,1,1.0
VolleyballSpiking/v_VolleyballSpiking_g04_c01.avi,0.1795405000448227,0.7361644506454468,8.246211051940918,0.912077205882353,105.9380874633789,64,96,96,1,1.0
VolleyballSpiking/v_VolleyballSpiking_g04_c02.avi,2.6497507095336914,6.31194543838501,58.00862121582031,0.6109604779411765,1309.924072265625,60,96,96,1,1.0
VolleyballSpiking/v_VolleyballSpiking_g04_c03.avi,0.8509431481361389,2.590198516845703,31.764760971069336,0.7894071691176471,527.63330078125,75,96,96,1,1.0
VolleyballSpiking/v_VolleyballSpiking_g04_c04.avi,0.4340927004814148,1.4149781465530396,20.02498435974121,0.8281433823529412,399.8315734863281,110,96,96,1,1.0
VolleyballSpiking/v_VolleyballSpiking_g04_c05.avi,1.2705062627792358,4.617786884307861,50.80354309082031,0.7519117647058824,571.9937744140625,97,96,96,1,1.0
VolleyballSpiking/v_VolleyballSpiking_g04_c06.avi,0.4509305953979492,1.626213550567627,27.459060668945312,0.8437224264705883,370.7810668945313,109,96,96,1,1.0
VolleyballSpiking/v_VolleyballSpiking_g04_c07.avi,0.3802303969860077,1.3477742671966553,20.0,0.8413970588235294,200.9639892578125,128,96,96,1,0.9999953508377076
VolleyballSpiking/v_VolleyballSpiking_g05_c01.avi,4.5401387214660645,4.178101062774658,42.0,0.1051171875,214.9903564453125,103,96,96,1,0.9999988079071044
VolleyballSpiking/v_VolleyballSpiking_g05_c02.avi,1.5876935720443726,2.4086949825286865,23.0,0.4082261029411764,87.54560852050781,65,96,96,1,1.0
VolleyballSpiking/v_VolleyballSpiking_g05_c03.avi,7.299532413482666,12.819659233093262,133.0,0.3514568014705882,203.5199279785156,58,96,96,1,1.0
VolleyballSpiking/v_VolleyballSpiking_g05_c04.avi,0.9315989017486572,2.0212724208831787,21.0,0.5980882352941177,15.120257377624512,62,96,96,1,1.0
VolleyballSpiking/v_VolleyballSpiking_g05_c05.avi,4.168347835540772,6.733465671539307,58.00862121582031,0.350539981617647,56.50265502929688,93,96,96,1,1.0
VolleyballSpiking/v_VolleyballSpiking_g06_c01.avi,10.7079496383667,17.083105087280273,93.60555267333984,0.2562017463235294,318.0200500488281,120,96,96,1,1.0
VolleyballSpiking/v_VolleyballSpiking_g06_c02.avi,6.349924087524414,7.8406662940979,98.23441314697266,0.2282858455882352,140.244140625,105,96,96,1,1.0
VolleyballSpiking/v_VolleyballSpiking_g06_c03.avi,13.885394096374512,10.709891319274902,70.45565795898438,0.1225275735294117,309.0662536621094,120,96,96,1,1.0
VolleyballSpiking/v_VolleyballSpiking_g06_c04.avi,1.260382056236267,2.2544214725494385,47.423622131347656,0.4266727941176471,135.21395874023438,147,96,96,1,1.0
VolleyballSpiking/v_VolleyballSpiking_g07_c01.avi,8.026533126831055,9.67196559906006,105.01904296875,0.2744761029411764,80.11573791503906,52,96,96,1,1.0
VolleyballSpiking/v_VolleyballSpiking_g07_c02.avi,4.372615814208984,6.213173389434815,48.0,0.3166498161764706,110.2029266357422,86,96,96,1,1.0
VolleyballSpiking/v_VolleyballSpiking_g07_c03.avi,6.429418087005615,12.20200538635254,171.0,0.301868106617647,125.57293701171876,88,96,96,1,1.0
VolleyballSpiking/v_VolleyballSpiking_g07_c04.avi,3.597864389419556,5.825508117675781,68.02940368652344,0.346516544117647,75.38005065917969,66,96,96,1,1.0
VolleyballSpiking/v_VolleyballSpiking_g07_c05.avi,5.170318126678467,7.831227302551269,56.0,0.4057398897058824,72.61006164550781,85,96,96,1,1.0
VolleyballSpiking/v_VolleyballSpiking_g07_c06.avi,1.6487699747085571,2.76079535484314,30.149627685546875,0.5035271139705882,31.774877548217773,66,96,96,1,1.0
VolleyballSpiking/v_VolleyballSpiking_g07_c07.avi,3.167603015899658,4.734837532043457,43.046485900878906,0.3922564338235294,93.95997619628906,78,96,96,1,1.0
WalkingWithDog/v_WalkingWithDog_g01_c01.avi,1.640357255935669,2.9550793170928955,20.02498435974121,0.6371691176470589,475.0618286132813,239,97,97,1,1.0
WalkingWithDog/v_WalkingWithDog_g01_c02.avi,11.437445640563965,12.988797187805176,58.694122314453125,0.1608800551470588,494.2303771972656,239,97,97,1,1.0
WalkingWithDog/v_WalkingWithDog_g01_c03.avi,9.21433162689209,11.24937343597412,65.0691909790039,0.1921208639705882,367.716552734375,239,97,97,1,1.0
WalkingWithDog/v_WalkingWithDog_g01_c04.avi,10.39627742767334,9.709857940673828,57.07013320922852,0.0559260110294117,914.255859375,179,97,97,1,1.0
WalkingWithDog/v_WalkingWithDog_g02_c01.avi,3.8022193908691406,4.582607269287109,40.04996871948242,0.3323874080882353,450.4203186035156,239,97,97,1,1.0
WalkingWithDog/v_WalkingWithDog_g02_c02.avi,3.582220554351806,4.208554744720459,36.0,0.224563419117647,442.2814331054688,239,97,97,1,1.0
WalkingWithDog/v_WalkingWithDog_g02_c03.avi,6.545731067657471,7.347024440765381,59.41380310058594,0.1580376838235294,602.3162841796875,239,97,97,1,1.0
WalkingWithDog/v_WalkingWithDog_g02_c04.avi,7.522490978240967,7.0793867111206055,65.12296295166016,0.0987867647058823,532.1748046875,239,97,97,1,1.0
WalkingWithDog/v_WalkingWithDog_g02_c05.avi,5.546944618225098,5.329106330871582,39.051246643066406,0.2098736213235294,635.7632446289062,239,97,97,1,1.0
WalkingWithDog/v_WalkingWithDog_g02_c06.avi,7.041343688964844,7.501097202301025,49.24428939819336,0.1662660845588235,425.798583984375,239,97,97,1,1.0
WalkingWithDog/v_WalkingWithDog_g03_c01.avi,7.717103004455566,6.4483795166015625,38.20994567871094,0.1945749080882353,282.432373046875,239,97,97,1,0.7800596952438354
WalkingWithDog/v_WalkingWithDog_g03_c02.avi,15.592743873596191,13.925772666931152,47.51841735839844,0.2048552389705882,502.6341857910156,239,97,80,0,0.9999693632125854
WalkingWithDog/v_WalkingWithDog_g03_c03.avi,6.029717445373535,6.242661476135254,41.04875183105469,0.0839636948529411,358.611083984375,214,97,97,1,1.0
WalkingWithDog/v_WalkingWithDog_g03_c04.avi,23.903905868530277,19.31562614440918,109.60382843017578,0.0276746323529411,961.8463134765624,239,97,97,1,0.9999921321868896
WalkingWithDog/v_WalkingWithDog_g03_c05.avi,24.32888984680176,17.7283935546875,91.98369598388672,0.0180974264705882,686.7506103515625,239,97,97,1,1.0
WalkingWithDog/v_WalkingWithDog_g04_c01.avi,0.6220351457595825,1.384097695350647,17.11724281311035,0.6830882352941177,140.5349884033203,92,97,97,1,1.0
WalkingWithDog/v_WalkingWithDog_g04_c02.avi,6.084671497344971,6.181197643280029,40.0,0.2059053308823529,374.1841430664063,239,97,97,1,1.0
WalkingWithDog/v_WalkingWithDog_g04_c03.avi,12.106243133544922,12.070151329040527,66.60330200195312,0.0248965992647058,541.84619140625,239,97,97,1,1.0
WalkingWithDog/v_WalkingWithDog_g04_c04.avi,13.49377155303955,12.648585319519045,63.0079345703125,0.0507398897058823,378.96240234375,209,97,97,1,1.0
WalkingWithDog/v_WalkingWithDog_g04_c05.avi,9.637717247009276,9.06714916229248,62.48199844360352,0.0223207720588235,527.8914184570312,239,97,97,1,1.0
WalkingWithDog/v_WalkingWithDog_g05_c01.avi,14.17004680633545,14.16969394683838,74.02702331542969,0.1818658088235294,247.8018035888672,239,97,97,1,1.0
WalkingWithDog/v_WalkingWithDog_g05_c02.avi,13.234362602233888,11.851747512817385,71.44927978515625,0.1549885110294117,318.72918701171875,239,97,97,1,1.0
WalkingWithDog/v_WalkingWithDog_g05_c03.avi,34.821746826171875,24.595149993896484,106.169677734375,0.0227734375,537.2128295898438,239,97,97,1,1.0
WalkingWithDog/v_WalkingWithDog_g05_c04.avi,16.222597122192383,13.691365242004396,68.0,0.0574241727941176,338.8116149902344,143,97,97,1,1.0
WalkingWithDog/v_WalkingWithDog_g05_c05.avi,15.969905853271484,18.19776725769043,99.02020263671876,0.0284375,349.91827392578125,133,97,97,1,1.0
WalkingWithDog/v_WalkingWithDog_g06_c01.avi,0.5056226849555969,1.1140307188034058,17.72004508972168,0.7208134191176471,21.359539031982425,152,97,97,1,0.999267280101776
WalkingWithDog/v_WalkingWithDog_g06_c02.avi,1.5953943729400637,2.871086597442627,31.048349380493164,0.6561029411764706,118.3346176147461,124,97,97,1,0.9999997615814208
WalkingWithDog/v_WalkingWithDog_g06_c03.avi,7.6168389320373535,7.5163493156433105,89.84430694580078,0.1171760110294117,228.5059051513672,239,97,97,1,0.9999314546585084
WalkingWithDog/v_WalkingWithDog_g06_c04.avi,9.463945388793944,11.12761402130127,114.01753997802734,0.2836695772058824,1358.9114990234375,239,97,97,1,1.0
WalkingWithDog/v_WalkingWithDog_g06_c05.avi,5.440149307250977,9.175863265991213,67.94115447998047,0.573835018382353,2163.2568359375,239,97,97,1,1.0
WalkingWithDog/v_WalkingWithDog_g07_c01.avi,0.4947488307952881,1.6470927000045776,19.02629852294922,0.8193198529411765,79.27330017089844,93,97,26,0,0.9593663215637208
WalkingWithDog/v_WalkingWithDog_g07_c02.avi,0.3441574573516845,2.6078691482543945,59.00847244262695,0.9362591911764706,108.96138763427734,158,97,83,0,0.9717795252799988
WalkingWithDog/v_WalkingWithDog_g07_c03.avi,7.373419284820557,7.473429679870605,47.51841735839844,0.216875,369.40142822265625,232,97,80,0,0.9792405962944032
WalkingWithDog/v_WalkingWithDog_g07_c04.avi,1.178177833557129,2.661841869354248,44.72135925292969,0.6237385110294118,71.66773986816406,239,97,97,1,0.9995868802070618
WalkingWithDog/v_WalkingWithDog_g07_c05.avi,6.482258319854736,8.936552047729492,35.05709457397461,0.3023552389705882,650.1942749023438,239,97,97,1,1.0
WalkingWithDog/v_WalkingWithDog_g07_c06.avi,0.9388889670372008,1.663033962249756,18.027755737304688,0.4967601102941176,144.51881408691406,239,97,80,0,0.9999988079071044
WallPushups/v_WallPushups_g01_c01.avi,5.13867712020874,9.629334449768066,54.64430618286133,0.4066153492647059,238.08480834960935,89,98,98,1,0.999992847442627
WallPushups/v_WallPushups_g01_c02.avi,0.8200202584266663,1.2668253183364868,8.062257766723633,0.5665073529411765,9.82130527496338,124,98,98,1,0.9999997615814208
WallPushups/v_WallPushups_g01_c03.avi,5.299152851104736,9.41689682006836,70.34912872314453,0.3809811580882353,339.355712890625,150,98,98,1,0.9999996423721312
WallPushups/v_WallPushups_g01_c04.avi,1.562018632888794,2.581575393676758,32.0,0.4892302389705882,29.166860580444336,189,98,98,1,0.999998927116394
WallPushups/v_WallPushups_g02_c01.avi,0.5980615615844727,1.5924561023712158,18.97366523742676,0.7600620404411764,91.10145568847656,82,98,98,1,0.9999959468841552
WallPushups/v_WallPushups_g02_c02.avi,0.2463722378015518,0.6764413118362427,6.082762718200684,0.8376838235294117,7.491985321044922,65,98,98,1,0.999975085258484
WallPushups/v_WallPushups_g02_c03.avi,0.2194650024175644,0.6492902040481567,7.0,0.8509558823529412,6.918280124664307,63,98,98,1,0.9999964237213136
WallPushups/v_WallPushups_g02_c04.avi,0.5452210307121277,1.2020930051803589,13.601470947265623,0.7300942095588235,97.06241607666016,75,98,98,1,0.9999996423721312
WallPushups/v_WallPushups_g03_c01.avi,0.8450384140014648,2.1215085983276367,30.4138126373291,0.7233869485294118,111.39498138427734,114,98,98,1,0.999968409538269
WallPushups/v_WallPushups_g03_c02.avi,0.916584014892578,2.0897436141967773,24.020824432373047,0.6853676470588236,130.58755493164062,117,98,98,1,0.9999788999557496
WallPushups/v_WallPushups_g03_c03.avi,0.7783747911453247,2.003965139389038,35.51056289672852,0.7250344669117647,96.03334045410156,108,98,98,1,0.9999940395355223
WallPushups/v_WallPushups_g03_c04.avi,0.7257735133171082,1.7822389602661133,26.01922416687012,0.7157628676470589,67.03247833251953,101,98,98,1,0.999997854232788
WallPushups/v_WallPushups_g03_c05.avi,0.6037335395812988,1.5166494846343994,27.01851272583008,0.7511397058823529,40.73421859741211,95,98,98,1,0.9993273019790648
WallPushups/v_WallPushups_g04_c01.avi,0.4326502978801727,1.67674720287323,18.11077117919922,0.8706985294117647,80.18036651611328,101,98,98,1,0.9999995231628418
WallPushups/v_WallPushups_g04_c02.avi,0.4564051330089569,1.784252047538757,19.02629852294922,0.8883088235294118,128.51315307617188,120,98,98,1,0.999998927116394
WallPushups/v_WallPushups_g04_c03.avi,0.4726695120334625,2.0069398880004883,20.099750518798828,0.8976838235294118,116.20710754394533,96,98,98,1,0.9999964237213136
WallPushups/v_WallPushups_g04_c04.avi,0.2560833096504211,1.02505624294281,10.440306663513184,0.9023897058823528,48.900726318359375,152,98,98,1,0.9999991655349731
WallPushups/v_WallPushups_g05_c01.avi,1.5799281597137451,2.0316569805145264,27.513633728027344,0.3908984375,33.73931121826172,89,98,99,0,0.984965205192566
WallPushups/v_WallPushups_g05_c02.avi,1.128291368484497,1.656013011932373,28.160255432128903,0.5062247242647059,9.185261726379396,91,98,99,0,0.9990261793136596
WallPushups/v_WallPushups_g05_c03.avi,1.317760944366455,1.77710223197937,17.11724281311035,0.4539797794117647,17.10980987548828,84,98,99,0,0.9677007794380188
WallPushups/v_WallPushups_g05_c04.avi,1.7089053392410278,2.0313971042633057,18.027755737304688,0.3750827205882353,22.45967483520508,86,98,99,0,0.8132716417312622
WallPushups/v_WallPushups_g05_c05.avi,1.4263368844985962,2.133657693862915,33.0,0.4519623161764706,14.81482219696045,77,98,45,0,0.7875763773918152
WallPushups/v_WallPushups_g06_c01.avi,1.638543725013733,3.759653091430664,46.0,0.6381893382352941,106.06666564941406,95,98,98,1,1.0
WallPushups/v_WallPushups_g06_c02.avi,1.419561743736267,3.677227258682251,32.06243896484375,0.6865441176470588,151.83775329589844,101,98,98,1,1.0
WallPushups/v_WallPushups_g06_c03.avi,0.8711687326431274,2.516815662384033,30.01666259765625,0.7368106617647059,108.6501693725586,134,98,98,1,1.0
WallPushups/v_WallPushups_g06_c04.avi,0.2719941139221191,0.7353900671005249,8.0,0.8169852941176471,11.00322151184082,123,98,98,1,1.0
WallPushups/v_WallPushups_g06_c05.avi,1.2538007497787476,3.033989429473877,34.01470184326172,0.6916268382352941,187.8125762939453,115,98,98,1,1.0
WallPushups/v_WallPushups_g06_c06.avi,0.8468453288078308,2.42395567893982,40.0,0.7364705882352941,93.50060272216795,107,98,98,1,1.0
WallPushups/v_WallPushups_g06_c07.avi,0.9223530292510986,2.8220975399017334,30.265491485595703,0.7622886029411765,86.0963363647461,163,98,98,1,1.0
WallPushups/v_WallPushups_g07_c01.avi,1.1608461141586304,1.800443172454834,21.0,0.5255147058823529,16.250240325927734,104,98,47,0,0.7086926102638245
WallPushups/v_WallPushups_g07_c02.avi,0.9204459190368652,1.5093014240264893,11.180339813232422,0.5878147977941176,8.90558910369873,95,98,47,0,0.9859662652015686
WallPushups/v_WallPushups_g07_c03.avi,0.9743284583091736,1.597091794013977,18.0,0.5751493566176471,9.40365982055664,95,98,98,1,0.6934149265289307
WallPushups/v_WallPushups_g07_c04.avi,1.0231332778930664,1.725659728050232,23.34523582458496,0.5750390625,18.82932472229004,101,98,47,0,0.9777672290802002
WallPushups/v_WallPushups_g07_c05.avi,1.1147090196609497,1.8213025331497192,23.0,0.538678768382353,13.41985321044922,85,98,47,0,0.9797653555870056
WallPushups/v_WallPushups_g07_c06.avi,1.037297248840332,1.5988341569900513,16.0,0.5521989889705883,14.01573657989502,85,98,47,0,0.782897412776947
WritingOnBoard/v_WritingOnBoard_g01_c01.avi,1.082380771636963,1.8423271179199217,24.515300750732425,0.5239154411764706,14.37254810333252,152,99,99,1,1.0
WritingOnBoard/v_WritingOnBoard_g01_c02.avi,1.0395537614822388,1.5346839427947998,18.11077117919922,0.4975620404411764,23.151660919189453,116,99,99,1,1.0
WritingOnBoard/v_WritingOnBoard_g01_c03.avi,1.4254193305969238,2.302150249481201,42.01190185546875,0.4219967830882353,59.188743591308594,60,99,99,1,1.0
WritingOnBoard/v_WritingOnBoard_g01_c04.avi,3.268277406692505,4.146587371826172,35.902645111083984,0.3041314338235294,63.87751388549805,56,99,99,1,1.0
WritingOnBoard/v_WritingOnBoard_g01_c05.avi,0.7054968476295471,1.18298077583313,9.05538558959961,0.6148897058823529,2.33332633972168,184,99,99,1,1.0
WritingOnBoard/v_WritingOnBoard_g01_c06.avi,1.5837092399597168,2.766174793243408,31.38471031188965,0.4443221507352941,9.111172676086426,70,99,99,1,1.0
WritingOnBoard/v_WritingOnBoard_g01_c07.avi,1.1558679342269895,1.6209932565689087,21.02379608154297,0.4379825367647059,36.89398193359375,99,99,99,1,1.0
WritingOnBoard/v_WritingOnBoard_g02_c01.avi,0.2858512997627258,0.9308333992958068,8.0,0.8506985294117647,9.342011451721191,182,99,99,1,1.0
WritingOnBoard/v_WritingOnBoard_g02_c02.avi,0.8171916604042053,3.0272836685180664,26.62705421447754,0.8435684742647059,33.39484405517578,215,99,99,1,1.0
WritingOnBoard/v_WritingOnBoard_g02_c03.avi,0.3754732310771942,1.115542769432068,25.31797790527344,0.8169898897058824,37.61357879638672,145,99,99,1,1.0
WritingOnBoard/v_WritingOnBoard_g02_c04.avi,1.1158735752105713,3.058539390563965,25.31797790527344,0.7448230698529412,45.07803726196289,190,99,99,1,1.0
WritingOnBoard/v_WritingOnBoard_g02_c05.avi,0.5473905205726624,1.4085228443145752,15.0,0.776171875,70.5870590209961,99,99,99,1,1.0
WritingOnBoard/v_WritingOnBoard_g02_c06.avi,0.7091554403305054,2.1342458724975586,21.840330123901367,0.7691268382352942,39.87313079833984,211,99,99,1,1.0
WritingOnBoard/v_WritingOnBoard_g02_c07.avi,0.9188324213027954,2.076158046722412,21.21320343017578,0.6980078125,63.57665252685547,199,99,99,1,1.0
WritingOnBoard/v_WritingOnBoard_g03_c01.avi,2.1653170585632324,2.4799437522888184,28.0,0.3083386948529412,39.4956283569336,132,99,99,1,0.9999929666519164
WritingOnBoard/v_WritingOnBoard_g03_c02.avi,4.237954139709473,10.361584663391112,118.0,0.3288809742647058,100.56014251708984,111,99,99,1,1.0
WritingOnBoard/v_WritingOnBoard_g03_c03.avi,4.258296966552734,6.631655693054199,77.05841827392578,0.202688419117647,85.76885223388672,113,99,99,1,1.0
WritingOnBoard/v_WritingOnBoard_g03_c04.avi,1.3159704208374023,2.099204540252685,16.031219482421875,0.4428860294117647,13.260705947875977,125,99,99,1,1.0
WritingOnBoard/v_WritingOnBoard_g03_c05.avi,1.7670392990112305,2.8110928535461426,38.05259704589844,0.3696001838235294,62.02632522583008,159,99,99,1,1.0
WritingOnBoard/v_WritingOnBoard_g03_c06.avi,0.6776257157325745,1.2930724620819092,13.03840446472168,0.6739338235294118,10.318962097167969,121,99,99,1,1.0
WritingOnBoard/v_WritingOnBoard_g03_c07.avi,2.05596137046814,3.211763620376587,25.31797790527344,0.4591980698529412,49.50855255126953,93,99,99,1,0.9999998807907104
WritingOnBoard/v_WritingOnBoard_g04_c01.avi,0.4974551200866699,1.381921648979187,10.049875259399414,0.7843382352941176,3.5024609565734863,125,99,99,1,1.0
WritingOnBoard/v_WritingOnBoard_g04_c02.avi,0.800578236579895,2.1367523670196533,32.015621185302734,0.7120978860294118,23.520153045654297,142,99,99,1,1.0
WritingOnBoard/v_WritingOnBoard_g04_c03.avi,0.7911220192909241,2.240314483642578,47.01063537597656,0.703092830882353,9.466806411743164,147,99,99,1,1.0
WritingOnBoard/v_WritingOnBoard_g04_c04.avi,0.6416152119636536,1.634384036064148,32.015621185302734,0.7226907169117647,8.246344566345215,85,99,99,1,1.0
WritingOnBoard/v_WritingOnBoard_g05_c01.avi,1.826269268989563,3.1331021785736084,38.89730072021485,0.4994715073529411,107.8370132446289,179,99,99,1,1.0
WritingOnBoard/v_WritingOnBoard_g05_c02.avi,2.339011907577514,4.7801923751831055,46.173583984375,0.46875,209.17208862304688,97,99,99,1,1.0
WritingOnBoard/v_WritingOnBoard_g05_c03.avi,2.3683815002441406,5.010839462280273,34.13209533691406,0.5391107536764705,124.53330993652344,111,99,99,1,1.0
WritingOnBoard/v_WritingOnBoard_g05_c04.avi,1.0858598947525024,1.5232467651367188,16.0,0.4875344669117647,66.62818908691406,147,99,99,1,1.0
WritingOnBoard/v_WritingOnBoard_g05_c05.avi,1.4294499158859253,2.4346837997436523,34.01470184326172,0.530305606617647,90.01834869384766,108,99,99,1,1.0
WritingOnBoard/v_WritingOnBoard_g05_c06.avi,1.5814337730407717,2.4148499965667725,31.0161247253418,0.4556341911764706,36.27021408081055,129,99,99,1,1.0
WritingOnBoard/v_WritingOnBoard_g06_c01.avi,0.7910222411155701,1.5064188241958618,33.0151481628418,0.6067853860294118,8.705963134765625,84,99,99,1,0.999998927116394
WritingOnBoard/v_WritingOnBoard_g06_c02.avi,1.039363980293274,1.637192964553833,19.697715759277344,0.5167394301470588,29.61821556091309,191,99,99,1,1.0
WritingOnBoard/v_WritingOnBoard_g06_c03.avi,0.4289056062698364,0.8739129304885864,9.0,0.7232720588235294,2.655222177505493,182,99,99,1,1.0
WritingOnBoard/v_WritingOnBoard_g06_c04.avi,0.6252386569976807,1.2705272436141968,19.0,0.6588717830882352,17.14932632446289,211,99,99,1,1.0
WritingOnBoard/v_WritingOnBoard_g06_c05.avi,0.6981042623519897,1.4015653133392334,23.0867919921875,0.639055606617647,21.296947479248047,189,99,99,1,1.0
WritingOnBoard/v_WritingOnBoard_g06_c06.avi,1.7482151985168457,4.192074775695801,43.011627197265625,0.5828033088235294,32.83090591430664,134,99,99,1,1.0
WritingOnBoard/v_WritingOnBoard_g06_c07.avi,0.9453729391098022,1.739100456237793,18.35755920410156,0.5840969669117647,49.903602600097656,232,99,99,1,1.0
WritingOnBoard/v_WritingOnBoard_g07_c01.avi,2.010922431945801,2.673750638961792,30.149627685546875,0.3974770220588235,85.58715057373047,111,99,99,1,1.0
WritingOnBoard/v_WritingOnBoard_g07_c02.avi,1.3281655311584473,1.8819384574890137,22.022714614868164,0.4765625,40.7055778503418,163,99,99,1,1.0
WritingOnBoard/v_WritingOnBoard_g07_c03.avi,0.956911325454712,1.3838820457458496,13.601470947265623,0.5484558823529412,6.013094902038574,182,99,99,1,1.0
WritingOnBoard/v_WritingOnBoard_g07_c04.avi,1.9796531200408936,2.6648757457733154,23.194826126098636,0.3933616727941176,49.010536193847656,120,99,99,1,1.0
WritingOnBoard/v_WritingOnBoard_g07_c05.avi,1.499178767204285,2.5813682079315186,46.173583984375,0.4620105698529412,28.25772476196289,150,99,99,1,1.0
WritingOnBoard/v_WritingOnBoard_g07_c06.avi,1.485763430595398,2.1318883895874023,20.2237491607666,0.4840739889705882,36.15585708618164,101,99,99,1,1.0
WritingOnBoard/v_WritingOnBoard_g07_c07.avi,1.3862098455429075,2.219562530517578,30.265491485595703,0.4947702205882353,28.489574432373047,111,99,99,1,1.0
YoYo/v_YoYo_g01_c01.avi,1.8140467405319212,6.920971870422363,107.35455322265624,0.6591245404411765,335.39581298828125,186,100,20,0,0.7667270302772522
YoYo/v_YoYo_g01_c02.avi,0.5684085488319397,1.555729627609253,26.0,0.6936397058823529,71.42665100097656,183,100,100,1,0.9999997615814208
YoYo/v_YoYo_g01_c03.avi,2.991717338562012,5.488280773162842,62.12889862060547,0.5717555147058824,536.2985229492188,164,100,100,1,0.9999111890792848
YoYo/v_YoYo_g01_c04.avi,2.3176701068878174,4.476400852203369,49.57822036743164,0.5335340073529412,340.83673095703125,192,100,100,1,0.9996910095214844
YoYo/v_YoYo_g01_c05.avi,1.8143800497055051,3.8534865379333496,43.28972244262695,0.6085776654411764,301.57275390625,177,100,100,1,1.0
YoYo/v_YoYo_g01_c06.avi,1.5484404563903809,4.332873344421387,54.08327102661133,0.6876447610294117,177.3447265625,159,100,100,1,0.9999985694885254
YoYo/v_YoYo_g01_c07.avi,2.369758367538452,5.641858100891113,74.0,0.5550689338235294,288.58380126953125,188,100,100,1,1.0
YoYo/v_YoYo_g02_c01.avi,1.0320826768875122,3.2954349517822266,43.17406463623047,0.7819852941176471,275.05523681640625,187,100,45,0,0.9999997615814208
YoYo/v_YoYo_g02_c02.avi,1.935381531715393,3.7462310791015625,36.055511474609375,0.4883708639705882,190.8720245361328,187,100,100,1,0.8823314905166626
YoYo/v_YoYo_g02_c03.avi,6.340523719787598,11.956364631652832,126.12692260742188,0.3795266544117647,1174.92529296875,165,100,45,0,0.9868055582046508
YoYo/v_YoYo_g02_c04.avi,5.595324516296387,11.72507095336914,172.1540069580078,0.5058984375,756.8768310546875,165,100,45,0,0.999302625656128
YoYo/v_YoYo_g02_c05.avi,11.338916778564451,16.383554458618164,130.80137634277344,0.2584604779411765,1661.9722900390625,171,100,45,0,0.9821511507034302
YoYo/v_YoYo_g03_c01.avi,4.896173000335693,8.259224891662598,63.0,0.3248184742647059,105.51932525634766,194,100,45,0,0.9586474299430848
YoYo/v_YoYo_g03_c02.avi,2.3233389854431152,4.143669605255127,55.07267761230469,0.3400942095588235,135.43995666503906,197,100,100,1,0.7611501216888428
YoYo/v_YoYo_g03_c03.avi,2.424448251724243,4.793476581573486,48.41487503051758,0.5572426470588235,270.43170166015625,198,100,100,1,0.8339455127716064
YoYo/v_YoYo_g03_c04.avi,4.126535892486572,6.921402454376221,62.80127334594727,0.3893956801470588,477.51806640625,204,100,100,1,0.6857061386108398
YoYo/v_YoYo_g03_c05.avi,2.670141696929932,7.6199541091918945,92.70382690429688,0.6005997242647059,275.062255859375,139,100,100,1,0.9999663829803468
YoYo/v_YoYo_g03_c06.avi,7.502671241760254,10.750741958618164,86.97700500488281,0.1367371323529412,58.0362434387207,192,100,100,1,0.9999866485595704
YoYo/v_YoYo_g04_c01.avi,1.924286127090454,5.2114996910095215,75.05997467041016,0.6588763786764706,365.205810546875,176,100,100,1,0.9988524913787842
YoYo/v_YoYo_g04_c02.avi,0.8382841348648071,2.874351501464844,40.224369049072266,0.8279848345588235,330.58599853515625,191,100,100,1,0.9992586970329284
YoYo/v_YoYo_g04_c03.avi,1.1507527828216553,3.894762754440308,56.00892639160156,0.7997564338235295,524.0528564453125,153,100,45,0,0.9999992847442628
YoYo/v_YoYo_g04_c04.avi,2.5053975582122803,6.973774433135986,75.69015502929688,0.7152918198529412,540.4273071289062,177,100,100,1,0.9999998807907104
YoYo/v_YoYo_g04_c05.avi,2.865175485610962,7.519632339477539,89.27485656738281,0.6666590073529411,500.7785034179688,179,100,100,1,0.9644408226013184
YoYo/v_YoYo_g05_c01.avi,0.313651829957962,1.4015427827835083,33.0151481628418,0.8903630514705883,76.79788970947266,191,100,2,0,0.9999959468841552
YoYo/v_YoYo_g05_c02.avi,4.563673496246338,6.628507614135742,67.08203887939453,0.2364453125,439.96197509765625,178,100,100,1,0.9666393995285034
YoYo/v_YoYo_g05_c03.avi,0.7018271684646606,1.5256547927856443,15.65247631072998,0.6451470588235294,85.09770202636719,183,100,34,0,0.7404518127441406
YoYo/v_YoYo_g05_c04.avi,2.655402183532715,3.2859950065612797,37.85498809814453,0.380032169117647,201.0057830810547,174,100,34,0,0.9987499713897704
YoYo/v_YoYo_g05_c05.avi,2.088691234588623,3.8298206329345694,48.3735466003418,0.3713189338235294,292.2250671386719,179,100,45,0,0.8108025193214417
YoYo/v_YoYo_g06_c01.avi,2.965092182159424,7.5502777099609375,67.62396240234375,0.6662522977941177,1110.9180908203125,203,100,100,1,0.9999995231628418
YoYo/v_YoYo_g06_c02.avi,0.6304016709327698,1.7268803119659424,17.69180679321289,0.7711397058823529,280.85455322265625,183,100,100,1,0.9994733929634094
YoYo/v_YoYo_g06_c03.avi,2.1635751724243164,5.435217380523682,60.16643524169922,0.6954733455882353,773.4387817382812,186,100,100,1,0.999983549118042
YoYo/v_YoYo_g06_c04.avi,3.5147829055786133,5.76706600189209,57.21887969970703,0.3312729779411765,308.070556640625,135,100,100,1,1.0
YoYo/v_YoYo_g07_c01.avi,0.2116812169551849,0.8614751696586609,12.0,0.8929044117647059,26.33087158203125,185,100,45,0,0.992584764957428
YoYo/v_YoYo_g07_c02.avi,0.9356197714805604,3.145673990249634,47.38143157958984,0.7485983455882353,201.94076538085935,176,100,45,0,0.999019742012024
YoYo/v_YoYo_g07_c03.avi,2.8476722240448,7.450727462768555,87.32124328613281,0.5951769301470589,384.4708557128906,176,100,100,1,0.9859485626220704
YoYo/v_YoYo_g07_c04.avi,1.1314743757247925,2.8552980422973637,55.145263671875,0.7228630514705883,145.1259002685547,199,100,100,1,0.9999958276748656
